,case,zone,pattern,comforttemp,air_in_mean_temp,air_out_mean_temp,air_sleep_mean_temp,air_awake_mean_temp,air_all_mean_temp,opr_in_mean_temp,opr_out_mean_temp,opr_sleep_mean_temp,opr_awake_mean_temp,opr_all_mean_temp,air_in_median_temp,air_out_median_temp,air_sleep_median_temp,air_awake_median_temp,air_all_median_temp,opr_in_median_temp,opr_out_median_temp,opr_sleep_median_temp,opr_awake_median_temp,opr_all_median_temp
0,0,0,once,18.0,18.044128730230106,,16.64855096826998,18.044128730230106,17.953961679656977,17.454567687450357,,16.511560512107167,17.454567687450357,17.393640824048227,18.0,,16.2,18.0,18.0,17.4,,16.2,17.4,17.4
1,0,0,once,19.0,19.014348704590454,,17.14534792356163,19.014348704590454,18.893594209543508,18.339185351625026,,17.067448162225116,18.339185351625026,18.257019531419285,19.0,,16.9,19.0,19.0,18.3,,16.9,18.3,18.3
2,0,0,once,20.0,20.001488538526466,,17.795725326522206,20.001488538526466,19.858976119290297,19.25073388266869,,17.747187580971893,19.25073388266869,19.153591079795614,20.0,,17.7,20.0,20.0,19.3,,17.7,19.3,19.2
3,0,0,once,21.0,20.995288520927918,,18.527243780532878,20.995288520927918,20.835830323047634,20.174501744893554,,18.490142558572234,20.174501744893554,20.065676780727426,21.0,,18.4,21.0,21.0,20.2,,18.5,20.2,20.2
4,0,0,once,22.0,21.990668299300076,,19.29191195302031,21.990668299300076,21.816304027675553,21.10347581442969,,19.25691058541159,21.10347581442969,20.98417086064653,22.0,,19.2,22.0,22.0,21.1,,19.2,21.1,21.1
5,0,0,thrice,18.0,17.99513132265739,16.488650697836302,16.55507298166624,17.227420093224268,17.183980338261847,17.23531589714984,16.246877097694167,16.343570164332224,16.73160177468004,16.706531393947504,18.0,16.0,16.0,17.9,17.6,17.2,15.9,15.9,16.9,16.9
6,0,0,thrice,19.0,18.91442836859537,16.853797218997805,16.90845725629768,17.864318830377044,17.80256145558922,17.998826557632412,16.654629452192395,16.748064297726163,17.31381594719701,17.277263231196418,19.0,16.5,16.4,18.6,18.3,18.0,16.4,16.4,17.6,17.6
7,0,0,thrice,20.0,19.83452964143751,17.34561985444205,17.386818731945986,18.566166835411156,18.489970192710917,18.78504547841498,17.171226745609754,17.260041847926114,17.962634129054784,17.917240260313395,20.0,17.1,17.1,19.3,19.0,18.9,17.0,17.1,18.4,18.3
8,0,0,thrice,21.0,20.745482280208634,17.922183686245756,17.967035916017114,19.306713006368522,19.22015764897466,19.582019465656114,17.759369547673824,17.858410421328568,18.653186537900048,18.601836752706735,21.0,17.7,17.7,20.0,19.7,19.7,17.7,17.7,19.1,19.0
9,0,0,thrice,22.0,21.63834958877028,18.544498349793912,18.604629351014864,20.061705124033264,19.967564741106766,20.37696664280206,18.384870851891993,18.50290756916632,19.361783119303553,19.306291926138886,22.0,18.4,18.4,20.7,20.4,20.6,18.3,18.4,19.8,19.7
10,0,0,twice,18.0,18.024229678926353,16.374633423526667,16.56320834100205,17.427873897235713,17.37200861687451,17.285458226240944,16.15277678973075,16.363486438455652,16.875975529329242,16.84286406034877,18.0,16.0,16.0,18.0,18.0,17.2,15.9,16.0,17.1,17.1
11,0,0,twice,19.0,18.9693016824168,16.66200870430071,16.926524391324044,18.135177876031005,18.057087838448364,18.07587651061024,16.499906777414157,16.7770403205879,17.506137909977195,17.45903155660361,19.0,16.2,16.5,19.0,19.0,18.1,16.2,16.5,17.9,17.9
12,0,0,twice,20.0,19.921376033749286,17.08228235539585,17.417559567541407,18.89499765521861,18.799541681068412,18.891331404859386,16.96253361053746,17.301882880451185,18.194039741768574,18.136398272388476,20.0,16.8,17.1,20.0,20.0,18.9,16.8,17.1,18.7,18.7
13,0,0,twice,21.0,20.87095281323539,17.600868395910794,18.010569660824032,19.688764297406415,19.580337619371832,19.720651740635713,17.50821301719969,17.91124012837207,18.920819284640203,18.855591264158598,21.0,17.4,17.8,21.0,21.0,19.8,17.4,17.8,19.5,19.5
14,0,0,twice,22.0,21.809818708516808,18.175027985189892,18.663645075062355,20.49578295219394,20.377410136914737,20.5535480892516,18.0999518501799,18.57071289494393,19.666533282861728,19.59573329232757,22.0,18.0,18.4,22.0,22.0,20.7,18.0,18.5,20.4,20.3
15,0,9,once,18.0,17.905783097984532,,16.487505574769468,17.905783097984532,17.814149435820944,17.226177279658312,,16.271654344176827,17.226177279658312,17.164506393131795,18.0,,16.0,18.0,18.0,17.2,,15.9,17.2,17.2
16,0,9,once,19.0,18.78743251715419,,16.79681528214924,18.78743251715419,18.658820490083528,17.986458394196067,,16.63682093873503,17.986458394196067,17.8992595063813,19.0,,16.3,19.0,19.0,18.1,,16.3,18.1,18.0
17,0,9,once,20.0,19.681305965570566,,17.227633088144557,19.681305965570566,19.52277632110415,18.77233336762765,,17.108143658063593,18.77233336762765,18.664811535598176,20.0,,16.9,20.0,20.0,18.9,,16.9,18.9,18.9
18,0,9,once,21.0,20.572478349837983,,17.752263297855574,20.572478349837983,20.39026673816681,19.567610533480124,,17.65475105468003,19.567610533480124,19.444022366582125,21.0,,17.5,21.0,21.0,19.8,,17.5,19.8,19.8
19,0,9,once,22.0,21.450568764351324,,18.3265528664088,21.450568764351324,21.248728847480326,20.360057940457587,,18.241616798738736,20.360057940457587,20.223187323306686,22.0,,18.2,22.0,22.0,20.7,,18.1,20.7,20.6
20,0,9,thrice,18.0,17.810093820819503,16.37614552744938,16.43861586588247,17.0793454865172,17.037948509808192,17.019997375197818,16.067894589796488,16.166213171017745,16.534800295405336,16.51098620579231,18.0,16.0,16.0,17.1,16.9,17.0,15.8,15.8,16.6,16.5
21,0,9,thrice,19.0,18.576698689523912,16.57789414272248,16.646009834172567,17.558096345266296,17.49916723875965,17.617845387564383,16.294002365821576,16.40609398639477,16.94320733576778,16.908504915124166,19.0,16.0,16.0,17.6,17.4,17.8,15.9,15.9,17.0,16.9
22,0,9,thrice,20.0,19.300780977182203,16.83340827160821,16.9199888969988,18.043393592269172,17.970811403921413,18.19566192700164,16.566470174397036,16.704961288116273,17.365416397940873,17.32274497474107,20.0,16.1,16.2,18.0,17.8,18.5,16.1,16.2,17.4,17.3
23,0,9,thrice,21.0,19.957098246935946,17.123646008930915,17.2426725506368,18.51315461743377,18.43106988959443,18.73195020112375,16.866769888158164,17.041863076396037,17.781443538383687,17.733659895840347,21.0,16.5,16.6,18.4,18.2,19.1,16.4,16.6,17.7,17.6
24,0,9,thrice,22.0,20.520799401375267,17.421082090349437,17.588005287886894,18.941165552433215,18.853739059024825,19.204120294090163,17.16723567204913,17.39237070092724,18.16611212349969,18.11612137136731,21.3,16.8,17.0,18.8,18.6,19.6,16.7,17.0,18.1,18.0
25,0,9,twice,18.0,17.875896491387696,16.309236120565966,16.44789252847283,17.309523376131825,17.253854165619963,17.100271220312564,16.02173183755755,16.192284807293273,16.71036175332534,16.676889257942477,18.0,16.0,16.0,18.0,18.0,17.1,15.8,15.8,16.9,16.9
26,0,9,twice,19.0,18.704434213150584,16.473409338717726,16.6756226252623,17.897882562339944,17.818913423848368,17.759633949012986,16.226692813291717,16.45746965064578,17.20545088374088,17.15712447477209,19.0,16.0,16.0,19.0,18.7,17.9,15.9,16.0,17.6,17.6
27,0,9,twice,20.0,19.51473568695086,16.70498778006716,16.9829546833618,18.498966280419765,18.4010181057875,18.416938856417435,16.490682549743617,16.796238388461525,17.72056598230185,17.660845990215652,20.0,16.1,16.4,19.6,19.3,18.6,16.0,16.4,18.3,18.2
28,0,9,twice,21.0,20.28613200354735,16.986261345791828,17.35337881020143,19.093175279050552,18.980768560865723,19.055249276601405,16.79841536060031,17.18537647670967,18.23936723897112,18.17126982372501,21.0,16.4,16.9,20.1,19.8,19.4,16.3,16.9,18.9,18.7
29,0,9,twice,22.0,20.994687629147,17.29517169097136,17.763176431132724,19.657252658640743,19.53487806107249,19.651997700969833,17.12676963409934,17.605344765000986,18.739086827878157,18.665836751310046,22.0,16.7,17.4,20.5,20.2,20.1,16.7,17.3,19.2,19.0
30,10,0,once,18.0,18.05269020119454,,16.664792323136368,18.05269020119454,17.963019341159168,17.461231459734826,,16.52528102332561,17.461231459734826,17.400760526022665,18.0,,16.2,18.0,18.0,17.4,,16.2,17.4,17.4
31,10,0,once,19.0,19.019213836991227,,17.16062044699638,19.019213836991227,18.899131754316613,18.34341240900246,,17.079523093371797,18.34341240900246,18.2617536330119,19.0,,16.9,19.0,19.0,18.3,,17.0,18.3,18.3
32,10,0,once,20.0,20.003653876379985,,17.809634048322973,20.003653876379985,19.861900186842103,19.253259831786693,,17.758157814540247,19.253259831786693,19.156662606697846,20.0,,17.7,20.0,20.0,19.3,,17.7,19.3,19.2
33,10,0,once,21.0,20.99622012156115,,18.540353944943167,20.99622012156115,20.83754876996485,20.176119849156716,,18.499848491171793,20.176119849156716,20.067817432459115,21.0,,18.4,21.0,21.0,20.2,,18.5,20.2,20.2
34,10,0,once,22.0,21.991413273459784,,19.304510971044227,21.991413273459784,21.817814881173362,21.10507633506178,,19.265958864851733,21.10507633506178,20.986252574418423,22.0,,19.2,22.0,22.0,21.1,,19.2,21.1,21.1
35,10,0,thrice,18.0,18.006657877461503,16.513656095809367,16.571355620001135,17.24581554437533,17.20223928243692,17.24553493272204,16.266463939940596,16.357355287931927,16.74659469865178,16.721446283000517,18.0,16.1,16.0,18.0,17.6,17.2,16.0,15.9,16.9,16.9
36,10,0,thrice,19.0,18.92623461106748,16.886964536189854,16.924790539690527,17.887010799930582,17.824842596027917,18.01123034054123,16.680984167223485,16.762307616784927,17.33332920571067,17.2964360035614,19.0,16.6,16.4,18.7,18.3,18.0,16.5,16.4,17.6,17.6
37,10,0,thrice,20.0,19.848242937088173,17.38634498830238,17.40399616168828,18.5936455198624,18.51678332216435,18.80076984498967,17.203904551350973,17.274990456763298,17.986998066169726,17.940995881357303,20.0,17.2,17.1,19.3,19.1,18.9,17.1,17.1,18.4,18.3
38,10,0,thrice,21.0,20.76250251874102,17.96930058587694,17.985088074902325,19.339070677266974,19.251591053336107,19.6020347511494,17.797841908720994,17.874193016278298,18.682607655723174,18.63037669757398,21.0,17.8,17.7,20.0,19.8,19.7,17.7,17.7,19.1,19.0
39,10,0,thrice,22.0,21.6616960496668,18.597634892211413,18.624187398724146,20.100232782571872,20.004866789789997,20.40338565480737,18.428914281701534,18.519986621153773,19.397183636439163,19.340508709540966,22.0,18.4,18.4,20.7,20.5,20.6,18.4,18.4,19.8,19.7
40,10,0,twice,18.0,18.0344862917952,16.395963007932384,16.579449455673718,17.442133568777187,17.38639630771222,17.294186455797643,16.169516100847577,16.37704637349499,16.887599894707254,16.854613481178582,18.0,16.0,16.0,18.0,18.0,17.2,15.9,16.0,17.1,17.1
41,10,0,twice,19.0,18.977465910713605,16.69144830374854,16.942364134603928,18.151033495813454,18.072942432463964,18.08473302496927,16.52332133232415,16.7903803213265,17.52025739194071,17.47310067697142,19.0,16.3,16.5,19.0,19.0,18.1,16.2,16.5,17.9,17.9
42,10,0,twice,20.0,19.92857098776303,17.120133572841823,17.43357443079104,18.913275345315803,18.817673171915107,18.90112603614311,16.992729668578416,17.31532174533895,18.21120981947537,18.153327279719885,20.0,16.8,17.1,20.0,20.0,18.9,16.8,17.1,18.7,18.7
43,10,0,twice,21.0,20.87889467207028,17.64562601368835,18.0270075850492,19.710015649780058,19.601277980390403,19.73260360339725,17.544000367548524,17.925301932276497,18.941388062471457,18.875739632132998,21.0,17.4,17.8,21.0,21.0,19.8,17.4,17.8,19.5,19.5
44,10,0,twice,22.0,21.82115319721607,18.224864970720198,18.680810591146244,20.521036717515923,20.40214132757411,20.569679278055105,18.140496342636357,18.585347899542157,19.691490276607475,19.620023391441684,22.0,18.0,18.5,22.0,22.0,20.7,18.0,18.5,20.4,20.3
45,10,9,once,18.0,17.92466595176049,,16.50448008200248,17.92466595176049,17.832908993006814,17.241083145286627,,16.286749201577717,17.241083145286627,17.17942446935216,18.0,,16.0,18.0,18.0,17.2,,15.9,17.2,17.2
46,10,9,once,19.0,18.808878260439116,,16.814455164802105,18.808878260439116,18.680020340063585,18.004336068921994,,16.652397386561283,18.004336068921994,17.916988500863177,19.0,,16.3,19.0,19.0,18.1,,16.3,18.1,18.0
47,10,9,once,20.0,19.708149418226075,,17.24756226072477,19.708149418226075,19.54917304821112,18.796024551882134,,17.126229047889122,18.796024551882134,18.688140534409786,20.0,,16.9,20.0,20.0,18.9,,16.9,18.9,18.9
48,10,9,once,21.0,20.609523865142084,,17.776309035735274,20.609523865142084,20.42647234929616,19.601277913635855,,17.67744022679186,19.601277913635855,19.476980454381046,21.0,,17.5,21.0,21.0,19.8,,17.5,19.8,19.8
49,10,9,once,22.0,21.50205766890965,,18.357568106463912,21.50205766890965,21.29889496659953,20.406833892691534,,18.271050548679813,20.406833892691534,20.268842811118066,22.0,,18.2,22.0,22.0,20.7,,18.2,20.7,20.6
50,10,9,thrice,18.0,17.83635497170383,16.396321043187665,16.454744341237436,17.10250536257405,17.060654093255938,17.04003034854572,16.084046945684857,16.180923122375308,16.552855683677304,16.528825448330466,18.0,16.0,16.0,17.2,17.0,17.0,15.8,15.8,16.6,16.5
51,10,9,thrice,19.0,18.616515074487413,16.60308381771709,16.66314876670517,17.590458874330313,17.5305461846542,17.648886357010042,16.315366202326363,16.421616096169167,16.96931678236142,16.933930323206702,19.0,16.0,16.0,17.7,17.4,17.8,15.9,15.9,17.1,16.9
52,10,9,thrice,20.0,19.365174702516217,16.868377467981,16.941293736832453,18.09279240765737,18.01839509228217,18.24709196463085,16.59802603598536,16.726163847030787,17.406718440645406,17.362748407492948,20.0,16.2,16.2,18.1,17.9,18.5,16.1,16.2,17.5,17.3
53,10,9,thrice,21.0,20.062932308319073,17.177567177224425,17.273359288375087,18.592533568594693,18.50730287971335,18.817831842353677,16.917451251169542,17.07355207466693,17.849386914479425,17.799260908502145,21.0,16.6,16.7,18.6,18.3,19.2,16.5,16.7,17.9,17.8
54,10,9,thrice,22.0,20.683932051945412,17.50316106800405,17.634944615599867,19.062992783033923,18.97072784814915,19.337011078366917,17.247343361784782,17.444327378205507,18.27210433786735,18.218622397254983,21.6,16.9,17.1,19.0,18.8,19.8,16.8,17.1,18.2,18.1
55,10,9,twice,18.0,17.89770508967529,16.327450183987086,16.46471060889063,17.330032491807785,17.27412480675737,17.116904991474687,16.03640515219137,16.206755933034913,16.72628678767894,16.692720356540637,18.0,16.0,16.0,18.0,18.0,17.1,15.8,15.8,16.9,16.9
56,10,9,twice,19.0,18.733744298043614,16.49624695626032,16.69289295631969,17.92485274538511,17.845256907996077,17.78317913137913,16.245707708219662,16.47344055826058,17.227358293774763,17.178648332610997,19.0,16.0,16.0,19.0,18.8,17.9,15.9,16.0,17.6,17.6
57,10,9,twice,20.0,19.559096629931826,16.73774125807077,17.003800198821185,18.53913093668671,18.4399345693749,18.45393502631586,16.51995193829242,16.816000403527138,17.75476879551277,17.69411579617167,20.0,16.1,16.4,19.7,19.4,18.6,16.1,16.4,18.3,18.2
58,10,9,twice,21.0,20.358404176919226,17.035275093077168,17.382169396729928,19.1570391544378,19.04236638193733,19.11631392671362,16.844136145727365,17.214502813430848,18.29488483320986,18.225082302049653,21.0,16.4,16.9,20.3,19.9,19.4,16.4,16.9,19.0,18.8
59,10,9,twice,22.0,21.107605803959178,17.368798135263752,17.805929176783614,19.75596623606043,19.62997605841792,19.74833379167817,17.196249293307197,17.648142823386916,18.825713883331073,18.749632053848273,22.0,16.8,17.4,20.8,20.4,20.1,16.8,17.4,19.4,19.2
60,11,0,once,18.0,18.05612467165232,,16.725908279842468,18.05612467165232,17.970180561662296,17.45728270850797,,16.56117432402449,17.45728270850797,17.399385934694926,18.0,,16.3,18.0,18.0,17.4,,16.3,17.4,17.4
61,11,0,once,19.0,19.020785111574494,,17.26430020017228,19.020785111574494,18.907300167808337,18.33998705056032,,17.149331565099825,18.33998705056032,18.263059847864067,19.0,,17.1,19.0,19.0,18.3,,17.1,18.3,18.3
62,11,0,once,20.0,20.004202924575853,,17.943649548689123,20.004202924575853,19.871072385012607,19.250775845058154,,17.847763826133846,19.250775845058154,19.16012847368748,20.0,,17.8,20.0,20.0,19.3,,17.8,19.3,19.2
63,11,0,once,21.0,20.996467475311565,,18.694119180419566,20.996467475311565,20.847714778900784,20.174154592817356,,18.603303422084284,20.174154592817356,20.07266328160914,21.0,,18.6,21.0,21.0,20.2,,18.6,20.2,20.2
64,11,0,once,22.0,21.991579973283613,,19.471691682446956,21.991579973283613,21.828772209250904,21.10326602405022,,19.37826581809873,21.10326602405022,20.991815279384998,22.0,,19.4,22.0,22.0,21.1,,19.4,21.1,21.1
65,11,0,thrice,18.0,18.00544695423145,16.539900592812973,16.61607079859642,17.25859606190787,17.21708307030635,17.239553314389152,16.280916641386327,16.38169953981693,16.751026527728303,16.727164636184362,18.0,16.1,16.0,17.9,17.6,17.2,16.0,16.0,16.9,16.9
66,11,0,thrice,19.0,18.91926780215369,16.9389197720113,17.004393233594474,17.910071005409872,17.85155596190592,18.00496680844015,16.71818048235371,16.814521284405266,17.34921306282867,17.314667097752228,19.0,16.7,16.6,18.6,18.4,18.0,16.5,16.6,17.6,17.6
67,11,0,thrice,20.0,19.837205301379797,17.467952641864343,17.52613329426166,18.62982045878329,18.55851220273845,18.797758580144578,17.266368366374554,17.362610742528968,18.017353280278968,17.975050941331716,20.0,17.3,17.3,19.3,19.1,18.9,17.2,17.2,18.4,18.3
68,11,0,thrice,21.0,20.748915435020916,18.07451788016468,18.138859501397782,19.386026990919316,19.305448597392253,19.602531261991086,17.88036098935224,17.98622259866073,18.724903341978667,18.67717782946649,21.0,17.9,18.0,20.0,19.8,19.7,17.8,17.9,19.1,19.0
69,11,0,thrice,22.0,21.642003382928007,18.71984024848362,18.801277475649506,20.152852168112435,20.06552811712047,20.40376664694978,18.525354048961628,18.650079891768254,19.44651673531855,19.395059652017192,22.0,18.6,18.6,20.7,20.5,20.6,18.5,18.6,19.9,19.7
70,11,0,twice,18.0,18.03555516204925,16.42095401856244,16.624819675310768,17.451850680488477,17.3984169353386,17.28884383119708,16.18368913141605,16.401020947682287,16.88931249574475,16.85776440870248,18.0,16.0,16.0,18.0,18.0,17.2,15.9,16.0,17.1,17.1
71,11,0,twice,19.0,18.97478394184712,16.742547237230255,17.023505593985043,18.167794194784566,18.093862715686168,18.08045464668187,16.560330577289243,16.843522209455198,17.530905158616534,17.48649395142369,19.0,16.4,16.6,19.0,19.0,18.1,16.3,16.6,17.9,17.9
72,11,0,twice,20.0,19.923124215357568,17.204252124288992,17.556277492162895,18.94020788908766,18.850793364515457,18.900127707946538,17.058119233011272,17.401293010243403,18.234211790427292,18.1803976413177,20.0,17.0,17.3,20.0,20.0,18.9,16.9,17.3,18.7,18.7
73,11,0,twice,21.0,20.871821124763034,17.75904559502745,18.183101322241946,19.746502321336692,19.645492359159118,19.736026794925444,17.6343723975328,18.038467605687934,18.976244668300172,18.915655717877144,21.0,17.6,18.0,21.0,21.0,19.8,17.5,18.0,19.6,19.5
74,11,0,twice,22.0,21.810566704037136,18.361725654307442,18.859272366107202,20.56375476844628,20.45362966100916,20.575112639862677,18.249970800681556,18.714607982691568,19.734536180921516,19.668639517949767,22.0,18.2,18.7,22.0,22.0,20.7,18.2,18.6,20.4,20.4
75,11,9,once,18.0,17.92321618606546,,16.548783963158936,17.92321618606546,17.83441533015465,17.235684799663506,,16.312710204162514,17.235684799663506,17.176052223608867,18.0,,16.0,18.0,18.0,17.2,,15.9,17.2,17.2
76,11,9,once,19.0,18.804503533161355,,16.89659100632883,18.804503533161355,18.681234984474827,18.000446717302943,,16.709530794615198,18.000446717302943,17.917041776023883,19.0,,16.5,19.0,19.0,18.1,,16.4,18.1,18.0
77,11,9,once,20.0,19.70091015552165,,17.371354190842517,19.70091015552165,19.55039959551879,18.793888986416732,,17.216706275777774,18.793888986416732,18.691988599989315,20.0,,17.1,20.0,20.0,18.9,,17.1,18.9,18.9
78,11,9,once,21.0,20.59670046236356,,17.931944775629603,20.59670046236356,20.42453294341907,19.59903361078686,,17.792917738410527,19.59903361078686,19.48234205432586,21.0,,17.8,21.0,21.0,19.8,,17.7,19.8,19.8
79,11,9,once,22.0,21.477936066035216,,18.53433249135074,21.477936066035216,21.28775243054002,20.397816699003624,,18.401274833507525,20.397816699003624,20.268821886772805,22.0,,18.4,22.0,22.0,20.7,,18.3,20.7,20.7
80,11,9,thrice,18.0,17.824576954693587,16.412290048270073,16.488509078309786,17.10486738831834,17.065045020533077,17.026075590378348,16.090286155283398,16.195977278779907,16.549191888145142,16.52637100319419,18.0,16.0,16.0,17.2,17.0,17.0,15.8,15.8,16.6,16.5
81,11,9,thrice,19.0,18.586846577005577,16.62826924497957,16.715057723296276,17.588744253792424,17.53229613622593,17.62400201780082,16.329476046107402,16.452538945322974,16.96430410407565,16.931239407712184,19.0,16.0,16.0,17.6,17.4,17.8,15.9,16.0,17.0,16.9
82,11,9,thrice,20.0,19.309801178297157,16.9072964952759,17.018064829156994,18.085470912423258,18.016506745097495,18.206874301425735,16.62363197570665,16.776400069536372,17.400044865758286,17.359751724513593,20.0,16.3,16.4,18.1,17.9,18.5,16.2,16.4,17.4,17.3
83,11,9,thrice,21.0,19.96356807136972,17.22644740007418,17.372256590417848,18.56871556477564,18.49141340377096,18.748568469564237,16.94986512453453,17.14010416644774,17.83193885372552,17.78724002365216,20.9,16.7,16.9,18.5,18.3,19.1,16.6,16.8,17.8,17.7
84,11,9,thrice,22.0,20.521012492109694,17.546274971287115,17.746538058403946,19.005069066270575,18.92375648582735,19.222997375908278,17.27117501996878,17.515751165469847,18.228337427532693,18.18229785648157,21.2,17.0,17.3,18.9,18.7,19.6,16.9,17.2,18.2,18.1
85,11,9,twice,18.0,17.8908265715939,16.344208397992684,16.500724511361362,17.331699035461476,17.27801050302579,17.106550216978974,16.043455325077197,16.22406931899691,16.722224183747407,16.69003883649731,18.0,16.0,16.0,18.0,18.0,17.1,15.8,15.8,16.9,16.9
86,11,9,twice,19.0,18.716219662111396,16.52533705648498,16.75093490692905,17.924180092068728,17.84837775354867,17.766927336191568,16.26474493416406,16.509897974287753,17.22386405166321,17.177735331959482,19.0,16.0,16.1,19.0,18.7,17.8,15.9,16.0,17.6,17.6
87,11,9,twice,20.0,19.526088014005953,16.78575449573762,17.091928826699807,18.535413033973335,18.442150790143984,18.430211596160362,16.555748558812486,16.875371369569308,17.75256282833083,17.695888260434753,20.0,16.2,16.6,19.6,19.3,18.6,16.1,16.5,18.3,18.2
88,11,9,twice,21.0,20.297464780518002,17.10161165483559,17.498834563180374,19.142112079700293,19.035941366052903,19.075364999329533,16.89529909846093,17.296326732081695,18.28723584336549,18.22321407805375,21.0,16.6,17.1,20.1,19.8,19.4,16.5,17.0,18.9,18.7
89,11,9,twice,22.0,21.002661506726273,17.448128662771722,17.943790621056486,19.717640274553336,19.603033410087875,19.67820351243593,17.257289520561315,17.745801639389047,18.80300386809606,18.73469896283018,22.0,17.0,17.6,20.5,20.3,20.1,16.9,17.5,19.3,19.1
90,12,0,once,18.0,18.064874668723018,,16.776707861062963,18.064874668723018,17.981647345345664,17.508761478235304,,16.632631060000342,17.508761478235304,17.452155463233538,18.0,,16.4,18.0,18.0,17.4,,16.4,17.4,17.4
91,12,0,once,19.0,19.02655756456465,,17.351469970705253,19.02655756456465,18.918331629825044,18.396321228891495,,17.251621413479906,18.396321228891495,18.322363181579036,19.0,,17.2,19.0,19.0,18.4,,17.2,18.4,18.4
92,12,0,once,20.0,20.006888526212045,,18.057970504688154,20.006888526212045,19.880970648613584,19.310623104216816,,17.97494486780433,19.310623104216816,19.224326109255475,20.0,,18.0,20.0,20.0,19.3,,18.0,19.3,19.3
93,12,0,once,21.0,20.998075275104053,,18.829328436563525,20.998075275104053,20.857954451169203,20.239807669236278,,18.747640077811084,20.239807669236278,20.143400034816356,21.0,,18.7,21.0,21.0,20.3,,18.7,20.3,20.2
94,12,0,once,22.0,21.992835870258983,,19.620145618052558,21.992835870258983,21.839538441913188,21.17392358378906,,19.536677794688153,21.17392358378906,21.068142574740044,22.0,,19.5,22.0,22.0,21.2,,19.5,21.2,21.2
95,12,0,thrice,18.0,18.013187265299514,16.583720588168386,16.65531099662497,17.28472278852316,17.244057046764922,17.288383722870417,16.35721145720872,16.44702310162849,16.813852956854053,16.790152402854538,18.0,16.2,16.1,18.0,17.7,17.2,16.1,16.0,17.0,16.9
96,12,0,thrice,19.0,18.925300400887494,17.01537576725221,17.073317842775136,17.951991773843663,17.89522142471695,18.06158486898724,16.825070927319153,16.906920346324767,17.43145022090178,17.397560807486595,19.0,16.8,16.7,18.7,18.4,18.1,16.7,16.7,17.7,17.7
97,12,0,thrice,20.0,19.84485806124672,17.577752525335352,17.63181614534903,18.689527982948597,18.621190152300816,18.865172791892988,17.40479116023747,17.486697667799284,18.12095387569355,18.079975140482695,20.0,17.4,17.4,19.4,19.1,18.9,17.3,17.4,18.5,18.4
98,12,0,thrice,21.0,20.760408988227987,18.21277282960076,18.276087053774493,19.462118883952495,19.38549041155351,19.68283556396692,18.046764308563823,18.139822580165742,18.849084200536762,18.80325943165842,21.0,18.1,18.1,20.1,19.9,19.8,18.0,18.1,19.2,19.2
99,12,0,thrice,22.0,21.65966869996222,18.881322060926053,18.964692167940548,20.24380720204276,20.16116470578605,20.49703033751671,18.71538451583866,18.82851514322661,19.589093334120285,19.539953046798136,22.0,18.8,18.8,20.8,20.6,20.7,18.7,18.8,20.0,19.9
100,12,0,twice,18.0,18.043863403563233,16.46286989288283,16.664995665986417,17.47230862594815,17.420148846340474,17.336992645751288,16.259418788257598,16.466547564110222,16.947432231794515,16.916362696772666,18.0,16.0,16.1,18.0,18.0,17.3,15.9,16.1,17.1,17.1
101,12,0,twice,19.0,18.98050654031689,16.820980830926523,17.092879235195973,18.19980299647156,18.12828562675985,18.134107262462383,16.670008255156326,16.934147427319328,17.60481174235165,17.56148071139127,19.0,16.5,16.8,19.0,19.0,18.1,16.5,16.7,17.9,17.9
102,12,0,twice,20.0,19.927226855308213,17.322459776606543,17.662393876715853,18.98556134033358,18.90007265538838,18.961407535012455,17.20461156944217,17.52525967001448,18.32629732068623,18.274542983287176,20.0,17.1,17.5,20.0,20.0,19.0,17.1,17.4,18.8,18.7
103,12,0,twice,21.0,20.876696172017457,17.911615253796008,18.320222114067874,19.80477136437202,19.708855944264958,19.80772411851076,17.813225371251715,18.190391760600317,19.086680496103607,19.028772069969943,21.0,17.8,18.2,21.0,21.0,19.9,17.7,18.1,19.6,19.6
104,12,0,twice,22.0,21.818145803730765,18.543110012345963,19.022317014403576,20.63416728593104,20.530027058914953,20.657751910877028,18.456928478368738,18.892019620306183,19.86211857080343,19.799441331659427,22.0,18.4,18.9,22.0,22.0,20.8,18.4,18.8,20.5,20.4
105,12,9,once,18.0,17.933156786250272,,16.586665115409062,17.933156786250272,17.846161144810335,17.288058360699488,,16.37627298250692,17.288058360699488,17.229148710124473,18.0,,16.0,18.0,18.0,17.3,,16.0,17.3,17.3
106,12,9,once,19.0,18.81457043901446,,16.96316098060698,18.81457043901446,18.694952503835175,18.060397377038548,,16.800030913061217,18.060397377038548,17.97896620939189,19.0,,16.6,19.0,19.0,18.1,,16.5,18.1,18.1
107,12,9,once,20.0,19.711397605637362,,17.473864856238954,19.711397605637362,19.566832584559158,18.86285338980856,,17.33817754053211,18.86285338980856,18.764345425468214,20.0,,17.3,20.0,20.0,19.0,,17.2,19.0,19.0
108,12,9,once,21.0,20.60937811187995,,18.06346947470314,20.60937811187995,20.44488919617777,19.677637537920848,,17.9408960344151,19.677637537920848,19.56542819835735,21.0,,17.9,21.0,21.0,19.9,,17.9,19.9,19.9
109,12,9,once,22.0,21.494268925822183,,18.691145521674425,21.494268925822183,21.3131615904706,20.487277083645658,,18.57169381417515,20.487277083645658,20.363512935030403,22.0,,18.6,22.0,22.0,20.8,,18.5,20.8,20.7
110,12,9,thrice,18.0,17.829838521804515,16.440671479281793,16.51744057507421,17.12191097163788,17.082856671474513,17.07077033266801,16.151404478568175,16.251370992463592,16.60225618218988,16.579585798991037,18.0,16.0,16.0,17.2,17.0,17.1,15.8,15.8,16.6,16.6
111,12,9,thrice,19.0,18.58676099140353,16.67195622177713,16.75986917193769,17.610965418865806,17.555976839632798,17.669955553778284,16.40640408736824,16.522751700803845,17.026042426887006,16.993525256157664,19.0,16.1,16.1,17.7,17.5,17.8,16.0,16.1,17.1,17.0
112,12,9,thrice,20.0,19.304094446969387,16.973052457343154,17.084153855530676,18.116181982493643,18.049503553778887,18.254975882843258,16.721896993220142,16.865093052938015,17.473710024007335,17.43438781731568,20.0,16.4,16.6,18.1,17.9,18.5,16.3,16.5,17.5,17.4
113,12,9,thrice,21.0,19.953655080593286,17.313770079741545,17.46000491798701,18.60835443339337,18.534160582177343,18.80047821825241,17.068351324772753,17.24973686367538,17.91777634673955,17.8746149038618,20.8,16.8,17.0,18.6,18.4,19.2,16.7,16.9,17.9,17.8
114,12,9,thrice,22.0,20.508086286958928,17.65275287022451,17.85400784415926,19.05299188236744,18.975526579210378,19.279186208477057,17.409536258748105,17.641142017833857,18.326401793021038,18.28212776222948,21.2,17.2,17.5,18.9,18.8,19.6,17.1,17.4,18.3,18.2
115,12,9,twice,18.0,17.897970942890407,16.372355749337824,16.531144278666712,17.346436324445406,17.293761023127665,17.15238516357051,16.107158815162435,16.279349012244225,16.77451889841127,16.742526407999552,18.0,16.0,16.0,18.0,18.0,17.1,15.8,15.9,17.0,16.9
116,12,9,twice,19.0,18.719573205448736,16.57312416622239,16.800953074657627,17.943597089804122,17.86977186593692,17.814991403614467,16.34645713157887,16.584329660055406,17.284092463420716,17.238881404746625,19.0,16.0,16.2,19.0,18.7,17.9,16.0,16.2,17.7,17.6
117,12,9,twice,20.0,19.52614302123309,16.859347062602257,17.165195772212535,18.562053060848573,18.47180334118337,18.482758356655825,16.662859930890644,16.972327063550424,17.824835580253914,17.76975575551404,20.0,16.3,16.7,19.6,19.3,18.7,16.3,16.7,18.3,18.2
118,12,9,twice,21.0,20.29410959301174,17.207567178825656,17.602140633411505,19.17827448602232,19.07644186538872,19.133678967176603,17.03181569004246,17.421923623481558,18.373821327139424,18.312320054529856,21.0,16.8,17.3,20.1,19.8,19.4,16.7,17.2,18.9,18.7
119,12,9,twice,22.0,20.997746076968127,17.58942754638955,18.072680912415695,19.765583688807638,19.65620673080859,19.7437050098769,17.428831942017926,17.893069589516223,18.9068408781969,18.841342007730756,22.0,17.2,17.8,20.5,20.3,20.2,17.1,17.7,19.3,19.2
120,13,0,once,18.0,18.057973006426174,,16.75729881214701,18.057973006426174,17.973937591810497,17.896881913789557,,16.971357997928923,17.896881913789557,17.837084628390834,18.0,,16.5,18.0,18.0,17.8,,16.8,17.8,17.8
121,13,0,once,19.0,19.0277125358776,,17.396479381834855,19.0277125358776,18.922319997886348,18.830197288680733,,17.676034799411887,18.830197288680733,18.755627866341026,19.0,,17.3,19.0,19.0,18.8,,17.6,18.8,18.8
122,13,0,once,20.0,20.012018952279135,,18.154026975669176,20.012018952279135,19.89197572639385,19.78858702807581,,18.476999961869087,19.78858702807581,19.70384654241228,20.0,,18.1,20.0,20.0,19.8,,18.5,19.8,19.8
123,13,0,once,21.0,21.002920202131712,,18.968152743429098,21.002920202131712,20.871455667976537,20.75875103170692,,19.32097561092778,20.75875103170692,20.66585762754712,21.0,,18.9,21.0,21.0,20.8,,19.3,20.8,20.8
124,13,0,once,22.0,21.99672154911649,,19.793921602242936,21.99672154911649,21.854400583831644,21.733395769173633,,20.17402518621847,21.733395769173633,21.632646208634576,22.0,,19.7,22.0,22.0,21.8,,20.2,21.8,21.8
125,13,0,thrice,18.0,18.005379499674167,16.831922935965384,16.621538098936806,17.40737925568283,17.356606750377757,17.670756060929914,16.9232357939059,16.763337187457875,17.289815414387355,17.25580011964195,18.0,16.7,16.2,18.0,17.8,17.6,16.8,16.4,17.5,17.5
126,13,0,thrice,19.0,18.94750089974369,17.42370478455383,17.108544849309336,18.170965596386072,18.102323527242564,18.515085709255484,17.54572276773761,17.315737084054046,18.021092754193102,17.975520345320565,19.0,17.4,16.9,18.8,18.6,18.5,17.5,17.2,18.3,18.3
127,13,0,thrice,20.0,19.897574580107772,18.11491064180449,17.73594292492924,18.989118738597405,18.908152152536783,19.39486845084199,18.259059563337534,17.988747627701777,18.81605368013714,18.7626021644261,20.0,18.1,17.6,19.6,19.4,19.5,18.3,17.9,19.2,19.1
128,13,0,thrice,21.0,20.846887610832216,18.85178245836061,18.4364005739453,19.83017049929669,19.74012025145528,20.287270361526115,19.015618116689055,18.723882333407694,19.639229031149764,19.580089286853948,21.0,18.9,18.4,20.4,20.2,20.4,19.0,18.7,20.0,19.9
129,13,0,thrice,22.0,21.79014415368915,19.605163973407258,19.176897614896397,20.676665631062658,20.579766939891424,21.182229859189352,19.787467621826625,19.49028935958381,20.4714509654085,20.40805897784304,22.0,19.6,19.1,21.2,21.0,21.3,19.8,19.5,20.8,20.7
130,13,0,twice,18.0,18.03296718689661,16.740388924527167,16.634413040652056,17.565679195954313,17.50551090952057,17.709434827878766,16.85970063358752,16.78386259540609,17.402242144816427,17.36228918653286,18.0,16.5,16.2,18.0,18.0,17.7,16.7,16.5,17.6,17.6
131,13,0,twice,19.0,18.98869660629633,17.296385829850294,17.13489664871311,18.376898832963946,18.29665416526303,18.572163899229164,17.454059175656216,17.35025064019401,18.167950920292217,18.11512002507523,19.0,17.2,17.0,19.0,19.0,18.6,17.4,17.2,18.5,18.5
132,13,0,twice,20.0,19.95464890939112,17.95888002953972,17.77523014708024,19.233146113466518,19.138951446386198,19.468518026425116,18.147415118876005,18.035313872956802,18.99091791394527,18.929177178143725,20.0,17.9,17.7,20.0,20.0,19.5,18.2,18.0,19.4,19.4
133,13,0,twice,21.0,20.92241410653022,18.671902237187172,18.48990408123866,20.108817591229602,20.00422101459467,20.380786267303517,18.887415749431216,18.784547348535458,19.84090862171338,19.772658049843884,21.0,18.7,18.4,21.0,21.0,20.5,18.9,18.8,20.3,20.3
134,13,0,twice,22.0,21.89103601311994,19.408992087897378,19.24472748257012,20.99373690712872,20.880734947986316,21.301132536164538,19.64954049149415,19.566327761916586,20.704055244306357,20.630547673292185,22.0,19.4,19.2,22.0,22.0,21.4,19.7,19.5,21.2,21.2
135,13,9,once,18.0,17.929431528059393,,16.54234691264208,17.929431528059393,17.839813212207268,17.66109960324014,,16.677666135936406,17.66109960324014,17.597560832704595,18.0,,16.1,18.0,18.0,17.7,,16.3,17.7,17.7
136,13,9,once,19.0,18.827722723384007,,16.97008473769685,18.827722723384007,18.7077023685406,18.482052004437094,,17.17415101823048,18.482052004437094,18.39754967315725,19.0,,16.7,19.0,19.0,18.6,,17.0,18.6,18.6
137,13,9,once,20.0,19.74055110336621,,17.53701667341714,19.74055110336621,19.598182683776468,19.336262888598547,,17.789029730402437,19.336262888598547,19.236297516387726,20.0,,17.4,20.0,20.0,19.5,,17.7,19.5,19.5
138,13,9,once,21.0,20.654307178950614,,18.176967541585963,20.654307178950614,20.494248445960093,20.20262526092213,,18.46371913910607,20.20262526092213,20.090276067275262,21.0,,18.2,21.0,21.0,20.4,,18.5,20.4,20.4
139,13,9,once,22.0,21.559314529554605,,18.846242684944684,21.559314529554605,21.384025346185926,21.06635249879578,,19.162687328617313,21.06635249879578,20.943358368083416,22.0,,18.9,22.0,22.0,21.4,,19.2,21.4,21.3
140,13,9,thrice,18.0,17.813029137756967,16.59155802753291,16.4576107890667,17.190560403478678,17.143205174159586,17.417646548269264,16.627005545890835,16.52380387980536,17.014731325879154,16.98301293578694,18.0,16.2,16.0,17.3,17.2,17.5,16.3,16.1,17.1,17.0
141,13,9,thrice,19.0,18.595380959664347,16.920883847657134,16.73205565551993,17.74204755772037,17.67679287008745,18.06561912582737,16.977001043815672,16.84536315190725,17.5108530622256,17.46785634499839,19.0,16.6,16.2,17.9,17.7,18.2,16.7,16.5,17.6,17.5
142,13,9,thrice,20.0,19.347436001141876,17.327329823084764,17.09964062065116,18.317978222535633,18.23926250266777,18.711539442841627,17.39751220038767,17.248987095838597,18.04190356887694,17.990673933615128,20.0,17.1,16.7,18.4,18.2,19.0,17.2,17.0,18.1,18.0
143,13,9,thrice,21.0,20.04548272762771,17.76552579586519,17.521237627344487,18.8836035037606,18.795582243873667,19.3287304212289,17.84631354596894,17.694497961497387,18.57328221758978,18.516504740460405,21.0,17.6,17.2,18.9,18.8,19.7,17.7,17.5,18.6,18.5
144,13,9,thrice,22.0,20.66116240727092,18.191708805338727,17.9481915769114,19.402714585552292,19.308739134484846,19.88622866589139,18.280178776375283,18.13559711658241,19.06777636395238,19.007549083444,21.4,18.0,17.7,19.4,19.2,20.3,18.2,18.0,19.1,19.0
145,13,9,twice,18.0,17.881144626620152,16.543618131312225,16.474073002983516,17.397607120984848,17.337938394674055,17.496958250464985,16.611209036728134,16.55931529490958,17.17674555416984,17.136853928687138,18.0,16.2,16.0,18.0,18.0,17.5,16.3,16.2,17.4,17.4
146,13,9,twice,19.0,18.72156446161419,16.868936288350326,16.782136952427333,18.051809351033402,17.969776935143067,18.207436079084175,16.969059087142146,16.921275253848293,17.759742725853112,17.705570080649885,19.0,16.6,16.3,19.0,18.8,18.3,16.7,16.6,18.2,18.1
147,13,9,twice,20.0,19.552970622176773,17.294493065103072,17.202178704275557,18.7364943816599,18.637363596512138,18.93346897997618,17.41977344045689,17.383890974412957,18.386243509648633,18.32148239478982,20.0,17.1,16.9,19.7,19.4,19.2,17.2,17.1,18.9,18.8
148,13,9,twice,21.0,20.35813961383429,17.77538661461389,17.69332446013983,19.424432545379084,19.31258717601028,19.65453922429033,17.921110500888577,17.906653345867493,19.027876646725986,18.955435396350737,21.0,17.6,17.5,20.2,20.0,20.0,17.8,17.8,19.5,19.4
149,13,9,twice,22.0,21.115351040069044,18.268459184302262,18.210465380283793,20.08615349401669,19.96496693629107,20.344784815705683,18.432876472983452,18.44522646309363,19.653598963099153,19.57552707969071,22.0,18.1,18.0,20.8,20.5,20.8,18.3,18.4,20.1,19.9
150,14,0,once,18.0,18.056103035747913,,16.85948493843959,18.056103035747913,17.97879059394948,17.925558771266942,,17.0847644725579,17.925558771266942,17.871235791838824,18.0,,16.7,18.0,18.0,17.9,,17.0,17.9,17.9
151,14,0,once,19.0,19.02565181926023,,17.562058318678957,19.02565181926023,18.931090331693913,18.86688945404576,,17.842065134204297,18.86688945404576,18.800676456967096,19.0,,17.6,19.0,19.0,18.9,,17.8,18.9,18.9
152,14,0,once,20.0,20.010417389337636,,18.36621315300314,20.010417389337636,19.904186801138874,19.832582098404416,,18.68172935398728,19.832582098404416,19.758226515765767,20.0,,18.4,20.0,20.0,19.8,,18.7,19.8,19.8
153,14,0,once,21.0,21.00180498830699,,19.207626182546193,21.00180498830699,20.88588467521096,20.807431761034,,19.54975394152039,20.807431761034,20.72617430433914,21.0,,19.2,21.0,21.0,20.8,,19.6,20.8,20.8
154,14,0,once,22.0,21.995925877574848,,20.052746581653746,21.995925877574848,21.870378773985376,21.785499992565303,,20.422468331076,21.785499992565303,21.69743571689093,22.0,,20.0,22.0,22.0,21.8,,20.4,21.8,21.8
155,14,0,thrice,18.0,18.00236953733451,16.91753774000938,16.6970043514277,17.4495329862826,17.40091277368951,17.704808412784477,17.01311747702649,16.860650333225145,17.352318715984314,17.32055245462515,18.0,16.8,16.4,18.0,17.8,17.7,16.9,16.6,17.5,17.5
156,14,0,thrice,19.0,18.944563760990185,17.564200021612237,17.262916114093695,18.241122424963315,18.177921376403145,18.567373643778904,17.686600240459565,17.48065903427909,18.1185264291693,18.07731437834582,19.0,17.6,17.2,18.8,18.6,18.6,17.7,17.4,18.4,18.3
157,14,0,thrice,20.0,19.89436000938887,18.299145164866086,17.949273960399694,19.081429308973128,19.008281748619282,19.459184834418405,18.441951455510768,18.20765774413317,18.94079682791196,18.893429357143884,20.0,18.3,17.9,19.6,19.4,19.5,18.5,18.2,19.2,19.2
158,14,0,thrice,21.0,20.844166140758954,19.06755944869597,18.698532926643633,19.9387971069257,19.858664730131114,20.364134287396567,19.229269093895738,18.98652617476988,19.78580042860775,19.734160022725685,21.0,19.1,18.7,20.4,20.2,20.5,19.3,19.0,20.1,20.0
159,14,0,thrice,22.0,21.785219003432463,19.844767808535575,19.476609267132865,20.796353864416037,20.711086327851312,21.26661416723994,20.02515051186475,19.786348989125486,20.63395711645456,20.579193901558003,22.0,19.9,19.5,21.2,21.0,21.4,20.1,19.8,21.0,20.9
160,14,0,twice,18.0,18.029011538635885,16.83094937188911,16.71018103176245,17.595892648104005,17.538667600327585,17.741746858607723,16.951102117234832,16.87966390752983,17.455915970450928,17.41868483198158,18.0,16.7,16.4,18.0,18.0,17.7,16.8,16.7,17.6,17.6
161,14,0,twice,19.0,18.98526620277154,17.446770418622002,17.28882353524002,18.429075042067222,18.35540439605623,18.619572056284444,17.601692767686604,17.514483705940407,18.251592196466323,18.20396826582287,19.0,17.4,17.2,19.0,19.0,18.6,17.6,17.5,18.5,18.5
162,14,0,twice,20.0,19.951204283902587,18.156099805371145,17.988237574201403,19.30224492126655,19.217348063387504,19.52995707673236,18.33936259381043,18.25220262466782,19.099537874933528,19.044792290383803,20.0,18.2,18.0,20.0,20.0,19.6,18.4,18.3,19.5,19.4
163,14,0,twice,21.0,20.920379253579014,18.907147069121205,18.75103676150255,20.192563190007636,20.09942743654094,20.454771087837116,19.115807436331735,19.045117294590725,19.970714026944133,19.91091203693592,21.0,18.9,18.8,21.0,21.0,20.5,19.2,19.1,20.4,20.4
164,14,0,twice,22.0,21.888894819922058,19.671660628760147,19.542568378184196,21.087328724622456,20.987523118602315,21.384339732747126,19.90421370929599,19.85972405228919,20.849250186546634,20.785317774163023,22.0,19.7,19.5,22.0,22.0,21.5,19.9,19.9,21.3,21.3
165,14,9,once,18.0,17.924861832514736,,16.612704403459883,17.924861832514736,17.840084496209712,17.687773079412715,,16.769336230882374,17.687773079412715,17.628433683194945,18.0,,16.3,18.0,18.0,17.7,,16.5,17.7,17.7
166,14,9,once,19.0,18.826229781691342,,17.115854305085133,18.826229781691342,18.71572392791392,18.52294880238836,,17.331163037874806,18.52294880238836,18.445948573357555,19.0,,17.0,19.0,19.0,18.6,,17.2,18.6,18.6
167,14,9,once,20.0,19.742302325015668,,17.744023832120703,19.742302325015668,19.61319531081748,19.391280651720027,,18.000802478569376,19.391280651720027,19.301443081090344,20.0,,17.7,20.0,20.0,19.6,,18.0,19.6,19.5
168,14,9,once,21.0,20.65619143378866,,18.427424473020277,20.65619143378866,20.51219276259669,20.266149625485127,,18.71677247344422,20.266149625485127,20.166045731719503,21.0,,18.5,21.0,21.0,20.5,,18.8,20.5,20.5
169,14,9,once,22.0,21.55863402801755,,19.131408636982002,21.55863402801755,21.401813132363195,21.134507623800634,,19.444976618544658,21.134507623800634,21.025348512966257,22.0,,19.2,22.0,22.0,21.4,,19.5,21.4,21.4
170,14,9,thrice,18.0,17.79723136738915,16.63742015164982,16.497242060138152,17.206184871552992,17.160380700640637,17.436676923135735,16.681341150896777,16.590208173766474,17.05175344998503,17.021933416019927,18.0,16.3,16.0,17.3,17.2,17.5,16.4,16.2,17.1,17.1
171,14,9,thrice,19.0,18.569870852864995,17.0107350535642,16.82427074028915,17.775326242325075,17.71387938362085,18.090061913157868,17.073115579993722,16.95779124135937,17.571820186820585,17.532148317228017,19.0,16.8,16.4,17.9,17.7,18.3,16.9,16.7,17.7,17.6
172,14,9,thrice,20.0,19.30633733256631,17.456550586920766,17.24448542033026,18.363675320662047,18.291365446504685,18.73731783446597,17.531618491016882,17.408350844029254,18.1228864836506,18.076720965031598,20.0,17.3,17.0,18.4,18.3,19.0,17.4,17.2,18.2,18.1
173,14,9,thrice,21.0,19.975075231529644,17.91769076010338,17.70164281783241,18.926620219263658,18.847475507792574,19.34277412529317,18.001246269469338,17.883507533557456,18.659123779882588,18.609011897038084,20.7,17.8,17.5,19.0,18.8,19.7,17.9,17.8,18.7,18.6
174,14,9,thrice,22.0,20.54788241035092,18.34088325465126,18.138295770381045,19.423182890646665,19.340167464984514,19.87136726498691,18.432352923821295,18.33062779395256,19.13803724346118,19.085871229748836,21.1,18.3,18.0,19.4,19.3,20.2,18.4,18.3,19.2,19.1
175,14,9,twice,18.0,17.86894171206147,16.596745568711867,16.52041141153133,17.40902218748226,17.351609827555816,17.519231888712774,16.670589547668534,16.630347738911933,17.212433928295127,17.174825852051264,18.0,16.3,16.0,18.0,18.0,17.6,16.4,16.3,17.5,17.4
176,14,9,twice,19.0,18.706222905885834,16.97660942247969,16.888305122963185,18.080939599414325,18.003884535852414,18.23975910775065,17.07913372108425,17.04641658592621,17.820174219963825,17.770182420422948,19.0,16.7,16.6,18.9,18.7,18.4,16.9,16.8,18.2,18.2
177,14,9,twice,20.0,19.53175532721449,17.45504401432558,17.372041778269647,18.78099052989529,18.689959591451316,18.97570723071972,17.58059134995962,17.566447114675867,18.471350228879825,18.41288523532216,20.0,17.3,17.2,19.6,19.3,19.2,17.5,17.4,18.9,18.8
178,14,9,twice,21.0,20.321795216272655,17.973529448242047,17.911104880726807,19.472859082277882,19.371955518239808,19.69776073742022,18.118602102692822,18.13036903217439,19.126869297200386,19.062486292367645,21.0,17.9,17.8,20.1,19.9,20.0,18.1,18.1,19.5,19.4
179,14,9,twice,22.0,21.047493994236145,18.48205863908769,18.450951528404076,20.12004753478376,20.012208711236386,20.370073913026022,18.644026466292985,18.687856295098435,19.74607978660737,19.677708898450952,21.9,18.4,18.4,20.7,20.4,20.8,18.6,18.7,20.0,19.9
180,1,0,once,18.0,18.04673206739955,,16.708033354640605,18.04673206739955,17.960239922120603,17.44953047030614,,16.545706149975786,17.44953047030614,17.391135176670915,18.0,,16.3,18.0,18.0,17.4,,16.3,17.4,17.4
181,1,0,once,19.0,19.01536864727091,,17.247894774293517,19.01536864727091,18.901173716371748,18.33484934450331,,17.135700040022446,18.33484934450331,18.257373363637868,19.0,,17.1,19.0,19.0,18.3,,17.1,18.3,18.3
182,1,0,once,20.0,20.001524753075223,,17.928551820961253,20.001524753075223,19.86759179691797,19.247286393919914,,17.836029130816353,19.247286393919914,19.156106304581694,20.0,,17.8,20.0,20.0,19.3,,17.8,19.3,19.2
183,1,0,once,21.0,20.99458502263601,,18.680000846686408,20.99458502263601,20.84504177672223,20.171055818157203,,18.592003521254682,20.171055818157203,20.069034639407224,21.0,,18.6,21.0,21.0,20.2,,18.6,20.2,20.2
184,1,0,once,22.0,21.989094181489218,,19.457913620572196,21.989094181489218,21.825556833828,21.09941217855793,,19.367793412119205,21.09941217855793,20.987533814526415,22.0,,19.4,22.0,22.0,21.1,,19.4,21.1,21.1
185,1,0,thrice,18.0,17.991710890954987,16.51246819826968,16.598790391370283,17.23788026909335,17.19658923473028,17.22680559730903,16.258791086156503,16.365863321394656,16.73349981015079,16.709747140269,18.0,16.1,16.0,17.9,17.6,17.2,16.0,16.0,16.9,16.9
186,1,0,thrice,19.0,18.901901273945036,16.902430478424616,16.986428289414228,17.88295940549127,17.82503531936212,17.987646942911493,16.688129676335752,16.798346679653196,17.325405436479297,17.29135263420836,19.0,16.6,16.6,18.6,18.3,18.0,16.5,16.5,17.6,17.6
187,1,0,thrice,20.0,19.810912007367918,17.421973657500757,17.50586016283401,18.593495223242826,18.523224079512897,18.771097327502442,17.22789732953895,17.34428036609279,17.984673693386046,17.943298444293763,20.0,17.2,17.3,19.3,19.0,18.9,17.1,17.2,18.4,18.3
188,1,0,thrice,21.0,20.705725719150465,18.019000621842263,18.115456962959872,19.336555088198438,19.257661013346954,19.56080751513833,17.832228871974483,17.96462523167532,18.679913852484848,18.63369968441418,21.0,17.9,17.9,19.9,19.7,19.7,17.8,17.9,19.1,19.0
189,1,0,thrice,22.0,21.57816523874857,18.65231310908493,18.774104924862588,20.087134090657727,20.002300432209378,20.34344643123323,18.465434041107194,18.623737874294687,19.38640046784056,19.337125509098094,22.0,18.5,18.6,20.6,20.4,20.6,18.4,18.6,19.7,19.6
190,1,0,twice,18.0,18.023954130246526,16.39701979253839,16.60786356699376,17.43579099908799,17.38229933658423,17.278336576436505,16.16410672991371,16.385584485342267,16.875524428354154,16.843869839965404,18.0,16.0,16.0,18.0,18.0,17.2,15.9,16.0,17.1,17.1
191,1,0,twice,19.0,18.96367887155366,16.70929238981699,17.005634998293115,18.14868162107607,18.07483038508392,18.068370539730573,16.53308602703992,16.828161384434363,17.51334030570441,17.46907149881326,19.0,16.3,16.6,19.0,19.0,18.1,16.3,16.6,17.9,17.9
192,1,0,twice,20.0,19.909069352058562,17.161639289124263,17.53785416036781,18.915828856113958,18.826799124151677,18.883416592635758,17.02306091279223,17.384982299149925,18.21086786318505,18.157508123978985,20.0,16.9,17.3,20.0,20.0,18.9,16.9,17.3,18.7,18.7
193,1,0,twice,21.0,20.848801656152972,17.708471169669938,18.162969371269288,19.71352128927327,19.613341494913005,19.71044775156619,17.592137848455902,18.02083570350483,18.944644389684605,18.88495792376552,21.0,17.5,18.0,21.0,21.0,19.8,17.5,17.9,19.5,19.5
194,1,0,twice,22.0,21.775228155234547,18.30286818409656,18.836461066987003,20.51991374837834,20.411147352697682,20.53752807511005,18.199853273152332,18.6945916314356,19.692420747000714,19.62795188630453,22.0,18.2,18.7,22.0,22.0,20.7,18.1,18.6,20.4,20.3
195,1,9,once,18.0,17.903247870944096,,16.529969888588678,17.903247870944096,17.814521589499133,17.21934866736512,,16.29581578385597,17.21934866736512,17.159680020813774,18.0,,16.0,18.0,18.0,17.2,,15.9,17.2,17.2
196,1,9,once,19.0,18.78201990437672,,16.877060028565158,18.78201990437672,18.658942123873228,17.980895378618683,,16.69194167111277,17.980895378618683,17.897617214335042,19.0,,16.5,19.0,19.0,18.1,,16.4,18.1,18.0
197,1,9,once,20.0,19.671867649020125,,17.349317393611,19.671867649020125,19.52180972172557,18.767870720950235,,17.196803434544385,18.767870720950235,18.66636544669867,20.0,,17.1,20.0,20.0,18.9,,17.0,18.9,18.9
198,1,9,once,21.0,20.554225605070876,,17.905373606382692,20.554225605070876,20.383085609409868,19.56047678168701,,17.767621889065463,19.56047678168701,19.444642005453375,21.0,,17.7,21.0,21.0,19.8,,17.7,19.8,19.8
199,1,9,once,22.0,21.418146980847947,,18.4990088784978,21.418146980847947,21.22954403798157,20.343663591052046,,18.36647626831072,20.343663591052046,20.215919258789416,22.0,,18.4,22.0,22.0,20.7,,18.3,20.7,20.6
200,1,9,thrice,18.0,17.796201653112828,16.390482773435874,16.470872714509653,17.079839191111493,17.040494403175078,17.00422938822369,16.072302954408798,16.179138841859096,16.52931429375958,16.506689766096834,18.0,16.0,16.0,17.1,16.9,17.0,15.8,15.8,16.6,16.5
201,1,9,thrice,19.0,18.541566400813466,16.60013214687341,16.6954585602548,17.552200289229454,17.496846960371542,17.588445331377343,16.305064466273596,16.434416481441506,16.93442702835619,16.90212178711515,19.0,16.0,16.0,17.5,17.3,17.7,15.9,15.9,17.0,16.9
202,1,9,thrice,20.0,19.23197256700274,16.866224156723227,16.992422216691068,18.02637351006112,17.9595708272579,18.14457303922693,16.585780364673866,16.750945499516458,17.350203287040706,17.31148576895834,20.0,16.2,16.4,18.0,17.8,18.4,16.1,16.3,17.3,17.2
203,1,9,thrice,21.0,19.833483255091664,17.161260932813207,17.334020058061068,18.47170332207815,18.39819860797411,18.643360473486776,16.88641122736726,17.099707178609698,17.748008987668502,17.70612277853175,20.6,16.5,16.8,18.4,18.2,19.0,16.4,16.7,17.7,17.6
204,1,9,thrice,22.0,20.325891668153552,17.44363300561281,17.68337581677466,18.857076002750485,18.78124426702697,19.063233068664225,17.170978308218064,17.448864806698786,18.09892911107744,18.056929028669728,20.9,16.8,17.2,18.7,18.5,19.3,16.7,17.1,18.0,17.9
205,1,9,twice,18.0,17.867794527787474,16.32435491970339,16.482823495007402,17.309816094605193,17.256384830806027,17.088572553718624,16.026895420456245,16.20748242600276,16.704759063213125,16.67263045747122,18.0,16.0,16.0,18.0,18.0,17.1,15.8,15.8,16.9,16.9
206,1,9,twice,19.0,18.68325007294822,16.499509582701066,16.73154335619887,17.893792493368963,17.818700599827608,17.740209067609143,16.242344805602386,16.49217658155467,17.198706860683323,17.153058561358055,19.0,16.0,16.1,18.9,18.6,17.8,15.9,16.0,17.6,17.5
207,1,9,twice,20.0,19.47284499636782,16.747633003466298,17.066706254760735,18.48763669283314,18.395831628176175,18.38540779878106,16.520291441104455,16.852307865986955,17.711138007136352,17.65564974780641,20.0,16.1,16.6,19.4,19.2,18.6,16.1,16.5,18.2,18.1
208,1,9,twice,21.0,20.206647804998106,17.042398850241774,17.46426055002791,19.06272052418582,18.95944543249434,18.998574233356383,16.839075070500627,17.261067359308193,18.21788028651356,18.156061445637807,21.0,16.5,17.0,19.9,19.6,19.3,16.4,17.0,18.7,18.5
209,1,9,twice,22.0,20.858774905505104,17.36166017225011,17.89067479405554,19.594511250937813,19.484427877467983,19.556410396360075,17.174126704264477,17.690872606422026,18.695176231479955,18.630289058425408,21.7,16.8,17.5,20.3,20.0,20.0,16.8,17.5,19.0,18.9
210,2,0,once,18.0,18.054038330731327,,16.757297401002994,18.054038330731327,17.97025704087555,17.49929355437399,,16.616161219900974,17.49929355437399,17.442235151728372,18.0,,16.4,18.0,18.0,17.4,,16.4,17.4,17.4
211,2,0,once,19.0,19.020161034106973,,17.334514342777695,19.020161034106973,18.911252885375767,18.390003360649402,,17.2380885063521,18.390003360649402,18.315579156026445,19.0,,17.2,19.0,19.0,18.4,,17.2,18.4,18.4
212,2,0,once,20.0,20.00336606169655,,18.042955656150443,20.00336606169655,19.876705671283975,19.306182419450646,,17.963212142083584,19.306182419450646,19.219414292142936,20.0,,18.0,20.0,20.0,19.3,,17.9,19.3,19.3
213,2,0,once,21.0,20.995827147688797,,18.815634773110563,20.995827147688797,20.85496683774688,20.23624608099648,,18.73740407148075,20.23624608099648,20.139407218299702,21.0,,18.7,21.0,21.0,20.3,,18.7,20.3,20.2
214,2,0,once,22.0,21.99021472631383,,19.607367889147735,21.99021472631383,21.836261089955364,21.170120378440853,,19.52710072655902,21.170120378440853,21.063966325200706,22.0,,19.5,22.0,22.0,21.2,,19.5,21.2,21.2
215,2,0,thrice,18.0,17.997609863626668,16.552770603427746,16.636058638738426,17.261311429710673,17.220914397340795,17.273679754275076,16.332025662064478,16.42952902317909,16.793807388895285,16.770271684386714,18.0,16.1,16.1,17.9,17.6,17.2,16.0,16.0,16.9,16.9
216,2,0,thrice,19.0,18.90637655151233,16.975159054128135,17.053479691986293,17.922216958091965,17.866088608140554,18.04192030253446,16.791569071310892,16.889358526957807,17.40473409175272,17.37143613023336,19.0,16.7,16.7,18.6,18.3,18.1,16.6,16.7,17.7,17.6
217,2,0,thrice,20.0,19.816331798440633,17.528464066859808,17.610882520459338,18.650421185284973,18.58325750733097,18.835965828753082,17.36323177146065,17.468081435619855,18.085452045088406,18.045564273526235,20.0,17.4,17.4,19.3,19.0,18.9,17.3,17.4,18.4,18.4
218,2,0,thrice,21.0,20.716017754231636,18.154896488774483,18.252206089476736,19.41085556161139,19.33599623925893,19.63942413714428,17.996464047456488,18.118134737831962,18.80216218396545,18.757967772869147,21.0,18.0,18.1,20.0,19.8,19.8,18.0,18.1,19.2,19.1
219,2,0,thrice,22.0,21.595448770296166,18.812253100569766,18.936967769770952,20.177116178323836,20.09699128143875,20.435722458150504,18.653788896079856,18.801748833779545,19.527638820587715,19.48073970759301,22.0,18.7,18.8,20.7,20.5,20.7,18.6,18.8,19.9,19.8
220,2,0,twice,18.0,18.030516150682377,16.435528387885903,16.64564515252515,17.453902224119457,17.40168144629037,17.324383855329142,16.237151999865628,16.449468157835557,16.931331918577012,16.90019912521471,18.0,16.0,16.1,18.0,18.0,17.3,15.9,16.1,17.1,17.1
221,2,0,twice,19.0,18.96782508490401,16.784027266648362,17.073794581267034,18.178346780320563,18.106982635156168,18.119629500207598,16.639823539307553,16.91723425981443,17.584655661806643,17.541534152602814,19.0,16.5,16.8,19.0,19.0,18.1,16.4,16.7,17.9,17.9
222,2,0,twice,20.0,19.911253200753862,17.276696637811003,17.643092765304832,18.958818304421413,18.873810435666574,18.94225788332876,17.16681158690176,17.508406304991453,18.300405272127886,18.249234916114652,20.0,17.1,17.5,20.0,20.0,19.0,17.0,17.4,18.8,18.7
223,2,0,twice,21.0,20.852232891831214,17.858773307840668,18.29982649533977,19.770048736571063,19.67505897190711,19.78022347886993,17.76895244231208,18.17218731825891,19.05311640204914,18.996200349490454,21.0,17.7,18.1,21.0,21.0,19.9,17.7,18.1,19.6,19.6
224,2,0,twice,22.0,21.781576522057712,18.482938591735472,18.999305476950163,20.589065448507125,20.48635245632446,20.61861273731103,18.40580117908088,18.871345531822648,19.818645495494835,19.75744127881802,22.0,18.4,18.9,22.0,22.0,20.8,18.4,18.8,20.5,20.4
225,2,9,once,18.0,17.912426532585222,,16.565832864703413,17.912426532585222,17.825424301206287,17.270633922998556,,16.357694244724197,17.270633922998556,17.211649694111472,18.0,,16.0,18.0,18.0,17.3,,15.9,17.3,17.2
226,2,9,once,19.0,18.79203249898325,,16.94284821704956,18.79203249898325,18.672558330496955,18.040569877378502,,16.781750965507737,18.040569877378502,17.95923869571103,19.0,,16.6,19.0,19.0,18.1,,16.5,18.1,18.1
227,2,9,once,20.0,19.68285871126883,,17.450756976680996,19.68285871126883,19.538644583276223,18.836722922409933,,17.31695769960707,18.836722922409933,18.73853222932288,20.0,,17.2,20.0,20.0,19.0,,17.2,19.0,19.0
228,2,9,once,21.0,20.569777595105187,,18.036736137987063,20.569777595105187,20.406120016578697,19.641393484720098,,17.914600572684275,19.641393484720098,19.52982691489301,21.0,,17.9,21.0,21.0,19.9,,17.8,19.9,19.8
229,2,9,once,22.0,21.43903272484461,,18.65583154062999,21.43903272484461,21.25921254658395,20.43651603291068,,18.53845025161899,20.43651603291068,20.31388367378475,22.0,,18.5,22.0,22.0,20.8,,18.5,20.8,20.7
230,2,9,thrice,18.0,17.80053535679751,16.416160887164125,16.497429057737108,17.09505012946225,17.056438358146746,17.04740222565362,16.1307702500822,16.232752454414797,16.580281275467343,16.557827744293665,18.0,16.0,16.0,17.1,16.9,17.1,15.8,15.8,16.6,16.5
231,2,9,thrice,19.0,18.541036715835062,16.639633582275618,16.738932724759966,17.572070694459065,17.51824238370787,17.63253064406221,16.37781125212441,16.502936308465276,16.993118393345377,16.961448160383693,19.0,16.0,16.1,17.6,17.4,17.8,16.0,16.0,17.0,16.9
232,2,9,thrice,20.0,19.22680940163983,16.926318459957738,17.055469777348495,18.054465927691556,17.989921665905793,18.19122815199379,16.678780308034725,16.837741875338335,17.420475993214996,17.382826054881587,20.0,16.3,16.5,18.0,17.8,18.5,16.3,16.4,17.4,17.3
233,2,9,thrice,21.0,19.826216408131177,17.242233538619768,17.417754215342377,18.50940381001209,18.438873290757847,18.69570126858616,17.00020363232292,17.20548436017079,17.831665878160088,17.79120884155526,20.6,16.7,16.9,18.4,18.2,19.1,16.6,16.9,17.8,17.7
234,2,9,thrice,22.0,20.32098565288575,17.54389192356527,17.786300872117028,18.905762644995534,18.833435205392277,19.123324156759676,17.303856021072395,17.57121990998102,18.196112683642482,18.155738911674106,20.8,17.0,17.4,18.7,18.6,19.3,16.9,17.3,18.1,18.0
235,2,9,twice,18.0,17.87371015987389,16.34958989186953,16.511757729991704,17.322715981243157,17.270320682574464,17.132583475157787,16.088268781868862,16.261398407689114,16.755046788099516,16.723152600835245,18.0,16.0,16.0,18.0,18.0,17.1,15.8,15.9,16.9,16.9
236,2,9,twice,19.0,18.68633331972179,16.543258122835525,16.780207702384324,17.91157690276371,17.838480134752583,17.786837399436916,16.320114645859785,16.56496026728869,17.25659335252557,17.211907547782584,19.0,16.0,16.2,18.9,18.6,17.9,15.9,16.1,17.6,17.6
237,2,9,twice,20.0,19.47261974977269,16.81622737853061,17.138881947594914,18.5122908548424,18.423556114455426,18.436676476809613,16.62334971763437,16.947735765384998,17.78112946438839,17.727284631191974,20.0,16.3,16.7,19.4,19.2,18.6,16.2,16.6,18.3,18.2
238,2,9,twice,21.0,20.205228524734064,17.143305942233685,17.565075146421204,19.098293885917972,18.999233972961417,19.056555774412857,16.972199644472873,17.383113938469915,18.30302725182849,18.243592462518,21.0,16.7,17.2,19.9,19.6,19.4,16.6,17.2,18.7,18.6
239,2,9,twice,22.0,20.859327154627504,17.497965969545582,18.016460214295734,19.644140607911922,19.538977610644075,19.62433384946769,17.341103500991455,17.83591836501852,18.79890907368495,18.736691091787744,21.7,17.0,17.7,20.3,20.0,20.1,17.0,17.6,19.1,18.9
240,3,0,once,18.0,18.04500288895566,,16.73613453426693,18.04500288895566,17.96043805684983,17.884008768837447,,16.952154909985527,17.884008768837447,17.823802511394753,18.0,,16.5,18.0,18.0,17.8,,16.8,17.8,17.8
241,3,0,once,19.0,19.020247858107062,,17.37883865850044,19.020247858107062,18.91419785477062,18.82184657865049,,17.660932652101057,18.82184657865049,18.74684095189185,19.0,,17.3,19.0,19.0,18.8,,17.6,18.8,18.8
242,3,0,once,20.0,20.00718156239692,,18.138678898983404,20.00718156239692,19.886459250290564,19.782233371250637,,18.464072921917797,19.782233371250637,19.697068185090348,20.0,,18.1,20.0,20.0,19.8,,18.5,19.8,19.8
243,3,0,once,21.0,20.999110895561316,,18.95443743242647,20.999110895561316,20.86700634318075,20.753318168346738,,19.309734900083498,20.753318168346738,20.660049524274054,21.0,,18.9,21.0,21.0,20.8,,19.3,20.8,20.8
244,3,0,once,22.0,21.99318406091168,,19.78111213760996,21.99318406091168,21.85026404139259,21.728132708923773,,20.164252623601953,21.728132708923773,21.627091793406837,22.0,,19.7,22.0,22.0,21.8,,20.1,21.8,21.8
245,3,0,thrice,18.0,17.988529842835295,16.783336015804526,16.598422809371556,17.374356106107097,17.324223738914696,17.649955313068517,16.881728274829946,16.74084345578961,17.258462376290826,17.22501947353427,18.0,16.6,16.2,18.0,17.8,17.6,16.8,16.4,17.5,17.5
246,3,0,thrice,19.0,18.928703558323047,17.36859258928395,17.085531636497706,18.13366199565088,18.065943215890258,18.49051279571187,17.49780798546457,17.29421660340038,17.984624689497668,17.940018030870633,19.0,17.3,16.9,18.8,18.5,18.5,17.5,17.2,18.3,18.2
247,3,0,thrice,20.0,19.869996509116284,18.052702695058663,17.712387460514236,18.943893082862743,18.864326588785463,19.360634493361587,18.204106144046236,17.965738612292984,18.771260965220403,18.719216875156814,20.0,18.0,17.6,19.5,19.3,19.4,18.2,17.9,19.1,19.0
248,3,0,thrice,21.0,20.80716488700444,18.782464455886632,18.40978128168506,19.775365850497206,19.68713663372821,20.241465261266686,18.952593395107787,18.697795024426302,19.584648712386,19.52734987636778,21.0,18.8,18.4,20.3,20.1,20.4,19.0,18.7,19.9,19.8
249,3,0,thrice,22.0,21.732253424388276,19.52653820175796,19.144705961122682,20.608208204393513,20.51365261288169,21.11981379382347,19.7139800881391,19.458247929596524,20.403392815825402,20.34232783680493,22.0,19.5,19.1,21.1,20.8,21.3,19.7,19.4,20.7,20.6
250,3,0,twice,18.0,18.018615734622536,16.693056779420207,16.611409807931288,17.539404688695925,17.479447756430115,17.691554099127494,16.81954641304549,16.762809599742514,17.376309187791488,17.3366715195153,18.0,16.5,16.2,18.0,18.0,17.7,16.6,16.5,17.6,17.6
251,3,0,twice,19.0,18.975912824591656,17.24222167524133,17.113793926736406,18.349155375793707,18.269339760147325,18.55274471492586,17.407814937919515,17.33038230293299,18.138834044413287,18.08660068913425,19.0,17.2,16.9,19.0,19.0,18.6,17.3,17.2,18.5,18.4
252,3,0,twice,20.0,19.938620936198753,17.898505394843838,17.754552041339913,19.201086103404684,19.10762681114228,19.44491915164729,18.095928063517103,18.015497922165498,18.957237009897607,18.896392076519643,20.0,17.9,17.7,20.0,20.0,19.5,18.1,18.0,19.4,19.3
253,3,0,twice,21.0,20.901350462277804,18.606374096314624,18.467418510186207,20.071679310803287,19.96802943282117,20.350922805560995,18.83097564617023,18.762914144496943,19.80143727332856,19.734339208261076,21.0,18.6,18.4,21.0,21.0,20.4,18.9,18.7,20.3,20.2
254,3,0,twice,22.0,21.861278933848894,19.33980508615976,19.21922830838961,20.94972527183672,20.837919386508894,21.263003650158947,19.588282253446916,19.542862952995996,20.657564722675293,20.585544822688167,22.0,19.3,19.2,22.0,22.0,21.4,19.6,19.5,21.2,21.2
255,3,9,once,18.0,17.90429908622481,,16.518475922430316,17.90429908622481,17.814762271651485,17.637360466946316,,16.654823797652757,17.637360466946316,17.5738796377407,18.0,,16.1,18.0,18.0,17.7,,16.3,17.7,17.7
256,3,9,once,19.0,18.800383162974367,,16.94645746706855,18.800383162974367,18.68060265590554,18.455303782693463,,17.15090969849257,18.455303782693463,18.37102802926483,19.0,,16.7,19.0,19.0,18.6,,17.0,18.6,18.6
257,3,9,once,20.0,19.70594011134046,,17.509964394134325,19.70594011134046,19.564060053526568,19.30172648494716,,17.762236218902665,19.30172648494716,19.202261374181635,20.0,,17.4,20.0,20.0,19.5,,17.7,19.5,19.5
258,3,9,once,21.0,20.607184467010025,,18.141133635037928,20.607184467010025,20.44785509379758,20.15586719675822,,18.428148221763383,20.15586719675822,20.044240794818624,21.0,,18.1,21.0,21.0,20.4,,18.5,20.4,20.4
259,3,9,once,22.0,21.49410127452291,,18.797953348779853,21.49410127452291,21.31990553065289,21.00198886031306,,19.113304133661156,21.00198886031306,20.879962602868588,22.0,,18.8,22.0,22.0,21.3,,19.2,21.3,21.3
260,3,9,thrice,18.0,17.777363614317927,16.548298045075494,16.43322381254483,17.15102469985025,17.104648216453008,17.38499074273867,16.588642177141203,16.499990164025974,16.979166913159226,16.948207725251354,18.0,16.2,16.0,17.3,17.1,17.5,16.3,16.1,17.1,17.0
261,3,9,thrice,19.0,18.5383699281538,16.86483065397259,16.705480288870184,17.685524645899434,17.62220484279506,18.01363739341531,16.925221396657744,16.818322666185477,17.458974313626506,17.41758237469689,19.0,16.5,16.2,17.8,17.6,18.2,16.7,16.4,17.5,17.4
262,3,9,thrice,20.0,19.248812773910977,17.24819346735912,17.062166628485713,18.22928561760057,18.153879087212342,18.622792981512067,17.322038718855662,17.20709074646816,17.959921094730973,17.91128138870022,20.0,17.0,16.7,18.2,18.1,18.9,17.1,16.9,18.0,17.9
263,3,9,thrice,21.0,19.882563460432824,17.649561838576368,17.457143946597505,18.744612933757338,18.66143069594816,19.18404411562215,17.7321179426004,17.62414740029742,18.44413414999015,18.3911555279856,20.6,17.4,17.1,18.7,18.6,19.6,17.6,17.4,18.4,18.4
264,3,9,thrice,22.0,20.415815608771755,18.02080689281504,17.84255439885115,19.195305331018574,19.107905284214823,19.667876574957432,18.11053936976629,18.019597914028907,18.87424853836637,18.819030313938118,20.9,17.8,17.6,19.1,19.0,19.9,18.0,17.8,18.8,18.8
265,3,9,twice,18.0,17.85137685278057,16.50078655452528,16.45019845188494,17.363116570651915,17.304133734705623,17.468756588125107,16.573765134314627,16.53558505880718,17.145202672252363,17.10581581493774,18.0,16.1,16.0,18.0,18.0,17.5,16.3,16.2,17.4,17.4
266,3,9,twice,19.0,18.679707483315,16.81364489239207,16.756563455993774,18.005095613015943,17.924429049523074,18.16651428211135,16.91888984972582,16.895185314734654,17.715477829284694,17.662479452081897,19.0,16.5,16.3,18.9,18.6,18.3,16.6,16.5,18.1,18.1
267,3,9,twice,20.0,19.484588921455977,17.218276922754267,17.167054068733517,18.66528040331609,18.568481318834714,18.86730439005315,17.348561613040083,17.346316166516196,18.31825426156993,18.255458196915267,20.0,17.0,16.8,19.4,19.2,19.1,17.1,17.1,18.8,18.7
268,3,9,twice,21.0,20.2473215637256,17.670159154728346,17.63862033350437,19.315635584243978,19.20728510529039,19.54961373528454,17.820786159625165,17.84781972545142,18.924614547200868,18.855043781747284,21.0,17.5,17.4,20.0,19.7,19.9,17.7,17.7,19.3,19.2
269,3,9,twice,22.0,20.943413171517147,18.125673522398095,18.12677943608884,19.924754620644066,19.808589026856364,20.184753809317222,18.293353809244724,18.35415317998301,19.500982054961728,19.426886450985,21.8,18.0,18.0,20.5,20.2,20.7,18.2,18.3,19.8,19.6
270,4,0,once,18.0,18.041937510502684,,16.836423056171636,18.041937510502684,17.96405028290911,17.911317559759155,,17.06427903901693,17.911317559759155,17.856591146642717,18.0,,16.7,18.0,18.0,17.9,,17.0,17.9,17.9
271,4,0,once,19.0,19.01767312948961,,17.543481694609817,19.01767312948961,18.922426918718394,18.857791675282588,,17.825205007699743,18.857791675282588,18.791077159750095,19.0,,17.5,19.0,19.0,18.9,,17.8,18.9,18.9
272,4,0,once,20.0,20.005102851529166,,18.35022189489019,20.005102851529166,19.898182449831022,19.825786351831436,,18.668171070286682,19.825786351831436,19.750993847622517,20.0,,18.4,20.0,20.0,19.8,,18.7,19.8,19.8
273,4,0,once,21.0,20.997821314115743,,19.1935073083749,20.997821314115743,20.88124617467175,20.801743825110023,,19.53839101359472,20.801743825110023,20.72011971217804,21.0,,19.2,21.0,21.0,20.8,,19.6,20.8,20.8
274,4,0,once,22.0,21.992180586139153,,20.039443192596238,21.992180586139153,21.866015942277006,21.779795122950098,,20.41189830995988,21.779795122950098,21.69141651412039,22.0,,20.0,22.0,22.0,21.8,,20.4,21.8,21.8
275,4,0,thrice,18.0,17.983306870482714,16.86367908882654,16.671180397948614,17.412738084797326,17.364826695496408,17.681061661520584,16.966264470704456,16.836153233426337,17.31679688365664,17.28574292056031,18.0,16.8,16.4,18.0,17.8,17.7,16.9,16.6,17.5,17.5
276,4,0,thrice,19.0,18.92257290461215,17.503847716060196,17.23807330803082,18.19958235246993,18.137460099594033,18.538698513059796,17.633820859958945,17.456996737254894,18.077567633509915,18.03747309423591,19.0,17.5,17.1,18.7,18.6,18.6,17.6,17.4,18.4,18.3
277,4,0,thrice,20.0,19.862875885306174,18.231552610880886,17.923224578165517,19.031544120411667,18.95993657052026,19.420877644737278,18.38168565100703,18.18195154011357,18.89129940126106,18.845469060442078,20.0,18.3,17.9,19.5,19.3,19.5,18.4,18.2,19.2,19.1
278,4,0,thrice,21.0,20.797037895431348,18.99285718733084,18.668715261462467,19.877616983728714,19.799510907735907,20.311372526770548,19.160323558685032,18.95643314435012,19.724791322958783,19.675148377479644,21.0,19.0,18.7,20.3,20.1,20.5,19.2,19.0,20.0,19.9
279,4,0,thrice,22.0,21.718092756182013,19.75626255177783,19.43884856052802,20.71833275041292,20.635666403326077,21.19548515925311,19.942154763902394,19.74894311017942,20.556780749221375,20.504587070560245,22.0,19.8,19.4,21.1,20.9,21.4,20.0,19.8,20.8,20.7
280,4,0,twice,18.0,18.013006270695275,16.77801626963238,16.685170125420676,17.566537369560713,17.50959300784757,17.72089286635575,16.905202200963522,16.856192259064425,17.42600747074125,17.38919221156398,18.0,16.6,16.4,18.0,18.0,17.7,16.8,16.7,17.6,17.6
281,4,0,twice,19.0,18.9705616913682,17.38707879706357,17.26542707973354,18.398106961226983,18.324925511262965,18.597533007356976,17.550270915591522,17.49233904326237,18.218930787980312,18.171986335024865,19.0,17.3,17.2,19.0,19.0,18.6,17.5,17.4,18.5,18.5
282,4,0,twice,20.0,19.932734574346753,18.091482764003892,17.965175962152518,19.26709220334109,19.18297654116806,19.502861981652682,18.283104310961193,18.23051377351619,19.06189981482106,19.008184694621068,20.0,18.1,18.0,20.0,20.0,19.6,18.3,18.2,19.4,19.4
283,4,0,twice,21.0,20.895119536927186,18.838298819862455,18.726446027794736,20.151545512369626,20.059471089288444,20.42056318417744,19.054967723569828,19.021314321520457,19.9268782926665,19.868370601723615,21.0,18.9,18.7,21.0,21.0,20.5,19.1,19.0,20.4,20.3
284,4,0,twice,22.0,21.854146514770495,19.59842166500513,19.5147723059084,21.0386654225593,20.940208029884808,21.341591384279408,19.838680023530173,19.83362804825872,20.798264569358757,20.735940252969137,22.0,19.6,19.5,22.0,22.0,21.5,19.9,19.8,21.3,21.3
285,4,9,once,18.0,17.89819821784171,,16.586093914336352,17.89819821784171,17.813424313931677,17.66125196083679,,16.743524028930253,17.66125196083679,17.601958367097975,18.0,,16.3,18.0,18.0,17.7,,16.5,17.7,17.7
286,4,9,once,19.0,18.797361640322084,,17.089171295168995,18.797361640322084,18.686996965964116,18.493604151004465,,17.305512432929376,18.493604151004465,18.416842591061915,19.0,,17.0,19.0,19.0,18.6,,17.2,18.6,18.6
287,4,9,once,20.0,19.704176861448772,,17.712967909083893,19.704176861448772,19.575526604040416,19.35263806374168,,17.96966393455174,19.35263806374168,19.26328532278595,20.0,,17.7,20.0,20.0,19.5,,18.0,19.5,19.5
288,4,9,once,21.0,20.60267027599652,,18.385088819505974,20.60267027599652,20.459394290388538,20.21196588574825,,18.673307682538233,20.21196588574825,20.112554533829933,21.0,,18.5,21.0,21.0,20.5,,18.7,20.5,20.5
289,4,9,once,22.0,21.483949005479012,,19.07081255774056,21.483949005479012,21.32803838404757,21.059875019512198,,19.382578592464913,21.059875019512198,20.951506374004914,22.0,,19.2,22.0,22.0,21.4,,19.5,21.4,21.4
290,4,9,thrice,18.0,17.757460091402724,16.58624763311425,16.469825639646064,17.160603456497903,17.11597290989232,17.398730760895255,16.635297687929043,16.562480274758748,17.009680856515367,16.980787620630792,18.0,16.3,16.0,17.2,17.1,17.5,16.4,16.2,17.1,17.0
291,4,9,thrice,19.0,18.503206644888774,16.943384240220343,16.791682404925673,17.708312136286953,17.64908949631854,18.027625370545884,17.010332926240693,16.923876166408107,17.509207263971618,17.47138953706695,19.0,16.7,16.4,17.8,17.6,18.2,16.8,16.6,17.6,17.5
292,4,9,thrice,20.0,19.18779346716052,17.359528812804932,17.193440450172954,18.256099237311968,18.1874417886096,18.629449606369327,17.437611993036647,17.351806489521056,18.022082273301283,17.978776345003048,19.9,17.2,16.9,18.3,18.1,19.0,17.3,17.1,18.1,18.0
293,4,9,thrice,21.0,19.78048426086268,17.772354247056192,17.613606004387755,18.757129604745536,18.683247551652194,19.167368264600626,17.85772776542765,17.7859715771576,18.49996790035439,18.453837226494777,20.3,17.6,17.4,18.7,18.6,19.5,17.8,17.6,18.5,18.4
294,4,9,thrice,22.0,20.265113272469453,18.133311425106154,17.99693450880629,19.17873473551254,19.10237966328848,19.615174790477617,18.225941773448753,18.177508027758105,18.90721361932152,18.86006798346273,20.6,18.0,17.8,19.1,19.0,19.8,18.2,18.1,18.9,18.8
295,4,9,twice,18.0,17.836616202525338,16.54623261789831,16.493103180748633,17.370121623156543,17.31345823369475,17.486564927970914,16.62562525670085,16.60345936851005,17.175321283371144,17.13837378850299,18.0,16.2,16.0,18.0,18.0,17.5,16.4,16.2,17.4,17.4
296,4,9,twice,19.0,18.658148533661816,16.91091138621517,16.85828465537011,18.026493987009125,17.951017010550316,18.191256472071856,17.019018200294692,17.015951535910165,17.767473338104953,17.718918176083644,19.0,16.7,16.5,18.8,18.6,18.4,16.8,16.8,18.2,18.1
297,4,9,twice,20.0,19.45017205503459,17.364663189151614,17.32709418725761,18.69622679972419,18.607768346978276,18.89614661436906,17.49533685719924,17.51869156325033,18.38973118392516,18.33345408087196,20.0,17.2,17.1,19.3,19.1,19.2,17.4,17.4,18.8,18.7
298,4,9,twice,21.0,20.18731834125845,17.848489880500953,17.84061672397813,19.341793946795395,19.244804208023055,19.57015999835882,17.99710988758873,18.054549375178453,19.00147688855172,18.940296735560825,21.0,17.7,17.7,19.9,19.6,20.0,17.9,18.0,19.3,19.2
299,4,9,twice,22.0,20.8406824986124,18.311850477507324,18.339120719167024,19.92646873765485,19.823911579636565,20.176233052961074,18.476719256799356,18.567861279139,19.56183127126057,19.497611745132605,21.5,18.3,18.3,20.3,20.1,20.6,18.5,18.6,19.8,19.7
300,5,0,once,18.0,18.052801968036107,,16.664891661670115,18.052801968036107,17.9631303050187,17.461282682211742,,16.525178502211745,17.461282682211742,17.400801815261538,18.0,,16.2,18.0,18.0,17.4,,16.2,17.4,17.4
301,5,0,once,19.0,19.019277589163647,,17.16061387166576,19.019277589163647,18.899190962690973,18.34341846957748,,17.0794311528356,18.34341846957748,18.261753361821395,19.0,,16.9,19.0,19.0,18.3,,17.0,18.3,18.3
302,5,0,once,20.0,20.00363037858664,,17.809267192913293,20.00363037858664,19.861854505015447,19.253162844751454,,17.757413114812177,19.253162844751454,19.15652377151575,20.0,,17.7,20.0,20.0,19.3,,17.7,19.3,19.2
303,5,0,once,21.0,20.99627890772859,,18.539761979036403,20.99627890772859,20.837565511613683,20.176059287786625,,18.49920089016165,20.176059287786625,20.067718942974686,21.0,,18.4,21.0,21.0,20.2,,18.5,20.2,20.2
304,5,0,once,22.0,21.99138429078798,,19.30372754592148,21.99138429078798,21.817737154638994,21.104931022282173,,19.26525451783761,21.104931022282173,20.98607114292907,22.0,,19.2,22.0,22.0,21.1,,19.2,21.1,21.1
305,5,0,thrice,18.0,18.00738071215449,16.513775619943235,16.571638701495303,17.246230928522024,17.202646118625708,17.246109539759534,16.266520163180303,16.3575488608615,16.74690513431119,16.721749168261834,18.0,16.1,16.0,18.0,17.6,17.2,16.0,15.9,16.9,16.9
306,5,0,thrice,19.0,18.92711918733269,16.887042517356956,16.92519605444134,17.88748433067405,17.82531173231798,18.011902212594734,16.681029571320973,16.762379260866787,17.333681826074645,17.296770470295154,19.0,16.6,16.4,18.7,18.3,18.0,16.5,16.4,17.6,17.6
307,5,0,thrice,20.0,19.849738356261152,17.386441995142285,17.40377542874008,18.594428300031726,18.51750126623462,18.801972743433026,17.20410343458077,17.274801411504306,17.987689312659995,17.94163025297263,20.0,17.2,17.1,19.3,19.1,18.9,17.1,17.1,18.4,18.3
308,5,0,thrice,21.0,20.76389512202581,17.969189428611497,17.98468446369472,19.33969695548806,19.252150791307894,19.603100876373016,17.797788252514664,17.87363386697596,18.683103133861042,18.630804037161404,21.0,17.8,17.7,20.0,19.8,19.7,17.7,17.7,19.1,19.0
309,5,0,thrice,22.0,21.662519160362372,18.5973305937645,18.62371931324725,20.10048135905533,20.00506906337512,20.40377779267483,18.428684407688753,18.519370785896125,19.397258793459052,19.34053922215813,22.0,18.4,18.4,20.7,20.5,20.6,18.4,18.4,19.8,19.7
310,5,0,twice,18.0,18.034642475500224,16.396143212947962,16.57968160988113,17.442298436575296,17.38656552282599,17.294425239015457,16.16949596002381,16.37725340333408,16.8877450726876,16.85476265535307,18.0,16.0,16.0,18.0,18.0,17.2,15.9,16.0,17.1,17.1
311,5,0,twice,19.0,18.97787994635813,16.691446064222028,16.942777077376633,18.151297041236983,18.073215630318693,18.08506796835821,16.523211433755776,16.790326823956182,17.520431517752435,17.47326009624974,19.0,16.3,16.5,19.0,19.0,18.1,16.2,16.5,17.9,17.9
312,5,0,twice,20.0,19.929196172764517,17.12000978852066,17.43369284679089,18.913629765768437,18.818012344327826,18.90160201297725,16.992640728857573,17.315153963318064,18.211481569819167,18.15357063226456,20.0,16.8,17.1,20.0,20.0,18.9,16.8,17.1,18.7,18.7
313,5,0,twice,21.0,20.879531052491448,17.645395172656997,18.026498174069715,19.710338515590895,19.60154707353053,19.733074507408357,17.543619936012643,17.924668040380332,18.941551194884546,18.875851269507137,21.0,17.4,17.8,21.0,21.0,19.8,17.4,17.8,19.5,19.5
314,5,0,twice,22.0,21.821410804251688,18.22460379741321,18.68033826022757,20.52110677704971,20.402176343738272,20.569723526402075,18.140153966989082,18.584756978482456,19.691394754114423,19.619895861683375,22.0,18.0,18.5,22.0,22.0,20.7,18.0,18.5,20.4,20.3
315,5,9,once,18.0,17.92558062824214,,16.505053108555106,17.92558062824214,17.833801595787335,17.24170795481786,,16.287353201240244,17.24170795481786,17.180047934376088,18.0,,16.0,18.0,18.0,17.2,,15.9,17.2,17.2
316,5,9,once,19.0,18.810122684545227,,16.815081418505983,18.810122684545227,18.681224824724225,18.005277856646867,,16.652767430555954,18.005277856646867,17.917893348728988,19.0,,16.3,19.0,19.0,18.1,,16.3,18.1,18.0
317,5,9,once,20.0,19.709789756487613,,17.247782327132608,19.709789756487613,19.550721623958562,18.797141605198377,,17.1264250527903,18.797141605198377,18.6891980795988,20.0,,16.9,20.0,20.0,18.9,,16.9,18.9,18.9
318,5,9,once,21.0,20.612106850940446,,17.776933193740163,20.612106850940446,20.42892877695528,19.60331807108388,,17.677726064520513,19.60331807108388,19.478907266776464,21.0,,17.5,21.0,21.0,19.8,,17.5,19.8,19.8
319,5,9,once,22.0,21.50597373359563,,18.358330922879176,21.50597373359563,21.30260730269077,20.410023830643844,,18.272153690997293,20.410023830643844,20.271897923041568,22.0,,18.2,22.0,22.0,20.7,,18.2,20.7,20.6
320,5,9,thrice,18.0,17.83804412587304,16.396492632357855,16.455304655484202,17.103421156852697,17.06154692028268,17.041222802417906,16.084190396783516,16.181179668357135,16.55351355967596,16.529457394750054,18.0,16.0,16.0,17.2,17.0,17.0,15.8,15.8,16.6,16.5
321,5,9,thrice,19.0,18.61924526035189,16.603346263916116,16.663368118533693,17.591931485805006,17.531937824126476,17.650845239755387,16.31562475076926,16.422322803096467,16.970409164923314,16.934997787605386,19.0,16.0,16.0,17.7,17.4,17.8,15.9,15.9,17.1,16.9
322,5,9,thrice,20.0,19.368925018246916,16.86905694478444,16.941910580907944,18.094977806130327,18.020479147836415,18.2498180585984,16.598690380802633,16.726668748354292,17.40839385533513,17.36434819634456,20.0,16.2,16.3,18.1,17.9,18.5,16.1,16.2,17.5,17.3
323,5,9,thrice,21.0,20.069501381975176,17.17870441125965,17.27458995607739,18.596334545399948,18.510937791110297,18.82248800155678,16.918796181318925,17.074780460519342,17.8523556522276,17.802117203646493,21.0,16.6,16.7,18.6,18.3,19.2,16.5,16.7,17.9,17.8
324,5,9,thrice,22.0,20.693966549562973,17.506147462165618,17.63675902253957,19.069435526413013,18.976871558785547,19.34499712230878,17.250591677181344,17.44638542066053,18.2776760079724,18.22396705497086,21.7,16.9,17.1,19.0,18.8,19.8,16.8,17.1,18.3,18.1
325,5,9,twice,18.0,17.898685513905168,16.327551893139344,16.465299788538577,17.330695246295576,17.274782807639532,17.11762203426454,16.03635478693802,16.20707743968035,16.726726400023626,16.693152338180067,18.0,16.0,16.0,18.0,18.0,17.1,15.8,15.8,16.9,16.9
326,5,9,twice,19.0,18.73556711751541,16.49623489471202,16.693146493862574,17.926012225629833,17.846357856080406,17.784550379304118,16.245674002886673,16.473795998415916,17.22822162832661,17.179478852553025,19.0,16.0,16.0,19.0,18.8,17.9,15.9,16.0,17.6,17.6
327,5,9,twice,20.0,19.56161572148737,16.738106102410313,17.004556517969117,18.540871232959322,18.441611291751745,18.455922540714035,16.5202908227106,16.816369714927895,17.756160303453473,17.695441260893837,20.0,16.1,16.4,19.7,19.4,18.6,16.1,16.4,18.3,18.2
328,5,9,twice,21.0,20.362369520644663,17.035910824899418,17.38308029319369,19.15980078949649,19.04500844240474,19.119402518497814,16.84489643056072,17.2150842047648,18.29713170429595,18.2272215679552,21.0,16.5,16.9,20.3,20.0,19.4,16.4,16.9,19.0,18.8
329,5,9,twice,22.0,21.11510636746543,17.37082705335641,17.80734878766216,19.761488711069532,19.63523345098759,19.75417341586858,17.19849325183736,17.649822631207122,18.830253616109566,18.75398700939301,22.0,16.8,17.4,20.8,20.4,20.1,16.8,17.4,19.5,19.3
330,6,0,once,18.0,18.05628687581692,,16.725917088984037,18.05628687581692,17.970332855109508,17.45742751485711,,16.560842116704013,17.45742751485711,17.39949992161081,18.0,,16.3,18.0,18.0,17.4,,16.3,17.4,17.4
331,6,0,once,19.0,19.020917791796396,,17.26398842141324,19.020917791796396,18.907404131926768,18.33999717294831,,17.148452260247385,18.33999717294831,18.263012505141077,19.0,,17.1,19.0,19.0,18.3,,17.1,18.3,18.3
332,6,0,once,20.0,20.004227445599327,,17.942709456556432,20.004227445599327,19.871034583229278,19.25072047864441,,17.84684370018774,19.25072047864441,19.16001723592165,20.0,,17.8,20.0,20.0,19.3,,17.8,19.3,19.2
333,6,0,once,21.0,20.99650622367175,,18.69292048263527,20.99650622367175,20.847673576955,20.1741093172693,,18.601989502889996,20.1741093172693,20.07253604011198,21.0,,18.6,21.0,21.0,20.2,,18.6,20.2,20.2
334,6,0,once,22.0,21.99161910654756,,19.47059486325564,21.99161910654756,21.828737949626777,21.10310550052139,,19.377123908352498,21.10310550052139,20.991591349356643,22.0,,19.4,22.0,22.0,21.1,,19.4,21.1,21.1
335,6,0,thrice,18.0,18.006206559329396,16.54015014198893,16.616253760923982,17.259095739561346,17.217562285261447,17.24018639715427,16.281173721557767,16.381647915965473,16.751467997399494,16.727574247517165,18.0,16.1,16.0,17.9,17.6,17.2,16.0,16.0,16.9,16.9
336,6,0,thrice,19.0,18.919946218028315,16.939029943646617,17.004261138504987,17.91045984073736,17.851911140377787,18.005638104515608,16.718231770117715,16.814560334062826,17.34956839908679,17.315001999011532,19.0,16.7,16.6,18.6,18.4,18.0,16.5,16.6,17.6,17.6
337,6,0,thrice,20.0,19.83833506752628,17.46795083826703,17.525674077975015,18.630373570451187,18.558999908788426,18.79855579550976,17.266443102531504,17.362019178948373,18.01778231606583,17.97541403709196,20.0,17.3,17.3,19.3,19.1,18.9,17.2,17.2,18.4,18.3
338,6,0,thrice,21.0,20.749747118570422,18.074542639746827,18.13801881385239,19.386447461353413,19.305787585519578,19.60314865464045,17.880452289955326,17.98537518566302,18.725252635081983,18.677449804442155,21.0,17.9,18.0,20.0,19.8,19.7,17.8,17.9,19.1,19.0
339,6,0,thrice,22.0,21.6451590998544,18.720362819645402,18.80056899128123,20.154666018745353,20.06717900190955,20.405937294242197,18.525875688210537,18.649475285614045,19.447847038585582,19.396264942489957,22.0,18.6,18.6,20.7,20.5,20.6,18.5,18.6,19.9,19.7
340,6,0,twice,18.0,18.035871058153724,16.42100908773931,16.625111595970854,17.452072283431345,17.398643081447275,17.289147943333067,16.18373531361936,16.40080403383023,16.88952336202975,16.857947636489424,18.0,16.0,16.0,18.0,18.0,17.2,15.9,16.0,17.1,17.1
341,6,0,twice,19.0,18.975121823432833,16.742401373150997,17.023125539875174,18.167957194472223,18.09399062914606,18.08080830345452,16.56014726538955,16.843085949779486,17.531064692511364,17.486614991620446,19.0,16.4,16.6,19.0,19.0,18.1,16.3,16.6,17.9,17.9
342,6,0,twice,20.0,19.923739478829244,17.20402104576687,17.555670105754736,18.94051718621172,18.85104343552353,18.900506558635954,17.05776911195236,17.400374097280665,18.23432710601508,18.180446136309346,20.0,17.0,17.3,20.0,20.0,18.9,16.9,17.3,18.7,18.7
343,6,0,twice,21.0,20.871873141824402,17.75849101047517,18.181857083537622,19.746335042083395,19.645255498503815,19.735900293958693,17.63385071635191,18.037270739388422,18.975975303281242,18.91532642781702,21.0,17.6,18.0,21.0,21.0,19.8,17.5,18.0,19.6,19.5
344,6,0,twice,22.0,21.81111116365754,18.361164501471702,18.85801038301751,20.563899531244882,20.453683535194383,20.575341838699504,18.249396492922127,18.713190227317284,19.734474899101194,19.66849059556732,22.0,18.2,18.7,22.0,22.0,20.7,18.2,18.6,20.4,20.4
345,6,9,once,18.0,17.92420530824165,,16.549006965947292,17.92420530824165,17.835354954031658,17.23648821905221,,16.31275671186631,17.23648821905221,17.176806739599975,18.0,,16.0,18.0,18.0,17.2,,15.9,17.2,17.2
346,6,9,once,19.0,18.80585564653492,,16.896692560658927,18.80585564653492,18.682506300329553,18.00154981578436,,16.70949221333735,18.00154981578436,17.91807111158116,19.0,,16.5,19.0,19.0,18.1,,16.4,18.1,18.0
347,6,9,once,20.0,19.70310030722412,,17.37137263779746,19.70310030722412,19.552449435289425,18.79578326907591,,17.217000111990792,18.79578326907591,18.693779479212587,20.0,,17.1,20.0,20.0,18.9,,17.1,18.9,18.9
348,6,9,once,21.0,20.600028380430157,,17.932142371820834,20.600028380430157,20.427658614145145,19.60172147539166,,17.7929465497679,19.60172147539166,19.484858119841295,21.0,,17.8,21.0,21.0,19.8,,17.7,19.8,19.8
349,6,9,once,22.0,21.483752342474254,,18.534958679001065,21.483752342474254,21.293233379911626,20.402575034715476,,18.402569657221104,20.402575034715476,20.273356448023623,22.0,,18.4,22.0,22.0,20.7,,18.3,20.7,20.7
350,6,9,thrice,18.0,17.826360245328416,16.412584043585916,16.489175546615648,17.105891725454875,17.066046236079515,17.027310446722826,16.09052678983777,16.19625007993981,16.54992008332171,16.52706977576425,18.0,16.0,16.0,17.2,17.0,17.0,15.8,15.8,16.6,16.5
351,6,9,thrice,19.0,18.589621699307454,16.628574303606943,16.715357408250867,17.590260617376078,17.533733891274487,17.626090316301774,16.329902576525857,16.452567084135108,16.965545555961636,16.93240246850863,19.0,16.0,16.0,17.6,17.4,17.8,15.9,16.0,17.0,16.9
352,6,9,thrice,20.0,19.314237278361787,16.908178634236187,17.01902288185032,18.088095893377677,18.01902402728448,18.210113141880594,16.624610212383107,16.776893951926827,17.402131689468032,17.36173562968708,20.0,16.3,16.4,18.1,17.9,18.5,16.2,16.4,17.4,17.3
353,6,9,thrice,21.0,19.97346249721484,17.22906225400196,17.37342219537379,18.574900278717184,18.497273837499627,18.756163171520207,16.952674188291475,17.14155724846133,17.837094766808367,17.79215670007948,20.9,16.7,16.9,18.5,18.3,19.1,16.6,16.8,17.8,17.7
354,6,9,thrice,22.0,20.537094640010842,17.55163438432297,17.75007780807901,19.01568684653852,18.933916960769984,19.23521878183738,17.277082156861155,17.519322596829248,18.23734104548279,18.19095050563838,21.3,17.0,17.3,18.9,18.7,19.6,16.9,17.2,18.2,18.1
355,6,9,twice,18.0,17.892307711196423,16.344457909011226,16.501563895850367,17.33273492136962,17.279033693150232,17.10767558337173,16.0435904791257,16.224383884014774,16.722991572329125,16.690776968547215,18.0,16.0,16.0,18.0,18.0,17.1,15.8,15.8,16.9,16.9
356,6,9,twice,19.0,18.7182738683145,16.525544383635207,16.75129314535294,17.92556662156145,17.84969784606071,17.76859635863421,16.26497714621702,16.509976451909562,17.22501364386328,17.178815720389636,19.0,16.0,16.1,19.0,18.8,17.8,15.9,16.0,17.6,17.6
357,6,9,twice,20.0,19.52950574619174,16.786335281143927,17.092326066742306,18.53780516391933,18.44441403200956,18.432709585057886,16.556138925952684,16.875690936642336,17.754298877804402,17.697532792227456,20.0,16.2,16.6,19.6,19.3,18.6,16.1,16.5,18.3,18.2
358,6,9,twice,21.0,20.303803386915227,17.103015193179644,17.49989181629547,19.146666579012578,19.04026991136726,19.080294182031285,16.896796974564886,17.297319498917773,18.290924553120213,18.226728605309923,21.0,16.6,17.1,20.1,19.8,19.4,16.5,17.0,18.9,18.7
359,6,9,twice,22.0,21.01369953442411,17.45130839345971,17.9462336896522,19.725837400520998,19.610858771474437,19.687005794555382,17.260599685312105,17.74810607959873,18.809820660774804,18.741224216388453,22.0,17.0,17.6,20.6,20.3,20.1,16.9,17.5,19.3,19.1
360,7,0,once,18.0,18.064909718606113,,16.77678259164705,18.064909718606113,17.981684958963907,17.508741668135116,,16.632786411944164,17.508741668135116,17.4521469701988,18.0,,16.4,18.0,18.0,17.4,,16.4,17.4,17.4
361,7,0,once,19.0,19.026605457292305,,17.351455120666326,19.026605457292305,18.918375468797787,18.396320341290178,,17.251568762795998,18.396320341290178,18.322358949610525,19.0,,17.2,19.0,19.0,18.4,,17.2,18.4,18.4
362,7,0,once,20.0,20.006901392698317,,18.057834434375945,20.006901392698317,19.880973892424425,19.310560375274523,,17.97480023455015,19.310560375274523,19.224258088547693,20.0,,18.0,20.0,20.0,19.3,,18.0,19.3,19.3
363,7,0,once,21.0,20.998116691660172,,18.829201421592487,20.998116691660172,20.857984985512644,20.239780596151622,,18.747590429561246,20.239780596151622,20.14337150317015,21.0,,18.7,21.0,21.0,20.3,,18.7,20.3,20.2
364,7,0,once,22.0,21.99298448914614,,19.620294190500235,21.99298448914614,21.83968705779993,21.17400569230342,,19.53663275217218,21.17400569230342,21.068216468138278,22.0,,19.5,22.0,22.0,21.2,,19.5,21.2,21.2
365,7,0,thrice,18.0,18.013812774080133,16.583794465663253,16.655399790610247,17.28506718281375,17.24438492694481,17.288871521304014,16.357295209724473,16.44721717896699,16.81413485115372,16.790428623377654,18.0,16.2,16.1,18.0,17.7,17.2,16.1,16.0,17.0,16.9
366,7,0,thrice,19.0,18.926544248748364,17.015597006624226,17.073541343967552,17.952714494510943,17.895911891253466,18.06264928150079,16.825350508506602,16.90720339178972,17.432114678837536,17.398200622698397,19.0,16.8,16.7,18.7,18.4,18.1,16.7,16.7,17.7,17.7
367,7,0,thrice,20.0,19.84666012825856,17.578188313840226,17.63216551458267,18.690633786540214,18.62224708333451,18.866574680180786,17.405308697441935,17.487051961024804,18.121905093560333,18.080887791573918,20.0,17.4,17.4,19.4,19.1,18.9,17.3,17.4,18.5,18.4
368,7,0,thrice,21.0,20.764327214670285,18.213798303272338,18.276723071393977,19.464562946871236,19.387817658257212,19.68586287669387,18.04776592607971,18.140404157650607,18.851079207281597,18.805163117983117,21.0,18.1,18.1,20.1,19.9,19.8,18.0,18.1,19.2,19.2
369,7,0,thrice,22.0,21.66598840134137,18.883210357323637,18.965578258294002,20.247868633842828,20.165020981570727,20.501977046775643,18.717480021639584,18.82952014798397,19.592587053625454,19.54328597263444,22.0,18.8,18.8,20.8,20.6,20.7,18.7,18.8,20.0,19.9
370,7,0,twice,18.0,18.04415402909669,16.462917082414148,16.664980767908542,17.472511245421412,17.420337412196258,17.337209778038236,16.25949229796198,16.4666271406229,16.947597442190144,16.916522374438507,18.0,16.0,16.1,18.0,18.0,17.3,15.9,16.1,17.1,17.1
371,7,0,twice,19.0,18.981005638154706,16.82113013001725,17.093005481543887,18.20017563639304,18.128642347409468,18.134485342061904,16.670112471155626,16.934137519286885,17.60509081582113,17.56174111402032,19.0,16.5,16.8,19.0,19.0,18.1,16.5,16.7,17.9,17.9
372,7,0,twice,20.0,19.928315671910255,17.322841861399446,17.662387319399837,18.986394661932458,18.900851713149976,18.962343940858144,17.20495243065553,17.525403564669876,18.32701842749522,18.275226796927083,20.0,17.1,17.5,20.0,20.0,19.0,17.1,17.4,18.8,18.7
373,7,0,twice,21.0,20.877933282132616,17.91199483174186,18.320394850104982,19.805698462709763,19.70973430391858,19.80861853016443,17.81367630083362,18.190348915866096,19.087414581800726,19.02945595887588,21.0,17.8,18.2,21.0,21.0,19.9,17.7,18.1,19.6,19.6
374,7,0,twice,22.0,21.821014199656044,18.543856000693705,19.022714482631063,20.63626839711872,20.532018099230818,20.659892859820655,18.457651641214408,18.89261774720766,19.863746967094276,19.801003163152046,22.0,18.4,18.9,22.0,22.0,20.8,18.4,18.8,20.5,20.4
375,7,9,once,18.0,17.934545795219965,,16.58680870982105,17.934545795219965,17.84746968864188,17.289187126205523,,16.376612305596147,17.289187126205523,17.230226470450965,18.0,,16.0,18.0,18.0,17.3,,16.0,17.3,17.3
376,7,9,once,19.0,18.81701551230555,,16.963739729798945,18.81701551230555,18.697276995569272,18.06225081261664,,16.800679985264054,18.06225081261664,17.980741832112592,19.0,,16.6,19.0,19.0,18.1,,16.5,18.1,18.1
377,7,9,once,20.0,19.715141886285952,,17.474885785906633,19.715141886285952,19.570400911898428,18.865884416846036,,17.339466365382417,18.865884416846036,18.767263890356162,20.0,,17.3,20.0,20.0,19.0,,17.2,19.0,19.0
378,7,9,once,21.0,20.615997849599154,,18.06623018881407,20.615997849599154,20.45125960577902,19.683149443837927,,17.943548264578094,19.683149443837927,19.570755343141528,21.0,,17.9,21.0,21.0,19.9,,17.9,19.9,19.9
379,7,9,once,22.0,21.504899723136823,,18.695461406562302,21.504899723136823,21.323384386852823,20.496383831744634,,18.576259771796995,20.496383831744634,20.37232630665423,22.0,,18.6,22.0,22.0,20.8,,18.5,20.8,20.7
380,7,9,thrice,18.0,17.832470080942763,16.44094503274282,16.517819236054667,17.123340877460688,17.084218657293533,17.072716567578144,16.151653293608398,16.251789069398562,16.603337402128215,16.580624173843738,18.0,16.0,16.0,17.2,17.0,17.1,15.8,15.8,16.6,16.6
381,7,9,thrice,19.0,18.59260516750254,16.672617481108194,16.760306926825578,17.61416835063786,17.55900111576075,17.67414453557697,16.40738957831496,16.523476596476762,17.02859889124078,16.99596338447143,19.0,16.1,16.1,17.7,17.5,17.8,16.0,16.1,17.1,17.0
382,7,9,thrice,20.0,19.315405793199083,16.97538356862452,17.085960215947072,18.12291694911433,18.05592008749172,18.26351634498842,16.724565601021993,16.86738755509091,17.47925815525711,17.43972573445391,20.0,16.4,16.6,18.1,17.9,18.5,16.3,16.5,17.5,17.4
383,7,9,thrice,21.0,19.97298834041118,17.319221764360446,17.464528301093694,18.62061356229521,18.545919911353682,18.815488443934992,17.074363106935017,17.25471521762693,17.928200913619655,17.884687595719285,20.9,16.8,17.0,18.6,18.4,19.2,16.7,17.0,17.9,17.8
384,7,9,thrice,22.0,20.54270050751701,17.665752809027534,17.863570044234862,19.076591340076213,18.99821910206148,19.306724993705686,17.42342844105146,17.652533432854014,18.34698619056174,18.302118209262776,21.2,17.2,17.5,19.0,18.8,19.7,17.1,17.4,18.3,18.2
385,7,9,twice,18.0,17.900008462500416,16.37278415171526,16.531528770374145,17.34789212209653,17.295147604644907,17.15391081526262,16.10758339933072,16.279864674291453,16.775646496348276,16.743614469297455,18.0,16.0,16.0,18.0,18.0,17.1,15.8,15.9,17.0,16.9
386,7,9,twice,19.0,18.723685409642375,16.57354951908061,16.8013691339569,17.946376437486414,17.872398523637358,17.818020548070944,16.347104454557066,16.58497149639212,17.286260540810094,17.240950873045254,19.0,16.0,16.2,19.0,18.8,17.9,16.0,16.2,17.7,17.6
387,7,9,twice,20.0,19.533731590326322,16.86095981196054,17.166845399565428,18.567481274256227,18.47698742347258,18.488686015016153,16.66476412846663,16.9742168255805,17.829308692331605,17.774061959619463,20.0,16.3,16.7,19.6,19.3,18.7,16.3,16.7,18.3,18.3
388,7,9,twice,21.0,20.3082378521154,17.211872611188447,17.60630121439451,19.188851634058484,19.08660444467654,19.144786235108725,17.03649002818121,17.425983490816005,18.38260298669135,18.320796643243543,21.0,16.8,17.3,20.1,19.9,19.4,16.7,17.2,18.9,18.8
389,7,9,twice,22.0,21.021998113603615,17.597417210974676,18.079976496946074,19.783956614379136,19.673863959127598,19.76297815417243,17.43768344111418,17.900634672529016,18.922346428847028,18.856334531757405,22.0,17.2,17.8,20.6,20.3,20.2,17.1,17.7,19.3,19.2
390,8,0,once,18.0,18.058030484418584,,16.75732468712385,18.058030484418584,17.973993027959896,17.896925781203745,,16.971395354213662,17.896925781203745,17.83712807512667,18.0,,16.5,18.0,18.0,17.8,,16.8,17.8,17.8
391,8,0,once,19.0,19.027785773355934,,17.396567112958472,19.027785773355934,18.922394171786337,18.83019530941274,,17.675823686262454,18.83019530941274,18.75561237511706,19.0,,17.3,19.0,19.0,18.8,,17.6,18.8,18.8
392,8,0,once,20.0,20.01207058288675,,18.15392364990297,20.01207058288675,19.892017345406575,19.788567013495502,,18.476697941020785,19.788567013495502,19.703808307655265,20.0,,18.1,20.0,20.0,19.8,,18.5,19.8,19.8
393,8,0,once,21.0,21.002912410319336,,18.96780109835043,21.002912410319336,20.87142566010736,20.758740159005484,,19.320578743187106,20.758740159005484,20.665821816046012,21.0,,18.9,21.0,21.0,20.8,,19.3,20.8,20.8
394,8,0,once,22.0,21.99673764954086,,19.793804687460124,21.99673764954086,21.85440809026059,21.733375095113846,,20.173772633473956,21.733375095113846,21.632610553097106,22.0,,19.7,22.0,22.0,21.8,,20.2,21.8,21.8
395,8,0,thrice,18.0,18.005503844962202,16.832015697514855,16.621721451580797,17.407487505715228,17.35671985272377,17.670847616066595,16.923205280880858,16.763333278288712,17.289844762883636,17.255827319389745,18.0,16.7,16.2,18.0,17.8,17.6,16.8,16.4,17.5,17.5
396,8,0,thrice,19.0,18.947595469250082,17.42360966270101,17.108642506480003,18.17096349807995,18.102327874049976,18.515086289462445,17.545441559568648,17.31547674900041,18.020949733415783,17.975369744971132,19.0,17.4,16.9,18.8,18.6,18.5,17.5,17.2,18.3,18.3
397,8,0,thrice,20.0,19.897566284670585,18.114705380058364,17.735791067818678,18.989010067991295,18.908040691688637,19.394758624260607,18.258758404907972,17.988457718672528,18.815846349740593,18.762389498696788,20.0,18.1,17.6,19.6,19.4,19.5,18.3,17.9,19.2,19.1
398,8,0,thrice,21.0,20.846947041448566,18.851593305277895,18.436254301362112,19.830103250223917,19.740047896743068,20.287398390198017,19.01545462905664,18.723496466585463,19.639208501428886,19.580045153024578,21.0,18.9,18.4,20.4,20.2,20.4,19.0,18.7,20.0,19.9
399,8,0,thrice,22.0,21.79042425325334,19.605080942004882,19.176527054483074,20.67676067698846,20.579831903401555,21.18234779428994,19.787296468905613,19.490134313888262,20.471421579583197,20.408021473244148,22.0,19.6,19.1,21.2,21.0,21.3,19.8,19.5,20.8,20.7
400,8,0,twice,18.0,18.033065227695566,16.74042086760978,16.634499294578116,17.565753341357553,17.5055858372448,17.709474652365458,16.859594369660535,16.783749793957963,17.402229155973885,17.36226974888574,18.0,16.5,16.2,18.0,18.0,17.7,16.7,16.5,17.6,17.6
401,8,0,twice,19.0,18.98866638178132,17.296234392195316,17.1348713141744,18.37682478793431,18.29658326737533,18.572104642237864,17.45386964769368,17.349805289147913,18.16784456823349,18.114991770590372,19.0,17.2,17.0,19.0,19.0,18.6,17.4,17.2,18.5,18.5
402,8,0,twice,20.0,19.954603252034907,17.958607422256677,17.774917473595842,19.233018410033527,19.138811792201036,19.468437985735473,18.147063639415762,18.03509943911529,18.990739743740786,18.92899666497758,20.0,17.9,17.7,20.0,20.0,19.5,18.1,18.0,19.4,19.4
403,8,0,twice,21.0,20.922746483300667,18.67192335895109,18.489632889383422,20.109037444270612,20.00440914165723,20.381009698232056,18.887391928074116,18.784371616069148,19.84104266693339,19.772772080600298,21.0,18.7,18.4,21.0,21.0,20.5,18.9,18.8,20.3,20.3
404,8,0,twice,22.0,21.89119908401537,19.408725593420314,19.244598984396646,20.99374468317994,20.880733919479848,21.301169448438944,19.64925368639316,19.565917161042456,20.703975127502996,20.630446204203963,22.0,19.4,19.2,22.0,22.0,21.4,19.7,19.5,21.2,21.2
405,8,9,once,18.0,17.929461772867096,,16.542454724044788,17.929461772867096,17.83984846852439,17.66112859420728,,16.677708902607343,17.66112859420728,17.597590713707834,18.0,,16.1,18.0,18.0,17.7,,16.3,17.7,17.7
406,8,9,once,19.0,18.827745280900622,,16.970068290362995,18.827745280900622,18.70772240598816,18.482004152356602,,17.17394622220234,18.482004152356602,18.39749168106647,19.0,,16.7,19.0,19.0,18.6,,17.0,18.6,18.6
407,8,9,once,20.0,19.740619193586408,,17.5368450182563,19.740619193586408,19.598235284258667,19.3361874271397,,17.788731276445816,19.3361874271397,19.236207647579914,20.0,,17.4,20.0,20.0,19.5,,17.7,19.5,19.5
408,8,9,once,21.0,20.654562932147005,,18.177024581828487,20.654562932147005,20.494491360487476,20.202725165428255,,18.463516102504304,20.202725165428255,20.09035639902311,21.0,,18.2,21.0,21.0,20.4,,18.5,20.4,20.4
409,8,9,once,22.0,21.559507450531726,,18.846077130729885,21.559507450531726,21.38419510639649,21.066553890973566,,19.162342192815714,21.066553890973566,20.9435244495696,22.0,,18.9,22.0,22.0,21.4,,19.2,21.4,21.3
410,8,9,thrice,18.0,17.81336251994271,16.59161735660626,16.45790424096815,17.19075412661513,17.143405340683746,17.417871684641586,16.627053167859575,16.5238044382581,17.0148659998859,16.983138944705807,18.0,16.2,16.0,17.3,17.2,17.5,16.3,16.1,17.1,17.0
411,8,9,thrice,19.0,18.595377184090164,16.920838665753724,16.732409696540984,17.742022681241608,17.67679247513476,18.0655477341514,16.976967999568764,16.84543777440371,17.510801212621022,17.467812666644914,19.0,16.6,16.2,17.9,17.7,18.2,16.7,16.5,17.6,17.5
412,8,9,thrice,20.0,19.347356630351463,17.327108639057794,17.09957611635753,18.317826582900604,18.239116492770446,18.71133073918232,17.397302348258478,17.248914004583515,18.041694279950743,17.99047344430056,20.0,17.1,16.7,18.4,18.2,19.0,17.2,17.0,18.1,18.0
413,8,9,thrice,21.0,20.045390931442952,17.76571836975996,17.520978937624733,18.883656624211188,18.795615218543663,19.328585988600608,17.846338472400113,17.694371877280915,18.57322409131659,18.51644222348433,21.0,17.6,17.2,18.9,18.8,19.7,17.7,17.5,18.6,18.5
414,8,9,thrice,22.0,20.66155308362579,18.191776926135113,17.94852037346677,19.40294088573114,19.30897205686434,19.8865439593215,18.280077430646696,18.13584637865918,19.067879335660272,19.00766150684383,21.4,18.0,17.7,19.4,19.2,20.3,18.2,18.0,19.1,19.0
415,8,9,twice,18.0,17.881169767268705,16.54368034586366,16.474317641311817,17.39764566445016,17.337990253747016,17.4968926792414,16.61118534042656,16.5593848913314,17.176695121409242,17.136811250906344,18.0,16.2,16.0,18.0,18.0,17.5,16.3,16.2,17.4,17.4
416,8,9,twice,19.0,18.721666199357173,16.8688322364147,16.782096972015214,18.051836692472293,17.969799926976428,18.207472846495023,16.968903780796886,16.921264883441005,17.759710055488146,17.70553885106555,19.0,16.6,16.3,19.0,18.8,18.3,16.7,16.6,18.2,18.1
417,8,9,twice,20.0,19.553220790501083,17.294309987252255,17.20214493890197,18.736587924470186,18.637448914052747,18.933577573078566,17.419549662194616,17.38381074937452,18.38623194511588,18.32146639416224,20.0,17.1,16.9,19.7,19.4,19.2,17.2,17.1,18.9,18.8
418,8,9,twice,21.0,20.35884400477351,17.77536123866743,17.69339561782737,19.424873113761645,19.313003877093053,19.65498005514611,17.921036805321847,17.90653796232606,19.02813146794099,18.955666298962345,21.0,17.6,17.5,20.2,20.0,20.0,17.8,17.7,19.5,19.4
419,8,9,twice,22.0,21.115711374856915,18.268472643260026,18.210597571451178,20.086388427570085,19.96519523174935,20.345092935300414,18.43281470243651,18.444966314190914,19.65377336141278,19.575673402291244,22.0,18.1,18.0,20.8,20.5,20.8,18.3,18.4,20.1,19.9
420,9,0,once,18.0,18.056286923929893,,16.859727823346386,18.056286923929893,17.978978293857917,17.925656545115125,,17.085050586510484,17.925656545115125,17.871345734175346,18.0,,16.7,18.0,18.0,17.9,,17.0,17.9,17.9
421,9,0,once,19.0,19.025718455722185,,17.561970125180483,19.025718455722185,18.931146964728434,18.866878802829877,,17.841577064526213,18.866878802829877,18.80063496016468,19.0,,17.6,19.0,19.0,18.9,,17.8,18.9,18.9
422,9,0,once,20.0,20.010416469384484,,18.36578526411362,20.010416469384484,19.904158295098636,19.832516339589382,,18.681291935372005,19.832516339589382,19.758136744338238,20.0,,18.4,20.0,20.0,19.8,,18.7,19.8,19.8
423,9,0,once,21.0,21.00167713472836,,19.20712983215493,21.00167713472836,20.88573301337768,20.807192810047695,,19.549271954773733,20.807192810047695,20.72591965102632,21.0,,19.2,21.0,21.0,20.8,,19.6,20.8,20.8
424,9,0,once,22.0,21.995842174696236,,20.05227580599592,21.995842174696236,21.87027006267527,21.78530256763361,,20.421952032512756,21.78530256763361,21.697217689814636,22.0,,20.0,22.0,22.0,21.8,,20.4,21.8,21.8
425,9,0,thrice,18.0,18.002436553776327,16.91736963594917,16.697325449742106,17.449480183958276,17.400884128756278,17.704729168861476,17.012951852098702,16.860643343558625,17.352195451802242,17.320436702837167,18.0,16.8,16.4,18.0,17.8,17.7,16.9,16.6,17.5,17.5
426,9,0,thrice,19.0,18.94426667641685,17.563794724157166,17.262677816906162,18.24077019448029,18.177576507050038,18.56705050402224,17.686161877596245,17.48011536552683,18.118144571051833,18.0769220657857,19.0,17.6,17.2,18.8,18.6,18.6,17.7,17.4,18.4,18.3
427,9,0,thrice,20.0,19.893493837356246,18.298559401058544,17.948458775529318,19.08070603459194,19.007552535982306,19.45835764620421,18.441256198044684,18.206553124618125,18.940036872369173,18.892647133165283,20.0,18.3,17.9,19.6,19.4,19.5,18.5,18.2,19.2,19.2
428,9,0,thrice,21.0,20.84203252606415,19.06611573985137,18.697199461603525,19.937015072237784,19.85691167713323,20.362126145418202,19.227722517333845,18.984850089967942,19.784027503032103,19.732393353947174,21.0,19.1,18.7,20.4,20.2,20.5,19.3,19.0,20.1,20.0
429,9,0,thrice,22.0,21.78171625084942,19.842435865450764,19.474852969302212,20.793447763117126,20.708254514342237,21.26315987293366,20.022591354584844,19.78456761496545,20.630958989148183,20.576274387601213,22.0,19.9,19.5,21.2,21.0,21.4,20.1,19.8,20.9,20.9
430,9,0,twice,18.0,18.029087797931883,16.830793393226976,16.71042080614754,17.59588494961421,17.538675890842367,17.741703528812657,16.95080549584855,16.879592503642705,17.45578107164048,17.418554035522227,18.0,16.7,16.4,18.0,18.0,17.7,16.8,16.7,17.6,17.6
431,9,0,twice,19.0,18.985178577857408,17.446427772212296,17.288493369574713,18.428895222749254,18.355214862993126,18.61943469249955,17.601278151246994,17.51397331616742,18.251354601353256,18.203713045686985,19.0,17.4,17.2,19.0,19.0,18.6,17.6,17.5,18.5,18.5
432,9,0,twice,20.0,19.9506773410799,18.155416433129293,17.987603460125122,19.301661426673544,19.21676129831425,19.529209767852315,18.338509009522244,18.251072130175935,19.098752145771016,19.04398428623688,20.0,18.2,18.0,20.0,20.0,19.6,18.4,18.3,19.5,19.4
433,9,0,twice,21.0,20.91937251679985,18.906170878787336,18.75008975776662,20.191567496263517,20.098434888615383,20.45371837149401,19.11482274336927,19.04402341177993,19.9696859021556,19.90987966357945,21.0,18.9,18.8,21.0,21.0,20.5,19.2,19.1,20.4,20.4
434,9,0,twice,22.0,21.887055232655616,19.67034131588773,19.541455832243198,21.085677224981655,20.98590644028558,21.382514049783975,19.902842737017597,19.85818326317145,20.84758888886562,20.78366426243419,22.0,19.7,19.5,22.0,22.0,21.5,19.9,19.9,21.3,21.3
435,9,9,once,18.0,17.92445483080857,,16.612885600356208,17.92445483080857,17.83971549749742,17.687441677282802,,16.769116758956486,17.687441677282802,17.62810951277697,18.0,,16.3,18.0,18.0,17.7,,16.5,17.7,17.7
436,9,9,once,19.0,18.82529628889117,,17.115366883932804,18.82529628889117,18.7148192554102,18.52213373717258,,17.330391766605185,18.52213373717258,18.445136337630082,19.0,,17.0,19.0,19.0,18.6,,17.2,18.6,18.6
437,9,9,once,20.0,19.740503759790023,,17.742853002929472,19.740503759790023,19.61143730306439,19.389593786558468,,17.99905384895535,19.389593786558468,19.29975222538189,20.0,,17.7,20.0,20.0,19.6,,18.0,19.6,19.5
438,9,9,once,21.0,20.65295859524398,,18.425009759411953,20.65295859524398,20.509012782383902,20.26314177106369,,18.71376617223583,20.26314177106369,20.163037977649797,21.0,,18.5,21.0,21.0,20.5,,18.8,20.5,20.5
439,9,9,once,22.0,21.553314952243632,,19.127419092658418,21.553314952243632,21.396579956445798,21.129377422122474,,19.440544515438667,21.129377422122474,21.020263414822264,22.0,,19.2,22.0,22.0,21.4,,19.5,21.4,21.4
440,9,9,thrice,18.0,17.796348219650998,16.637370171005525,16.49796988618673,17.205726310579127,17.159998791087833,17.43597255949219,16.68110845754233,16.590261076654844,17.05128945224567,17.021502814775065,18.0,16.3,16.0,17.3,17.2,17.5,16.4,16.2,17.1,17.1
441,9,9,thrice,19.0,18.567177283473015,17.009928318156977,16.823824050157462,17.773594214432077,17.712230400269036,18.08781663145842,17.07208038187234,16.95695329803872,17.57019157070324,17.530570785783986,19.0,16.8,16.4,17.9,17.7,18.3,16.9,16.7,17.7,17.6
442,9,9,thrice,20.0,19.300593621079447,17.454148349118782,17.24269639596821,18.359634443468888,18.287470059540475,18.73235599161633,17.52890480467664,17.405743704421177,18.119070314345876,18.07298291007117,20.0,17.3,17.0,18.4,18.3,19.0,17.4,17.2,18.2,18.1
443,9,9,thrice,21.0,19.964295907176087,17.912011228890883,17.697289018207062,18.91843977895658,18.839542303371076,19.333432599471323,17.994986245250836,17.87790327418438,18.65135260507981,18.60138072473353,20.7,17.8,17.5,19.0,18.8,19.7,17.9,17.8,18.7,18.6
444,9,9,thrice,22.0,20.530288320910817,18.330200236009173,18.129926833684063,19.409110722810876,19.32646377789164,19.855817249759443,18.421085057820477,18.320289854985436,19.12466943621783,19.072699179627396,21.0,18.3,18.0,19.4,19.3,20.2,18.4,18.3,19.1,19.1
445,9,9,twice,18.0,17.868319063146703,16.59667942695794,16.520902201414685,17.408600724925567,17.351247304826153,17.51890628285211,16.67044327400374,16.630685686886363,17.21217315392975,17.174603760609163,18.0,16.3,16.0,18.0,18.0,17.6,16.4,16.3,17.5,17.4
446,9,9,twice,19.0,18.704100246129038,16.975736128751944,16.887675536557484,18.07926860572577,18.002280826571578,18.2380459188122,17.07818074174472,17.04539565025366,17.81873585911627,17.768771029048455,19.0,16.7,16.6,18.9,18.7,18.4,16.9,16.8,18.2,18.2
447,9,9,twice,20.0,19.527892933408744,17.453042845939816,17.370203574037475,18.777800999244146,18.68685736881043,18.97234629869122,17.578335331028466,17.564359005846036,18.46838874084358,18.409980175547545,20.0,17.3,17.2,19.5,19.3,19.2,17.5,17.4,18.9,18.8
448,9,9,twice,21.0,20.31490105487565,17.969108084815783,17.907881371427816,19.466858877424475,19.36613471324165,19.69164671046622,18.11379163415462,18.126179357605213,19.121226527740742,19.05693740608962,21.0,17.9,17.8,20.1,19.9,20.0,18.1,18.1,19.5,19.4
449,9,9,twice,22.0,21.03496568559044,18.47416611740711,18.44387832215577,20.10919513825915,20.001600484868444,20.358878999392182,18.63581171552538,18.679992271734697,19.73596225014982,19.667736959490462,21.9,18.4,18.4,20.6,20.4,20.8,18.6,18.7,20.0,19.9
