,year,case,rep,zones_controlled,onoffseed,tempseed,comforttemp,setbacktemp,cost,cumulative_emissions,comfort_violation (%),mean_comfort_violation,std_comfort_violation,building_cost,sensing_cost,control_names,retrofit_name,installation_cost,name
0,2022,0,0,4,5,10,20,15,1695.6468025132688,3.5326614602592983,25.658295281582955,0.016134082103534,0.054660703292246,0,240,Partial Control,Baseline,240,Baseline Partial Control
1,2023,0,0,0,5,30,18,15,1173.5771469885947,4.066675746104111,0.0,0.0,0.0,0,0,Manual Control,Baseline,0,Baseline Manual Control
2,2023,1,0,4,5,10,18,17,1018.7375182015531,3.508958100257601,13.807077625570775,0.000631073797585,0.0031750518974394,3800,240,Partial Control,Fabric - Low cost,4040,Fabric - Low cost Partial Control
3,2023,0,0,4,10,10,20,15,909.0908479995288,3.1295768028826045,39.07914764079148,0.9106960228330904,2.5536451954526527,0,240,Partial Control,Baseline,240,Baseline Partial Control
4,2022,1,0,1,15,42,18,17,1457.1541364502677,2.9997713644781854,19.286529680365295,0.3688342081841256,0.9641651393470672,3800,60,One Zone Controlled,Fabric - Low cost,3860,Fabric - Low cost One Zone Controlled
5,2022,2,0,0,15,15,19,15,1534.3052386397073,3.2394785324334823,13.333333333333334,0.4866803489575982,1.8738463239783512,16000,0,Manual Control,Fabric - Shallow,16000,Fabric - Shallow Manual Control
6,2022,1,0,4,5,15,19,17,1823.5705271789689,3.798782899681461,14.26179604261796,0.0004465606972734,0.0029989955448114,3800,240,Partial Control,Fabric - Low cost,4040,Fabric - Low cost Partial Control
7,2023,2,0,4,10,10,18,15,693.9227586496671,2.380804081186571,26.714231354642315,0.2621747818749104,1.0042205080336697,16000,240,Partial Control,Fabric - Shallow,16240,Fabric - Shallow Partial Control
8,2022,0,0,9,5,30,19,15,1188.0144321894252,2.390837618042644,39.60806697108067,0.0141444035774809,0.0457365904729932,0,520,Full Control,Baseline,520,Baseline Full Control
9,2023,2,0,4,15,15,20,15,752.0633683278684,2.610625735719914,38.22488584474885,0.7943301048622878,2.2722994305527333,16000,240,Partial Control,Fabric - Shallow,16240,Fabric - Shallow Partial Control
10,2023,2,0,1,5,15,18,15,1066.4753768757491,3.741694943764212,1.6933028919330289,0.0006968775093898,0.0071554398861619,16000,60,One Zone Controlled,Fabric - Shallow,16060,Fabric - Shallow One Zone Controlled
11,2023,0,0,0,10,42,19,15,884.6944990882089,3.024181354175912,18.92123287671233,1.116793277810852,3.0702130970808423,0,0,Manual Control,Baseline,0,Baseline Manual Control
12,2023,1,0,9,10,30,18,13,536.6601521515096,1.7879662932758387,38.85464231354642,0.0242556688817326,0.0775731027605174,3800,520,Full Control,Fabric - Low cost,4320,Fabric - Low cost Full Control
13,2023,1,0,4,10,42,19,17,863.843226052633,2.93136285511182,29.377853881278536,0.4737466477564711,1.2872671315596145,3800,240,Partial Control,Fabric - Low cost,4040,Fabric - Low cost Partial Control
14,2022,1,0,0,10,15,20,17,1957.8913689842739,4.107583595266888,17.178462709284627,0.7668930008930576,2.251774052715522,3800,0,Manual Control,Fabric - Low cost,3800,Fabric - Low cost Manual Control
15,2022,2,0,4,10,15,18,15,1233.3605311840267,2.546249542792037,25.46993911719939,0.2081922984764337,0.9099117565085504,16000,240,Partial Control,Fabric - Shallow,16240,Fabric - Shallow Partial Control
16,2022,0,0,4,15,10,19,15,1436.604434358702,2.957579168362164,33.11073059360731,0.787024819642441,2.239917406824949,0,240,Partial Control,Baseline,240,Baseline Partial Control
17,2022,0,0,9,5,10,19,17,1406.022225313542,2.8643270544358628,34.442541856925416,0.000642657374796,0.0029858977817669,0,520,Full Control,Baseline,520,Baseline Full Control
18,2023,0,0,1,10,30,18,17,1017.0041488557519,3.4905480265838498,15.11986301369863,0.2572505957450335,0.7624695795695704,0,60,One Zone Controlled,Baseline,60,Baseline One Zone Controlled
19,2022,0,0,9,10,10,19,15,1188.0144321894252,2.390837618042644,39.60806697108067,0.0141444035774809,0.0457365904729932,0,520,Full Control,Baseline,520,Baseline Full Control
20,2022,0,0,4,5,30,18,17,1646.583975192539,3.402408322800867,14.379756468797565,0.0006644404710663,0.0032685230000643,0,240,Partial Control,Baseline,240,Baseline Partial Control
21,2022,0,0,9,15,42,20,17,1481.1254950858777,3.0356532424495053,40.07420091324201,0.0059205984468734,0.0211134829259367,0,520,Full Control,Baseline,520,Baseline Full Control
22,2023,1,0,9,5,30,20,15,728.8942387137456,2.4732454449272407,48.95738203957382,0.0476624365694901,0.1230612022161482,3800,520,Full Control,Fabric - Low cost,4320,Fabric - Low cost Full Control
23,2023,1,0,0,5,42,21,13,989.3555626526392,3.4023666559909125,62.07572298325723,1.5639178255574064,1.6689276418575292,3800,0,Manual Control,Fabric - Low cost,3800,Fabric - Low cost Manual Control
24,2023,1,0,9,10,15,21,17,903.5862004195255,3.090935807848471,51.52016742770168,0.0374578526297002,0.0887261942349276,3800,520,Full Control,Fabric - Low cost,4320,Fabric - Low cost Full Control
25,2023,2,0,9,5,10,19,15,558.8410540297684,1.87918120858973,43.451293759512936,0.0324214131536836,0.0966617572373523,16000,520,Full Control,Fabric - Shallow,16520,Fabric - Shallow Full Control
26,2023,1,0,0,5,15,18,13,1389.4738779063205,4.886876630162971,0.0,0.0,0.0,3800,0,Manual Control,Fabric - Low cost,3800,Fabric - Low cost Manual Control
27,2023,0,0,1,15,10,18,13,937.243189332294,3.2609191814066056,17.878614916286146,0.7059030798399225,2.422875650055998,0,60,One Zone Controlled,Baseline,60,Baseline One Zone Controlled
28,2023,0,0,9,10,15,18,17,807.3059220550748,2.7101445703606633,34.24657534246575,0.0013781256800595,0.0043928712353714,0,520,Full Control,Baseline,520,Baseline Full Control
29,2022,2,0,4,10,42,19,13,955.2951304864225,1.9658368225112115,37.10045662100457,0.774000126861456,2.281355895543569,16000,240,Partial Control,Fabric - Shallow,16240,Fabric - Shallow Partial Control
30,2022,2,0,0,15,42,21,13,1086.8036956462506,2.2617247086355476,59.02016742770167,3.5115327957644644,5.82329616182267,16000,0,Manual Control,Fabric - Shallow,16000,Fabric - Shallow Manual Control
31,2022,2,0,9,5,30,18,15,879.9887712456898,1.7448923029257886,36.96727549467276,0.0108758840284735,0.0390792366792517,16000,520,Full Control,Fabric - Shallow,16520,Fabric - Shallow Full Control
32,2022,1,0,1,5,42,20,17,1627.2079269180501,3.3828930295502224,25.989345509893457,0.0035696774067336,0.0125553723543366,3800,60,One Zone Controlled,Fabric - Low cost,3860,Fabric - Low cost One Zone Controlled
33,2023,0,0,0,10,30,18,15,980.6247506272769,3.386567095137308,14.71461187214612,0.5699848125923271,1.8470120998325208,0,0,Manual Control,Baseline,0,Baseline Manual Control
34,2023,2,0,1,15,10,20,15,795.6183460244066,2.7665389299178376,25.38812785388128,1.2036621342553386,3.2824245224634456,16000,60,One Zone Controlled,Fabric - Shallow,16060,Fabric - Shallow One Zone Controlled
35,2022,0,0,1,15,30,19,17,1644.5739251695381,3.3996827732648414,21.386986301369863,0.791448001756363,1.9852693770876004,0,60,One Zone Controlled,Baseline,60,Baseline One Zone Controlled
36,2022,0,0,0,15,30,20,13,1491.3638183036308,3.127423323175171,24.28843226788432,1.9653664551046963,4.976075609012659,0,0,Manual Control,Baseline,0,Baseline Manual Control
37,2023,1,0,4,5,30,21,13,907.895582270672,3.1454487063554826,51.70662100456621,0.0694794151091913,0.238990197656601,3800,240,Partial Control,Fabric - Low cost,4040,Fabric - Low cost Partial Control
38,2022,1,0,9,15,42,18,15,1064.7911137474985,2.1163964656928336,35.72108066971081,0.0053270032062273,0.0204552823778338,3800,520,Full Control,Fabric - Low cost,4320,Fabric - Low cost Full Control
39,2022,1,0,4,5,30,18,17,1568.752708113003,3.244288568368273,14.52054794520548,0.0006839608344765,0.0033228881043262,3800,240,Partial Control,Fabric - Low cost,4040,Fabric - Low cost Partial Control
40,2023,0,0,1,5,42,19,17,1037.3667093715176,3.5512010729066303,1.1244292237442923,3.1770382622828145e-05,0.0005377062091489,0,60,One Zone Controlled,Baseline,60,Baseline One Zone Controlled
41,2023,1,0,0,10,42,21,17,923.7862594028509,3.153285994896689,62.51141552511415,2.8157821867704413,3.90067182646924,3800,0,Manual Control,Fabric - Low cost,3800,Fabric - Low cost Manual Control
42,2022,2,0,9,15,42,19,15,938.328438499092,1.8898271729460951,42.43150684931507,0.0347154738479955,0.1098746020348765,16000,520,Full Control,Fabric - Shallow,16520,Fabric - Shallow Full Control
43,2022,1,0,1,5,42,19,15,1544.8989695543237,3.214077127941588,4.899162861491629,0.0032677098689864,0.0196763351219785,3800,60,One Zone Controlled,Fabric - Low cost,3860,Fabric - Low cost One Zone Controlled
44,2023,0,0,4,10,15,19,17,1042.4466386102936,3.5929360624700024,26.035007610350075,0.350425483838477,1.0785701886730468,0,240,Partial Control,Baseline,240,Baseline Partial Control
45,2023,0,0,9,5,10,18,15,668.4332126468987,2.225148487916084,32.73592085235921,0.0022434834055524,0.0101746029419154,0,520,Full Control,Baseline,520,Baseline Full Control
46,2022,1,0,0,10,30,21,15,1539.7230964356809,3.2169534449538584,31.019786910197872,1.8747612815061687,4.7004676803992895,3800,0,Manual Control,Fabric - Low cost,3800,Fabric - Low cost Manual Control
47,2023,1,0,4,10,42,18,15,735.1265834980508,2.484454083477975,29.10578386605784,0.5039325633831383,1.5237389215599682,3800,240,Partial Control,Fabric - Low cost,4040,Fabric - Low cost Partial Control
48,2022,0,0,0,5,10,18,17,2172.115200070868,4.568922542692256,0.0,0.0,0.0,0,0,Manual Control,Baseline,0,Baseline Manual Control
49,2022,0,0,9,10,10,19,13,1030.3874282782822,2.0850983631431212,41.75228310502283,0.0391124846490885,0.1201912359935138,0,520,Full Control,Baseline,520,Baseline Full Control
50,2023,1,0,0,5,10,18,13,1251.3399490484337,4.373173933205524,0.0,0.0,0.0,3800,0,Manual Control,Fabric - Low cost,3800,Fabric - Low cost Manual Control
51,2022,1,0,9,10,10,20,17,1408.277130087805,2.888746184952206,42.25076103500761,0.0113606745060975,0.034253067587776,3800,520,Full Control,Fabric - Low cost,4320,Fabric - Low cost Full Control
52,2022,0,0,9,5,10,20,15,1270.23682276116,2.5861561961872193,45.05707762557078,0.0364657075209407,0.0996422262581402,0,520,Full Control,Baseline,520,Baseline Full Control
53,2023,1,0,0,5,15,18,17,1396.5023173589702,4.907904237326103,0.0,0.0,0.0,3800,0,Manual Control,Fabric - Low cost,3800,Fabric - Low cost Manual Control
54,2022,0,0,4,15,42,21,15,1358.6652788769209,2.789473802961167,57.52473363774734,2.4822516824488075,4.206781345670431,0,240,Partial Control,Baseline,240,Baseline Partial Control
55,2022,1,0,0,5,10,19,17,2071.559285916023,4.3630439722484535,0.0,0.0,0.0,3800,0,Manual Control,Fabric - Low cost,3800,Fabric - Low cost Manual Control
56,2023,2,0,0,5,30,18,13,931.0128225366103,3.2286396470864402,0.0,0.0,0.0,16000,0,Manual Control,Fabric - Shallow,16000,Fabric - Shallow Manual Control
57,2023,1,0,9,10,42,19,15,678.9518953714866,2.2803428489290622,42.96232876712329,0.0198312950370876,0.0572982421021673,3800,520,Full Control,Fabric - Low cost,4320,Fabric - Low cost Full Control
58,2023,1,0,4,5,10,20,13,948.8086273039492,3.295482779166377,29.00494672754947,0.034745509961204,0.1234600520943814,3800,240,Partial Control,Fabric - Low cost,4040,Fabric - Low cost Partial Control
59,2022,0,0,4,10,42,20,15,1343.4041414010762,2.750283540943073,49.46537290715373,1.1168043819327538,2.916286664047787,0,240,Partial Control,Baseline,240,Baseline Partial Control
60,2023,1,0,0,15,15,18,15,1094.8780808931397,3.845360889198527,12.38013698630137,0.3869111056631708,1.5280720420704046,3800,0,Manual Control,Fabric - Low cost,3800,Fabric - Low cost Manual Control
61,2022,2,0,4,5,15,20,15,1459.8611701201078,3.05338197500792,26.685692541856927,0.029826293012407,0.1144310771391098,16000,240,Partial Control,Fabric - Shallow,16240,Fabric - Shallow Partial Control
62,2022,1,0,1,5,10,21,17,1976.4840178192492,4.151985742554519,6.206240487062405,0.0053860113986639,0.0281005345157029,3800,60,One Zone Controlled,Fabric - Low cost,3860,Fabric - Low cost One Zone Controlled
63,2022,1,0,1,5,10,20,13,1894.4744562457167,3.995639946613208,5.428082191780822,0.0090486586256108,0.0611683061219216,3800,60,One Zone Controlled,Fabric - Low cost,3860,Fabric - Low cost One Zone Controlled
64,2022,0,0,0,10,15,19,17,2048.2913011317164,4.2901931195769665,14.020167427701674,0.431337746193931,1.4046855694722942,0,0,Manual Control,Baseline,0,Baseline Manual Control
65,2022,0,0,1,15,30,21,13,1415.4477560421626,2.9619004726441687,45.156012176560125,2.6116398289783183,6.012423871737395,0,60,One Zone Controlled,Baseline,60,Baseline One Zone Controlled
66,2022,0,0,0,5,42,18,15,1705.2176686047521,3.5557207651574316,0.0,0.0,0.0,0,0,Manual Control,Baseline,0,Baseline Manual Control
67,2022,1,0,1,5,15,20,15,2117.859311492213,4.468042405636966,4.689878234398782,0.0051151389248818,0.0323987639792579,3800,60,One Zone Controlled,Fabric - Low cost,3860,Fabric - Low cost One Zone Controlled
68,2022,0,0,1,10,15,21,13,1803.667180747133,3.804221464340427,24.97336377473364,1.4817670606045727,4.115612701219736,0,60,One Zone Controlled,Baseline,60,Baseline One Zone Controlled
69,2022,1,0,0,15,30,19,15,1477.679837330543,3.0837589199515287,20.700152207001523,1.1836467956047452,3.2590458188991382,3800,0,Manual Control,Fabric - Low cost,3800,Fabric - Low cost Manual Control
70,2023,2,0,1,10,15,18,13,883.012627821716,3.0985225222915322,11.126331811263318,0.2276123643905022,1.1821285361014051,16000,60,One Zone Controlled,Fabric - Shallow,16060,Fabric - Shallow One Zone Controlled
71,2022,0,0,0,15,10,19,17,1819.567496980825,3.7876303968890537,18.51027397260274,0.681899906275643,1.8919523739871416,0,0,Manual Control,Baseline,0,Baseline Manual Control
72,2022,0,0,0,10,10,18,17,1880.218723680072,3.921336050907773,12.180365296803652,0.204632829193765,0.6957582506137324,0,0,Manual Control,Baseline,0,Baseline Manual Control
73,2023,1,0,1,15,30,21,15,869.5389555375125,2.996898153893611,47.49429223744292,2.461401082272769,5.467269310102052,3800,60,One Zone Controlled,Fabric - Low cost,3860,Fabric - Low cost One Zone Controlled
74,2022,2,0,0,10,10,20,15,1450.886285196686,3.049158952614046,17.821537290715373,0.8965078393035634,2.73886363352516,16000,0,Manual Control,Fabric - Shallow,16000,Fabric - Shallow Manual Control
75,2022,0,0,0,15,15,19,13,1852.5830368567886,3.915977205813974,16.272831050228312,0.8474807341522144,2.850755030598074,0,0,Manual Control,Baseline,0,Baseline Manual Control
76,2023,1,0,9,15,42,19,15,678.9518953714866,2.2803428489290622,42.96232876712329,0.0198312950370876,0.0572982421021673,3800,520,Full Control,Fabric - Low cost,4320,Fabric - Low cost Full Control
77,2023,2,0,9,15,30,19,13,494.57226173061844,1.6724923197412656,44.43302891933029,0.0796498326947911,0.2738054815776297,16000,520,Full Control,Fabric - Shallow,16520,Fabric - Shallow Full Control
78,2023,2,0,1,15,15,20,13,851.7604396695547,2.9942720970010024,22.872907153729077,0.9723291197334074,2.9993752280693933,16000,60,One Zone Controlled,Fabric - Shallow,16060,Fabric - Shallow One Zone Controlled
79,2022,0,0,0,10,30,20,13,1565.5999927869975,3.282686199298849,20.28538812785388,1.4823813267452095,4.117219199123712,0,0,Manual Control,Baseline,0,Baseline Manual Control
80,2022,1,0,4,10,42,18,13,1097.8031788550404,2.243309584213644,32.42770167427702,0.6235304572339272,2.0035579954632547,3800,240,Partial Control,Fabric - Low cost,4040,Fabric - Low cost Partial Control
81,2022,2,0,1,5,10,21,15,1612.393354832243,3.392210131298724,7.321156773211568,0.018118106110451,0.1089535001118009,16000,60,One Zone Controlled,Fabric - Shallow,16060,Fabric - Shallow One Zone Controlled
82,2023,1,0,0,15,10,20,15,993.9075413582392,3.4644314981759465,22.08904109589041,1.5007644938117883,3.9175199751918983,3800,0,Manual Control,Fabric - Low cost,3800,Fabric - Low cost Manual Control
83,2023,0,0,4,10,42,20,15,811.215155167754,2.7586530996577046,51.5220700152207,1.133999102092376,2.940137008679262,0,240,Partial Control,Baseline,240,Baseline Partial Control
84,2023,1,0,0,10,10,20,15,1040.934753276484,3.6288893304057988,18.52359208523592,1.140599557073969,3.251266360532744,3800,0,Manual Control,Fabric - Low cost,3800,Fabric - Low cost Manual Control
85,2022,1,0,9,10,30,21,13,1178.7411620119742,2.455405640576998,50.681126331811264,0.1738123602878852,0.5590947470600487,3800,520,Full Control,Fabric - Low cost,4320,Fabric - Low cost Full Control
86,2023,0,0,1,15,10,19,17,1071.7581172166238,3.7030213969126238,19.503424657534246,0.7090612752523558,1.868736302166594,0,60,One Zone Controlled,Baseline,60,Baseline One Zone Controlled
87,2022,2,0,1,15,10,19,15,1311.858718160018,2.7408862369927705,20.043759512937594,0.7411794265685047,2.372809898637004,16000,60,One Zone Controlled,Fabric - Shallow,16060,Fabric - Shallow One Zone Controlled
88,2022,2,0,0,10,15,20,13,1601.8471880091115,3.387101369013759,15.69634703196347,0.7016420318711097,2.441868191001366,16000,0,Manual Control,Fabric - Shallow,16000,Fabric - Shallow Manual Control
89,2022,0,0,9,10,15,21,17,1564.0233816317295,3.217943890621078,47.720700152207,0.0274751903637385,0.0699432444377022,0,520,Full Control,Baseline,520,Baseline Full Control
90,2022,2,0,4,10,42,18,13,925.4944443873876,1.891469866185694,32.13660578386606,0.502991589403309,1.6975259408760974,16000,240,Partial Control,Fabric - Shallow,16240,Fabric - Shallow Partial Control
91,2022,1,0,9,15,30,18,15,1064.7911137474985,2.1163964656928336,35.72108066971081,0.0053270032062273,0.0204552823778338,3800,520,Full Control,Fabric - Low cost,4320,Fabric - Low cost Full Control
92,2023,1,0,0,5,10,19,17,1263.8808218520924,4.411521529552214,0.0,0.0,0.0,3800,0,Manual Control,Fabric - Low cost,3800,Fabric - Low cost Manual Control
93,2022,1,0,0,10,10,21,17,1794.2903070353752,3.7473705718926538,21.74086757990868,1.3900222851126791,3.5253684105124226,3800,0,Manual Control,Fabric - Low cost,3800,Fabric - Low cost Manual Control
94,2023,2,0,4,10,42,20,13,599.5789775404522,2.0536578799958867,51.66476407914764,1.1063813468800332,2.8944692763819297,16000,240,Partial Control,Fabric - Shallow,16240,Fabric - Shallow Partial Control
95,2023,2,0,1,15,30,19,15,722.2891763838277,2.4870987190908016,22.964231354642315,0.9537851696554982,2.7079421476930903,16000,60,One Zone Controlled,Fabric - Shallow,16060,Fabric - Shallow One Zone Controlled
96,2023,1,0,0,10,42,20,17,923.7862594028509,3.153285994896689,30.54984779299848,1.1906449840320297,2.911507629389292,3800,0,Manual Control,Fabric - Low cost,3800,Fabric - Low cost Manual Control
97,2022,0,0,9,10,42,20,17,1481.1254950858777,3.0356532424495053,40.07420091324201,0.0059205984468734,0.0211134829259367,0,520,Full Control,Baseline,520,Baseline Full Control
98,2022,1,0,9,15,42,18,13,905.3536218505434,1.7995884351710496,39.362633181126334,0.0261283909158526,0.0847280993405621,3800,520,Full Control,Fabric - Low cost,4320,Fabric - Low cost Full Control
99,2023,2,0,4,10,15,18,13,696.7574383623635,2.418460451822239,26.630517503805173,0.2412528207242939,1.0875532300148911,16000,240,Partial Control,Fabric - Shallow,16240,Fabric - Shallow Partial Control
100,2022,1,0,0,5,42,19,13,1615.7579463521333,3.378669261688905,0.0038051750380517,2.462618487464136e-05,0.0051257022971325,3800,0,Manual Control,Fabric - Low cost,3800,Fabric - Low cost Manual Control
101,2022,1,0,9,15,15,20,15,1210.5931297950544,2.46891859392298,46.24048706240488,0.0495627359370685,0.1346703313640259,3800,520,Full Control,Fabric - Low cost,4320,Fabric - Low cost Full Control
102,2023,2,0,1,5,10,20,15,974.267240411542,3.3981153751363347,5.766742770167427,0.007808486809988,0.0508312493599211,16000,60,One Zone Controlled,Fabric - Shallow,16060,Fabric - Shallow One Zone Controlled
103,2023,1,0,9,15,15,21,15,782.752168270172,2.684123433060415,53.04794520547945,0.0943561925207818,0.2415177189167528,3800,520,Full Control,Fabric - Low cost,4320,Fabric - Low cost Full Control
104,2022,1,0,1,15,10,20,17,1690.939072505199,3.5153224013831177,25.38622526636225,1.1829355204232586,2.914342204604647,3800,60,One Zone Controlled,Fabric - Low cost,3860,Fabric - Low cost One Zone Controlled
105,2023,1,0,1,15,30,21,13,829.9859249484441,2.875192137104028,48.394216133942166,2.576351182185741,5.833037152649094,3800,60,One Zone Controlled,Fabric - Low cost,3860,Fabric - Low cost One Zone Controlled
106,2022,0,0,9,15,10,20,15,1270.23682276116,2.5861561961872193,45.05707762557078,0.0364657075209407,0.0996422262581402,0,520,Full Control,Baseline,520,Baseline Full Control
107,2022,1,0,1,5,30,20,13,1700.5358535060527,3.5741949024728448,6.040715372907154,0.0107971058423661,0.0691981491691176,3800,60,One Zone Controlled,Fabric - Low cost,3860,Fabric - Low cost One Zone Controlled
108,2023,1,0,9,15,42,18,17,766.994517153551,2.575183382707774,34.332191780821915,0.0014199208486211,0.0044726597493175,3800,520,Full Control,Fabric - Low cost,4320,Fabric - Low cost Full Control
109,2023,1,0,9,10,15,19,13,589.6740470185862,1.988946750138833,44.69178082191781,0.0490879252908721,0.1456152689190412,3800,520,Full Control,Fabric - Low cost,4320,Fabric - Low cost Full Control
110,2022,1,0,9,10,42,20,13,1074.5449777142953,2.2132880623538007,46.58485540334855,0.09680654157865,0.3046019386436109,3800,520,Full Control,Fabric - Low cost,4320,Fabric - Low cost Full Control
111,2022,1,0,4,5,10,18,13,1478.7691043503382,3.077355922873744,20.72869101978691,0.0100145549106472,0.0427041135673207,3800,240,Partial Control,Fabric - Low cost,4040,Fabric - Low cost Partial Control
112,2023,0,0,1,10,42,21,17,958.4640817037143,3.2692753768326686,62.041476407914764,2.662401722656566,3.7253148266458553,0,60,One Zone Controlled,Baseline,60,Baseline One Zone Controlled
113,2022,2,0,0,10,42,20,13,1137.7666585113748,2.366586381350628,30.542237442922374,1.4682925097451338,3.9399834923937513,16000,0,Manual Control,Fabric - Shallow,16000,Fabric - Shallow Manual Control
114,2023,1,0,1,5,42,18,17,984.570290858624,3.371503099835565,0.9550989345509896,6.697183935383683e-05,0.000963996009198,3800,60,One Zone Controlled,Fabric - Low cost,3860,Fabric - Low cost One Zone Controlled
115,2023,1,0,9,15,42,21,13,715.7748219346186,2.47191390685231,53.11834094368341,0.1635952853235133,0.5021388083254766,3800,520,Full Control,Fabric - Low cost,4320,Fabric - Low cost Full Control
116,2023,1,0,0,5,10,21,15,1252.9285362151247,4.377817230607246,0.0019025875190258,2.493780035891937e-06,0.000571717769474,3800,0,Manual Control,Fabric - Low cost,3800,Fabric - Low cost Manual Control
117,2022,2,0,0,10,10,20,13,1438.658452988127,3.031288601529453,17.8824200913242,0.9242300842996094,2.8923698740628465,16000,0,Manual Control,Fabric - Shallow,16000,Fabric - Shallow Manual Control
118,2022,2,0,0,5,42,19,15,1357.3895242189587,2.8289008315880877,0.0038051750380517,2.4403572775219544e-05,0.0042564215787555,16000,0,Manual Control,Fabric - Shallow,16000,Fabric - Shallow Manual Control
119,2023,1,0,1,15,15,19,17,1100.2644793342433,3.83119337734633,17.86529680365297,0.5823440289267598,1.6582345548171629,3800,60,One Zone Controlled,Fabric - Low cost,3860,Fabric - Low cost One Zone Controlled
120,2023,0,0,0,15,30,20,17,1023.5418355933975,3.517440754458675,24.97526636225266,1.4434772828389058,3.350319288720009,0,0,Manual Control,Baseline,0,Baseline Manual Control
121,2023,0,0,4,10,15,18,15,923.6933350912233,3.1842868853148723,24.813546423135463,0.3175474525357871,1.1506451419215464,0,240,Partial Control,Baseline,240,Baseline Partial Control
122,2023,0,0,9,15,30,20,13,678.5373559116488,2.314051515516664,48.4855403348554,0.0663639823011169,0.1916208495469374,0,520,Full Control,Baseline,520,Baseline Full Control
123,2022,2,0,9,15,15,20,15,1003.5094188934552,2.049717122347977,46.72945205479452,0.0831890358324485,0.2572801257366565,16000,520,Full Control,Fabric - Shallow,16520,Fabric - Shallow Full Control
124,2023,0,0,1,5,10,21,17,1260.8797228644537,4.388494728884954,6.031202435312024,0.0036964318283852,0.0189227785941627,0,60,One Zone Controlled,Baseline,60,Baseline One Zone Controlled
125,2023,0,0,4,15,15,20,17,1042.8520143781839,3.5992720396415363,34.6841704718417,0.7980090349225397,2.0583825632999773,0,240,Partial Control,Baseline,240,Baseline Partial Control
126,2022,1,0,9,5,10,21,13,1178.7411620119742,2.455405640576998,50.681126331811264,0.1738123602878852,0.5590947470600487,3800,520,Full Control,Fabric - Low cost,4320,Fabric - Low cost Full Control
127,2022,1,0,4,10,15,19,17,1646.6372520912776,3.409796828927129,26.07496194824962,0.3248682212761436,1.0300302518408229,3800,240,Partial Control,Fabric - Low cost,4040,Fabric - Low cost Partial Control
128,2023,2,0,9,15,30,21,15,650.3338952323685,2.236596278482775,53.18683409436834,0.1672017282474389,0.4894574641898284,16000,520,Full Control,Fabric - Shallow,16520,Fabric - Shallow Full Control
129,2022,2,0,1,15,15,20,15,1437.8111894873175,3.0237625850996643,22.49619482496195,0.9489959783198736,2.892651039024583,16000,60,One Zone Controlled,Fabric - Shallow,16060,Fabric - Shallow One Zone Controlled
130,2022,1,0,0,5,30,18,13,1824.3435579577172,3.8374666974471023,0.0,0.0,0.0,3800,0,Manual Control,Fabric - Low cost,3800,Fabric - Low cost Manual Control
131,2022,2,0,0,5,15,18,13,1915.729186711949,4.044464234028569,0.0,0.0,0.0,16000,0,Manual Control,Fabric - Shallow,16000,Fabric - Shallow Manual Control
132,2022,0,0,4,15,42,19,15,1286.8768190698956,2.621756993222916,35.64497716894977,1.0306006496239202,2.62118994773837,0,240,Partial Control,Baseline,240,Baseline Partial Control
133,2023,1,0,4,15,30,18,15,765.447399191157,2.6041094904358872,28.9117199391172,0.5545188810564607,1.6313677711615353,3800,240,Partial Control,Fabric - Low cost,4040,Fabric - Low cost Partial Control
134,2022,2,0,0,10,30,18,13,1283.1699503240256,2.689740220113747,12.404870624048703,0.4323055195984318,1.736687469488991,16000,0,Manual Control,Fabric - Shallow,16000,Fabric - Shallow Manual Control
135,2023,0,0,1,5,15,21,17,1378.2588937741189,4.8285204724650574,5.359589041095891,0.0032894243636019,0.0175771881376417,0,60,One Zone Controlled,Baseline,60,Baseline One Zone Controlled
136,2023,0,0,4,10,30,21,15,881.7694326599536,3.029008128336986,55.68493150684931,1.3858036201902977,3.4592499042334106,0,240,Partial Control,Baseline,240,Baseline Partial Control
137,2023,2,0,9,5,10,20,13,548.9870667683531,1.879442541726355,49.33409436834094,0.1590739960207377,0.5408996809549582,16000,520,Full Control,Fabric - Shallow,16520,Fabric - Shallow Full Control
138,2022,1,0,0,15,15,19,13,1778.7830704038636,3.765957861629715,15.869482496194824,0.7877873771264331,2.7050299973481637,3800,0,Manual Control,Fabric - Low cost,3800,Fabric - Low cost Manual Control
139,2022,0,0,9,15,30,21,17,1564.0233816317295,3.217943890621078,47.720700152207,0.0274751903637385,0.0699432444377022,0,520,Full Control,Baseline,520,Baseline Full Control
140,2023,0,0,1,10,30,21,13,901.6124739910151,3.1210894684366037,46.234779299847794,1.977911457317484,4.941918386378031,0,60,One Zone Controlled,Baseline,60,Baseline One Zone Controlled
141,2023,1,0,1,5,42,19,13,923.4997301901633,3.172615193598007,5.509893455098935,0.0062066842210134,0.0410179535366568,3800,60,One Zone Controlled,Fabric - Low cost,3860,Fabric - Low cost One Zone Controlled
142,2023,0,0,1,5,30,20,15,1103.0143055330407,3.815271795771112,5.780060882800609,0.0048588600569633,0.0278709902655201,0,60,One Zone Controlled,Baseline,60,Baseline One Zone Controlled
143,2023,2,0,4,5,15,21,13,885.916374601744,3.102816168785048,32.16324200913242,0.0932143265068266,0.3815955363600993,16000,240,Partial Control,Fabric - Shallow,16240,Fabric - Shallow Partial Control
144,2022,1,0,0,10,42,19,17,1518.9579574475435,3.1341075059052157,19.15715372907154,0.6939202496994404,1.8229754967486729,3800,0,Manual Control,Fabric - Low cost,3800,Fabric - Low cost Manual Control
145,2022,1,0,1,5,15,20,17,2164.414158716915,4.556449130728548,3.498858447488584,0.001294000339804,0.0085866289528511,3800,60,One Zone Controlled,Fabric - Low cost,3860,Fabric - Low cost One Zone Controlled
146,2022,0,0,1,5,15,18,17,2252.998493698631,4.734528249274202,0.578386605783866,0.0001273808089448,0.0019579177170528,0,60,One Zone Controlled,Baseline,60,Baseline One Zone Controlled
147,2022,2,0,0,10,42,21,15,1165.8041011722064,2.412993978707635,59.04870624048706,2.9455656706530533,4.5868240806365606,16000,0,Manual Control,Fabric - Shallow,16000,Fabric - Shallow Manual Control
148,2022,2,0,4,5,15,19,15,1431.2728446123572,2.981890710622603,22.53614916286149,0.0126571206980088,0.0502874863204521,16000,240,Partial Control,Fabric - Shallow,16240,Fabric - Shallow Partial Control
149,2022,0,0,4,5,15,18,13,1673.7380274646484,3.4896038034736745,19.08295281582953,0.0067442015592696,0.0308514451152602,0,240,Partial Control,Baseline,240,Baseline Partial Control
150,2023,0,0,4,15,15,19,13,853.0443455876614,2.959255326448654,33.19444444444444,0.7634804260881863,2.350561367891852,0,240,Partial Control,Baseline,240,Baseline Partial Control
151,2023,2,0,9,15,30,20,13,548.9870667683531,1.879442541726355,49.33409436834094,0.1590739960207377,0.5408996809549582,16000,520,Full Control,Fabric - Shallow,16520,Fabric - Shallow Full Control
152,2022,1,0,9,5,30,21,13,1178.7411620119742,2.455405640576998,50.681126331811264,0.1738123602878852,0.5590947470600487,3800,520,Full Control,Fabric - Low cost,4320,Fabric - Low cost Full Control
153,2022,0,0,1,5,15,18,13,2171.324329813182,4.578453031206238,2.205098934550989,0.0014313060559581,0.0130479644237353,0,60,One Zone Controlled,Baseline,60,Baseline One Zone Controlled
154,2022,1,0,9,10,42,21,17,1489.6572953555358,3.068767476500286,49.37024353120243,0.03905219624427,0.0970727262292254,3800,520,Full Control,Fabric - Low cost,4320,Fabric - Low cost Full Control
155,2022,2,0,1,10,30,19,13,1191.981928398045,2.4924010197133213,20.59170471841705,0.7801711215729271,2.5162588979976683,16000,60,One Zone Controlled,Fabric - Shallow,16060,Fabric - Shallow One Zone Controlled
156,2023,0,0,0,15,15,18,15,1141.2348931842687,4.004654670794839,12.903348554033489,0.4260119007168765,1.6248258073903656,0,0,Manual Control,Baseline,0,Baseline Manual Control
157,2022,0,0,0,5,30,20,15,1916.5478308141453,4.023073866070681,0.0019025875190258,3.56567319260367e-06,0.0008174573117951,0,0,Manual Control,Baseline,0,Baseline Manual Control
158,2023,2,0,4,10,15,19,13,717.0890800592044,2.494265380872167,32.22983257229833,0.4198741685170246,1.527820994929966,16000,240,Partial Control,Fabric - Shallow,16240,Fabric - Shallow Partial Control
159,2023,1,0,4,15,42,21,13,721.3186134948892,2.480507646482975,60.21499238964992,2.662386176375671,4.590025688510999,3800,240,Partial Control,Fabric - Low cost,4040,Fabric - Low cost Partial Control
160,2023,1,0,0,10,30,19,13,918.9051357691092,3.184414371122903,17.134703196347033,0.9875186144726668,2.99938118522924,3800,0,Manual Control,Fabric - Low cost,3800,Fabric - Low cost Manual Control
161,2023,0,0,0,10,10,19,13,1069.995734859135,3.735379522203076,15.743911719939115,0.8341350876002303,2.692052072236117,0,0,Manual Control,Baseline,0,Baseline Manual Control
162,2022,2,0,0,15,15,18,13,1521.5757377338157,3.2218500581694407,8.645357686453577,0.2575222391374045,1.386781738449148,16000,0,Manual Control,Fabric - Shallow,16000,Fabric - Shallow Manual Control
163,2023,0,0,0,15,10,19,17,1103.0510177434176,3.8231284418367832,18.52359208523592,0.7024578923897602,1.9030137053100984,0,0,Manual Control,Baseline,0,Baseline Manual Control
164,2023,0,0,4,5,30,19,15,936.7255370020528,3.210322814144347,21.950152207001523,0.0063749479578576,0.0247017675467413,0,240,Partial Control,Baseline,240,Baseline Partial Control
165,2022,1,0,9,10,10,19,13,983.7579953821404,1.9948856703461635,42.81202435312024,0.0526813622605301,0.1629748715636403,3800,520,Full Control,Fabric - Low cost,4320,Fabric - Low cost Full Control
166,2022,1,0,1,10,10,18,15,1609.3306713016798,3.3580750329174034,14.824961948249618,0.4501136137753196,1.6120982042459342,3800,60,One Zone Controlled,Fabric - Low cost,3860,Fabric - Low cost One Zone Controlled
167,2023,0,0,0,5,42,19,15,1042.8902643966412,3.581470628683041,0.0,0.0,0.0,0,0,Manual Control,Baseline,0,Baseline Manual Control
168,2022,2,0,9,5,10,20,15,1003.5094188934552,2.049717122347977,46.72945205479452,0.0831890358324485,0.2572801257366565,16000,520,Full Control,Fabric - Shallow,16520,Fabric - Shallow Full Control
169,2022,1,0,4,10,10,21,15,1472.0031382088353,3.060434976553822,43.39802130898021,1.2190749650928745,3.1706003386364308,3800,240,Partial Control,Fabric - Low cost,4040,Fabric - Low cost Partial Control
170,2023,1,0,1,15,10,19,17,1024.0545864430148,3.540925001204588,19.3968797564688,0.686817899667577,1.825113156642269,3800,60,One Zone Controlled,Fabric - Low cost,3860,Fabric - Low cost One Zone Controlled
171,2023,2,0,0,5,10,20,13,1043.7071427567018,3.646819044564388,0.0,0.0,0.0,16000,0,Manual Control,Fabric - Shallow,16000,Fabric - Shallow Manual Control
172,2023,2,0,1,10,15,21,13,898.669384402989,3.1584083272983197,25.12937595129376,1.141945947969798,3.266381640391196,16000,60,One Zone Controlled,Fabric - Shallow,16060,Fabric - Shallow One Zone Controlled
173,2023,1,0,4,15,10,18,13,744.835774471141,2.562517479331567,29.969558599695585,0.5552956384790381,1.853748195277388,3800,240,Partial Control,Fabric - Low cost,4040,Fabric - Low cost Partial Control
174,2022,1,0,4,10,15,20,17,1674.3690570579392,3.4751009899567213,34.60616438356164,0.5907097232626666,1.691854222400675,3800,240,Partial Control,Fabric - Low cost,4040,Fabric - Low cost Partial Control
175,2022,1,0,0,15,30,21,17,1604.4049253909022,3.3255212003065506,33.605403348554034,2.1092083420790844,4.58535662098147,3800,0,Manual Control,Fabric - Low cost,3800,Fabric - Low cost Manual Control
176,2022,2,0,4,10,30,18,17,1204.3364916170772,2.470689290112144,24.693683409436836,0.1438126550357989,0.4857090168758725,16000,240,Partial Control,Fabric - Shallow,16240,Fabric - Shallow Partial Control
177,2022,1,0,4,10,15,21,17,1709.2098401660378,3.551901765084297,40.877092846270926,0.9057127849533432,2.390415793919009,3800,240,Partial Control,Fabric - Low cost,4040,Fabric - Low cost Partial Control
178,2022,2,0,0,15,10,18,13,1368.6932749979833,2.887484799285041,11.358447488584474,0.3796957473598781,1.6722294863117029,16000,0,Manual Control,Fabric - Shallow,16000,Fabric - Shallow Manual Control
179,2022,0,0,0,10,15,19,13,1952.691383869904,4.123911979082956,14.069634703196346,0.658074683024346,2.3892845844867376,0,0,Manual Control,Baseline,0,Baseline Manual Control
180,2022,2,0,1,10,30,20,13,1200.085768405322,2.5120801707533174,24.95433789954338,1.189287371169819,3.359351424306002,16000,60,One Zone Controlled,Fabric - Shallow,16060,Fabric - Shallow One Zone Controlled
181,2023,0,0,1,10,42,18,15,848.1599103347284,2.8889494842035046,17.64840182648402,0.7002724249440258,2.0685314640332275,0,60,One Zone Controlled,Baseline,60,Baseline One Zone Controlled
182,2022,2,0,4,5,10,19,13,1276.7022307455256,2.665640181980952,24.383561643835616,0.0287858406969817,0.1304455409200137,16000,240,Partial Control,Fabric - Shallow,16240,Fabric - Shallow Partial Control
183,2023,0,0,9,10,42,20,15,764.3504305065494,2.5908900881679897,47.720700152207,0.0350253088436911,0.0925487643206113,0,520,Full Control,Baseline,520,Baseline Full Control
184,2023,0,0,9,10,42,21,13,746.4714514016232,2.5743351519544757,52.13470319634703,0.1156277174470364,0.341042236097504,0,520,Full Control,Baseline,520,Baseline Full Control
185,2023,1,0,1,10,10,18,13,942.3928582475324,3.2814451367491846,15.996955859969558,0.5070763367162783,1.876828403790754,3800,60,One Zone Controlled,Fabric - Low cost,3860,Fabric - Low cost One Zone Controlled
186,2022,1,0,4,10,15,20,13,1434.530452249693,3.0067102282918055,37.909056316590565,0.8356782983131558,2.5234653925511155,3800,240,Partial Control,Fabric - Low cost,4040,Fabric - Low cost Partial Control
187,2022,0,0,0,5,30,20,17,1955.4991938660671,4.094291871372764,0.0,0.0,0.0,0,0,Manual Control,Baseline,0,Baseline Manual Control
188,2022,1,0,9,15,42,20,15,1210.5931297950544,2.46891859392298,46.24048706240488,0.0495627359370685,0.1346703313640259,3800,520,Full Control,Fabric - Low cost,4320,Fabric - Low cost Full Control
189,2022,0,0,1,15,30,21,15,1498.420836107533,3.1093971936718017,44.20091324200913,2.471283006723675,5.5646728976259325,0,60,One Zone Controlled,Baseline,60,Baseline One Zone Controlled
190,2022,1,0,9,10,10,18,15,1064.7911137474985,2.1163964656928336,35.72108066971081,0.0053270032062273,0.0204552823778338,3800,520,Full Control,Fabric - Low cost,4320,Fabric - Low cost Full Control
191,2022,0,0,4,5,30,19,15,1542.3126388657442,3.1890527797844963,21.581050228310502,0.0067778896690776,0.0264256661914564,0,240,Partial Control,Baseline,240,Baseline Partial Control
192,2023,2,0,9,5,15,20,13,548.9870667683531,1.879442541726355,49.33409436834094,0.1590739960207377,0.5408996809549582,16000,520,Full Control,Fabric - Shallow,16520,Fabric - Shallow Full Control
193,2023,2,0,4,15,42,20,15,629.6185233388971,2.1452732840762514,51.24429223744292,1.3153175845920038,3.11055669250354,16000,240,Partial Control,Fabric - Shallow,16240,Fabric - Shallow Partial Control
194,2023,0,0,4,5,42,19,17,958.718062733137,3.263229237764431,15.024733637747335,0.0003447399049102,0.0021617324124838,0,240,Partial Control,Baseline,240,Baseline Partial Control
195,2022,1,0,4,5,42,20,17,1532.7660578168666,3.169554046392072,41.55631659056316,0.0069471314483421,0.0219936961944526,3800,240,Partial Control,Fabric - Low cost,4040,Fabric - Low cost Partial Control
196,2022,1,0,0,10,10,20,17,1794.2903070353752,3.7473705718926538,18.92503805175038,0.9070521002160726,2.483316483649274,3800,0,Manual Control,Fabric - Low cost,3800,Fabric - Low cost Manual Control
197,2023,2,0,4,10,42,21,13,623.7098364211859,2.148013054339247,59.54337899543379,2.1500521246292634,3.579584981330421,16000,240,Partial Control,Fabric - Shallow,16240,Fabric - Shallow Partial Control
198,2022,0,0,9,10,10,20,13,1123.998529890416,2.309435916030157,45.72298325722984,0.0711762613178607,0.2151837274618383,0,520,Full Control,Baseline,520,Baseline Full Control
199,2022,2,0,1,5,42,18,15,1282.27839838723,2.659776282389063,3.2420091324200917,0.001511898538314,0.0121671350073415,16000,60,One Zone Controlled,Fabric - Shallow,16060,Fabric - Shallow One Zone Controlled
200,2022,0,0,0,15,10,18,17,1819.567496980825,3.7876303968890537,13.945966514459665,0.2685642082760233,0.8469065645411376,0,0,Manual Control,Baseline,0,Baseline Manual Control
201,2022,2,0,9,15,30,18,13,756.4691197128225,1.50519766687629,39.89535768645357,0.0418281945805325,0.149680366107664,16000,520,Full Control,Fabric - Shallow,16520,Fabric - Shallow Full Control
202,2023,0,0,1,5,15,21,13,1339.4742698038542,4.706337992803179,6.073059360730594,0.0101091104769308,0.0653946966742209,0,60,One Zone Controlled,Baseline,60,Baseline One Zone Controlled
203,2023,2,0,1,15,30,18,13,690.9410198364544,2.3875968142194535,18.070776255707763,0.589063650843886,2.1005677694903984,16000,60,One Zone Controlled,Fabric - Shallow,16060,Fabric - Shallow One Zone Controlled
204,2022,0,0,9,5,10,19,15,1188.0144321894252,2.390837618042644,39.60806697108067,0.0141444035774809,0.0457365904729932,0,520,Full Control,Baseline,520,Baseline Full Control
205,2022,0,0,9,15,10,18,17,1340.981723105189,2.7175894312532805,34.69748858447488,0.0014645597516515,0.0044795288905054,0,520,Full Control,Baseline,520,Baseline Full Control
206,2022,0,0,4,15,15,20,13,1449.2207714204214,3.0308632427616105,37.6541095890411,1.1054380755086408,3.080503140318024,0,240,Partial Control,Baseline,240,Baseline Partial Control
207,2023,0,0,1,15,15,20,17,1151.6073678291618,4.007325054963951,22.747336377473363,1.081076040451495,2.782932830905682,0,60,One Zone Controlled,Baseline,60,Baseline One Zone Controlled
208,2023,1,0,4,10,42,21,13,738.627572297028,2.53957663326388,60.21689497716894,2.2762418010091467,3.871818126318946,3800,240,Partial Control,Fabric - Low cost,4040,Fabric - Low cost Partial Control
209,2023,1,0,1,15,15,20,15,1029.8735843070767,3.602276574709529,24.0734398782344,1.269658068203147,3.4863057312960275,3800,60,One Zone Controlled,Fabric - Low cost,3860,Fabric - Low cost One Zone Controlled
210,2022,1,0,4,10,30,19,15,1322.8012882458831,2.7173071899996004,34.79832572298326,0.6830654567997173,2.014356808785264,3800,240,Partial Control,Fabric - Low cost,4040,Fabric - Low cost Partial Control
211,2022,0,0,0,10,15,20,13,1952.691383869904,4.123911979082956,17.385844748858446,1.022339315072316,3.2168538892702947,0,0,Manual Control,Baseline,0,Baseline Manual Control
212,2022,1,0,1,15,10,21,15,1563.7039619495376,3.269582858021336,30.42808219178082,2.122658581515004,5.032472737676479,3800,60,One Zone Controlled,Fabric - Low cost,3860,Fabric - Low cost One Zone Controlled
213,2022,1,0,1,15,30,21,13,1359.601553710445,2.849384458187447,45.94939117199392,2.5535774301126826,5.867191515105942,3800,60,One Zone Controlled,Fabric - Low cost,3860,Fabric - Low cost One Zone Controlled
214,2023,1,0,4,10,15,20,13,871.1217982512244,3.034391400331849,38.82229832572298,0.8366605210009717,2.48576020780956,3800,240,Partial Control,Fabric - Low cost,4040,Fabric - Low cost Partial Control
215,2022,0,0,1,15,30,18,13,1391.1136650853796,2.900329830174314,19.42922374429224,0.8966161187800635,2.861975990808764,0,60,One Zone Controlled,Baseline,60,Baseline One Zone Controlled
216,2022,1,0,1,10,30,18,17,1595.1498946411732,3.305960523429502,14.76407914764079,0.240731694867136,0.7358271396408052,3800,60,One Zone Controlled,Fabric - Low cost,3860,Fabric - Low cost One Zone Controlled
217,2022,0,0,1,5,30,21,17,1884.542414631632,3.937100221494178,27.279299847793,0.0057752797539516,0.0222196511403026,0,60,One Zone Controlled,Baseline,60,Baseline One Zone Controlled
218,2023,0,0,4,15,30,18,15,801.8895333521972,2.7259910116776007,27.79680365296804,0.5751875920230957,1.676809464724229,0,240,Partial Control,Baseline,240,Baseline Partial Control
219,2022,1,0,4,15,15,19,13,1351.847460079608,2.8206257979535496,33.464611872146115,0.7258479538094476,2.30144970359381,3800,240,Partial Control,Fabric - Low cost,4040,Fabric - Low cost Partial Control
220,2023,1,0,0,5,42,20,13,989.3555626526392,3.4023666559909125,16.04261796042618,0.0024673054358527,0.0140783296194986,3800,0,Manual Control,Fabric - Low cost,3800,Fabric - Low cost Manual Control
221,2023,1,0,4,10,42,21,17,904.2858606309044,3.0877973400639647,59.87823439878235,1.8529553331472224,2.760509999591588,3800,240,Partial Control,Fabric - Low cost,4040,Fabric - Low cost Partial Control
222,2023,2,0,4,15,10,20,13,671.9995408824904,2.3307474813160622,40.13508371385084,1.021181910682392,2.7706005658959043,16000,240,Partial Control,Fabric - Shallow,16240,Fabric - Shallow Partial Control
223,2022,2,0,1,10,10,18,13,1317.8812012605483,2.767568358172577,13.46841704718417,0.3370910210311844,1.490547365348931,16000,60,One Zone Controlled,Fabric - Shallow,16060,Fabric - Shallow One Zone Controlled
224,2023,2,0,1,5,30,18,15,868.8876686759123,3.003816005591799,2.3211567732115674,0.0010976414172037,0.0097066550256522,16000,60,One Zone Controlled,Fabric - Shallow,16060,Fabric - Shallow One Zone Controlled
225,2023,1,0,9,5,42,18,13,536.6601521515096,1.7879662932758387,38.85464231354642,0.0242556688817326,0.0775731027605174,3800,520,Full Control,Fabric - Low cost,4320,Fabric - Low cost Full Control
226,2023,0,0,1,5,15,20,15,1343.6305774579662,4.713306056372641,4.299847792998477,0.003635415445132,0.0232171228900012,0,60,One Zone Controlled,Baseline,60,Baseline One Zone Controlled
227,2022,1,0,4,10,10,18,15,1376.9636577836518,2.830460880223501,27.290715372907155,0.3573223859837993,1.2592812861467269,3800,240,Partial Control,Fabric - Low cost,4040,Fabric - Low cost Partial Control
228,2023,2,0,9,10,10,19,15,558.8410540297684,1.87918120858973,43.451293759512936,0.0324214131536836,0.0966617572373523,16000,520,Full Control,Fabric - Shallow,16520,Fabric - Shallow Full Control
229,2022,1,0,4,15,15,18,13,1319.1396545488021,2.738024002185321,28.708143074581432,0.4602374211228195,1.6945566188219294,3800,240,Partial Control,Fabric - Low cost,4040,Fabric - Low cost Partial Control
230,2023,0,0,1,5,42,20,15,991.5203229105265,3.4004279792807948,29.82115677321157,0.0075781236561137,0.0313204937285897,0,60,One Zone Controlled,Baseline,60,Baseline One Zone Controlled
231,2022,0,0,4,15,15,21,17,1757.857259060868,3.6450754658459337,40.74391171993912,1.1987612880389975,2.865461491692294,0,240,Partial Control,Baseline,240,Baseline Partial Control
232,2023,2,0,4,10,15,18,15,740.0552369787406,2.5568735477621507,25.13318112633181,0.2021594681728721,0.8704025886558235,16000,240,Partial Control,Fabric - Shallow,16240,Fabric - Shallow Partial Control
233,2022,0,0,9,15,15,19,13,1030.3874282782822,2.0850983631431212,41.75228310502283,0.0391124846490885,0.1201912359935138,0,520,Full Control,Baseline,520,Baseline Full Control
234,2023,0,0,0,15,30,21,17,1023.5418355933975,3.517440754458675,35.49467275494673,2.176299471891097,4.665281317453122,0,0,Manual Control,Baseline,0,Baseline Manual Control
235,2023,0,0,9,15,15,19,13,616.8508799915984,2.0783084307124553,43.71765601217656,0.0366072066049408,0.1097423081625162,0,520,Full Control,Baseline,520,Baseline Full Control
236,2022,1,0,4,10,42,20,15,1281.787315115023,2.62777048043799,49.93340943683409,1.105508100101997,2.87693976619339,3800,240,Partial Control,Fabric - Low cost,4040,Fabric - Low cost Partial Control
237,2023,2,0,4,5,42,21,13,703.5632391169082,2.425943972540047,59.09436834094368,1.086869334262762,1.3368808729038155,16000,240,Partial Control,Fabric - Shallow,16240,Fabric - Shallow Partial Control
238,2022,2,0,9,5,10,19,15,938.328438499092,1.8898271729460951,42.43150684931507,0.0347154738479955,0.1098746020348765,16000,520,Full Control,Fabric - Shallow,16520,Fabric - Shallow Full Control
239,2023,2,0,1,15,42,21,13,633.3375627118473,2.176578539803036,61.411719939117205,3.401551049353069,5.5712908978335465,16000,60,One Zone Controlled,Fabric - Shallow,16060,Fabric - Shallow One Zone Controlled
240,2022,1,0,1,5,10,19,13,1884.8384741732161,3.972060336980032,3.974505327245053,0.0047626356951565,0.0360057286705336,3800,60,One Zone Controlled,Fabric - Low cost,3860,Fabric - Low cost One Zone Controlled
241,2023,1,0,1,10,42,20,13,772.3722893221665,2.6493123711247324,43.73287671232877,1.662517752655652,4.312544222249015,3800,60,One Zone Controlled,Fabric - Low cost,3860,Fabric - Low cost One Zone Controlled
242,2022,2,0,4,5,42,18,13,1049.0714628206294,2.156943319131603,22.54946727549467,0.0168120123566966,0.0720251222526094,16000,240,Partial Control,Fabric - Shallow,16240,Fabric - Shallow Partial Control
243,2023,2,0,4,15,10,19,15,692.7677229126217,2.3820254979374758,33.649162861491625,0.5999740649505596,1.8178429919444643,16000,240,Partial Control,Fabric - Shallow,16240,Fabric - Shallow Partial Control
244,2022,2,0,9,5,42,19,13,827.6007215108874,1.681515942729973,43.203957382039576,0.08700199556344,0.3092952086481293,16000,520,Full Control,Fabric - Shallow,16520,Fabric - Shallow Full Control
245,2023,0,0,9,5,15,18,15,668.4332126468987,2.225148487916084,32.73592085235921,0.0022434834055524,0.0101746029419154,0,520,Full Control,Baseline,520,Baseline Full Control
246,2022,2,0,1,5,42,20,13,1274.3350249896625,2.657677905126861,32.35350076103501,0.0213639490667305,0.1233050309888549,16000,60,One Zone Controlled,Fabric - Shallow,16060,Fabric - Shallow One Zone Controlled
247,2023,1,0,4,5,10,19,17,1037.670213809638,3.57715269637658,14.396879756468795,0.0004572099525016,0.0028526643468698,3800,240,Partial Control,Fabric - Low cost,4040,Fabric - Low cost Partial Control
248,2022,0,0,0,5,42,18,13,1690.9958464619508,3.5321939963340387,0.0,0.0,0.0,0,0,Manual Control,Baseline,0,Baseline Manual Control
249,2022,1,0,0,15,15,19,15,1803.4723810657551,3.80387317886251,15.861872146118722,0.7416653042558089,2.4492763783914464,3800,0,Manual Control,Fabric - Low cost,3800,Fabric - Low cost Manual Control
250,2023,1,0,1,15,15,21,13,1005.8547535057396,3.5354591212899407,29.193302891933023,1.8868394069268923,4.765076503698339,3800,60,One Zone Controlled,Fabric - Low cost,3860,Fabric - Low cost One Zone Controlled
251,2022,2,0,4,15,15,18,13,1118.4311442053809,2.3263869946922187,27.045281582952818,0.3190730913574381,1.3590884640798664,16000,240,Partial Control,Fabric - Shallow,16240,Fabric - Shallow Partial Control
252,2023,0,0,1,5,30,19,15,1097.9088938282014,3.795265000113679,3.730974124809741,0.0017992074433469,0.0121742293070328,0,60,One Zone Controlled,Baseline,60,Baseline One Zone Controlled
253,2023,2,0,4,5,30,19,15,742.063993639713,2.5454737578034328,24.126712328767123,0.0142218985126003,0.0516337934143836,16000,240,Partial Control,Fabric - Shallow,16240,Fabric - Shallow Partial Control
254,2022,1,0,4,10,30,18,17,1457.826753477303,2.996988860070191,25.273972602739725,0.1759748744625728,0.5520192055471649,3800,240,Partial Control,Fabric - Low cost,4040,Fabric - Low cost Partial Control
255,2023,1,0,4,15,42,18,15,722.4904164070357,2.440551159350758,30.211187214611872,0.6513757777681763,1.7981689369076386,3800,240,Partial Control,Fabric - Low cost,4040,Fabric - Low cost Partial Control
256,2022,2,0,0,10,42,19,13,1137.7666585113748,2.366586381350628,18.52359208523592,0.9898458849964178,2.97643427341394,16000,0,Manual Control,Fabric - Shallow,16000,Fabric - Shallow Manual Control
257,2022,0,0,0,15,42,20,15,1406.3897890853434,2.9015041464728664,31.581050228310502,2.138999142655492,4.970826581692922,0,0,Manual Control,Baseline,0,Baseline Manual Control
258,2023,0,0,9,15,30,21,13,746.4714514016232,2.5743351519544757,52.13470319634703,0.1156277174470364,0.341042236097504,0,520,Full Control,Baseline,520,Baseline Full Control
259,2023,2,0,0,5,42,18,15,825.3623708668125,2.836067250687044,0.0,0.0,0.0,16000,0,Manual Control,Fabric - Shallow,16000,Fabric - Shallow Manual Control
260,2023,1,0,1,10,10,19,13,947.293878977943,3.3002600854953146,19.42161339421613,0.8218052770022392,2.6199769161349638,3800,60,One Zone Controlled,Fabric - Low cost,3860,Fabric - Low cost One Zone Controlled
261,2023,1,0,4,5,15,18,15,1015.5892179982724,3.523460460431525,16.031202435312025,0.0019932747029167,0.0099297230094215,3800,240,Partial Control,Fabric - Low cost,4040,Fabric - Low cost Partial Control
262,2023,1,0,4,5,30,19,17,973.7102597426816,3.3361919600792147,14.7279299847793,0.0004299955851833,0.0026956339902212,3800,240,Partial Control,Fabric - Low cost,4040,Fabric - Low cost Partial Control
263,2023,1,0,1,10,42,19,15,813.1762754954638,2.7730408289969186,23.03082191780822,1.067183103470204,2.9253984472112102,3800,60,One Zone Controlled,Fabric - Low cost,3860,Fabric - Low cost One Zone Controlled
264,2023,1,0,0,15,15,21,13,1082.6809634344295,3.8096871514045847,24.47298325722983,1.8577686820097028,4.751951103654934,3800,0,Manual Control,Fabric - Low cost,3800,Fabric - Low cost Manual Control
265,2023,0,0,1,5,30,19,17,1141.3350540780773,3.939483903469202,0.837138508371385,6.286583268726986e-05,0.0009712302963276,0,60,One Zone Controlled,Baseline,60,Baseline One Zone Controlled
266,2022,1,0,4,10,30,19,13,1212.131571288447,2.5094524631200508,35.920852359208524,0.7844930703821059,2.383784575934293,3800,240,Partial Control,Fabric - Low cost,4040,Fabric - Low cost Partial Control
267,2022,1,0,1,5,30,18,13,1681.735486287476,3.5280699400887348,3.272450532724505,0.0027300145122171,0.0216190452175507,3800,60,One Zone Controlled,Fabric - Low cost,3860,Fabric - Low cost One Zone Controlled
268,2023,2,0,9,10,10,18,13,446.75537396210564,1.4916236346740566,39.20471841704718,0.0381505428062502,0.1317264602006323,16000,520,Full Control,Fabric - Shallow,16520,Fabric - Shallow Full Control
269,2022,1,0,1,10,42,21,15,1354.3026319197159,2.7962347825366263,59.33789954337899,2.982833942400068,4.734457150333455,3800,60,One Zone Controlled,Fabric - Low cost,3860,Fabric - Low cost One Zone Controlled
270,2023,1,0,9,15,42,21,17,903.5862004195255,3.090935807848471,51.52016742770168,0.0374578526297002,0.0887261942349276,3800,520,Full Control,Fabric - Low cost,4320,Fabric - Low cost Full Control
271,2023,0,0,0,15,10,19,15,1037.0775908433136,3.611698346442111,18.605403348554034,1.009828460645511,2.920947527356456,0,0,Manual Control,Baseline,0,Baseline Manual Control
272,2022,1,0,0,10,10,21,13,1683.9496179686116,3.5507016803853886,21.91590563165905,1.677182762663398,4.498739401509304,3800,0,Manual Control,Fabric - Low cost,3800,Fabric - Low cost Manual Control
273,2023,0,0,9,10,30,20,17,898.6416013023711,3.0508139763024302,42.02625570776256,0.0054222004976782,0.0188643366029278,0,520,Full Control,Baseline,520,Baseline Full Control
274,2023,1,0,1,15,15,19,13,994.3382690959344,3.490044680571016,20.02853881278539,0.8538713371128047,2.7785491069277466,3800,60,One Zone Controlled,Fabric - Low cost,3860,Fabric - Low cost One Zone Controlled
275,2023,2,0,9,5,42,19,13,494.57226173061844,1.6724923197412656,44.43302891933029,0.0796498326947911,0.2738054815776297,16000,520,Full Control,Fabric - Shallow,16520,Fabric - Shallow Full Control
276,2023,1,0,1,5,15,19,17,1310.8029804257949,4.592965476115138,0.6982496194824962,0.0001298180087793,0.0019312619334008,3800,60,One Zone Controlled,Fabric - Low cost,3860,Fabric - Low cost One Zone Controlled
277,2022,1,0,1,5,10,19,17,1964.6447702519652,4.123056846949999,0.6050228310502284,8.365928687869272e-05,0.0014691847295062,3800,60,One Zone Controlled,Fabric - Low cost,3860,Fabric - Low cost One Zone Controlled
278,2022,1,0,1,15,42,20,15,1311.1094272068854,2.6992723600048096,41.38318112633181,2.019830978959353,4.676718640527606,3800,60,One Zone Controlled,Fabric - Low cost,3860,Fabric - Low cost One Zone Controlled
279,2022,1,0,4,10,30,18,13,1179.3142704506508,2.4268582772468097,31.187214611872143,0.5257908050452831,1.8035166115187056,3800,240,Partial Control,Fabric - Low cost,4040,Fabric - Low cost Partial Control
280,2023,1,0,0,10,15,19,17,1185.2228619728317,4.1480707111141895,14.16476407914764,0.4253435234827369,1.3613404344452815,3800,0,Manual Control,Fabric - Low cost,3800,Fabric - Low cost Manual Control
281,2022,1,0,1,5,42,20,15,1551.9977869481063,3.232472632426116,29.51293759512937,0.0098165484795901,0.0447418092413321,3800,60,One Zone Controlled,Fabric - Low cost,3860,Fabric - Low cost One Zone Controlled
282,2023,1,0,0,5,15,20,13,1389.4738779063205,4.886876630162971,0.0,0.0,0.0,3800,0,Manual Control,Fabric - Low cost,3800,Fabric - Low cost Manual Control
283,2023,1,0,9,5,42,19,13,589.6740470185862,1.988946750138833,44.69178082191781,0.0490879252908721,0.1456152689190412,3800,520,Full Control,Fabric - Low cost,4320,Fabric - Low cost Full Control
284,2022,1,0,9,10,15,18,13,905.3536218505434,1.7995884351710496,39.362633181126334,0.0261283909158526,0.0847280993405621,3800,520,Full Control,Fabric - Low cost,4320,Fabric - Low cost Full Control
285,2023,0,0,0,15,10,20,13,1017.4512844690275,3.553088328487286,22.281202435312025,1.6359604164432044,4.345077949152209,0,0,Manual Control,Baseline,0,Baseline Manual Control
286,2023,0,0,4,5,10,19,17,1086.7881800677935,3.744101951063033,14.26179604261796,0.0004229572832858,0.0026437584947437,0,240,Partial Control,Baseline,240,Baseline Partial Control
287,2023,0,0,0,10,10,20,17,1141.6830295936252,3.961072782258876,18.687214611872147,0.9420347076430836,2.5548960877221902,0,0,Manual Control,Baseline,0,Baseline Manual Control
288,2023,1,0,0,15,42,20,15,813.4130519832662,2.7802954954777177,34.51674277016743,2.126519057381801,4.8949864742171565,3800,0,Manual Control,Fabric - Low cost,3800,Fabric - Low cost Manual Control
289,2023,1,0,4,10,10,18,17,928.7156728771878,3.1821004426526605,24.00875190258752,0.1581890349838253,0.5163440794586739,3800,240,Partial Control,Fabric - Low cost,4040,Fabric - Low cost Partial Control
290,2022,1,0,1,5,30,20,15,1726.2714727127675,3.6189480565413548,5.829528158295282,0.0068587874103199,0.0395609114707147,3800,60,One Zone Controlled,Fabric - Low cost,3860,Fabric - Low cost One Zone Controlled
291,2023,1,0,9,10,30,18,15,635.5197714552111,2.1163020492675813,34.756468797564686,0.0047870031018197,0.0184858801730078,3800,520,Full Control,Fabric - Low cost,4320,Fabric - Low cost Full Control
292,2022,1,0,1,10,42,19,15,1343.373122472413,2.7668147106047933,22.92047184170472,1.0557130616032642,2.915781900065532,3800,60,One Zone Controlled,Fabric - Low cost,3860,Fabric - Low cost One Zone Controlled
293,2023,1,0,9,15,42,19,13,589.6740470185862,1.988946750138833,44.69178082191781,0.0490879252908721,0.1456152689190412,3800,520,Full Control,Fabric - Low cost,4320,Fabric - Low cost Full Control
294,2022,0,0,1,10,30,21,15,1547.3529610664962,3.216159003467189,42.71499238964992,1.851173762275108,4.611683511192976,0,60,One Zone Controlled,Baseline,60,Baseline One Zone Controlled
295,2023,1,0,9,10,30,21,17,903.5862004195255,3.090935807848471,51.52016742770168,0.0374578526297002,0.0887261942349276,3800,520,Full Control,Fabric - Low cost,4320,Fabric - Low cost Full Control
296,2022,1,0,1,10,30,20,17,1606.788666711204,3.3307095576264603,23.69672754946728,1.012431646928028,2.5938088992417643,3800,60,One Zone Controlled,Fabric - Low cost,3860,Fabric - Low cost One Zone Controlled
297,2023,1,0,4,5,15,21,13,1052.0405951950984,3.683595066855176,31.746575342465757,0.0582583840417149,0.2124105315813543,3800,240,Partial Control,Fabric - Low cost,4040,Fabric - Low cost Partial Control
298,2023,2,0,9,5,30,18,13,446.75537396210564,1.4916236346740566,39.20471841704718,0.0381505428062502,0.1317264602006323,16000,520,Full Control,Fabric - Shallow,16520,Fabric - Shallow Full Control
299,2023,1,0,9,5,42,18,15,635.5197714552111,2.1163020492675813,34.756468797564686,0.0047870031018197,0.0184858801730078,3800,520,Full Control,Fabric - Low cost,4320,Fabric - Low cost Full Control
300,2023,2,0,0,5,15,19,13,1159.8028049080121,4.078681616433491,0.0,0.0,0.0,16000,0,Manual Control,Fabric - Shallow,16000,Fabric - Shallow Manual Control
301,2022,0,0,1,10,10,21,15,1692.5975107547283,3.5379923799538036,26.76179604261796,1.6394571867754295,4.2675244388962215,0,60,One Zone Controlled,Baseline,60,Baseline One Zone Controlled
302,2022,2,0,0,5,15,20,13,1915.729186711949,4.044464234028569,0.0019025875190258,1.7493815532183777e-05,0.004010588364532,16000,0,Manual Control,Fabric - Shallow,16000,Fabric - Shallow Manual Control
303,2023,2,0,9,10,10,20,15,601.5679070709178,2.045519701025448,49.20281582952816,0.0780713052636206,0.229034200949062,16000,520,Full Control,Fabric - Shallow,16520,Fabric - Shallow Full Control
304,2023,0,0,0,10,15,21,15,1198.1733233640305,4.204398856877406,20.643074581430746,1.4297989828604043,3.9225852795678855,0,0,Manual Control,Baseline,0,Baseline Manual Control
305,2023,0,0,4,5,42,19,15,870.3146570324473,2.96193615098081,22.75304414003044,0.0068011219344703,0.0257700027731134,0,240,Partial Control,Baseline,240,Baseline Partial Control
306,2023,2,0,0,15,15,20,13,923.5112673100842,3.2509102956905322,18.36567732115677,0.8972182206941455,2.842334426337479,16000,0,Manual Control,Fabric - Shallow,16000,Fabric - Shallow Manual Control
307,2023,0,0,1,15,15,19,17,1149.907548139124,4.000456582115228,17.981354642313548,0.6090265224261716,1.7121559764982757,0,60,One Zone Controlled,Baseline,60,Baseline One Zone Controlled
308,2022,2,0,9,15,42,21,15,1079.9416250645281,2.2317044509924733,50.99505327245053,0.1759273711261098,0.5345365645105068,16000,520,Full Control,Fabric - Shallow,16520,Fabric - Shallow Full Control
309,2023,1,0,9,5,10,19,17,809.4401534844008,2.730120728082554,35.47945205479452,0.0008727512077135,0.0038161384521279,3800,520,Full Control,Fabric - Low cost,4320,Fabric - Low cost Full Control
310,2022,0,0,9,10,15,19,13,1030.3874282782822,2.0850983631431212,41.75228310502283,0.0391124846490885,0.1201912359935138,0,520,Full Control,Baseline,520,Baseline Full Control
311,2023,0,0,9,5,15,18,13,561.5661884915917,1.8695547949679265,37.62937595129376,0.017212287678914,0.0584673070854036,0,520,Full Control,Baseline,520,Baseline Full Control
312,2022,1,0,0,5,42,18,17,1674.1328068538621,3.487048472751188,0.0,0.0,0.0,3800,0,Manual Control,Fabric - Low cost,3800,Fabric - Low cost Manual Control
313,2023,1,0,1,10,30,20,13,860.0292262872466,2.975673202204739,26.01788432267884,1.4263676542771395,3.886278378282929,3800,60,One Zone Controlled,Fabric - Low cost,3860,Fabric - Low cost One Zone Controlled
314,2023,0,0,4,15,15,20,15,938.4966189867696,3.247811157999618,38.401826484018265,1.0407006416289557,2.781379624306556,0,240,Partial Control,Baseline,240,Baseline Partial Control
315,2023,1,0,4,15,42,20,15,760.992501887346,2.5891546034999875,51.9558599695586,1.4713823450264647,3.427170395007739,3800,240,Partial Control,Fabric - Low cost,4040,Fabric - Low cost Partial Control
316,2022,0,0,4,10,10,19,15,1469.0041722630128,3.0276467487827716,32.34018264840183,0.6099160996071314,1.8970527673870927,0,240,Partial Control,Baseline,240,Baseline Partial Control
317,2022,0,0,0,5,10,19,17,2172.115200070868,4.568922542692256,0.0,0.0,0.0,0,0,Manual Control,Baseline,0,Baseline Manual Control
318,2022,0,0,0,15,10,18,15,1705.4303343375834,3.575906258384933,14.30745814307458,0.5764241636830649,1.9723464162027144,0,0,Manual Control,Baseline,0,Baseline Manual Control
319,2023,1,0,4,10,15,21,13,899.7238085095311,3.143907520147154,43.76331811263318,1.1605451973716352,3.1306268467013427,3800,240,Partial Control,Fabric - Low cost,4040,Fabric - Low cost Partial Control
320,2023,0,0,0,5,30,21,13,1169.3248504717951,4.054075332938465,15.045662100456624,0.0024016635422154,0.0172831044185045,0,0,Manual Control,Baseline,0,Baseline Manual Control
321,2023,2,0,9,10,15,21,13,607.3150679585353,2.1029844479110125,53.24200913242009,0.2985642591029327,0.9697027119666884,16000,520,Full Control,Fabric - Shallow,16520,Fabric - Shallow Full Control
322,2022,2,0,0,5,30,19,15,1531.0640488512886,3.2116913096971826,0.0019025875190258,1.3448734223142107e-05,0.0030832231478482,16000,0,Manual Control,Fabric - Shallow,16000,Fabric - Shallow Manual Control
323,2022,1,0,9,10,10,21,17,1489.6572953555358,3.068767476500286,49.37024353120243,0.03905219624427,0.0970727262292254,3800,520,Full Control,Fabric - Low cost,4320,Fabric - Low cost Full Control
324,2022,0,0,9,5,10,18,17,1340.981723105189,2.7175894312532805,34.69748858447488,0.0014645597516515,0.0044795288905054,0,520,Full Control,Baseline,520,Baseline Full Control
325,2022,0,0,0,15,42,21,13,1329.8087704810573,2.767236450802426,59.7203196347032,3.903269335925593,6.614695608215691,0,0,Manual Control,Baseline,0,Baseline Manual Control
326,2023,1,0,1,10,30,19,13,854.4401578884056,2.9535891268538523,21.242389649923897,1.0024074127841065,2.99940532235647,3800,60,One Zone Controlled,Fabric - Low cost,3860,Fabric - Low cost One Zone Controlled
327,2023,2,0,4,5,15,19,15,862.087861588512,2.996455883106096,21.96156773211568,0.0116914658382287,0.0457039750081234,16000,240,Partial Control,Fabric - Shallow,16240,Fabric - Shallow Partial Control
328,2022,1,0,0,10,42,19,13,1335.9448941161543,2.7833903049719098,19.223744292237445,1.208290868172316,3.496880924204573,3800,0,Manual Control,Fabric - Low cost,3800,Fabric - Low cost Manual Control
329,2023,0,0,0,5,15,18,15,1454.6899914988614,5.112115980678291,0.0,0.0,0.0,0,0,Manual Control,Baseline,0,Baseline Manual Control
330,2023,1,0,9,5,30,18,15,635.5197714552111,2.1163020492675813,34.756468797564686,0.0047870031018197,0.0184858801730078,3800,520,Full Control,Fabric - Low cost,4320,Fabric - Low cost Full Control
331,2022,0,0,4,10,15,18,13,1421.2421103621011,2.9464662968433166,27.964231354642315,0.3816407059250246,1.5028635364767036,0,240,Partial Control,Baseline,240,Baseline Partial Control
332,2023,0,0,9,10,30,19,15,712.0529807339085,2.3903322160719176,41.289954337899545,0.0132798245345634,0.0422792093001361,0,520,Full Control,Baseline,520,Baseline Full Control
333,2023,0,0,4,15,15,19,17,1022.8562335608797,3.5230609996698803,27.1175799086758,0.446705238021371,1.26307549087763,0,240,Partial Control,Baseline,240,Baseline Partial Control
334,2022,0,0,0,5,42,19,13,1690.9958464619508,3.5321939963340387,0.0019025875190258,1.3362774150298731e-05,0.0030635161566932,0,0,Manual Control,Baseline,0,Baseline Manual Control
335,2023,0,0,1,15,10,18,15,981.9711672250431,3.4015332707813353,17.174657534246577,0.6250760086789802,1.9979673010944932,0,60,One Zone Controlled,Baseline,60,Baseline One Zone Controlled
336,2022,0,0,9,10,42,21,17,1564.0233816317295,3.217943890621078,47.720700152207,0.0274751903637385,0.0699432444377022,0,520,Full Control,Baseline,520,Baseline Full Control
337,2022,1,0,1,15,10,21,13,1502.6124413001962,3.1650842565224675,30.63736681887367,2.203847163706054,5.322352592743422,3800,60,One Zone Controlled,Fabric - Low cost,3860,Fabric - Low cost One Zone Controlled
338,2022,0,0,4,15,15,20,15,1555.6135713439382,3.225219000371423,37.21080669710807,1.0236787516463814,2.778022856669976,0,240,Partial Control,Baseline,240,Baseline Partial Control
339,2022,0,0,4,10,10,18,17,1608.648863136716,3.3142319717725983,24.15715372907154,0.1572804935272174,0.5221643444940673,0,240,Partial Control,Baseline,240,Baseline Partial Control
340,2022,2,0,1,5,30,19,15,1436.2965890440403,3.0030663959266484,4.608066971080669,0.0043343522485714,0.0296451095324687,16000,60,One Zone Controlled,Fabric - Shallow,16060,Fabric - Shallow One Zone Controlled
341,2023,1,0,9,5,42,19,17,809.4401534844008,2.730120728082554,35.47945205479452,0.0008727512077135,0.0038161384521279,3800,520,Full Control,Fabric - Low cost,4320,Fabric - Low cost Full Control
342,2023,1,0,1,5,15,18,17,1307.6614840049826,4.58183678551307,0.5003805175038052,8.599063546021747e-05,0.0016100889873511,3800,60,One Zone Controlled,Fabric - Low cost,3860,Fabric - Low cost One Zone Controlled
343,2023,0,0,4,5,10,20,13,989.0676818627346,3.4326926860430302,27.9927701674277,0.0264981504330388,0.0944182641523111,0,240,Partial Control,Baseline,240,Baseline Partial Control
344,2023,1,0,9,5,15,20,15,728.8942387137456,2.4732454449272407,48.95738203957382,0.0476624365694901,0.1230612022161482,3800,520,Full Control,Fabric - Low cost,4320,Fabric - Low cost Full Control
345,2023,0,0,0,5,15,19,13,1453.595888082631,5.108964781510275,0.0,0.0,0.0,0,0,Manual Control,Baseline,0,Baseline Manual Control
346,2023,1,0,1,10,15,20,15,1073.586829391286,3.75642847730012,21.531582952815832,0.9696496459270912,2.884548107688198,3800,60,One Zone Controlled,Fabric - Low cost,3860,Fabric - Low cost One Zone Controlled
347,2022,0,0,4,5,42,19,15,1434.7226218237352,2.949665746196596,22.212709284627092,0.0072081919075387,0.0275535816440104,0,240,Partial Control,Baseline,240,Baseline Partial Control
348,2023,2,0,1,10,30,21,15,753.9768113919687,2.604012945153469,46.82838660578387,1.6278594311947896,4.048881374790598,16000,60,One Zone Controlled,Fabric - Shallow,16060,Fabric - Shallow One Zone Controlled
349,2023,1,0,1,15,15,18,15,1025.8056669504879,3.583845767510592,15.527016742770169,0.4548714230668187,1.660771218698475,3800,60,One Zone Controlled,Fabric - Low cost,3860,Fabric - Low cost One Zone Controlled
350,2022,1,0,4,10,15,21,15,1560.8782341551048,3.2559126010936037,42.121385083713854,1.0889100701980523,2.943334549786868,3800,240,Partial Control,Fabric - Low cost,4040,Fabric - Low cost Partial Control
351,2023,2,0,4,15,15,18,15,719.9971546434783,2.486590138499726,25.509893455098936,0.256036405703422,1.0400410777422249,16000,240,Partial Control,Fabric - Shallow,16240,Fabric - Shallow Partial Control
352,2022,0,0,4,10,15,20,15,1595.4564937946745,3.310896902189994,36.83409436834094,0.7936669501642792,2.3528272168687048,0,240,Partial Control,Baseline,240,Baseline Partial Control
353,2023,0,0,0,5,30,18,17,1195.1151073149003,4.134945610673003,0.0,0.0,0.0,0,0,Manual Control,Baseline,0,Baseline Manual Control
354,2023,0,0,4,15,42,18,17,877.4760162975217,2.970863565699153,27.12328767123288,0.2721692937661161,0.7225052343593271,0,240,Partial Control,Baseline,240,Baseline Partial Control
355,2022,1,0,9,5,30,21,15,1296.2355690584925,2.6713319493175023,50.68493150684932,0.0990543440962043,0.2703640887032899,3800,520,Full Control,Fabric - Low cost,4320,Fabric - Low cost Full Control
356,2023,2,0,9,15,30,18,13,446.75537396210564,1.4916236346740566,39.20471841704718,0.0381505428062502,0.1317264602006323,16000,520,Full Control,Fabric - Shallow,16520,Fabric - Shallow Full Control
357,2023,0,0,9,10,30,21,13,746.4714514016232,2.5743351519544757,52.13470319634703,0.1156277174470364,0.341042236097504,0,520,Full Control,Baseline,520,Baseline Full Control
358,2022,2,0,0,10,30,18,15,1300.960790511305,2.71773053388231,12.3896499238965,0.3903881257409982,1.474426041439599,16000,0,Manual Control,Fabric - Shallow,16000,Fabric - Shallow Manual Control
359,2023,0,0,0,5,15,19,17,1462.8999704738353,5.136839481491266,0.0,0.0,0.0,0,0,Manual Control,Baseline,0,Baseline Manual Control
360,2023,0,0,9,5,30,20,17,898.6416013023711,3.0508139763024302,42.02625570776256,0.0054222004976782,0.0188643366029278,0,520,Full Control,Baseline,520,Baseline Full Control
361,2022,1,0,9,10,42,19,13,983.7579953821404,1.9948856703461635,42.81202435312024,0.0526813622605301,0.1629748715636403,3800,520,Full Control,Fabric - Low cost,4320,Fabric - Low cost Full Control
362,2023,1,0,4,10,15,20,17,1014.0885808068557,3.5045494368568306,35.24733637747337,0.6012744417998407,1.715764502634467,3800,240,Partial Control,Fabric - Low cost,4040,Fabric - Low cost Partial Control
363,2022,1,0,1,5,15,21,15,2126.5674391137854,4.490112971710138,6.107305936073059,0.0103080384505969,0.0606535412788727,3800,60,One Zone Controlled,Fabric - Low cost,3860,Fabric - Low cost One Zone Controlled
364,2022,2,0,4,15,42,18,17,1135.7022123171323,2.318088629266279,26.86453576864536,0.2212283187729135,0.6318875466186449,16000,240,Partial Control,Fabric - Shallow,16240,Fabric - Shallow Partial Control
365,2022,0,0,4,5,30,20,15,1578.4648732026392,3.275556201391485,26.447869101978693,0.0172122571348159,0.0571441988753571,0,240,Partial Control,Baseline,240,Baseline Partial Control
366,2022,2,0,9,10,42,18,15,879.9887712456898,1.7448923029257886,36.96727549467276,0.0108758840284735,0.0390792366792517,16000,520,Full Control,Fabric - Shallow,16520,Fabric - Shallow Full Control
367,2023,0,0,9,15,15,21,17,948.2256242011132,3.2412516946629495,49.76027397260274,0.0263282190780063,0.0655989412429014,0,520,Full Control,Baseline,520,Baseline Full Control
368,2023,1,0,0,15,42,21,15,813.4130519832662,2.7802954954777177,62.48858447488585,3.758360467468445,5.969391696620763,3800,0,Manual Control,Fabric - Low cost,3800,Fabric - Low cost Manual Control
369,2023,1,0,1,5,30,21,13,1048.3042838253489,3.637495792513584,34.33980213089802,0.02029262477589,0.1043795500462549,3800,60,One Zone Controlled,Fabric - Low cost,3860,Fabric - Low cost One Zone Controlled
370,2022,0,0,4,15,10,18,13,1285.6441177624051,2.6528377534578262,29.40068493150685,0.58831240223678,1.9756430747881817,0,240,Partial Control,Baseline,240,Baseline Partial Control
371,2022,2,0,1,15,30,18,17,1298.688388664143,2.685882349513381,15.66780821917808,0.256042881011106,0.7830868332842214,16000,60,One Zone Controlled,Fabric - Shallow,16060,Fabric - Shallow One Zone Controlled
372,2022,0,0,9,10,30,19,13,1030.3874282782822,2.0850983631431212,41.75228310502283,0.0391124846490885,0.1201912359935138,0,520,Full Control,Baseline,520,Baseline Full Control
373,2022,1,0,4,5,30,20,15,1508.1777493259322,3.134039341170367,27.7644596651446,0.0232277850790731,0.0754040456322921,3800,240,Partial Control,Fabric - Low cost,4040,Fabric - Low cost Partial Control
374,2023,1,0,0,10,10,19,15,1040.934753276484,3.6288893304057988,15.616438356164384,0.7385813530079858,2.329396599953182,3800,0,Manual Control,Fabric - Low cost,3800,Fabric - Low cost Manual Control
375,2022,0,0,9,15,30,20,17,1481.1254950858777,3.0356532424495053,40.07420091324201,0.0059205984468734,0.0211134829259367,0,520,Full Control,Baseline,520,Baseline Full Control
376,2022,0,0,9,10,15,18,13,947.862744829774,1.881508365554936,38.15258751902588,0.0187076108609781,0.0630814205768692,0,520,Full Control,Baseline,520,Baseline Full Control
377,2023,1,0,4,10,15,18,17,976.77434123713,3.365825822322773,23.11263318112633,0.1343076936985989,0.4686572850892952,3800,240,Partial Control,Fabric - Low cost,4040,Fabric - Low cost Partial Control
378,2022,0,0,1,5,10,19,15,1993.6230865194252,4.187747811438533,3.1963470319634704,0.0016814911042401,0.0117610751370372,0,60,One Zone Controlled,Baseline,60,Baseline One Zone Controlled
379,2023,2,0,1,5,42,19,13,769.3562032155627,2.6420273739558735,5.67351598173516,0.0084688439914201,0.0597575594324683,16000,60,One Zone Controlled,Fabric - Shallow,16060,Fabric - Shallow One Zone Controlled
380,2022,1,0,9,10,42,19,15,1132.7487184890956,2.2820355305532183,41.33751902587519,0.0208552052181949,0.0620368653954772,3800,520,Full Control,Fabric - Low cost,4320,Fabric - Low cost Full Control
381,2022,0,0,4,10,42,19,15,1308.2147809369221,2.667752777216661,34.745053272450534,0.7891886695436894,2.213831420227459,0,240,Partial Control,Baseline,240,Baseline Partial Control
382,2022,2,0,4,15,10,18,15,1128.6824736343303,2.31813079794703,27.313546423135467,0.3367062582890395,1.2132833419348332,16000,240,Partial Control,Fabric - Shallow,16240,Fabric - Shallow Partial Control
383,2023,0,0,1,15,42,19,15,826.7228357953787,2.8149547778062938,25.72298325722983,1.4561905206897412,3.612243785784069,0,60,One Zone Controlled,Baseline,60,Baseline One Zone Controlled
384,2022,1,0,4,15,30,21,13,1263.896665487742,2.63960253537786,54.05441400304414,1.902620992682984,4.389233947819768,3800,240,Partial Control,Fabric - Low cost,4040,Fabric - Low cost Partial Control
385,2023,0,0,4,15,42,18,15,757.9195361861057,2.5587039342800333,29.03919330289193,0.6695507230889971,1.8368288896764515,0,240,Partial Control,Baseline,240,Baseline Partial Control
386,2022,2,0,4,5,10,21,13,1353.6350196998128,2.846392311934824,31.815068493150683,0.1070923692880707,0.4389296279875966,16000,240,Partial Control,Fabric - Shallow,16240,Fabric - Shallow Partial Control
387,2023,0,0,4,5,15,20,13,1065.166487462071,3.7176436720877453,27.210806697108065,0.0244632827622441,0.0894293928849108,0,240,Partial Control,Baseline,240,Baseline Partial Control
388,2023,0,0,1,5,10,20,15,1220.8483618322402,4.254682669577985,5.011415525114155,0.0042119238356926,0.0254847690666001,0,60,One Zone Controlled,Baseline,60,Baseline One Zone Controlled
389,2023,1,0,9,10,30,18,17,766.994517153551,2.575183382707774,34.332191780821915,0.0014199208486211,0.0044726597493175,3800,520,Full Control,Fabric - Low cost,4320,Fabric - Low cost Full Control
390,2022,0,0,1,10,10,19,17,1811.416944870714,3.7657525375789707,16.676179604261794,0.5219003221952359,1.5260751086532205,0,60,One Zone Controlled,Baseline,60,Baseline One Zone Controlled
391,2023,1,0,0,10,15,20,13,1140.8628834433507,4.0113426382142485,16.855022831050228,0.9699844616567364,3.007364910554124,3800,0,Manual Control,Fabric - Low cost,3800,Fabric - Low cost Manual Control
392,2022,1,0,4,15,15,21,17,1677.4298368503792,3.4835067162906648,41.79033485540335,1.174933468367669,2.811024158411748,3800,240,Partial Control,Fabric - Low cost,4040,Fabric - Low cost Partial Control
393,2022,2,0,1,15,42,19,13,1028.2620099916016,2.1327033284679113,25.83904109589041,1.303003150286667,3.5543094557343164,16000,60,One Zone Controlled,Fabric - Shallow,16060,Fabric - Shallow One Zone Controlled
394,2023,0,0,1,10,10,20,13,990.221083736717,3.4503876647525344,23.363774733637747,1.2539333764752278,3.5876294300106606,0,60,One Zone Controlled,Baseline,60,Baseline One Zone Controlled
395,2023,1,0,4,10,42,21,15,796.5879407206693,2.723699433222916,60.18645357686454,2.155186236340165,3.5407016884912643,3800,240,Partial Control,Fabric - Low cost,4040,Fabric - Low cost Partial Control
396,2022,0,0,4,5,30,18,13,1420.8047780337477,2.9400496750964416,20.260654490106543,0.0079427318174433,0.0343873415292802,0,240,Partial Control,Baseline,240,Baseline Partial Control
397,2022,1,0,4,10,30,21,17,1553.9144932191186,3.2114402168008174,52.60654490106545,1.090698114100007,2.6736892976182034,3800,240,Partial Control,Fabric - Low cost,4040,Fabric - Low cost Partial Control
398,2022,1,0,4,5,10,18,15,1558.6334196324417,3.2280991697671797,17.290715372907155,0.0024312888809483,0.0115027865083054,3800,240,Partial Control,Fabric - Low cost,4040,Fabric - Low cost Partial Control
399,2022,1,0,1,15,42,21,13,1227.5655800858713,2.553992798896241,59.29984779299847,3.672030580356914,6.229750745270083,3800,60,One Zone Controlled,Fabric - Low cost,3860,Fabric - Low cost One Zone Controlled
400,2023,1,0,4,15,10,21,13,820.0162719870452,2.8508207083703225,45.98363774733637,1.6997836823203671,4.036125426278224,3800,240,Partial Control,Fabric - Low cost,4040,Fabric - Low cost Partial Control
401,2023,0,0,4,5,42,21,15,919.0519238223391,3.151204468176529,59.632800608828006,1.0409515061981505,1.2137166697903594,0,240,Partial Control,Baseline,240,Baseline Partial Control
402,2023,0,0,0,15,10,21,15,1037.0775908433136,3.611698346442111,27.022450532724505,2.23368910850228,5.265999533540671,0,0,Manual Control,Baseline,0,Baseline Manual Control
403,2023,1,0,9,15,15,19,15,678.9518953714866,2.2803428489290622,42.96232876712329,0.0198312950370876,0.0572982421021673,3800,520,Full Control,Fabric - Low cost,4320,Fabric - Low cost Full Control
404,2022,2,0,9,10,10,18,13,756.4691197128225,1.50519766687629,39.89535768645357,0.0418281945805325,0.149680366107664,16000,520,Full Control,Fabric - Shallow,16520,Fabric - Shallow Full Control
405,2023,0,0,0,15,15,20,13,1127.1982814717385,3.9632990460085344,20.13888888888889,1.333982577552299,3.788922133411257,0,0,Manual Control,Baseline,0,Baseline Manual Control
406,2023,2,0,0,15,10,21,13,832.9812191209843,2.911378496042318,26.25570776255708,1.827715741772756,4.532649365263343,16000,0,Manual Control,Fabric - Shallow,16000,Fabric - Shallow Manual Control
407,2022,1,0,0,15,30,18,13,1431.7258834072702,3.006185077101075,16.371765601217657,0.8035014109229823,2.6619137117673315,3800,0,Manual Control,Fabric - Low cost,3800,Fabric - Low cost Manual Control
408,2023,0,0,9,5,42,21,13,746.4714514016232,2.5743351519544757,52.13470319634703,0.1156277174470364,0.341042236097504,0,520,Full Control,Baseline,520,Baseline Full Control
409,2023,2,0,9,10,30,20,15,601.5679070709178,2.045519701025448,49.20281582952816,0.0780713052636206,0.229034200949062,16000,520,Full Control,Fabric - Shallow,16520,Fabric - Shallow Full Control
410,2023,1,0,4,10,42,19,15,753.5648970696806,2.5541943221611536,36.480213089802135,0.7873032372061587,2.194237058273975,3800,240,Partial Control,Fabric - Low cost,4040,Fabric - Low cost Partial Control
411,2022,0,0,9,10,42,19,15,1188.0144321894252,2.390837618042644,39.60806697108067,0.0141444035774809,0.0457365904729932,0,520,Full Control,Baseline,520,Baseline Full Control
412,2022,1,0,4,5,15,18,13,1604.9536852782567,3.3497378379256637,20.209284627092845,0.0092031083472028,0.0403631081817067,3800,240,Partial Control,Fabric - Low cost,4040,Fabric - Low cost Partial Control
413,2023,2,0,9,15,10,19,13,494.57226173061844,1.6724923197412656,44.43302891933029,0.0796498326947911,0.2738054815776297,16000,520,Full Control,Fabric - Shallow,16520,Fabric - Shallow Full Control
414,2023,0,0,1,10,15,20,17,1186.6720255007288,4.133276607623556,19.75646879756469,0.8184762038530367,2.307163900165513,0,60,One Zone Controlled,Baseline,60,Baseline One Zone Controlled
415,2023,0,0,4,10,15,19,15,941.580235115452,3.2519245585879712,31.46879756468798,0.5376887118271503,1.7231296259823137,0,240,Partial Control,Baseline,240,Baseline Partial Control
416,2023,1,0,0,5,30,18,13,1117.6313808173595,3.876835144798576,0.0,0.0,0.0,3800,0,Manual Control,Fabric - Low cost,3800,Fabric - Low cost Manual Control
417,2023,1,0,1,5,42,19,17,989.058760665584,3.387566136661441,1.219558599695586,4.4570704914156176e-05,0.0008706737791055,3800,60,One Zone Controlled,Fabric - Low cost,3860,Fabric - Low cost One Zone Controlled
418,2022,1,0,0,10,30,20,17,1647.4122040784891,3.421853938434412,20.171232876712327,1.0472102742903897,2.7018028162378283,3800,0,Manual Control,Fabric - Low cost,3800,Fabric - Low cost Manual Control
419,2022,1,0,4,15,10,21,15,1438.9582046213577,2.989429977793122,44.07724505327245,1.5839515138446307,3.745890841030615,3800,240,Partial Control,Fabric - Low cost,4040,Fabric - Low cost Partial Control
420,2023,1,0,4,10,30,19,17,904.2810793087336,3.08477382445517,28.194444444444443,0.4292530929868186,1.2149892518018892,3800,240,Partial Control,Fabric - Low cost,4040,Fabric - Low cost Partial Control
421,2022,1,0,1,10,10,21,15,1622.0234982532672,3.395727166757946,27.151826484018265,1.602400849623991,4.174307713423902,3800,60,One Zone Controlled,Fabric - Low cost,3860,Fabric - Low cost One Zone Controlled
422,2022,0,0,0,15,10,21,13,1667.020195124022,3.512630820416591,26.07496194824962,2.292932901491714,5.576755132814652,0,0,Manual Control,Baseline,0,Baseline Manual Control
423,2023,2,0,4,10,42,19,13,576.4971169414665,1.964869366636017,37.31925418569254,0.7678686578537149,2.237034560223756,16000,240,Partial Control,Fabric - Shallow,16240,Fabric - Shallow Partial Control
424,2023,1,0,0,15,15,19,15,1094.8780808931397,3.845360889198527,16.548706240487064,0.7404906289530341,2.395234475460919,3800,0,Manual Control,Fabric - Low cost,3800,Fabric - Low cost Manual Control
425,2022,0,0,1,10,15,18,13,1776.4139989499208,3.736964599068526,13.677701674277015,0.4281769896705475,1.7717658186442005,0,60,One Zone Controlled,Baseline,60,Baseline One Zone Controlled
426,2022,2,0,9,10,15,19,13,827.6007215108874,1.681515942729973,43.203957382039576,0.08700199556344,0.3092952086481293,16000,520,Full Control,Fabric - Shallow,16520,Fabric - Shallow Full Control
427,2022,2,0,0,5,10,20,15,1718.4632328994642,3.6189841538139307,0.0076103500761035,3.735268723391895e-05,0.0065067308003594,16000,0,Manual Control,Fabric - Shallow,16000,Fabric - Shallow Manual Control
428,2022,1,0,0,15,15,20,13,1778.7830704038636,3.765957861629715,20.17884322678843,1.257619270940867,3.6915358811737047,3800,0,Manual Control,Fabric - Low cost,3800,Fabric - Low cost Manual Control
429,2022,2,0,0,5,10,19,17,1726.8248504114658,3.6329295795670618,0.0,0.0,0.0,16000,0,Manual Control,Fabric - Shallow,16000,Fabric - Shallow Manual Control
430,2023,1,0,4,5,30,19,15,895.3042574123922,3.070398226410297,23.73097412480974,0.009507212109583,0.0338026235324638,3800,240,Partial Control,Fabric - Low cost,4040,Fabric - Low cost Partial Control
431,2023,0,0,0,10,30,19,13,957.1314225835048,3.315394489209807,17.26978691019787,1.0311127457954044,3.111542844156984,0,0,Manual Control,Baseline,0,Baseline Manual Control
432,2023,2,0,1,10,15,20,15,906.7481767909492,3.1769677454067984,20.51750380517504,0.7206421806838862,2.3166506697396696,16000,60,One Zone Controlled,Fabric - Shallow,16060,Fabric - Shallow One Zone Controlled
433,2022,0,0,4,5,15,20,17,1940.2289441546,4.0470599940664735,19.97336377473364,0.0026882250353198,0.0115254777479058,0,240,Partial Control,Baseline,240,Baseline Partial Control
434,2022,0,0,1,15,15,20,13,1710.4318781059055,3.6060097720111473,24.090563165905632,1.3770090434897475,3.919188254085094,0,60,One Zone Controlled,Baseline,60,Baseline One Zone Controlled
435,2022,2,0,4,5,42,19,13,1081.4180366140145,2.2363854452566856,26.22146118721461,0.0353338095357112,0.1488833432043747,16000,240,Partial Control,Fabric - Shallow,16240,Fabric - Shallow Partial Control
436,2023,1,0,0,15,15,21,15,1094.8780808931397,3.845360889198527,24.38926940639269,1.815507642154514,4.5742834025142525,3800,0,Manual Control,Fabric - Low cost,3800,Fabric - Low cost Manual Control
437,2023,2,0,9,15,10,21,13,607.3150679585353,2.1029844479110125,53.24200913242009,0.2985642591029327,0.9697027119666884,16000,520,Full Control,Fabric - Shallow,16520,Fabric - Shallow Full Control
438,2023,2,0,4,15,10,21,13,696.3036718359789,2.424623693918056,45.82952815829528,1.488735500005965,3.5831926453529506,16000,240,Partial Control,Fabric - Shallow,16240,Fabric - Shallow Partial Control
439,2022,1,0,0,10,15,18,13,1874.4027570770909,3.964553833720934,10.14840182648402,0.3541088137720377,1.5898780836428263,3800,0,Manual Control,Fabric - Low cost,3800,Fabric - Low cost Manual Control
440,2023,0,0,9,5,10,19,17,849.526790532914,2.8647228807368483,35.728691019786915,0.000809440764681,0.0034508955226229,0,520,Full Control,Baseline,520,Baseline Full Control
441,2022,2,0,1,15,30,18,15,1194.271315697455,2.4746061593710875,17.442922374429223,0.5469389534767486,1.8321113526084276,16000,60,One Zone Controlled,Fabric - Shallow,16060,Fabric - Shallow One Zone Controlled
442,2023,0,0,1,15,30,20,13,857.6707507042805,2.9652754844505584,29.05251141552511,1.9531377320934595,4.849165159060582,0,60,One Zone Controlled,Baseline,60,Baseline One Zone Controlled
443,2023,2,0,0,15,15,21,15,928.783760305227,3.2659861306566698,22.754946727549463,1.4237388309126295,3.79917915041178,16000,0,Manual Control,Fabric - Shallow,16000,Fabric - Shallow Manual Control
444,2022,2,0,1,15,10,18,15,1310.8523452674813,2.7347607368492817,14.863013698630136,0.4035826925535431,1.5468691930010057,16000,60,One Zone Controlled,Fabric - Shallow,16060,Fabric - Shallow One Zone Controlled
445,2023,2,0,9,15,10,20,13,548.9870667683531,1.879442541726355,49.33409436834094,0.1590739960207377,0.5408996809549582,16000,520,Full Control,Fabric - Shallow,16520,Fabric - Shallow Full Control
446,2022,0,0,9,5,15,19,15,1188.0144321894252,2.390837618042644,39.60806697108067,0.0141444035774809,0.0457365904729932,0,520,Full Control,Baseline,520,Baseline Full Control
447,2023,2,0,1,5,10,18,15,965.5519480304554,3.364708388195901,1.9082952815829528,0.0008985187107887,0.0085131630251799,16000,60,One Zone Controlled,Fabric - Shallow,16060,Fabric - Shallow One Zone Controlled
448,2023,0,0,4,5,10,21,15,1055.5245071325244,3.6611633462290727,31.128234398782347,0.0309821817124734,0.0935745092433967,0,240,Partial Control,Baseline,240,Baseline Partial Control
449,2022,1,0,0,5,42,19,15,1627.1645204270355,3.397296382708104,0.0019025875190258,2.685313028767126e-06,0.0006156281440424,3800,0,Manual Control,Fabric - Low cost,3800,Fabric - Low cost Manual Control
450,2022,1,0,1,15,15,21,15,1705.827684420929,3.5828463084285307,28.280060882800605,1.823918113309104,4.576075255844983,3800,60,One Zone Controlled,Fabric - Low cost,3860,Fabric - Low cost One Zone Controlled
451,2022,1,0,1,10,15,21,15,1776.2895332344458,3.733805731086857,25.192161339421617,1.386726495604399,3.794638534116429,3800,60,One Zone Controlled,Fabric - Low cost,3860,Fabric - Low cost One Zone Controlled
452,2022,1,0,4,5,42,21,15,1443.36240319051,2.9938082783042246,57.30783866057839,1.020031384486204,1.2295540876111746,3800,240,Partial Control,Fabric - Low cost,4040,Fabric - Low cost Partial Control
453,2023,2,0,9,10,15,19,13,494.57226173061844,1.6724923197412656,44.43302891933029,0.0796498326947911,0.2738054815776297,16000,520,Full Control,Fabric - Shallow,16520,Fabric - Shallow Full Control
454,2022,2,0,1,5,10,19,15,1598.4551133058512,3.35635066470345,3.7842465753424657,0.0034982515451073,0.0259412198572622,16000,60,One Zone Controlled,Fabric - Shallow,16060,Fabric - Shallow One Zone Controlled
455,2022,1,0,9,15,30,20,13,1074.5449777142953,2.2132880623538007,46.58485540334855,0.09680654157865,0.3046019386436109,3800,520,Full Control,Fabric - Low cost,4320,Fabric - Low cost Full Control
456,2022,1,0,0,5,30,18,17,1862.8173555292328,3.905707348721516,0.0,0.0,0.0,3800,0,Manual Control,Fabric - Low cost,3800,Fabric - Low cost Manual Control
457,2023,1,0,0,15,10,21,17,1052.377027618627,3.650817231020217,26.957762557077626,1.883724209627287,4.290804149003681,3800,0,Manual Control,Fabric - Low cost,3800,Fabric - Low cost Manual Control
458,2022,0,0,1,10,15,19,17,1958.0385188792832,4.083792140928962,15.205479452054796,0.4479781790895421,1.4046579109253,0,60,One Zone Controlled,Baseline,60,Baseline One Zone Controlled
459,2023,0,0,4,15,42,21,13,752.2756660494977,2.584304784848293,60.078006088280056,2.6889570487233647,4.659024177096153,0,240,Partial Control,Baseline,240,Baseline Partial Control
460,2023,1,0,4,5,42,19,15,831.102748950681,2.8301234263162494,24.743150684931507,0.0102045196230698,0.0354185515167051,3800,240,Partial Control,Fabric - Low cost,4040,Fabric - Low cost Partial Control
461,2023,2,0,4,15,30,20,13,627.8899203491637,2.16439002822369,42.071917808219176,1.2160965456820714,3.0932749522892755,16000,240,Partial Control,Fabric - Shallow,16240,Fabric - Shallow Partial Control
462,2022,1,0,0,15,10,21,17,1735.5274636974032,3.618190561106182,25.87328767123288,1.8543630137928475,4.261725206848007,3800,0,Manual Control,Fabric - Low cost,3800,Fabric - Low cost Manual Control
463,2022,2,0,0,5,30,19,13,1528.6790612093894,3.208103569340703,0.0038051750380517,2.648126878843512e-05,0.0048379644429271,16000,0,Manual Control,Fabric - Shallow,16000,Fabric - Shallow Manual Control
464,2023,2,0,1,15,15,21,13,857.2297256976741,3.015822878785537,28.13926940639269,1.5040645374326511,3.9898866081078768,16000,60,One Zone Controlled,Fabric - Shallow,16060,Fabric - Shallow One Zone Controlled
465,2022,1,0,0,5,30,20,17,1862.8173555292328,3.905707348721516,0.0,0.0,0.0,3800,0,Manual Control,Fabric - Low cost,3800,Fabric - Low cost Manual Control
466,2022,2,0,9,15,30,20,13,910.5288069897448,1.8797087412292748,46.84170471841705,0.1695475738404895,0.5916363804908522,16000,520,Full Control,Fabric - Shallow,16520,Fabric - Shallow Full Control
467,2022,2,0,9,10,30,18,15,879.9887712456898,1.7448923029257886,36.96727549467276,0.0108758840284735,0.0390792366792517,16000,520,Full Control,Fabric - Shallow,16520,Fabric - Shallow Full Control
468,2023,1,0,4,15,15,20,13,843.884147884491,2.9396021219770563,39.21423135464232,1.0745693288514833,2.955583607656014,3800,240,Partial Control,Fabric - Low cost,4040,Fabric - Low cost Partial Control
469,2022,2,0,9,10,10,20,15,1003.5094188934552,2.049717122347977,46.72945205479452,0.0831890358324485,0.2572801257366565,16000,520,Full Control,Fabric - Shallow,16520,Fabric - Shallow Full Control
470,2022,2,0,1,15,42,18,15,1089.129402331807,2.23618994820592,20.287290715372908,0.7145264148474844,2.1382654841729165,16000,60,One Zone Controlled,Fabric - Shallow,16060,Fabric - Shallow One Zone Controlled
471,2022,1,0,9,15,30,18,13,905.3536218505434,1.7995884351710496,39.362633181126334,0.0261283909158526,0.0847280993405621,3800,520,Full Control,Fabric - Low cost,4320,Fabric - Low cost Full Control
472,2022,1,0,1,15,30,20,13,1350.8295718210074,2.8277080876811866,28.175418569254184,1.8832861071382008,4.740429995966413,3800,60,One Zone Controlled,Fabric - Low cost,3860,Fabric - Low cost One Zone Controlled
473,2023,0,0,0,15,42,19,13,811.3002145257426,2.784170947364139,22.63888888888889,1.659317672965937,4.316539055257858,0,0,Manual Control,Baseline,0,Baseline Manual Control
474,2023,1,0,4,5,15,19,15,1034.2242727604664,3.593113526619787,21.91590563165905,0.0081339223270632,0.0306902996322012,3800,240,Partial Control,Fabric - Low cost,4040,Fabric - Low cost Partial Control
475,2023,1,0,1,5,30,21,17,1097.3940794575788,3.7944676194460776,30.33675799086758,0.0078802569157243,0.0292985110218718,3800,60,One Zone Controlled,Fabric - Low cost,3860,Fabric - Low cost One Zone Controlled
476,2023,1,0,9,15,30,18,15,635.5197714552111,2.1163020492675813,34.756468797564686,0.0047870031018197,0.0184858801730078,3800,520,Full Control,Fabric - Low cost,4320,Fabric - Low cost Full Control
477,2022,0,0,4,10,15,18,17,1693.9961147818813,3.498347585041214,23.23820395738204,0.1348400169479604,0.480530598316849,0,240,Partial Control,Baseline,240,Baseline Partial Control
478,2022,0,0,4,5,42,20,17,1610.2555677287494,3.326748621539768,40.44901065449011,0.0038656484029875,0.0134170026971073,0,240,Partial Control,Baseline,240,Baseline Partial Control
479,2022,0,0,4,5,30,21,17,1746.2962995521418,3.627330769626278,45.821917808219176,0.0146175306668708,0.0421635409493355,0,240,Partial Control,Baseline,240,Baseline Partial Control
480,2023,1,0,0,5,15,21,17,1396.5023173589702,4.907904237326103,0.0,0.0,0.0,3800,0,Manual Control,Fabric - Low cost,3800,Fabric - Low cost Manual Control
481,2022,2,0,4,5,42,18,15,1113.4112634153369,2.277207395753673,19.549086757990867,0.0052184643405795,0.022770632492465,16000,240,Partial Control,Fabric - Shallow,16240,Fabric - Shallow Partial Control
482,2022,0,0,1,5,30,18,17,1863.598314527916,3.8894819228509947,0.6145357686453576,9.201541659853012e-05,0.0014064591963045,0,60,One Zone Controlled,Baseline,60,Baseline One Zone Controlled
483,2022,0,0,4,5,30,21,15,1619.1415675650624,3.370435879089995,48.16400304414003,0.0349757270228036,0.1054920248356468,0,240,Partial Control,Baseline,240,Baseline Partial Control
484,2023,1,0,0,5,15,21,13,1389.4738779063205,4.886876630162971,0.0,0.0,0.0,3800,0,Manual Control,Fabric - Low cost,3800,Fabric - Low cost Manual Control
485,2022,1,0,9,15,10,20,15,1210.5931297950544,2.46891859392298,46.24048706240488,0.0495627359370685,0.1346703313640259,3800,520,Full Control,Fabric - Low cost,4320,Fabric - Low cost Full Control
486,2023,0,0,9,5,10,18,13,561.5661884915917,1.8695547949679265,37.62937595129376,0.017212287678914,0.0584673070854036,0,520,Full Control,Baseline,520,Baseline Full Control
487,2022,2,0,1,5,42,19,15,1287.2437153550452,2.6737811173176924,5.435692541856926,0.0052942657293798,0.0338961985328235,16000,60,One Zone Controlled,Fabric - Shallow,16060,Fabric - Shallow One Zone Controlled
488,2023,2,0,9,15,15,18,15,520.4511999898064,1.7327541643421338,36.25570776255708,0.0099287692797632,0.0351181403769952,16000,520,Full Control,Fabric - Shallow,16520,Fabric - Shallow Full Control
489,2022,0,0,9,10,15,18,15,1120.06559151212,2.2246502399099044,33.64345509893455,0.0025232808482777,0.0114717608929531,0,520,Full Control,Baseline,520,Baseline Full Control
490,2022,1,0,9,15,15,18,15,1064.7911137474985,2.1163964656928336,35.72108066971081,0.0053270032062273,0.0204552823778338,3800,520,Full Control,Fabric - Low cost,4320,Fabric - Low cost Full Control
491,2023,0,0,4,10,42,21,13,770.4335828589839,2.646325547023096,60.10844748858448,2.2910313709333003,3.924475873064127,0,240,Partial Control,Baseline,240,Baseline Partial Control
492,2023,1,0,0,15,30,19,17,974.7116438881188,3.352353990460394,20.25875190258752,0.8088293060151457,2.056438984540077,3800,0,Manual Control,Fabric - Low cost,3800,Fabric - Low cost Manual Control
493,2023,0,0,0,10,30,18,13,957.1314225835048,3.315394489209807,14.716514459665143,0.6577593710170833,2.24988526207697,0,0,Manual Control,Baseline,0,Baseline Manual Control
494,2023,1,0,4,15,30,21,15,824.8133679729585,2.835407878526395,56.11681887366819,1.7924117312636707,4.0215418336506925,3800,240,Partial Control,Fabric - Low cost,4040,Fabric - Low cost Partial Control
495,2023,0,0,0,10,10,20,15,1085.8442682159941,3.782726088187797,18.69482496194825,1.1835795352274188,3.351878032374834,0,0,Manual Control,Baseline,0,Baseline Manual Control
496,2023,2,0,4,15,30,18,13,585.3041021913721,2.0016295276506058,30.36529680365297,0.5000984252885582,1.69903376064388,16000,240,Partial Control,Fabric - Shallow,16240,Fabric - Shallow Partial Control
497,2022,0,0,0,15,15,20,17,1972.3428749349591,4.12381853814852,20.374809741248097,1.04108770737815,2.7950176898294607,0,0,Manual Control,Baseline,0,Baseline Manual Control
498,2023,2,0,9,15,15,18,13,446.75537396210564,1.4916236346740566,39.20471841704718,0.0381505428062502,0.1317264602006323,16000,520,Full Control,Fabric - Shallow,16520,Fabric - Shallow Full Control
499,2022,1,0,1,10,42,20,15,1348.4490117794774,2.780487515887255,39.94672754946728,1.5144418611058297,3.8739546087482495,3800,60,One Zone Controlled,Fabric - Low cost,3860,Fabric - Low cost One Zone Controlled
500,2023,1,0,4,10,42,18,13,662.5145772018342,2.246503413422691,31.990106544901064,0.6281674245797396,1.9708597810539976,3800,240,Partial Control,Fabric - Low cost,4040,Fabric - Low cost Partial Control
501,2023,0,0,4,10,30,21,17,990.179608428569,3.3940476186200246,54.11910197869102,1.1151704852444386,2.7217604454545143,0,240,Partial Control,Baseline,240,Baseline Partial Control
502,2022,0,0,9,5,42,21,13,1231.2515824936554,2.5580499998222317,49.79261796042618,0.1241401238294264,0.3869233203827027,0,520,Full Control,Baseline,520,Baseline Full Control
503,2022,0,0,1,15,30,19,15,1488.3024571353824,3.0815929774258204,23.628234398782343,1.2287466551329471,3.298472875222447,0,60,One Zone Controlled,Baseline,60,Baseline One Zone Controlled
504,2023,0,0,1,15,30,20,15,904.6780909882025,3.1116866981959728,28.84703196347032,1.8268295615584456,4.407921248024603,0,60,One Zone Controlled,Baseline,60,Baseline One Zone Controlled
505,2023,1,0,9,10,42,19,13,589.6740470185862,1.988946750138833,44.69178082191781,0.0490879252908721,0.1456152689190412,3800,520,Full Control,Fabric - Low cost,4320,Fabric - Low cost Full Control
506,2023,2,0,0,10,30,18,13,781.0578244781817,2.705991058891192,12.85007610350076,0.4198944279918878,1.6487217248262094,16000,0,Manual Control,Fabric - Shallow,16000,Fabric - Shallow Manual Control
507,2023,2,0,4,10,30,19,13,621.6109640423433,2.133346341695172,35.57267884322679,0.6366459749598975,1.9723569033703952,16000,240,Partial Control,Fabric - Shallow,16240,Fabric - Shallow Partial Control
508,2023,1,0,9,15,30,21,17,903.5862004195255,3.090935807848471,51.52016742770168,0.0374578526297002,0.0887261942349276,3800,520,Full Control,Fabric - Low cost,4320,Fabric - Low cost Full Control
509,2023,2,0,4,15,30,18,15,636.416473426572,2.166745966710067,28.89269406392694,0.4233901920854261,1.365207312104312,16000,240,Partial Control,Fabric - Shallow,16240,Fabric - Shallow Partial Control
510,2023,0,0,1,10,15,21,15,1122.5481267514808,3.927067833855554,25.688736681887363,1.4371118424018587,3.893391320195316,0,60,One Zone Controlled,Baseline,60,Baseline One Zone Controlled
511,2023,0,0,0,10,10,18,13,1069.995734859135,3.735379522203076,13.122146118721462,0.5045456673007452,1.9012087943768397,0,0,Manual Control,Baseline,0,Baseline Manual Control
512,2023,1,0,4,5,30,20,17,992.868037477925,3.410043474372696,24.41400304414003,0.0056368316462416,0.019523887747947,3800,240,Partial Control,Fabric - Low cost,4040,Fabric - Low cost Partial Control
513,2023,0,0,9,10,15,20,15,764.3504305065494,2.5908900881679897,47.720700152207,0.0350253088436911,0.0925487643206113,0,520,Full Control,Baseline,520,Baseline Full Control
514,2022,1,0,4,15,10,21,17,1602.4551773127394,3.319606845631726,42.96042617960426,1.3051199016855457,2.986932768193881,3800,240,Partial Control,Fabric - Low cost,4040,Fabric - Low cost Partial Control
515,2023,0,0,1,10,10,21,13,997.2004470039664,3.477548870352041,28.133561643835613,1.7208245566204392,4.501755356632132,0,60,One Zone Controlled,Baseline,60,Baseline One Zone Controlled
516,2023,0,0,1,5,42,18,13,957.9698455741573,3.2872403844922,3.264840182648402,0.0021956670722891,0.0171020021270447,0,60,One Zone Controlled,Baseline,60,Baseline One Zone Controlled
517,2023,0,0,0,15,30,20,13,911.2699972797924,3.1571794674293896,25.02663622526636,1.9736090655694007,4.933928599141156,0,0,Manual Control,Baseline,0,Baseline Manual Control
518,2022,0,0,0,10,15,21,13,1952.691383869904,4.123911979082956,20.1693302891933,1.470249484187684,4.1459479843102285,0,0,Manual Control,Baseline,0,Baseline Manual Control
519,2023,2,0,1,15,30,20,15,724.5105385102,2.497690715210289,28.485540334855404,1.495405708729798,3.7579870358923126,16000,60,One Zone Controlled,Fabric - Shallow,16060,Fabric - Shallow One Zone Controlled
520,2022,0,0,4,15,30,21,17,1610.059555324657,3.321485065729575,52.04908675799087,1.4477235038174487,3.190920878525458,0,240,Partial Control,Baseline,240,Baseline Partial Control
521,2023,2,0,0,5,30,18,17,940.5498397467584,3.257920560261959,0.0,0.0,0.0,16000,0,Manual Control,Fabric - Shallow,16000,Fabric - Shallow Manual Control
522,2022,0,0,0,15,42,21,17,1564.8631773363593,3.220344219241524,59.76027397260274,3.195708423019319,4.725218024982307,0,0,Manual Control,Baseline,0,Baseline Manual Control
523,2023,1,0,4,5,15,19,13,995.4337240407817,3.4699942394215406,23.46270928462709,0.0170662449137475,0.0669436684255389,3800,240,Partial Control,Fabric - Low cost,4040,Fabric - Low cost Partial Control
524,2022,0,0,9,10,15,21,13,1231.2515824936554,2.5580499998222317,49.79261796042618,0.1241401238294264,0.3869233203827027,0,520,Full Control,Baseline,520,Baseline Full Control
525,2022,1,0,0,15,30,20,17,1604.4049253909022,3.3255212003065506,24.15144596651446,1.3972499643317782,3.273731608104351,3800,0,Manual Control,Fabric - Low cost,3800,Fabric - Low cost Manual Control
526,2023,0,0,9,5,10,21,13,746.4714514016232,2.5743351519544757,52.13470319634703,0.1156277174470364,0.341042236097504,0,520,Full Control,Baseline,520,Baseline Full Control
527,2023,2,0,9,10,30,19,15,558.8410540297684,1.87918120858973,43.451293759512936,0.0324214131536836,0.0966617572373523,16000,520,Full Control,Fabric - Shallow,16520,Fabric - Shallow Full Control
528,2023,2,0,4,15,10,18,13,629.3347718521298,2.168618109670959,28.60540334855403,0.3906793652729498,1.4830704348586448,16000,240,Partial Control,Fabric - Shallow,16240,Fabric - Shallow Partial Control
529,2022,1,0,1,10,10,21,13,1571.3428005602414,3.309197403382402,27.32496194824962,1.66972714578052,4.420534594963867,3800,60,One Zone Controlled,Fabric - Low cost,3860,Fabric - Low cost One Zone Controlled
530,2023,2,0,0,15,15,20,15,928.783760305227,3.2659861306566698,18.337138508371385,0.8777593937734681,2.727987494474186,16000,0,Manual Control,Fabric - Shallow,16000,Fabric - Shallow Manual Control
531,2022,0,0,9,5,10,21,15,1361.049105389866,2.798358141735806,49.71080669710807,0.0726944242123788,0.1905201658751067,0,520,Full Control,Baseline,520,Baseline Full Control
532,2022,1,0,4,5,10,20,15,1621.4263203577088,3.3825286154614536,27.054794520547947,0.0217532294212261,0.0722447394888038,3800,240,Partial Control,Fabric - Low cost,4040,Fabric - Low cost Partial Control
533,2022,0,0,1,5,42,21,13,1598.9142370244992,3.3399206536118258,59.09246575342466,1.4477489403649813,1.6240973319228948,0,60,One Zone Controlled,Baseline,60,Baseline One Zone Controlled
534,2023,2,0,1,15,42,18,13,619.1792688488891,2.119326155175757,20.869482496194824,0.8043304983807571,2.524484828184436,16000,60,One Zone Controlled,Fabric - Shallow,16060,Fabric - Shallow One Zone Controlled
535,2023,1,0,0,10,42,20,13,815.492169702498,2.799984613449676,31.649543378995432,1.7031831329402485,4.441757156653292,3800,0,Manual Control,Fabric - Low cost,3800,Fabric - Low cost Manual Control
536,2022,1,0,0,5,10,21,15,2050.93515933569,4.327253132495736,0.0114155251141552,6.237680936938214e-05,0.008771656601441,3800,0,Manual Control,Fabric - Low cost,3800,Fabric - Low cost Manual Control
537,2023,1,0,4,10,10,20,15,869.3549546833252,2.995592325164114,39.83447488584475,0.8902795840426195,2.4940944718190785,3800,240,Partial Control,Fabric - Low cost,4040,Fabric - Low cost Partial Control
538,2022,1,0,0,5,15,21,13,2283.346273612424,4.829576827631193,0.0095129375951293,7.13773124700498e-05,0.0099636625975572,3800,0,Manual Control,Fabric - Low cost,3800,Fabric - Low cost Manual Control
539,2023,0,0,9,15,15,21,15,820.8885981405011,2.8112645532719127,52.00532724505327,0.0699301650466732,0.1743024396519897,0,520,Full Control,Baseline,520,Baseline Full Control
540,2022,0,0,9,15,42,19,17,1406.022225313542,2.8643270544358628,34.442541856925416,0.000642657374796,0.0029858977817669,0,520,Full Control,Baseline,520,Baseline Full Control
541,2023,1,0,4,10,30,19,13,735.8822064006952,2.5230523314272206,36.276636225266365,0.7882482584844008,2.3544812516203346,3800,240,Partial Control,Fabric - Low cost,4040,Fabric - Low cost Partial Control
542,2023,0,0,1,5,42,18,17,1033.3101293106497,3.5364991520625266,0.8961187214611872,6.498888889459749e-05,0.0009606827995564,0,60,One Zone Controlled,Baseline,60,Baseline One Zone Controlled
543,2023,1,0,9,5,10,21,17,903.5862004195255,3.090935807848471,51.52016742770168,0.0374578526297002,0.0887261942349276,3800,520,Full Control,Fabric - Low cost,4320,Fabric - Low cost Full Control
544,2023,2,0,0,15,30,20,15,756.0148238955785,2.614958362593145,23.71575342465753,1.4994772551252509,3.814619672406628,16000,0,Manual Control,Fabric - Shallow,16000,Fabric - Shallow Manual Control
545,2023,0,0,4,5,30,18,17,1001.3175185159832,3.425055301746327,13.970700152207002,0.0006086153267394,0.003079603108291,0,240,Partial Control,Baseline,240,Baseline Partial Control
546,2022,1,0,4,10,10,19,15,1405.222628964128,2.8999676717795317,33.43036529680366,0.5921397334615179,1.8472658041440655,3800,240,Partial Control,Fabric - Low cost,4040,Fabric - Low cost Partial Control
547,2023,2,0,4,5,15,18,15,845.424107758199,2.934296122683266,16.898782343987822,0.0036542528748407,0.0176724095873086,16000,240,Partial Control,Fabric - Shallow,16240,Fabric - Shallow Partial Control
548,2022,0,0,0,10,42,21,13,1393.200796679366,2.8994415119634005,59.72602739726028,3.3025024787213386,5.45770565860322,0,0,Manual Control,Baseline,0,Baseline Manual Control
549,2022,2,0,0,5,10,18,15,1718.4632328994642,3.6189841538139307,0.0,0.0,0.0,16000,0,Manual Control,Fabric - Shallow,16000,Fabric - Shallow Manual Control
550,2022,0,0,1,15,10,19,17,1767.1032584060106,3.668240293880459,19.474885844748854,0.6873936911492992,1.8471819999840844,0,60,One Zone Controlled,Baseline,60,Baseline One Zone Controlled
551,2023,1,0,1,5,10,20,13,1157.5301588411717,4.042314299382207,5.799086757990867,0.0082383750209386,0.0551380295939699,3800,60,One Zone Controlled,Fabric - Low cost,3860,Fabric - Low cost One Zone Controlled
552,2023,1,0,1,10,10,21,15,986.0203817234193,3.4286747912438504,28.354261796042618,1.6122823103509198,4.159880027607276,3800,60,One Zone Controlled,Fabric - Low cost,3860,Fabric - Low cost One Zone Controlled
553,2022,1,0,4,15,42,21,17,1475.292683626187,3.036246836581369,57.368721461187214,2.0773148907625,3.2215823788011164,3800,240,Partial Control,Fabric - Low cost,4040,Fabric - Low cost Partial Control
554,2022,1,0,4,5,30,20,13,1438.4471757027259,3.0069536474198038,28.49695585996956,0.0404252757773403,0.1490967716744221,3800,240,Partial Control,Fabric - Low cost,4040,Fabric - Low cost Partial Control
555,2022,0,0,1,10,10,21,17,1823.5849895287936,3.7921587856203094,26.202435312024352,1.3749356660504704,3.4475690137841988,0,60,One Zone Controlled,Baseline,60,Baseline One Zone Controlled
556,2022,2,0,9,10,15,18,15,879.9887712456898,1.7448923029257886,36.96727549467276,0.0108758840284735,0.0390792366792517,16000,520,Full Control,Fabric - Shallow,16520,Fabric - Shallow Full Control
557,2022,0,0,0,5,10,19,15,2146.5435999515485,4.52416081854268,0.0,0.0,0.0,0,0,Manual Control,Baseline,0,Baseline Manual Control
558,2022,2,0,4,15,42,19,15,1022.2515910937635,2.085103162484241,36.959665144596656,0.8794920878559568,2.316522265276401,16000,240,Partial Control,Fabric - Shallow,16240,Fabric - Shallow Partial Control
559,2023,1,0,1,5,30,19,15,1050.400342555433,3.6335473556343483,4.32648401826484,0.0026347454709038,0.0166843588486176,3800,60,One Zone Controlled,Fabric - Low cost,3860,Fabric - Low cost One Zone Controlled
560,2023,2,0,4,10,10,20,13,691.7823485726241,2.39856587604813,39.69558599695586,0.8002075346178942,2.3220536001797747,16000,240,Partial Control,Fabric - Shallow,16240,Fabric - Shallow Partial Control
561,2022,0,0,4,5,15,21,15,1861.5178343995533,3.899693127470736,29.14383561643836,0.0301222758042185,0.0963229354449479,0,240,Partial Control,Baseline,240,Baseline Partial Control
562,2022,2,0,4,10,15,20,13,1221.3813400512408,2.5642488406414627,37.09094368340944,0.6764840519603499,2.1316565846655364,16000,240,Partial Control,Fabric - Shallow,16240,Fabric - Shallow Partial Control
563,2022,0,0,1,10,15,18,15,1839.2661480726758,3.8475319385261084,12.783485540334857,0.3818099847058669,1.4739104690344302,0,60,One Zone Controlled,Baseline,60,Baseline One Zone Controlled
564,2023,1,0,1,15,15,21,15,1033.6127431492603,3.6185794350419678,29.09246575342465,1.8357351721988624,4.557218144803596,3800,60,One Zone Controlled,Fabric - Low cost,3860,Fabric - Low cost One Zone Controlled
565,2023,1,0,4,10,15,18,15,883.5580631468982,3.0486867610955537,26.035007610350075,0.3010443236510813,1.1076599881795568,3800,240,Partial Control,Fabric - Low cost,4040,Fabric - Low cost Partial Control
566,2023,1,0,4,15,30,21,13,769.266648761541,2.660000987781717,56.40981735159817,1.9178619161777768,4.367896763092204,3800,240,Partial Control,Fabric - Low cost,4040,Fabric - Low cost Partial Control
567,2023,0,0,1,10,42,19,17,949.4426432789825,3.2343518819597765,19.69558599695586,0.6767194047921692,1.772816727458612,0,60,One Zone Controlled,Baseline,60,Baseline One Zone Controlled
568,2022,1,0,4,5,15,20,15,1742.9347489099996,3.645817372120895,26.333713850837132,0.020246477152647,0.0685352078437875,3800,240,Partial Control,Fabric - Low cost,4040,Fabric - Low cost Partial Control
569,2022,1,0,9,5,42,18,13,905.3536218505434,1.7995884351710496,39.362633181126334,0.0261283909158526,0.0847280993405621,3800,520,Full Control,Fabric - Low cost,4320,Fabric - Low cost Full Control
570,2022,1,0,9,15,10,19,15,1132.7487184890956,2.2820355305532183,41.33751902587519,0.0208552052181949,0.0620368653954772,3800,520,Full Control,Fabric - Low cost,4320,Fabric - Low cost Full Control
571,2022,2,0,9,5,15,18,15,879.9887712456898,1.7448923029257886,36.96727549467276,0.0108758840284735,0.0390792366792517,16000,520,Full Control,Fabric - Shallow,16520,Fabric - Shallow Full Control
572,2022,2,0,4,15,15,20,15,1249.2768746376603,2.6006345503942563,37.10045662100457,0.797218405092697,2.306734731143502,16000,240,Partial Control,Fabric - Shallow,16240,Fabric - Shallow Partial Control
573,2023,0,0,9,15,42,20,17,898.6416013023711,3.0508139763024302,42.02625570776256,0.0054222004976782,0.0188643366029278,0,520,Full Control,Baseline,520,Baseline Full Control
574,2022,1,0,0,10,30,21,13,1502.8106358486898,3.1545007679959443,31.59627092846271,1.9628268420021344,5.015173540364949,3800,0,Manual Control,Fabric - Low cost,3800,Fabric - Low cost Manual Control
575,2022,0,0,4,10,30,20,13,1305.3756634385004,2.7111170241725797,39.71841704718417,1.115411932421023,3.091486765669705,0,240,Partial Control,Baseline,240,Baseline Partial Control
576,2023,0,0,9,15,10,18,17,807.3059220550748,2.7101445703606633,34.24657534246575,0.0013781256800595,0.0043928712353714,0,520,Full Control,Baseline,520,Baseline Full Control
577,2022,1,0,4,5,15,19,15,1710.4037672356326,3.565290811082479,21.88165905631659,0.0085974394421728,0.0325168912375811,3800,240,Partial Control,Fabric - Low cost,4040,Fabric - Low cost Partial Control
578,2023,0,0,4,5,42,18,17,939.2598853998987,3.1925194573252047,14.256088280060885,0.0005894483941585,0.0030156887302023,0,240,Partial Control,Baseline,240,Baseline Partial Control
579,2022,0,0,1,15,30,18,17,1638.9190074727705,3.3885269402460323,17.364916286149164,0.3262082607518421,0.9104173451080444,0,60,One Zone Controlled,Baseline,60,Baseline One Zone Controlled
580,2023,1,0,4,15,10,19,17,933.1923478909572,3.1993308792272637,28.36187214611872,0.4921437645840437,1.3271914119709338,3800,240,Partial Control,Fabric - Low cost,4040,Fabric - Low cost Partial Control
581,2023,2,0,4,10,30,19,15,664.9799212575014,2.271655905862789,34.93150684931507,0.5738704693698012,1.7417673876969095,16000,240,Partial Control,Fabric - Shallow,16240,Fabric - Shallow Partial Control
582,2022,2,0,4,5,15,21,15,1494.1873369709035,3.1357039422300996,30.597412480974125,0.0627273200858486,0.2356496915237935,16000,240,Partial Control,Fabric - Shallow,16240,Fabric - Shallow Partial Control
583,2023,0,0,9,10,15,18,13,561.5661884915917,1.8695547949679265,37.62937595129376,0.017212287678914,0.0584673070854036,0,520,Full Control,Baseline,520,Baseline Full Control
584,2022,1,0,1,15,42,20,17,1469.5476791014735,3.0259454253679383,39.02777777777778,1.5028172018229615,3.3132190478475803,3800,60,One Zone Controlled,Fabric - Low cost,3860,Fabric - Low cost One Zone Controlled
585,2022,2,0,9,15,30,19,13,827.6007215108874,1.681515942729973,43.203957382039576,0.08700199556344,0.3092952086481293,16000,520,Full Control,Fabric - Shallow,16520,Fabric - Shallow Full Control
586,2023,0,0,0,15,15,21,15,1141.2348931842687,4.004654670794839,24.57952815829528,1.891361543547244,4.732438596516356,0,0,Manual Control,Baseline,0,Baseline Manual Control
587,2023,0,0,4,5,15,19,17,1157.0095564710305,4.009025706958303,13.896499238964994,0.0004296421952912,0.0027247271271318,0,240,Partial Control,Baseline,240,Baseline Partial Control
588,2023,1,0,4,5,30,20,15,917.215196409865,3.155079872828402,29.166666666666668,0.0224373834563518,0.0699093020575864,3800,240,Partial Control,Fabric - Low cost,4040,Fabric - Low cost Partial Control
589,2023,0,0,4,10,30,20,13,793.6968784329051,2.729885554005654,41.15106544901065,1.1179981819154925,3.066579713757955,0,240,Partial Control,Baseline,240,Baseline Partial Control
590,2023,0,0,9,15,42,19,15,712.0529807339085,2.3903322160719176,41.289954337899545,0.0132798245345634,0.0422792093001361,0,520,Full Control,Baseline,520,Baseline Full Control
591,2022,1,0,0,15,10,18,17,1735.5274636974032,3.618190561106182,13.61111111111111,0.2562835660700059,0.8216935504817949,3800,0,Manual Control,Fabric - Low cost,3800,Fabric - Low cost Manual Control
592,2023,2,0,0,15,42,19,13,659.7834633646717,2.265888641938899,21.744672754946727,1.2931207001847962,3.519064395107939,16000,0,Manual Control,Fabric - Shallow,16000,Fabric - Shallow Manual Control
593,2023,0,0,4,5,42,21,13,877.0307538114453,3.018839224435525,59.67846270928463,1.0521698682865073,1.227695746661814,0,240,Partial Control,Baseline,240,Baseline Partial Control
594,2022,1,0,0,10,42,21,17,1518.9579574475435,3.1341075059052157,59.71841704718417,2.7545643981763326,3.9134793261060143,3800,0,Manual Control,Fabric - Low cost,3800,Fabric - Low cost Manual Control
595,2022,0,0,9,5,42,18,13,947.862744829774,1.881508365554936,38.15258751902588,0.0187076108609781,0.0630814205768692,0,520,Full Control,Baseline,520,Baseline Full Control
596,2022,0,0,4,15,10,21,15,1506.5204541098346,3.1236980940449963,43.35616438356165,1.611171578204677,3.818079183106612,0,240,Partial Control,Baseline,240,Baseline Partial Control
597,2023,0,0,9,5,42,20,15,764.3504305065494,2.5908900881679897,47.720700152207,0.0350253088436911,0.0925487643206113,0,520,Full Control,Baseline,520,Baseline Full Control
598,2022,1,0,1,15,10,20,13,1493.4678334217936,3.142735558214138,26.28614916286149,1.582771330049077,4.235628803446197,3800,60,One Zone Controlled,Fabric - Low cost,3860,Fabric - Low cost One Zone Controlled
599,2023,0,0,0,10,15,21,13,1187.571358557835,4.173181630327712,20.67922374429224,1.4674295031579176,4.082876436085072,0,0,Manual Control,Baseline,0,Baseline Manual Control
600,2023,0,0,9,10,30,20,13,678.5373559116488,2.314051515516664,48.4855403348554,0.0663639823011169,0.1916208495469374,0,520,Full Control,Baseline,520,Baseline Full Control
601,2023,0,0,1,10,15,21,17,1189.1352248904368,4.143822828194527,25.216894977168952,1.2423391783014048,3.2561127943444266,0,60,One Zone Controlled,Baseline,60,Baseline One Zone Controlled
602,2022,1,0,9,15,42,21,13,1178.7411620119742,2.455405640576998,50.681126331811264,0.1738123602878852,0.5590947470600487,3800,520,Full Control,Fabric - Low cost,4320,Fabric - Low cost Full Control
603,2022,1,0,9,15,42,21,17,1489.6572953555358,3.068767476500286,49.37024353120243,0.03905219624427,0.0970727262292254,3800,520,Full Control,Fabric - Low cost,4320,Fabric - Low cost Full Control
604,2023,0,0,4,15,42,19,13,697.8460020896425,2.37345224730492,37.81202435312024,1.214037832352956,3.162197418689865,0,240,Partial Control,Baseline,240,Baseline Partial Control
605,2022,2,0,4,5,10,20,13,1313.5275361151625,2.753316846126657,28.01750380517504,0.0570442934133689,0.2508109541176107,16000,240,Partial Control,Fabric - Shallow,16240,Fabric - Shallow Partial Control
606,2023,1,0,9,10,42,19,17,809.4401534844008,2.730120728082554,35.47945205479452,0.0008727512077135,0.0038161384521279,3800,520,Full Control,Fabric - Low cost,4320,Fabric - Low cost Full Control
607,2022,1,0,4,15,15,18,17,1585.4581356373196,3.275312020896032,23.854642313546425,0.1640093233576674,0.5472271394445689,3800,240,Partial Control,Fabric - Low cost,4040,Fabric - Low cost Partial Control
608,2022,2,0,0,5,42,20,13,1352.8937517133056,2.821887685342139,18.019406392694066,0.0031438847035911,0.0253523896718209,16000,0,Manual Control,Fabric - Shallow,16000,Fabric - Shallow Manual Control
609,2022,0,0,4,15,30,20,15,1391.2473598714078,2.8623558335837362,39.81164383561644,1.3161322713245014,3.231610112370272,0,240,Partial Control,Baseline,240,Baseline Partial Control
610,2022,0,0,0,15,42,21,15,1406.3897890853434,2.9015041464728664,59.75266362252663,3.722542964629752,6.0637413641206805,0,0,Manual Control,Baseline,0,Baseline Manual Control
611,2022,1,0,9,15,10,20,17,1408.277130087805,2.888746184952206,42.25076103500761,0.0113606745060975,0.034253067587776,3800,520,Full Control,Fabric - Low cost,4320,Fabric - Low cost Full Control
612,2023,1,0,0,5,15,19,17,1396.5023173589702,4.907904237326103,0.0,0.0,0.0,3800,0,Manual Control,Fabric - Low cost,3800,Fabric - Low cost Manual Control
613,2023,1,0,1,15,10,20,13,910.9482353249198,3.176794670322856,26.45738203957382,1.5883655047995453,4.1920297273674665,3800,60,One Zone Controlled,Fabric - Low cost,3860,Fabric - Low cost One Zone Controlled
614,2022,2,0,9,10,30,20,13,910.5288069897448,1.8797087412292748,46.84170471841705,0.1695475738404895,0.5916363804908522,16000,520,Full Control,Fabric - Shallow,16520,Fabric - Shallow Full Control
615,2023,2,0,1,5,42,21,15,789.8116158323958,2.714519735886828,60.89421613394216,1.4543833539425313,1.6103826941860098,16000,60,One Zone Controlled,Fabric - Shallow,16060,Fabric - Shallow One Zone Controlled
616,2022,0,0,4,5,15,19,17,1908.393220527946,3.9719452152232404,13.926940639269406,0.0003826080953378,0.0025109856882861,0,240,Partial Control,Baseline,240,Baseline Partial Control
617,2023,1,0,4,15,42,18,17,834.8413369172564,2.827458752499516,27.058599695585997,0.2656869041440267,0.710297112814203,3800,240,Partial Control,Fabric - Low cost,4040,Fabric - Low cost Partial Control
618,2023,0,0,1,10,10,20,15,1023.7782612599974,3.5533908780271792,23.152587519025875,1.18653186260229,3.320217007323018,0,60,One Zone Controlled,Baseline,60,Baseline One Zone Controlled
619,2023,1,0,4,10,15,19,13,845.6713180243605,2.9374770187438073,33.60350076103501,0.5730039443850132,1.903514364264428,3800,240,Partial Control,Fabric - Low cost,4040,Fabric - Low cost Partial Control
620,2023,1,0,0,10,10,18,13,1028.1536099949255,3.590916340822033,12.808219178082192,0.4662123810954397,1.7916874606377684,3800,0,Manual Control,Fabric - Low cost,3800,Fabric - Low cost Manual Control
621,2022,1,0,1,5,15,21,17,2170.8238739200165,4.572275155617712,5.582191780821918,0.0047974911258744,0.0259281003080939,3800,60,One Zone Controlled,Fabric - Low cost,3860,Fabric - Low cost One Zone Controlled
622,2022,0,0,4,15,42,20,15,1321.37391746245,2.7030122291465175,49.42922374429224,1.4674146816658322,3.452283633346117,0,240,Partial Control,Baseline,240,Baseline Partial Control
623,2023,0,0,0,5,30,21,15,1173.5771469885947,4.066675746104111,14.975266362252665,0.0023074655541594,0.0136833018372131,0,0,Manual Control,Baseline,0,Baseline Manual Control
624,2023,2,0,0,15,30,20,13,744.4453707607506,2.5808050950268786,23.818493150684933,1.547190018777199,4.015608772636289,16000,0,Manual Control,Fabric - Shallow,16000,Fabric - Shallow Manual Control
625,2022,2,0,1,10,30,21,15,1243.6655249161852,2.591257946559172,44.59284627092846,1.6220515859316913,4.081886518477455,16000,60,One Zone Controlled,Fabric - Shallow,16060,Fabric - Shallow One Zone Controlled
626,2022,1,0,1,15,30,20,17,1573.0798074209554,3.256188929026633,27.1175799086758,1.3466188102248202,3.122816630957161,3800,60,One Zone Controlled,Fabric - Low cost,3860,Fabric - Low cost One Zone Controlled
627,2023,1,0,9,5,10,20,13,649.7242095620795,2.218521505835328,49.393074581430746,0.0898898197526876,0.2690887219275529,3800,520,Full Control,Fabric - Low cost,4320,Fabric - Low cost Full Control
628,2023,1,0,4,5,15,20,17,1124.0997791944737,3.9042410085051475,22.84246575342465,0.005004983612947,0.0179463253018945,3800,240,Partial Control,Fabric - Low cost,4040,Fabric - Low cost Partial Control
629,2022,1,0,9,10,42,18,15,1064.7911137474985,2.1163964656928336,35.72108066971081,0.0053270032062273,0.0204552823778338,3800,520,Full Control,Fabric - Low cost,4320,Fabric - Low cost Full Control
630,2022,0,0,4,15,15,21,15,1591.3138508300458,3.3103321884051056,42.14041095890411,1.438738496209146,3.5603506956259574,0,240,Partial Control,Baseline,240,Baseline Partial Control
631,2022,2,0,1,5,10,18,13,1576.6584713621007,3.3137103397193974,2.6484018264840183,0.0025913639806516,0.025022280953931,16000,60,One Zone Controlled,Fabric - Shallow,16060,Fabric - Shallow One Zone Controlled
632,2022,1,0,4,10,42,19,13,1130.2215379542579,2.3250930432017585,36.99771689497717,0.9056318853305912,2.615399396332616,3800,240,Partial Control,Fabric - Low cost,4040,Fabric - Low cost Partial Control
633,2023,1,0,1,10,30,19,15,892.2681703773078,3.071547960075306,20.93607305936073,0.913822466491472,2.645574560464771,3800,60,One Zone Controlled,Fabric - Low cost,3860,Fabric - Low cost One Zone Controlled
634,2023,1,0,4,5,10,21,15,1009.9657230972937,3.5064449900865804,32.14802130898021,0.0409433525536359,0.1240466451716678,3800,240,Partial Control,Fabric - Low cost,4040,Fabric - Low cost Partial Control
635,2022,1,0,9,15,10,19,13,983.7579953821404,1.9948856703461635,42.81202435312024,0.0526813622605301,0.1629748715636403,3800,520,Full Control,Fabric - Low cost,4320,Fabric - Low cost Full Control
636,2023,2,0,1,10,30,20,15,750.2730649676316,2.587807493750604,25.4337899543379,1.130077748679069,3.1038104431927644,16000,60,One Zone Controlled,Fabric - Shallow,16060,Fabric - Shallow One Zone Controlled
637,2023,2,0,1,15,30,18,15,720.8084001998261,2.480188811112436,17.8234398782344,0.5360550958882282,1.7829834181490722,16000,60,One Zone Controlled,Fabric - Shallow,16060,Fabric - Shallow One Zone Controlled
638,2022,2,0,1,10,30,20,15,1238.3052828416396,2.576882222626712,24.75646879756469,1.134340694585113,3.138077263335082,16000,60,One Zone Controlled,Fabric - Shallow,16060,Fabric - Shallow One Zone Controlled
639,2023,1,0,4,15,30,21,17,931.8942043192586,3.1954920955318444,54.83447488584476,1.45768664223935,3.1794334178200003,3800,240,Partial Control,Fabric - Low cost,4040,Fabric - Low cost Partial Control
640,2022,2,0,1,10,42,20,15,1125.2645168910976,2.320907494014151,40.92275494672755,1.3577468404929107,3.530152452030177,16000,60,One Zone Controlled,Fabric - Shallow,16060,Fabric - Shallow One Zone Controlled
641,2022,2,0,1,10,42,19,13,1068.812778980837,2.21729327521354,22.968036529680365,0.992441681287387,2.939883692529169,16000,60,One Zone Controlled,Fabric - Shallow,16060,Fabric - Shallow One Zone Controlled
642,2023,0,0,4,5,15,20,15,1103.2331328038324,3.837396854098217,26.326103500761032,0.0146105895578104,0.0494785888384526,0,240,Partial Control,Baseline,240,Baseline Partial Control
643,2022,1,0,4,15,42,21,13,1187.5275926151578,2.466803260091374,57.61986301369864,2.6263594966999686,4.617050297587594,3800,240,Partial Control,Fabric - Low cost,4040,Fabric - Low cost Partial Control
644,2022,0,0,0,10,30,21,15,1609.9365077543498,3.358218117623586,30.062785388127857,1.908872212312885,4.781771568308454,0,0,Manual Control,Baseline,0,Baseline Manual Control
645,2023,0,0,0,10,10,19,17,1141.6830295936252,3.961072782258876,15.69634703196347,0.5360608656341399,1.573687116338256,0,0,Manual Control,Baseline,0,Baseline Manual Control
646,2022,0,0,4,15,15,18,13,1376.758501697059,2.852094794568558,28.040334855403348,0.4878884427691046,1.768195129952392,0,240,Partial Control,Baseline,240,Baseline Partial Control
647,2022,1,0,0,5,10,19,13,2047.591530525903,4.322363539564837,0.0019025875190258,9.18177903450646e-06,0.0021049916808456,3800,0,Manual Control,Fabric - Low cost,3800,Fabric - Low cost Manual Control
648,2022,0,0,0,5,30,18,15,1916.5478308141453,4.023073866070681,0.0,0.0,0.0,0,0,Manual Control,Baseline,0,Baseline Manual Control
649,2022,0,0,9,10,15,20,15,1270.23682276116,2.5861561961872193,45.05707762557078,0.0364657075209407,0.0996422262581402,0,520,Full Control,Baseline,520,Baseline Full Control
650,2023,1,0,0,5,15,20,15,1390.2096855126395,4.889020888757743,0.0,0.0,0.0,3800,0,Manual Control,Fabric - Low cost,3800,Fabric - Low cost Manual Control
651,2022,0,0,0,5,15,20,15,2390.123817801882,5.049573820051226,0.0,0.0,0.0,0,0,Manual Control,Baseline,0,Baseline Manual Control
652,2022,2,0,1,10,15,21,15,1505.073439132278,3.1687026753461627,24.733637747336378,1.121185962041449,3.197797186000402,16000,60,One Zone Controlled,Fabric - Shallow,16060,Fabric - Shallow One Zone Controlled
653,2022,2,0,1,15,15,18,15,1434.4717529953155,3.007807598645843,12.463850837138509,0.2924891183307601,1.3083619701935485,16000,60,One Zone Controlled,Fabric - Shallow,16060,Fabric - Shallow One Zone Controlled
654,2023,1,0,9,10,10,19,15,678.9518953714866,2.2803428489290622,42.96232876712329,0.0198312950370876,0.0572982421021673,3800,520,Full Control,Fabric - Low cost,4320,Fabric - Low cost Full Control
655,2022,2,0,1,15,42,20,13,1035.736397392184,2.1512085611412246,43.00989345509893,1.910469181759604,4.629367047672085,16000,60,One Zone Controlled,Fabric - Shallow,16060,Fabric - Shallow One Zone Controlled
656,2022,1,0,0,10,15,20,15,1893.3364272597494,3.99332633209368,17.18987823439878,0.933250348656383,2.8869307651331644,3800,0,Manual Control,Fabric - Low cost,3800,Fabric - Low cost Manual Control
657,2022,1,0,0,5,15,18,15,2285.2204289918395,4.8321913916348285,0.0,0.0,0.0,3800,0,Manual Control,Fabric - Low cost,3800,Fabric - Low cost Manual Control
658,2022,0,0,1,15,15,21,15,1779.055006606681,3.729444430280557,28.03462709284627,1.8895940981020167,4.71977298909369,0,60,One Zone Controlled,Baseline,60,Baseline One Zone Controlled
659,2023,0,0,1,10,15,19,13,1083.9404752794292,3.7999474202569283,17.792998477929984,0.7021413213808728,2.386208799992496,0,60,One Zone Controlled,Baseline,60,Baseline One Zone Controlled
660,2022,1,0,1,5,42,19,17,1620.5708935552382,3.367060752841613,1.1244292237442923,5.2670167794875896e-05,0.0012069726177429,3800,60,One Zone Controlled,Fabric - Low cost,3860,Fabric - Low cost One Zone Controlled
661,2023,0,0,0,15,30,20,15,940.0124780280904,3.2443756957809917,24.98097412480974,1.8596001997757263,4.525119882005477,0,0,Manual Control,Baseline,0,Baseline Manual Control
662,2022,2,0,0,5,30,20,15,1531.0640488512886,3.2116913096971826,0.0114155251141552,7.199634056063566e-05,0.0088648014011486,16000,0,Manual Control,Fabric - Shallow,16000,Fabric - Shallow Manual Control
663,2022,1,0,9,10,42,20,17,1408.277130087805,2.888746184952206,42.25076103500761,0.0113606745060975,0.034253067587776,3800,520,Full Control,Fabric - Low cost,4320,Fabric - Low cost Full Control
664,2022,0,0,0,10,30,19,13,1565.5999927869975,3.282686199298849,17.6693302891933,1.0286893677562785,3.172731834179267,0,0,Manual Control,Baseline,0,Baseline Manual Control
665,2023,0,0,1,15,42,20,13,773.7674527154344,2.65137459614922,44.26560121765601,2.271175759729038,5.351281021936059,0,60,One Zone Controlled,Baseline,60,Baseline One Zone Controlled
666,2023,2,0,4,15,15,20,13,716.5886121655744,2.5004166735445845,38.31240487062405,0.8529515310387105,2.49582518653068,16000,240,Partial Control,Fabric - Shallow,16240,Fabric - Shallow Partial Control
667,2022,2,0,0,5,10,20,13,1717.2475901936537,3.617262969081962,0.0076103500761035,4.048457014380677e-05,0.0066598531313617,16000,0,Manual Control,Fabric - Shallow,16000,Fabric - Shallow Manual Control
668,2023,1,0,1,10,10,18,17,1047.301875220067,3.6243685749535963,13.774733637747335,0.2125216448180434,0.6779856626135634,3800,60,One Zone Controlled,Fabric - Low cost,3860,Fabric - Low cost One Zone Controlled
669,2022,0,0,9,10,42,20,15,1270.23682276116,2.5861561961872193,45.05707762557078,0.0364657075209407,0.0996422262581402,0,520,Full Control,Baseline,520,Baseline Full Control
670,2023,0,0,1,5,10,20,17,1257.0285730110284,4.372956313383372,3.1107305936073057,0.0006216374589384,0.0046373215560031,0,60,One Zone Controlled,Baseline,60,Baseline One Zone Controlled
671,2023,0,0,4,5,30,20,15,959.461465302647,3.297762543205725,27.745433789954337,0.0166811215594109,0.0538316163345051,0,240,Partial Control,Baseline,240,Baseline Partial Control
672,2022,0,0,0,5,42,20,15,1705.2176686047521,3.5557207651574316,14.058219178082194,0.0020275281106494,0.0102088343547941,0,0,Manual Control,Baseline,0,Baseline Manual Control
673,2022,1,0,9,10,30,19,17,1339.6074070667535,2.7303680168944684,34.296042617960424,0.0007601182707056,0.0038197258430859,3800,520,Full Control,Fabric - Low cost,4320,Fabric - Low cost Full Control
674,2023,0,0,0,10,10,21,13,1069.995734859135,3.735379522203076,22.9337899543379,1.734802510516568,4.578971437692847,0,0,Manual Control,Baseline,0,Baseline Manual Control
675,2023,0,0,0,15,42,19,17,950.9907938270331,3.2413083144728057,22.60464231354642,0.954985016779182,2.265565932927,0,0,Manual Control,Baseline,0,Baseline Manual Control
676,2022,1,0,1,5,30,21,15,1734.8305667793318,3.6400971377118494,31.510654490106543,0.0157957306360261,0.0762943125296269,3800,60,One Zone Controlled,Fabric - Low cost,3860,Fabric - Low cost One Zone Controlled
677,2023,0,0,1,10,10,18,13,979.5126642961388,3.40853977455134,15.89992389649924,0.5438939642942419,1.980616581894953,0,60,One Zone Controlled,Baseline,60,Baseline One Zone Controlled
678,2022,0,0,4,5,10,21,17,1856.3760387068387,3.86859958492105,27.41057838660578,0.0131692795212033,0.0406016309739245,0,240,Partial Control,Baseline,240,Baseline Partial Control
679,2023,0,0,1,5,15,18,17,1367.7289267319045,4.788386847339113,0.45662100456621,9.064295272027854e-05,0.0016363494422149,0,60,One Zone Controlled,Baseline,60,Baseline One Zone Controlled
680,2022,0,0,4,10,42,20,17,1526.6397111368499,3.137647427656934,46.71613394216134,0.8066416049102189,2.043684357149677,0,240,Partial Control,Baseline,240,Baseline Partial Control
681,2023,2,0,0,5,10,18,13,1043.7071427567018,3.646819044564388,0.0,0.0,0.0,16000,0,Manual Control,Fabric - Shallow,16000,Fabric - Shallow Manual Control
682,2022,1,0,0,10,10,18,15,1709.574765164115,3.592090474957692,12.13089802130898,0.4184291396441171,1.5660002237325854,3800,0,Manual Control,Fabric - Low cost,3800,Fabric - Low cost Manual Control
683,2022,0,0,4,10,42,21,17,1563.631378209993,3.2160749335265817,57.16704718417047,1.831727452191092,2.7816597897554534,0,240,Partial Control,Baseline,240,Baseline Partial Control
684,2023,1,0,1,15,30,18,15,861.111118640106,2.960310541716336,19.27891933028919,0.7368392718994657,2.182298517995996,3800,60,One Zone Controlled,Fabric - Low cost,3860,Fabric - Low cost One Zone Controlled
685,2023,1,0,0,5,30,20,15,1120.831841416558,3.88628240047824,0.0,0.0,0.0,3800,0,Manual Control,Fabric - Low cost,3800,Fabric - Low cost Manual Control
686,2022,0,0,1,15,42,19,17,1536.7754951442132,3.1602169722215985,23.2572298325723,0.8964814075473074,2.1157312833863697,0,60,One Zone Controlled,Baseline,60,Baseline One Zone Controlled
687,2023,1,0,0,5,10,19,15,1252.9285362151247,4.377817230607246,0.0,0.0,0.0,3800,0,Manual Control,Fabric - Low cost,3800,Fabric - Low cost Manual Control
688,2023,1,0,9,15,15,21,13,715.7748219346186,2.47191390685231,53.11834094368341,0.1635952853235133,0.5021388083254766,3800,520,Full Control,Fabric - Low cost,4320,Fabric - Low cost Full Control
689,2023,0,0,4,5,42,20,13,845.9998912019244,2.899912150977454,47.09284627092846,0.0318459655227694,0.1045418068417582,0,240,Partial Control,Baseline,240,Baseline Partial Control
690,2022,2,0,4,5,15,18,15,1406.8142412955058,2.9197824960720444,17.484779299847794,0.0040299471403077,0.0190825466553684,16000,240,Partial Control,Fabric - Shallow,16240,Fabric - Shallow Partial Control
691,2023,2,0,4,10,30,18,15,649.4810905268484,2.212103977026059,28.26293759512938,0.3345870047438897,1.1592928372709563,16000,240,Partial Control,Fabric - Shallow,16240,Fabric - Shallow Partial Control
692,2022,0,0,0,5,15,18,13,2387.6566214856743,5.045999762780375,0.0,0.0,0.0,0,0,Manual Control,Baseline,0,Baseline Manual Control
693,2022,1,0,9,15,15,20,17,1408.277130087805,2.888746184952206,42.25076103500761,0.0113606745060975,0.034253067587776,3800,520,Full Control,Fabric - Low cost,4320,Fabric - Low cost Full Control
694,2023,0,0,4,10,30,19,17,947.8169916741728,3.2318515330852695,28.070776255707763,0.4395655877233803,1.2384563519951044,0,240,Partial Control,Baseline,240,Baseline Partial Control
695,2022,0,0,9,5,15,21,15,1361.049105389866,2.798358141735806,49.71080669710807,0.0726944242123788,0.1905201658751067,0,520,Full Control,Baseline,520,Baseline Full Control
696,2022,0,0,9,5,30,19,13,1030.3874282782822,2.0850983631431212,41.75228310502283,0.0391124846490885,0.1201912359935138,0,520,Full Control,Baseline,520,Baseline Full Control
697,2023,1,0,1,5,30,20,13,1041.3098972367259,3.6102571902651572,6.525875190258752,0.0098369599801974,0.0619388708119604,3800,60,One Zone Controlled,Fabric - Low cost,3860,Fabric - Low cost One Zone Controlled
698,2023,0,0,9,5,10,21,15,820.8885981405011,2.8112645532719127,52.00532724505327,0.0699301650466732,0.1743024396519897,0,520,Full Control,Baseline,520,Baseline Full Control
699,2022,2,0,9,5,15,19,13,827.6007215108874,1.681515942729973,43.203957382039576,0.08700199556344,0.3092952086481293,16000,520,Full Control,Fabric - Shallow,16520,Fabric - Shallow Full Control
700,2022,1,0,0,5,30,19,13,1824.3435579577172,3.8374666974471023,0.0019025875190258,1.724959174343758e-05,0.0039545982299792,3800,0,Manual Control,Fabric - Low cost,3800,Fabric - Low cost Manual Control
701,2022,0,0,4,15,42,18,17,1448.9088827630685,2.963793832835954,27.46955859969559,0.2658773633277286,0.7129237505000439,0,240,Partial Control,Baseline,240,Baseline Partial Control
702,2023,2,0,4,5,10,18,13,751.9832612061172,2.6009193739923644,19.99048706240487,0.0121965147685666,0.0551306405036014,16000,240,Partial Control,Fabric - Shallow,16240,Fabric - Shallow Partial Control
703,2023,0,0,4,5,30,18,13,863.351717795814,2.961314046299868,19.68797564687976,0.0072697983392135,0.0318955621483255,0,240,Partial Control,Baseline,240,Baseline Partial Control
704,2022,2,0,9,10,42,21,13,1002.170311024158,2.093371827757312,51.01978691019787,0.3096963698029339,1.0188116869318231,16000,520,Full Control,Fabric - Shallow,16520,Fabric - Shallow Full Control
705,2023,1,0,1,15,42,21,15,796.9607464386661,2.7219645877406133,62.07952815829528,3.56483617622769,5.69037820342598,3800,60,One Zone Controlled,Fabric - Low cost,3860,Fabric - Low cost One Zone Controlled
706,2022,0,0,9,5,15,18,13,947.862744829774,1.881508365554936,38.15258751902588,0.0187076108609781,0.0630814205768692,0,520,Full Control,Baseline,520,Baseline Full Control
707,2022,0,0,1,10,10,20,17,1816.6505989697055,3.777362886459968,21.65144596651446,0.914002835881108,2.4564151718431333,0,60,One Zone Controlled,Baseline,60,Baseline One Zone Controlled
708,2022,1,0,1,15,30,21,17,1579.799123641537,3.269978543929614,42.73592085235921,2.0096523143001708,4.342235437288517,3800,60,One Zone Controlled,Fabric - Low cost,3860,Fabric - Low cost One Zone Controlled
709,2023,2,0,0,10,15,20,15,975.6327704011154,3.428406595632356,15.551750380517504,0.677861249329424,2.252185265234224,16000,0,Manual Control,Fabric - Shallow,16000,Fabric - Shallow Manual Control
710,2022,0,0,0,10,42,21,15,1456.774362339492,3.0107365757198505,59.74885844748859,3.1624380081926304,5.003536959459634,0,0,Manual Control,Baseline,0,Baseline Manual Control
711,2022,0,0,9,10,15,21,15,1361.049105389866,2.798358141735806,49.71080669710807,0.0726944242123788,0.1905201658751067,0,520,Full Control,Baseline,520,Baseline Full Control
712,2023,2,0,1,5,42,18,15,777.1258265036217,2.662474054980646,2.9490106544901065,0.0013614562490039,0.0112220800740384,16000,60,One Zone Controlled,Fabric - Shallow,16060,Fabric - Shallow One Zone Controlled
713,2023,1,0,0,15,10,20,13,977.4957969881114,3.4156402559697248,22.12328767123288,1.562701709053364,4.175485471117631,3800,0,Manual Control,Fabric - Low cost,3800,Fabric - Low cost Manual Control
714,2023,2,0,0,5,15,20,13,1159.8028049080121,4.078681616433491,0.0,0.0,0.0,16000,0,Manual Control,Fabric - Shallow,16000,Fabric - Shallow Manual Control
715,2023,0,0,0,10,15,20,13,1187.571358557835,4.173181630327712,17.052891933028917,1.0229532979746994,3.142103109461907,0,0,Manual Control,Baseline,0,Baseline Manual Control
716,2022,0,0,0,15,10,21,17,1819.567496980825,3.7876303968890537,25.924657534246577,1.8907267799523857,4.326755795537649,0,0,Manual Control,Baseline,0,Baseline Manual Control
717,2023,0,0,4,10,42,19,13,714.8653797206891,2.4320487625019513,37.071917808219176,0.928983326379626,2.6601271104836126,0,240,Partial Control,Baseline,240,Baseline Partial Control
718,2023,0,0,1,10,10,19,17,1099.3165680962295,3.801657308853084,16.478310502283104,0.5386380244782466,1.549515174331468,0,60,One Zone Controlled,Baseline,60,Baseline One Zone Controlled
719,2023,0,0,9,5,30,20,13,678.5373559116488,2.314051515516664,48.4855403348554,0.0663639823011169,0.1916208495469374,0,520,Full Control,Baseline,520,Baseline Full Control
720,2022,2,0,4,10,30,18,15,1081.2496819772975,2.210530063754196,28.58257229832572,0.3339321279727613,1.1826639298891992,16000,240,Partial Control,Fabric - Shallow,16240,Fabric - Shallow Partial Control
721,2022,0,0,1,5,30,18,15,1791.8011937201525,3.744040909431623,1.5620243531202436,0.0002858009979487,0.0028876600550892,0,60,One Zone Controlled,Baseline,60,Baseline One Zone Controlled
722,2022,1,0,1,15,10,19,17,1687.9920570711856,3.508422501017104,19.332191780821915,0.6659949009327941,1.807165766443031,3800,60,One Zone Controlled,Fabric - Low cost,3860,Fabric - Low cost One Zone Controlled
723,2023,2,0,1,5,10,21,13,973.9642040961246,3.402717819582791,7.751141552511416,0.0216892096377677,0.1426456858197097,16000,60,One Zone Controlled,Fabric - Shallow,16060,Fabric - Shallow One Zone Controlled
724,2022,0,0,4,15,30,18,13,1199.3324784416084,2.462273268691812,30.869482496194824,0.7027853028039338,2.199451784170808,0,240,Partial Control,Baseline,240,Baseline Partial Control
725,2022,2,0,0,5,10,18,17,1726.8248504114658,3.6329295795670618,0.0,0.0,0.0,16000,0,Manual Control,Fabric - Shallow,16000,Fabric - Shallow Manual Control
726,2022,0,0,4,10,30,18,15,1355.6606527153347,2.769561047287726,27.290715372907155,0.4346306455996794,1.4204925584749633,0,240,Partial Control,Baseline,240,Baseline Partial Control
727,2022,0,0,4,10,30,19,13,1264.9325376413283,2.6144368076410642,35.20738203957382,0.8061432152635227,2.453225391412483,0,240,Partial Control,Baseline,240,Baseline Partial Control
728,2023,0,0,9,5,10,18,17,807.3059220550748,2.7101445703606633,34.24657534246575,0.0013781256800595,0.0043928712353714,0,520,Full Control,Baseline,520,Baseline Full Control
729,2023,1,0,9,10,42,20,15,728.8942387137456,2.4732454449272407,48.95738203957382,0.0476624365694901,0.1230612022161482,3800,520,Full Control,Fabric - Low cost,4320,Fabric - Low cost Full Control
730,2023,2,0,4,10,15,21,13,764.6097159857251,2.6755178207302,43.35616438356165,1.001168557171745,2.720959335107148,16000,240,Partial Control,Fabric - Shallow,16240,Fabric - Shallow Partial Control
731,2022,1,0,9,10,30,19,13,983.7579953821404,1.9948856703461635,42.81202435312024,0.0526813622605301,0.1629748715636403,3800,520,Full Control,Fabric - Low cost,4320,Fabric - Low cost Full Control
732,2023,1,0,4,15,15,20,15,897.7209060661329,3.1101615641236218,38.95357686453577,1.0041199417093642,2.6950892061635323,3800,240,Partial Control,Fabric - Low cost,4040,Fabric - Low cost Partial Control
733,2022,1,0,9,10,15,21,15,1296.2355690584925,2.6713319493175023,50.68493150684932,0.0990543440962043,0.2703640887032899,3800,520,Full Control,Fabric - Low cost,4320,Fabric - Low cost Full Control
734,2023,1,0,0,10,15,21,15,1150.0026574506105,4.038136969334443,20.52130898021309,1.376516938152831,3.7974696224223057,3800,0,Manual Control,Fabric - Low cost,3800,Fabric - Low cost Manual Control
735,2023,2,0,9,15,42,18,13,446.75537396210564,1.4916236346740566,39.20471841704718,0.0381505428062502,0.1317264602006323,16000,520,Full Control,Fabric - Shallow,16520,Fabric - Shallow Full Control
736,2022,0,0,9,15,15,21,17,1564.0233816317295,3.217943890621078,47.720700152207,0.0274751903637385,0.0699432444377022,0,520,Full Control,Baseline,520,Baseline Full Control
737,2022,0,0,1,5,42,20,13,1586.8948591451492,3.312005593883435,29.944824961948253,0.0118624316406103,0.0619610071501331,0,60,One Zone Controlled,Baseline,60,Baseline One Zone Controlled
738,2022,0,0,4,10,15,20,17,1755.0215571173335,3.6381913924651688,33.0365296803653,0.6033368911612229,1.7233965510628693,0,240,Partial Control,Baseline,240,Baseline Partial Control
739,2022,1,0,0,15,42,21,15,1341.3315540220804,2.772058795820874,59.70890410958904,3.681646899265815,5.983732518285565,3800,0,Manual Control,Fabric - Low cost,3800,Fabric - Low cost Manual Control
740,2023,1,0,0,15,42,21,17,904.5915708817868,3.084728415815921,62.50190258751902,3.2510275693502,4.699168138237377,3800,0,Manual Control,Fabric - Low cost,3800,Fabric - Low cost Manual Control
741,2022,0,0,9,10,10,19,17,1406.022225313542,2.8643270544358628,34.442541856925416,0.000642657374796,0.0029858977817669,0,520,Full Control,Baseline,520,Baseline Full Control
742,2023,2,0,0,5,15,18,13,1159.8028049080121,4.078681616433491,0.0,0.0,0.0,16000,0,Manual Control,Fabric - Shallow,16000,Fabric - Shallow Manual Control
743,2023,2,0,1,15,42,19,13,623.1373686529972,2.1354119724111333,25.89802130898021,1.296646494615297,3.493992858269452,16000,60,One Zone Controlled,Fabric - Shallow,16060,Fabric - Shallow One Zone Controlled
744,2022,1,0,0,5,30,21,15,1830.3089947516023,3.846784579646724,14.17427701674277,0.002262109848672,0.0189631453799656,3800,0,Manual Control,Fabric - Low cost,3800,Fabric - Low cost Manual Control
745,2023,0,0,1,5,10,21,13,1214.5541618328364,4.241385926252066,6.834094368340944,0.0119173441547221,0.0730212394722684,0,60,One Zone Controlled,Baseline,60,Baseline One Zone Controlled
746,2023,0,0,4,5,30,21,15,985.207201515052,3.3978584611789096,50.45091324200913,0.0340755101832724,0.0982807521633062,0,240,Partial Control,Baseline,240,Baseline Partial Control
747,2023,0,0,1,10,42,19,13,799.083048457866,2.7358311354691858,23.004185692541856,1.2333155473119009,3.4851844245290864,0,60,One Zone Controlled,Baseline,60,Baseline One Zone Controlled
748,2022,0,0,4,5,30,19,13,1457.790972663437,3.030570216994302,23.945966514459663,0.0166054789551907,0.0638034322515355,0,240,Partial Control,Baseline,240,Baseline Partial Control
749,2023,2,0,4,5,42,18,13,632.9816189649276,2.155959390558841,21.88736681887367,0.0152735349558402,0.0640544375355569,16000,240,Partial Control,Fabric - Shallow,16240,Fabric - Shallow Partial Control
750,2022,0,0,0,15,10,19,15,1705.4303343375834,3.575906258384933,18.57686453576865,1.0002333731185464,2.9644129425604087,0,0,Manual Control,Baseline,0,Baseline Manual Control
751,2023,0,0,0,15,10,18,13,1017.4512844690275,3.553088328487286,15.176940639269407,0.6435495752096253,2.290769695999129,0,0,Manual Control,Baseline,0,Baseline Manual Control
752,2022,0,0,1,10,10,21,13,1635.3201242879024,3.438398020049844,26.92351598173516,1.7144987639197655,4.544729024822093,0,60,One Zone Controlled,Baseline,60,Baseline One Zone Controlled
753,2023,0,0,9,15,10,19,15,712.0529807339085,2.3903322160719176,41.289954337899545,0.0132798245345634,0.0422792093001361,0,520,Full Control,Baseline,520,Baseline Full Control
754,2023,1,0,9,10,42,20,13,649.7242095620795,2.218521505835328,49.393074581430746,0.0898898197526876,0.2690887219275529,3800,520,Full Control,Fabric - Low cost,4320,Fabric - Low cost Full Control
755,2022,1,0,4,5,42,19,15,1370.3016109672942,2.8204975394830463,23.78805175038052,0.0106223128222323,0.0375896191774587,3800,240,Partial Control,Fabric - Low cost,4040,Fabric - Low cost Partial Control
756,2022,0,0,0,10,42,19,15,1456.774362339492,3.0107365757198505,19.22754946727549,1.1041697367661032,3.063450416767999,0,0,Manual Control,Baseline,0,Baseline Manual Control
757,2023,1,0,1,10,15,18,13,1037.9858267091126,3.640302631798356,14.1837899543379,0.3861599555292278,1.599536130270524,3800,60,One Zone Controlled,Fabric - Low cost,3860,Fabric - Low cost One Zone Controlled
758,2022,2,0,0,15,10,21,15,1385.026975924041,2.9114447930143603,25.46232876712329,1.7953960875493469,4.449464233998357,16000,0,Manual Control,Fabric - Shallow,16000,Fabric - Shallow Manual Control
759,2023,1,0,1,10,30,21,15,900.0992523914854,3.104578968554302,46.12823439878234,1.845506677210455,4.532324642026492,3800,60,One Zone Controlled,Fabric - Low cost,3860,Fabric - Low cost One Zone Controlled
760,2022,0,0,0,5,42,18,17,1759.27843705521,3.6597223679223005,0.0,0.0,0.0,0,0,Manual Control,Baseline,0,Baseline Manual Control
761,2022,2,0,9,15,30,18,15,879.9887712456898,1.7448923029257886,36.96727549467276,0.0108758840284735,0.0390792366792517,16000,520,Full Control,Fabric - Shallow,16520,Fabric - Shallow Full Control
762,2023,0,0,0,15,15,20,17,1191.310698395724,4.162055398983775,20.1103500761035,1.0643940726896184,2.8065530908934035,0,0,Manual Control,Baseline,0,Baseline Manual Control
763,2022,0,0,4,5,15,20,15,1821.2961341803905,3.8048885494079054,25.022831050228312,0.0150911899024418,0.0522740944955853,0,240,Partial Control,Baseline,240,Baseline Partial Control
764,2022,0,0,4,10,30,21,17,1630.2939053121054,3.365204920510452,51.97488584474886,1.0983868233634773,2.702353104919504,0,240,Partial Control,Baseline,240,Baseline Partial Control
765,2022,1,0,9,10,15,21,13,1178.7411620119742,2.455405640576998,50.681126331811264,0.1738123602878852,0.5590947470600487,3800,520,Full Control,Fabric - Low cost,4320,Fabric - Low cost Full Control
766,2023,1,0,4,5,10,19,13,921.7830855511211,3.1935489478600325,24.417808219178085,0.0186935578674186,0.0710564544717519,3800,240,Partial Control,Fabric - Low cost,4040,Fabric - Low cost Partial Control
767,2023,2,0,0,15,30,18,13,744.4453707607506,2.5808050950268786,14.902968036529678,0.5361132073360942,1.9823993232848192,16000,0,Manual Control,Fabric - Shallow,16000,Fabric - Shallow Manual Control
768,2022,0,0,0,10,30,18,15,1609.9365077543498,3.358218117623586,14.284627092846272,0.5604561210807681,1.8730103506724332,0,0,Manual Control,Baseline,0,Baseline Manual Control
769,2022,1,0,0,5,42,18,13,1615.7579463521333,3.378669261688905,0.0019025875190258,3.203126649154861e-06,0.0007343407986433,3800,0,Manual Control,Fabric - Low cost,3800,Fabric - Low cost Manual Control
770,2022,0,0,4,10,10,18,13,1323.4524857710044,2.73325432024979,29.054414003044137,0.4588040449258148,1.6776553491731705,0,240,Partial Control,Baseline,240,Baseline Partial Control
771,2022,0,0,0,15,15,20,13,1852.5830368567886,3.915977205813974,20.40144596651446,1.3296518223007767,3.856280479459525,0,0,Manual Control,Baseline,0,Baseline Manual Control
772,2023,1,0,0,10,15,18,13,1140.8628834433507,4.0113426382142485,10.846651445966511,0.3405750355660877,1.484034070283562,3800,0,Manual Control,Fabric - Low cost,3800,Fabric - Low cost Manual Control
773,2023,1,0,1,5,15,18,15,1278.0389456575635,4.484152860993345,1.556316590563166,0.0004025805798906,0.004099555339946,3800,60,One Zone Controlled,Fabric - Low cost,3860,Fabric - Low cost One Zone Controlled
774,2022,1,0,4,10,42,19,15,1249.1068072545772,2.5502012149066924,35.821917808219176,0.7765927460674321,2.176555290233895,3800,240,Partial Control,Fabric - Low cost,4040,Fabric - Low cost Partial Control
775,2023,1,0,0,15,10,18,13,977.4957969881114,3.4156402559697248,14.885844748858448,0.5914885531184392,2.1527852802895056,3800,0,Manual Control,Fabric - Low cost,3800,Fabric - Low cost Manual Control
776,2023,0,0,1,10,10,19,13,984.4345351676549,3.4277002300022956,19.231354642313548,0.8646291347590636,2.735837884812918,0,60,One Zone Controlled,Baseline,60,Baseline One Zone Controlled
777,2022,1,0,9,5,42,19,13,983.7579953821404,1.9948856703461635,42.81202435312024,0.0526813622605301,0.1629748715636403,3800,520,Full Control,Fabric - Low cost,4320,Fabric - Low cost Full Control
778,2023,1,0,9,10,42,20,17,854.2893959105761,2.901465282398919,44.82496194824962,0.0106837481478997,0.0311190586886323,3800,520,Full Control,Fabric - Low cost,4320,Fabric - Low cost Full Control
779,2023,1,0,0,5,15,18,15,1390.2096855126395,4.889020888757743,0.0,0.0,0.0,3800,0,Manual Control,Fabric - Low cost,3800,Fabric - Low cost Manual Control
780,2023,0,0,0,15,42,18,17,950.9907938270331,3.2413083144728057,18.671993911719937,0.4019418524368673,1.0421345815887832,0,0,Manual Control,Baseline,0,Baseline Manual Control
781,2022,1,0,1,10,42,18,15,1339.0400112350344,2.755062534678151,18.64155251141552,0.6638190934537214,2.0221743345925254,3800,60,One Zone Controlled,Fabric - Low cost,3860,Fabric - Low cost One Zone Controlled
782,2023,1,0,4,15,10,20,13,792.0858527829658,2.743152895482916,40.85045662100457,1.2419959992271694,3.2413975593386897,3800,240,Partial Control,Fabric - Low cost,4040,Fabric - Low cost Partial Control
783,2022,1,0,4,15,30,20,15,1328.6514411400435,2.737886611222229,40.490867579908674,1.291980132401621,3.172816505189953,3800,240,Partial Control,Fabric - Low cost,4040,Fabric - Low cost Partial Control
784,2022,0,0,0,15,10,21,15,1705.4303343375834,3.575906258384933,25.97412480974125,2.212440858814173,5.282534316704544,0,0,Manual Control,Baseline,0,Baseline Manual Control
785,2023,2,0,0,15,10,19,13,832.9812191209843,2.911378496042318,16.672374429223744,0.7030716909459075,2.3912819294153302,16000,0,Manual Control,Fabric - Shallow,16000,Fabric - Shallow Manual Control
786,2023,2,0,1,10,30,18,13,720.7555123117302,2.489796821351507,16.145357686453575,0.4551012397938468,1.7186212761756317,16000,60,One Zone Controlled,Fabric - Shallow,16060,Fabric - Shallow One Zone Controlled
787,2023,2,0,0,5,30,18,15,932.131985450242,3.231895006210691,0.0,0.0,0.0,16000,0,Manual Control,Fabric - Shallow,16000,Fabric - Shallow Manual Control
788,2023,0,0,9,15,30,19,15,712.0529807339085,2.3903322160719176,41.289954337899545,0.0132798245345634,0.0422792093001361,0,520,Full Control,Baseline,520,Baseline Full Control
789,2023,2,0,9,15,10,18,13,446.75537396210564,1.4916236346740566,39.20471841704718,0.0381505428062502,0.1317264602006323,16000,520,Full Control,Fabric - Shallow,16520,Fabric - Shallow Full Control
790,2022,1,0,1,5,10,18,15,1903.1226797405625,3.9986912300927235,1.9425418569254185,0.0005668192057866,0.0050563200059534,3800,60,One Zone Controlled,Fabric - Low cost,3860,Fabric - Low cost One Zone Controlled
791,2022,2,0,0,5,10,19,15,1718.4632328994642,3.6189841538139307,0.0019025875190258,8.321026093372928e-06,0.0019076576158959,16000,0,Manual Control,Fabric - Shallow,16000,Fabric - Shallow Manual Control
792,2022,0,0,9,10,42,19,13,1030.3874282782822,2.0850983631431212,41.75228310502283,0.0391124846490885,0.1201912359935138,0,520,Full Control,Baseline,520,Baseline Full Control
793,2022,2,0,4,10,15,19,13,1186.4822582784504,2.4802169713974274,32.13089802130898,0.4257313857874054,1.5820584997315852,16000,240,Partial Control,Fabric - Shallow,16240,Fabric - Shallow Partial Control
794,2023,1,0,0,10,42,20,15,845.0258639554652,2.8906005249856164,31.0369101978691,1.5849014184383634,4.034992645693323,3800,0,Manual Control,Fabric - Low cost,3800,Fabric - Low cost Manual Control
795,2022,0,0,9,15,10,18,15,1120.06559151212,2.2246502399099044,33.64345509893455,0.0025232808482777,0.0114717608929531,0,520,Full Control,Baseline,520,Baseline Full Control
796,2023,1,0,0,15,10,18,15,993.9075413582392,3.4644314981759465,14.878234398782345,0.5302206130859753,1.824198673969899,3800,0,Manual Control,Fabric - Low cost,3800,Fabric - Low cost Manual Control
797,2023,0,0,0,10,42,20,15,884.6944990882089,3.024181354175912,30.48896499238965,1.6137695992709111,4.100472488052028,0,0,Manual Control,Baseline,0,Baseline Manual Control
798,2022,2,0,1,10,15,21,13,1481.6659645901784,3.132203234564509,24.8896499238965,1.152853786696759,3.333504963442212,16000,60,One Zone Controlled,Fabric - Shallow,16060,Fabric - Shallow One Zone Controlled
799,2022,2,0,1,15,42,20,15,1093.279924518114,2.251837424086188,42.18607305936073,1.8038501575094277,4.26880656792521,16000,60,One Zone Controlled,Fabric - Shallow,16060,Fabric - Shallow One Zone Controlled
800,2023,1,0,0,15,10,20,17,1052.377027618627,3.650817231020217,22.071917808219176,1.2190744750865896,3.030183766431304,3800,0,Manual Control,Fabric - Low cost,3800,Fabric - Low cost Manual Control
801,2023,0,0,0,10,30,20,13,957.1314225835048,3.315394489209807,20.99124809741248,1.4824076434492144,4.066718217838328,0,0,Manual Control,Baseline,0,Baseline Manual Control
802,2023,1,0,4,5,30,19,13,850.9188172248925,2.9283542288729083,25.51750380517504,0.0203692156942833,0.0749430566963479,3800,240,Partial Control,Fabric - Low cost,4040,Fabric - Low cost Partial Control
803,2023,0,0,4,5,30,19,13,887.843151801579,3.053186803160501,24.3455098934551,0.0155147256170706,0.0588947072839071,0,240,Partial Control,Baseline,240,Baseline Partial Control
804,2023,0,0,4,10,42,19,15,789.1350363420721,2.6733113041409564,35.30821917808219,0.8008670402866058,2.233304469861792,0,240,Partial Control,Baseline,240,Baseline Partial Control
805,2023,0,0,9,5,30,19,15,712.0529807339085,2.3903322160719176,41.289954337899545,0.0132798245345634,0.0422792093001361,0,520,Full Control,Baseline,520,Baseline Full Control
806,2022,0,0,9,10,42,21,15,1361.049105389866,2.798358141735806,49.71080669710807,0.0726944242123788,0.1905201658751067,0,520,Full Control,Baseline,520,Baseline Full Control
807,2023,1,0,1,10,30,20,15,895.883833718232,3.086553522660949,25.85996955859969,1.3377259165221744,3.566569009574038,3800,60,One Zone Controlled,Fabric - Low cost,3860,Fabric - Low cost One Zone Controlled
808,2022,0,0,4,15,15,18,17,1662.2045223055982,3.4300959608402053,23.831811263318112,0.1728025758637367,0.566467594402448,0,240,Partial Control,Baseline,240,Baseline Partial Control
809,2023,1,0,1,5,30,18,17,1085.458657381106,3.748612742364875,0.6202435312024354,9.717291064682184e-05,0.0014787325018255,3800,60,One Zone Controlled,Fabric - Low cost,3860,Fabric - Low cost One Zone Controlled
810,2022,2,0,9,5,10,19,13,827.6007215108874,1.681515942729973,43.203957382039576,0.08700199556344,0.3092952086481293,16000,520,Full Control,Fabric - Shallow,16520,Fabric - Shallow Full Control
811,2023,2,0,4,5,10,18,15,783.9952327018615,2.7027002513714686,17.366818873668187,0.0040102293005906,0.0187984961266738,16000,240,Partial Control,Fabric - Shallow,16240,Fabric - Shallow Partial Control
812,2023,1,0,4,10,10,21,17,987.9912742732329,3.405261377655916,43.592085235920855,1.012233048005675,2.560607221913927,3800,240,Partial Control,Fabric - Low cost,4040,Fabric - Low cost Partial Control
813,2023,1,0,4,5,15,21,15,1080.8797346145757,3.7727561714227926,31.48401826484018,0.0383032066008578,0.1179994146518597,3800,240,Partial Control,Fabric - Low cost,4040,Fabric - Low cost Partial Control
814,2022,1,0,1,5,30,18,17,1777.567651394602,3.7143712584577697,0.6563926940639269,8.870126778766551e-05,0.0013542815828735,3800,60,One Zone Controlled,Fabric - Low cost,3860,Fabric - Low cost One Zone Controlled
815,2022,1,0,0,15,42,18,15,1341.3315540220804,2.772058795820874,18.8527397260274,0.8769117511773744,2.508818784663711,3800,0,Manual Control,Fabric - Low cost,3800,Fabric - Low cost Manual Control
816,2022,2,0,1,15,10,21,15,1317.830635570049,2.7613231380305177,30.26826484018265,1.797421520356511,4.395964178387649,16000,60,One Zone Controlled,Fabric - Shallow,16060,Fabric - Shallow One Zone Controlled
817,2022,1,0,0,15,30,18,15,1477.679837330543,3.0837589199515287,16.337519025875192,0.6991244057530551,2.1968890972081776,3800,0,Manual Control,Fabric - Low cost,3800,Fabric - Low cost Manual Control
818,2023,0,0,9,5,30,19,17,849.526790532914,2.8647228807368483,35.728691019786915,0.000809440764681,0.0034508955226229,0,520,Full Control,Baseline,520,Baseline Full Control
819,2023,2,0,1,10,42,19,13,648.4171030417707,2.221818883255654,22.97754946727549,0.9846211484504792,2.879432199173794,16000,60,One Zone Controlled,Fabric - Shallow,16060,Fabric - Shallow One Zone Controlled
820,2022,1,0,9,5,10,21,15,1296.2355690584925,2.6713319493175023,50.68493150684932,0.0990543440962043,0.2703640887032899,3800,520,Full Control,Fabric - Low cost,4320,Fabric - Low cost Full Control
821,2023,1,0,9,15,30,18,17,766.994517153551,2.575183382707774,34.332191780821915,0.0014199208486211,0.0044726597493175,3800,520,Full Control,Fabric - Low cost,4320,Fabric - Low cost Full Control
822,2023,1,0,1,10,15,20,13,1048.650927876291,3.681074994393848,21.601978691019788,1.007757651431633,3.060379826242705,3800,60,One Zone Controlled,Fabric - Low cost,3860,Fabric - Low cost One Zone Controlled
823,2023,2,0,1,5,15,18,13,1059.3906756394683,3.7203586937239304,1.9882039573820396,0.0017190062132153,0.0191391176727308,16000,60,One Zone Controlled,Fabric - Shallow,16060,Fabric - Shallow One Zone Controlled
824,2022,0,0,1,10,30,19,13,1456.6001726606205,3.0424165448118066,21.267123287671232,1.03918246864888,3.154674224088958,0,60,One Zone Controlled,Baseline,60,Baseline One Zone Controlled
825,2023,2,0,4,5,10,19,15,800.7673568720721,2.765729943466536,22.85388127853881,0.012897642795631,0.0485233254284493,16000,240,Partial Control,Fabric - Shallow,16240,Fabric - Shallow Partial Control
826,2022,1,0,9,10,10,19,15,1132.7487184890956,2.2820355305532183,41.33751902587519,0.0208552052181949,0.0620368653954772,3800,520,Full Control,Fabric - Low cost,4320,Fabric - Low cost Full Control
827,2023,2,0,9,15,42,19,15,558.8410540297684,1.87918120858973,43.451293759512936,0.0324214131536836,0.0966617572373523,16000,520,Full Control,Fabric - Shallow,16520,Fabric - Shallow Full Control
828,2022,1,0,4,5,30,19,13,1396.7393635666929,2.907647379893985,24.96385083713851,0.0218286349191038,0.0829759990275013,3800,240,Partial Control,Fabric - Low cost,4040,Fabric - Low cost Partial Control
829,2022,0,0,9,10,10,20,17,1481.1254950858777,3.0356532424495053,40.07420091324201,0.0059205984468734,0.0211134829259367,0,520,Full Control,Baseline,520,Baseline Full Control
830,2023,2,0,0,15,10,18,13,832.9812191209843,2.911378496042318,11.73896499238965,0.3587657984008301,1.583326125625984,16000,0,Manual Control,Fabric - Shallow,16000,Fabric - Shallow Manual Control
831,2023,1,0,4,5,42,20,17,933.5791846070471,3.188096244436092,43.17922374429224,0.0068901594255312,0.0206221527510079,3800,240,Partial Control,Fabric - Low cost,4040,Fabric - Low cost Partial Control
832,2022,0,0,9,5,42,20,15,1270.23682276116,2.5861561961872193,45.05707762557078,0.0364657075209407,0.0996422262581402,0,520,Full Control,Baseline,520,Baseline Full Control
833,2023,0,0,4,5,10,21,17,1129.168021094768,3.906272559823856,28.283866057838654,0.0128065236552192,0.0386004567104653,0,240,Partial Control,Baseline,240,Baseline Partial Control
834,2023,1,0,9,5,15,20,17,854.2893959105761,2.901465282398919,44.82496194824962,0.0106837481478997,0.0311190586886323,3800,520,Full Control,Fabric - Low cost,4320,Fabric - Low cost Full Control
835,2023,2,0,4,5,15,20,13,860.5164272993227,3.0064325681279045,27.773972602739725,0.0478556630464696,0.207085037827803,16000,240,Partial Control,Fabric - Shallow,16240,Fabric - Shallow Partial Control
836,2022,0,0,9,10,42,18,17,1340.981723105189,2.7175894312532805,34.69748858447488,0.0014645597516515,0.0044795288905054,0,520,Full Control,Baseline,520,Baseline Full Control
837,2023,1,0,0,15,42,19,15,813.4130519832662,2.7802954954777177,22.51902587519026,1.4507359618903928,3.650504702507257,3800,0,Manual Control,Fabric - Low cost,3800,Fabric - Low cost Manual Control
838,2023,0,0,0,15,15,19,15,1141.2348931842687,4.004654670794839,16.860730593607308,0.7959742098609863,2.5213795153541056,0,0,Manual Control,Baseline,0,Baseline Manual Control
839,2022,1,0,9,5,42,21,13,1178.7411620119742,2.455405640576998,50.681126331811264,0.1738123602878852,0.5590947470600487,3800,520,Full Control,Fabric - Low cost,4320,Fabric - Low cost Full Control
840,2023,1,0,0,10,42,18,17,923.7862594028509,3.153285994896689,15.606925418569254,0.2955385153091041,0.8431479143461593,3800,0,Manual Control,Fabric - Low cost,3800,Fabric - Low cost Manual Control
841,2022,1,0,9,15,30,21,15,1296.2355690584925,2.6713319493175023,50.68493150684932,0.0990543440962043,0.2703640887032899,3800,520,Full Control,Fabric - Low cost,4320,Fabric - Low cost Full Control
842,2023,1,0,1,15,15,18,17,1097.6013435899445,3.8221023649449863,14.309360730593609,0.2247466841323983,0.7296850284245876,3800,60,One Zone Controlled,Fabric - Low cost,3860,Fabric - Low cost One Zone Controlled
843,2023,2,0,4,15,15,19,13,693.9093205706668,2.414135044726355,32.29832572298326,0.5327816418890041,1.8474466345695104,16000,240,Partial Control,Fabric - Shallow,16240,Fabric - Shallow Partial Control
844,2023,1,0,1,10,10,20,13,953.0513362414475,3.322692715240086,23.573059360730596,1.2071097551299033,3.463527346969145,3800,60,One Zone Controlled,Fabric - Low cost,3860,Fabric - Low cost One Zone Controlled
845,2022,1,0,4,10,30,20,13,1251.2697243695593,2.603239959625097,40.25304414003044,1.0952928040272765,3.017321742088264,3800,240,Partial Control,Fabric - Low cost,4040,Fabric - Low cost Partial Control
846,2023,2,0,0,5,30,20,15,932.131985450242,3.231895006210691,0.0038051750380517,6.413262478164002e-06,0.0011801120290476,16000,0,Manual Control,Fabric - Shallow,16000,Fabric - Shallow Manual Control
847,2022,2,0,4,5,30,21,15,1291.0808413151271,2.692701256715192,49.018264840182646,0.07575701000889,0.2666086597117785,16000,240,Partial Control,Fabric - Shallow,16240,Fabric - Shallow Partial Control
848,2023,0,0,9,15,15,18,17,807.3059220550748,2.7101445703606633,34.24657534246575,0.0013781256800595,0.0043928712353714,0,520,Full Control,Baseline,520,Baseline Full Control
849,2023,2,0,0,10,10,21,13,875.3045327762511,3.0565722902029098,21.99200913242009,1.3789925464840027,3.749311994067355,16000,0,Manual Control,Fabric - Shallow,16000,Fabric - Shallow Manual Control
850,2023,1,0,1,5,15,19,13,1271.347287315789,4.466839246922931,3.409436834094368,0.0035230236704538,0.0285939166614207,3800,60,One Zone Controlled,Fabric - Low cost,3860,Fabric - Low cost One Zone Controlled
851,2023,1,0,4,10,42,20,17,882.4858443108012,3.003835685360972,49.68797564687976,0.8084750792814023,2.0405776076927404,3800,240,Partial Control,Fabric - Low cost,4040,Fabric - Low cost Partial Control
852,2022,0,0,0,10,10,21,17,1880.218723680072,3.921336050907773,21.80745814307458,1.4148438521975724,3.5766787038019765,0,0,Manual Control,Baseline,0,Baseline Manual Control
853,2022,2,0,1,15,10,19,13,1267.6527015885536,2.6666222246650833,20.15981735159817,0.7767156645357998,2.597116587606055,16000,60,One Zone Controlled,Fabric - Shallow,16060,Fabric - Shallow One Zone Controlled
854,2023,1,0,9,10,15,19,15,678.9518953714866,2.2803428489290622,42.96232876712329,0.0198312950370876,0.0572982421021673,3800,520,Full Control,Fabric - Low cost,4320,Fabric - Low cost Full Control
855,2023,0,0,9,10,10,20,17,898.6416013023711,3.0508139763024302,42.02625570776256,0.0054222004976782,0.0188643366029278,0,520,Full Control,Baseline,520,Baseline Full Control
856,2022,2,0,1,15,30,21,13,1159.2059452181225,2.429800606204663,46.13774733637747,2.226878498891384,5.169461937230128,16000,60,One Zone Controlled,Fabric - Shallow,16060,Fabric - Shallow One Zone Controlled
857,2022,0,0,9,15,30,18,13,947.862744829774,1.881508365554936,38.15258751902588,0.0187076108609781,0.0630814205768692,0,520,Full Control,Baseline,520,Baseline Full Control
858,2022,0,0,4,5,42,21,17,1647.4476791226823,3.407161359592944,56.83409436834095,1.004514355038183,1.211162207497168,0,240,Partial Control,Baseline,240,Baseline Partial Control
859,2023,2,0,0,10,30,20,15,790.0119883864397,2.7325458833643177,19.91628614916286,1.1335207105240117,3.1544409439208607,16000,0,Manual Control,Fabric - Shallow,16000,Fabric - Shallow Manual Control
860,2022,0,0,4,15,10,18,15,1408.7540314390303,2.888794909403433,26.7351598173516,0.4766804707777896,1.5270194588038302,0,240,Partial Control,Baseline,240,Baseline Partial Control
861,2022,2,0,9,10,30,18,13,756.4691197128225,1.50519766687629,39.89535768645357,0.0418281945805325,0.149680366107664,16000,520,Full Control,Fabric - Shallow,16520,Fabric - Shallow Full Control
862,2023,1,0,9,5,30,19,15,678.9518953714866,2.2803428489290622,42.96232876712329,0.0198312950370876,0.0572982421021673,3800,520,Full Control,Fabric - Low cost,4320,Fabric - Low cost Full Control
863,2022,1,0,1,10,10,19,15,1611.970171965775,3.3668970029238983,19.35882800608828,0.7553489704215264,2.3822601263854564,3800,60,One Zone Controlled,Fabric - Low cost,3860,Fabric - Low cost One Zone Controlled
864,2022,1,0,1,5,15,18,13,2081.9904712282687,4.39437987226436,2.4619482496194824,0.0018394346575984,0.0168032615568971,3800,60,One Zone Controlled,Fabric - Low cost,3860,Fabric - Low cost One Zone Controlled
865,2023,1,0,9,10,30,19,17,809.4401534844008,2.730120728082554,35.47945205479452,0.0008727512077135,0.0038161384521279,3800,520,Full Control,Fabric - Low cost,4320,Fabric - Low cost Full Control
866,2023,2,0,4,5,30,18,15,725.1931857441311,2.481618428006259,18.14497716894977,0.0044048980074536,0.0199754503416563,16000,240,Partial Control,Fabric - Shallow,16240,Fabric - Shallow Partial Control
867,2023,2,0,1,10,15,19,13,887.77700946715,3.1163834063114373,16.114916286149164,0.4358541210685097,1.7319658365459398,16000,60,One Zone Controlled,Fabric - Shallow,16060,Fabric - Shallow One Zone Controlled
868,2023,1,0,4,15,10,18,17,913.5072248784295,3.1281113219785204,24.77359208523592,0.1992487765954041,0.6046552198541,3800,240,Partial Control,Fabric - Low cost,4040,Fabric - Low cost Partial Control
869,2022,1,0,9,10,15,20,13,1074.5449777142953,2.2132880623538007,46.58485540334855,0.09680654157865,0.3046019386436109,3800,520,Full Control,Fabric - Low cost,4320,Fabric - Low cost Full Control
870,2022,2,0,9,10,15,21,15,1079.9416250645281,2.2317044509924733,50.99505327245053,0.1759273711261098,0.5345365645105068,16000,520,Full Control,Fabric - Shallow,16520,Fabric - Shallow Full Control
871,2022,0,0,4,5,42,19,13,1344.9944698194297,2.780272659513097,24.541476407914764,0.0178802930978439,0.0667950984498652,0,240,Partial Control,Baseline,240,Baseline Partial Control
872,2023,1,0,9,10,10,20,15,728.8942387137456,2.4732454449272407,48.95738203957382,0.0476624365694901,0.1230612022161482,3800,520,Full Control,Fabric - Low cost,4320,Fabric - Low cost Full Control
873,2023,2,0,4,15,42,20,13,585.49639904433,2.005951995799281,51.52016742770168,1.4315174321763535,3.444394769380996,16000,240,Partial Control,Fabric - Shallow,16240,Fabric - Shallow Partial Control
874,2022,0,0,1,5,15,19,17,2257.773027132725,4.745800911443168,0.4547184170471842,8.554240841444076e-05,0.001573104205621,0,60,One Zone Controlled,Baseline,60,Baseline One Zone Controlled
875,2023,2,0,1,5,30,20,15,877.3619885133617,3.037249834817451,6.786529680365297,0.0095691805780304,0.0574362863784626,16000,60,One Zone Controlled,Fabric - Shallow,16060,Fabric - Shallow One Zone Controlled
876,2023,0,0,1,15,10,20,15,986.6301380668092,3.421793220618794,26.154870624048705,1.5735473199972652,4.020017787484041,0,60,One Zone Controlled,Baseline,60,Baseline One Zone Controlled
877,2022,2,0,9,15,10,18,15,879.9887712456898,1.7448923029257886,36.96727549467276,0.0108758840284735,0.0390792366792517,16000,520,Full Control,Fabric - Shallow,16520,Fabric - Shallow Full Control
878,2023,1,0,0,15,30,20,13,875.0057350596622,3.03305557735019,24.948630136986303,1.9041583043438297,4.77442877178661,3800,0,Manual Control,Fabric - Low cost,3800,Fabric - Low cost Manual Control
879,2023,2,0,9,5,30,19,15,558.8410540297684,1.87918120858973,43.451293759512936,0.0324214131536836,0.0966617572373523,16000,520,Full Control,Fabric - Shallow,16520,Fabric - Shallow Full Control
880,2022,0,0,4,15,42,19,13,1153.869991012963,2.3684887866901803,37.071917808219176,1.2033037235422677,3.1726309306524545,0,240,Partial Control,Baseline,240,Baseline Partial Control
881,2022,1,0,0,10,10,18,13,1683.9496179686116,3.5507016803853886,12.142313546423136,0.4738293034660987,1.884102490165296,3800,0,Manual Control,Fabric - Low cost,3800,Fabric - Low cost Manual Control
882,2023,2,0,0,15,42,20,15,678.1750384222387,2.321166117318114,34.68607305936073,1.8672551029504412,4.397284279868774,16000,0,Manual Control,Fabric - Shallow,16000,Fabric - Shallow Manual Control
883,2023,0,0,9,15,30,19,17,849.526790532914,2.8647228807368483,35.728691019786915,0.000809440764681,0.0034508955226229,0,520,Full Control,Baseline,520,Baseline Full Control
884,2023,2,0,4,15,10,21,15,728.7592184064965,2.524557205463011,45.72869101978691,1.3952772683725836,3.330061011854634,16000,240,Partial Control,Fabric - Shallow,16240,Fabric - Shallow Partial Control
885,2022,0,0,1,15,10,21,17,1776.7845635404635,3.6884469259425483,29.64421613394216,1.829799206195454,4.144862534625519,0,60,One Zone Controlled,Baseline,60,Baseline One Zone Controlled
886,2022,2,0,4,5,42,20,15,1167.9392272808236,2.413073907437664,45.24733637747336,0.0395685926482759,0.136807973382119,16000,240,Partial Control,Fabric - Shallow,16240,Fabric - Shallow Partial Control
887,2023,1,0,9,15,10,18,15,635.5197714552111,2.1163020492675813,34.756468797564686,0.0047870031018197,0.0184858801730078,3800,520,Full Control,Fabric - Low cost,4320,Fabric - Low cost Full Control
888,2022,0,0,4,10,30,18,13,1231.1212107229364,2.5297271162512667,30.439497716894977,0.5457747156639359,1.863955220292296,0,240,Partial Control,Baseline,240,Baseline Partial Control
889,2022,2,0,9,5,10,21,15,1079.9416250645281,2.2317044509924733,50.99505327245053,0.1759273711261098,0.5345365645105068,16000,520,Full Control,Fabric - Shallow,16520,Fabric - Shallow Full Control
890,2023,0,0,9,10,10,18,17,807.3059220550748,2.7101445703606633,34.24657534246575,0.0013781256800595,0.0043928712353714,0,520,Full Control,Baseline,520,Baseline Full Control
891,2023,0,0,4,15,10,18,13,776.3686347871729,2.6685802026717194,29.315068493150687,0.5864384674369746,1.9315651840042467,0,240,Partial Control,Baseline,240,Baseline Partial Control
892,2022,1,0,1,5,42,18,15,1539.411440383992,3.199182314736162,2.7283105022831053,0.0007483645246642,0.0061056129703076,3800,60,One Zone Controlled,Fabric - Low cost,3860,Fabric - Low cost One Zone Controlled
893,2023,1,0,0,5,15,21,15,1390.2096855126395,4.889020888757743,0.0,0.0,0.0,3800,0,Manual Control,Fabric - Low cost,3800,Fabric - Low cost Manual Control
894,2023,2,0,1,15,15,19,15,866.818250417674,3.034856464694201,17.825342465753423,0.5480285225273481,1.9846244720795585,16000,60,One Zone Controlled,Fabric - Shallow,16060,Fabric - Shallow One Zone Controlled
895,2023,0,0,1,15,15,19,13,1034.0900876450678,3.6258680684181273,19.933409436834093,0.912632610042319,2.913699296282948,0,60,One Zone Controlled,Baseline,60,Baseline One Zone Controlled
896,2023,0,0,0,15,42,18,13,811.3002145257426,2.784170947364139,19.016362252663622,1.0935330055187231,3.194192004815152,0,0,Manual Control,Baseline,0,Baseline Manual Control
897,2022,1,0,0,5,15,20,13,2283.346273612424,4.829576827631193,0.0038051750380517,1.9025610603114133e-05,0.0042209584999743,3800,0,Manual Control,Fabric - Low cost,3800,Fabric - Low cost Manual Control
898,2022,0,0,9,5,30,20,17,1481.1254950858777,3.0356532424495053,40.07420091324201,0.0059205984468734,0.0211134829259367,0,520,Full Control,Baseline,520,Baseline Full Control
899,2023,0,0,4,15,42,21,17,939.6898450861752,3.2057494032636367,59.6765601217656,2.1341849976370204,3.2620512367598185,0,240,Partial Control,Baseline,240,Baseline Partial Control
900,2022,1,0,9,5,10,20,13,1074.5449777142953,2.2132880623538007,46.58485540334855,0.09680654157865,0.3046019386436109,3800,520,Full Control,Fabric - Low cost,4320,Fabric - Low cost Full Control
901,2022,1,0,9,10,15,18,15,1064.7911137474985,2.1163964656928336,35.72108066971081,0.0053270032062273,0.0204552823778338,3800,520,Full Control,Fabric - Low cost,4320,Fabric - Low cost Full Control
902,2023,0,0,0,15,15,21,17,1191.310698395724,4.162055398983775,24.55289193302892,1.6684172472470855,4.019281207692662,0,0,Manual Control,Baseline,0,Baseline Manual Control
903,2022,1,0,0,5,15,19,17,2296.8124034546727,4.851464515289683,0.0,0.0,0.0,3800,0,Manual Control,Fabric - Low cost,3800,Fabric - Low cost Manual Control
904,2023,0,0,0,15,15,18,17,1191.310698395724,4.162055398983775,12.562785388127852,0.2158171430757191,0.7395942858391233,0,0,Manual Control,Baseline,0,Baseline Manual Control
905,2023,2,0,1,15,15,20,15,869.0615647520868,3.0454819313547423,22.806316590563167,0.9456700915131132,2.8454842400982425,16000,60,One Zone Controlled,Fabric - Shallow,16060,Fabric - Shallow One Zone Controlled
906,2022,1,0,9,10,10,18,17,1274.1445864473694,2.583145969165776,34.733637747336374,0.0015123255382184,0.0045989316799535,3800,520,Full Control,Fabric - Low cost,4320,Fabric - Low cost Full Control
907,2023,1,0,1,15,42,20,17,893.2420581214429,3.043910682120767,41.149162861491625,1.523123877445361,3.3390805383304065,3800,60,One Zone Controlled,Fabric - Low cost,3860,Fabric - Low cost One Zone Controlled
908,2022,1,0,0,10,42,21,13,1335.9448941161543,2.7833903049719098,59.69939117199391,3.26091287422713,5.360589754074215,3800,0,Manual Control,Fabric - Low cost,3800,Fabric - Low cost Manual Control
909,2023,1,0,1,10,15,21,13,1055.1008711228994,3.706183756391446,25.96080669710807,1.4307638834215668,3.937408533104527,3800,60,One Zone Controlled,Fabric - Low cost,3860,Fabric - Low cost One Zone Controlled
910,2022,1,0,0,10,10,19,17,1794.2903070353752,3.7473705718926538,15.781963470319637,0.5024905710471893,1.521387959119189,3800,0,Manual Control,Fabric - Low cost,3800,Fabric - Low cost Manual Control
911,2022,0,0,9,15,10,20,17,1481.1254950858777,3.0356532424495053,40.07420091324201,0.0059205984468734,0.0211134829259367,0,520,Full Control,Baseline,520,Baseline Full Control
912,2022,0,0,9,15,42,21,13,1231.2515824936554,2.5580499998222317,49.79261796042618,0.1241401238294264,0.3869233203827027,0,520,Full Control,Baseline,520,Baseline Full Control
913,2023,1,0,9,15,15,21,17,903.5862004195255,3.090935807848471,51.52016742770168,0.0374578526297002,0.0887261942349276,3800,520,Full Control,Fabric - Low cost,4320,Fabric - Low cost Full Control
914,2022,1,0,1,10,30,19,13,1399.7334615743086,2.927297002561716,21.478310502283104,1.0005653248236153,3.051058997399524,3800,60,One Zone Controlled,Fabric - Low cost,3860,Fabric - Low cost One Zone Controlled
915,2022,1,0,9,10,30,19,15,1132.7487184890956,2.2820355305532183,41.33751902587519,0.0208552052181949,0.0620368653954772,3800,520,Full Control,Fabric - Low cost,4320,Fabric - Low cost Full Control
916,2022,1,0,4,15,30,20,13,1219.4842795982927,2.5366743861010965,40.92085235920853,1.418566418037573,3.5684155870312297,3800,240,Partial Control,Fabric - Low cost,4040,Fabric - Low cost Partial Control
917,2022,1,0,1,15,15,20,17,1820.9345735689349,3.798622612388747,23.41324200913242,1.020015918227552,2.692004764856912,3800,60,One Zone Controlled,Fabric - Low cost,3860,Fabric - Low cost One Zone Controlled
918,2023,1,0,1,15,10,19,15,942.722920037624,3.27039170287396,21.744672754946727,0.9996511543623312,2.85087607090942,3800,60,One Zone Controlled,Fabric - Low cost,3860,Fabric - Low cost One Zone Controlled
919,2022,1,0,0,10,42,18,13,1335.9448941161543,2.7833903049719098,16.16248097412481,0.7943527452603307,2.5947152556620847,3800,0,Manual Control,Fabric - Low cost,3800,Fabric - Low cost Manual Control
920,2022,1,0,1,10,42,21,17,1502.3336840495567,3.097070962755028,59.31887366818873,2.5942723096362226,3.7100995103653487,3800,60,One Zone Controlled,Fabric - Low cost,3860,Fabric - Low cost One Zone Controlled
921,2023,0,0,9,10,30,20,15,764.3504305065494,2.5908900881679897,47.720700152207,0.0350253088436911,0.0925487643206113,0,520,Full Control,Baseline,520,Baseline Full Control
922,2022,0,0,1,5,42,21,15,1633.2211861237604,3.400210371452096,59.086757990867575,1.4434086571646478,1.619916377632021,0,60,One Zone Controlled,Baseline,60,Baseline One Zone Controlled
923,2022,2,0,1,5,15,20,13,1768.0205459579624,3.73008122775512,4.722222222222222,0.0095492014524921,0.0770057617214142,16000,60,One Zone Controlled,Fabric - Shallow,16060,Fabric - Shallow One Zone Controlled
924,2022,0,0,1,15,42,18,15,1363.8769204808812,2.798021663515221,20.753424657534246,0.902646560957122,2.5100475391577683,0,60,One Zone Controlled,Baseline,60,Baseline One Zone Controlled
925,2023,1,0,1,10,10,21,17,1056.1176239919391,3.658096064476103,27.91286149162861,1.3706702053623538,3.4253718145207945,3800,60,One Zone Controlled,Fabric - Low cost,3860,Fabric - Low cost One Zone Controlled
926,2023,1,0,0,15,30,21,13,875.0057350596622,3.03305557735019,37.720700152207,2.6394892707018385,6.002416833569019,3800,0,Manual Control,Fabric - Low cost,3800,Fabric - Low cost Manual Control
927,2022,0,0,0,15,15,19,17,1972.3428749349591,4.12381853814852,16.177701674277017,0.5621859183616429,1.7024577653600172,0,0,Manual Control,Baseline,0,Baseline Manual Control
928,2023,2,0,1,15,10,18,13,765.5382964146858,2.668030668493473,15.2720700152207,0.4207157606317598,1.7582278481142957,16000,60,One Zone Controlled,Fabric - Shallow,16060,Fabric - Shallow One Zone Controlled
929,2023,2,0,0,5,30,19,15,932.131985450242,3.231895006210691,0.0,0.0,0.0,16000,0,Manual Control,Fabric - Shallow,16000,Fabric - Shallow Manual Control
930,2023,1,0,0,15,30,21,15,899.3728105473707,3.106628368646176,37.18987823439878,2.540447691562745,5.674308210008888,3800,0,Manual Control,Fabric - Low cost,3800,Fabric - Low cost Manual Control
931,2022,0,0,4,5,30,21,13,1550.0359071427586,3.245650910652157,48.883181126331806,0.0540448546470595,0.190230733108539,0,240,Partial Control,Baseline,240,Baseline Partial Control
932,2022,1,0,4,5,42,19,17,1503.030804277334,3.099701084607693,14.920091324200913,0.0003501702955984,0.0025676266446716,3800,240,Partial Control,Fabric - Low cost,4040,Fabric - Low cost Partial Control
933,2022,1,0,4,5,30,21,15,1546.4518260864722,3.2247074505521205,48.82990867579909,0.0467352031301414,0.1454552888529857,3800,240,Partial Control,Fabric - Low cost,4040,Fabric - Low cost Partial Control
934,2023,1,0,1,15,42,18,17,885.233333132379,3.014263282466912,19.328386605783862,0.3781986606945439,0.9757250664420166,3800,60,One Zone Controlled,Fabric - Low cost,3860,Fabric - Low cost One Zone Controlled
935,2023,2,0,9,5,30,21,13,607.3150679585353,2.1029844479110125,53.24200913242009,0.2985642591029327,0.9697027119666884,16000,520,Full Control,Fabric - Shallow,16520,Fabric - Shallow Full Control
936,2022,1,0,4,15,42,19,17,1410.7311852518258,2.8928215574118723,30.45662100456621,0.616169604681818,1.5017089361272444,3800,240,Partial Control,Fabric - Low cost,4040,Fabric - Low cost Partial Control
937,2023,0,0,1,15,42,21,15,834.6923908265173,2.8483542828862207,62.07001522070015,3.6065516049246615,5.768051721009209,0,60,One Zone Controlled,Baseline,60,Baseline One Zone Controlled
938,2023,0,0,1,10,15,18,17,1181.4796781020216,4.114171766570858,12.669330289193304,0.1843895260124546,0.6274760058742781,0,60,One Zone Controlled,Baseline,60,Baseline One Zone Controlled
939,2022,2,0,4,15,10,21,15,1206.788916347804,2.512712292067009,44.02016742770167,1.3932325447362144,3.357487264841215,16000,240,Partial Control,Fabric - Shallow,16240,Fabric - Shallow Partial Control
940,2023,0,0,4,15,30,19,13,746.9764082709678,2.558386424053004,36.26141552511415,1.0520425618226883,2.880019232218793,0,240,Partial Control,Baseline,240,Baseline Partial Control
941,2023,2,0,9,10,42,18,13,446.75537396210564,1.4916236346740566,39.20471841704718,0.0381505428062502,0.1317264602006323,16000,520,Full Control,Fabric - Shallow,16520,Fabric - Shallow Full Control
942,2022,2,0,9,10,10,19,13,827.6007215108874,1.681515942729973,43.203957382039576,0.08700199556344,0.3092952086481293,16000,520,Full Control,Fabric - Shallow,16520,Fabric - Shallow Full Control
943,2022,0,0,4,5,42,21,13,1437.5221487760336,2.995530245318819,57.281202435312025,1.0326850251745925,1.2426869873274196,0,240,Partial Control,Baseline,240,Baseline Partial Control
944,2022,1,0,0,10,10,20,15,1709.574765164115,3.592090474957692,18.936453576864537,1.136725284138765,3.2735459890323995,3800,0,Manual Control,Fabric - Low cost,3800,Fabric - Low cost Manual Control
945,2023,0,0,1,10,30,18,15,929.5919469395627,3.196005150949889,16.308980213089804,0.5874414307384884,1.855883294607444,0,60,One Zone Controlled,Baseline,60,Baseline One Zone Controlled
946,2023,1,0,0,10,10,21,15,1040.934753276484,3.6288893304057988,22.857686453576864,1.6295989963449078,4.248640074613443,3800,0,Manual Control,Fabric - Low cost,3800,Fabric - Low cost Manual Control
947,2022,0,0,4,10,42,18,13,1147.2035481714652,2.340741187382926,31.67808219178082,0.6415448990169712,2.056888514918021,0,240,Partial Control,Baseline,240,Baseline Partial Control
948,2023,2,0,4,15,30,19,15,651.5240799448865,2.2249912021752665,35.51560121765601,0.7361769892502675,2.056435056164901,16000,240,Partial Control,Fabric - Shallow,16240,Fabric - Shallow Partial Control
949,2022,0,0,9,5,30,21,15,1361.049105389866,2.798358141735806,49.71080669710807,0.0726944242123788,0.1905201658751067,0,520,Full Control,Baseline,520,Baseline Full Control
950,2023,1,0,0,10,15,21,13,1140.8628834433507,4.0113426382142485,20.55745814307458,1.4091455137688045,3.940091950608706,3800,0,Manual Control,Fabric - Low cost,3800,Fabric - Low cost Manual Control
951,2023,1,0,0,5,42,19,13,989.3555626526392,3.4023666559909125,0.0,0.0,0.0,3800,0,Manual Control,Fabric - Low cost,3800,Fabric - Low cost Manual Control
952,2022,2,0,9,15,15,21,13,1002.170311024158,2.093371827757312,51.01978691019787,0.3096963698029339,1.0188116869318231,16000,520,Full Control,Fabric - Shallow,16520,Fabric - Shallow Full Control
953,2023,0,0,0,10,10,21,15,1085.8442682159941,3.782726088187797,22.890030441400302,1.6761834695298024,4.355198887669628,0,0,Manual Control,Baseline,0,Baseline Manual Control
954,2022,0,0,4,10,30,21,13,1352.0844205180827,2.818233742156845,53.907914764079145,1.4721161619006289,3.768758431064601,0,240,Partial Control,Baseline,240,Baseline Partial Control
955,2023,1,0,4,10,15,18,13,823.3354092212593,2.8532707475739323,28.327625570776256,0.3592107834459441,1.3849681008250732,3800,240,Partial Control,Fabric - Low cost,4040,Fabric - Low cost Partial Control
956,2022,0,0,0,5,15,19,13,2387.6566214856743,5.045999762780375,0.0,0.0,0.0,0,0,Manual Control,Baseline,0,Baseline Manual Control
957,2022,0,0,1,15,10,20,17,1771.1926927875984,3.677253828602743,24.89916286149163,1.2102046622499372,2.9634001645078563,0,60,One Zone Controlled,Baseline,60,Baseline One Zone Controlled
958,2022,2,0,9,10,10,18,15,879.9887712456898,1.7448923029257886,36.96727549467276,0.0108758840284735,0.0390792366792517,16000,520,Full Control,Fabric - Shallow,16520,Fabric - Shallow Full Control
959,2023,0,0,0,5,42,20,15,1042.8902643966412,3.581470628683041,15.028538812785389,0.0022037127286545,0.0098633888140303,0,0,Manual Control,Baseline,0,Baseline Manual Control
960,2022,2,0,1,10,10,19,13,1324.662582494843,2.785118790990045,18.13165905631659,0.596070112322593,2.1338189055201138,16000,60,One Zone Controlled,Fabric - Shallow,16060,Fabric - Shallow One Zone Controlled
961,2023,2,0,1,5,42,18,13,763.9187571571995,2.621514215526409,3.685312024353121,0.003820456867186,0.0312753643244938,16000,60,One Zone Controlled,Fabric - Shallow,16060,Fabric - Shallow One Zone Controlled
962,2023,1,0,4,10,15,20,15,921.5211580162472,3.194029587464099,38.487442922374434,0.7806781872365688,2.284762412883197,3800,240,Partial Control,Fabric - Low cost,4040,Fabric - Low cost Partial Control
963,2022,1,0,9,10,10,20,15,1210.5931297950544,2.46891859392298,46.24048706240488,0.0495627359370685,0.1346703313640259,3800,520,Full Control,Fabric - Low cost,4320,Fabric - Low cost Full Control
964,2022,2,0,1,5,15,20,15,1776.6477065528818,3.7440385428083673,4.689878234398782,0.0069500769247011,0.049201170415336,16000,60,One Zone Controlled,Fabric - Shallow,16060,Fabric - Shallow One Zone Controlled
965,2022,1,0,9,10,30,20,15,1210.5931297950544,2.46891859392298,46.24048706240488,0.0495627359370685,0.1346703313640259,3800,520,Full Control,Fabric - Low cost,4320,Fabric - Low cost Full Control
966,2023,0,0,1,5,15,18,15,1334.099879586537,4.677054923707298,1.069254185692542,0.0001904843643434,0.0023626656415218,0,60,One Zone Controlled,Baseline,60,Baseline One Zone Controlled
967,2022,0,0,9,5,30,20,13,1123.998529890416,2.309435916030157,45.72298325722984,0.0711762613178607,0.2151837274618383,0,520,Full Control,Baseline,520,Baseline Full Control
968,2023,0,0,4,15,10,21,15,911.0586172668476,3.146135017419071,45.15220700152207,1.6342066106894042,3.8335623806193286,0,240,Partial Control,Baseline,240,Baseline Partial Control
969,2023,0,0,9,5,10,20,13,678.5373559116488,2.314051515516664,48.4855403348554,0.0663639823011169,0.1916208495469374,0,520,Full Control,Baseline,520,Baseline Full Control
970,2022,0,0,1,10,30,20,15,1540.6600686575084,3.1988631583859246,24.379756468797563,1.3573843414004827,3.636526388488285,0,60,One Zone Controlled,Baseline,60,Baseline One Zone Controlled
971,2022,2,0,4,10,10,19,15,1178.080002748385,2.4331072220507113,33.28767123287671,0.4708460516018797,1.5652209211845411,16000,240,Partial Control,Fabric - Shallow,16240,Fabric - Shallow Partial Control
972,2022,1,0,9,15,30,19,17,1339.6074070667535,2.7303680168944684,34.296042617960424,0.0007601182707056,0.0038197258430859,3800,520,Full Control,Fabric - Low cost,4320,Fabric - Low cost Full Control
973,2023,0,0,4,10,15,21,15,986.3810458363348,3.4258860323177167,42.90715372907154,1.1183414278376658,3.0139770990582995,0,240,Partial Control,Baseline,240,Baseline Partial Control
974,2022,2,0,0,10,10,19,15,1450.886285196686,3.049158952614046,13.982115677321158,0.5304573363988045,1.898973781616461,16000,0,Manual Control,Fabric - Shallow,16000,Fabric - Shallow Manual Control
975,2022,1,0,0,15,15,18,13,1778.7830704038636,3.765957861629715,11.767503805175036,0.4445679922523766,1.871821110165193,3800,0,Manual Control,Fabric - Low cost,3800,Fabric - Low cost Manual Control
976,2023,2,0,1,15,30,21,13,705.3036659743356,2.444771262254254,48.39231354642314,2.232727129268539,5.117656081785353,16000,60,One Zone Controlled,Fabric - Shallow,16060,Fabric - Shallow One Zone Controlled
977,2022,1,0,9,5,30,19,17,1339.6074070667535,2.7303680168944684,34.296042617960424,0.0007601182707056,0.0038197258430859,3800,520,Full Control,Fabric - Low cost,4320,Fabric - Low cost Full Control
978,2022,0,0,4,5,15,18,15,1757.7689314361057,3.647830294283512,15.34627092846271,0.0011351031274165,0.0061546066637432,0,240,Partial Control,Baseline,240,Baseline Partial Control
979,2022,1,0,0,10,30,18,13,1502.8106358486898,3.1545007679959443,14.081050228310502,0.6220270557578663,2.2275206349808947,3800,0,Manual Control,Fabric - Low cost,3800,Fabric - Low cost Manual Control
980,2022,1,0,4,15,30,19,17,1471.12757396493,3.027673757322583,29.406392694063925,0.5473954320023947,1.407125314933467,3800,240,Partial Control,Fabric - Low cost,4040,Fabric - Low cost Partial Control
981,2022,1,0,9,15,42,20,17,1408.277130087805,2.888746184952206,42.25076103500761,0.0113606745060975,0.034253067587776,3800,520,Full Control,Fabric - Low cost,4320,Fabric - Low cost Full Control
982,2023,1,0,1,10,30,18,15,889.756894429683,3.061238631137813,16.86834094368341,0.5630949154163224,1.7993131499337132,3800,60,One Zone Controlled,Fabric - Low cost,3860,Fabric - Low cost One Zone Controlled
983,2023,2,0,1,10,30,21,13,735.7674733876444,2.549126585126423,47.32115677321157,1.6842852413386344,4.230373676310754,16000,60,One Zone Controlled,Fabric - Shallow,16060,Fabric - Shallow One Zone Controlled
984,2023,0,0,4,15,10,18,15,849.5856923657594,2.907897097327444,26.64193302891933,0.485732807672613,1.516728509635139,0,240,Partial Control,Baseline,240,Baseline Partial Control
985,2023,0,0,4,15,30,18,17,916.079578356784,3.1178044588791134,25.820015220700157,0.2398010504910634,0.6738670727985772,0,240,Partial Control,Baseline,240,Baseline Partial Control
986,2022,2,0,9,10,42,19,13,827.6007215108874,1.681515942729973,43.203957382039576,0.08700199556344,0.3092952086481293,16000,520,Full Control,Fabric - Shallow,16520,Fabric - Shallow Full Control
987,2023,1,0,4,15,42,21,17,895.2530196803601,3.056107182160324,59.92009132420091,2.117457483739044,3.2321419707937404,3800,240,Partial Control,Fabric - Low cost,4040,Fabric - Low cost Partial Control
988,2023,1,0,9,10,42,21,15,782.752168270172,2.684123433060415,53.04794520547945,0.0943561925207818,0.2415177189167528,3800,520,Full Control,Fabric - Low cost,4320,Fabric - Low cost Full Control
989,2023,1,0,0,15,42,19,13,777.9176017571303,2.6711371271198443,22.543759512937594,1.6013021595759027,4.184589434994569,3800,0,Manual Control,Fabric - Low cost,3800,Fabric - Low cost Manual Control
990,2023,2,0,9,5,10,21,13,607.3150679585353,2.1029844479110125,53.24200913242009,0.2985642591029327,0.9697027119666884,16000,520,Full Control,Fabric - Shallow,16520,Fabric - Shallow Full Control
991,2022,1,0,0,10,15,18,17,1957.8913689842739,4.107583595266888,9.927701674277015,0.1568206159991709,0.5974505306049357,3800,0,Manual Control,Fabric - Low cost,3800,Fabric - Low cost Manual Control
992,2023,0,0,1,5,42,20,13,970.9661472609852,3.336774005846251,31.267123287671232,0.0113579518245356,0.0570429410286091,0,60,One Zone Controlled,Baseline,60,Baseline One Zone Controlled
993,2023,1,0,0,15,42,18,17,904.5915708817868,3.084728415815921,18.498858447488583,0.3929671064870361,1.0253682793648495,3800,0,Manual Control,Fabric - Low cost,3800,Fabric - Low cost Manual Control
994,2022,0,0,1,5,10,18,13,1957.326426644764,4.117593080553939,2.37062404870624,0.0017222410720517,0.0146770940446534,0,60,One Zone Controlled,Baseline,60,Baseline One Zone Controlled
995,2022,0,0,0,10,42,20,17,1596.1236072047218,3.2896594068771963,27.88812785388128,1.1901540564809672,2.920908202536704,0,0,Manual Control,Baseline,0,Baseline Manual Control
996,2022,0,0,9,5,30,18,15,1120.06559151212,2.2246502399099044,33.64345509893455,0.0025232808482777,0.0114717608929531,0,520,Full Control,Baseline,520,Baseline Full Control
997,2022,1,0,4,5,10,21,17,1771.5517491234814,3.696149476519002,29.044901065449007,0.01872486049152,0.0557332956256567,3800,240,Partial Control,Fabric - Low cost,4040,Fabric - Low cost Partial Control
998,2023,0,0,4,15,10,19,15,867.1648664014596,2.9746844537142607,33.50837138508371,0.8042258196963407,2.242008157857402,0,240,Partial Control,Baseline,240,Baseline Partial Control
999,2022,2,0,4,10,15,19,15,1256.626254306972,2.6057750068791767,31.710426179604266,0.3826350960074171,1.3860532857231922,16000,240,Partial Control,Fabric - Shallow,16240,Fabric - Shallow Partial Control
1000,2023,2,0,9,15,10,20,15,601.5679070709178,2.045519701025448,49.20281582952816,0.0780713052636206,0.229034200949062,16000,520,Full Control,Fabric - Shallow,16520,Fabric - Shallow Full Control
1001,2022,0,0,1,10,15,19,15,1841.4566073401581,3.855995982596314,17.418188736681888,0.6517631772444078,2.196536861873324,0,60,One Zone Controlled,Baseline,60,Baseline One Zone Controlled
1002,2023,0,0,1,15,10,18,17,1068.4236542394424,3.691455687727519,16.118721461187217,0.2876174862190133,0.8425750647889261,0,60,One Zone Controlled,Baseline,60,Baseline One Zone Controlled
1003,2022,2,0,0,15,15,20,15,1534.3052386397073,3.2394785324334823,18.152587519025875,0.8836884456656215,2.781371526778186,16000,0,Manual Control,Fabric - Shallow,16000,Fabric - Shallow Manual Control
1004,2022,2,0,4,10,30,19,15,1104.731939488005,2.269731933744993,34.85159817351598,0.5717220660778315,1.7598603618629372,16000,240,Partial Control,Fabric - Shallow,16240,Fabric - Shallow Partial Control
1005,2023,1,0,0,5,42,21,15,995.1817264453405,3.4197785306254893,62.08713850837139,1.5649473558718832,1.6699845125061574,3800,0,Manual Control,Fabric - Low cost,3800,Fabric - Low cost Manual Control
1006,2022,1,0,0,5,42,20,13,1615.7579463521333,3.378669261688905,15.192161339421617,0.0023655258479934,0.0182316923953269,3800,0,Manual Control,Fabric - Low cost,3800,Fabric - Low cost Manual Control
1007,2023,0,0,1,5,15,21,15,1349.5333759350492,4.736571763805782,5.993150684931506,0.007612440362425,0.0440158995543305,0,60,One Zone Controlled,Baseline,60,Baseline One Zone Controlled
1008,2023,0,0,1,10,30,18,13,883.9571623581894,3.0516262576599256,17.36111111111111,0.6855921774744546,2.291364050891997,0,60,One Zone Controlled,Baseline,60,Baseline One Zone Controlled
1009,2022,1,0,9,10,30,18,15,1064.7911137474985,2.1163964656928336,35.72108066971081,0.0053270032062273,0.0204552823778338,3800,520,Full Control,Fabric - Low cost,4320,Fabric - Low cost Full Control
1010,2023,2,0,1,5,10,19,15,969.5764630689627,3.3799274065554967,3.569254185692542,0.0031412706696972,0.0235293651393609,16000,60,One Zone Controlled,Fabric - Shallow,16060,Fabric - Shallow One Zone Controlled
1011,2022,2,0,4,15,30,18,15,1060.4317413987003,2.166111424200209,29.0144596651446,0.4259479586970177,1.3873121130740838,16000,240,Partial Control,Fabric - Shallow,16240,Fabric - Shallow Partial Control
1012,2023,1,0,1,5,10,18,17,1193.384640524743,4.153115806110145,0.4642313546423135,0.00010424585818,0.001768713115886,3800,60,One Zone Controlled,Fabric - Low cost,3860,Fabric - Low cost One Zone Controlled
1013,2022,1,0,9,15,30,20,17,1408.277130087805,2.888746184952206,42.25076103500761,0.0113606745060975,0.034253067587776,3800,520,Full Control,Fabric - Low cost,4320,Fabric - Low cost Full Control
1014,2022,2,0,4,15,15,20,13,1183.4178226810677,2.485553451915823,37.20319634703196,0.8592608055219186,2.547587115911887,16000,240,Partial Control,Fabric - Shallow,16240,Fabric - Shallow Partial Control
1015,2022,0,0,4,5,30,19,17,1676.5438755774562,3.4698968929892295,14.379756468797565,0.0003449166174618,0.0023043877559869,0,240,Partial Control,Baseline,240,Baseline Partial Control
1016,2022,0,0,1,5,30,20,17,1876.6222272620198,3.9195933933009863,3.5083713850837137,0.0007544438387922,0.005426575802402,0,60,One Zone Controlled,Baseline,60,Baseline One Zone Controlled
1017,2022,0,0,9,10,30,18,15,1120.06559151212,2.2246502399099044,33.64345509893455,0.0025232808482777,0.0114717608929531,0,520,Full Control,Baseline,520,Baseline Full Control
1018,2023,1,0,0,5,42,20,17,1022.781020299084,3.50977954263057,15.94558599695586,0.0022019724804518,0.0072394217146892,3800,0,Manual Control,Fabric - Low cost,3800,Fabric - Low cost Manual Control
1019,2022,1,0,9,10,42,18,13,905.3536218505434,1.7995884351710496,39.362633181126334,0.0261283909158526,0.0847280993405621,3800,520,Full Control,Fabric - Low cost,4320,Fabric - Low cost Full Control
1020,2022,1,0,0,5,10,19,15,2050.93515933569,4.327253132495736,0.0,0.0,0.0,3800,0,Manual Control,Fabric - Low cost,3800,Fabric - Low cost Manual Control
1021,2023,1,0,9,15,10,20,15,728.8942387137456,2.4732454449272407,48.95738203957382,0.0476624365694901,0.1230612022161482,3800,520,Full Control,Fabric - Low cost,4320,Fabric - Low cost Full Control
1022,2022,2,0,9,5,42,18,13,756.4691197128225,1.50519766687629,39.89535768645357,0.0418281945805325,0.149680366107664,16000,520,Full Control,Fabric - Shallow,16520,Fabric - Shallow Full Control
1023,2023,0,0,1,5,42,21,17,1047.0285028799824,3.5889059741106832,61.60958904109589,1.474657332037106,1.595931629509458,0,60,One Zone Controlled,Baseline,60,Baseline One Zone Controlled
1024,2022,0,0,4,5,10,21,13,1672.2649093944558,3.512916495894495,30.23972602739726,0.0494195282343043,0.180346108033301,0,240,Partial Control,Baseline,240,Baseline Partial Control
1025,2023,2,0,1,15,42,19,15,656.5082839412551,2.2388942754730747,25.665905631659054,1.203043857424436,3.1226908955167487,16000,60,One Zone Controlled,Fabric - Shallow,16060,Fabric - Shallow One Zone Controlled
1026,2022,0,0,0,15,15,18,13,1852.5830368567886,3.915977205813974,12.2279299847793,0.4895067467479392,1.989279711000087,0,0,Manual Control,Baseline,0,Baseline Manual Control
1027,2023,1,0,9,5,30,21,13,715.7748219346186,2.47191390685231,53.11834094368341,0.1635952853235133,0.5021388083254766,3800,520,Full Control,Fabric - Low cost,4320,Fabric - Low cost Full Control
1028,2022,0,0,0,15,30,18,13,1491.3638183036308,3.127423323175171,16.672374429223744,0.8564913781020111,2.801697899146348,0,0,Manual Control,Baseline,0,Baseline Manual Control
1029,2023,0,0,0,5,42,18,15,1042.8902643966412,3.581470628683041,0.0,0.0,0.0,0,0,Manual Control,Baseline,0,Baseline Manual Control
1030,2022,0,0,1,15,30,19,13,1397.7514441067224,2.918015513717637,23.98401826484018,1.3671277417584788,3.822791899378067,0,60,One Zone Controlled,Baseline,60,Baseline One Zone Controlled
1031,2022,1,0,0,5,10,18,15,2050.93515933569,4.327253132495736,0.0,0.0,0.0,3800,0,Manual Control,Fabric - Low cost,3800,Fabric - Low cost Manual Control
1032,2023,1,0,0,10,15,21,17,1185.2228619728317,4.1480707111141895,20.481354642313544,1.2203482072975542,3.2564291125638176,3800,0,Manual Control,Fabric - Low cost,3800,Fabric - Low cost Manual Control
1033,2023,2,0,0,10,42,18,17,757.8549982893376,2.586589447756436,14.809741248097414,0.251461627505925,0.7533460256398113,16000,0,Manual Control,Fabric - Shallow,16000,Fabric - Shallow Manual Control
1034,2022,1,0,9,10,42,21,15,1296.2355690584925,2.6713319493175023,50.68493150684932,0.0990543440962043,0.2703640887032899,3800,520,Full Control,Fabric - Low cost,4320,Fabric - Low cost Full Control
1035,2023,1,0,1,10,15,19,15,1070.3403058371277,3.7426734878467514,17.912861491628615,0.6222739741759518,2.06744120783531,3800,60,One Zone Controlled,Fabric - Low cost,3860,Fabric - Low cost One Zone Controlled
1036,2023,1,0,0,10,15,20,17,1185.2228619728317,4.1480707111141895,16.830289193302892,0.7820671894339003,2.2651353407187886,3800,0,Manual Control,Fabric - Low cost,3800,Fabric - Low cost Manual Control
1037,2023,0,0,9,5,30,18,15,668.4332126468987,2.225148487916084,32.73592085235921,0.0022434834055524,0.0101746029419154,0,520,Full Control,Baseline,520,Baseline Full Control
1038,2023,2,0,0,15,15,19,15,928.783760305227,3.2659861306566698,13.86605783866058,0.4735648474119052,1.825098318099808,16000,0,Manual Control,Fabric - Shallow,16000,Fabric - Shallow Manual Control
1039,2022,0,0,4,15,30,19,17,1542.3491377603523,3.171514842062984,29.30936073059361,0.5626974048219414,1.4392954586563182,0,240,Partial Control,Baseline,240,Baseline Partial Control
1040,2023,0,0,4,15,15,21,15,961.1664165605207,3.337028590107758,43.641552511415526,1.455811693961652,3.566130345007456,0,240,Partial Control,Baseline,240,Baseline Partial Control
1041,2023,1,0,4,10,30,21,15,842.1357730577672,2.8957042269252584,56.18150684931506,1.3710057482377047,3.401711495395702,3800,240,Partial Control,Fabric - Low cost,4040,Fabric - Low cost Partial Control
1042,2023,2,0,9,15,30,18,17,624.9778947734029,2.096939097601857,34.425418569254184,0.001662762373687,0.0049439218559368,16000,520,Full Control,Fabric - Shallow,16520,Fabric - Shallow Full Control
1043,2022,2,0,0,5,15,20,15,1916.1657600246067,4.045077928025655,0.0019025875190258,1.8149305710363005e-05,0.0041608644021885,16000,0,Manual Control,Fabric - Shallow,16000,Fabric - Shallow Manual Control
1044,2022,0,0,9,10,10,18,13,947.862744829774,1.881508365554936,38.15258751902588,0.0187076108609781,0.0630814205768692,0,520,Full Control,Baseline,520,Baseline Full Control
1045,2022,0,0,0,5,15,20,17,2405.811740267749,5.075814859782124,0.0,0.0,0.0,0,0,Manual Control,Baseline,0,Baseline Manual Control
1046,2022,2,0,4,5,42,21,15,1201.5250200836228,2.4930764870332944,56.63622526636225,1.0196986111617834,1.2590147142781438,16000,240,Partial Control,Fabric - Shallow,16240,Fabric - Shallow Partial Control
1047,2022,2,0,1,10,10,19,15,1361.0841588303927,2.8457335291349612,18.000380517503807,0.5642918106438333,1.943233494285497,16000,60,One Zone Controlled,Fabric - Shallow,16060,Fabric - Shallow One Zone Controlled
1048,2023,2,0,0,10,42,19,15,705.4181285693239,2.41550785843708,18.133561643835616,0.9172873883169425,2.6296807781444955,16000,0,Manual Control,Fabric - Shallow,16000,Fabric - Shallow Manual Control
1049,2022,1,0,0,15,10,21,15,1633.0961925097542,3.4299639411542024,25.98363774733638,2.149068585859572,5.146415024876166,3800,0,Manual Control,Fabric - Low cost,3800,Fabric - Low cost Manual Control
1050,2023,1,0,1,15,15,20,13,999.7513687845926,3.5113906143429157,24.117199391171997,1.3167556276561152,3.7166375674112446,3800,60,One Zone Controlled,Fabric - Low cost,3860,Fabric - Low cost One Zone Controlled
1051,2022,2,0,9,5,42,20,15,1003.5094188934552,2.049717122347977,46.72945205479452,0.0831890358324485,0.2572801257366565,16000,520,Full Control,Fabric - Shallow,16520,Fabric - Shallow Full Control
1052,2023,0,0,9,10,42,18,15,668.4332126468987,2.225148487916084,32.73592085235921,0.0022434834055524,0.0101746029419154,0,520,Full Control,Baseline,520,Baseline Full Control
1053,2023,0,0,4,10,42,21,17,949.0162261616383,3.238555394090144,59.65943683409437,1.8647656515517663,2.7821853973646897,0,240,Partial Control,Baseline,240,Baseline Partial Control
1054,2022,1,0,4,5,42,18,17,1471.1871590175842,3.0288873857376655,14.885844748858448,0.0006367040507208,0.0031169690746708,3800,240,Partial Control,Fabric - Low cost,4040,Fabric - Low cost Partial Control
1055,2022,2,0,4,10,10,18,15,1154.8980483149492,2.374103803961063,27.04337899543379,0.2653098941863059,1.0387331819943175,16000,240,Partial Control,Fabric - Shallow,16240,Fabric - Shallow Partial Control
1056,2022,2,0,1,5,10,20,15,1604.733754815964,3.3730722040024004,5.5156012176560125,0.0086307840649748,0.0568425359092522,16000,60,One Zone Controlled,Fabric - Shallow,16060,Fabric - Shallow One Zone Controlled
1057,2022,1,0,4,15,42,20,15,1260.69034503149,2.5828273217123625,49.78500761035007,1.4481944074406143,3.403112366771005,3800,240,Partial Control,Fabric - Low cost,4040,Fabric - Low cost Partial Control
1058,2022,1,0,0,10,30,19,13,1502.8106358486898,3.1545007679959443,17.524733637747335,0.9866259069361376,3.0626266083617706,3800,0,Manual Control,Fabric - Low cost,3800,Fabric - Low cost Manual Control
1059,2022,1,0,4,5,10,18,17,1677.0763306972815,3.4800742432432865,14.3455098934551,0.0007112995107283,0.0034293236616229,3800,240,Partial Control,Fabric - Low cost,4040,Fabric - Low cost Partial Control
1060,2023,1,0,1,15,10,19,13,905.5588658078897,3.155403679980458,21.904490106544905,1.069846442386262,3.1840162912912198,3800,60,One Zone Controlled,Fabric - Low cost,3860,Fabric - Low cost One Zone Controlled
1061,2022,1,0,4,10,42,21,17,1489.2842973632607,3.066518793959775,57.34208523592085,1.8210829757831948,2.760702289056175,3800,240,Partial Control,Fabric - Low cost,4040,Fabric - Low cost Partial Control
1062,2023,1,0,0,10,42,18,13,815.492169702498,2.799984613449676,15.852359208523591,0.7967460106535715,2.532521666375584,3800,0,Manual Control,Fabric - Low cost,3800,Fabric - Low cost Manual Control
1063,2023,1,0,1,10,42,18,17,900.1787403473274,3.0670476327847918,16.303272450532724,0.2858301481145909,0.8087675594709948,3800,60,One Zone Controlled,Fabric - Low cost,3860,Fabric - Low cost One Zone Controlled
1064,2022,0,0,9,15,10,20,13,1123.998529890416,2.309435916030157,45.72298325722984,0.0711762613178607,0.2151837274618383,0,520,Full Control,Baseline,520,Baseline Full Control
1065,2023,2,0,9,10,15,18,13,446.75537396210564,1.4916236346740566,39.20471841704718,0.0381505428062502,0.1317264602006323,16000,520,Full Control,Fabric - Shallow,16520,Fabric - Shallow Full Control
1066,2023,0,0,0,10,30,21,13,957.1314225835048,3.315394489209807,33.02321156773211,2.024932019106766,5.08521449269114,0,0,Manual Control,Baseline,0,Baseline Manual Control
1067,2023,0,0,4,10,30,19,13,767.3849088141658,2.628911259141043,35.551750380517504,0.8112845490571777,2.42527377276677,0,240,Partial Control,Baseline,240,Baseline Partial Control
1068,2022,1,0,1,5,10,20,17,1970.1185258042033,4.136796566117231,3.9859208523592087,0.0014706689539506,0.0093303451447932,3800,60,One Zone Controlled,Fabric - Low cost,3860,Fabric - Low cost One Zone Controlled
1069,2023,1,0,9,15,15,19,13,589.6740470185862,1.988946750138833,44.69178082191781,0.0490879252908721,0.1456152689190412,3800,520,Full Control,Fabric - Low cost,4320,Fabric - Low cost Full Control
1070,2023,0,0,9,5,30,18,13,561.5661884915917,1.8695547949679265,37.62937595129376,0.017212287678914,0.0584673070854036,0,520,Full Control,Baseline,520,Baseline Full Control
1071,2022,2,0,9,10,10,21,13,1002.170311024158,2.093371827757312,51.01978691019787,0.3096963698029339,1.0188116869318231,16000,520,Full Control,Fabric - Shallow,16520,Fabric - Shallow Full Control
1072,2022,0,0,1,15,10,19,15,1623.548108934847,3.381491040886437,21.516362252663622,1.0354291462452487,2.9891572677523524,0,60,One Zone Controlled,Baseline,60,Baseline One Zone Controlled
1073,2023,1,0,0,10,15,18,17,1185.2228619728317,4.1480707111141895,10.6468797564688,0.1587647891983843,0.5869485775839174,3800,0,Manual Control,Fabric - Low cost,3800,Fabric - Low cost Manual Control
1074,2023,1,0,0,5,30,19,15,1120.831841416558,3.88628240047824,0.0,0.0,0.0,3800,0,Manual Control,Fabric - Low cost,3800,Fabric - Low cost Manual Control
1075,2022,1,0,9,15,42,19,15,1132.7487184890956,2.2820355305532183,41.33751902587519,0.0208552052181949,0.0620368653954772,3800,520,Full Control,Fabric - Low cost,4320,Fabric - Low cost Full Control
1076,2022,0,0,9,5,10,19,13,1030.3874282782822,2.0850983631431212,41.75228310502283,0.0391124846490885,0.1201912359935138,0,520,Full Control,Baseline,520,Baseline Full Control
1077,2023,1,0,9,10,42,18,17,766.994517153551,2.575183382707774,34.332191780821915,0.0014199208486211,0.0044726597493175,3800,520,Full Control,Fabric - Low cost,4320,Fabric - Low cost Full Control
1078,2022,1,0,4,15,15,19,15,1456.654094079425,3.014098611537084,32.65981735159818,0.6479646659457432,1.9799501013294527,3800,240,Partial Control,Fabric - Low cost,4040,Fabric - Low cost Partial Control
1079,2023,2,0,0,10,10,20,13,875.3045327762511,3.0565722902029098,17.595129375951295,0.9140918580075634,2.8044074132865378,16000,0,Manual Control,Fabric - Shallow,16000,Fabric - Shallow Manual Control
1080,2022,0,0,4,5,42,18,13,1308.1438826001777,2.689550733186662,20.87138508371385,0.0085917722095884,0.0362520134859665,0,240,Partial Control,Baseline,240,Baseline Partial Control
1081,2022,0,0,1,15,15,20,15,1773.9753823579374,3.715359471910722,23.932648401826484,1.3202004606348243,3.653662399967764,0,60,One Zone Controlled,Baseline,60,Baseline One Zone Controlled
1082,2022,1,0,9,5,15,21,17,1489.6572953555358,3.068767476500286,49.37024353120243,0.03905219624427,0.0970727262292254,3800,520,Full Control,Fabric - Low cost,4320,Fabric - Low cost Full Control
1083,2022,0,0,9,10,15,20,17,1481.1254950858777,3.0356532424495053,40.07420091324201,0.0059205984468734,0.0211134829259367,0,520,Full Control,Baseline,520,Baseline Full Control
1084,2023,1,0,1,15,42,19,17,889.9862174826353,3.0311801479351446,23.245814307458144,0.8939607090164823,2.1153111547372245,3800,60,One Zone Controlled,Fabric - Low cost,3860,Fabric - Low cost One Zone Controlled
1085,2022,2,0,1,10,30,18,15,1233.3320664294786,2.558274108599052,15.473744292237445,0.4164087782794675,1.5067635404104234,16000,60,One Zone Controlled,Fabric - Shallow,16060,Fabric - Shallow One Zone Controlled
1086,2022,0,0,0,5,42,21,17,1759.27843705521,3.6597223679223005,59.48439878234398,1.5259520255289662,1.6899927739691805,0,0,Manual Control,Baseline,0,Baseline Manual Control
1087,2022,2,0,4,10,30,21,13,1100.9901627619101,2.302403813106437,53.74048706240488,1.341493350871373,3.348595544598842,16000,240,Partial Control,Fabric - Shallow,16240,Fabric - Shallow Partial Control
1088,2022,2,0,4,15,15,19,15,1223.906495349837,2.536231338182524,31.879756468797567,0.4891716050143401,1.6404999109213505,16000,240,Partial Control,Fabric - Shallow,16240,Fabric - Shallow Partial Control
1089,2022,1,0,0,15,42,20,13,1275.1752871927356,2.6568223610426176,32.916666666666664,2.265064182489795,5.4258224838590365,3800,0,Manual Control,Fabric - Low cost,3800,Fabric - Low cost Manual Control
1090,2023,0,0,0,5,42,21,17,1074.5406292800408,3.6850207877375087,62.071917808219176,1.5693499254558876,1.672619978990154,0,0,Manual Control,Baseline,0,Baseline Manual Control
1091,2022,0,0,1,15,42,20,13,1269.9723787046623,2.6349165522560107,42.14231354642314,2.253497847200693,5.375855483745772,0,60,One Zone Controlled,Baseline,60,Baseline One Zone Controlled
1092,2023,0,0,0,10,30,19,17,1052.0717452179335,3.61966704308747,17.224124809741248,0.6236753256777559,1.726623974052622,0,0,Manual Control,Baseline,0,Baseline Manual Control
1093,2022,1,0,4,15,10,21,13,1347.1238053413863,2.824464042897999,44.28082191780823,1.6907428874205412,4.062290645755168,3800,240,Partial Control,Fabric - Low cost,4040,Fabric - Low cost Partial Control
1094,2023,2,0,1,10,42,18,13,643.9879115496292,2.204292708347145,18.54261796042618,0.6169104199968027,2.0719300056739063,16000,60,One Zone Controlled,Fabric - Shallow,16060,Fabric - Shallow One Zone Controlled
1095,2023,0,0,1,15,30,20,17,1003.2662788624349,3.4423116794662976,27.543759512937594,1.3864904549846564,3.1936809236845805,0,60,One Zone Controlled,Baseline,60,Baseline One Zone Controlled
1096,2022,0,0,9,10,30,20,15,1270.23682276116,2.5861561961872193,45.05707762557078,0.0364657075209407,0.0996422262581402,0,520,Full Control,Baseline,520,Baseline Full Control
1097,2022,0,0,4,15,10,20,17,1644.8712066491864,3.39951844966923,35.22831050228311,0.8769779853479579,2.166623642702046,0,240,Partial Control,Baseline,240,Baseline Partial Control
1098,2023,2,0,1,10,15,19,15,903.6474631037122,3.163905037844979,16.027397260273972,0.4162403792986761,1.5946377853731677,16000,60,One Zone Controlled,Fabric - Shallow,16060,Fabric - Shallow One Zone Controlled
1099,2023,0,0,9,15,15,18,15,668.4332126468987,2.225148487916084,32.73592085235921,0.0022434834055524,0.0101746029419154,0,520,Full Control,Baseline,520,Baseline Full Control
1100,2023,1,0,0,5,30,19,13,1117.6313808173595,3.876835144798576,0.0,0.0,0.0,3800,0,Manual Control,Fabric - Low cost,3800,Fabric - Low cost Manual Control
1101,2023,1,0,1,15,42,19,15,789.9066339355148,2.6915582252290022,26.05593607305936,1.4210162137913291,3.5400989939539844,3800,60,One Zone Controlled,Fabric - Low cost,3860,Fabric - Low cost One Zone Controlled
1102,2022,0,0,1,5,10,21,17,2069.7518156972055,4.342268764715983,5.599315068493151,0.0037824353275965,0.0197693310260295,0,60,One Zone Controlled,Baseline,60,Baseline One Zone Controlled
1103,2022,1,0,1,10,42,20,13,1266.8712677404064,2.63370326119252,41.48782343987824,1.6576045314104786,4.350195773534848,3800,60,One Zone Controlled,Fabric - Low cost,3860,Fabric - Low cost One Zone Controlled
1104,2023,1,0,4,5,10,20,15,985.0391767724296,3.4094377572885253,28.30669710806697,0.0209851252788643,0.0668860150479157,3800,240,Partial Control,Fabric - Low cost,4040,Fabric - Low cost Partial Control
1105,2022,1,0,1,15,10,18,15,1553.8711725875992,3.238451722805273,16.744672754946727,0.5896997697827155,1.9589670331736213,3800,60,One Zone Controlled,Fabric - Low cost,3860,Fabric - Low cost One Zone Controlled
1106,2022,0,0,4,15,30,18,15,1329.4424560735943,2.713283296251446,28.11453576864536,0.5609222962826826,1.6767728555510282,0,240,Partial Control,Baseline,240,Baseline Partial Control
1107,2023,2,0,0,10,15,18,13,971.871262619434,3.417634681272874,7.49048706240487,0.1866603693249139,1.0473540033308724,16000,0,Manual Control,Fabric - Shallow,16000,Fabric - Shallow Manual Control
1108,2022,0,0,1,15,42,18,17,1530.3123407233027,3.147335941518703,19.3968797564688,0.376976585662862,0.9788603715663876,0,60,One Zone Controlled,Baseline,60,Baseline One Zone Controlled
1109,2023,0,0,4,10,10,19,17,993.4553859969725,3.405764921253802,26.87404870624049,0.3955198576837626,1.1627931962473734,0,240,Partial Control,Baseline,240,Baseline Partial Control
1110,2022,0,0,9,10,42,20,13,1123.998529890416,2.309435916030157,45.72298325722984,0.0711762613178607,0.2151837274618383,0,520,Full Control,Baseline,520,Baseline Full Control
1111,2023,2,0,0,15,15,18,15,928.783760305227,3.2659861306566698,8.460806697108067,0.2191364301503232,1.1229747353384203,16000,0,Manual Control,Fabric - Shallow,16000,Fabric - Shallow Manual Control
1112,2022,1,0,9,15,30,19,13,983.7579953821404,1.9948856703461635,42.81202435312024,0.0526813622605301,0.1629748715636403,3800,520,Full Control,Fabric - Low cost,4320,Fabric - Low cost Full Control
1113,2022,1,0,9,10,42,20,15,1210.5931297950544,2.46891859392298,46.24048706240488,0.0495627359370685,0.1346703313640259,3800,520,Full Control,Fabric - Low cost,4320,Fabric - Low cost Full Control
1114,2023,1,0,0,5,30,21,13,1117.6313808173595,3.876835144798576,16.082572298325722,0.0026469113218268,0.02022100057885,3800,0,Manual Control,Fabric - Low cost,3800,Fabric - Low cost Manual Control
1115,2022,1,0,0,5,42,18,13,1615.7579463521333,3.378669261688905,0.0019025875190258,3.203126649154861e-06,0.0007343407986433,3800,0,Manual Control,Fabric - Low cost,3800,Fabric - Low cost Manual Control
1116,2023,1,0,1,10,30,18,17,970.4403825971309,3.3327748131889408,15.081811263318112,0.2503165606040706,0.7467531854410903,3800,60,One Zone Controlled,Fabric - Low cost,3860,Fabric - Low cost One Zone Controlled
1117,2022,1,0,9,5,42,20,13,1074.5449777142953,2.2132880623538007,46.58485540334855,0.09680654157865,0.3046019386436109,3800,520,Full Control,Fabric - Low cost,4320,Fabric - Low cost Full Control
1118,2022,1,0,0,5,10,20,13,2047.591530525903,4.322363539564837,0.0038051750380517,3.722401972713964e-05,0.0067891073835031,3800,0,Manual Control,Fabric - Low cost,3800,Fabric - Low cost Manual Control
1119,2022,2,0,0,10,15,19,13,1601.8471880091115,3.387101369013759,11.56012176560122,0.3996691030315843,1.7223635765497185,16000,0,Manual Control,Fabric - Shallow,16000,Fabric - Shallow Manual Control
1120,2022,2,0,0,15,10,19,15,1385.026975924041,2.9114447930143603,16.211948249619482,0.6851648034858446,2.2782386168992206,16000,0,Manual Control,Fabric - Shallow,16000,Fabric - Shallow Manual Control
1121,2022,1,0,4,15,30,19,15,1297.125654897365,2.661989009285245,35.35958904109589,0.8824309051003799,2.375805920185825,3800,240,Partial Control,Fabric - Low cost,4040,Fabric - Low cost Partial Control
1122,2022,2,0,4,5,15,19,13,1384.8919320365278,2.8994852666764546,23.354261796042618,0.0258898979362233,0.1222694596734501,16000,240,Partial Control,Fabric - Shallow,16240,Fabric - Shallow Partial Control
1123,2022,2,0,4,15,42,18,15,999.244265140114,2.0270621277382737,30.73820395738204,0.5282463357870605,1.5725349441555947,16000,240,Partial Control,Fabric - Shallow,16240,Fabric - Shallow Partial Control
1124,2022,0,0,9,10,10,18,17,1340.981723105189,2.7175894312532805,34.69748858447488,0.0014645597516515,0.0044795288905054,0,520,Full Control,Baseline,520,Baseline Full Control
1125,2022,1,0,9,10,10,21,15,1296.2355690584925,2.6713319493175023,50.68493150684932,0.0990543440962043,0.2703640887032899,3800,520,Full Control,Fabric - Low cost,4320,Fabric - Low cost Full Control
1126,2023,0,0,9,10,42,19,13,616.8508799915984,2.0783084307124553,43.71765601217656,0.0366072066049408,0.1097423081625162,0,520,Full Control,Baseline,520,Baseline Full Control
1127,2023,2,0,0,5,10,18,15,1044.200494055258,3.6482437649220656,0.0,0.0,0.0,16000,0,Manual Control,Fabric - Shallow,16000,Fabric - Shallow Manual Control
1128,2022,1,0,1,5,15,21,13,2111.24617793158,4.464734702424661,6.1567732115677325,0.0137123206838019,0.0900209390838603,3800,60,One Zone Controlled,Fabric - Low cost,3860,Fabric - Low cost One Zone Controlled
1129,2022,1,0,9,15,15,21,17,1489.6572953555358,3.068767476500286,49.37024353120243,0.03905219624427,0.0970727262292254,3800,520,Full Control,Fabric - Low cost,4320,Fabric - Low cost Full Control
1130,2023,2,0,4,5,42,20,13,678.7068263676316,2.3292016981569073,47.0738203957382,0.0666304301340139,0.2571854167374234,16000,240,Partial Control,Fabric - Shallow,16240,Fabric - Shallow Partial Control
1131,2023,1,0,1,5,42,21,13,936.951065913762,3.2253577893848226,61.672374429223744,1.4852387158152245,1.6085906492951894,3800,60,One Zone Controlled,Fabric - Low cost,3860,Fabric - Low cost One Zone Controlled
1132,2023,2,0,4,5,30,20,15,761.2267017277165,2.6198878182640812,29.70890410958904,0.0334091271170098,0.1133470256679824,16000,240,Partial Control,Fabric - Shallow,16240,Fabric - Shallow Partial Control
1133,2022,1,0,1,15,42,20,13,1218.635152925303,2.531892845717729,42.74162861491629,2.2038210882585227,5.2577602808346855,3800,60,One Zone Controlled,Fabric - Low cost,3860,Fabric - Low cost One Zone Controlled
1134,2022,1,0,4,15,15,21,15,1521.147965653014,3.1706817626061845,42.78158295281583,1.4065026582412772,3.4788913137625195,3800,240,Partial Control,Fabric - Low cost,4040,Fabric - Low cost Partial Control
1135,2023,0,0,9,15,10,21,15,820.8885981405011,2.8112645532719127,52.00532724505327,0.0699301650466732,0.1743024396519897,0,520,Full Control,Baseline,520,Baseline Full Control
1136,2023,1,0,9,5,30,20,17,854.2893959105761,2.901465282398919,44.82496194824962,0.0106837481478997,0.0311190586886323,3800,520,Full Control,Fabric - Low cost,4320,Fabric - Low cost Full Control
1137,2023,1,0,0,5,15,19,15,1390.2096855126395,4.889020888757743,0.0,0.0,0.0,3800,0,Manual Control,Fabric - Low cost,3800,Fabric - Low cost Manual Control
1138,2022,2,0,4,10,42,18,15,1015.4825793640384,2.0616130405217974,30.171232876712327,0.4123225127572229,1.336771663272199,16000,240,Partial Control,Fabric - Shallow,16240,Fabric - Shallow Partial Control
1139,2023,1,0,0,15,15,20,13,1082.6809634344295,3.8096871514045847,19.942922374429223,1.260811956245007,3.624067218317201,3800,0,Manual Control,Fabric - Low cost,3800,Fabric - Low cost Manual Control
1140,2023,2,0,1,10,30,20,13,730.3245305613689,2.5273670566892052,25.589802130898025,1.1805510618299058,3.299591208007669,16000,60,One Zone Controlled,Fabric - Shallow,16060,Fabric - Shallow One Zone Controlled
1141,2022,0,0,0,15,30,20,15,1545.4924285353525,3.219720101343647,24.24847792998478,1.841781222942092,4.534390960730499,0,0,Manual Control,Baseline,0,Baseline Manual Control
1142,2022,1,0,4,10,30,21,13,1296.3790258396184,2.7078653651223976,54.19901065449011,1.4630293644009058,3.7042036481742895,3800,240,Partial Control,Fabric - Low cost,4040,Fabric - Low cost Partial Control
1143,2022,0,0,9,5,42,20,13,1123.998529890416,2.309435916030157,45.72298325722984,0.0711762613178607,0.2151837274618383,0,520,Full Control,Baseline,520,Baseline Full Control
1144,2022,2,0,9,10,42,20,13,910.5288069897448,1.8797087412292748,46.84170471841705,0.1695475738404895,0.5916363804908522,16000,520,Full Control,Fabric - Shallow,16520,Fabric - Shallow Full Control
1145,2023,2,0,9,5,42,21,13,607.3150679585353,2.1029844479110125,53.24200913242009,0.2985642591029327,0.9697027119666884,16000,520,Full Control,Fabric - Shallow,16520,Fabric - Shallow Full Control
1146,2022,0,0,4,10,30,19,15,1383.937606473683,2.839371555893926,33.71955859969559,0.6983930597619522,2.057285145629132,0,240,Partial Control,Baseline,240,Baseline Partial Control
1147,2022,0,0,4,10,10,18,15,1441.0895200179737,2.95848076458449,26.03120243531202,0.3713552223254909,1.2975142298629665,0,240,Partial Control,Baseline,240,Baseline Partial Control
1148,2023,2,0,0,10,15,19,15,975.6327704011154,3.428406595632356,12.026255707762555,0.3711146034940902,1.5015004266683547,16000,0,Manual Control,Fabric - Shallow,16000,Fabric - Shallow Manual Control
1149,2023,2,0,9,15,42,21,15,650.3338952323685,2.236596278482775,53.18683409436834,0.1672017282474389,0.4894574641898284,16000,520,Full Control,Fabric - Shallow,16520,Fabric - Shallow Full Control
1150,2022,1,0,0,5,15,19,13,2283.346273612424,4.829576827631193,0.0,0.0,0.0,3800,0,Manual Control,Fabric - Low cost,3800,Fabric - Low cost Manual Control
1151,2023,1,0,1,5,10,18,13,1144.9169816219342,3.995529219571632,2.519025875190259,0.0020054651907305,0.0173037838217817,3800,60,One Zone Controlled,Fabric - Low cost,3860,Fabric - Low cost One Zone Controlled
1152,2023,1,0,0,10,30,19,17,1002.55792638975,3.451962581921738,17.087138508371385,0.6097448213345358,1.6966289917094652,3800,0,Manual Control,Fabric - Low cost,3800,Fabric - Low cost Manual Control
1153,2023,2,0,1,10,10,21,15,830.8084103068996,2.89248052737566,28.02130898021309,1.3594317286952118,3.597123334052285,16000,60,One Zone Controlled,Fabric - Shallow,16060,Fabric - Shallow One Zone Controlled
1154,2022,0,0,4,10,15,18,15,1533.9835230628044,3.160675104941148,25.03805175038052,0.3131478465333651,1.1750529968673369,0,240,Partial Control,Baseline,240,Baseline Partial Control
1155,2022,1,0,0,10,30,20,15,1539.7230964356809,3.2169534449538584,20.19786910197869,1.351014841046695,3.6607729437286607,3800,0,Manual Control,Fabric - Low cost,3800,Fabric - Low cost Manual Control
1156,2023,1,0,4,15,42,21,15,782.3917903906711,2.6745256333797602,60.1978691019787,2.507439447308682,4.169264639929488,3800,240,Partial Control,Fabric - Low cost,4040,Fabric - Low cost Partial Control
1157,2023,1,0,9,5,15,19,15,678.9518953714866,2.2803428489290622,42.96232876712329,0.0198312950370876,0.0572982421021673,3800,520,Full Control,Fabric - Low cost,4320,Fabric - Low cost Full Control
1158,2023,1,0,4,10,30,18,17,884.0954048989968,3.0118176457936845,24.868721461187214,0.1817122732124789,0.5616575174940716,3800,240,Partial Control,Fabric - Low cost,4040,Fabric - Low cost Partial Control
1159,2023,0,0,0,5,10,20,15,1311.1848796524966,4.578254319224047,0.0,0.0,0.0,0,0,Manual Control,Baseline,0,Baseline Manual Control
1160,2022,1,0,9,5,30,18,15,1064.7911137474985,2.1163964656928336,35.72108066971081,0.0053270032062273,0.0204552823778338,3800,520,Full Control,Fabric - Low cost,4320,Fabric - Low cost Full Control
1161,2022,2,0,4,5,10,18,13,1244.1070499644745,2.586380482983016,20.73249619482496,0.0136375887248214,0.0628072766838154,16000,240,Partial Control,Fabric - Shallow,16240,Fabric - Shallow Partial Control
1162,2022,2,0,0,5,42,19,13,1352.8937517133056,2.821887685342139,0.0076103500761035,5.862371781650173e-05,0.0082523901935617,16000,0,Manual Control,Fabric - Shallow,16000,Fabric - Shallow Manual Control
1163,2023,0,0,9,5,30,20,15,764.3504305065494,2.5908900881679897,47.720700152207,0.0350253088436911,0.0925487643206113,0,520,Full Control,Baseline,520,Baseline Full Control
1164,2022,1,0,0,5,10,21,13,2047.591530525903,4.322363539564837,0.0190258751902587,0.0001343773567832,0.0139726362044639,3800,0,Manual Control,Fabric - Low cost,3800,Fabric - Low cost Manual Control
1165,2022,1,0,4,15,15,21,13,1434.3629426758098,3.0164528538623916,42.91095890410959,1.492906806243213,3.752815020931264,3800,240,Partial Control,Fabric - Low cost,4040,Fabric - Low cost Partial Control
1166,2022,2,0,9,15,30,19,15,938.328438499092,1.8898271729460951,42.43150684931507,0.0347154738479955,0.1098746020348765,16000,520,Full Control,Fabric - Shallow,16520,Fabric - Shallow Full Control
1167,2022,0,0,9,5,30,20,15,1270.23682276116,2.5861561961872193,45.05707762557078,0.0364657075209407,0.0996422262581402,0,520,Full Control,Baseline,520,Baseline Full Control
1168,2022,1,0,1,10,15,20,13,1723.4198069550155,3.638752764539253,21.588660578386605,1.0061807065635688,3.116170511848539,3800,60,One Zone Controlled,Fabric - Low cost,3860,Fabric - Low cost One Zone Controlled
1169,2022,0,0,1,5,10,20,17,2063.079332757683,4.326753593149268,3.0593607305936072,0.0006710545933057,0.0050360989187866,0,60,One Zone Controlled,Baseline,60,Baseline One Zone Controlled
1170,2022,1,0,9,5,42,21,15,1296.2355690584925,2.6713319493175023,50.68493150684932,0.0990543440962043,0.2703640887032899,3800,520,Full Control,Fabric - Low cost,4320,Fabric - Low cost Full Control
1171,2023,1,0,0,10,30,18,17,1002.55792638975,3.451962581921738,14.237062404870624,0.2503186061776391,0.7632006272483072,3800,0,Manual Control,Fabric - Low cost,3800,Fabric - Low cost Manual Control
1172,2023,2,0,0,5,15,21,13,1159.8028049080121,4.078681616433491,0.0038051750380517,4.959395384058996e-06,0.0009083226361963,16000,0,Manual Control,Fabric - Shallow,16000,Fabric - Shallow Manual Control
1173,2023,1,0,1,5,30,21,15,1061.0806868058798,3.6762689546126186,33.597792998477935,0.0152899566584929,0.0685551529573314,3800,60,One Zone Controlled,Fabric - Low cost,3860,Fabric - Low cost One Zone Controlled
1174,2023,0,0,1,10,42,20,17,954.17217956351,3.2523876887442253,38.73668188736682,1.140694960759002,2.7848218983546293,0,60,One Zone Controlled,Baseline,60,Baseline One Zone Controlled
1175,2023,1,0,9,15,15,19,17,809.4401534844008,2.730120728082554,35.47945205479452,0.0008727512077135,0.0038161384521279,3800,520,Full Control,Fabric - Low cost,4320,Fabric - Low cost Full Control
1176,2023,2,0,9,10,15,19,15,558.8410540297684,1.87918120858973,43.451293759512936,0.0324214131536836,0.0966617572373523,16000,520,Full Control,Fabric - Shallow,16520,Fabric - Shallow Full Control
1177,2022,2,0,0,5,30,18,13,1528.6790612093894,3.208103569340703,0.0019025875190258,1.0959754809250078e-06,0.0002512605956958,16000,0,Manual Control,Fabric - Shallow,16000,Fabric - Shallow Manual Control
1178,2022,0,0,4,10,30,20,17,1594.03108254599,3.2875866297465928,35.09703196347032,0.7420704789962502,1.9455803667967664,0,240,Partial Control,Baseline,240,Baseline Partial Control
1179,2022,1,0,0,15,10,18,13,1600.55781355136,3.3774258242515502,13.961187214611872,0.605075030593778,2.2325809083157737,3800,0,Manual Control,Fabric - Low cost,3800,Fabric - Low cost Manual Control
1180,2023,2,0,9,15,10,18,17,624.9778947734029,2.096939097601857,34.425418569254184,0.001662762373687,0.0049439218559368,16000,520,Full Control,Fabric - Shallow,16520,Fabric - Shallow Full Control
1181,2022,0,0,1,10,15,19,13,1784.3037704158592,3.756850699514805,17.64840182648402,0.6995995302044766,2.456283777212356,0,60,One Zone Controlled,Baseline,60,Baseline One Zone Controlled
1182,2022,0,0,0,5,10,18,13,2142.067074687906,4.51742442049257,0.0,0.0,0.0,0,0,Manual Control,Baseline,0,Baseline Manual Control
1183,2023,1,0,4,5,42,21,17,955.5943563002849,3.273054519669673,59.45966514459665,1.0268588317467469,1.2027605929399134,3800,240,Partial Control,Fabric - Low cost,4040,Fabric - Low cost Partial Control
1184,2022,1,0,1,5,10,21,15,1924.493432035465,4.053843109548165,6.803652968036529,0.0118891880481108,0.0664098418175778,3800,60,One Zone Controlled,Fabric - Low cost,3860,Fabric - Low cost One Zone Controlled
1185,2022,0,0,9,15,30,18,15,1120.06559151212,2.2246502399099044,33.64345509893455,0.0025232808482777,0.0114717608929531,0,520,Full Control,Baseline,520,Baseline Full Control
1186,2023,2,0,0,10,30,19,15,790.0119883864397,2.7325458833643177,16.282343987823438,0.7092876755849232,2.223632641143928,16000,0,Manual Control,Fabric - Shallow,16000,Fabric - Shallow Manual Control
1187,2023,0,0,4,10,10,19,13,823.1605456956574,2.838699461949316,34.054414003044144,0.7005872048490029,2.1961372434290256,0,240,Partial Control,Baseline,240,Baseline Partial Control
1188,2022,0,0,4,15,10,20,13,1358.3031716474898,2.831941818994704,39.10578386605784,1.2719825139711851,3.363165882910374,0,240,Partial Control,Baseline,240,Baseline Partial Control
1189,2022,0,0,0,10,42,20,15,1456.774362339492,3.0107365757198505,28.1544901065449,1.5935779502424186,4.092099554313574,0,0,Manual Control,Baseline,0,Baseline Manual Control
1190,2022,1,0,1,15,15,18,13,1630.0158216763966,3.4351251630322066,15.270167427701676,0.5107982734180565,2.0398207043821928,3800,60,One Zone Controlled,Fabric - Low cost,3860,Fabric - Low cost One Zone Controlled
1191,2023,0,0,9,5,42,21,15,820.8885981405011,2.8112645532719127,52.00532724505327,0.0699301650466732,0.1743024396519897,0,520,Full Control,Baseline,520,Baseline Full Control
1192,2023,1,0,9,15,10,21,17,903.5862004195255,3.090935807848471,51.52016742770168,0.0374578526297002,0.0887261942349276,3800,520,Full Control,Fabric - Low cost,4320,Fabric - Low cost Full Control
1193,2023,1,0,4,5,15,20,15,1056.024870514118,3.6764495074980132,27.53995433789954,0.0195487226690986,0.0636670946490542,3800,240,Partial Control,Fabric - Low cost,4040,Fabric - Low cost Partial Control
1194,2022,0,0,4,5,42,18,15,1405.6177797701412,2.8770681328205856,16.43835616438356,0.0012927497763006,0.0070030813462953,0,240,Partial Control,Baseline,240,Baseline Partial Control
1195,2022,1,0,0,5,10,20,17,2071.559285916023,4.3630439722484535,0.0,0.0,0.0,3800,0,Manual Control,Fabric - Low cost,3800,Fabric - Low cost Manual Control
1196,2023,2,0,4,5,10,19,13,773.5061515162911,2.680419990126413,23.896499238964992,0.025865672761436,0.1104895907011561,16000,240,Partial Control,Fabric - Shallow,16240,Fabric - Shallow Partial Control
1197,2023,0,0,0,5,10,18,15,1311.1848796524966,4.578254319224047,0.0,0.0,0.0,0,0,Manual Control,Baseline,0,Baseline Manual Control
1198,2022,2,0,4,10,30,20,13,1062.1807584859648,2.2119256014964264,40.1693302891933,0.9534993188636142,2.648206386782864,16000,240,Partial Control,Fabric - Shallow,16240,Fabric - Shallow Partial Control
1199,2023,2,0,9,5,15,21,13,607.3150679585353,2.1029844479110125,53.24200913242009,0.2985642591029327,0.9697027119666884,16000,520,Full Control,Fabric - Shallow,16520,Fabric - Shallow Full Control
1200,2023,0,0,0,5,42,18,13,1035.35281379986,3.558873271043901,0.0,0.0,0.0,0,0,Manual Control,Baseline,0,Baseline Manual Control
1201,2022,1,0,9,5,15,19,15,1132.7487184890956,2.2820355305532183,41.33751902587519,0.0208552052181949,0.0620368653954772,3800,520,Full Control,Fabric - Low cost,4320,Fabric - Low cost Full Control
1202,2022,2,0,1,5,30,18,13,1411.1992051021195,2.9541773893835614,3.192541856925418,0.003331135271083,0.0296397174901206,16000,60,One Zone Controlled,Fabric - Shallow,16060,Fabric - Shallow One Zone Controlled
1203,2023,1,0,4,10,30,20,17,922.677366639282,3.1559313738201937,38.06697108066971,0.7404092953670707,1.9435224340125847,3800,240,Partial Control,Fabric - Low cost,4040,Fabric - Low cost Partial Control
1204,2023,2,0,9,15,10,19,15,558.8410540297684,1.87918120858973,43.451293759512936,0.0324214131536836,0.0966617572373523,16000,520,Full Control,Fabric - Shallow,16520,Fabric - Shallow Full Control
1205,2023,2,0,9,5,15,18,15,520.4511999898064,1.7327541643421338,36.25570776255708,0.0099287692797632,0.0351181403769952,16000,520,Full Control,Fabric - Shallow,16520,Fabric - Shallow Full Control
1206,2022,1,0,4,5,42,18,13,1251.5920877577146,2.5767898736612187,22.19748858447489,0.011837821946373,0.047572527718955,3800,240,Partial Control,Fabric - Low cost,4040,Fabric - Low cost Partial Control
1207,2022,1,0,9,15,15,19,15,1132.7487184890956,2.2820355305532183,41.33751902587519,0.0208552052181949,0.0620368653954772,3800,520,Full Control,Fabric - Low cost,4320,Fabric - Low cost Full Control
1208,2023,2,0,0,10,10,19,15,880.8523425638178,3.072758481952351,14.313165905631658,0.5236443104009665,1.8367058789333104,16000,0,Manual Control,Fabric - Shallow,16000,Fabric - Shallow Manual Control
1209,2023,0,0,4,10,42,18,15,771.0181574879398,2.604297717148413,27.781582952815832,0.5160796842019898,1.5543996682900272,0,240,Partial Control,Baseline,240,Baseline Partial Control
1210,2022,1,0,9,15,10,18,17,1274.1445864473694,2.583145969165776,34.733637747336374,0.0015123255382184,0.0045989316799535,3800,520,Full Control,Fabric - Low cost,4320,Fabric - Low cost Full Control
1211,2022,0,0,9,10,30,20,17,1481.1254950858777,3.0356532424495053,40.07420091324201,0.0059205984468734,0.0211134829259367,0,520,Full Control,Baseline,520,Baseline Full Control
1212,2023,1,0,0,10,30,21,15,938.4633102435945,3.2434556529896,33.4855403348554,1.8978156640464647,4.689276300039178,3800,0,Manual Control,Fabric - Low cost,3800,Fabric - Low cost Manual Control
1213,2022,1,0,1,10,30,21,13,1417.4398585438996,2.971549646054307,44.67465753424658,1.9231412768373424,4.868166144146173,3800,60,One Zone Controlled,Fabric - Low cost,3860,Fabric - Low cost One Zone Controlled
1214,2023,0,0,9,10,15,19,13,616.8508799915984,2.0783084307124553,43.71765601217656,0.0366072066049408,0.1097423081625162,0,520,Full Control,Baseline,520,Baseline Full Control
1215,2022,2,0,9,5,15,20,15,1003.5094188934552,2.049717122347977,46.72945205479452,0.0831890358324485,0.2572801257366565,16000,520,Full Control,Fabric - Shallow,16520,Fabric - Shallow Full Control
1216,2022,2,0,9,15,10,21,13,1002.170311024158,2.093371827757312,51.01978691019787,0.3096963698029339,1.0188116869318231,16000,520,Full Control,Fabric - Shallow,16520,Fabric - Shallow Full Control
1217,2023,0,0,4,5,30,21,17,1063.4139543136569,3.6592520737456797,47.79109589041096,0.0144053843606021,0.0402331479535461,0,240,Partial Control,Baseline,240,Baseline Partial Control
1218,2023,0,0,0,15,30,19,15,940.0124780280904,3.2443756957809917,20.496575342465757,1.2430871031805015,3.328169341813137,0,0,Manual Control,Baseline,0,Baseline Manual Control
1219,2023,2,0,0,5,15,19,15,1159.9829144709388,4.079232555748144,0.0,0.0,0.0,16000,0,Manual Control,Fabric - Shallow,16000,Fabric - Shallow Manual Control
1220,2022,1,0,4,5,10,19,15,1587.949629788478,3.300877892336949,22.404870624048705,0.0092676994297957,0.0343459257691184,3800,240,Partial Control,Fabric - Low cost,4040,Fabric - Low cost Partial Control
1221,2023,2,0,4,15,30,19,13,605.4326698758082,2.0779387652112145,36.074961948249616,0.812226625492712,2.3449388670377145,16000,240,Partial Control,Fabric - Shallow,16240,Fabric - Shallow Partial Control
1222,2023,0,0,4,10,42,18,17,886.1138241642739,3.0011271962898567,25.86567732115677,0.2083861318120714,0.6107848182769267,0,240,Partial Control,Baseline,240,Baseline Partial Control
1223,2023,0,0,4,5,42,18,15,851.3224981353135,2.8895315476134664,15.850456621004566,0.0011693727182497,0.0063600751545968,0,240,Partial Control,Baseline,240,Baseline Partial Control
1224,2022,0,0,0,15,42,18,15,1406.3897890853434,2.9015041464728664,19.03158295281583,0.907924762362714,2.5744263986468567,0,0,Manual Control,Baseline,0,Baseline Manual Control
1225,2022,2,0,4,15,15,21,13,1222.4705785183637,2.5763324225594486,42.57420091324201,1.2798169207023309,3.312542569072466,16000,240,Partial Control,Fabric - Shallow,16240,Fabric - Shallow Partial Control
1226,2022,1,0,9,5,10,20,17,1408.277130087805,2.888746184952206,42.25076103500761,0.0113606745060975,0.034253067587776,3800,520,Full Control,Fabric - Low cost,4320,Fabric - Low cost Full Control
1227,2022,2,0,0,10,30,21,15,1300.960790511305,2.71773053388231,32.589421613394215,1.6526334059125092,4.210735469553192,16000,0,Manual Control,Fabric - Shallow,16000,Fabric - Shallow Manual Control
1228,2022,2,0,0,15,30,18,13,1222.8460815155822,2.565679128313869,14.339802130898022,0.5547420487483482,2.0635682413914345,16000,0,Manual Control,Fabric - Shallow,16000,Fabric - Shallow Manual Control
1229,2023,1,0,0,15,42,20,17,904.5915708817868,3.084728415815921,33.9193302891933,1.6119128280715342,3.5417635103235434,3800,0,Manual Control,Fabric - Low cost,3800,Fabric - Low cost Manual Control
1230,2023,1,0,4,5,42,20,13,810.638365456857,2.7808885494384645,47.78348554033486,0.0418533873690669,0.1386795442711503,3800,240,Partial Control,Fabric - Low cost,4040,Fabric - Low cost Partial Control
1231,2023,1,0,9,10,10,21,17,903.5862004195255,3.090935807848471,51.52016742770168,0.0374578526297002,0.0887261942349276,3800,520,Full Control,Fabric - Low cost,4320,Fabric - Low cost Full Control
1232,2023,1,0,0,10,15,19,13,1140.8628834433507,4.0113426382142485,14.216133942161338,0.6118280499404465,2.17660890530581,3800,0,Manual Control,Fabric - Low cost,3800,Fabric - Low cost Manual Control
1233,2022,0,0,4,15,42,20,17,1512.1256496609265,3.1064968948696867,46.75799086757991,1.067380777421432,2.41912984917672,0,240,Partial Control,Baseline,240,Baseline Partial Control
1234,2022,0,0,9,15,42,19,15,1188.0144321894252,2.390837618042644,39.60806697108067,0.0141444035774809,0.0457365904729932,0,520,Full Control,Baseline,520,Baseline Full Control
1235,2022,0,0,0,15,30,19,13,1491.3638183036308,3.127423323175171,20.863774733637747,1.351102850982253,3.83290508305374,0,0,Manual Control,Baseline,0,Baseline Manual Control
1236,2023,0,0,1,10,15,21,13,1096.6515526461026,3.849068767166674,25.77054794520548,1.481992453014509,4.069424818143252,0,60,One Zone Controlled,Baseline,60,Baseline One Zone Controlled
1237,2023,1,0,0,15,10,21,13,977.4957969881114,3.4156402559697248,27.168949771689498,2.2293388302310917,5.359817081347328,3800,0,Manual Control,Fabric - Low cost,3800,Fabric - Low cost Manual Control
1238,2022,0,0,1,5,10,20,15,2000.922075746744,4.206688513379517,4.731735159817352,0.0044679346271008,0.0268425704445215,0,60,One Zone Controlled,Baseline,60,Baseline One Zone Controlled
1239,2022,0,0,9,15,15,21,13,1231.2515824936554,2.5580499998222317,49.79261796042618,0.1241401238294264,0.3869233203827027,0,520,Full Control,Baseline,520,Baseline Full Control
1240,2023,1,0,9,5,30,18,17,766.994517153551,2.575183382707774,34.332191780821915,0.0014199208486211,0.0044726597493175,3800,520,Full Control,Fabric - Low cost,4320,Fabric - Low cost Full Control
1241,2023,1,0,1,10,42,19,13,766.7429314101252,2.6266143154749737,23.43797564687976,1.1977616334136822,3.3928625775888346,3800,60,One Zone Controlled,Fabric - Low cost,3860,Fabric - Low cost One Zone Controlled
1242,2022,1,0,4,5,10,21,13,1603.573041546641,3.3736116440834882,31.21765601217656,0.0671197988367269,0.2550642935142022,3800,240,Partial Control,Fabric - Low cost,4040,Fabric - Low cost Partial Control
1243,2023,2,0,9,5,30,20,15,601.5679070709178,2.045519701025448,49.20281582952816,0.0780713052636206,0.229034200949062,16000,520,Full Control,Fabric - Shallow,16520,Fabric - Shallow Full Control
1244,2023,2,0,4,10,10,20,15,726.5878715042076,2.5071113255751403,39.50342465753425,0.7404261235242641,2.135024527179533,16000,240,Partial Control,Fabric - Shallow,16240,Fabric - Shallow Partial Control
1245,2023,0,0,0,10,42,20,17,970.4466110092875,3.3107841659344395,30.146499238964992,1.2026195286507295,2.9356459484911106,0,0,Manual Control,Baseline,0,Baseline Manual Control
1246,2023,0,0,0,5,10,20,13,1309.0705574804551,4.572054956947245,0.0,0.0,0.0,0,0,Manual Control,Baseline,0,Baseline Manual Control
1247,2022,1,0,1,5,42,20,13,1519.6896085023427,3.1754954566474263,30.957001522070016,0.0148670885272618,0.0798563058744094,3800,60,One Zone Controlled,Fabric - Low cost,3860,Fabric - Low cost One Zone Controlled
1248,2022,2,0,9,5,30,19,13,827.6007215108874,1.681515942729973,43.203957382039576,0.08700199556344,0.3092952086481293,16000,520,Full Control,Fabric - Shallow,16520,Fabric - Shallow Full Control
1249,2022,0,0,9,15,10,21,15,1361.049105389866,2.798358141735806,49.71080669710807,0.0726944242123788,0.1905201658751067,0,520,Full Control,Baseline,520,Baseline Full Control
1250,2023,0,0,4,5,15,18,13,1013.3614663147408,3.524357625624358,18.217275494672755,0.0061329832485876,0.0286887810381273,0,240,Partial Control,Baseline,240,Baseline Partial Control
1251,2023,0,0,1,10,30,21,17,1028.3732702457428,3.5334346114494712,42.58181126331812,1.5425833556609705,3.6680991311602784,0,60,One Zone Controlled,Baseline,60,Baseline One Zone Controlled
1252,2023,2,0,4,10,15,20,13,739.8845135008987,2.5806530178172498,37.95662100456621,0.6709871430941379,2.074981877768856,16000,240,Partial Control,Fabric - Shallow,16240,Fabric - Shallow Partial Control
1253,2022,0,0,9,10,10,18,15,1120.06559151212,2.2246502399099044,33.64345509893455,0.0025232808482777,0.0114717608929531,0,520,Full Control,Baseline,520,Baseline Full Control
1254,2023,0,0,4,10,42,21,15,835.0433495227122,2.8524605884725105,60.05707762557078,2.1742521054255968,3.580483400175114,0,240,Partial Control,Baseline,240,Baseline Partial Control
1255,2022,2,0,4,15,30,20,13,1035.6615898272255,2.15703713784521,40.730593607305934,1.2215479462515295,3.1420163362575853,16000,240,Partial Control,Fabric - Shallow,16240,Fabric - Shallow Partial Control
1256,2022,1,0,1,15,30,18,15,1421.42780224569,2.9446744058106304,18.913622526636225,0.7276386573767513,2.213272457376388,3800,60,One Zone Controlled,Fabric - Low cost,3860,Fabric - Low cost One Zone Controlled
1257,2023,0,0,9,10,15,20,17,898.6416013023711,3.0508139763024302,42.02625570776256,0.0054222004976782,0.0188643366029278,0,520,Full Control,Baseline,520,Baseline Full Control
1258,2022,2,0,9,5,10,18,13,756.4691197128225,1.50519766687629,39.89535768645357,0.0418281945805325,0.149680366107664,16000,520,Full Control,Fabric - Shallow,16520,Fabric - Shallow Full Control
1259,2023,1,0,4,10,10,21,15,891.5586781397147,3.083097792583913,45.01712328767123,1.2303963906608706,3.172501337538153,3800,240,Partial Control,Fabric - Low cost,4040,Fabric - Low cost Partial Control
1260,2023,0,0,9,5,30,21,13,746.4714514016232,2.5743351519544757,52.13470319634703,0.1156277174470364,0.341042236097504,0,520,Full Control,Baseline,520,Baseline Full Control
1261,2022,0,0,9,10,30,18,17,1340.981723105189,2.7175894312532805,34.69748858447488,0.0014645597516515,0.0044795288905054,0,520,Full Control,Baseline,520,Baseline Full Control
1262,2023,1,0,4,5,42,18,17,894.1657375184238,3.0405391316911214,14.463470319634702,0.0006065635843295,0.003056031626609,3800,240,Partial Control,Fabric - Low cost,4040,Fabric - Low cost Partial Control
1263,2023,0,0,4,10,10,21,15,932.5695056323284,3.2216554486168296,44.24657534246575,1.250111520788575,3.238921406788439,0,240,Partial Control,Baseline,240,Baseline Partial Control
1264,2022,0,0,0,5,15,18,17,2405.811740267749,5.075814859782124,0.0,0.0,0.0,0,0,Manual Control,Baseline,0,Baseline Manual Control
1265,2022,1,0,9,15,10,19,17,1339.6074070667535,2.7303680168944684,34.296042617960424,0.0007601182707056,0.0038197258430859,3800,520,Full Control,Fabric - Low cost,4320,Fabric - Low cost Full Control
1266,2022,0,0,1,5,15,19,13,2179.9502836514134,4.599555730298424,3.0745814307458144,0.0031136609197212,0.0250761832872042,0,60,One Zone Controlled,Baseline,60,Baseline One Zone Controlled
1267,2022,2,0,9,15,15,19,15,938.328438499092,1.8898271729460951,42.43150684931507,0.0347154738479955,0.1098746020348765,16000,520,Full Control,Fabric - Shallow,16520,Fabric - Shallow Full Control
1268,2022,2,0,0,10,10,21,13,1438.658452988127,3.031288601529453,21.40030441400304,1.389551460810614,3.8284813234294193,16000,0,Manual Control,Fabric - Shallow,16000,Fabric - Shallow Manual Control
1269,2022,2,0,1,10,15,20,13,1472.550572864423,3.110698354790573,20.351978691019788,0.7507422530395316,2.5135942578156865,16000,60,One Zone Controlled,Fabric - Shallow,16060,Fabric - Shallow One Zone Controlled
1270,2023,1,0,9,15,42,21,15,782.752168270172,2.684123433060415,53.04794520547945,0.0943561925207818,0.2415177189167528,3800,520,Full Control,Fabric - Low cost,4320,Fabric - Low cost Full Control
1271,2023,1,0,0,10,10,19,13,1028.1536099949255,3.590916340822033,15.616438356164384,0.7873524044310433,2.5671763220847987,3800,0,Manual Control,Fabric - Low cost,3800,Fabric - Low cost Manual Control
1272,2023,0,0,9,10,30,18,15,668.4332126468987,2.225148487916084,32.73592085235921,0.0022434834055524,0.0101746029419154,0,520,Full Control,Baseline,520,Baseline Full Control
1273,2023,2,0,0,5,42,18,17,839.786198985736,2.8820720584878354,0.0,0.0,0.0,16000,0,Manual Control,Fabric - Shallow,16000,Fabric - Shallow Manual Control
1274,2023,2,0,0,15,42,20,13,659.7834633646717,2.265888641938899,35.12176560121766,1.950244007100889,4.694570549936033,16000,0,Manual Control,Fabric - Shallow,16000,Fabric - Shallow Manual Control
1275,2022,1,0,1,5,42,21,13,1530.3885484725133,3.2010969437139036,59.0658295281583,1.4477850652635489,1.627795085696236,3800,60,One Zone Controlled,Fabric - Low cost,3860,Fabric - Low cost One Zone Controlled
1276,2023,2,0,9,10,42,21,13,607.3150679585353,2.1029844479110125,53.24200913242009,0.2985642591029327,0.9697027119666884,16000,520,Full Control,Fabric - Shallow,16520,Fabric - Shallow Full Control
1277,2023,2,0,9,15,30,20,15,601.5679070709178,2.045519701025448,49.20281582952816,0.0780713052636206,0.229034200949062,16000,520,Full Control,Fabric - Shallow,16520,Fabric - Shallow Full Control
1278,2022,2,0,0,5,42,18,13,1352.8937517133056,2.821887685342139,0.0019025875190258,1.2531677312857903e-05,0.0028729809758513,16000,0,Manual Control,Fabric - Shallow,16000,Fabric - Shallow Manual Control
1279,2023,1,0,1,5,15,18,13,1265.539666194826,4.44571531308187,2.233637747336377,0.0016100212915869,0.0151962904592552,3800,60,One Zone Controlled,Fabric - Low cost,3860,Fabric - Low cost One Zone Controlled
1280,2022,1,0,9,5,10,19,17,1339.6074070667535,2.7303680168944684,34.296042617960424,0.0007601182707056,0.0038197258430859,3800,520,Full Control,Fabric - Low cost,4320,Fabric - Low cost Full Control
1281,2022,2,0,0,10,42,20,15,1165.8041011722064,2.412993978707635,30.06468797564688,1.3950032589939487,3.6572135401541352,16000,0,Manual Control,Fabric - Shallow,16000,Fabric - Shallow Manual Control
1282,2022,0,0,4,15,15,21,13,1494.8607755003964,3.137094082077518,42.34018264840182,1.522861751233857,3.838555194036551,0,240,Partial Control,Baseline,240,Baseline Partial Control
1283,2022,1,0,0,5,42,19,17,1674.1328068538621,3.487048472751188,0.0,0.0,0.0,3800,0,Manual Control,Fabric - Low cost,3800,Fabric - Low cost Manual Control
1284,2022,1,0,9,5,42,19,15,1132.7487184890956,2.2820355305532183,41.33751902587519,0.0208552052181949,0.0620368653954772,3800,520,Full Control,Fabric - Low cost,4320,Fabric - Low cost Full Control
1285,2022,1,0,1,15,30,19,13,1342.7333137760331,2.80729300604232,24.090563165905632,1.310070021887581,3.684843042567591,3800,60,One Zone Controlled,Fabric - Low cost,3860,Fabric - Low cost One Zone Controlled
1286,2022,2,0,1,5,15,19,15,1770.110150640537,3.726838704935111,3.122146118721461,0.0027695031434308,0.0221779955233467,16000,60,One Zone Controlled,Fabric - Shallow,16060,Fabric - Shallow One Zone Controlled
1287,2023,0,0,0,5,10,21,17,1325.071689072779,4.621137838626435,0.0,0.0,0.0,0,0,Manual Control,Baseline,0,Baseline Manual Control
1288,2022,1,0,0,10,42,18,17,1518.9579574475435,3.1341075059052157,15.9265601217656,0.2881099514459752,0.8324450744839336,3800,0,Manual Control,Fabric - Low cost,3800,Fabric - Low cost Manual Control
1289,2022,0,0,9,15,42,20,13,1123.998529890416,2.309435916030157,45.72298325722984,0.0711762613178607,0.2151837274618383,0,520,Full Control,Baseline,520,Baseline Full Control
1290,2022,2,0,4,5,15,21,13,1461.5584955432307,3.0799738453026557,30.72298325722983,0.0968462213379867,0.412542737934655,16000,240,Partial Control,Fabric - Shallow,16240,Fabric - Shallow Partial Control
1291,2022,1,0,4,10,10,18,17,1533.2537599185898,3.1618793212166056,24.212328767123285,0.1517444186660554,0.509041433548825,3800,240,Partial Control,Fabric - Low cost,4040,Fabric - Low cost Partial Control
1292,2023,0,0,1,5,30,18,13,1073.4173373703495,3.71547668837323,2.7226027397260277,0.0018719288399937,0.0153979665280788,0,60,One Zone Controlled,Baseline,60,Baseline One Zone Controlled
1293,2023,2,0,9,10,30,20,13,548.9870667683531,1.879442541726355,49.33409436834094,0.1590739960207377,0.5408996809549582,16000,520,Full Control,Fabric - Shallow,16520,Fabric - Shallow Full Control
1294,2023,1,0,4,5,30,20,13,878.0776054874686,3.0313712672401056,29.878234398782343,0.0376961211443236,0.1306566970156352,3800,240,Partial Control,Fabric - Low cost,4040,Fabric - Low cost Partial Control
1295,2022,0,0,4,5,10,20,13,1622.8593058807226,3.399541244105568,26.72564687975647,0.0282141947636087,0.1042249800491284,0,240,Partial Control,Baseline,240,Baseline Partial Control
1296,2023,0,0,4,5,30,20,17,1042.3292276314576,3.5777519895417003,21.855022831050228,0.0027908150065789,0.0114307199076739,0,240,Partial Control,Baseline,240,Baseline Partial Control
1297,2022,0,0,9,10,15,19,15,1188.0144321894252,2.390837618042644,39.60806697108067,0.0141444035774809,0.0457365904729932,0,520,Full Control,Baseline,520,Baseline Full Control
1298,2023,1,0,0,5,30,21,17,1138.713859321254,3.9428182880528655,15.690639269406391,0.0022725764893935,0.010027468632255,3800,0,Manual Control,Fabric - Low cost,3800,Fabric - Low cost Manual Control
1299,2023,1,0,9,10,10,18,17,766.994517153551,2.575183382707774,34.332191780821915,0.0014199208486211,0.0044726597493175,3800,520,Full Control,Fabric - Low cost,4320,Fabric - Low cost Full Control
1300,2023,1,0,9,15,42,18,15,635.5197714552111,2.1163020492675813,34.756468797564686,0.0047870031018197,0.0184858801730078,3800,520,Full Control,Fabric - Low cost,4320,Fabric - Low cost Full Control
1301,2023,0,0,1,5,30,18,15,1093.7599440116915,3.779189225695868,1.5334855403348553,0.0002657103102377,0.0026787900745334,0,60,One Zone Controlled,Baseline,60,Baseline One Zone Controlled
1302,2022,1,0,0,10,30,18,17,1647.4122040784891,3.421853938434412,13.885083713850838,0.2406746661694563,0.7551239503345754,3800,0,Manual Control,Fabric - Low cost,3800,Fabric - Low cost Manual Control
1303,2023,1,0,4,10,30,19,15,799.5131967429165,2.7282801185624375,35.08371385083714,0.6946794212204741,2.021431383865831,3800,240,Partial Control,Fabric - Low cost,4040,Fabric - Low cost Partial Control
1304,2022,0,0,1,15,15,19,13,1702.3940247704877,3.585216373479901,19.716514459665145,0.9103321024657408,2.974572681129444,0,60,One Zone Controlled,Baseline,60,Baseline One Zone Controlled
1305,2023,1,0,1,15,10,18,17,1020.6461127753807,3.5291021516930914,15.901826484018263,0.2757485790645337,0.8178829347426728,3800,60,One Zone Controlled,Fabric - Low cost,3860,Fabric - Low cost One Zone Controlled
1306,2023,2,0,1,5,42,19,15,780.9820959006589,2.677663101524977,5.441400304414003,0.0048371659216871,0.0305996631292305,16000,60,One Zone Controlled,Fabric - Shallow,16060,Fabric - Shallow One Zone Controlled
1307,2023,1,0,9,10,30,20,17,854.2893959105761,2.901465282398919,44.82496194824962,0.0106837481478997,0.0311190586886323,3800,520,Full Control,Fabric - Low cost,4320,Fabric - Low cost Full Control
1308,2023,1,0,4,5,15,20,13,1022.025289145975,3.570038663490385,28.190639269406397,0.0319918504439859,0.1164520220025318,3800,240,Partial Control,Fabric - Low cost,4040,Fabric - Low cost Partial Control
1309,2022,0,0,0,5,30,19,13,1908.5159281453948,4.010442983242018,0.0,0.0,0.0,0,0,Manual Control,Baseline,0,Baseline Manual Control
1310,2022,1,0,4,15,30,18,13,1148.9570603947457,2.3625011779563847,31.54490106544901,0.6733319961089891,2.122645463116038,3800,240,Partial Control,Fabric - Low cost,4040,Fabric - Low cost Partial Control
1311,2023,1,0,4,10,10,19,13,789.9874355857761,2.726667971789152,34.80783866057839,0.6757229464112336,2.12057467816119,3800,240,Partial Control,Fabric - Low cost,4040,Fabric - Low cost Partial Control
1312,2022,2,0,1,5,42,21,13,1284.068720510518,2.680459586599457,58.28196347031963,1.4315255793639532,1.6404992754642995,16000,60,One Zone Controlled,Fabric - Shallow,16060,Fabric - Shallow One Zone Controlled
1313,2022,1,0,9,10,15,20,15,1210.5931297950544,2.46891859392298,46.24048706240488,0.0495627359370685,0.1346703313640259,3800,520,Full Control,Fabric - Low cost,4320,Fabric - Low cost Full Control
1314,2023,0,0,0,15,30,18,15,940.0124780280904,3.2443756957809917,17.254566210045663,0.7399533848101938,2.2353119225401694,0,0,Manual Control,Baseline,0,Baseline Manual Control
1315,2022,2,0,9,5,30,18,13,756.4691197128225,1.50519766687629,39.89535768645357,0.0418281945805325,0.149680366107664,16000,520,Full Control,Fabric - Shallow,16520,Fabric - Shallow Full Control
1316,2022,0,0,9,15,42,21,15,1361.049105389866,2.798358141735806,49.71080669710807,0.0726944242123788,0.1905201658751067,0,520,Full Control,Baseline,520,Baseline Full Control
1317,2022,1,0,1,5,10,20,15,1915.7631582836748,4.032172211874744,5.2530441400304415,0.005915419069299,0.0355098737055172,3800,60,One Zone Controlled,Fabric - Low cost,3860,Fabric - Low cost One Zone Controlled
1318,2023,1,0,1,10,15,21,17,1138.0489989206228,3.9690548978076032,25.52701674277017,1.2138158197488584,3.195225845366143,3800,60,One Zone Controlled,Fabric - Low cost,3860,Fabric - Low cost One Zone Controlled
1319,2022,0,0,9,15,30,18,17,1340.981723105189,2.7175894312532805,34.69748858447488,0.0014645597516515,0.0044795288905054,0,520,Full Control,Baseline,520,Baseline Full Control
1320,2022,2,0,0,10,15,18,15,1611.3273133730163,3.400172139932961,7.530441400304413,0.1841947494981503,0.9742666565692965,16000,0,Manual Control,Fabric - Shallow,16000,Fabric - Shallow Manual Control
1321,2022,1,0,4,10,15,19,15,1494.9846420538565,3.0959266413336395,32.32686453576864,0.5069761947074087,1.6828639214412815,3800,240,Partial Control,Fabric - Low cost,4040,Fabric - Low cost Partial Control
1322,2023,1,0,9,5,30,18,13,536.6601521515096,1.7879662932758387,38.85464231354642,0.0242556688817326,0.0775731027605174,3800,520,Full Control,Fabric - Low cost,4320,Fabric - Low cost Full Control
1323,2022,1,0,4,15,42,20,17,1438.7417347009948,2.958021147509581,47.55898021308981,1.0590373634116612,2.400029922518041,3800,240,Partial Control,Fabric - Low cost,4040,Fabric - Low cost Partial Control
1324,2022,1,0,1,10,30,21,15,1479.8622812932888,3.080878278667874,43.6910197869102,1.8229667134814849,4.537151667731749,3800,60,One Zone Controlled,Fabric - Low cost,3860,Fabric - Low cost One Zone Controlled
1325,2022,1,0,0,15,15,18,15,1803.4723810657551,3.80387317886251,11.744672754946729,0.398983539662469,1.576894832137997,3800,0,Manual Control,Fabric - Low cost,3800,Fabric - Low cost Manual Control
1326,2023,0,0,9,10,42,19,17,849.526790532914,2.8647228807368483,35.728691019786915,0.000809440764681,0.0034508955226229,0,520,Full Control,Baseline,520,Baseline Full Control
1327,2023,2,0,1,10,10,20,13,810.5282806493763,2.82685169381082,22.79680365296804,0.9473414500699778,2.843454187460395,16000,60,One Zone Controlled,Fabric - Shallow,16060,Fabric - Shallow One Zone Controlled
1328,2023,1,0,9,5,15,19,17,809.4401534844008,2.730120728082554,35.47945205479452,0.0008727512077135,0.0038161384521279,3800,520,Full Control,Fabric - Low cost,4320,Fabric - Low cost Full Control
1329,2022,0,0,1,10,42,20,17,1568.5184982032663,3.230440834951293,36.56012176560122,1.1304984374394846,2.771419336761705,0,60,One Zone Controlled,Baseline,60,Baseline One Zone Controlled
1330,2023,0,0,1,15,42,18,15,824.2613713368861,2.8047749061954677,20.68302891933029,0.9248525491198788,2.508225579613789,0,60,One Zone Controlled,Baseline,60,Baseline One Zone Controlled
1331,2023,0,0,1,15,30,18,17,995.8316694453702,3.4151908853322235,17.760654490106546,0.3371658046516862,0.9199043033776164,0,60,One Zone Controlled,Baseline,60,Baseline One Zone Controlled
1332,2023,0,0,0,15,10,19,13,1017.4512844690275,3.553088328487286,18.605403348554034,1.082586701504281,3.2484112137519614,0,0,Manual Control,Baseline,0,Baseline Manual Control
1333,2023,2,0,9,15,30,18,15,520.4511999898064,1.7327541643421338,36.25570776255708,0.0099287692797632,0.0351181403769952,16000,520,Full Control,Fabric - Shallow,16520,Fabric - Shallow Full Control
1334,2023,1,0,1,15,10,18,15,941.3762163156749,3.263930288455748,17.326864535768646,0.5869217580363989,1.9123580296731932,3800,60,One Zone Controlled,Fabric - Low cost,3860,Fabric - Low cost One Zone Controlled
1335,2023,0,0,4,15,42,21,15,820.4448186000964,2.801796304508952,60.039954337899545,2.5338992249731174,4.223292102383847,0,240,Partial Control,Baseline,240,Baseline Partial Control
1336,2023,0,0,0,5,30,19,17,1195.1151073149003,4.134945610673003,0.0,0.0,0.0,0,0,Manual Control,Baseline,0,Baseline Manual Control
1337,2023,0,0,1,5,30,20,17,1146.0976863050937,3.957560531869438,3.6777016742770168,0.000679535277552,0.0049715085921513,0,60,One Zone Controlled,Baseline,60,Baseline One Zone Controlled
1338,2023,1,0,9,5,10,18,15,635.5197714552111,2.1163020492675813,34.756468797564686,0.0047870031018197,0.0184858801730078,3800,520,Full Control,Fabric - Low cost,4320,Fabric - Low cost Full Control
1339,2023,1,0,4,15,10,19,15,829.6806294943932,2.848359902951543,34.412100456621005,0.7750152291238176,2.173609835766282,3800,240,Partial Control,Fabric - Low cost,4040,Fabric - Low cost Partial Control
1340,2022,1,0,9,10,30,18,17,1274.1445864473694,2.583145969165776,34.733637747336374,0.0015123255382184,0.0045989316799535,3800,520,Full Control,Fabric - Low cost,4320,Fabric - Low cost Full Control
1341,2023,0,0,4,10,10,20,17,1014.2416250608424,3.4849891575363987,34.78881278538813,0.68106429578211,1.8618913918420328,0,240,Partial Control,Baseline,240,Baseline Partial Control
1342,2023,1,0,9,10,10,21,15,782.752168270172,2.684123433060415,53.04794520547945,0.0943561925207818,0.2415177189167528,3800,520,Full Control,Fabric - Low cost,4320,Fabric - Low cost Full Control
1343,2022,2,0,0,15,42,20,13,1086.8036956462506,2.2617247086355476,33.78614916286149,1.9507319720106824,4.751555966753694,16000,0,Manual Control,Fabric - Shallow,16000,Fabric - Shallow Manual Control
1344,2022,1,0,9,5,30,20,13,1074.5449777142953,2.2132880623538007,46.58485540334855,0.09680654157865,0.3046019386436109,3800,520,Full Control,Fabric - Low cost,4320,Fabric - Low cost Full Control
1345,2022,2,0,1,5,30,18,15,1431.2142943416693,2.9888977716861125,2.576103500761035,0.0012333358207419,0.0106344075597324,16000,60,One Zone Controlled,Fabric - Shallow,16060,Fabric - Shallow One Zone Controlled
1346,2022,1,0,9,5,30,19,13,983.7579953821404,1.9948856703461635,42.81202435312024,0.0526813622605301,0.1629748715636403,3800,520,Full Control,Fabric - Low cost,4320,Fabric - Low cost Full Control
1347,2023,1,0,4,15,30,19,17,892.644774766908,3.0438196787453053,29.63280060882801,0.5583162669245679,1.4274712059034351,3800,240,Partial Control,Fabric - Low cost,4040,Fabric - Low cost Partial Control
1348,2023,0,0,9,5,42,18,15,668.4332126468987,2.225148487916084,32.73592085235921,0.0022434834055524,0.0101746029419154,0,520,Full Control,Baseline,520,Baseline Full Control
1349,2022,1,0,1,10,30,18,15,1466.3143564472148,3.0426455997242874,16.617199391171994,0.5534907204199286,1.821519952042656,3800,60,One Zone Controlled,Fabric - Low cost,3860,Fabric - Low cost One Zone Controlled
1350,2022,1,0,4,5,30,21,17,1665.3175020607312,3.463058682798478,46.71232876712329,0.020559760363304,0.0581746098780428,3800,240,Partial Control,Fabric - Low cost,4040,Fabric - Low cost Partial Control
1351,2022,0,0,0,15,15,21,17,1972.3428749349591,4.12381853814852,23.97640791476408,1.6430809815625906,3.994314110624008,0,0,Manual Control,Baseline,0,Baseline Manual Control
1352,2023,1,0,4,10,42,20,13,710.4534253865268,2.430438602578207,52.68074581430746,1.2398868439753792,3.252818020558944,3800,240,Partial Control,Fabric - Low cost,4040,Fabric - Low cost Partial Control
1353,2023,1,0,1,15,30,18,17,949.7894670825573,3.259414621341501,17.636986301369863,0.3270861711124133,0.9000755305661335,3800,60,One Zone Controlled,Fabric - Low cost,3860,Fabric - Low cost One Zone Controlled
1354,2023,2,0,9,10,42,20,15,601.5679070709178,2.045519701025448,49.20281582952816,0.0780713052636206,0.229034200949062,16000,520,Full Control,Fabric - Shallow,16520,Fabric - Shallow Full Control
1355,2023,1,0,1,15,15,20,17,1101.4421056344943,3.836204453021687,23.323820395738203,1.0457303574471437,2.7146878274608457,3800,60,One Zone Controlled,Fabric - Low cost,3860,Fabric - Low cost One Zone Controlled
1356,2023,2,0,9,5,10,18,13,446.75537396210564,1.4916236346740566,39.20471841704718,0.0381505428062502,0.1317264602006323,16000,520,Full Control,Fabric - Shallow,16520,Fabric - Shallow Full Control
1357,2022,0,0,1,10,10,20,13,1624.5879392287507,3.4130072143716874,23.18683409436834,1.2536533182237732,3.632403052830756,0,60,One Zone Controlled,Baseline,60,Baseline One Zone Controlled
1358,2022,1,0,0,10,30,19,15,1539.7230964356809,3.2169534449538584,17.51331811263318,0.9006887951304646,2.689471183878005,3800,0,Manual Control,Fabric - Low cost,3800,Fabric - Low cost Manual Control
1359,2023,0,0,9,15,10,20,13,678.5373559116488,2.314051515516664,48.4855403348554,0.0663639823011169,0.1916208495469374,0,520,Full Control,Baseline,520,Baseline Full Control
1360,2022,1,0,1,10,42,19,13,1258.6041223264695,2.61272276981052,23.299086757990867,1.198473433965411,3.4335552682119515,3800,60,One Zone Controlled,Fabric - Low cost,3860,Fabric - Low cost One Zone Controlled
1361,2022,1,0,9,10,30,20,13,1074.5449777142953,2.2132880623538007,46.58485540334855,0.09680654157865,0.3046019386436109,3800,520,Full Control,Fabric - Low cost,4320,Fabric - Low cost Full Control
1362,2022,1,0,4,5,42,18,15,1340.6147245595662,2.74724342077003,18.33333333333333,0.0027769458160957,0.0126936195786336,3800,240,Partial Control,Fabric - Low cost,4040,Fabric - Low cost Partial Control
1363,2022,0,0,1,15,30,18,15,1485.9914650199762,3.073806425874269,18.55213089802131,0.7581051905480461,2.280117530627584,0,60,One Zone Controlled,Baseline,60,Baseline One Zone Controlled
1364,2023,0,0,1,10,30,20,13,894.7315368795373,3.093960220519718,25.75152207001522,1.4686298041214636,3.998095356384731,0,60,One Zone Controlled,Baseline,60,Baseline One Zone Controlled
1365,2023,1,0,9,10,15,18,15,635.5197714552111,2.1163020492675813,34.756468797564686,0.0047870031018197,0.0184858801730078,3800,520,Full Control,Fabric - Low cost,4320,Fabric - Low cost Full Control
1366,2023,2,0,1,5,30,19,15,872.9049000781051,3.019409012269577,4.465372907153729,0.0038945295022274,0.0267035220563133,16000,60,One Zone Controlled,Fabric - Shallow,16060,Fabric - Shallow One Zone Controlled
1367,2023,0,0,0,10,42,21,13,850.4414241122773,2.918687394114761,62.46004566210046,3.360476255996552,5.398600292166158,0,0,Manual Control,Baseline,0,Baseline Manual Control
1368,2023,2,0,1,15,15,18,17,917.614475072522,3.1998262238000943,11.404109589041097,0.1474225536414411,0.5773050826368058,16000,60,One Zone Controlled,Fabric - Shallow,16060,Fabric - Shallow One Zone Controlled
1369,2022,0,0,4,10,15,20,13,1495.064019026768,3.1274991571394173,37.342085235920855,0.859187260548679,2.603018789800501,0,240,Partial Control,Baseline,240,Baseline Partial Control
1370,2023,0,0,0,5,15,21,17,1462.8999704738353,5.136839481491266,0.0,0.0,0.0,0,0,Manual Control,Baseline,0,Baseline Manual Control
1371,2022,2,0,1,15,10,20,15,1313.8376359183305,2.749360094127163,25.33295281582953,1.2058654251617855,3.32904877224481,16000,60,One Zone Controlled,Fabric - Shallow,16060,Fabric - Shallow One Zone Controlled
1372,2022,0,0,0,15,15,19,15,1880.5955281647557,3.959909046362091,16.263318112633183,0.7946137628823443,2.5746180164524723,0,0,Manual Control,Baseline,0,Baseline Manual Control
1373,2023,2,0,9,15,15,20,15,601.5679070709178,2.045519701025448,49.20281582952816,0.0780713052636206,0.229034200949062,16000,520,Full Control,Fabric - Shallow,16520,Fabric - Shallow Full Control
1374,2022,0,0,1,5,42,18,15,1610.9616559781862,3.34368218162064,1.9710806697108068,0.0002969988025912,0.0029503704485874,0,60,One Zone Controlled,Baseline,60,Baseline One Zone Controlled
1375,2022,0,0,0,10,10,20,17,1880.218723680072,3.921336050907773,19.03348554033485,0.9289197354207605,2.528511506898695,0,0,Manual Control,Baseline,0,Baseline Manual Control
1376,2023,0,0,9,15,30,18,15,668.4332126468987,2.225148487916084,32.73592085235921,0.0022434834055524,0.0101746029419154,0,520,Full Control,Baseline,520,Baseline Full Control
1377,2023,1,0,9,15,42,19,17,809.4401534844008,2.730120728082554,35.47945205479452,0.0008727512077135,0.0038161384521279,3800,520,Full Control,Fabric - Low cost,4320,Fabric - Low cost Full Control
1378,2023,1,0,0,5,30,20,17,1138.713859321254,3.9428182880528655,0.0,0.0,0.0,3800,0,Manual Control,Fabric - Low cost,3800,Fabric - Low cost Manual Control
1379,2023,0,0,9,5,15,19,17,849.526790532914,2.8647228807368483,35.728691019786915,0.000809440764681,0.0034508955226229,0,520,Full Control,Baseline,520,Baseline Full Control
1380,2022,1,0,1,5,10,18,13,1876.2066865750623,3.9509916179749345,2.743531202435312,0.0022477295631197,0.0190611370593033,3800,60,One Zone Controlled,Fabric - Low cost,3860,Fabric - Low cost One Zone Controlled
1381,2022,0,0,0,10,10,18,15,1783.2929527742829,3.742365784861679,12.404870624048703,0.4455715073024864,1.635987837888151,0,0,Manual Control,Baseline,0,Baseline Manual Control
1382,2023,1,0,9,5,42,20,17,854.2893959105761,2.901465282398919,44.82496194824962,0.0106837481478997,0.0311190586886323,3800,520,Full Control,Fabric - Low cost,4320,Fabric - Low cost Full Control
1383,2022,1,0,0,5,10,18,13,2047.591530525903,4.322363539564837,0.0,0.0,0.0,3800,0,Manual Control,Fabric - Low cost,3800,Fabric - Low cost Manual Control
1384,2023,0,0,0,10,15,18,13,1187.571358557835,4.173181630327712,11.25,0.3747678507953901,1.583027760881624,0,0,Manual Control,Baseline,0,Baseline Manual Control
1385,2022,0,0,0,5,10,21,13,2142.067074687906,4.51742442049257,0.0114155251141552,4.993583691073988e-05,0.0058436078159085,0,0,Manual Control,Baseline,0,Baseline Manual Control
1386,2022,0,0,9,5,30,19,17,1406.022225313542,2.8643270544358628,34.442541856925416,0.000642657374796,0.0029858977817669,0,520,Full Control,Baseline,520,Baseline Full Control
1387,2023,0,0,0,5,30,20,15,1173.5771469885947,4.066675746104111,0.0,0.0,0.0,0,0,Manual Control,Baseline,0,Baseline Manual Control
1388,2022,2,0,4,10,15,21,15,1313.5758993927295,2.7463104683299147,41.83409436834095,0.9362750717863968,2.576235513785832,16000,240,Partial Control,Fabric - Shallow,16240,Fabric - Shallow Partial Control
1389,2022,0,0,1,15,10,18,13,1539.4153023707931,3.22636384812868,17.197488584474886,0.7140863416768142,2.492202765962442,0,60,One Zone Controlled,Baseline,60,Baseline One Zone Controlled
1390,2022,0,0,0,5,15,20,13,2387.6566214856743,5.045999762780375,0.0,0.0,0.0,0,0,Manual Control,Baseline,0,Baseline Manual Control
1391,2023,2,0,0,10,15,20,13,971.871262619434,3.417634681272874,15.570776255707765,0.6922931443328336,2.342993204706324,16000,0,Manual Control,Fabric - Shallow,16000,Fabric - Shallow Manual Control
1392,2022,1,0,9,5,42,20,17,1408.277130087805,2.888746184952206,42.25076103500761,0.0113606745060975,0.034253067587776,3800,520,Full Control,Fabric - Low cost,4320,Fabric - Low cost Full Control
1393,2023,0,0,4,15,30,21,13,801.4090676157009,2.768345618355644,55.99695585996955,1.9423937579048796,4.450060348859463,0,240,Partial Control,Baseline,240,Baseline Partial Control
1394,2023,0,0,4,5,15,21,15,1128.921604812905,3.936714435800782,30.340563165905632,0.0290291967616342,0.0895070207161169,0,240,Partial Control,Baseline,240,Baseline Partial Control
1395,2023,0,0,0,15,15,21,13,1127.1982814717385,3.9632990460085344,24.62138508371385,1.9388560836831543,4.927983116749615,0,0,Manual Control,Baseline,0,Baseline Manual Control
1396,2022,0,0,1,5,42,18,17,1693.1352982344233,3.5131717666638838,0.8409436834094367,5.809175644033222e-05,0.0008941536793895,0,60,One Zone Controlled,Baseline,60,Baseline One Zone Controlled
1397,2023,0,0,0,5,10,21,13,1309.0705574804551,4.572054956947245,0.0095129375951293,1.5059809867638468e-05,0.0016137060745441,0,0,Manual Control,Baseline,0,Baseline Manual Control
1398,2022,1,0,4,10,15,18,15,1466.7225693859236,3.026114579556865,26.27473363774734,0.2980257393936086,1.133518546584095,3800,240,Partial Control,Fabric - Low cost,4040,Fabric - Low cost Partial Control
1399,2023,0,0,4,5,30,18,15,917.643319256294,3.137947407866532,15.361491628614916,0.0011106501602829,0.0060823018527504,0,240,Partial Control,Baseline,240,Baseline Partial Control
1400,2022,0,0,1,10,42,19,13,1311.5649796411808,2.719163798442423,23.013698630136982,1.230931829539304,3.517273007930387,0,60,One Zone Controlled,Baseline,60,Baseline One Zone Controlled
1401,2023,1,0,9,15,10,21,15,782.752168270172,2.684123433060415,53.04794520547945,0.0943561925207818,0.2415177189167528,3800,520,Full Control,Fabric - Low cost,4320,Fabric - Low cost Full Control
1402,2023,0,0,9,10,15,21,17,948.2256242011132,3.2412516946629495,49.76027397260274,0.0263282190780063,0.0655989412429014,0,520,Full Control,Baseline,520,Baseline Full Control
1403,2023,2,0,9,10,30,18,15,520.4511999898064,1.7327541643421338,36.25570776255708,0.0099287692797632,0.0351181403769952,16000,520,Full Control,Fabric - Shallow,16520,Fabric - Shallow Full Control
1404,2022,2,0,0,15,10,18,15,1385.026975924041,2.9114447930143603,11.343226788432268,0.3458900911979681,1.4276941418671811,16000,0,Manual Control,Fabric - Shallow,16000,Fabric - Shallow Manual Control
1405,2023,2,0,0,10,15,21,13,971.871262619434,3.417634681272874,19.14383561643836,1.0984045540923666,3.219133994440795,16000,0,Manual Control,Fabric - Shallow,16000,Fabric - Shallow Manual Control
1406,2022,0,0,9,5,15,18,17,1340.981723105189,2.7175894312532805,34.69748858447488,0.0014645597516515,0.0044795288905054,0,520,Full Control,Baseline,520,Baseline Full Control
1407,2023,0,0,9,5,15,21,17,948.2256242011132,3.2412516946629495,49.76027397260274,0.0263282190780063,0.0655989412429014,0,520,Full Control,Baseline,520,Baseline Full Control
1408,2023,0,0,0,10,15,19,17,1239.3517414035355,4.333361643760473,14.368340943683409,0.4461577331569704,1.4078952979791013,0,0,Manual Control,Baseline,0,Baseline Manual Control
1409,2023,2,0,9,5,42,20,15,601.5679070709178,2.045519701025448,49.20281582952816,0.0780713052636206,0.229034200949062,16000,520,Full Control,Fabric - Shallow,16520,Fabric - Shallow Full Control
1410,2023,2,0,0,15,42,18,13,659.7834633646717,2.265888641938899,17.67884322678843,0.7711424588962785,2.4725455230856674,16000,0,Manual Control,Fabric - Shallow,16000,Fabric - Shallow Manual Control
1411,2022,0,0,1,15,15,20,17,1905.0026081415092,3.967921702759004,22.994672754946727,1.054064196986699,2.7552311551665896,0,60,One Zone Controlled,Baseline,60,Baseline One Zone Controlled
1412,2023,2,0,9,10,15,21,15,650.3338952323685,2.236596278482775,53.18683409436834,0.1672017282474389,0.4894574641898284,16000,520,Full Control,Fabric - Shallow,16520,Fabric - Shallow Full Control
1413,2023,1,0,0,5,42,19,15,995.1817264453405,3.4197785306254893,0.0,0.0,0.0,3800,0,Manual Control,Fabric - Low cost,3800,Fabric - Low cost Manual Control
1414,2023,2,0,4,15,42,18,15,597.8094472350817,2.0203009100357425,30.464231354642312,0.5310123269413959,1.5585010274943143,16000,240,Partial Control,Fabric - Shallow,16240,Fabric - Shallow Partial Control
1415,2023,0,0,0,15,30,21,13,911.2699972797924,3.1571794674293896,36.66856925418569,2.7101568071862387,6.164973802214499,0,0,Manual Control,Baseline,0,Baseline Manual Control
1416,2022,1,0,9,15,42,19,17,1339.6074070667535,2.7303680168944684,34.296042617960424,0.0007601182707056,0.0038197258430859,3800,520,Full Control,Fabric - Low cost,4320,Fabric - Low cost Full Control
1417,2023,1,0,1,15,42,18,15,787.4432022132139,2.6814246051653208,21.143455098934552,0.8957445746992225,2.449366303742917,3800,60,One Zone Controlled,Fabric - Low cost,3860,Fabric - Low cost One Zone Controlled
1418,2022,0,0,4,10,42,19,17,1493.6348268612828,3.0618740545667342,28.84322678843227,0.4804003012395863,1.295107626642873,0,240,Partial Control,Baseline,240,Baseline Partial Control
1419,2022,0,0,9,10,30,19,17,1406.022225313542,2.8643270544358628,34.442541856925416,0.000642657374796,0.0029858977817669,0,520,Full Control,Baseline,520,Baseline Full Control
1420,2023,1,0,9,10,42,21,17,903.5862004195255,3.090935807848471,51.52016742770168,0.0374578526297002,0.0887261942349276,3800,520,Full Control,Fabric - Low cost,4320,Fabric - Low cost Full Control
1421,2022,0,0,1,15,10,21,15,1632.5806332505774,3.407696397122498,30.091324200913245,2.1778825380985043,5.153426221030848,0,60,One Zone Controlled,Baseline,60,Baseline One Zone Controlled
1422,2022,2,0,4,15,30,18,13,971.1455148675055,1.9991494549978424,30.574581430745813,0.5104141249885816,1.7443485011147717,16000,240,Partial Control,Fabric - Shallow,16240,Fabric - Shallow Partial Control
1423,2022,2,0,9,15,10,21,15,1079.9416250645281,2.2317044509924733,50.99505327245053,0.1759273711261098,0.5345365645105068,16000,520,Full Control,Fabric - Shallow,16520,Fabric - Shallow Full Control
1424,2023,2,0,1,5,15,21,15,1080.2069041468142,3.7945006965044863,6.803652968036529,0.0136611121789842,0.0852702100408246,16000,60,One Zone Controlled,Fabric - Shallow,16060,Fabric - Shallow One Zone Controlled
1425,2022,1,0,0,10,15,21,17,1957.8913689842739,4.107583595266888,20.007610350076103,1.2093517235112423,3.238479705518638,3800,0,Manual Control,Fabric - Low cost,3800,Fabric - Low cost Manual Control
1426,2022,1,0,1,10,30,20,15,1474.296111757373,3.065600810270992,24.748858447488583,1.3294636537249367,3.5680674101847583,3800,60,One Zone Controlled,Fabric - Low cost,3860,Fabric - Low cost One Zone Controlled
1427,2023,2,0,4,10,10,18,13,648.592675005004,2.235184906040391,28.35806697108067,0.3095708855959184,1.2398126064287756,16000,240,Partial Control,Fabric - Shallow,16240,Fabric - Shallow Partial Control
1428,2022,0,0,1,10,10,18,17,1806.2776298364352,3.754969703834884,13.37328767123288,0.2111707483800933,0.6892128824989096,0,60,One Zone Controlled,Baseline,60,Baseline One Zone Controlled
1429,2023,0,0,1,10,10,18,17,1095.9564348429337,3.7899415618196897,13.91552511415525,0.2208811450423752,0.696687837878861,0,60,One Zone Controlled,Baseline,60,Baseline One Zone Controlled
1430,2023,0,0,4,5,15,20,17,1177.8584212633025,4.087734170345365,20.51750380517504,0.002532658446195,0.0105593289769284,0,240,Partial Control,Baseline,240,Baseline Partial Control
1431,2023,2,0,9,15,15,19,15,558.8410540297684,1.87918120858973,43.451293759512936,0.0324214131536836,0.0966617572373523,16000,520,Full Control,Fabric - Shallow,16520,Fabric - Shallow Full Control
1432,2023,0,0,9,15,42,21,15,820.8885981405011,2.8112645532719127,52.00532724505327,0.0699301650466732,0.1743024396519897,0,520,Full Control,Baseline,520,Baseline Full Control
1433,2023,2,0,9,15,15,20,13,548.9870667683531,1.879442541726355,49.33409436834094,0.1590739960207377,0.5408996809549582,16000,520,Full Control,Fabric - Shallow,16520,Fabric - Shallow Full Control
1434,2022,1,0,0,15,30,19,13,1431.7258834072702,3.006185077101075,20.717275494672755,1.2885933079437013,3.68018270022854,3800,0,Manual Control,Fabric - Low cost,3800,Fabric - Low cost Manual Control
1435,2022,0,0,1,10,42,21,17,1576.9232521623803,3.2472019310897786,59.32838660578387,2.608821326348626,3.7335674704177313,0,60,One Zone Controlled,Baseline,60,Baseline One Zone Controlled
1436,2023,0,0,0,15,15,19,17,1191.310698395724,4.162055398983775,16.744672754946727,0.5765049551651179,1.6966139435477263,0,0,Manual Control,Baseline,0,Baseline Manual Control
1437,2023,0,0,1,15,10,21,17,1077.1675478976308,3.724330665524005,30.90182648401826,1.863387006563436,4.187428381622259,0,60,One Zone Controlled,Baseline,60,Baseline One Zone Controlled
1438,2023,0,0,0,5,15,18,17,1462.8999704738353,5.136839481491266,0.0,0.0,0.0,0,0,Manual Control,Baseline,0,Baseline Manual Control
1439,2022,2,0,0,5,42,21,15,1357.3895242189587,2.8289008315880877,58.734779299847794,1.5021263810710606,1.690986210362925,16000,0,Manual Control,Fabric - Shallow,16000,Fabric - Shallow Manual Control
1440,2023,0,0,0,5,42,19,17,1074.5406292800408,3.6850207877375087,0.0,0.0,0.0,0,0,Manual Control,Baseline,0,Baseline Manual Control
1441,2022,2,0,4,15,30,19,13,1000.7729816481235,2.073243315878967,35.75532724505327,0.8189543342519633,2.3917388329944376,16000,240,Partial Control,Fabric - Shallow,16240,Fabric - Shallow Partial Control
1442,2022,0,0,9,15,15,19,17,1406.022225313542,2.8643270544358628,34.442541856925416,0.000642657374796,0.0029858977817669,0,520,Full Control,Baseline,520,Baseline Full Control
1443,2022,2,0,0,10,30,19,15,1300.960790511305,2.71773053388231,16.400304414003045,0.7127534312456636,2.272270030062292,16000,0,Manual Control,Fabric - Shallow,16000,Fabric - Shallow Manual Control
1444,2022,0,0,4,15,10,18,17,1583.516697139679,3.259995177455048,24.96765601217656,0.2017681485237202,0.6162417457454025,0,240,Partial Control,Baseline,240,Baseline Partial Control
1445,2022,1,0,1,15,30,19,17,1568.9724480311902,3.2472648445887016,21.33751902587519,0.7734599643607167,1.953083741912034,3800,60,One Zone Controlled,Fabric - Low cost,3860,Fabric - Low cost One Zone Controlled
1446,2023,0,0,9,5,15,19,13,616.8508799915984,2.0783084307124553,43.71765601217656,0.0366072066049408,0.1097423081625162,0,520,Full Control,Baseline,520,Baseline Full Control
1447,2023,0,0,4,5,15,19,13,1037.6982351080965,3.614546146271994,22.330669710806696,0.0131161589103241,0.0530898921245506,0,240,Partial Control,Baseline,240,Baseline Partial Control
1448,2022,1,0,0,5,30,19,17,1862.8173555292328,3.905707348721516,0.0,0.0,0.0,3800,0,Manual Control,Fabric - Low cost,3800,Fabric - Low cost Manual Control
1449,2022,0,0,4,10,30,18,17,1530.8263949638692,3.1443644358185527,25.32914764079148,0.1807333016624981,0.5631197067292367,0,240,Partial Control,Baseline,240,Baseline Partial Control
1450,2022,0,0,9,10,42,19,17,1406.022225313542,2.8643270544358628,34.442541856925416,0.000642657374796,0.0029858977817669,0,520,Full Control,Baseline,520,Baseline Full Control
1451,2022,2,0,4,10,30,21,15,1161.7270709686588,2.4087786723181046,53.58257229832573,1.2391837218240285,3.09892215223344,16000,240,Partial Control,Fabric - Shallow,16240,Fabric - Shallow Partial Control
1452,2023,0,0,4,5,30,19,17,1020.3853099444541,3.494264037868616,14.627092846270928,0.0004010822123951,0.0024827435453693,0,240,Partial Control,Baseline,240,Baseline Partial Control
1453,2022,0,0,1,15,30,20,13,1405.7636166756306,2.938355566682168,27.92998477929985,1.9425578716659484,4.880906829834622,0,60,One Zone Controlled,Baseline,60,Baseline One Zone Controlled
1454,2023,1,0,1,15,30,21,17,960.0297340214524,3.2979482700981095,45.00380517503805,2.0459881458935985,4.373910647734134,3800,60,One Zone Controlled,Fabric - Low cost,3860,Fabric - Low cost One Zone Controlled
1455,2022,2,0,4,5,10,19,15,1326.2552348535623,2.7546296225518017,23.3675799086758,0.0138774675038022,0.0533261351317836,16000,240,Partial Control,Fabric - Shallow,16240,Fabric - Shallow Partial Control
1456,2022,0,0,0,15,30,20,17,1684.9772674718013,3.487701269050538,24.237062404870624,1.4218803219078988,3.317123267527951,0,0,Manual Control,Baseline,0,Baseline Manual Control
1457,2022,2,0,1,10,30,19,15,1235.3881001330453,2.566492719544808,20.36910197869102,0.7290321641727283,2.2696787049878604,16000,60,One Zone Controlled,Fabric - Shallow,16060,Fabric - Shallow One Zone Controlled
1458,2022,1,0,0,5,15,20,15,2285.2204289918395,4.8321913916348285,0.0019025875190258,1.1239166480571128e-05,0.0025766631774006,3800,0,Manual Control,Fabric - Low cost,3800,Fabric - Low cost Manual Control
1459,2022,1,0,4,15,42,18,15,1199.9884742766292,2.436565344490851,30.60882800608828,0.6350028368206342,1.7886397258193276,3800,240,Partial Control,Fabric - Low cost,4040,Fabric - Low cost Partial Control
1460,2023,1,0,1,15,10,20,17,1025.823035333298,3.547921203092067,25.54794520547945,1.2048721370683484,2.9468265680856884,3800,60,One Zone Controlled,Fabric - Low cost,3860,Fabric - Low cost One Zone Controlled
1461,2023,1,0,4,10,42,18,17,843.2315053757324,2.856759952990528,25.85616438356164,0.2042453991037184,0.6018861852381354,3800,240,Partial Control,Fabric - Low cost,4040,Fabric - Low cost Partial Control
1462,2023,0,0,4,5,42,19,13,817.9958425254401,2.7931438596261375,25.29870624048706,0.0167964883394895,0.0619596469428644,0,240,Partial Control,Baseline,240,Baseline Partial Control
1463,2023,2,0,1,10,42,21,15,682.7283732247835,2.336640867988229,61.42123287671233,2.8402813379699614,4.365516838918833,16000,60,One Zone Controlled,Fabric - Shallow,16060,Fabric - Shallow One Zone Controlled
1464,2022,1,0,1,10,42,19,17,1487.997796208855,3.0663373292172142,19.764079147640796,0.6640660896041275,1.734696186164255,3800,60,One Zone Controlled,Fabric - Low cost,3860,Fabric - Low cost One Zone Controlled
1465,2023,1,0,0,15,42,20,13,777.9176017571303,2.6711371271198443,35.03805175038052,2.2785890875260635,5.389108724966351,3800,0,Manual Control,Fabric - Low cost,3800,Fabric - Low cost Manual Control
1466,2022,0,0,1,15,42,21,17,1551.3415556212003,3.190919876364193,59.32267884322678,3.001826468654942,4.44750783720282,0,60,One Zone Controlled,Baseline,60,Baseline One Zone Controlled
1467,2022,0,0,4,15,42,18,13,1120.5608601964477,2.284727273789156,32.279299847793,0.8305672724529677,2.433699447928454,0,240,Partial Control,Baseline,240,Baseline Partial Control
1468,2023,1,0,1,5,15,20,17,1314.1919725674486,4.60610666374107,3.5521308980213093,0.0012152840810176,0.007899534282372,3800,60,One Zone Controlled,Fabric - Low cost,3860,Fabric - Low cost One Zone Controlled
1469,2022,0,0,9,5,42,18,17,1340.981723105189,2.7175894312532805,34.69748858447488,0.0014645597516515,0.0044795288905054,0,520,Full Control,Baseline,520,Baseline Full Control
1470,2022,1,0,1,5,42,18,13,1501.0416230545286,3.129442236595821,3.871765601217656,0.0032735607820073,0.0243375523169642,3800,60,One Zone Controlled,Fabric - Low cost,3860,Fabric - Low cost One Zone Controlled
1471,2023,0,0,0,5,10,18,17,1325.071689072779,4.621137838626435,0.0,0.0,0.0,0,0,Manual Control,Baseline,0,Baseline Manual Control
1472,2023,1,0,4,5,42,19,17,914.307418938578,3.113345824958575,15.331050228310502,0.0003801365906349,0.0024254420521545,3800,240,Partial Control,Fabric - Low cost,4040,Fabric - Low cost Partial Control
1473,2022,1,0,0,15,30,20,15,1477.679837330543,3.0837589199515287,24.179984779299847,1.7925546431033714,4.4317779593346,3800,0,Manual Control,Fabric - Low cost,3800,Fabric - Low cost Manual Control
1474,2022,1,0,0,10,10,19,15,1709.574765164115,3.592090474957692,15.827625570776254,0.7307367191620006,2.364007075821444,3800,0,Manual Control,Fabric - Low cost,3800,Fabric - Low cost Manual Control
1475,2022,2,0,0,5,42,20,15,1357.3895242189587,2.8289008315880877,17.954718417047182,0.0029852424603206,0.0196220088433373,16000,0,Manual Control,Fabric - Shallow,16000,Fabric - Shallow Manual Control
1476,2022,1,0,4,10,30,19,17,1489.5792183995063,3.0674856459481874,28.110730593607308,0.4232822082171218,1.1973901572997854,3800,240,Partial Control,Fabric - Low cost,4040,Fabric - Low cost Partial Control
1477,2022,2,0,4,15,42,21,15,1077.1047127479562,2.2189852643858607,56.9996194824962,2.310104949925754,3.9010313203227382,16000,240,Partial Control,Fabric - Shallow,16240,Fabric - Shallow Partial Control
1478,2023,1,0,4,15,30,19,15,783.4655809533215,2.6722261191784846,35.840943683409435,0.900295264498266,2.386962632559836,3800,240,Partial Control,Fabric - Low cost,4040,Fabric - Low cost Partial Control
1479,2023,0,0,1,5,15,18,13,1319.3893787230104,4.631813005688226,1.9748858447488584,0.0012670387240086,0.0121906547086634,0,60,One Zone Controlled,Baseline,60,Baseline One Zone Controlled
1480,2022,1,0,0,5,15,21,15,2285.2204289918395,4.8321913916348285,0.0038051750380517,4.0027885803921954e-05,0.0072905132362679,3800,0,Manual Control,Fabric - Low cost,3800,Fabric - Low cost Manual Control
1481,2023,1,0,1,5,42,21,17,997.9721833004323,3.42276927470982,61.653348554033485,1.4715012175345037,1.593898992320094,3800,60,One Zone Controlled,Fabric - Low cost,3860,Fabric - Low cost One Zone Controlled
1482,2022,0,0,0,5,30,20,13,1908.5159281453948,4.010442983242018,0.0057077625570776,1.1143906038735713e-05,0.0020884454444387,0,0,Manual Control,Baseline,0,Baseline Manual Control
1483,2023,1,0,1,5,15,20,13,1277.8493030650118,4.490854113455425,4.931506849315069,0.0067951403068142,0.0484564084994316,3800,60,One Zone Controlled,Fabric - Low cost,3860,Fabric - Low cost One Zone Controlled
1484,2022,2,0,1,10,42,21,13,1085.7198860433355,2.2576939258924047,58.56735159817351,2.896466704695015,4.687663254727875,16000,60,One Zone Controlled,Fabric - Shallow,16060,Fabric - Shallow One Zone Controlled
1485,2022,1,0,1,10,10,19,17,1730.9635717569226,3.603014554299608,16.63812785388128,0.5072510667316901,1.495908773927703,3800,60,One Zone Controlled,Fabric - Low cost,3860,Fabric - Low cost One Zone Controlled
1486,2023,2,0,9,10,10,20,13,548.9870667683531,1.879442541726355,49.33409436834094,0.1590739960207377,0.5408996809549582,16000,520,Full Control,Fabric - Shallow,16520,Fabric - Shallow Full Control
1487,2022,0,0,1,10,30,18,15,1532.6953670722664,3.1755066031126584,16.10159817351598,0.5744290636082738,1.8711792260397184,0,60,One Zone Controlled,Baseline,60,Baseline One Zone Controlled
1488,2022,1,0,1,15,42,19,17,1464.489558807578,3.0144776185245084,23.289573820395734,0.8826478186950263,2.0904018305149767,3800,60,One Zone Controlled,Fabric - Low cost,3860,Fabric - Low cost One Zone Controlled
1489,2022,2,0,9,15,42,20,15,1003.5094188934552,2.049717122347977,46.72945205479452,0.0831890358324485,0.2572801257366565,16000,520,Full Control,Fabric - Shallow,16520,Fabric - Shallow Full Control
1490,2023,0,0,0,10,42,18,17,970.4466110092875,3.3107841659344395,15.688736681887368,0.301367696195282,0.8557467477872642,0,0,Manual Control,Baseline,0,Baseline Manual Control
1491,2023,1,0,1,5,10,19,15,1163.8770561336826,4.057314195766217,3.704337899543379,0.0022288698699842,0.0150436493662906,3800,60,One Zone Controlled,Fabric - Low cost,3860,Fabric - Low cost One Zone Controlled
1492,2023,2,0,9,10,10,19,13,494.57226173061844,1.6724923197412656,44.43302891933029,0.0796498326947911,0.2738054815776297,16000,520,Full Control,Fabric - Shallow,16520,Fabric - Shallow Full Control
1493,2022,2,0,0,10,10,18,13,1438.658452988127,3.031288601529453,9.834474885844749,0.2999197612301014,1.4144029355663137,16000,0,Manual Control,Fabric - Shallow,16000,Fabric - Shallow Manual Control
1494,2022,2,0,1,15,30,18,13,1136.894583680006,2.374504276117389,17.714992389649925,0.6043361391084795,2.165617590050838,16000,60,One Zone Controlled,Fabric - Shallow,16060,Fabric - Shallow One Zone Controlled
1495,2022,2,0,0,10,30,20,15,1300.960790511305,2.71773053388231,19.70129375951294,1.1387895176786085,3.1965962434993807,16000,0,Manual Control,Fabric - Shallow,16000,Fabric - Shallow Manual Control
1496,2023,2,0,1,10,42,19,15,676.7974414481118,2.3095775287366127,22.734018264840184,0.9085873210558816,2.5766832662249795,16000,60,One Zone Controlled,Fabric - Shallow,16060,Fabric - Shallow One Zone Controlled
1497,2022,1,0,1,5,30,18,15,1713.765742742541,3.5854063705730685,2.2926179604261794,0.0006478802103751,0.0054976102073544,3800,60,One Zone Controlled,Fabric - Low cost,3860,Fabric - Low cost One Zone Controlled
1498,2022,2,0,0,15,30,19,13,1222.8460815155822,2.565679128313869,19.218036529680365,0.9820552246043966,2.9976653649944525,16000,0,Manual Control,Fabric - Shallow,16000,Fabric - Shallow Manual Control
1499,2022,1,0,0,10,42,20,15,1390.9361573705287,2.8790077231937485,28.75951293759513,1.5675756292711895,4.031627450003763,3800,0,Manual Control,Fabric - Low cost,3800,Fabric - Low cost Manual Control
1500,2023,0,0,4,15,30,21,17,977.4660911253565,3.3492689099530746,54.19710806697108,1.4740116467845197,3.219839106653872,0,240,Partial Control,Baseline,240,Baseline Partial Control
1501,2022,0,0,1,10,10,19,13,1615.9471009897288,3.3909629573940454,19.453957382039576,0.8598318256003943,2.7929634463968185,0,60,One Zone Controlled,Baseline,60,Baseline One Zone Controlled
1502,2022,2,0,1,5,30,20,15,1442.698944223214,3.020158394343173,6.396499238964992,0.0105501223468047,0.0651819234643542,16000,60,One Zone Controlled,Fabric - Shallow,16060,Fabric - Shallow One Zone Controlled
1503,2022,1,0,9,10,15,19,13,983.7579953821404,1.9948856703461635,42.81202435312024,0.0526813622605301,0.1629748715636403,3800,520,Full Control,Fabric - Low cost,4320,Fabric - Low cost Full Control
1504,2022,1,0,9,10,30,18,13,905.3536218505434,1.7995884351710496,39.362633181126334,0.0261283909158526,0.0847280993405621,3800,520,Full Control,Fabric - Low cost,4320,Fabric - Low cost Full Control
1505,2022,1,0,4,5,10,20,13,1556.228017544952,3.2644246008606514,27.722602739726028,0.0374791849131014,0.1426157870712838,3800,240,Partial Control,Fabric - Low cost,4040,Fabric - Low cost Partial Control
1506,2022,2,0,4,10,42,21,15,1095.781606767139,2.258299462295723,56.953957382039576,2.0063496266167054,3.3225616341531072,16000,240,Partial Control,Fabric - Shallow,16240,Fabric - Shallow Partial Control
1507,2022,1,0,9,5,15,20,15,1210.5931297950544,2.46891859392298,46.24048706240488,0.0495627359370685,0.1346703313640259,3800,520,Full Control,Fabric - Low cost,4320,Fabric - Low cost Full Control
1508,2022,1,0,4,15,15,18,15,1429.0048350588872,2.945359098072065,26.60578386605784,0.3793299735579599,1.3275290659446808,3800,240,Partial Control,Fabric - Low cost,4040,Fabric - Low cost Partial Control
1509,2022,2,0,4,15,10,20,13,1108.174357554619,2.318925866749682,39.071537290715376,1.0279232502671498,2.823823107662169,16000,240,Partial Control,Fabric - Shallow,16240,Fabric - Shallow Partial Control
1510,2023,1,0,1,5,15,20,15,1287.48954255477,4.519866199656525,4.8306697108066965,0.0047348884306635,0.0297897792657187,3800,60,One Zone Controlled,Fabric - Low cost,3860,Fabric - Low cost One Zone Controlled
1511,2022,2,0,9,5,30,19,15,938.328438499092,1.8898271729460951,42.43150684931507,0.0347154738479955,0.1098746020348765,16000,520,Full Control,Fabric - Shallow,16520,Fabric - Shallow Full Control
1512,2022,0,0,1,15,10,19,13,1545.6396835512528,3.243169588418743,21.74847792998478,1.1247486629869603,3.384388695638222,0,60,One Zone Controlled,Baseline,60,Baseline One Zone Controlled
1513,2023,1,0,1,10,42,21,13,778.6266877442445,2.674367793346813,62.10806697108067,3.1721546567915744,5.114168135543808,3800,60,One Zone Controlled,Fabric - Low cost,3860,Fabric - Low cost One Zone Controlled
1514,2022,1,0,1,5,42,21,15,1560.1713644061058,3.2526634651676543,59.05251141552511,1.441828802534905,1.620841024608727,3800,60,One Zone Controlled,Fabric - Low cost,3860,Fabric - Low cost One Zone Controlled
1515,2022,2,0,9,10,15,21,13,1002.170311024158,2.093371827757312,51.01978691019787,0.3096963698029339,1.0188116869318231,16000,520,Full Control,Fabric - Shallow,16520,Fabric - Shallow Full Control
1516,2022,2,0,1,15,30,19,15,1195.1076737096275,2.480081564904062,22.766362252663622,0.9575988839348184,2.757355242181265,16000,60,One Zone Controlled,Fabric - Shallow,16060,Fabric - Shallow One Zone Controlled
1517,2023,1,0,1,5,30,19,13,1034.7095008419656,3.585077256699153,4.665144596651446,0.0051873948267906,0.0365401430561432,3800,60,One Zone Controlled,Fabric - Low cost,3860,Fabric - Low cost One Zone Controlled
1518,2023,0,0,9,15,15,18,13,561.5661884915917,1.8695547949679265,37.62937595129376,0.017212287678914,0.0584673070854036,0,520,Full Control,Baseline,520,Baseline Full Control
1519,2023,0,0,1,15,10,20,17,1074.3104387592023,3.712919480212837,24.912480974124808,1.2333127411288218,2.999803967879596,0,60,One Zone Controlled,Baseline,60,Baseline One Zone Controlled
1520,2022,0,0,0,5,10,18,15,2146.5435999515485,4.52416081854268,0.0,0.0,0.0,0,0,Manual Control,Baseline,0,Baseline Manual Control
1521,2023,1,0,4,5,42,20,15,853.1315880534213,2.915715127973935,46.79984779299848,0.0249432513365776,0.0733130118096395,3800,240,Partial Control,Fabric - Low cost,4040,Fabric - Low cost Partial Control
1522,2022,0,0,4,5,30,18,15,1513.213382100548,3.116443455688669,16.07496194824962,0.0012554338638568,0.0067853561688389,0,240,Partial Control,Baseline,240,Baseline Partial Control
1523,2023,1,0,1,10,10,18,15,976.245434722456,3.387155430265374,15.340563165905632,0.4516034963999312,1.5750540544699123,3800,60,One Zone Controlled,Fabric - Low cost,3860,Fabric - Low cost One Zone Controlled
1524,2022,1,0,1,15,30,21,15,1432.8419731947042,2.978120201206324,45.089421613394215,2.42917328943818,5.471432683938532,3800,60,One Zone Controlled,Fabric - Low cost,3860,Fabric - Low cost One Zone Controlled
1525,2023,0,0,0,10,30,19,15,980.6247506272769,3.386567095137308,17.26978691019787,0.9429875668207536,2.748355048830666,0,0,Manual Control,Baseline,0,Baseline Manual Control
1526,2023,0,0,9,15,10,20,17,898.6416013023711,3.0508139763024302,42.02625570776256,0.0054222004976782,0.0188643366029278,0,520,Full Control,Baseline,520,Baseline Full Control
1527,2023,0,0,1,10,30,20,15,935.5832499157592,3.2208077091094807,25.500380517503807,1.3686894138871115,3.6407774462690248,0,60,One Zone Controlled,Baseline,60,Baseline One Zone Controlled
1528,2022,0,0,0,10,15,18,17,2048.2913011317164,4.2901931195769665,10.214992389649924,0.1661786280898681,0.6208012303663383,0,0,Manual Control,Baseline,0,Baseline Manual Control
1529,2022,0,0,9,10,30,20,13,1123.998529890416,2.309435916030157,45.72298325722984,0.0711762613178607,0.2151837274618383,0,520,Full Control,Baseline,520,Baseline Full Control
1530,2022,0,0,1,5,15,18,15,2197.7606963100393,4.625175063326808,1.234779299847793,0.0002452866397592,0.0027142684810211,0,60,One Zone Controlled,Baseline,60,Baseline One Zone Controlled
1531,2022,2,0,0,15,30,19,15,1246.3037544773042,2.602589326430504,19.16856925418569,0.9298692123455856,2.7423357289942167,16000,0,Manual Control,Fabric - Shallow,16000,Fabric - Shallow Manual Control
1532,2022,1,0,1,5,30,19,13,1690.1891302612694,3.549192665089496,4.659436834094368,0.0057230854039992,0.0403135815376558,3800,60,One Zone Controlled,Fabric - Low cost,3860,Fabric - Low cost One Zone Controlled
1533,2023,1,0,4,10,10,18,15,831.0037992619059,2.8484485228909566,27.07001522070015,0.3648491351705084,1.243945724954516,3800,240,Partial Control,Fabric - Low cost,4040,Fabric - Low cost Partial Control
1534,2023,2,0,0,10,15,21,15,975.6327704011154,3.428406595632356,19.096270928462708,1.0833901021482923,3.141216760679074,16000,0,Manual Control,Fabric - Shallow,16000,Fabric - Shallow Manual Control
1535,2022,2,0,9,15,15,19,13,827.6007215108874,1.681515942729973,43.203957382039576,0.08700199556344,0.3092952086481293,16000,520,Full Control,Fabric - Shallow,16520,Fabric - Shallow Full Control
1536,2023,0,0,4,10,10,20,13,849.3994342072556,2.939153956503351,39.7203196347032,0.985268673303292,2.81309061514189,0,240,Partial Control,Baseline,240,Baseline Partial Control
1537,2023,0,0,4,5,42,21,17,1002.4499012504208,3.431476614965355,59.23706240487062,1.0287304004679192,1.203367640406564,0,240,Partial Control,Baseline,240,Baseline Partial Control
1538,2023,1,0,4,5,10,21,17,1077.8845100259089,3.7317712698939998,30.01522070015221,0.0181501315177777,0.0519864867433283,3800,240,Partial Control,Fabric - Low cost,4040,Fabric - Low cost Partial Control
1539,2023,1,0,1,5,42,21,15,953.3240642180203,3.2753531119555737,61.670471841704725,1.4796013439469822,1.6027459995720086,3800,60,One Zone Controlled,Fabric - Low cost,3860,Fabric - Low cost One Zone Controlled
1540,2022,2,0,1,10,15,19,15,1495.0131520160792,3.1407159844072288,15.757229832572298,0.4234951298833869,1.642954718346599,16000,60,One Zone Controlled,Fabric - Shallow,16060,Fabric - Shallow One Zone Controlled
1541,2022,0,0,9,5,10,20,17,1481.1254950858777,3.0356532424495053,40.07420091324201,0.0059205984468734,0.0211134829259367,0,520,Full Control,Baseline,520,Baseline Full Control
1542,2023,2,0,4,15,10,18,15,677.6970144064329,2.324112930600883,27.25646879756469,0.3307883981968882,1.1880583262889346,16000,240,Partial Control,Fabric - Shallow,16240,Fabric - Shallow Partial Control
1543,2022,0,0,4,5,15,21,13,1801.8188249818265,3.793183647916449,29.55289193302892,0.0460179925149932,0.172860659296564,0,240,Partial Control,Baseline,240,Baseline Partial Control
1544,2022,1,0,0,15,42,18,13,1275.1752871927356,2.6568223610426176,18.8603500761035,1.0399231973249878,3.1343985658731883,3800,0,Manual Control,Fabric - Low cost,3800,Fabric - Low cost Manual Control
1545,2022,1,0,1,10,10,18,17,1725.1697091985518,3.5910034859262354,13.226788432267885,0.2034534396152514,0.6722021479051526,3800,60,One Zone Controlled,Fabric - Low cost,3860,Fabric - Low cost One Zone Controlled
1546,2023,0,0,0,15,42,20,15,852.2189879810093,2.9105596392767343,33.858447488584474,2.1691526424058685,4.980959228149745,0,0,Manual Control,Baseline,0,Baseline Manual Control
1547,2022,0,0,9,5,15,21,13,1231.2515824936554,2.5580499998222317,49.79261796042618,0.1241401238294264,0.3869233203827027,0,520,Full Control,Baseline,520,Baseline Full Control
1548,2022,2,0,1,10,10,18,15,1359.2013481156878,2.837636128513917,13.150684931506849,0.3080456214023875,1.2671059246086869,16000,60,One Zone Controlled,Fabric - Shallow,16060,Fabric - Shallow One Zone Controlled
1549,2023,0,0,9,15,42,19,13,616.8508799915984,2.0783084307124553,43.71765601217656,0.0366072066049408,0.1097423081625162,0,520,Full Control,Baseline,520,Baseline Full Control
1550,2023,2,0,9,10,15,20,15,601.5679070709178,2.045519701025448,49.20281582952816,0.0780713052636206,0.229034200949062,16000,520,Full Control,Fabric - Shallow,16520,Fabric - Shallow Full Control
1551,2022,1,0,4,10,10,20,13,1340.6764603982,2.8008224835564115,39.09246575342466,0.96146278512173,2.7634237564870663,3800,240,Partial Control,Fabric - Low cost,4040,Fabric - Low cost Partial Control
1552,2022,2,0,0,10,30,21,13,1283.1699503240256,2.689740220113747,32.71499238964992,1.6992971157264214,4.390047591213578,16000,0,Manual Control,Fabric - Shallow,16000,Fabric - Shallow Manual Control
1553,2023,2,0,0,10,30,20,13,781.0578244781817,2.705991058891192,19.979071537290714,1.172353127577232,3.325520730563116,16000,0,Manual Control,Fabric - Shallow,16000,Fabric - Shallow Manual Control
1554,2023,1,0,1,10,42,20,15,816.6936436909428,2.7881161615299135,42.32115677321156,1.5320866333303425,3.88480072979804,3800,60,One Zone Controlled,Fabric - Low cost,3860,Fabric - Low cost One Zone Controlled
1555,2022,2,0,0,5,30,18,17,1546.8848204344156,3.239071710644155,0.0,0.0,0.0,16000,0,Manual Control,Fabric - Shallow,16000,Fabric - Shallow Manual Control
1556,2023,0,0,1,10,15,18,15,1112.0741852746967,3.883693743949507,13.476027397260273,0.3781145208745531,1.4278130831905265,0,60,One Zone Controlled,Baseline,60,Baseline One Zone Controlled
1557,2023,0,0,4,10,10,18,17,974.0528734031227,3.33538396775497,23.995433789954337,0.1642302272329995,0.5306686333272543,0,240,Partial Control,Baseline,240,Baseline Partial Control
1558,2023,0,0,9,15,30,21,15,820.8885981405011,2.8112645532719127,52.00532724505327,0.0699301650466732,0.1743024396519897,0,520,Full Control,Baseline,520,Baseline Full Control
1559,2023,0,0,9,15,30,21,17,948.2256242011132,3.2412516946629495,49.76027397260274,0.0263282190780063,0.0655989412429014,0,520,Full Control,Baseline,520,Baseline Full Control
1560,2022,1,0,4,5,30,20,17,1629.137923682914,3.383276907976926,23.327625570776256,0.0058967936048487,0.0209833436957402,3800,240,Partial Control,Fabric - Low cost,4040,Fabric - Low cost Partial Control
1561,2022,1,0,4,5,42,20,15,1404.7878504909154,2.9033683301459825,44.93150684931507,0.0255120860355005,0.078765697397313,3800,240,Partial Control,Fabric - Low cost,4040,Fabric - Low cost Partial Control
1562,2023,0,0,1,5,10,18,17,1249.5149239421191,4.3451360589898735,0.4394977168949771,0.0001046445521779,0.0017519980586298,0,60,One Zone Controlled,Baseline,60,Baseline One Zone Controlled
1563,2022,0,0,4,5,10,18,13,1543.299584807081,3.207831782405724,19.562404870624047,0.0073195372031675,0.0327106574720626,0,240,Partial Control,Baseline,240,Baseline Partial Control
1564,2022,1,0,4,5,15,21,15,1781.4917366209463,3.737684229722471,30.30821917808219,0.0401490271818252,0.1310919368568598,3800,240,Partial Control,Fabric - Low cost,4040,Fabric - Low cost Partial Control
1565,2023,1,0,0,10,10,20,13,1028.1536099949255,3.590916340822033,18.548325722983257,1.1895054482472478,3.4630359443019114,3800,0,Manual Control,Fabric - Low cost,3800,Fabric - Low cost Manual Control
1566,2022,0,0,9,5,30,21,17,1564.0233816317295,3.217943890621078,47.720700152207,0.0274751903637385,0.0699432444377022,0,520,Full Control,Baseline,520,Baseline Full Control
1567,2022,0,0,4,15,30,21,13,1317.9999186562166,2.7472913572001962,53.6910197869102,1.9250837816807285,4.470205992442741,0,240,Partial Control,Baseline,240,Baseline Partial Control
1568,2022,1,0,4,10,10,18,13,1268.2307716937178,2.623536807075232,29.76027397260274,0.4377633063898654,1.6123181680835557,3800,240,Partial Control,Fabric - Low cost,4040,Fabric - Low cost Partial Control
1569,2022,1,0,0,15,10,19,13,1600.55781355136,3.3774258242515502,18.369482496194824,1.0174958503300249,3.1645581869643213,3800,0,Manual Control,Fabric - Low cost,3800,Fabric - Low cost Manual Control
1570,2023,0,0,0,15,10,20,15,1037.0775908433136,3.611698346442111,22.258371385083716,1.5631095077330053,4.050790317779722,0,0,Manual Control,Baseline,0,Baseline Manual Control
1571,2023,0,0,4,15,42,19,17,897.3865331053794,3.0432137785436364,30.92465753424657,0.6385712970370105,1.5488346767955516,0,240,Partial Control,Baseline,240,Baseline Partial Control
1572,2023,0,0,1,15,15,21,15,1077.205148527307,3.7666481999597368,28.94786910197869,1.9038082235576257,4.700705617353674,0,60,One Zone Controlled,Baseline,60,Baseline One Zone Controlled
1573,2022,0,0,0,15,10,20,13,1667.020195124022,3.512630820416591,22.51902587519026,1.630037983920483,4.39749382954818,0,0,Manual Control,Baseline,0,Baseline Manual Control
1574,2023,0,0,1,5,15,20,17,1374.4835438619339,4.813370973646265,2.589421613394216,0.0005764225322866,0.0043995292408333,0,60,One Zone Controlled,Baseline,60,Baseline One Zone Controlled
1575,2022,0,0,0,15,42,20,17,1564.8631773363593,3.220344219241524,31.238584474885844,1.60550898916081,3.543860044343447,0,0,Manual Control,Baseline,0,Baseline Manual Control
1576,2022,1,0,9,10,30,21,17,1489.6572953555358,3.068767476500286,49.37024353120243,0.03905219624427,0.0970727262292254,3800,520,Full Control,Fabric - Low cost,4320,Fabric - Low cost Full Control
1577,2022,0,0,0,10,15,18,15,1974.1368566563171,4.157543685564518,10.460426179604262,0.3442300049076049,1.4054812162159909,0,0,Manual Control,Baseline,0,Baseline Manual Control
1578,2022,0,0,9,15,42,19,13,1030.3874282782822,2.0850983631431212,41.75228310502283,0.0391124846490885,0.1201912359935138,0,520,Full Control,Baseline,520,Baseline Full Control
1579,2022,1,0,0,10,15,18,15,1893.3364272597494,3.99332633209368,10.133181126331811,0.317000018676312,1.3309337143639406,3800,0,Manual Control,Fabric - Low cost,3800,Fabric - Low cost Manual Control
1580,2023,0,0,1,15,30,21,13,863.765857642781,2.9900254491108402,47.57610350076104,2.638353872537277,5.981807097208549,0,60,One Zone Controlled,Baseline,60,Baseline One Zone Controlled
1581,2022,2,0,0,15,10,19,13,1368.6932749979833,2.887484799285041,16.248097412480973,0.7196476190494983,2.4845307954007225,16000,0,Manual Control,Fabric - Shallow,16000,Fabric - Shallow Manual Control
1582,2023,0,0,0,15,15,18,13,1127.1982814717385,3.9632990460085344,12.922374429223742,0.4727007970206247,1.906530522588604,0,0,Manual Control,Baseline,0,Baseline Manual Control
1583,2023,1,0,1,5,42,20,15,947.8910369888248,3.2530249199069576,30.842846270928465,0.0096566635624115,0.0411144735594732,3800,60,One Zone Controlled,Fabric - Low cost,3860,Fabric - Low cost One Zone Controlled
1584,2023,1,0,0,15,15,18,13,1082.6809634344295,3.8096871514045847,12.395357686453575,0.4278267547455079,1.7893804462845992,3800,0,Manual Control,Fabric - Low cost,3800,Fabric - Low cost Manual Control
1585,2022,0,0,4,10,15,21,17,1790.452800550344,3.715726231259592,39.87062404870624,0.919926359090555,2.4308095458873358,0,240,Partial Control,Baseline,240,Baseline Partial Control
1586,2023,0,0,9,5,15,20,17,898.6416013023711,3.0508139763024302,42.02625570776256,0.0054222004976782,0.0188643366029278,0,520,Full Control,Baseline,520,Baseline Full Control
1587,2022,1,0,1,15,10,18,13,1479.2112867368226,3.1055813278954374,17.25646879756469,0.6642717738549425,2.3626631748433184,3800,60,One Zone Controlled,Fabric - Low cost,3860,Fabric - Low cost One Zone Controlled
1588,2023,2,0,0,5,10,18,17,1048.6053525743655,3.6615680469032883,0.0,0.0,0.0,16000,0,Manual Control,Fabric - Shallow,16000,Fabric - Shallow Manual Control
1589,2023,2,0,4,5,15,19,13,836.8620939633,2.918057138759817,22.89764079147641,0.0232215690135118,0.1031243406536053,16000,240,Partial Control,Fabric - Shallow,16240,Fabric - Shallow Partial Control
1590,2022,0,0,9,15,15,18,17,1340.981723105189,2.7175894312532805,34.69748858447488,0.0014645597516515,0.0044795288905054,0,520,Full Control,Baseline,520,Baseline Full Control
1591,2022,0,0,9,15,10,19,15,1188.0144321894252,2.390837618042644,39.60806697108067,0.0141444035774809,0.0457365904729932,0,520,Full Control,Baseline,520,Baseline Full Control
1592,2022,0,0,0,5,15,21,13,2387.6566214856743,5.045999762780375,0.0019025875190258,1.3068888638490508e-05,0.0029961406998071,0,0,Manual Control,Baseline,0,Baseline Manual Control
1593,2022,0,0,4,5,15,20,13,1752.865909244593,3.680553130426441,25.99505327245053,0.0260951856214044,0.0984502217281407,0,240,Partial Control,Baseline,240,Baseline Partial Control
1594,2023,2,0,1,5,42,20,15,785.0920191335576,2.694784790513558,31.8531202435312,0.0141005020018636,0.0667561022270737,16000,60,One Zone Controlled,Fabric - Shallow,16060,Fabric - Shallow One Zone Controlled
1595,2023,2,0,9,15,30,21,13,607.3150679585353,2.1029844479110125,53.24200913242009,0.2985642591029327,0.9697027119666884,16000,520,Full Control,Fabric - Shallow,16520,Fabric - Shallow Full Control
1596,2022,2,0,9,10,42,20,15,1003.5094188934552,2.049717122347977,46.72945205479452,0.0831890358324485,0.2572801257366565,16000,520,Full Control,Fabric - Shallow,16520,Fabric - Shallow Full Control
1597,2022,2,0,0,15,30,20,15,1246.3037544773042,2.602589326430504,23.533105022831048,1.5015116028040305,3.860439929296214,16000,0,Manual Control,Fabric - Shallow,16000,Fabric - Shallow Manual Control
1598,2022,1,0,1,5,30,21,17,1797.594761325176,3.7607640891762775,28.28957382039573,0.0077349889199169,0.0314838300410623,3800,60,One Zone Controlled,Fabric - Low cost,3860,Fabric - Low cost One Zone Controlled
1599,2023,2,0,0,5,30,21,13,931.0128225366103,3.2286396470864402,17.971841704718415,0.0033240954930921,0.0251803350033607,16000,0,Manual Control,Fabric - Shallow,16000,Fabric - Shallow Manual Control
1600,2022,1,0,0,15,30,20,13,1431.7258834072702,3.006185077101075,24.256088280060883,1.8981099120403768,4.816757122342904,3800,0,Manual Control,Fabric - Low cost,3800,Fabric - Low cost Manual Control
1601,2023,1,0,9,15,42,20,13,649.7242095620795,2.218521505835328,49.393074581430746,0.0898898197526876,0.2690887219275529,3800,520,Full Control,Fabric - Low cost,4320,Fabric - Low cost Full Control
1602,2023,1,0,1,15,30,18,13,814.8300782193695,2.8139513284484474,19.853500761035008,0.8459315325019567,2.672465561857477,3800,60,One Zone Controlled,Fabric - Low cost,3860,Fabric - Low cost One Zone Controlled
1603,2023,2,0,9,10,42,19,15,558.8410540297684,1.87918120858973,43.451293759512936,0.0324214131536836,0.0966617572373523,16000,520,Full Control,Fabric - Shallow,16520,Fabric - Shallow Full Control
1604,2022,1,0,0,10,30,20,13,1502.8106358486898,3.1545007679959443,20.25304414003044,1.4373112432956765,4.001259531523022,3800,0,Manual Control,Fabric - Low cost,3800,Fabric - Low cost Manual Control
1605,2023,2,0,4,5,30,20,13,736.4129094861913,2.5430621997362426,30.116057838660577,0.0590738417314124,0.2385063549212153,16000,240,Partial Control,Fabric - Shallow,16240,Fabric - Shallow Partial Control
1606,2023,0,0,1,10,30,19,17,1020.8433661618764,3.504038699736317,17.929984779299847,0.6088707577679677,1.668502136702765,0,60,One Zone Controlled,Baseline,60,Baseline One Zone Controlled
1607,2023,0,0,9,5,15,18,17,807.3059220550748,2.7101445703606633,34.24657534246575,0.0013781256800595,0.0043928712353714,0,520,Full Control,Baseline,520,Baseline Full Control
1608,2023,2,0,0,15,15,19,13,923.5112673100842,3.2509102956905322,13.877473363774731,0.4927018077589386,1.9600564102373228,16000,0,Manual Control,Fabric - Shallow,16000,Fabric - Shallow Manual Control
1609,2023,1,0,9,15,30,20,17,854.2893959105761,2.901465282398919,44.82496194824962,0.0106837481478997,0.0311190586886323,3800,520,Full Control,Fabric - Low cost,4320,Fabric - Low cost Full Control
1610,2023,1,0,9,10,10,21,13,715.7748219346186,2.47191390685231,53.11834094368341,0.1635952853235133,0.5021388083254766,3800,520,Full Control,Fabric - Low cost,4320,Fabric - Low cost Full Control
1611,2022,2,0,4,15,42,20,13,968.6503723482483,2.005292364653873,49.89916286149163,1.434056287047897,3.4884079295474955,16000,240,Partial Control,Fabric - Shallow,16240,Fabric - Shallow Partial Control
1612,2023,2,0,0,10,42,21,13,691.1196867075028,2.372471512273134,61.84931506849315,3.050184945877633,4.763063745883892,16000,0,Manual Control,Fabric - Shallow,16000,Fabric - Shallow Manual Control
1613,2023,0,0,9,15,30,18,17,807.3059220550748,2.7101445703606633,34.24657534246575,0.0013781256800595,0.0043928712353714,0,520,Full Control,Baseline,520,Baseline Full Control
1614,2023,1,0,1,15,15,18,13,989.9971806931201,3.4730573544100833,15.81240487062405,0.4994732996776591,1.982528835710412,3800,60,One Zone Controlled,Fabric - Low cost,3860,Fabric - Low cost One Zone Controlled
1615,2022,0,0,4,15,10,21,17,1680.2765432784918,3.4759991378878827,42.00342465753425,1.323996540858558,3.032175842979276,0,240,Partial Control,Baseline,240,Baseline Partial Control
1616,2022,2,0,4,10,42,21,13,1029.1885451212067,2.140536752945338,56.96917808219178,2.1309640091086712,3.624838897416367,16000,240,Partial Control,Fabric - Shallow,16240,Fabric - Shallow Partial Control
1617,2022,0,0,0,10,10,19,17,1880.218723680072,3.921336050907773,15.958904109589042,0.5189110359824256,1.5560904258992052,0,0,Manual Control,Baseline,0,Baseline Manual Control
1618,2023,0,0,0,10,15,18,15,1198.1733233640305,4.204398856877406,11.238584474885844,0.337613052297569,1.350143015140586,0,0,Manual Control,Baseline,0,Baseline Manual Control
1619,2022,2,0,0,15,10,21,13,1368.6932749979833,2.887484799285041,25.65639269406393,1.8339042382672024,4.604980685089893,16000,0,Manual Control,Fabric - Shallow,16000,Fabric - Shallow Manual Control
1620,2022,1,0,4,15,10,18,17,1509.0359803484937,3.109771908897442,24.8820395738204,0.1936610311570016,0.5988960710514578,3800,240,Partial Control,Fabric - Low cost,4040,Fabric - Low cost Partial Control
1621,2022,1,0,9,5,42,21,17,1489.6572953555358,3.068767476500286,49.37024353120243,0.03905219624427,0.0970727262292254,3800,520,Full Control,Fabric - Low cost,4320,Fabric - Low cost Full Control
1622,2022,0,0,1,5,30,21,15,1813.776906324089,3.800259771214428,30.391933028919333,0.0123686808909659,0.0573051424349348,0,60,One Zone Controlled,Baseline,60,Baseline One Zone Controlled
1623,2022,2,0,0,5,42,18,15,1357.3895242189587,2.8289008315880877,0.0,0.0,0.0,16000,0,Manual Control,Fabric - Shallow,16000,Fabric - Shallow Manual Control
1624,2023,1,0,9,15,15,18,13,536.6601521515096,1.7879662932758387,38.85464231354642,0.0242556688817326,0.0775731027605174,3800,520,Full Control,Fabric - Low cost,4320,Fabric - Low cost Full Control
1625,2022,2,0,1,15,42,18,13,1022.4867519817719,2.117032062560576,20.724885844748854,0.8143983930806448,2.5857093792859795,16000,60,One Zone Controlled,Fabric - Shallow,16060,Fabric - Shallow One Zone Controlled
1626,2023,2,0,1,10,30,18,15,745.5939381116664,2.5667112865005897,15.73820395738204,0.4101213046006949,1.4627652188337754,16000,60,One Zone Controlled,Fabric - Shallow,16060,Fabric - Shallow One Zone Controlled
1627,2023,0,0,4,5,10,18,15,988.1758068570929,3.4030514851721367,14.969558599695588,0.0010366609890352,0.0058153058391419,0,240,Partial Control,Baseline,240,Baseline Partial Control
1628,2022,1,0,9,5,30,18,13,905.3536218505434,1.7995884351710496,39.362633181126334,0.0261283909158526,0.0847280993405621,3800,520,Full Control,Fabric - Low cost,4320,Fabric - Low cost Full Control
1629,2022,2,0,4,10,15,21,13,1260.81116702018,2.6556906538772678,41.93873668188737,1.0072144129322826,2.771876605684852,16000,240,Partial Control,Fabric - Shallow,16240,Fabric - Shallow Partial Control
1630,2022,0,0,1,10,15,18,17,1953.261156917635,4.073895470398957,11.94254185692542,0.1772010996849487,0.6273885959111951,0,60,One Zone Controlled,Baseline,60,Baseline One Zone Controlled
1631,2022,2,0,9,15,30,21,13,1002.170311024158,2.093371827757312,51.01978691019787,0.3096963698029339,1.0188116869318231,16000,520,Full Control,Fabric - Shallow,16520,Fabric - Shallow Full Control
1632,2023,2,0,1,10,42,20,15,679.2783212988734,2.321316912638485,42.58181126331812,1.3602082834032172,3.5070712527340246,16000,60,One Zone Controlled,Fabric - Shallow,16060,Fabric - Shallow One Zone Controlled
1633,2023,2,0,4,15,42,19,15,613.1089607328544,2.0794270803340007,37.29261796042618,0.8856819215775054,2.30664774571599,16000,240,Partial Control,Fabric - Shallow,16240,Fabric - Shallow Partial Control
1634,2022,0,0,1,10,15,20,13,1792.6167285557551,3.7783520560418626,21.40030441400304,1.053945156649835,3.243096151540277,0,60,One Zone Controlled,Baseline,60,Baseline One Zone Controlled
1635,2023,0,0,0,5,42,20,13,1035.35281379986,3.558873271043901,15.131278538812785,0.0023091805578619,0.0131800347883442,0,0,Manual Control,Baseline,0,Baseline Manual Control
1636,2023,1,0,4,15,10,20,17,951.0587770387948,3.268374205893056,37.69216133942162,0.8752106306531556,2.1599447374179577,3800,240,Partial Control,Fabric - Low cost,4040,Fabric - Low cost Partial Control
1637,2023,0,0,4,10,42,20,13,741.1952668281866,2.533359113306541,52.23363774733638,1.2583564102812712,3.3232156832386703,0,240,Partial Control,Baseline,240,Baseline Partial Control
1638,2023,0,0,1,15,42,19,17,934.0007538453767,3.179667129405705,23.291476407914764,0.9087109245936636,2.142471509847064,0,60,One Zone Controlled,Baseline,60,Baseline One Zone Controlled
1639,2022,0,0,1,5,10,21,15,2010.4190422559159,4.229679267440656,6.270928462709284,0.0091665909003728,0.0506732080544177,0,60,One Zone Controlled,Baseline,60,Baseline One Zone Controlled
1640,2023,0,0,4,15,30,20,15,841.13758493227,2.8768635823843343,41.34703196347032,1.3391128647671555,3.257109749852751,0,240,Partial Control,Baseline,240,Baseline Partial Control
1641,2023,1,0,4,10,30,20,13,761.5060083359909,2.6214276039836553,41.87595129375951,1.0961592951378147,2.989696887533013,3800,240,Partial Control,Fabric - Low cost,4040,Fabric - Low cost Partial Control
1642,2023,0,0,1,5,10,20,13,1206.9896648601593,4.212471838234317,5.234018264840183,0.0066507709331807,0.0456267906758952,0,60,One Zone Controlled,Baseline,60,Baseline One Zone Controlled
1643,2022,0,0,4,15,30,20,17,1574.1326062072012,3.2446110082537825,36.394596651445966,0.9744420632642709,2.2976554557525777,0,240,Partial Control,Baseline,240,Baseline Partial Control
1644,2022,1,0,9,10,15,20,17,1408.277130087805,2.888746184952206,42.25076103500761,0.0113606745060975,0.034253067587776,3800,520,Full Control,Fabric - Low cost,4320,Fabric - Low cost Full Control
1645,2023,2,0,0,15,42,18,15,678.1750384222387,2.321166117318114,17.667427701674278,0.6911954332290035,2.0967797479468526,16000,0,Manual Control,Fabric - Shallow,16000,Fabric - Shallow Manual Control
1646,2022,1,0,0,10,15,19,15,1893.3364272597494,3.99332633209368,13.793759512937594,0.5773064674177456,2.047150175135311,3800,0,Manual Control,Fabric - Low cost,3800,Fabric - Low cost Manual Control
1647,2022,0,0,4,10,10,20,15,1503.2725377650218,3.109186613526639,37.89954337899543,0.9000718169874077,2.544835289004172,0,240,Partial Control,Baseline,240,Baseline Partial Control
1648,2023,1,0,1,10,42,19,17,904.9530428145974,3.0840640487797852,19.674657534246577,0.6673429147750309,1.752743988375023,3800,60,One Zone Controlled,Fabric - Low cost,3860,Fabric - Low cost One Zone Controlled
1649,2023,2,0,4,15,42,18,13,542.9886939471197,1.8425924791949655,32.1841704718417,0.6350976284044547,1.957583467379387,16000,240,Partial Control,Fabric - Shallow,16240,Fabric - Shallow Partial Control
1650,2022,0,0,4,10,42,20,13,1221.011015515077,2.521224697987585,50.114155251141554,1.2513739807482267,3.341036570795712,0,240,Partial Control,Baseline,240,Baseline Partial Control
1651,2022,0,0,9,10,10,21,13,1231.2515824936554,2.5580499998222317,49.79261796042618,0.1241401238294264,0.3869233203827027,0,520,Full Control,Baseline,520,Baseline Full Control
1652,2023,2,0,1,5,30,21,15,882.1658502872164,3.0570712746176536,34.836377473363775,0.0233897316261132,0.1158315715979376,16000,60,One Zone Controlled,Fabric - Shallow,16060,Fabric - Shallow One Zone Controlled
1653,2022,0,0,1,10,42,19,15,1405.1556208278066,2.89038120865784,22.52092846270929,1.0766252014287467,2.965477791497134,0,60,One Zone Controlled,Baseline,60,Baseline One Zone Controlled
1654,2023,0,0,4,10,30,18,17,928.1085273021204,3.160253439536912,24.929604261796044,0.1867555905502969,0.5729069115944679,0,240,Partial Control,Baseline,240,Baseline Partial Control
1655,2022,1,0,4,5,15,18,15,1681.45715281478,3.493137983646444,16.980593607305934,0.0022800692147651,0.0108975960442006,3800,240,Partial Control,Fabric - Low cost,4040,Fabric - Low cost Partial Control
1656,2022,2,0,4,15,10,19,15,1151.3805216105402,2.376263239916409,33.654870624048705,0.6019179879220147,1.846727516095437,16000,240,Partial Control,Fabric - Shallow,16240,Fabric - Shallow Partial Control
1657,2023,1,0,9,10,42,21,13,715.7748219346186,2.47191390685231,53.11834094368341,0.1635952853235133,0.5021388083254766,3800,520,Full Control,Fabric - Low cost,4320,Fabric - Low cost Full Control
1658,2022,0,0,4,15,30,21,15,1428.3203646749607,2.948825748541597,53.3675799086758,1.7876046421999523,4.071212524902056,0,240,Partial Control,Baseline,240,Baseline Partial Control
1659,2023,0,0,1,5,10,19,17,1252.8006359681347,4.356800070621748,0.5974124809741248,8.319874152493724e-05,0.0013359933508368,0,60,One Zone Controlled,Baseline,60,Baseline One Zone Controlled
1660,2023,2,0,1,10,42,21,13,659.169123881829,2.2648978636813237,61.39079147640791,2.924360999409105,4.622176290784342,16000,60,One Zone Controlled,Fabric - Shallow,16060,Fabric - Shallow One Zone Controlled
1661,2023,2,0,0,5,10,21,13,1043.7071427567018,3.646819044564388,0.0228310502283105,7.69700886999999e-05,0.0070206130160908,16000,0,Manual Control,Fabric - Shallow,16000,Fabric - Shallow Manual Control
1662,2022,0,0,1,10,30,18,13,1449.2925656717894,3.0233161950336283,17.207001522070016,0.683604486273536,2.35419442992016,0,60,One Zone Controlled,Baseline,60,Baseline One Zone Controlled
1663,2022,1,0,9,5,42,19,17,1339.6074070667535,2.7303680168944684,34.296042617960424,0.0007601182707056,0.0038197258430859,3800,520,Full Control,Fabric - Low cost,4320,Fabric - Low cost Full Control
1664,2023,1,0,4,15,42,20,13,693.6109714278214,2.3728506135915195,52.528538812785385,1.621798444389245,3.865817945674777,3800,240,Partial Control,Fabric - Low cost,4040,Fabric - Low cost Partial Control
1665,2022,1,0,1,15,42,18,15,1303.0433442943013,2.6767745011813213,21.183409436834093,0.8767682171206966,2.4567844220007413,3800,60,One Zone Controlled,Fabric - Low cost,3860,Fabric - Low cost One Zone Controlled
1666,2022,2,0,0,10,15,18,13,1601.8471880091115,3.387101369013759,7.5418569254185694,0.203651679405265,1.1624551110961114,16000,0,Manual Control,Fabric - Shallow,16000,Fabric - Shallow Manual Control
1667,2023,0,0,1,15,42,21,13,780.0412865205863,2.676776876734191,62.05289193302892,3.790012920274076,6.309150486113451,0,60,One Zone Controlled,Baseline,60,Baseline One Zone Controlled
1668,2023,1,0,0,15,15,19,13,1082.6809634344295,3.8096871514045847,16.539193302891935,0.7819034689008378,2.6223824760737733,3800,0,Manual Control,Fabric - Low cost,3800,Fabric - Low cost Manual Control
1669,2022,1,0,9,15,15,21,15,1296.2355690584925,2.6713319493175023,50.68493150684932,0.0990543440962043,0.2703640887032899,3800,520,Full Control,Fabric - Low cost,4320,Fabric - Low cost Full Control
1670,2023,2,0,4,5,30,18,13,690.9685394758333,2.372173545041808,20.83523592085236,0.013692180627052,0.0594961231397744,16000,240,Partial Control,Fabric - Shallow,16240,Fabric - Shallow Partial Control
1671,2023,1,0,9,15,30,19,15,678.9518953714866,2.2803428489290622,42.96232876712329,0.0198312950370876,0.0572982421021673,3800,520,Full Control,Fabric - Low cost,4320,Fabric - Low cost Full Control
1672,2023,0,0,4,10,10,21,13,878.85703393489,3.051901400564499,44.54337899543379,1.3258496622656055,3.469464177864072,0,240,Partial Control,Baseline,240,Baseline Partial Control
1673,2022,1,0,1,15,15,19,15,1697.8162681326853,3.558486687748383,19.505327245053277,0.8060259872665267,2.560209121621446,3800,60,One Zone Controlled,Fabric - Low cost,3860,Fabric - Low cost One Zone Controlled
1674,2022,1,0,0,15,30,19,17,1604.4049253909022,3.3255212003065506,20.665905631659054,0.7905360632480726,2.0373587137609115,3800,0,Manual Control,Fabric - Low cost,3800,Fabric - Low cost Manual Control
1675,2023,0,0,1,5,30,20,13,1086.3403268266022,3.764134505405979,6.071156773211568,0.0078470852933395,0.0506274923040532,0,60,One Zone Controlled,Baseline,60,Baseline One Zone Controlled
1676,2023,1,0,9,10,10,19,17,809.4401534844008,2.730120728082554,35.47945205479452,0.0008727512077135,0.0038161384521279,3800,520,Full Control,Fabric - Low cost,4320,Fabric - Low cost Full Control
1677,2023,0,0,4,10,15,19,13,880.9762612237821,3.056976093062174,32.855783866057834,0.5980024509451177,1.977130926702502,0,240,Partial Control,Baseline,240,Baseline Partial Control
1678,2023,2,0,1,5,42,21,13,780.8819141377376,2.6875706400404074,60.890410958904106,1.4645815003631462,1.626001318636442,16000,60,One Zone Controlled,Fabric - Shallow,16060,Fabric - Shallow One Zone Controlled
1679,2023,2,0,1,10,30,19,13,725.3793015661165,2.5076681640228493,20.528919330289195,0.7739807615844572,2.450841782305102,16000,60,One Zone Controlled,Fabric - Shallow,16060,Fabric - Shallow One Zone Controlled
1680,2023,0,0,4,10,15,18,13,858.0840516056052,2.970617792768426,27.80060882800609,0.379913623840646,1.4450648160465798,0,240,Partial Control,Baseline,240,Baseline Partial Control
1681,2022,0,0,4,15,30,19,15,1357.3244734153313,2.7818105277979615,34.33409436834094,0.9061091247073806,2.4317351720086813,0,240,Partial Control,Baseline,240,Baseline Partial Control
1682,2023,1,0,9,15,15,20,17,854.2893959105761,2.901465282398919,44.82496194824962,0.0106837481478997,0.0311190586886323,3800,520,Full Control,Fabric - Low cost,4320,Fabric - Low cost Full Control
1683,2023,2,0,0,15,10,19,15,840.6246067867941,2.9335557725465122,16.653348554033485,0.6741125173181551,2.2194724143633597,16000,0,Manual Control,Fabric - Shallow,16000,Fabric - Shallow Manual Control
1684,2023,1,0,0,5,30,19,17,1138.713859321254,3.9428182880528655,0.0,0.0,0.0,3800,0,Manual Control,Fabric - Low cost,3800,Fabric - Low cost Manual Control
1685,2023,2,0,1,10,10,19,13,805.5377918446652,2.807279996412628,18.320015220700157,0.5892534462758321,2.059798382126325,16000,60,One Zone Controlled,Fabric - Shallow,16060,Fabric - Shallow One Zone Controlled
1686,2022,1,0,0,15,15,21,17,1882.278219811672,3.9433022708551064,23.82420091324201,1.5963098190174496,3.9072353937562982,3800,0,Manual Control,Fabric - Low cost,3800,Fabric - Low cost Manual Control
1687,2022,2,0,9,5,10,20,13,910.5288069897448,1.8797087412292748,46.84170471841705,0.1695475738404895,0.5916363804908522,16000,520,Full Control,Fabric - Shallow,16520,Fabric - Shallow Full Control
1688,2022,2,0,1,5,42,20,15,1293.1739181356158,2.689777279340854,31.37937595129376,0.0151468910957113,0.0759042358939401,16000,60,One Zone Controlled,Fabric - Shallow,16060,Fabric - Shallow One Zone Controlled
1689,2023,2,0,0,5,42,20,13,822.9577339331107,2.828925141273817,18.217275494672755,0.0029681989903599,0.0176565703022157,16000,0,Manual Control,Fabric - Shallow,16000,Fabric - Shallow Manual Control
1690,2022,0,0,1,10,15,21,17,1968.1348599423661,4.106599376544006,24.370243531202437,1.2280669574112284,3.228158003083537,0,60,One Zone Controlled,Baseline,60,Baseline One Zone Controlled
1691,2023,1,0,0,10,42,19,15,845.0258639554652,2.8906005249856164,18.81468797564688,1.08982260503733,3.0094500907097115,3800,0,Manual Control,Fabric - Low cost,3800,Fabric - Low cost Manual Control
1692,2023,1,0,1,5,42,20,13,930.0166591087142,3.1977997843095425,32.23363774733638,0.0139754284019174,0.0706997074769647,3800,60,One Zone Controlled,Fabric - Low cost,3860,Fabric - Low cost One Zone Controlled
1693,2022,1,0,4,15,30,21,15,1362.9370602287509,2.8192130453472504,53.74238964992389,1.7660674141521129,4.009158635330822,3800,240,Partial Control,Fabric - Low cost,4040,Fabric - Low cost Partial Control
1694,2023,0,0,9,5,15,20,15,764.3504305065494,2.5908900881679897,47.720700152207,0.0350253088436911,0.0925487643206113,0,520,Full Control,Baseline,520,Baseline Full Control
1695,2022,2,0,0,5,10,19,13,1717.2475901936537,3.617262969081962,0.0019025875190258,9.04950720617049e-06,0.0020746673725377,16000,0,Manual Control,Fabric - Shallow,16000,Fabric - Shallow Manual Control
1696,2023,0,0,4,15,10,20,13,824.9806236041218,2.8543847869403614,40.28919330289193,1.2794267206817571,3.33987453814409,0,240,Partial Control,Baseline,240,Baseline Partial Control
1697,2023,0,0,1,15,30,21,15,908.8665049028773,3.129531275665733,46.56963470319635,2.5093756979713504,5.57065348995151,0,60,One Zone Controlled,Baseline,60,Baseline One Zone Controlled
1698,2022,1,0,4,10,10,19,17,1564.3602465607996,3.231498227401023,27.012937595129376,0.3737560221519634,1.1145607630446597,3800,240,Partial Control,Fabric - Low cost,4040,Fabric - Low cost Partial Control
1699,2023,0,0,4,15,42,18,13,674.9562420635522,2.286098142866134,31.997716894977167,0.8389544037723393,2.409197317232043,0,240,Partial Control,Baseline,240,Baseline Partial Control
1700,2023,0,0,0,10,15,18,17,1239.3517414035355,4.333361643760473,11.038812785388128,0.1694770190846793,0.6124998851518096,0,0,Manual Control,Baseline,0,Baseline Manual Control
1701,2023,0,0,9,15,15,20,15,764.3504305065494,2.5908900881679897,47.720700152207,0.0350253088436911,0.0925487643206113,0,520,Full Control,Baseline,520,Baseline Full Control
1702,2023,2,0,0,15,42,21,13,659.7834633646717,2.265888641938899,61.87024353120244,3.5513751539964766,5.753707375503606,16000,0,Manual Control,Fabric - Shallow,16000,Fabric - Shallow Manual Control
1703,2023,2,0,4,5,42,19,15,686.5710339786224,2.3384385279643465,25.21118721461188,0.0155342296894879,0.0545769972013953,16000,240,Partial Control,Fabric - Shallow,16240,Fabric - Shallow Partial Control
1704,2023,0,0,9,10,10,21,13,746.4714514016232,2.5743351519544757,52.13470319634703,0.1156277174470364,0.341042236097504,0,520,Full Control,Baseline,520,Baseline Full Control
1705,2022,0,0,0,10,30,20,17,1729.4079617548643,3.587140604648133,20.24353120243531,1.0635779081755854,2.73531420514821,0,0,Manual Control,Baseline,0,Baseline Manual Control
1706,2022,0,0,1,10,15,20,17,1962.5559147027423,4.094388933845417,20.06468797564688,0.8016048935472263,2.2823443000292483,0,60,One Zone Controlled,Baseline,60,Baseline One Zone Controlled
1707,2023,1,0,1,10,42,21,17,913.3448754416053,3.1169909023122924,62.10426179604261,2.646739661266644,3.699379695271642,3800,60,One Zone Controlled,Fabric - Low cost,3860,Fabric - Low cost One Zone Controlled
1708,2023,0,0,0,10,15,19,13,1187.571358557835,4.173181630327712,14.448249619482494,0.6569352051144587,2.296981304077386,0,0,Manual Control,Baseline,0,Baseline Manual Control
1709,2022,1,0,9,15,30,20,15,1210.5931297950544,2.46891859392298,46.24048706240488,0.0495627359370685,0.1346703313640259,3800,520,Full Control,Fabric - Low cost,4320,Fabric - Low cost Full Control
1710,2022,1,0,0,10,15,19,13,1874.4027570770909,3.964553833720934,13.8013698630137,0.6146604766194442,2.27259197831418,3800,0,Manual Control,Fabric - Low cost,3800,Fabric - Low cost Manual Control
1711,2022,0,0,9,10,15,18,17,1340.981723105189,2.7175894312532805,34.69748858447488,0.0014645597516515,0.0044795288905054,0,520,Full Control,Baseline,520,Baseline Full Control
1712,2023,0,0,4,15,30,19,17,935.8312292509621,3.189594412661992,29.54528158295281,0.573973134195992,1.459144000714498,0,240,Partial Control,Baseline,240,Baseline Partial Control
1713,2022,1,0,9,5,30,20,15,1210.5931297950544,2.46891859392298,46.24048706240488,0.0495627359370685,0.1346703313640259,3800,520,Full Control,Fabric - Low cost,4320,Fabric - Low cost Full Control
1714,2023,3,0,0,5,42,18,13,381.4364364788276,0.8851107773521071,0.0951293759512937,0.0006085863465833,0.0277985935813436,51000,0,Manual Control,Fabric - Deep,51000,Fabric - Deep Manual Control
1715,2023,1,0,0,5,30,18,17,1138.713859321254,3.9428182880528655,0.0,0.0,0.0,3800,0,Manual Control,Fabric - Low cost,3800,Fabric - Low cost Manual Control
1716,2022,1,0,0,5,42,21,13,1615.7579463521333,3.378669261688905,59.43112633181127,1.5201427168018606,1.6862558057985533,3800,0,Manual Control,Fabric - Low cost,3800,Fabric - Low cost Manual Control
1717,2023,1,0,9,15,10,21,13,715.7748219346186,2.47191390685231,53.11834094368341,0.1635952853235133,0.5021388083254766,3800,520,Full Control,Fabric - Low cost,4320,Fabric - Low cost Full Control
1718,2022,0,0,9,5,30,18,13,947.862744829774,1.881508365554936,38.15258751902588,0.0187076108609781,0.0630814205768692,0,520,Full Control,Baseline,520,Baseline Full Control
1719,2023,2,0,1,15,42,21,15,661.6697947762414,2.263052122642843,61.42313546423136,3.297112287822782,5.251488760470197,16000,60,One Zone Controlled,Fabric - Shallow,16060,Fabric - Shallow One Zone Controlled
1720,2023,1,0,0,15,10,21,15,993.9075413582392,3.4644314981759465,27.05669710806697,2.166235681713861,5.125731211542587,3800,0,Manual Control,Fabric - Low cost,3800,Fabric - Low cost Manual Control
1721,2023,2,0,0,15,30,18,15,756.0148238955785,2.614958362593145,14.908675799086756,0.4899626203116172,1.71592209161259,16000,0,Manual Control,Fabric - Shallow,16000,Fabric - Shallow Manual Control
1722,2023,1,0,9,15,10,20,17,854.2893959105761,2.901465282398919,44.82496194824962,0.0106837481478997,0.0311190586886323,3800,520,Full Control,Fabric - Low cost,4320,Fabric - Low cost Full Control
1723,2023,1,0,0,15,30,21,17,974.7116438881188,3.352353990460394,36.11491628614916,2.147429660680232,4.613811091388617,3800,0,Manual Control,Fabric - Low cost,3800,Fabric - Low cost Manual Control
1724,2023,1,0,1,15,30,19,15,863.18375671581,2.968926194658985,23.738584474885847,1.2066449103248638,3.2020085618983574,3800,60,One Zone Controlled,Fabric - Low cost,3860,Fabric - Low cost One Zone Controlled
1725,2022,2,0,9,15,15,18,15,879.9887712456898,1.7448923029257886,36.96727549467276,0.0108758840284735,0.0390792366792517,16000,520,Full Control,Fabric - Shallow,16520,Fabric - Shallow Full Control
1726,2023,0,0,9,15,42,20,15,764.3504305065494,2.5908900881679897,47.720700152207,0.0350253088436911,0.0925487643206113,0,520,Full Control,Baseline,520,Baseline Full Control
1727,2023,1,0,9,10,30,19,13,589.6740470185862,1.988946750138833,44.69178082191781,0.0490879252908721,0.1456152689190412,3800,520,Full Control,Fabric - Low cost,4320,Fabric - Low cost Full Control
1728,2023,1,0,1,15,10,18,13,901.3044806489692,3.138507817350084,17.81773211567732,0.6558997978987787,2.297976377452138,3800,60,One Zone Controlled,Fabric - Low cost,3860,Fabric - Low cost One Zone Controlled
1729,2023,1,0,0,5,30,21,15,1120.831841416558,3.88628240047824,16.031202435312025,0.0025221243747608,0.0158685889981416,3800,0,Manual Control,Fabric - Low cost,3800,Fabric - Low cost Manual Control
1730,2023,2,0,9,15,10,21,15,650.3338952323685,2.236596278482775,53.18683409436834,0.1672017282474389,0.4894574641898284,16000,520,Full Control,Fabric - Shallow,16520,Fabric - Shallow Full Control
1731,2023,2,0,4,5,30,21,13,761.6759415514009,2.640416512911302,51.18721461187214,0.1166121826913164,0.4423401136172381,16000,240,Partial Control,Fabric - Shallow,16240,Fabric - Shallow Partial Control
1732,2022,0,0,0,15,15,21,15,1880.5955281647557,3.959909046362091,24.00875190258752,1.87922118545948,4.757763270196636,0,0,Manual Control,Baseline,0,Baseline Manual Control
1733,2022,1,0,4,5,30,19,15,1474.1547135774633,3.051824580559423,23.13546423135464,0.0099406109656564,0.0359375981215773,3800,240,Partial Control,Fabric - Low cost,4040,Fabric - Low cost Partial Control
1734,2023,0,0,0,10,30,20,15,980.6247506272769,3.386567095137308,20.957001522070016,1.3941739383592306,3.7344155412599367,0,0,Manual Control,Baseline,0,Baseline Manual Control
1735,2022,0,0,0,10,30,20,15,1609.9365077543498,3.358218117623586,20.251141552511413,1.3843165229354877,3.73813823926191,0,0,Manual Control,Baseline,0,Baseline Manual Control
1736,2022,0,0,1,15,30,21,17,1656.1809706381816,3.4237334099363226,42.06240487062405,2.0326930553848013,4.386940866926422,0,60,One Zone Controlled,Baseline,60,Baseline One Zone Controlled
1737,2023,0,0,9,10,42,21,17,948.2256242011132,3.2412516946629495,49.76027397260274,0.0263282190780063,0.0655989412429014,0,520,Full Control,Baseline,520,Baseline Full Control
1738,2023,1,0,4,15,30,20,13,741.3816202465663,2.5522014900302663,42.633181126331806,1.4251726179138609,3.548141829771293,3800,240,Partial Control,Fabric - Low cost,4040,Fabric - Low cost Partial Control
1739,2022,1,0,0,5,15,20,17,2296.8124034546727,4.851464515289683,0.0,0.0,0.0,3800,0,Manual Control,Fabric - Low cost,3800,Fabric - Low cost Manual Control
1740,2022,1,0,4,10,42,18,17,1391.453964462401,2.8493328988368662,26.28044140030441,0.2006888761087605,0.5937534118820303,3800,240,Partial Control,Fabric - Low cost,4040,Fabric - Low cost Partial Control
1741,2022,1,0,1,5,30,19,15,1719.324545044369,3.600453496573563,4.2656012176560125,0.0028200243256245,0.0178353700556728,3800,60,One Zone Controlled,Fabric - Low cost,3860,Fabric - Low cost One Zone Controlled
1742,2022,2,0,9,10,30,21,15,1079.9416250645281,2.2317044509924733,50.99505327245053,0.1759273711261098,0.5345365645105068,16000,520,Full Control,Fabric - Shallow,16520,Fabric - Shallow Full Control
1743,2022,2,0,9,10,10,21,15,1079.9416250645281,2.2317044509924733,50.99505327245053,0.1759273711261098,0.5345365645105068,16000,520,Full Control,Fabric - Shallow,16520,Fabric - Shallow Full Control
1744,2022,2,0,4,15,10,20,15,1176.6619362335018,2.439940186165204,38.93835616438356,0.9521021827178549,2.5628304991852,16000,240,Partial Control,Fabric - Shallow,16240,Fabric - Shallow Partial Control
1745,2023,0,0,1,15,10,19,13,941.6235061552325,3.2784309463248866,21.75799086757991,1.1310431266592196,3.3291364932650587,0,60,One Zone Controlled,Baseline,60,Baseline One Zone Controlled
1746,2023,1,0,1,5,30,20,17,1093.316235931882,3.777876610330414,4.788812785388128,0.001551751187089,0.009299233577263,3800,60,One Zone Controlled,Fabric - Low cost,3860,Fabric - Low cost One Zone Controlled
1747,2023,0,0,1,10,42,21,13,811.7919899937809,2.7864354724420823,62.06240487062404,3.2118493389983533,5.206908919621094,0,60,One Zone Controlled,Baseline,60,Baseline One Zone Controlled
1748,2022,0,0,9,5,15,20,17,1481.1254950858777,3.0356532424495053,40.07420091324201,0.0059205984468734,0.0211134829259367,0,520,Full Control,Baseline,520,Baseline Full Control
1749,2023,2,0,9,10,30,18,13,446.75537396210564,1.4916236346740566,39.20471841704718,0.0381505428062502,0.1317264602006323,16000,520,Full Control,Fabric - Shallow,16520,Fabric - Shallow Full Control
1750,2022,0,0,9,10,30,21,13,1231.2515824936554,2.5580499998222317,49.79261796042618,0.1241401238294264,0.3869233203827027,0,520,Full Control,Baseline,520,Baseline Full Control
1751,2023,2,0,1,10,15,18,15,901.8856295171088,3.1558544207521813,10.89992389649924,0.2094034082755774,1.0136848725953478,16000,60,One Zone Controlled,Fabric - Shallow,16060,Fabric - Shallow One Zone Controlled
1752,2022,0,0,0,5,10,19,13,2142.067074687906,4.51742442049257,0.0,0.0,0.0,0,0,Manual Control,Baseline,0,Baseline Manual Control
1753,2022,1,0,0,15,42,19,13,1275.1752871927356,2.6568223610426176,22.78348554033485,1.596660726059838,4.230453364882133,3800,0,Manual Control,Fabric - Low cost,3800,Fabric - Low cost Manual Control
1754,2023,1,0,4,5,15,18,17,1087.06989917944,3.7671358420417693,13.605403348554033,0.0006612184279154,0.0033794520171167,3800,240,Partial Control,Fabric - Low cost,4040,Fabric - Low cost Partial Control
1755,2022,1,0,0,15,30,21,15,1477.679837330543,3.0837589199515287,34.84208523592085,2.5079001967363443,5.684501710672267,3800,0,Manual Control,Fabric - Low cost,3800,Fabric - Low cost Manual Control
1756,2023,0,0,1,10,15,20,13,1089.7720039573114,3.82243909382818,21.33371385083714,1.0568819478267666,3.188444235003166,0,60,One Zone Controlled,Baseline,60,Baseline One Zone Controlled
1757,2023,0,0,9,5,42,19,13,616.8508799915984,2.0783084307124553,43.71765601217656,0.0366072066049408,0.1097423081625162,0,520,Full Control,Baseline,520,Baseline Full Control
1758,2023,1,0,1,15,30,20,15,865.9610605423018,2.9811830346849053,29.17427701674277,1.7794351652404854,4.308586728616739,3800,60,One Zone Controlled,Fabric - Low cost,3860,Fabric - Low cost One Zone Controlled
1759,2023,1,0,4,15,15,19,13,818.6850957139526,2.843207863646169,33.789954337899545,0.7282348696857511,2.262980808147647,3800,240,Partial Control,Fabric - Low cost,4040,Fabric - Low cost Partial Control
1760,2023,2,0,0,10,15,19,13,971.871262619434,3.417634681272874,12.031963470319637,0.3852936312178984,1.6098519179456596,16000,0,Manual Control,Fabric - Shallow,16000,Fabric - Shallow Manual Control
1761,2023,0,0,1,10,30,19,13,888.8682584980783,3.070822170150694,20.94558599695586,1.0421197704791656,3.105018800483317,0,60,One Zone Controlled,Baseline,60,Baseline One Zone Controlled
1762,2023,2,0,1,5,15,19,15,1070.129959132286,3.7554997821287652,2.914764079147641,0.0024630024497647,0.0198594022292531,16000,60,One Zone Controlled,Fabric - Shallow,16060,Fabric - Shallow One Zone Controlled
1763,2023,2,0,1,15,10,18,15,791.7558886981607,2.7483257056206987,15.150304414003044,0.3883526694065232,1.499620748051025,16000,60,One Zone Controlled,Fabric - Shallow,16060,Fabric - Shallow One Zone Controlled
1764,2022,1,0,0,5,30,21,13,1824.3435579577172,3.8374666974471023,14.252283105022832,0.0023934532065654,0.0252199148959362,3800,0,Manual Control,Fabric - Low cost,3800,Fabric - Low cost Manual Control
1765,2022,0,0,9,10,30,21,15,1361.049105389866,2.798358141735806,49.71080669710807,0.0726944242123788,0.1905201658751067,0,520,Full Control,Baseline,520,Baseline Full Control
1766,2022,1,0,4,15,10,19,13,1264.1035378141773,2.6281368974106223,34.935312024353124,0.8588670262983923,2.5448045367284613,3800,240,Partial Control,Fabric - Low cost,4040,Fabric - Low cost Partial Control
1767,2023,0,0,9,15,42,18,15,668.4332126468987,2.225148487916084,32.73592085235921,0.0022434834055524,0.0101746029419154,0,520,Full Control,Baseline,520,Baseline Full Control
1768,2023,1,0,0,5,10,18,15,1252.9285362151247,4.377817230607246,0.0,0.0,0.0,3800,0,Manual Control,Fabric - Low cost,3800,Fabric - Low cost Manual Control
1769,2023,0,0,1,5,15,19,17,1370.64281360532,4.798702060283261,0.5555555555555556,0.0001163210944114,0.001843351124426,0,60,One Zone Controlled,Baseline,60,Baseline One Zone Controlled
1770,2023,2,0,4,5,15,18,13,815.6185180119684,2.8400930262881707,19.17047184170472,0.0109199887955884,0.0516486915928837,16000,240,Partial Control,Fabric - Shallow,16240,Fabric - Shallow Partial Control
1771,2022,1,0,1,5,15,19,15,2110.9109668817387,4.4499298825218245,3.240106544901065,0.0020509016392455,0.0146698646553694,3800,60,One Zone Controlled,Fabric - Low cost,3860,Fabric - Low cost One Zone Controlled
1772,2022,1,0,0,15,42,18,17,1488.5802515829425,3.0663221636110936,18.554033485540337,0.3813279101413613,1.0134718202070223,3800,0,Manual Control,Fabric - Low cost,3800,Fabric - Low cost Manual Control
1773,2022,0,0,9,15,30,19,17,1406.022225313542,2.8643270544358628,34.442541856925416,0.000642657374796,0.0029858977817669,0,520,Full Control,Baseline,520,Baseline Full Control
1774,2022,0,0,0,15,42,19,13,1329.8087704810573,2.767236450802426,22.85578386605784,1.6523320032004392,4.360648307392316,0,0,Manual Control,Baseline,0,Baseline Manual Control
1775,2023,2,0,1,10,10,19,15,824.479971362132,2.864548356139067,18.21537290715373,0.560600045934213,1.8971030083043103,16000,60,One Zone Controlled,Fabric - Shallow,16060,Fabric - Shallow One Zone Controlled
1776,2022,1,0,0,15,42,19,17,1488.5802515829425,3.0663221636110936,22.69977168949772,0.9258898211951048,2.212816646139386,3800,0,Manual Control,Fabric - Low cost,3800,Fabric - Low cost Manual Control
1777,2022,2,0,4,10,10,19,13,1104.734767329962,2.3004368523577696,33.791856925418564,0.524639427604942,1.7851190477941508,16000,240,Partial Control,Fabric - Shallow,16240,Fabric - Shallow Partial Control
1778,2022,0,0,1,15,10,21,13,1564.0321762576862,3.2883628673904277,30.260654490106543,2.270156383998144,5.4822720742259445,0,60,One Zone Controlled,Baseline,60,Baseline One Zone Controlled
1779,2022,1,0,0,5,15,18,17,2296.8124034546727,4.851464515289683,0.0,0.0,0.0,3800,0,Manual Control,Fabric - Low cost,3800,Fabric - Low cost Manual Control
1780,2022,0,0,0,5,15,18,15,2390.123817801882,5.049573820051226,0.0,0.0,0.0,0,0,Manual Control,Baseline,0,Baseline Manual Control
1781,2022,0,0,0,15,42,18,13,1329.8087704810573,2.767236450802426,19.03538812785388,1.0895495481638815,3.2558848031422207,0,0,Manual Control,Baseline,0,Baseline Manual Control
1782,2022,0,0,0,5,42,18,13,1690.9958464619508,3.5321939963340387,0.0,0.0,0.0,0,0,Manual Control,Baseline,0,Baseline Manual Control
1783,2022,1,0,9,15,10,18,15,1064.7911137474985,2.1163964656928336,35.72108066971081,0.0053270032062273,0.0204552823778338,3800,520,Full Control,Fabric - Low cost,4320,Fabric - Low cost Full Control
1784,2022,0,0,0,10,15,18,13,1952.691383869904,4.123911979082956,10.475646879756468,0.3870108434261936,1.6856095184349988,0,0,Manual Control,Baseline,0,Baseline Manual Control
1785,2023,1,0,9,10,15,18,17,766.994517153551,2.575183382707774,34.332191780821915,0.0014199208486211,0.0044726597493175,3800,520,Full Control,Fabric - Low cost,4320,Fabric - Low cost Full Control
1786,2022,0,0,9,15,42,20,15,1270.23682276116,2.5861561961872193,45.05707762557078,0.0364657075209407,0.0996422262581402,0,520,Full Control,Baseline,520,Baseline Full Control
1787,2023,1,0,0,10,42,21,15,845.0258639554652,2.8906005249856164,62.50380517503805,3.202160368143519,4.925976850153275,3800,0,Manual Control,Fabric - Low cost,3800,Fabric - Low cost Manual Control
1788,2022,1,0,4,15,10,18,15,1345.965050235126,2.763748278911271,27.90525114155251,0.4562961923788496,1.4785578589178647,3800,240,Partial Control,Fabric - Low cost,4040,Fabric - Low cost Partial Control
1789,2023,2,0,1,5,15,20,13,1070.2518083444893,3.759994745992321,4.720319634703197,0.0085592468220591,0.0681903505374203,16000,60,One Zone Controlled,Fabric - Shallow,16060,Fabric - Shallow One Zone Controlled
1790,2023,0,0,1,10,30,19,15,931.7912451218155,3.2051592613278834,20.54033485540335,0.9424757273017248,2.713583207856598,0,60,One Zone Controlled,Baseline,60,Baseline One Zone Controlled
1791,2022,2,0,1,10,10,20,15,1364.3731957445038,2.856818050744601,22.608447488584478,0.9190336091250548,2.7410259890408457,16000,60,One Zone Controlled,Fabric - Shallow,16060,Fabric - Shallow One Zone Controlled
1792,2023,1,0,1,15,42,18,13,732.5962550928432,2.5063246750243606,21.824581430745816,1.0633223215321352,3.083419359254016,3800,60,One Zone Controlled,Fabric - Low cost,3860,Fabric - Low cost One Zone Controlled
1793,2023,1,0,4,5,42,21,13,840.4796265271065,2.8955141649212117,59.81164383561644,1.06225810976199,1.2455337403242268,3800,240,Partial Control,Fabric - Low cost,4040,Fabric - Low cost Partial Control
1794,2023,0,0,1,5,30,21,17,1149.9855447937045,3.9732511323752107,29.38926940639269,0.0059916206356434,0.0214336809101776,0,60,One Zone Controlled,Baseline,60,Baseline One Zone Controlled
1795,2023,1,0,0,10,42,18,15,845.0258639554652,2.8906005249856164,15.846651445966517,0.6797515882938945,2.051982640584386,3800,0,Manual Control,Fabric - Low cost,3800,Fabric - Low cost Manual Control
1796,2022,1,0,0,5,15,21,17,2296.8124034546727,4.851464515289683,0.0038051750380517,1.2907483053750004e-05,0.0025739658494085,3800,0,Manual Control,Fabric - Low cost,3800,Fabric - Low cost Manual Control
1797,2022,1,0,4,15,15,20,13,1390.2159320773096,2.9135842071014144,38.12214611872146,1.0694139494108983,2.986420513502825,3800,240,Partial Control,Fabric - Low cost,4040,Fabric - Low cost Partial Control
1798,2023,0,0,9,10,10,19,13,616.8508799915984,2.0783084307124553,43.71765601217656,0.0366072066049408,0.1097423081625162,0,520,Full Control,Baseline,520,Baseline Full Control
1799,2023,0,0,4,10,15,18,17,1023.378686820489,3.523927790755615,23.07648401826484,0.1408713635794025,0.4845621398161306,0,240,Partial Control,Baseline,240,Baseline Partial Control
1800,2023,0,0,0,5,42,18,17,1074.5406292800408,3.6850207877375087,0.0,0.0,0.0,0,0,Manual Control,Baseline,0,Baseline Manual Control
1801,2023,1,0,1,5,42,18,15,938.6309843360951,3.2166564227523047,2.67503805175038,0.0006631713860749,0.0054747006747323,3800,60,One Zone Controlled,Fabric - Low cost,3860,Fabric - Low cost One Zone Controlled
1802,2022,1,0,0,15,15,20,17,1882.278219811672,3.9433022708551064,20.133181126331813,1.001828464105712,2.7196782609263885,3800,0,Manual Control,Fabric - Low cost,3800,Fabric - Low cost Manual Control
1803,2022,0,0,1,10,42,18,15,1401.5779861849544,2.8799800275021843,18.02891933028919,0.6819759305637024,2.063632267921692,0,60,One Zone Controlled,Baseline,60,Baseline One Zone Controlled
1804,2022,0,0,1,10,42,21,13,1330.988578688998,2.766515493041087,59.37404870624049,3.160180140044796,5.255823427531315,0,60,One Zone Controlled,Baseline,60,Baseline One Zone Controlled
1805,2023,2,0,0,5,42,19,13,822.9577339331107,2.828925141273817,0.0,0.0,0.0,16000,0,Manual Control,Fabric - Shallow,16000,Fabric - Shallow Manual Control
1806,2023,1,0,4,15,30,19,13,716.2496442229142,2.4553382626279863,36.86834094368341,1.01570346415311,2.7856799025697683,3800,240,Partial Control,Fabric - Low cost,4040,Fabric - Low cost Partial Control
1807,2022,2,0,9,10,42,18,13,756.4691197128225,1.50519766687629,39.89535768645357,0.0418281945805325,0.149680366107664,16000,520,Full Control,Fabric - Shallow,16520,Fabric - Shallow Full Control
1808,2022,2,0,0,5,42,21,13,1352.8937517133056,2.821887685342139,58.72716894977169,1.5017176561898893,1.6910321625633526,16000,0,Manual Control,Fabric - Shallow,16000,Fabric - Shallow Manual Control
1809,2023,2,0,4,5,42,19,13,654.4101865727447,2.236645934138188,26.459284627092845,0.0321612632326136,0.1278392745620299,16000,240,Partial Control,Fabric - Shallow,16240,Fabric - Shallow Partial Control
1810,2022,2,0,1,10,15,18,15,1492.9501100050202,3.132225837642893,11.101598173515985,0.221128358726876,1.056860920664472,16000,60,One Zone Controlled,Fabric - Shallow,16060,Fabric - Shallow One Zone Controlled
1811,2023,0,0,4,10,15,20,15,963.0969853115978,3.334772258605937,37.72640791476408,0.8044831902885333,2.3517461323192066,0,240,Partial Control,Baseline,240,Baseline Partial Control
1812,2023,0,0,0,5,10,19,15,1311.1848796524966,4.578254319224047,0.0,0.0,0.0,0,0,Manual Control,Baseline,0,Baseline Manual Control
1813,2022,2,0,1,5,10,21,13,1602.8277200666364,3.376782123657275,7.351598173515981,0.0229998056942242,0.1534113189218661,16000,60,One Zone Controlled,Fabric - Shallow,16060,Fabric - Shallow One Zone Controlled
1814,2023,0,0,9,15,15,21,13,746.4714514016232,2.5743351519544757,52.13470319634703,0.1156277174470364,0.341042236097504,0,520,Full Control,Baseline,520,Baseline Full Control
1815,2023,2,0,4,5,15,21,15,903.7743730296164,3.156974146180856,32.08904109589041,0.0593159288138889,0.2109671219770079,16000,240,Partial Control,Fabric - Shallow,16240,Fabric - Shallow Partial Control
1816,2023,2,0,9,15,42,19,13,494.57226173061844,1.6724923197412656,44.43302891933029,0.0796498326947911,0.2738054815776297,16000,520,Full Control,Fabric - Shallow,16520,Fabric - Shallow Full Control
1817,2023,0,0,9,5,42,20,17,898.6416013023711,3.0508139763024302,42.02625570776256,0.0054222004976782,0.0188643366029278,0,520,Full Control,Baseline,520,Baseline Full Control
1818,2023,1,0,0,10,30,20,17,1002.55792638975,3.451962581921738,20.842846270928465,1.0555180669929605,2.722843915874233,3800,0,Manual Control,Fabric - Low cost,3800,Fabric - Low cost Manual Control
1819,2023,0,0,1,5,42,19,15,986.385934381471,3.380027119668869,4.39117199391172,0.002062431895384,0.0132415052252215,0,60,One Zone Controlled,Baseline,60,Baseline One Zone Controlled
1820,2022,2,0,1,10,15,18,13,1457.0588172884068,3.072318779330791,11.322298325722985,0.2414018304059565,1.2606477350057057,16000,60,One Zone Controlled,Fabric - Shallow,16060,Fabric - Shallow One Zone Controlled
1821,2022,0,0,1,10,10,19,15,1681.5590270212458,3.5072596901963444,19.10578386605784,0.786354712666208,2.4575978637995965,0,60,One Zone Controlled,Baseline,60,Baseline One Zone Controlled
1822,2023,0,0,4,15,30,21,15,863.7989943858432,2.9662568318172675,55.635464231354646,1.818658191751796,4.093536700727991,0,240,Partial Control,Baseline,240,Baseline Partial Control
1823,2022,0,0,4,5,42,20,15,1471.4259776132424,3.0368150826647544,44.153348554033485,0.0190162528435427,0.0595420038942159,0,240,Partial Control,Baseline,240,Baseline Partial Control
1824,2022,0,0,0,15,10,18,13,1667.020195124022,3.512630820416591,14.322678843226788,0.6552995632573321,2.3679313284174044,0,0,Manual Control,Baseline,0,Baseline Manual Control
1825,2022,1,0,9,5,15,20,13,1074.5449777142953,2.2132880623538007,46.58485540334855,0.09680654157865,0.3046019386436109,3800,520,Full Control,Fabric - Low cost,4320,Fabric - Low cost Full Control
1826,2023,0,0,1,10,15,19,17,1184.0741712686408,4.123126651042209,15.403348554033483,0.4658956281409097,1.4189901542059218,0,60,One Zone Controlled,Baseline,60,Baseline One Zone Controlled
1827,2022,0,0,9,5,10,20,13,1123.998529890416,2.309435916030157,45.72298325722984,0.0711762613178607,0.2151837274618383,0,520,Full Control,Baseline,520,Baseline Full Control
1828,2022,2,0,4,10,30,20,15,1131.1445071110213,2.3353682442942763,39.910578386605785,0.8725991270310518,2.4004666256868386,16000,240,Partial Control,Fabric - Shallow,16240,Fabric - Shallow Partial Control
1829,2023,1,0,0,10,30,19,15,938.4633102435945,3.2434556529896,17.132800608828006,0.9101512980051604,2.672239240634556,3800,0,Manual Control,Fabric - Low cost,3800,Fabric - Low cost Manual Control
1830,2023,1,0,9,15,10,18,17,766.994517153551,2.575183382707774,34.332191780821915,0.0014199208486211,0.0044726597493175,3800,520,Full Control,Fabric - Low cost,4320,Fabric - Low cost Full Control
1831,2022,0,0,0,5,10,20,17,2172.115200070868,4.568922542692256,0.0,0.0,0.0,0,0,Manual Control,Baseline,0,Baseline Manual Control
1832,2022,2,0,0,15,10,20,13,1368.6932749979833,2.887484799285041,21.09208523592085,1.2049690978091383,3.475009047204519,16000,0,Manual Control,Fabric - Shallow,16000,Fabric - Shallow Manual Control
1833,2023,2,0,0,10,10,20,15,880.8523425638178,3.072758481952351,17.568493150684933,0.8911394001991647,2.684652961595813,16000,0,Manual Control,Fabric - Shallow,16000,Fabric - Shallow Manual Control
1834,2023,0,0,9,5,15,21,15,820.8885981405011,2.8112645532719127,52.00532724505327,0.0699301650466732,0.1743024396519897,0,520,Full Control,Baseline,520,Baseline Full Control
1835,2023,1,0,4,10,10,19,17,948.4329286460301,3.2533172168035063,26.96917808219178,0.3838091664514634,1.1346911940004278,3800,240,Partial Control,Fabric - Low cost,4040,Fabric - Low cost Partial Control
1836,2023,1,0,0,15,30,18,17,974.7116438881188,3.352353990460394,16.62861491628615,0.3269646937449688,0.9245541715126948,3800,0,Manual Control,Fabric - Low cost,3800,Fabric - Low cost Manual Control
1837,2023,0,0,4,5,10,21,13,1019.966465330417,3.550137501440525,31.49353120243531,0.0463460341207108,0.1593356708668877,0,240,Partial Control,Baseline,240,Baseline Partial Control
1838,2022,0,0,4,15,10,19,17,1613.6882757803844,3.32765000047031,28.16590563165905,0.4967250087042438,1.3460624463207436,0,240,Partial Control,Baseline,240,Baseline Partial Control
1839,2023,1,0,0,5,42,18,13,989.3555626526392,3.4023666559909125,0.0,0.0,0.0,3800,0,Manual Control,Fabric - Low cost,3800,Fabric - Low cost Manual Control
1840,2022,2,0,9,5,10,18,15,879.9887712456898,1.7448923029257886,36.96727549467276,0.0108758840284735,0.0390792366792517,16000,520,Full Control,Fabric - Shallow,16520,Fabric - Shallow Full Control
1841,2022,1,0,4,15,42,19,13,1104.1462569727792,2.270583506389489,37.656012176560125,1.1734178249429783,3.0940500553315844,3800,240,Partial Control,Fabric - Low cost,4040,Fabric - Low cost Partial Control
1842,2022,0,0,1,15,30,20,15,1492.5609737571028,3.094124729822231,27.701674277016743,1.8041808645562212,4.400431924042868,0,60,One Zone Controlled,Baseline,60,Baseline One Zone Controlled
1843,2023,1,0,9,15,15,20,13,649.7242095620795,2.218521505835328,49.393074581430746,0.0898898197526876,0.2690887219275529,3800,520,Full Control,Fabric - Low cost,4320,Fabric - Low cost Full Control
1844,2023,0,0,0,5,10,21,15,1311.1848796524966,4.578254319224047,0.0,0.0,0.0,0,0,Manual Control,Baseline,0,Baseline Manual Control
1845,2023,0,0,9,5,42,21,17,948.2256242011132,3.2412516946629495,49.76027397260274,0.0263282190780063,0.0655989412429014,0,520,Full Control,Baseline,520,Baseline Full Control
1846,2022,0,0,1,15,15,18,17,1898.4172342303052,3.954312434817882,13.845129375951291,0.2333735637108016,0.7632972862403067,0,60,One Zone Controlled,Baseline,60,Baseline One Zone Controlled
1847,2022,1,0,0,15,10,20,17,1735.5274636974032,3.618190561106182,22.35159817351598,1.1971993818838096,3.006611050157197,3800,0,Manual Control,Fabric - Low cost,3800,Fabric - Low cost Manual Control
1848,2023,1,0,1,5,10,20,17,1200.5740698309396,4.179832371247537,4.181887366818874,0.0013780646618717,0.0085793765025255,3800,60,One Zone Controlled,Fabric - Low cost,3860,Fabric - Low cost One Zone Controlled
1849,2023,0,0,0,5,15,21,15,1454.6899914988614,5.112115980678291,0.0,0.0,0.0,0,0,Manual Control,Baseline,0,Baseline Manual Control
1850,2023,1,0,0,10,10,21,17,1089.9821301166048,3.7849734872508103,22.798706240487064,1.4073229592607612,3.546094577538573,3800,0,Manual Control,Fabric - Low cost,3800,Fabric - Low cost Manual Control
1851,2022,2,0,4,5,30,20,15,1257.1134238614482,2.6116317763873296,28.487442922374427,0.0354479308809147,0.1280048192028499,16000,240,Partial Control,Fabric - Shallow,16240,Fabric - Shallow Partial Control
1852,2023,1,0,4,10,15,21,17,1035.0376790204928,3.5849734416461287,42.22602739726028,0.9168857795494468,2.416960270995419,3800,240,Partial Control,Fabric - Low cost,4040,Fabric - Low cost Partial Control
1853,2023,1,0,1,10,30,19,17,974.458747117382,3.346766902742501,17.8824200913242,0.596604565967421,1.6419068375467174,3800,60,One Zone Controlled,Fabric - Low cost,3860,Fabric - Low cost One Zone Controlled
1854,2022,2,0,9,15,10,20,13,910.5288069897448,1.8797087412292748,46.84170471841705,0.1695475738404895,0.5916363804908522,16000,520,Full Control,Fabric - Shallow,16520,Fabric - Shallow Full Control
1855,2022,1,0,9,15,15,21,13,1178.7411620119742,2.455405640576998,50.681126331811264,0.1738123602878852,0.5590947470600487,3800,520,Full Control,Fabric - Low cost,4320,Fabric - Low cost Full Control
1856,2022,0,0,4,5,30,20,17,1709.838492069118,3.5471466727859626,21.189117199391173,0.0029930925337009,0.012517006235006,0,240,Partial Control,Baseline,240,Baseline Partial Control
1857,2022,0,0,1,5,10,21,13,1988.1077472687182,4.1916353367891075,6.381278538812786,0.0127746341629264,0.078983471696036,0,60,One Zone Controlled,Baseline,60,Baseline One Zone Controlled
1858,2022,0,0,0,10,30,18,13,1565.5999927869975,3.282686199298849,14.299847792998476,0.6579481016196636,2.3266406221257845,0,0,Manual Control,Baseline,0,Baseline Manual Control
1859,2023,1,0,4,10,30,18,15,781.2398743180174,2.6593110188158615,28.156392694063925,0.4336405489034982,1.384875915974888,3800,240,Partial Control,Fabric - Low cost,4040,Fabric - Low cost Partial Control
1860,2023,1,0,0,15,15,21,17,1138.0372268855117,3.980264666596113,24.337899543378995,1.617928489416852,3.924925462655079,3800,0,Manual Control,Fabric - Low cost,3800,Fabric - Low cost Manual Control
1861,2022,1,0,4,10,10,21,13,1385.5523705790881,2.9052168677012222,43.66248097412481,1.306921532951002,3.4289359124262857,3800,240,Partial Control,Fabric - Low cost,4040,Fabric - Low cost Partial Control
1862,2022,1,0,4,10,30,21,15,1390.0803221925535,2.8774300641863335,53.88318112633181,1.3522959113993671,3.3932283967417862,3800,240,Partial Control,Fabric - Low cost,4040,Fabric - Low cost Partial Control
1863,2022,2,0,9,5,42,19,15,938.328438499092,1.8898271729460951,42.43150684931507,0.0347154738479955,0.1098746020348765,16000,520,Full Control,Fabric - Shallow,16520,Fabric - Shallow Full Control
1864,2023,1,0,0,15,30,19,15,899.3728105473707,3.106628368646176,20.319634703196343,1.196330792328016,3.230695353334209,3800,0,Manual Control,Fabric - Low cost,3800,Fabric - Low cost Manual Control
1865,2022,0,0,4,5,42,21,15,1512.7593841908115,3.132063470437094,57.22983257229832,1.0180721939658686,1.223252931475784,0,240,Partial Control,Baseline,240,Baseline Partial Control
1866,2023,1,0,1,5,30,18,15,1046.2102287603536,3.617551756841504,2.13089802130898,0.0005930801110941,0.0050501234434839,3800,60,One Zone Controlled,Fabric - Low cost,3860,Fabric - Low cost One Zone Controlled
1867,2023,0,0,4,15,42,20,13,723.5816007110727,2.473060985983785,52.04337899543378,1.6520316388766612,3.951258085359203,0,240,Partial Control,Baseline,240,Baseline Partial Control
1868,2023,0,0,9,10,10,18,15,668.4332126468987,2.225148487916084,32.73592085235921,0.0022434834055524,0.0101746029419154,0,520,Full Control,Baseline,520,Baseline Full Control
1869,2022,0,0,4,10,30,21,15,1456.5192973616606,3.0095052424393947,53.46841704718417,1.3632264243279508,3.4433200997088536,0,240,Partial Control,Baseline,240,Baseline Partial Control
1870,2022,1,0,1,5,15,19,17,2159.045724568745,4.542914943337542,0.5974124809741248,0.000103478511414,0.0017656826903345,3800,60,One Zone Controlled,Fabric - Low cost,3860,Fabric - Low cost One Zone Controlled
1871,2022,0,0,0,5,10,21,17,2172.115200070868,4.568922542692256,0.0019025875190258,1.7913173833453427e-06,0.000410672939909,0,0,Manual Control,Baseline,0,Baseline Manual Control
1872,2023,0,0,4,15,10,20,15,888.4029741160815,3.0568807065888723,39.76027397260274,1.1865877279661512,3.0212505128056435,0,240,Partial Control,Baseline,240,Baseline Partial Control
1873,2022,0,0,1,10,30,20,13,1465.2500060791485,3.0642779563532163,24.648021308980216,1.4671756116863477,4.036024659761442,0,60,One Zone Controlled,Baseline,60,Baseline One Zone Controlled
1874,2022,0,0,4,10,10,20,13,1397.1252372404497,2.9137981142714655,38.46651445966515,0.983582417847422,2.841541567063862,0,240,Partial Control,Baseline,240,Baseline Partial Control
1875,2022,2,0,4,15,42,19,13,933.724626559436,1.9213501941920224,37.56659056316591,0.9938173510197804,2.7002067652267074,16000,240,Partial Control,Fabric - Shallow,16240,Fabric - Shallow Partial Control
1876,2022,2,0,0,15,30,20,13,1222.8460815155822,2.565679128313869,23.68911719939117,1.5553293753908364,4.085199338771037,16000,0,Manual Control,Fabric - Shallow,16000,Fabric - Shallow Manual Control
1877,2023,0,0,9,10,10,20,15,764.3504305065494,2.5908900881679897,47.720700152207,0.0350253088436911,0.0925487643206113,0,520,Full Control,Baseline,520,Baseline Full Control
1878,2022,2,0,1,5,42,19,13,1265.6887257842045,2.6365031002112365,5.700152207001522,0.0095214453096261,0.0677928980774854,16000,60,One Zone Controlled,Fabric - Shallow,16060,Fabric - Shallow One Zone Controlled
1879,2023,1,0,1,15,10,20,15,945.6265796027748,3.283011867145432,26.358447488584478,1.5166350152355217,3.897124908836513,3800,60,One Zone Controlled,Fabric - Low cost,3860,Fabric - Low cost One Zone Controlled
1880,2023,1,0,0,10,15,20,15,1150.0026574506105,4.038136969334443,16.84170471841705,0.9378056382225548,2.8474605154658814,3800,0,Manual Control,Fabric - Low cost,3800,Fabric - Low cost Manual Control
1881,2022,1,0,0,5,42,18,15,1627.1645204270355,3.397296382708104,0.0,0.0,0.0,3800,0,Manual Control,Fabric - Low cost,3800,Fabric - Low cost Manual Control
1882,2022,1,0,4,15,42,21,15,1294.9262526569205,2.6634053975253478,57.59703196347032,2.460191211707071,4.1603762950340775,3800,240,Partial Control,Fabric - Low cost,4040,Fabric - Low cost Partial Control
1883,2022,1,0,9,10,42,21,13,1178.7411620119742,2.455405640576998,50.681126331811264,0.1738123602878852,0.5590947470600487,3800,520,Full Control,Fabric - Low cost,4320,Fabric - Low cost Full Control
1884,2023,0,0,0,10,10,21,17,1141.6830295936252,3.961072782258876,22.86339421613394,1.4343634922057686,3.600839124570913,0,0,Manual Control,Baseline,0,Baseline Manual Control
1885,2022,2,0,1,5,42,21,15,1300.6203431575243,2.7086478918304424,58.28006088280061,1.422005525539627,1.6262392759010564,16000,60,One Zone Controlled,Fabric - Shallow,16060,Fabric - Shallow One Zone Controlled
1886,2023,0,0,0,10,42,19,17,970.4466110092875,3.3107841659344395,18.896499238964992,0.7075878490734717,1.8597625580181216,0,0,Manual Control,Baseline,0,Baseline Manual Control
1887,2023,0,0,1,15,42,18,17,929.5482752511357,3.163601650994975,19.393074581430746,0.3863321409391338,0.9910496499948296,0,60,One Zone Controlled,Baseline,60,Baseline One Zone Controlled
1888,2023,2,0,9,15,42,20,15,601.5679070709178,2.045519701025448,49.20281582952816,0.0780713052636206,0.229034200949062,16000,520,Full Control,Fabric - Shallow,16520,Fabric - Shallow Full Control
1889,2022,1,0,4,15,42,18,13,1072.5432174895313,2.1901534244952274,32.988964992389654,0.8026911306116999,2.363450298354069,3800,240,Partial Control,Fabric - Low cost,4040,Fabric - Low cost Partial Control
1890,2023,2,0,9,5,15,21,15,650.3338952323685,2.236596278482775,53.18683409436834,0.1672017282474389,0.4894574641898284,16000,520,Full Control,Fabric - Shallow,16520,Fabric - Shallow Full Control
1891,2022,1,0,0,5,42,21,15,1627.1645204270355,3.397296382708104,59.43112633181127,1.5208572673191092,1.6870172329542723,3800,0,Manual Control,Fabric - Low cost,3800,Fabric - Low cost Manual Control
1892,2023,0,0,0,15,42,19,15,852.2189879810093,2.9105596392767343,22.63508371385084,1.4906712628520995,3.7308762036089256,0,0,Manual Control,Baseline,0,Baseline Manual Control
1893,2022,2,0,0,15,15,20,13,1521.5757377338157,3.2218500581694407,18.23249619482496,0.9114539041433184,2.9451302333030696,16000,0,Manual Control,Fabric - Shallow,16000,Fabric - Shallow Manual Control
1894,2022,1,0,4,10,15,18,13,1362.5189521792831,2.829550349662738,28.569254185692543,0.3618143396655044,1.4403505271697703,3800,240,Partial Control,Fabric - Low cost,4040,Fabric - Low cost Partial Control
1895,2022,0,0,9,5,42,19,15,1188.0144321894252,2.390837618042644,39.60806697108067,0.0141444035774809,0.0457365904729932,0,520,Full Control,Baseline,520,Baseline Full Control
1896,2023,1,0,1,5,10,19,13,1150.9268669498153,4.017588213172525,3.9707001522070016,0.0042863415858307,0.0324689146493267,3800,60,One Zone Controlled,Fabric - Low cost,3860,Fabric - Low cost One Zone Controlled
1897,2022,3,0,0,5,42,18,13,633.4703079404702,0.9000560088237153,0.2035768645357686,0.0019804471986673,0.0610813686940492,51000,0,Manual Control,Fabric - Deep,51000,Fabric - Deep Manual Control
1898,2023,1,0,1,15,42,21,17,897.9789907733054,3.0623391137517455,62.07572298325723,3.0450619306704114,4.4191117219806335,3800,60,One Zone Controlled,Fabric - Low cost,3860,Fabric - Low cost One Zone Controlled
1899,2023,1,0,1,10,30,21,17,981.2804097036064,3.3739126814597227,43.33143074581431,1.5267263734645384,3.63129111290061,3800,60,One Zone Controlled,Fabric - Low cost,3860,Fabric - Low cost One Zone Controlled
1900,2022,2,0,9,5,15,18,13,756.4691197128225,1.50519766687629,39.89535768645357,0.0418281945805325,0.149680366107664,16000,520,Full Control,Fabric - Shallow,16520,Fabric - Shallow Full Control
1901,2022,0,0,9,15,10,21,13,1231.2515824936554,2.5580499998222317,49.79261796042618,0.1241401238294264,0.3869233203827027,0,520,Full Control,Baseline,520,Baseline Full Control
1902,2022,1,0,4,15,15,19,17,1615.8768235814086,3.343650761369852,27.09284627092846,0.4149685258202332,1.2085142465938197,3800,240,Partial Control,Fabric - Low cost,4040,Fabric - Low cost Partial Control
1903,2023,2,0,0,15,30,18,17,802.5595523599401,2.762850114694606,14.609969558599694,0.2510636608504553,0.7871610170957168,16000,0,Manual Control,Fabric - Shallow,16000,Fabric - Shallow Manual Control
1904,2022,0,0,4,10,10,20,17,1670.5012470228164,3.45515663399713,34.07153729071537,0.6735508547156972,1.8372796328739407,0,240,Partial Control,Baseline,240,Baseline Partial Control
1905,2023,1,0,4,10,10,19,15,849.06883527738,2.916543784333775,33.65677321156773,0.6034002671768033,1.84244678278507,3800,240,Partial Control,Fabric - Low cost,4040,Fabric - Low cost Partial Control
1906,2023,1,0,9,10,30,21,13,715.7748219346186,2.47191390685231,53.11834094368341,0.1635952853235133,0.5021388083254766,3800,520,Full Control,Fabric - Low cost,4320,Fabric - Low cost Full Control
1907,2023,2,0,4,10,42,18,13,556.2833317282646,1.8879370298974079,31.818873668188736,0.4988820586981093,1.6534417694713932,16000,240,Partial Control,Fabric - Shallow,16240,Fabric - Shallow Partial Control
1908,2022,0,0,0,5,15,19,17,2405.811740267749,5.075814859782124,0.0,0.0,0.0,0,0,Manual Control,Baseline,0,Baseline Manual Control
1909,2022,1,0,9,5,10,19,15,1132.7487184890956,2.2820355305532183,41.33751902587519,0.0208552052181949,0.0620368653954772,3800,520,Full Control,Fabric - Low cost,4320,Fabric - Low cost Full Control
1910,2022,1,0,0,15,15,19,17,1882.278219811672,3.9433022708551064,15.783866057838662,0.5348723419042417,1.6453749074097463,3800,0,Manual Control,Fabric - Low cost,3800,Fabric - Low cost Manual Control
1911,2023,1,0,9,10,15,21,15,782.752168270172,2.684123433060415,53.04794520547945,0.0943561925207818,0.2415177189167528,3800,520,Full Control,Fabric - Low cost,4320,Fabric - Low cost Full Control
1912,2022,2,0,4,10,15,20,15,1282.659752240156,2.6713489240684622,36.92732115677321,0.6230783658069536,1.939175749270729,16000,240,Partial Control,Fabric - Shallow,16240,Fabric - Shallow Partial Control
1913,2023,1,0,0,5,42,18,17,1022.781020299084,3.50977954263057,0.0,0.0,0.0,3800,0,Manual Control,Fabric - Low cost,3800,Fabric - Low cost Manual Control
1914,2022,1,0,9,15,30,19,15,1132.7487184890956,2.2820355305532183,41.33751902587519,0.0208552052181949,0.0620368653954772,3800,520,Full Control,Fabric - Low cost,4320,Fabric - Low cost Full Control
1915,2023,1,0,1,10,10,19,17,1050.7489405324711,3.6362852736064117,16.436453576864533,0.5235049617543356,1.5169019683109026,3800,60,One Zone Controlled,Fabric - Low cost,3860,Fabric - Low cost One Zone Controlled
1916,2023,1,0,1,5,10,21,15,1174.462973573197,4.099137755037262,7.17275494672755,0.0111413088581317,0.0603915703268201,3800,60,One Zone Controlled,Fabric - Low cost,3860,Fabric - Low cost One Zone Controlled
1917,2022,0,0,0,10,10,18,13,1753.3087466181478,3.692828987510201,12.42199391171994,0.5098901959332454,1.988280677092665,0,0,Manual Control,Baseline,0,Baseline Manual Control
1918,2023,1,0,9,5,30,21,15,782.752168270172,2.684123433060415,53.04794520547945,0.0943561925207818,0.2415177189167528,3800,520,Full Control,Fabric - Low cost,4320,Fabric - Low cost Full Control
1919,2023,2,0,4,15,42,21,13,609.8667071167592,2.100935600981726,59.59474885844749,2.477169146078496,4.236405171903686,16000,240,Partial Control,Fabric - Shallow,16240,Fabric - Shallow Partial Control
1920,2022,2,0,0,15,42,18,13,1086.8036956462506,2.2617247086355476,17.292617960426178,0.7842967555777296,2.545049469696944,16000,0,Manual Control,Fabric - Shallow,16000,Fabric - Shallow Manual Control
1921,2022,1,0,4,10,10,20,17,1592.3315278613218,3.296888269379002,35.58980213089802,0.6636688997798578,1.8115428073214817,3800,240,Partial Control,Fabric - Low cost,4040,Fabric - Low cost Partial Control
1922,2022,2,0,1,15,15,21,13,1414.0332340617385,2.991817983695803,27.77777777777778,1.5097596093619725,4.049149318388238,16000,60,One Zone Controlled,Fabric - Shallow,16060,Fabric - Shallow One Zone Controlled
1923,2022,1,0,9,15,30,21,17,1489.6572953555358,3.068767476500286,49.37024353120243,0.03905219624427,0.0970727262292254,3800,520,Full Control,Fabric - Low cost,4320,Fabric - Low cost Full Control
1924,2022,0,0,1,10,42,21,15,1418.5079934758883,2.9239930420670444,59.36643835616439,3.0084849291640032,4.787131530601877,0,60,One Zone Controlled,Baseline,60,Baseline One Zone Controlled
1925,2023,2,0,1,15,42,20,15,658.7510723041794,2.249498201756186,43.78234398782344,1.8119008914369228,4.242239979239476,16000,60,One Zone Controlled,Fabric - Shallow,16060,Fabric - Shallow One Zone Controlled
1926,2023,0,0,4,10,10,21,17,1035.263135212038,3.5654705260031925,42.460045662100455,1.0244689431320606,2.597043825537046,0,240,Partial Control,Baseline,240,Baseline Partial Control
1927,2023,2,0,9,15,10,18,15,520.4511999898064,1.7327541643421338,36.25570776255708,0.0099287692797632,0.0351181403769952,16000,520,Full Control,Fabric - Shallow,16520,Fabric - Shallow Full Control
1928,2023,1,0,9,5,42,19,15,678.9518953714866,2.2803428489290622,42.96232876712329,0.0198312950370876,0.0572982421021673,3800,520,Full Control,Fabric - Low cost,4320,Fabric - Low cost Full Control
1929,2022,2,0,9,15,15,20,13,910.5288069897448,1.8797087412292748,46.84170471841705,0.1695475738404895,0.5916363804908522,16000,520,Full Control,Fabric - Shallow,16520,Fabric - Shallow Full Control
1930,2023,0,0,9,15,10,19,17,849.526790532914,2.8647228807368483,35.728691019786915,0.000809440764681,0.0034508955226229,0,520,Full Control,Baseline,520,Baseline Full Control
1931,2023,0,0,4,10,42,20,17,927.7491789584325,3.156741197248029,48.62633181126332,0.8128203850983514,2.0536757513739485,0,240,Partial Control,Baseline,240,Baseline Partial Control
1932,2023,1,0,1,15,30,20,13,824.0832740366466,2.851361747683272,29.315068493150687,1.8894451663900604,4.699980025804002,3800,60,One Zone Controlled,Fabric - Low cost,3860,Fabric - Low cost One Zone Controlled
1933,2023,1,0,9,10,10,18,13,536.6601521515096,1.7879662932758387,38.85464231354642,0.0242556688817326,0.0775731027605174,3800,520,Full Control,Fabric - Low cost,4320,Fabric - Low cost Full Control
1934,2023,1,0,9,5,15,18,15,635.5197714552111,2.1163020492675813,34.756468797564686,0.0047870031018197,0.0184858801730078,3800,520,Full Control,Fabric - Low cost,4320,Fabric - Low cost Full Control
1935,2023,1,0,9,10,15,18,13,536.6601521515096,1.7879662932758387,38.85464231354642,0.0242556688817326,0.0775731027605174,3800,520,Full Control,Fabric - Low cost,4320,Fabric - Low cost Full Control
1936,2023,0,0,0,5,42,21,15,1042.8902643966412,3.581470628683041,62.071917808219176,1.565705179689584,1.6685575746115024,0,0,Manual Control,Baseline,0,Baseline Manual Control
1937,2023,2,0,0,5,42,21,13,822.9577339331107,2.828925141273817,61.37366818873669,1.5407833309432275,1.6772776701049013,16000,0,Manual Control,Fabric - Shallow,16000,Fabric - Shallow Manual Control
1938,2022,1,0,1,10,15,19,13,1714.8496264048447,3.6172562132977735,17.775875190258752,0.6576527093981636,2.3400980273137244,3800,60,One Zone Controlled,Fabric - Low cost,3860,Fabric - Low cost One Zone Controlled
1939,2023,0,0,0,5,42,20,17,1074.5406292800408,3.6850207877375087,15.140791476407914,0.0020603504583822,0.0067974986552011,0,0,Manual Control,Baseline,0,Baseline Manual Control
1940,2022,1,0,1,15,42,21,17,1477.9968241809577,3.0433590183455133,59.31126331811263,2.981354992748809,4.41630561415183,3800,60,One Zone Controlled,Fabric - Low cost,3860,Fabric - Low cost One Zone Controlled
1941,2022,1,0,9,10,10,18,13,905.3536218505434,1.7995884351710496,39.362633181126334,0.0261283909158526,0.0847280993405621,3800,520,Full Control,Fabric - Low cost,4320,Fabric - Low cost Full Control
1942,2022,0,0,9,10,10,20,15,1270.23682276116,2.5861561961872193,45.05707762557078,0.0364657075209407,0.0996422262581402,0,520,Full Control,Baseline,520,Baseline Full Control
1943,2022,1,0,0,10,30,21,17,1647.4122040784891,3.421853938434412,29.87633181126332,1.5688169561589418,3.789141147504934,3800,0,Manual Control,Fabric - Low cost,3800,Fabric - Low cost Manual Control
1944,2023,0,0,1,5,10,21,15,1226.6153093212424,4.277842404946789,6.733257229832572,0.0087635998673263,0.0480974069488104,0,60,One Zone Controlled,Baseline,60,Baseline One Zone Controlled
1945,2022,0,0,0,10,42,20,13,1393.200796679366,2.8994415119634005,28.68531202435312,1.7366936103492134,4.586860595407975,0,0,Manual Control,Baseline,0,Baseline Manual Control
1946,2022,0,0,4,15,42,21,13,1239.0343925332716,2.5689696660652235,57.58181126331812,2.650846836275055,4.682484721746192,0,240,Partial Control,Baseline,240,Baseline Partial Control
1947,2023,2,0,9,15,15,18,17,624.9778947734029,2.096939097601857,34.425418569254184,0.001662762373687,0.0049439218559368,16000,520,Full Control,Fabric - Shallow,16520,Fabric - Shallow Full Control
1948,2022,0,0,0,5,42,21,15,1705.2176686047521,3.5557207651574316,59.48249619482496,1.5221732321230832,1.6854709815949964,0,0,Manual Control,Baseline,0,Baseline Manual Control
1949,2023,1,0,4,10,30,21,13,789.8969406199224,2.7308038627893407,56.45547945205479,1.4715255983192403,3.672705940259224,3800,240,Partial Control,Fabric - Low cost,4040,Fabric - Low cost Partial Control
1950,2023,1,0,1,15,15,19,15,1026.9599516696144,3.5897469471400028,19.93531202435312,0.8075699460912811,2.508033613072239,3800,60,One Zone Controlled,Fabric - Low cost,3860,Fabric - Low cost One Zone Controlled
1951,2022,0,0,1,15,15,21,17,1909.7522709904008,3.978106019016247,27.631278538812783,1.6243674140819624,3.885167337603886,0,60,One Zone Controlled,Baseline,60,Baseline One Zone Controlled
1952,2023,2,0,4,10,10,19,13,668.873140473918,2.311360040514544,33.93835616438356,0.5192703292300246,1.7309009946241634,16000,240,Partial Control,Fabric - Shallow,16240,Fabric - Shallow Partial Control
1953,2023,2,0,4,10,15,20,15,772.7546651077242,2.682492902985343,37.8310502283105,0.6208139839039865,1.9042492304422405,16000,240,Partial Control,Fabric - Shallow,16240,Fabric - Shallow Partial Control
1954,2022,1,0,1,10,30,21,17,1614.0473839475508,3.345938384402114,41.01407914764079,1.503958621031053,3.614238982227712,3800,60,One Zone Controlled,Fabric - Low cost,3860,Fabric - Low cost One Zone Controlled
1955,2022,2,0,4,5,42,19,15,1138.6687279166053,2.3408577357301583,25.045662100456624,0.016539826428857,0.0601437359696647,16000,240,Partial Control,Fabric - Shallow,16240,Fabric - Shallow Partial Control
1956,2023,1,0,4,15,10,21,15,870.7997778733298,3.010393262336629,45.79718417047184,1.601810165646506,3.74972441854017,3800,240,Partial Control,Fabric - Low cost,4040,Fabric - Low cost Partial Control
1957,2023,1,0,1,5,42,20,17,993.2532331948518,3.4040602938886595,27.012937595129376,0.0036435559088337,0.0117548581039485,3800,60,One Zone Controlled,Fabric - Low cost,3860,Fabric - Low cost One Zone Controlled
1958,2023,0,0,1,15,15,18,17,1147.2772843095127,3.991491488644821,14.636605783866058,0.238963874103848,0.7601945382548667,0,60,One Zone Controlled,Baseline,60,Baseline One Zone Controlled
1959,2023,1,0,9,10,42,18,13,536.6601521515096,1.7879662932758387,38.85464231354642,0.0242556688817326,0.0775731027605174,3800,520,Full Control,Fabric - Low cost,4320,Fabric - Low cost Full Control
1960,2023,0,0,1,15,15,20,13,1039.5635007709216,3.647331443246681,23.995433789954337,1.3852866390928795,3.872112020131656,0,60,One Zone Controlled,Baseline,60,Baseline One Zone Controlled
1961,2023,0,0,4,10,15,21,17,1083.6890348591949,3.750280137341756,41.13394216133942,0.9325738611344174,2.4607496634585986,0,240,Partial Control,Baseline,240,Baseline Partial Control
1962,2023,2,0,0,10,10,21,15,880.8523425638178,3.072758481952351,21.8968797564688,1.3549221418259352,3.64412051052935,16000,0,Manual Control,Fabric - Shallow,16000,Fabric - Shallow Manual Control
1963,2022,1,0,1,10,42,18,17,1480.5234746433212,3.050950349213263,16.52777777777778,0.2794083738573951,0.7969115222351761,3800,60,One Zone Controlled,Fabric - Low cost,3860,Fabric - Low cost One Zone Controlled
1964,2022,1,0,9,15,10,21,15,1296.2355690584925,2.6713319493175023,50.68493150684932,0.0990543440962043,0.2703640887032899,3800,520,Full Control,Fabric - Low cost,4320,Fabric - Low cost Full Control
1965,2023,2,0,0,5,15,20,15,1159.9829144709388,4.079232555748144,0.0,0.0,0.0,16000,0,Manual Control,Fabric - Shallow,16000,Fabric - Shallow Manual Control
1966,2022,0,0,0,5,30,19,15,1916.5478308141453,4.023073866070681,0.0,0.0,0.0,0,0,Manual Control,Baseline,0,Baseline Manual Control
1967,2022,0,0,0,15,42,19,17,1564.8631773363593,3.220344219241524,22.79680365296804,0.9403535157259542,2.237674971211689,0,0,Manual Control,Baseline,0,Baseline Manual Control
1968,2023,2,0,4,5,42,21,15,727.0784423069491,2.498209475454116,59.09627092846272,1.0356069503207486,1.245857855902874,16000,240,Partial Control,Fabric - Shallow,16240,Fabric - Shallow Partial Control
1969,2022,0,0,0,5,30,18,17,1955.4991938660671,4.094291871372764,0.0,0.0,0.0,0,0,Manual Control,Baseline,0,Baseline Manual Control
1970,2023,0,0,0,10,42,18,13,850.4414241122773,2.918687394114761,15.95509893455099,0.8328307700348866,2.6255212966478094,0,0,Manual Control,Baseline,0,Baseline Manual Control
1971,2022,2,0,0,5,42,18,17,1383.9201798674892,2.877665244894747,0.0,0.0,0.0,16000,0,Manual Control,Fabric - Shallow,16000,Fabric - Shallow Manual Control
1972,2023,0,0,0,15,42,20,17,950.9907938270331,3.2413083144728057,33.44748858447489,1.6303985716627167,3.573639208586587,0,0,Manual Control,Baseline,0,Baseline Manual Control
1973,2022,1,0,4,5,10,21,15,1660.120443269229,3.4743288517856663,30.9703196347032,0.0429424964641162,0.1379937867612761,3800,240,Partial Control,Fabric - Low cost,4040,Fabric - Low cost Partial Control
1974,2023,2,0,0,5,42,21,15,825.3623708668125,2.836067250687044,61.37937595129376,1.5413382980968366,1.6777791552574817,16000,0,Manual Control,Fabric - Shallow,16000,Fabric - Shallow Manual Control
1975,2022,2,0,4,5,30,20,13,1212.0524541771788,2.5317513649474725,28.828006088280063,0.0631601831271539,0.2683178160062329,16000,240,Partial Control,Fabric - Shallow,16240,Fabric - Shallow Partial Control
1976,2022,1,0,1,15,30,18,17,1562.766565578477,3.234728019118121,17.136605783866056,0.3166481325865236,0.8921895092236514,3800,60,One Zone Controlled,Fabric - Low cost,3860,Fabric - Low cost One Zone Controlled
1977,2022,1,0,0,5,30,19,15,1830.3089947516023,3.846784579646724,0.0,0.0,0.0,3800,0,Manual Control,Fabric - Low cost,3800,Fabric - Low cost Manual Control
1978,2023,1,0,0,5,42,18,15,995.1817264453405,3.4197785306254893,0.0,0.0,0.0,3800,0,Manual Control,Fabric - Low cost,3800,Fabric - Low cost Manual Control
1979,2023,1,0,4,10,10,20,17,966.6708531083813,3.3235564584520034,36.64193302891933,0.6708100668117967,1.835405942789279,3800,240,Partial Control,Fabric - Low cost,4040,Fabric - Low cost Partial Control
1980,2022,2,0,9,5,30,20,15,1003.5094188934552,2.049717122347977,46.72945205479452,0.0831890358324485,0.2572801257366565,16000,520,Full Control,Fabric - Shallow,16520,Fabric - Shallow Full Control
1981,2022,2,0,0,15,15,18,15,1534.3052386397073,3.2394785324334823,8.622526636225267,0.2314487207240556,1.1557176533797675,16000,0,Manual Control,Fabric - Shallow,16000,Fabric - Shallow Manual Control
1982,2022,2,0,0,15,30,21,13,1222.8460815155822,2.565679128313869,36.1986301369863,2.259377937505264,5.2843079067661725,16000,0,Manual Control,Fabric - Shallow,16000,Fabric - Shallow Manual Control
1983,2023,2,0,9,10,30,19,13,494.57226173061844,1.6724923197412656,44.43302891933029,0.0796498326947911,0.2738054815776297,16000,520,Full Control,Fabric - Shallow,16520,Fabric - Shallow Full Control
1984,2022,1,0,0,15,42,20,17,1488.5802515829425,3.0663221636110936,31.590563165905632,1.5884931860788143,3.514152787576823,3800,0,Manual Control,Fabric - Low cost,3800,Fabric - Low cost Manual Control
1985,2023,2,0,0,5,15,18,15,1159.9829144709388,4.079232555748144,0.0,0.0,0.0,16000,0,Manual Control,Fabric - Shallow,16000,Fabric - Shallow Manual Control
1986,2023,0,0,0,15,15,19,13,1127.1982814717385,3.9632990460085344,16.860730593607308,0.8431099884839391,2.7676898336879274,0,0,Manual Control,Baseline,0,Baseline Manual Control
1987,2022,1,0,4,5,42,21,17,1570.0079041184852,3.2504357672892263,57.018645357686445,1.003811669262438,1.212067960533191,3800,240,Partial Control,Fabric - Low cost,4040,Fabric - Low cost Partial Control
1988,2022,2,0,4,15,10,19,13,1073.1458525000808,2.2349505749176184,34.10197869101979,0.6668481740041371,2.118170169539473,16000,240,Partial Control,Fabric - Shallow,16240,Fabric - Shallow Partial Control
1989,2022,1,0,4,10,42,20,17,1452.5359332106186,2.987763779528081,47.6617199391172,0.8025602165040874,2.0308453631020966,3800,240,Partial Control,Fabric - Low cost,4040,Fabric - Low cost Partial Control
1990,2023,2,0,4,10,42,18,15,608.0936651527197,2.055721413859468,29.78881278538813,0.4149998063666998,1.3224920082197684,16000,240,Partial Control,Fabric - Shallow,16240,Fabric - Shallow Partial Control
1991,2023,2,0,9,5,15,20,15,601.5679070709178,2.045519701025448,49.20281582952816,0.0780713052636206,0.229034200949062,16000,520,Full Control,Fabric - Shallow,16520,Fabric - Shallow Full Control
1992,2023,1,0,9,5,15,21,17,903.5862004195255,3.090935807848471,51.52016742770168,0.0374578526297002,0.0887261942349276,3800,520,Full Control,Fabric - Low cost,4320,Fabric - Low cost Full Control
1993,2022,0,0,1,10,10,20,15,1686.3686497138553,3.5212422799194267,22.987062404870624,1.1797394240187318,3.330659034845732,0,60,One Zone Controlled,Baseline,60,Baseline One Zone Controlled
1994,2023,0,0,9,5,10,20,17,898.6416013023711,3.0508139763024302,42.02625570776256,0.0054222004976782,0.0188643366029278,0,520,Full Control,Baseline,520,Baseline Full Control
1995,2023,0,0,0,5,15,21,13,1453.595888082631,5.108964781510275,0.0,0.0,0.0,0,0,Manual Control,Baseline,0,Baseline Manual Control
1996,2023,1,0,9,10,30,19,15,678.9518953714866,2.2803428489290622,42.96232876712329,0.0198312950370876,0.0572982421021673,3800,520,Full Control,Fabric - Low cost,4320,Fabric - Low cost Full Control
1997,2023,0,0,9,10,42,19,15,712.0529807339085,2.3903322160719176,41.289954337899545,0.0132798245345634,0.0422792093001361,0,520,Full Control,Baseline,520,Baseline Full Control
1998,2023,2,0,1,15,42,18,15,654.6754432652356,2.230744784554212,20.4851598173516,0.7117668128176733,2.097006123067544,16000,60,One Zone Controlled,Fabric - Shallow,16060,Fabric - Shallow One Zone Controlled
1999,2022,1,0,1,15,10,19,15,1555.6038760489316,3.245243862224205,21.624809741248097,0.9898197228378272,2.888421577184032,3800,60,One Zone Controlled,Fabric - Low cost,3860,Fabric - Low cost One Zone Controlled
2000,2023,2,0,4,5,30,19,13,712.5100231177286,2.452437184196328,25.24733637747336,0.0288474821457082,0.1187021435120069,16000,240,Partial Control,Fabric - Shallow,16240,Fabric - Shallow Partial Control
2001,2022,0,0,1,5,42,19,13,1576.439410236773,3.286606676325517,4.882039573820396,0.0052938054046564,0.0356360446540929,0,60,One Zone Controlled,Baseline,60,Baseline One Zone Controlled
2002,2022,1,0,0,15,42,19,15,1341.3315540220804,2.772058795820874,22.754946727549463,1.4330920786804069,3.653492615747949,3800,0,Manual Control,Fabric - Low cost,3800,Fabric - Low cost Manual Control
2003,2023,0,0,4,15,10,20,17,998.062801529589,3.42763058123613,36.05593607305936,0.8923567116985155,2.1959026940888142,0,240,Partial Control,Baseline,240,Baseline Partial Control
2004,2022,1,0,0,5,15,18,13,2283.346273612424,4.829576827631193,0.0,0.0,0.0,3800,0,Manual Control,Fabric - Low cost,3800,Fabric - Low cost Manual Control
2005,2022,1,0,1,5,30,20,17,1790.2895755853758,3.7440787263971074,4.505327245053273,0.0016637530515383,0.010151293639725,3800,60,One Zone Controlled,Fabric - Low cost,3860,Fabric - Low cost One Zone Controlled
2006,2023,1,0,9,15,30,20,13,649.7242095620795,2.218521505835328,49.393074581430746,0.0898898197526876,0.2690887219275529,3800,520,Full Control,Fabric - Low cost,4320,Fabric - Low cost Full Control
2007,2022,1,0,9,5,15,19,17,1339.6074070667535,2.7303680168944684,34.296042617960424,0.0007601182707056,0.0038197258430859,3800,520,Full Control,Fabric - Low cost,4320,Fabric - Low cost Full Control
2008,2023,2,0,1,15,10,21,13,780.449779803349,2.72649457295557,31.489726027397257,1.8463342301723344,4.529080962606371,16000,60,One Zone Controlled,Fabric - Shallow,16060,Fabric - Shallow One Zone Controlled
2009,2022,1,0,9,10,30,21,15,1296.2355690584925,2.6713319493175023,50.68493150684932,0.0990543440962043,0.2703640887032899,3800,520,Full Control,Fabric - Low cost,4320,Fabric - Low cost Full Control
2010,2023,0,0,1,5,10,18,13,1194.085214669109,4.1645664298444025,2.2012937595129376,0.0015469934833159,0.013715705063719,0,60,One Zone Controlled,Baseline,60,Baseline One Zone Controlled
2011,2023,1,0,0,5,10,21,17,1263.8808218520924,4.411521529552214,0.0,0.0,0.0,3800,0,Manual Control,Fabric - Low cost,3800,Fabric - Low cost Manual Control
2012,2022,1,0,4,10,30,20,17,1517.9239462334892,3.1334848498896286,36.59436834094368,0.7351087301240355,1.926117948233897,3800,240,Partial Control,Fabric - Low cost,4040,Fabric - Low cost Partial Control
2013,2022,0,0,1,15,30,20,17,1649.5981092649238,3.4108713836852673,26.54680365296804,1.3665894971310522,3.1586575761561533,0,60,One Zone Controlled,Baseline,60,Baseline One Zone Controlled
2014,2023,2,0,0,15,15,18,13,923.5112673100842,3.2509102956905322,8.464611872146119,0.2379870810071375,1.2807681041270933,16000,0,Manual Control,Fabric - Shallow,16000,Fabric - Shallow Manual Control
2015,2022,0,0,0,15,15,20,15,1880.5955281647557,3.959909046362091,20.386225266362253,1.2765915094235654,3.610797523549253,0,0,Manual Control,Baseline,0,Baseline Manual Control
2016,2022,0,0,0,15,10,19,13,1667.020195124022,3.512630820416591,18.58257229832572,1.0797551779155354,3.318913181269584,0,0,Manual Control,Baseline,0,Baseline Manual Control
2017,2023,1,0,4,10,15,21,15,944.0687060541007,3.2824820839655087,43.635844748858446,1.0954192182199547,2.9404570865101687,3800,240,Partial Control,Fabric - Low cost,4040,Fabric - Low cost Partial Control
2018,2023,0,0,4,15,15,20,13,878.9592975818487,3.058444894701745,38.83181126331811,1.1124741756908425,3.0505357985067167,0,240,Partial Control,Baseline,240,Baseline Partial Control
2019,2023,1,0,9,5,42,21,15,782.752168270172,2.684123433060415,53.04794520547945,0.0943561925207818,0.2415177189167528,3800,520,Full Control,Fabric - Low cost,4320,Fabric - Low cost Full Control
2020,2023,2,0,9,5,10,18,15,520.4511999898064,1.7327541643421338,36.25570776255708,0.0099287692797632,0.0351181403769952,16000,520,Full Control,Fabric - Shallow,16520,Fabric - Shallow Full Control
2021,2023,0,0,1,5,10,19,15,1215.4107125862356,4.233797898443345,3.0745814307458144,0.0015431274562472,0.0111063817960085,0,60,One Zone Controlled,Baseline,60,Baseline One Zone Controlled
2022,2022,1,0,1,10,15,19,17,1873.5795803247422,3.9133617180788507,15.173135464231354,0.4312036260853992,1.367848781257638,3800,60,One Zone Controlled,Fabric - Low cost,3860,Fabric - Low cost One Zone Controlled
2023,2022,1,0,1,10,30,19,15,1469.6004455794503,3.052280679881279,21.16057838660578,0.9033810392539764,2.655039330436698,3800,60,One Zone Controlled,Fabric - Low cost,3860,Fabric - Low cost One Zone Controlled
2024,2023,2,0,0,5,10,20,15,1044.200494055258,3.6482437649220656,0.0,0.0,0.0,16000,0,Manual Control,Fabric - Shallow,16000,Fabric - Shallow Manual Control
2025,2023,1,0,1,5,10,21,13,1164.328353606819,4.068611110306461,7.220319634703197,0.0151378915178387,0.0916690781342617,3800,60,One Zone Controlled,Fabric - Low cost,3860,Fabric - Low cost One Zone Controlled
2026,2023,0,0,1,5,42,21,13,978.3689808813175,3.365893570289485,61.64003044140031,1.4847414667106813,1.6060111219316453,0,60,One Zone Controlled,Baseline,60,Baseline One Zone Controlled
2027,2022,2,0,1,10,30,18,13,1185.4788064448928,2.4752544789095277,15.947488584474886,0.4651371693931462,1.789175486341233,16000,60,One Zone Controlled,Fabric - Shallow,16060,Fabric - Shallow One Zone Controlled
2028,2022,0,0,9,5,15,19,13,1030.3874282782822,2.0850983631431212,41.75228310502283,0.0391124846490885,0.1201912359935138,0,520,Full Control,Baseline,520,Baseline Full Control
2029,2022,2,0,0,10,15,19,15,1611.3273133730163,3.400172139932961,11.539193302891931,0.3799193777958481,1.5645362139628565,16000,0,Manual Control,Fabric - Shallow,16000,Fabric - Shallow Manual Control
2030,2022,1,0,4,15,42,20,13,1142.8175057091175,2.3635291342408697,50.36149162861492,1.6115105972537471,3.880717003429493,3800,240,Partial Control,Fabric - Low cost,4040,Fabric - Low cost Partial Control
2031,2023,0,0,1,5,30,21,13,1093.780077458776,3.792948609324229,33.50837138508371,0.0162237542584385,0.0825594502260776,0,60,One Zone Controlled,Baseline,60,Baseline One Zone Controlled
2032,2023,0,0,9,5,42,18,17,807.3059220550748,2.7101445703606633,34.24657534246575,0.0013781256800595,0.0043928712353714,0,520,Full Control,Baseline,520,Baseline Full Control
2033,2023,1,0,4,15,15,21,13,871.9216379167682,3.0474010531076225,44.36073059360731,1.4985795338391816,3.7224104053814,3800,240,Partial Control,Fabric - Low cost,4040,Fabric - Low cost Partial Control
2034,2023,0,0,9,5,42,19,17,849.526790532914,2.8647228807368483,35.728691019786915,0.000809440764681,0.0034508955226229,0,520,Full Control,Baseline,520,Baseline Full Control
2035,2022,0,0,0,10,10,19,13,1753.3087466181478,3.692828987510201,16.008371385083713,0.8308806068493471,2.7654835461482303,0,0,Manual Control,Baseline,0,Baseline Manual Control
2036,2022,2,0,1,15,30,19,13,1143.0369939492393,2.390693325153617,22.97184170471842,1.0177617691428251,3.045176499776081,16000,60,One Zone Controlled,Fabric - Shallow,16060,Fabric - Shallow One Zone Controlled
2037,2022,2,0,0,5,30,20,13,1528.6790612093894,3.208103569340703,0.015220700152207,0.0001051545779666,0.0117457981512744,16000,0,Manual Control,Fabric - Shallow,16000,Fabric - Shallow Manual Control
2038,2023,2,0,1,15,15,18,13,842.1594837714578,2.95742292316422,12.482876712328766,0.3016616969198364,1.5062163164173523,16000,60,One Zone Controlled,Fabric - Shallow,16060,Fabric - Shallow One Zone Controlled
2039,2022,1,0,1,15,15,19,17,1818.7784758492996,3.793922594856826,17.465753424657535,0.563319460365458,1.652246292126176,3800,60,One Zone Controlled,Fabric - Low cost,3860,Fabric - Low cost One Zone Controlled
2040,2023,1,0,1,5,30,20,15,1055.6989317283462,3.6542894053059713,6.373668188736683,0.0065074910443763,0.0364564749421389,3800,60,One Zone Controlled,Fabric - Low cost,3860,Fabric - Low cost One Zone Controlled
2041,2023,0,0,0,15,30,19,17,1023.5418355933975,3.517440754458675,20.43759512937595,0.8292997365019926,2.0944831935526445,0,0,Manual Control,Baseline,0,Baseline Manual Control
2042,2022,0,0,4,15,15,18,15,1494.820104955659,3.076493954855765,25.584094368340946,0.4004896483274608,1.379991279184655,0,240,Partial Control,Baseline,240,Baseline Partial Control
2043,2023,0,0,0,15,15,20,15,1141.2348931842687,4.004654670794839,20.12937595129376,1.2867981078268602,3.571337345576213,0,0,Manual Control,Baseline,0,Baseline Manual Control
2044,2022,0,0,1,5,15,21,13,2201.8022403591517,4.6515269260828305,5.724885844748859,0.010884716901381,0.0703555206680387,0,60,One Zone Controlled,Baseline,60,Baseline One Zone Controlled
2045,2023,0,0,1,10,10,21,15,1028.5779299073945,3.573175460919246,28.00228310502283,1.6533304000680542,4.260993309669194,0,60,One Zone Controlled,Baseline,60,Baseline One Zone Controlled
2046,2022,2,0,1,5,10,18,15,1592.8924986790205,3.3414467783222395,2.165144596651446,0.0010449541689822,0.0094928281424791,16000,60,One Zone Controlled,Fabric - Shallow,16060,Fabric - Shallow One Zone Controlled
2047,2023,1,0,9,5,30,21,17,903.5862004195255,3.090935807848471,51.52016742770168,0.0374578526297002,0.0887261942349276,3800,520,Full Control,Fabric - Low cost,4320,Fabric - Low cost Full Control
2048,2023,1,0,9,10,15,20,15,728.8942387137456,2.4732454449272407,48.95738203957382,0.0476624365694901,0.1230612022161482,3800,520,Full Control,Fabric - Low cost,4320,Fabric - Low cost Full Control
2049,2023,2,0,1,10,42,18,15,674.3729327431942,2.2994026752462893,18.023211567732115,0.5423843405013328,1.7274572086067246,16000,60,One Zone Controlled,Fabric - Shallow,16060,Fabric - Shallow One Zone Controlled
2050,2022,2,0,9,5,42,20,13,910.5288069897448,1.8797087412292748,46.84170471841705,0.1695475738404895,0.5916363804908522,16000,520,Full Control,Fabric - Shallow,16520,Fabric - Shallow Full Control
2051,2023,2,0,9,15,42,18,15,520.4511999898064,1.7327541643421338,36.25570776255708,0.0099287692797632,0.0351181403769952,16000,520,Full Control,Fabric - Shallow,16520,Fabric - Shallow Full Control
2052,2022,0,0,9,15,30,20,15,1270.23682276116,2.5861561961872193,45.05707762557078,0.0364657075209407,0.0996422262581402,0,520,Full Control,Baseline,520,Baseline Full Control
2053,2022,0,0,1,5,15,20,15,2210.6035582547825,4.659197893480376,4.2465753424657535,0.0038874967273361,0.0244220159166556,0,60,One Zone Controlled,Baseline,60,Baseline One Zone Controlled
2054,2022,0,0,9,5,15,21,17,1564.0233816317295,3.217943890621078,47.720700152207,0.0274751903637385,0.0699432444377022,0,520,Full Control,Baseline,520,Baseline Full Control
2055,2022,2,0,0,5,30,21,13,1528.6790612093894,3.208103569340703,16.676179604261794,0.0033589308247435,0.0351051928457265,16000,0,Manual Control,Fabric - Shallow,16000,Fabric - Shallow Manual Control
2056,2022,1,0,9,10,15,19,17,1339.6074070667535,2.7303680168944684,34.296042617960424,0.0007601182707056,0.0038197258430859,3800,520,Full Control,Fabric - Low cost,4320,Fabric - Low cost Full Control
2057,2022,0,0,1,15,42,21,15,1379.0104329729977,2.837956909333745,59.35882800608828,3.5305705110177423,5.763291716169551,0,60,One Zone Controlled,Baseline,60,Baseline One Zone Controlled
2058,2022,0,0,0,5,30,21,13,1908.5159281453948,4.010442983242018,13.276255707762555,0.0021321642949164,0.0185324533226452,0,0,Manual Control,Baseline,0,Baseline Manual Control
2059,2022,1,0,1,15,15,20,15,1700.623997406798,3.568426607834285,24.088660578386605,1.2601096179129188,3.5211787230097986,3800,60,One Zone Controlled,Fabric - Low cost,3860,Fabric - Low cost One Zone Controlled
2060,2022,1,0,4,15,30,18,17,1439.5172408823664,2.9575191029152643,26.1910197869102,0.2255428985240211,0.6503202608338177,3800,240,Partial Control,Fabric - Low cost,4040,Fabric - Low cost Partial Control
2061,2023,2,0,0,5,30,20,13,931.0128225366103,3.2286396470864402,0.0095129375951293,1.604074046461276e-05,0.0020001700184664,16000,0,Manual Control,Fabric - Shallow,16000,Fabric - Shallow Manual Control
2062,2023,1,0,1,5,15,21,13,1284.6047663683228,4.516628218647239,6.520167427701675,0.0126507224766988,0.0806465396747139,3800,60,One Zone Controlled,Fabric - Low cost,3860,Fabric - Low cost One Zone Controlled
2063,2023,2,0,4,5,10,21,13,822.4652848051848,2.866298324794764,32.99657534246575,0.1034814237329015,0.4094386009515239,16000,240,Partial Control,Fabric - Shallow,16240,Fabric - Shallow Partial Control
2064,2022,2,0,0,10,10,21,15,1450.886285196686,3.049158952614046,21.242389649923897,1.3598626028281775,3.693609672655701,16000,0,Manual Control,Fabric - Shallow,16000,Fabric - Shallow Manual Control
2065,2022,1,0,9,15,10,18,13,905.3536218505434,1.7995884351710496,39.362633181126334,0.0261283909158526,0.0847280993405621,3800,520,Full Control,Fabric - Low cost,4320,Fabric - Low cost Full Control
2066,2023,2,0,1,15,30,20,13,699.825311246831,2.4230002650997178,28.65867579908676,1.5559459677854437,3.99823780366865,16000,60,One Zone Controlled,Fabric - Shallow,16060,Fabric - Shallow One Zone Controlled
2067,2022,1,0,4,5,15,21,17,1886.942545749571,3.946122177291992,28.350456621004565,0.0176917241631667,0.0534819887694629,3800,240,Partial Control,Fabric - Low cost,4040,Fabric - Low cost Partial Control
2068,2023,1,0,4,15,15,19,15,878.3287679137272,3.034322908595928,33.0593607305936,0.6582025615418726,1.9651145391087437,3800,240,Partial Control,Fabric - Low cost,4040,Fabric - Low cost Partial Control
2069,2023,2,0,9,15,15,19,13,494.57226173061844,1.6724923197412656,44.43302891933029,0.0796498326947911,0.2738054815776297,16000,520,Full Control,Fabric - Shallow,16520,Fabric - Shallow Full Control
2070,2023,2,0,1,5,10,21,15,979.1959998194648,3.4180703090122897,7.747336377473364,0.0170435819338502,0.1006017609073002,16000,60,One Zone Controlled,Fabric - Shallow,16060,Fabric - Shallow One Zone Controlled
2071,2023,0,0,0,15,30,21,15,940.0124780280904,3.2443756957809917,36.1986301369863,2.59475661117445,5.785909285966405,0,0,Manual Control,Baseline,0,Baseline Manual Control
2072,2022,0,0,4,15,15,19,17,1692.0359645332094,3.4972999784557786,27.022450532724505,0.4336052047309569,1.2497005011384912,0,240,Partial Control,Baseline,240,Baseline Partial Control
2073,2022,0,0,4,15,30,18,17,1511.7219267089345,3.1032617379614784,26.238584474885844,0.2327786487075612,0.6651243323235527,0,240,Partial Control,Baseline,240,Baseline Partial Control
2074,2023,2,0,1,5,10,20,13,968.1961609678527,3.380101236436596,5.802891933028919,0.0110483962229269,0.0811730252216939,16000,60,One Zone Controlled,Fabric - Shallow,16060,Fabric - Shallow One Zone Controlled
2075,2022,0,0,1,15,10,20,13,1553.947000201167,3.264166575282367,26.12633181126332,1.6484417356168355,4.3912599930361145,0,60,One Zone Controlled,Baseline,60,Baseline One Zone Controlled
2076,2023,1,0,4,15,42,19,17,855.4661678995221,2.902027952346969,31.00266362252664,0.6246304679984848,1.5207681966981537,3800,240,Partial Control,Fabric - Low cost,4040,Fabric - Low cost Partial Control
2077,2023,2,0,0,15,30,19,13,744.4453707607506,2.5808050950268786,19.27701674277017,0.9712409076134196,2.916583319024071,16000,0,Manual Control,Fabric - Shallow,16000,Fabric - Shallow Manual Control
2078,2023,2,0,0,15,10,18,15,840.6246067867941,2.9335557725465122,11.71993911719939,0.3300385589530855,1.3812111836869685,16000,0,Manual Control,Fabric - Shallow,16000,Fabric - Shallow Manual Control
2079,2023,1,0,1,5,15,21,17,1318.1687634149248,4.621856966223316,6.035007610350076,0.0046557701416579,0.0239755507832672,3800,60,One Zone Controlled,Fabric - Low cost,3860,Fabric - Low cost One Zone Controlled
2080,2023,0,0,1,5,42,18,15,982.3680886553693,3.3643884950490506,1.8493150684931507,0.0002600515575629,0.0026532479187121,0,60,One Zone Controlled,Baseline,60,Baseline One Zone Controlled
2081,2022,1,0,9,5,42,18,17,1274.1445864473694,2.583145969165776,34.733637747336374,0.0015123255382184,0.0045989316799535,3800,520,Full Control,Fabric - Low cost,4320,Fabric - Low cost Full Control
2082,2023,0,0,0,5,30,20,17,1195.1151073149003,4.134945610673003,0.0,0.0,0.0,0,0,Manual Control,Baseline,0,Baseline Manual Control
2083,2023,0,0,9,10,30,18,13,561.5661884915917,1.8695547949679265,37.62937595129376,0.017212287678914,0.0584673070854036,0,520,Full Control,Baseline,520,Baseline Full Control
2084,2023,2,0,0,10,10,19,13,875.3045327762511,3.0565722902029098,14.330289193302892,0.5461812768383489,1.9767598818554577,16000,0,Manual Control,Fabric - Shallow,16000,Fabric - Shallow Manual Control
2085,2023,0,0,4,5,10,18,17,1068.081980747672,3.676423488190068,13.67199391171994,0.0006105985188675,0.003129139410484,0,240,Partial Control,Baseline,240,Baseline Partial Control
2086,2022,0,0,1,5,42,19,17,1699.7090758793438,3.5275312670900805,0.9798325722983257,3.090453236472035e-05,0.0006146956821542,0,60,One Zone Controlled,Baseline,60,Baseline One Zone Controlled
2087,2023,2,0,1,10,30,19,15,747.9276379801684,2.576675085861655,20.35388127853881,0.7275462531615271,2.232934694717532,16000,60,One Zone Controlled,Fabric - Shallow,16060,Fabric - Shallow One Zone Controlled
2088,2022,0,0,0,15,30,19,15,1545.4924285353525,3.219720101343647,20.858066971080667,1.2278304814215195,3.353166477912288,0,0,Manual Control,Baseline,0,Baseline Manual Control
2089,2023,1,0,4,15,15,21,15,919.3221319611392,3.195625088820302,44.23706240487063,1.4196583775529483,3.475740618306551,3800,240,Partial Control,Fabric - Low cost,4040,Fabric - Low cost Partial Control
2090,2023,1,0,9,5,30,19,17,809.4401534844008,2.730120728082554,35.47945205479452,0.0008727512077135,0.0038161384521279,3800,520,Full Control,Fabric - Low cost,4320,Fabric - Low cost Full Control
2091,2023,1,0,1,10,15,19,13,1042.8618952239435,3.6589191676268182,18.05365296803653,0.6588253119255583,2.270103091467742,3800,60,One Zone Controlled,Fabric - Low cost,3860,Fabric - Low cost One Zone Controlled
2092,2023,0,0,1,15,15,18,15,1069.4190811502212,3.7321432315527665,15.37290715372907,0.4930184607571858,1.7474476214658854,0,60,One Zone Controlled,Baseline,60,Baseline One Zone Controlled
2093,2022,0,0,9,5,15,18,15,1120.06559151212,2.2246502399099044,33.64345509893455,0.0025232808482777,0.0114717608929531,0,520,Full Control,Baseline,520,Baseline Full Control
2094,2023,1,0,4,5,30,21,15,941.8444073750641,3.2513858204175925,51.20053272450533,0.0449209555054388,0.1307785286677502,3800,240,Partial Control,Fabric - Low cost,4040,Fabric - Low cost Partial Control
2095,2023,2,0,4,15,15,21,13,741.2390033027222,2.595022616596528,43.8603500761035,1.2779165985579226,3.269283213048462,16000,240,Partial Control,Fabric - Shallow,16240,Fabric - Shallow Partial Control
2096,2022,2,0,0,5,15,21,13,1915.729186711949,4.044464234028569,0.0133181126331811,7.965040400486122e-05,0.0097790449916941,16000,0,Manual Control,Fabric - Shallow,16000,Fabric - Shallow Manual Control
2097,2022,2,0,9,5,15,21,13,1002.170311024158,2.093371827757312,51.01978691019787,0.3096963698029339,1.0188116869318231,16000,520,Full Control,Fabric - Shallow,16520,Fabric - Shallow Full Control
2098,2022,1,0,0,15,15,21,15,1803.4723810657551,3.80387317886251,23.883181126331813,1.8064605698753256,4.601845528767227,3800,0,Manual Control,Fabric - Low cost,3800,Fabric - Low cost Manual Control
2099,2023,1,0,9,5,10,20,15,728.8942387137456,2.4732454449272407,48.95738203957382,0.0476624365694901,0.1230612022161482,3800,520,Full Control,Fabric - Low cost,4320,Fabric - Low cost Full Control
2100,2022,1,0,4,10,42,18,15,1219.930353287707,2.4791794463838066,29.75646879756469,0.4912854922921414,1.5140085727099122,3800,240,Partial Control,Fabric - Low cost,4040,Fabric - Low cost Partial Control
2101,2023,0,0,9,15,42,20,13,678.5373559116488,2.314051515516664,48.4855403348554,0.0663639823011169,0.1916208495469374,0,520,Full Control,Baseline,520,Baseline Full Control
2102,2023,1,0,9,5,15,21,15,782.752168270172,2.684123433060415,53.04794520547945,0.0943561925207818,0.2415177189167528,3800,520,Full Control,Fabric - Low cost,4320,Fabric - Low cost Full Control
2103,2023,0,0,4,15,15,18,15,899.7298969837051,3.0993000352202102,25.44710806697108,0.4021470249890973,1.3584507986790946,0,240,Partial Control,Baseline,240,Baseline Partial Control
2104,2022,2,0,9,10,30,19,15,938.328438499092,1.8898271729460951,42.43150684931507,0.0347154738479955,0.1098746020348765,16000,520,Full Control,Fabric - Shallow,16520,Fabric - Shallow Full Control
2105,2023,1,0,0,15,10,18,17,1052.377027618627,3.650817231020217,14.492009132420092,0.2619766616647872,0.8175034603057522,3800,0,Manual Control,Fabric - Low cost,3800,Fabric - Low cost Manual Control
2106,2023,0,0,4,10,10,18,13,800.0513565203341,2.751340636554552,28.94406392694064,0.4607524414267223,1.626866461116614,0,240,Partial Control,Baseline,240,Baseline Partial Control
2107,2023,2,0,4,15,15,19,15,735.244742714074,2.5446561844314326,31.990106544901064,0.4832266149130647,1.6073495790281256,16000,240,Partial Control,Fabric - Shallow,16240,Fabric - Shallow Partial Control
2108,2023,0,0,1,5,15,19,13,1325.4093196369668,4.65377760835918,2.994672754946728,0.0028797824839055,0.0238744536448076,0,60,One Zone Controlled,Baseline,60,Baseline One Zone Controlled
2109,2023,2,0,4,10,30,20,13,644.5021234200146,2.2209525849310685,41.45738203957382,0.9460341335548268,2.598629530449758,16000,240,Partial Control,Fabric - Shallow,16240,Fabric - Shallow Partial Control
2110,2022,0,0,4,15,15,20,17,1722.739871781987,3.5683924429235234,33.93835616438356,0.780319427984796,2.030675612938411,0,240,Partial Control,Baseline,240,Baseline Partial Control
2111,2022,2,0,0,10,42,18,15,1165.8041011722064,2.412993978707635,14.823059360730594,0.5334297081806166,1.7694793065094752,16000,0,Manual Control,Fabric - Shallow,16000,Fabric - Shallow Manual Control
2112,2023,1,0,4,5,30,18,15,876.351479544781,2.998896942361738,17.13089802130898,0.0023527488927468,0.0110931879199556,3800,240,Partial Control,Fabric - Low cost,4040,Fabric - Low cost Partial Control
2113,2023,1,0,0,10,30,18,15,938.4633102435945,3.2434556529896,14.53386605783866,0.5430577671507534,1.783593312863958,3800,0,Manual Control,Fabric - Low cost,3800,Fabric - Low cost Manual Control
2114,2022,0,0,1,15,42,19,15,1367.3260537594997,2.807914697930201,25.665905631659054,1.4316672488641855,3.594826885214537,0,60,One Zone Controlled,Baseline,60,Baseline One Zone Controlled
2115,2023,0,0,0,10,42,21,15,884.6944990882089,3.024181354175912,62.48858447488585,3.232205222174856,4.989726788717659,0,0,Manual Control,Baseline,0,Baseline Manual Control
2116,2023,1,0,1,10,10,19,15,978.62267498159,3.3970498858572897,19.23896499238965,0.7643844569158035,2.3561446946932105,3800,60,One Zone Controlled,Fabric - Low cost,3860,Fabric - Low cost One Zone Controlled
2117,2022,2,0,4,10,42,19,15,1039.196009683475,2.1208197680334258,36.33371385083714,0.6809411556339495,1.9624320081072173,16000,240,Partial Control,Fabric - Shallow,16240,Fabric - Shallow Partial Control
2118,2022,2,0,9,5,15,20,13,910.5288069897448,1.8797087412292748,46.84170471841705,0.1695475738404895,0.5916363804908522,16000,520,Full Control,Fabric - Shallow,16520,Fabric - Shallow Full Control
2119,2022,2,0,9,15,10,19,15,938.328438499092,1.8898271729460951,42.43150684931507,0.0347154738479955,0.1098746020348765,16000,520,Full Control,Fabric - Shallow,16520,Fabric - Shallow Full Control
2120,2022,0,0,4,5,30,20,13,1500.6022676338946,3.13228169408583,27.46194824961948,0.0303782687830005,0.1091081376671593,0,240,Partial Control,Baseline,240,Baseline Partial Control
2121,2023,0,0,9,10,42,18,13,561.5661884915917,1.8695547949679265,37.62937595129376,0.017212287678914,0.0584673070854036,0,520,Full Control,Baseline,520,Baseline Full Control
2122,2023,1,0,0,10,15,18,15,1150.0026574506105,4.038136969334443,10.840943683409437,0.3086468651723452,1.2715135312696573,3800,0,Manual Control,Fabric - Low cost,3800,Fabric - Low cost Manual Control
2123,2022,2,0,4,15,10,18,13,1043.5020227553641,2.160512866690308,28.803272450532724,0.4022122231789803,1.526215504265057,16000,240,Partial Control,Fabric - Shallow,16240,Fabric - Shallow Partial Control
2124,2023,0,0,9,10,42,20,13,678.5373559116488,2.314051515516664,48.4855403348554,0.0663639823011169,0.1916208495469374,0,520,Full Control,Baseline,520,Baseline Full Control
2125,2022,2,0,9,5,15,21,15,1079.9416250645281,2.2317044509924733,50.99505327245053,0.1759273711261098,0.5345365645105068,16000,520,Full Control,Fabric - Shallow,16520,Fabric - Shallow Full Control
2126,2023,1,0,1,15,42,20,15,792.9910051056095,2.704931153840625,43.55022831050229,2.049522489541729,4.696312089400847,3800,60,One Zone Controlled,Fabric - Low cost,3860,Fabric - Low cost One Zone Controlled
2127,2023,0,0,1,5,15,20,13,1332.165348518644,4.678719332951156,4.465372907153729,0.0056012704840549,0.0407696564328993,0,60,One Zone Controlled,Baseline,60,Baseline One Zone Controlled
2128,2022,0,0,0,10,10,21,15,1783.2929527742829,3.742365784861679,21.841704718417045,1.664030448272875,4.371839484458278,0,0,Manual Control,Baseline,0,Baseline Manual Control
2129,2022,1,0,1,10,15,20,15,1770.5210234437493,3.718335745097999,21.491628614916287,0.9631188361816012,2.9076278109801987,3800,60,One Zone Controlled,Fabric - Low cost,3860,Fabric - Low cost One Zone Controlled
2130,2023,0,0,9,10,10,21,15,820.8885981405011,2.8112645532719127,52.00532724505327,0.0699301650466732,0.1743024396519897,0,520,Full Control,Baseline,520,Baseline Full Control
2131,2022,2,0,1,10,30,21,13,1209.3206385460278,2.533765117471205,45.04185692541857,1.685360130596372,4.290230451738634,16000,60,One Zone Controlled,Fabric - Shallow,16060,Fabric - Shallow One Zone Controlled
2132,2023,2,0,0,10,30,18,15,790.0119883864397,2.7325458833643177,12.842465753424658,0.3820724744556015,1.4215116368375398,16000,0,Manual Control,Fabric - Shallow,16000,Fabric - Shallow Manual Control
2133,2022,0,0,4,5,42,20,13,1387.8087437932347,2.882024054458264,45.445205479452056,0.0334891735490426,0.1153660896452163,0,240,Partial Control,Baseline,240,Baseline Partial Control
2134,2022,0,0,4,15,15,19,13,1410.0256872543564,2.935831549911234,32.91095890410959,0.7590130139449025,2.385350572440496,0,240,Partial Control,Baseline,240,Baseline Partial Control
2135,2022,1,0,1,10,10,20,15,1616.6060975052305,3.3805070872125267,23.24391171993912,1.143789056287956,3.2418653592154336,3800,60,One Zone Controlled,Fabric - Low cost,3860,Fabric - Low cost One Zone Controlled
2136,2022,1,0,1,10,42,18,13,1251.2596601107623,2.5936927431341137,19.45205479452055,0.8065949167426462,2.5868119960883287,3800,60,One Zone Controlled,Fabric - Low cost,3860,Fabric - Low cost One Zone Controlled
2137,2023,1,0,4,5,15,18,13,971.7868590176,3.3825830847893843,19.246575342465757,0.0083135573693406,0.036734900358875,3800,240,Partial Control,Fabric - Low cost,4040,Fabric - Low cost Partial Control
2138,2023,1,0,0,10,10,21,13,1028.1536099949255,3.590916340822033,22.92808219178082,1.679237295847685,4.440899278314295,3800,0,Manual Control,Fabric - Low cost,3800,Fabric - Low cost Manual Control
2139,2023,1,0,4,5,30,18,17,954.1880118520962,3.2657245027626467,14.157153729071537,0.0006324613265322,0.0031672222514356,3800,240,Partial Control,Fabric - Low cost,4040,Fabric - Low cost Partial Control
2140,2022,1,0,0,10,15,19,17,1957.8913689842739,4.107583595266888,13.73668188736682,0.4122648706549198,1.3616524680170674,3800,0,Manual Control,Fabric - Low cost,3800,Fabric - Low cost Manual Control
2141,2022,2,0,1,15,10,18,13,1261.081043331536,2.6495696072651413,14.998097412480972,0.4368022042373878,1.81513121568889,16000,60,One Zone Controlled,Fabric - Shallow,16060,Fabric - Shallow One Zone Controlled
2142,2023,1,0,0,5,15,20,17,1396.5023173589702,4.907904237326103,0.0,0.0,0.0,3800,0,Manual Control,Fabric - Low cost,3800,Fabric - Low cost Manual Control
2143,2023,2,0,0,15,30,21,15,756.0148238955785,2.614958362593145,38.21156773211568,2.2135313534168435,5.041411135921671,16000,0,Manual Control,Fabric - Shallow,16000,Fabric - Shallow Manual Control
2144,2023,2,0,9,10,30,21,13,607.3150679585353,2.1029844479110125,53.24200913242009,0.2985642591029327,0.9697027119666884,16000,520,Full Control,Fabric - Shallow,16520,Fabric - Shallow Full Control
2145,2023,1,0,9,15,30,21,13,715.7748219346186,2.47191390685231,53.11834094368341,0.1635952853235133,0.5021388083254766,3800,520,Full Control,Fabric - Low cost,4320,Fabric - Low cost Full Control
2146,2023,1,0,1,15,10,21,17,1028.5321538968456,3.559155092482152,31.204337899543376,1.828739628901463,4.1225196148052365,3800,60,One Zone Controlled,Fabric - Low cost,3860,Fabric - Low cost One Zone Controlled
2147,2023,2,0,1,5,10,18,13,956.8431689941629,3.3381627945081025,2.363013698630137,0.002286209311103,0.0225768922684146,16000,60,One Zone Controlled,Fabric - Shallow,16060,Fabric - Shallow One Zone Controlled
2148,2022,2,0,1,5,30,19,13,1418.9509666696622,2.973582406701722,4.786910197869102,0.0074986517010528,0.0580931622878747,16000,60,One Zone Controlled,Fabric - Shallow,16060,Fabric - Shallow One Zone Controlled
2149,2023,0,0,9,15,10,18,13,561.5661884915917,1.8695547949679265,37.62937595129376,0.017212287678914,0.0584673070854036,0,520,Full Control,Baseline,520,Baseline Full Control
2150,2023,2,0,9,10,42,21,15,650.3338952323685,2.236596278482775,53.18683409436834,0.1672017282474389,0.4894574641898284,16000,520,Full Control,Fabric - Shallow,16520,Fabric - Shallow Full Control
2151,2023,2,0,0,15,30,19,15,756.0148238955785,2.614958362593145,19.24086757990868,0.9246347536472004,2.68701625877866,16000,0,Manual Control,Fabric - Shallow,16000,Fabric - Shallow Manual Control
2152,2023,0,0,9,5,10,19,13,616.8508799915984,2.0783084307124553,43.71765601217656,0.0366072066049408,0.1097423081625162,0,520,Full Control,Baseline,520,Baseline Full Control
2153,2023,0,0,4,15,42,20,17,918.6445774989708,3.1248384017462882,48.59969558599696,1.0812086896115798,2.438938901123913,0,240,Partial Control,Baseline,240,Baseline Partial Control
2154,2023,0,0,0,5,30,21,17,1195.1151073149003,4.134945610673003,14.765981735159816,0.0020955475573085,0.0085929978113259,0,0,Manual Control,Baseline,0,Baseline Manual Control
2155,2022,0,0,1,5,15,19,15,2203.417047853581,4.640258923229567,2.751141552511416,0.0014368297491572,0.0107056538359745,0,60,One Zone Controlled,Baseline,60,Baseline One Zone Controlled
2156,2022,1,0,4,5,15,21,13,1729.0427781179405,3.644666757410831,30.563165905631664,0.0620060623720608,0.2409236759494782,3800,240,Partial Control,Fabric - Low cost,4040,Fabric - Low cost Partial Control
2157,2023,0,0,0,5,42,21,13,1035.35281379986,3.558873271043901,62.06811263318113,1.5649433095871554,1.667700944801332,0,0,Manual Control,Baseline,0,Baseline Manual Control
2158,2022,0,0,0,5,42,19,15,1705.2176686047521,3.5557207651574316,0.0,0.0,0.0,0,0,Manual Control,Baseline,0,Baseline Manual Control
2159,2023,1,0,4,15,42,19,15,740.7483541939129,2.509720036123071,37.29642313546423,1.0298632873073217,2.59620719369838,3800,240,Partial Control,Fabric - Low cost,4040,Fabric - Low cost Partial Control
2160,2023,1,0,0,5,10,20,13,1251.3399490484337,4.373173933205524,0.0,0.0,0.0,3800,0,Manual Control,Fabric - Low cost,3800,Fabric - Low cost Manual Control
2161,2022,1,0,1,15,15,21,13,1653.8146302680618,3.4958207940697466,28.426560121765604,1.879355422736697,4.80207498651021,3800,60,One Zone Controlled,Fabric - Low cost,3860,Fabric - Low cost One Zone Controlled
2162,2022,1,0,9,15,42,21,15,1296.2355690584925,2.6713319493175023,50.68493150684932,0.0990543440962043,0.2703640887032899,3800,520,Full Control,Fabric - Low cost,4320,Fabric - Low cost Full Control
2163,2023,0,0,0,15,10,18,17,1103.0510177434176,3.8231284418367832,14.79642313546423,0.2757449362317789,0.8461654605902175,0,0,Manual Control,Baseline,0,Baseline Manual Control
2164,2022,1,0,4,10,30,20,15,1355.0653142918268,2.7945151785836613,39.77739726027397,0.9931780882569162,2.6860430889305675,3800,240,Partial Control,Fabric - Low cost,4040,Fabric - Low cost Partial Control
2165,2022,2,0,4,5,10,21,15,1389.1481398109336,2.907688595098806,31.67427701674277,0.0683669794697284,0.2493554248454625,16000,240,Partial Control,Fabric - Shallow,16240,Fabric - Shallow Partial Control
2166,2022,2,0,0,10,10,19,13,1438.658452988127,3.031288601529453,14.001141552511417,0.5575610645251649,2.07771937317152,16000,0,Manual Control,Fabric - Shallow,16000,Fabric - Shallow Manual Control
2167,2022,1,0,1,10,15,18,15,1764.7185955234509,3.697481825233719,13.152587519025872,0.3562544564044873,1.404802505126599,3800,60,One Zone Controlled,Fabric - Low cost,3860,Fabric - Low cost One Zone Controlled
2168,2022,1,0,9,15,10,21,17,1489.6572953555358,3.068767476500286,49.37024353120243,0.03905219624427,0.0970727262292254,3800,520,Full Control,Fabric - Low cost,4320,Fabric - Low cost Full Control
2169,2023,1,0,9,10,15,19,17,809.4401534844008,2.730120728082554,35.47945205479452,0.0008727512077135,0.0038161384521279,3800,520,Full Control,Fabric - Low cost,4320,Fabric - Low cost Full Control
2170,2023,1,0,0,15,10,19,15,993.9075413582392,3.4644314981759465,18.38850837138509,0.9561970116986096,2.801233890856844,3800,0,Manual Control,Fabric - Low cost,3800,Fabric - Low cost Manual Control
2171,2023,0,0,4,10,30,20,17,968.9556059386878,3.312622101257739,36.18531202435312,0.7478992019824007,1.9636638414799872,0,240,Partial Control,Baseline,240,Baseline Partial Control
2172,2022,2,0,0,10,42,21,13,1137.7666585113748,2.366586381350628,59.016362252663626,3.016439387929025,4.8400904964952085,16000,0,Manual Control,Fabric - Shallow,16000,Fabric - Shallow Manual Control
2173,2022,1,0,1,10,15,19,15,1766.8797483005792,3.7059531152902783,17.60083713850837,0.6171319388563602,2.1070483719038307,3800,60,One Zone Controlled,Fabric - Low cost,3860,Fabric - Low cost One Zone Controlled
2174,2023,2,0,4,10,42,20,15,640.8136803139232,2.183870640039314,51.30898021308981,1.009697284509091,2.627146133220787,16000,240,Partial Control,Fabric - Shallow,16240,Fabric - Shallow Partial Control
2175,2023,0,0,0,10,42,21,17,970.4466110092875,3.3107841659344395,62.48858447488585,2.8284823392797773,3.9240493133311887,0,0,Manual Control,Baseline,0,Baseline Manual Control
2176,2023,2,0,1,10,15,20,13,893.0140028993654,3.1363585609234184,20.555555555555557,0.7440406690361894,2.438795002831212,16000,60,One Zone Controlled,Fabric - Shallow,16060,Fabric - Shallow One Zone Controlled
2177,2022,2,0,4,5,30,19,15,1228.152693046846,2.539911447398199,24.22754946727549,0.0152234711393116,0.0568283431650513,16000,240,Partial Control,Fabric - Shallow,16240,Fabric - Shallow Partial Control
2178,2022,1,0,0,5,30,21,17,1862.8173555292328,3.905707348721516,13.894596651445967,0.0019732592700136,0.011138419461799,3800,0,Manual Control,Fabric - Low cost,3800,Fabric - Low cost Manual Control
2179,2023,2,0,9,5,30,19,13,494.57226173061844,1.6724923197412656,44.43302891933029,0.0796498326947911,0.2738054815776297,16000,520,Full Control,Fabric - Shallow,16520,Fabric - Shallow Full Control
2180,2022,1,0,4,10,30,18,15,1293.9847392312106,2.6468837270950205,28.569254185692543,0.4220734107946157,1.387204962792995,3800,240,Partial Control,Fabric - Low cost,4040,Fabric - Low cost Partial Control
2181,2023,0,0,9,15,15,20,13,678.5373559116488,2.314051515516664,48.4855403348554,0.0663639823011169,0.1916208495469374,0,520,Full Control,Baseline,520,Baseline Full Control
2182,2023,1,0,4,5,30,21,17,1014.4261958143912,3.4932400398653685,48.80707762557078,0.0201435836696617,0.0543401888626399,3800,240,Partial Control,Fabric - Low cost,4040,Fabric - Low cost Partial Control
2183,2023,0,0,9,10,10,21,17,948.2256242011132,3.2412516946629495,49.76027397260274,0.0263282190780063,0.0655989412429014,0,520,Full Control,Baseline,520,Baseline Full Control
2184,2022,0,0,1,10,10,18,13,1608.620309526141,3.3718957589136767,15.35007610350076,0.546197220660043,2.048665952304852,0,60,One Zone Controlled,Baseline,60,Baseline One Zone Controlled
2185,2022,0,0,9,15,15,21,15,1361.049105389866,2.798358141735806,49.71080669710807,0.0726944242123788,0.1905201658751067,0,520,Full Control,Baseline,520,Baseline Full Control
2186,2022,1,0,1,15,10,19,13,1485.86772054373,3.1228812751194956,21.83028919330289,1.065647310468456,3.240569411985525,3800,60,One Zone Controlled,Fabric - Low cost,3860,Fabric - Low cost One Zone Controlled
2187,2023,0,0,1,15,15,21,13,1045.9734270069293,3.672609265804816,29.016362252663622,1.95939196748866,4.926722980287558,0,60,One Zone Controlled,Baseline,60,Baseline One Zone Controlled
2188,2022,0,0,4,5,15,18,17,1879.681605561409,3.9062763411437285,14.090563165905632,0.0007278772970328,0.0035492826860882,0,240,Partial Control,Baseline,240,Baseline Partial Control
2189,2023,2,0,4,5,10,20,13,797.305438729016,2.7699257231351164,29.022070015220702,0.0532500304489908,0.2221276766968112,16000,240,Partial Control,Fabric - Shallow,16240,Fabric - Shallow Partial Control
2190,2022,0,0,0,10,30,18,17,1729.4079617548643,3.587140604648133,14.03538812785388,0.2481557401839371,0.7711488097492579,0,0,Manual Control,Baseline,0,Baseline Manual Control
2191,2023,0,0,4,5,15,19,15,1080.860070532203,3.7520141178641055,20.23592085235921,0.0054960299346714,0.0226007226690942,0,240,Partial Control,Baseline,240,Baseline Partial Control
2192,2022,1,0,0,10,10,18,17,1794.2903070353752,3.7473705718926538,11.91400304414003,0.1960840657653804,0.6764102673897769,3800,0,Manual Control,Fabric - Low cost,3800,Fabric - Low cost Manual Control
2193,2022,0,0,0,10,30,19,15,1609.9365077543498,3.358218117623586,17.66552511415525,0.9308081998685852,2.759803584111666,0,0,Manual Control,Baseline,0,Baseline Manual Control
2194,2022,2,0,0,5,15,19,13,1915.729186711949,4.044464234028569,0.0,0.0,0.0,16000,0,Manual Control,Fabric - Shallow,16000,Fabric - Shallow Manual Control
2195,2023,0,0,0,5,10,18,13,1309.0705574804551,4.572054956947245,0.0,0.0,0.0,0,0,Manual Control,Baseline,0,Baseline Manual Control
2196,2022,1,0,1,15,15,18,17,1814.9278956228266,3.785813484227867,13.647260273972602,0.2201699150653807,0.7350395887309833,3800,60,One Zone Controlled,Fabric - Low cost,3860,Fabric - Low cost One Zone Controlled
2197,2022,0,0,0,10,42,18,13,1393.200796679366,2.8994415119634005,16.297564687975648,0.828698057163841,2.6850020053037125,0,0,Manual Control,Baseline,0,Baseline Manual Control
2198,2023,1,0,9,15,30,18,13,536.6601521515096,1.7879662932758387,38.85464231354642,0.0242556688817326,0.0775731027605174,3800,520,Full Control,Fabric - Low cost,4320,Fabric - Low cost Full Control
2199,2023,2,0,9,10,10,21,13,607.3150679585353,2.1029844479110125,53.24200913242009,0.2985642591029327,0.9697027119666884,16000,520,Full Control,Fabric - Shallow,16520,Fabric - Shallow Full Control
2200,2023,1,0,9,5,30,20,13,649.7242095620795,2.218521505835328,49.393074581430746,0.0898898197526876,0.2690887219275529,3800,520,Full Control,Fabric - Low cost,4320,Fabric - Low cost Full Control
2201,2022,0,0,9,15,42,18,17,1340.981723105189,2.7175894312532805,34.69748858447488,0.0014645597516515,0.0044795288905054,0,520,Full Control,Baseline,520,Baseline Full Control
2202,2023,0,0,1,15,42,21,17,942.8311455635312,3.213540930667256,62.04528158295282,3.0677399779447496,4.454550011636969,0,60,One Zone Controlled,Baseline,60,Baseline One Zone Controlled
2203,2023,0,0,4,10,42,19,17,905.9950371071858,3.073346204843384,29.337899543379,0.4826582859238776,1.3071802890775404,0,240,Partial Control,Baseline,240,Baseline Partial Control
2204,2022,0,0,9,5,42,19,13,1030.3874282782822,2.0850983631431212,41.75228310502283,0.0391124846490885,0.1201912359935138,0,520,Full Control,Baseline,520,Baseline Full Control
2205,2023,1,0,4,15,10,20,15,849.3708831912217,2.925418797906312,40.50418569254185,1.1540556963622026,2.943604558128257,3800,240,Partial Control,Fabric - Low cost,4040,Fabric - Low cost Partial Control
2206,2022,0,0,4,10,42,18,17,1462.5717170351415,2.9928619232159956,26.2937595129376,0.2046932768318126,0.6026048741253351,0,240,Partial Control,Baseline,240,Baseline Partial Control
2207,2023,0,0,0,5,15,20,17,1462.8999704738353,5.136839481491266,0.0,0.0,0.0,0,0,Manual Control,Baseline,0,Baseline Manual Control
2208,2023,1,0,9,5,15,19,13,589.6740470185862,1.988946750138833,44.69178082191781,0.0490879252908721,0.1456152689190412,3800,520,Full Control,Fabric - Low cost,4320,Fabric - Low cost Full Control
2209,2023,0,0,1,10,30,21,15,940.3061634180632,3.240460378009741,45.09893455098934,1.8778397464531225,4.615053035944055,0,60,One Zone Controlled,Baseline,60,Baseline One Zone Controlled
2210,2022,2,0,1,10,15,20,15,1499.1188097461138,3.1530533701252663,20.23592085235921,0.7243716687227512,2.3642161763857072,16000,60,One Zone Controlled,Fabric - Shallow,16060,Fabric - Shallow One Zone Controlled
2211,2022,1,0,0,15,10,20,13,1600.55781355136,3.3774258242515502,22.42199391171994,1.5593729005989732,4.231658539584444,3800,0,Manual Control,Fabric - Low cost,3800,Fabric - Low cost Manual Control
2212,2022,0,0,1,10,42,18,17,1554.5330700511736,3.2002395505905437,16.575342465753426,0.2846278531202971,0.8081300675737836,0,60,One Zone Controlled,Baseline,60,Baseline One Zone Controlled
2213,2023,1,0,4,10,30,18,13,713.545920108235,2.4381553007738237,30.882800608828003,0.5295022034457914,1.761439954388986,3800,240,Partial Control,Fabric - Low cost,4040,Fabric - Low cost Partial Control
2214,2022,2,0,0,15,30,21,15,1246.3037544773042,2.602589326430504,36.04832572298326,2.201121761374855,5.082380733062768,16000,0,Manual Control,Fabric - Shallow,16000,Fabric - Shallow Manual Control
2215,2023,2,0,4,10,42,19,15,623.7000256972914,2.115906113604827,36.54109589041096,0.6838667036355095,1.95262426857846,16000,240,Partial Control,Fabric - Shallow,16240,Fabric - Shallow Partial Control
2216,2023,1,0,0,5,10,20,15,1252.9285362151247,4.377817230607246,0.0,0.0,0.0,3800,0,Manual Control,Fabric - Low cost,3800,Fabric - Low cost Manual Control
2217,2022,2,0,1,15,30,20,13,1150.5401387430707,2.4093821202832824,28.05745814307458,1.562200105263618,4.057604423173765,16000,60,One Zone Controlled,Fabric - Shallow,16060,Fabric - Shallow One Zone Controlled
2218,2023,2,0,9,5,42,18,13,446.75537396210564,1.4916236346740566,39.20471841704718,0.0381505428062502,0.1317264602006323,16000,520,Full Control,Fabric - Shallow,16520,Fabric - Shallow Full Control
2219,2023,2,0,0,15,15,21,13,923.5112673100842,3.2509102956905322,22.825342465753423,1.44415390659331,3.897733060161511,16000,0,Manual Control,Fabric - Shallow,16000,Fabric - Shallow Manual Control
2220,2022,0,0,1,5,30,19,17,1869.4308757960337,3.902576128880108,0.6982496194824962,4.544118235476381e-05,0.0008169692413956,0,60,One Zone Controlled,Baseline,60,Baseline One Zone Controlled
2221,2022,1,0,4,5,42,20,13,1329.8117620658852,2.765601151471222,45.888508371385086,0.0445348264162797,0.1585701084343337,3800,240,Partial Control,Fabric - Low cost,4040,Fabric - Low cost Partial Control
2222,2022,2,0,4,15,42,18,13,904.3141360662476,1.8476961223369024,32.48287671232877,0.6423763049131372,2.0009644448952644,16000,240,Partial Control,Fabric - Shallow,16240,Fabric - Shallow Partial Control
2223,2022,1,0,9,5,15,18,17,1274.1445864473694,2.583145969165776,34.733637747336374,0.0015123255382184,0.0045989316799535,3800,520,Full Control,Fabric - Low cost,4320,Fabric - Low cost Full Control
2224,2022,0,0,1,15,42,21,13,1279.7644692461408,2.6585242321794462,59.35882800608828,3.727144174463628,6.349176121526233,0,60,One Zone Controlled,Baseline,60,Baseline One Zone Controlled
2225,2023,0,0,4,5,42,18,13,793.4563066963067,2.7005636158845623,20.431887366818877,0.0079076594124485,0.0336546356716688,0,240,Partial Control,Baseline,240,Baseline Partial Control
2226,2022,0,0,0,5,10,20,13,2142.067074687906,4.51742442049257,0.0019025875190258,2.3869935975753155e-06,0.0005472361778958,0,0,Manual Control,Baseline,0,Baseline Manual Control
2227,2023,0,0,9,5,10,19,15,712.0529807339085,2.3903322160719176,41.289954337899545,0.0132798245345634,0.0422792093001361,0,520,Full Control,Baseline,520,Baseline Full Control
2228,2022,2,0,1,10,10,20,13,1333.1139439946603,2.805562659137629,22.72640791476408,0.955276595497145,2.912442721831366,16000,60,One Zone Controlled,Fabric - Shallow,16060,Fabric - Shallow One Zone Controlled
2229,2023,1,0,1,5,10,19,17,1197.010067722713,4.166005994034205,0.702054794520548,9.07327529787453e-05,0.0014034204975034,3800,60,One Zone Controlled,Fabric - Low cost,3860,Fabric - Low cost One Zone Controlled
2230,2023,2,0,1,15,15,21,15,872.7970362669954,3.0614841253836107,28.009893455098933,1.4728094911945524,3.853732015142936,16000,60,One Zone Controlled,Fabric - Shallow,16060,Fabric - Shallow One Zone Controlled
2231,2023,0,0,0,5,15,20,15,1454.6899914988614,5.112115980678291,0.0,0.0,0.0,0,0,Manual Control,Baseline,0,Baseline Manual Control
2232,2022,0,0,1,10,15,21,15,1852.6504888400384,3.8871098302512928,24.864916286149164,1.4316394063190976,3.907649943852999,0,60,One Zone Controlled,Baseline,60,Baseline One Zone Controlled
2233,2022,1,0,9,5,30,20,17,1408.277130087805,2.888746184952206,42.25076103500761,0.0113606745060975,0.034253067587776,3800,520,Full Control,Fabric - Low cost,4320,Fabric - Low cost Full Control
2234,2022,2,0,1,5,42,18,13,1258.0942611175453,2.6170628303738317,4.016362252663623,0.0042936127770292,0.0346873851905642,16000,60,One Zone Controlled,Fabric - Shallow,16060,Fabric - Shallow One Zone Controlled
2235,2023,1,0,4,10,10,21,13,843.9587622733036,2.933698467594323,45.25114155251141,1.3101916164799785,3.3955373431064664,3800,240,Partial Control,Fabric - Low cost,4040,Fabric - Low cost Partial Control
2236,2022,1,0,4,15,10,19,15,1373.89080008535,2.832622886360645,34.03348554033486,0.7607496527437878,2.1777683915087342,3800,240,Partial Control,Fabric - Low cost,4040,Fabric - Low cost Partial Control
2237,2022,1,0,0,15,10,19,17,1735.5274636974032,3.618190561106182,18.28006088280061,0.6583510805035163,1.8473926688768223,3800,0,Manual Control,Fabric - Low cost,3800,Fabric - Low cost Manual Control
2238,2023,0,0,0,10,15,20,15,1198.1733233640305,4.204398856877406,17.050989345509894,0.9855712692485098,2.963728171811099,0,0,Manual Control,Baseline,0,Baseline Manual Control
2239,2023,1,0,4,15,30,20,15,803.3903541531619,2.7502140592612423,42.16514459665144,1.3106978672071612,3.1888526333614067,3800,240,Partial Control,Fabric - Low cost,4040,Fabric - Low cost Partial Control
2240,2022,0,0,1,5,30,20,15,1804.393360882193,3.7779369306955033,5.302511415525115,0.0051106678926653,0.0294108477593869,0,60,One Zone Controlled,Baseline,60,Baseline One Zone Controlled
2241,2022,1,0,0,10,30,18,15,1539.7230964356809,3.2169534449538584,14.07724505327245,0.5364682450720041,1.814677147677836,3800,0,Manual Control,Fabric - Low cost,3800,Fabric - Low cost Manual Control
2242,2022,2,0,1,5,15,21,13,1777.1118119759738,3.752066334929717,6.360350076103501,0.0183909827978788,0.1313191905186152,16000,60,One Zone Controlled,Fabric - Shallow,16060,Fabric - Shallow One Zone Controlled
2243,2023,1,0,9,10,10,20,13,649.7242095620795,2.218521505835328,49.393074581430746,0.0898898197526876,0.2690887219275529,3800,520,Full Control,Fabric - Low cost,4320,Fabric - Low cost Full Control
2244,2023,2,0,4,5,15,20,15,881.297207505925,3.0700816287796533,27.484779299847798,0.0278143567695866,0.0999401652788519,16000,240,Partial Control,Fabric - Shallow,16240,Fabric - Shallow Partial Control
2245,2023,0,0,4,5,10,19,13,961.2306608036796,3.3277529157979435,23.33523592085236,0.0142897905896773,0.0561637182308494,0,240,Partial Control,Baseline,240,Baseline Partial Control
2246,2022,0,0,1,5,42,18,13,1567.043612052023,3.2635250916952465,3.415144596651446,0.0024343207000245,0.0184588597075708,0,60,One Zone Controlled,Baseline,60,Baseline One Zone Controlled
2247,2023,1,0,0,5,42,21,17,1022.781020299084,3.50977954263057,62.08904109589041,1.568460506681277,1.6740196942190162,3800,0,Manual Control,Fabric - Low cost,3800,Fabric - Low cost Manual Control
2248,2023,0,0,9,15,30,18,13,561.5661884915917,1.8695547949679265,37.62937595129376,0.017212287678914,0.0584673070854036,0,520,Full Control,Baseline,520,Baseline Full Control
2249,2023,0,0,1,10,15,19,15,1114.5639018204404,3.8939029702892283,17.568493150684933,0.6588372871671762,2.158475358688153,0,60,One Zone Controlled,Baseline,60,Baseline One Zone Controlled
2250,2023,1,0,4,5,10,18,15,944.4414685595789,3.255054691768797,16.472602739726028,0.0021693392062496,0.0105631477756809,3800,240,Partial Control,Fabric - Low cost,4040,Fabric - Low cost Partial Control
2251,2022,0,0,1,15,42,20,17,1543.3784128586276,3.1751145752439074,38.45509893455099,1.5169591605930393,3.339322314474499,0,60,One Zone Controlled,Baseline,60,Baseline One Zone Controlled
2252,2023,0,0,1,15,15,21,17,1153.7613547042777,4.016362545397355,28.597792998477928,1.6540633566791203,3.924641332216752,0,60,One Zone Controlled,Baseline,60,Baseline One Zone Controlled
2253,2022,1,0,1,15,42,19,13,1210.8213481150049,2.5121528570296623,26.28805175038052,1.5816973819188125,4.15385589128305,3800,60,One Zone Controlled,Fabric - Low cost,3860,Fabric - Low cost One Zone Controlled
2254,2022,1,0,1,5,30,19,17,1784.1065778349266,3.7289796441761447,0.8105022831050228,6.636172335746217e-05,0.001267701784273,3800,60,One Zone Controlled,Fabric - Low cost,3860,Fabric - Low cost One Zone Controlled
2255,2022,0,0,1,15,15,18,15,1770.111249485593,3.69900189758408,14.674657534246574,0.5012428987563945,1.7975375280808878,0,60,One Zone Controlled,Baseline,60,Baseline One Zone Controlled
2256,2023,0,0,4,5,30,20,13,915.7702103613057,3.159143354002284,28.791856925418568,0.0285835063101464,0.0990188526501801,0,240,Partial Control,Baseline,240,Baseline Partial Control
2257,2023,0,0,4,15,30,19,15,819.728783654812,2.793951107072603,34.78500761035008,0.9258761225542912,2.445678942806816,0,240,Partial Control,Baseline,240,Baseline Partial Control
2258,2022,1,0,0,10,42,20,13,1335.9448941161543,2.7833903049719098,29.40068493150685,1.6974329980933067,4.485656937035059,3800,0,Manual Control,Fabric - Low cost,3800,Fabric - Low cost Manual Control
2259,2022,0,0,0,5,42,20,13,1690.9958464619508,3.5321939963340387,14.149543378995432,0.0021496733983391,0.0153511538584985,0,0,Manual Control,Baseline,0,Baseline Manual Control
2260,2023,1,0,0,5,10,19,13,1251.3399490484337,4.373173933205524,0.0,0.0,0.0,3800,0,Manual Control,Fabric - Low cost,3800,Fabric - Low cost Manual Control
2261,2022,1,0,9,15,15,19,13,983.7579953821404,1.9948856703461635,42.81202435312024,0.0526813622605301,0.1629748715636403,3800,520,Full Control,Fabric - Low cost,4320,Fabric - Low cost Full Control
2262,2022,1,0,9,10,30,20,17,1408.277130087805,2.888746184952206,42.25076103500761,0.0113606745060975,0.034253067587776,3800,520,Full Control,Fabric - Low cost,4320,Fabric - Low cost Full Control
2263,2022,1,0,4,15,30,18,15,1268.90669018076,2.5929215106392363,29.246575342465757,0.5419047614020666,1.633626560467714,3800,240,Partial Control,Fabric - Low cost,4040,Fabric - Low cost Partial Control
2264,2022,2,0,9,5,30,20,13,910.5288069897448,1.8797087412292748,46.84170471841705,0.1695475738404895,0.5916363804908522,16000,520,Full Control,Fabric - Shallow,16520,Fabric - Shallow Full Control
2265,2022,2,0,0,5,15,19,15,1916.1657600246067,4.045077928025655,0.0,0.0,0.0,16000,0,Manual Control,Fabric - Shallow,16000,Fabric - Shallow Manual Control
2266,2022,1,0,4,5,15,18,17,1794.6214725055897,3.7326842025990152,14.250380517503803,0.0007587953074213,0.0036615584452935,3800,240,Partial Control,Fabric - Low cost,4040,Fabric - Low cost Partial Control
2267,2022,2,0,1,5,30,20,13,1427.9391681163213,2.995468213232848,6.457382039573821,0.0151832711087068,0.1049146289747935,16000,60,One Zone Controlled,Fabric - Shallow,16060,Fabric - Shallow One Zone Controlled
2268,2023,2,0,0,15,10,20,13,832.9812191209843,2.911378496042318,20.858066971080667,1.1951975186489705,3.3908606864033426,16000,0,Manual Control,Fabric - Shallow,16000,Fabric - Shallow Manual Control
2269,2022,0,0,0,10,30,21,17,1729.4079617548643,3.587140604648133,29.238964992389647,1.586482513233403,3.826325836108623,0,0,Manual Control,Baseline,0,Baseline Manual Control
2270,2023,0,0,4,5,42,20,15,893.291897681838,3.050611209955443,45.88470319634703,0.0187367857979031,0.0564632668480761,0,240,Partial Control,Baseline,240,Baseline Partial Control
2271,2023,2,0,9,5,30,20,13,548.9870667683531,1.879442541726355,49.33409436834094,0.1590739960207377,0.5408996809549582,16000,520,Full Control,Fabric - Shallow,16520,Fabric - Shallow Full Control
2272,2022,1,0,4,10,15,20,15,1525.9427151886907,3.172075450444665,37.55707762557078,0.7724021689144107,2.289956587768196,3800,240,Partial Control,Fabric - Low cost,4040,Fabric - Low cost Partial Control
2273,2023,1,0,0,15,15,19,17,1138.0372268855117,3.980264666596113,16.430745814307457,0.5460846353897997,1.6338837543689897,3800,0,Manual Control,Fabric - Low cost,3800,Fabric - Low cost Manual Control
2274,2023,1,0,4,15,15,18,13,796.4253151798816,2.7590527826707576,28.504566210045663,0.4530923972249689,1.6523911740970971,3800,240,Partial Control,Fabric - Low cost,4040,Fabric - Low cost Partial Control
2275,2022,0,0,0,10,10,20,15,1783.2929527742829,3.742365784861679,19.04109589041096,1.1777322194623494,3.370702179320628,0,0,Manual Control,Baseline,0,Baseline Manual Control
2276,2022,0,0,0,5,30,18,13,1908.5159281453948,4.010442983242018,0.0,0.0,0.0,0,0,Manual Control,Baseline,0,Baseline Manual Control
2277,2022,2,0,0,15,42,19,15,1121.8751971456736,2.320127528753763,21.94254185692542,1.2126916993184902,3.2288940050108867,16000,0,Manual Control,Fabric - Shallow,16000,Fabric - Shallow Manual Control
2278,2023,2,0,9,5,10,20,15,601.5679070709178,2.045519701025448,49.20281582952816,0.0780713052636206,0.229034200949062,16000,520,Full Control,Fabric - Shallow,16520,Fabric - Shallow Full Control
2279,2022,1,0,9,15,15,18,17,1274.1445864473694,2.583145969165776,34.733637747336374,0.0015123255382184,0.0045989316799535,3800,520,Full Control,Fabric - Low cost,4320,Fabric - Low cost Full Control
2280,2023,2,0,4,10,10,21,13,716.2077237586097,2.4928434156571497,45.19216133942162,1.1623831572138037,2.999198350412175,16000,240,Partial Control,Fabric - Shallow,16240,Fabric - Shallow Partial Control
2281,2023,0,0,4,15,15,18,17,1003.6038760303912,3.4532687339455332,23.732876712328768,0.177447071721073,0.5702416316050001,0,240,Partial Control,Baseline,240,Baseline Partial Control
2282,2023,2,0,9,15,15,21,15,650.3338952323685,2.236596278482775,53.18683409436834,0.1672017282474389,0.4894574641898284,16000,520,Full Control,Fabric - Shallow,16520,Fabric - Shallow Full Control
2283,2023,0,0,0,15,10,18,15,1037.0775908433136,3.611698346442111,15.1617199391172,0.5713164046349104,1.9216390034065465,0,0,Manual Control,Baseline,0,Baseline Manual Control
2284,2023,1,0,4,5,15,19,17,1105.392277451473,3.8329116102219873,14.050608828006087,0.000454563506131,0.0028854452014111,3800,240,Partial Control,Fabric - Low cost,4040,Fabric - Low cost Partial Control
2285,2022,0,0,4,5,15,19,13,1710.5379246864932,3.5794775306783624,22.50951293759513,0.0141610877945329,0.0574559619979035,0,240,Partial Control,Baseline,240,Baseline Partial Control
2286,2022,1,0,1,15,15,19,13,1636.4333217551566,3.452486936709978,19.63470319634703,0.8530123039035511,2.8373694042168367,3800,60,One Zone Controlled,Fabric - Low cost,3860,Fabric - Low cost One Zone Controlled
2287,2022,0,0,1,15,15,18,13,1695.7407409540099,3.567499111605868,15.357686453576866,0.5559779471410848,2.152405066114371,0,60,One Zone Controlled,Baseline,60,Baseline One Zone Controlled
2288,2023,2,0,9,10,15,18,15,520.4511999898064,1.7327541643421338,36.25570776255708,0.0099287692797632,0.0351181403769952,16000,520,Full Control,Fabric - Shallow,16520,Fabric - Shallow Full Control
2289,2022,2,0,1,15,42,19,15,1090.659549022828,2.2426955170014637,25.565068493150683,1.2004799634233605,3.154729605357809,16000,60,One Zone Controlled,Fabric - Shallow,16060,Fabric - Shallow One Zone Controlled
2290,2022,2,0,4,15,42,20,15,1047.4190816666191,2.147768925599087,49.63660578386605,1.307209653146698,3.122495959572879,16000,240,Partial Control,Fabric - Shallow,16240,Fabric - Shallow Partial Control
2291,2023,0,0,9,15,42,19,17,849.526790532914,2.8647228807368483,35.728691019786915,0.000809440764681,0.0034508955226229,0,520,Full Control,Baseline,520,Baseline Full Control
2292,2023,2,0,4,5,10,21,15,842.0316289365816,2.9258893880911185,32.85958904109589,0.0649662649801381,0.2249150656932308,16000,240,Partial Control,Fabric - Shallow,16240,Fabric - Shallow Partial Control
2293,2022,1,0,4,5,15,20,13,1681.8207798174817,3.535718373346981,26.98059360730593,0.0345221387775879,0.1344170138707552,3800,240,Partial Control,Fabric - Low cost,4040,Fabric - Low cost Partial Control
2294,2023,2,0,0,10,15,18,15,975.6327704011154,3.428406595632356,7.480974124809742,0.1725952214771579,0.9181609575413728,16000,0,Manual Control,Fabric - Shallow,16000,Fabric - Shallow Manual Control
2295,2023,1,0,0,15,30,20,17,974.7116438881188,3.352353990460394,24.845890410958905,1.4169982317242658,3.303816369385066,3800,0,Manual Control,Fabric - Low cost,3800,Fabric - Low cost Manual Control
2296,2023,1,0,9,15,42,18,13,536.6601521515096,1.7879662932758387,38.85464231354642,0.0242556688817326,0.0775731027605174,3800,520,Full Control,Fabric - Low cost,4320,Fabric - Low cost Full Control
2297,2023,1,0,1,15,42,21,13,747.8558661904925,2.5684477806857733,62.05479452054794,3.732029604017856,6.186472392228344,3800,60,One Zone Controlled,Fabric - Low cost,3860,Fabric - Low cost One Zone Controlled
2298,2023,1,0,0,15,10,19,17,1052.377027618627,3.650817231020217,18.32952815829528,0.677277236984423,1.853932401037788,3800,0,Manual Control,Fabric - Low cost,3800,Fabric - Low cost Manual Control
2299,2022,0,0,1,5,30,21,13,1786.2357116579014,3.752759377606106,31.3603500761035,0.0169226657272863,0.0905910308142372,0,60,One Zone Controlled,Baseline,60,Baseline One Zone Controlled
2300,2022,0,0,4,15,30,19,13,1232.6460259044513,2.5461074251349545,35.72108066971081,1.0427262074092611,2.899938636600925,0,240,Partial Control,Baseline,240,Baseline Partial Control
2301,2022,2,0,0,5,10,18,13,1717.2475901936537,3.617262969081962,0.0,0.0,0.0,16000,0,Manual Control,Fabric - Shallow,16000,Fabric - Shallow Manual Control
2302,2022,1,0,1,10,10,21,17,1741.0894690371426,3.625518138986378,26.62290715372907,1.3539812990813125,3.4011622996070865,3800,60,One Zone Controlled,Fabric - Low cost,3860,Fabric - Low cost One Zone Controlled
2303,2023,2,0,0,15,30,21,13,744.4453707607506,2.5808050950268786,38.39802130898021,2.2643440671920727,5.221556501308865,16000,0,Manual Control,Fabric - Shallow,16000,Fabric - Shallow Manual Control
2304,2023,0,0,1,10,15,18,13,1078.8230408304853,3.780370074316532,14.28082191780822,0.4202805265418217,1.693504110778289,0,60,One Zone Controlled,Baseline,60,Baseline One Zone Controlled
2305,2023,1,0,4,15,42,20,17,873.7745730598832,2.9733860008097768,49.69178082191781,1.0728160562878657,2.4212268636928918,3800,240,Partial Control,Fabric - Low cost,4040,Fabric - Low cost Partial Control
2306,2022,1,0,4,15,30,20,17,1498.8900592436582,3.0923852046281652,37.60844748858448,0.9616955858064152,2.270272782345238,3800,240,Partial Control,Fabric - Low cost,4040,Fabric - Low cost Partial Control
2307,2023,0,0,9,10,30,21,15,820.8885981405011,2.8112645532719127,52.00532724505327,0.0699301650466732,0.1743024396519897,0,520,Full Control,Baseline,520,Baseline Full Control
2308,2023,2,0,0,10,30,21,13,781.0578244781817,2.705991058891192,34.70509893455099,1.7003191542978682,4.323243038064915,16000,0,Manual Control,Fabric - Shallow,16000,Fabric - Shallow Manual Control
2309,2023,0,0,0,15,42,20,13,811.3002145257426,2.784170947364139,34.36073059360731,2.338988743078598,5.525355178613942,0,0,Manual Control,Baseline,0,Baseline Manual Control
2310,2022,0,0,9,5,42,21,17,1564.0233816317295,3.217943890621078,47.720700152207,0.0274751903637385,0.0699432444377022,0,520,Full Control,Baseline,520,Baseline Full Control
2311,2022,2,0,0,15,30,18,15,1246.3037544773042,2.602589326430504,14.32648401826484,0.5032445607776358,1.7684089175595443,16000,0,Manual Control,Fabric - Shallow,16000,Fabric - Shallow Manual Control
2312,2023,1,0,4,10,10,18,13,767.525783449388,2.641729565850044,29.640410958904116,0.4386401917952318,1.562082466286156,3800,240,Partial Control,Fabric - Low cost,4040,Fabric - Low cost Partial Control
2313,2022,1,0,9,5,30,21,17,1489.6572953555358,3.068767476500286,49.37024353120243,0.03905219624427,0.0970727262292254,3800,520,Full Control,Fabric - Low cost,4320,Fabric - Low cost Full Control
2314,2023,0,0,9,10,42,20,17,898.6416013023711,3.0508139763024302,42.02625570776256,0.0054222004976782,0.0188643366029278,0,520,Full Control,Baseline,520,Baseline Full Control
2315,2022,1,0,0,15,15,21,13,1778.7830704038636,3.765957861629715,23.997336377473363,1.85391455398177,4.803050078653962,3800,0,Manual Control,Fabric - Low cost,3800,Fabric - Low cost Manual Control
2316,2022,0,0,0,10,15,20,15,1974.1368566563171,4.157543685564518,17.372526636225267,0.979205775497789,2.9983541395233084,0,0,Manual Control,Baseline,0,Baseline Manual Control
2317,2023,1,0,9,15,10,19,15,678.9518953714866,2.2803428489290622,42.96232876712329,0.0198312950370876,0.0572982421021673,3800,520,Full Control,Fabric - Low cost,4320,Fabric - Low cost Full Control
2318,2023,1,0,0,5,42,20,15,995.1817264453405,3.4197785306254893,15.937975646879757,0.0023996997187797,0.0118717720447579,3800,0,Manual Control,Fabric - Low cost,3800,Fabric - Low cost Manual Control
2319,2023,2,0,9,5,15,18,13,446.75537396210564,1.4916236346740566,39.20471841704718,0.0381505428062502,0.1317264602006323,16000,520,Full Control,Fabric - Shallow,16520,Fabric - Shallow Full Control
2320,2022,2,0,1,15,15,21,15,1442.892614896858,3.037591699901385,27.57420091324201,1.4712342178456597,3.885981981218056,16000,60,One Zone Controlled,Fabric - Shallow,16060,Fabric - Shallow One Zone Controlled
2321,2023,0,0,9,10,15,21,13,746.4714514016232,2.5743351519544757,52.13470319634703,0.1156277174470364,0.341042236097504,0,520,Full Control,Baseline,520,Baseline Full Control
2322,2023,0,0,0,10,15,20,17,1239.3517414035355,4.333361643760473,17.049086757990867,0.8105369262321098,2.326594813941679,0,0,Manual Control,Baseline,0,Baseline Manual Control
2323,2023,1,0,4,5,10,18,13,898.120821208957,3.105345595948775,19.8820395738204,0.0091056775644702,0.0389767871873021,3800,240,Partial Control,Fabric - Low cost,4040,Fabric - Low cost Partial Control
2324,2022,1,0,0,5,30,20,15,1830.3089947516023,3.846784579646724,0.0038051750380517,1.8382881062449054e-05,0.0042132685657393,3800,0,Manual Control,Fabric - Low cost,3800,Fabric - Low cost Manual Control
2325,2022,0,0,0,5,10,20,15,2146.5435999515485,4.52416081854268,0.0,0.0,0.0,0,0,Manual Control,Baseline,0,Baseline Manual Control
2326,2022,0,0,1,5,30,18,13,1755.078693688034,3.677908025893633,2.829147640791476,0.0020737615071029,0.0167601555239918,0,60,One Zone Controlled,Baseline,60,Baseline One Zone Controlled
2327,2023,2,0,9,5,15,19,13,494.57226173061844,1.6724923197412656,44.43302891933029,0.0796498326947911,0.2738054815776297,16000,520,Full Control,Fabric - Shallow,16520,Fabric - Shallow Full Control
2328,2022,1,0,0,5,30,18,15,1830.3089947516023,3.846784579646724,0.0,0.0,0.0,3800,0,Manual Control,Fabric - Low cost,3800,Fabric - Low cost Manual Control
2329,2022,2,0,0,10,42,19,15,1165.8041011722064,2.412993978707635,18.45890410958904,0.918692489270491,2.662787963173493,16000,0,Manual Control,Fabric - Shallow,16000,Fabric - Shallow Manual Control
2330,2022,2,0,9,15,15,21,15,1079.9416250645281,2.2317044509924733,50.99505327245053,0.1759273711261098,0.5345365645105068,16000,520,Full Control,Fabric - Shallow,16520,Fabric - Shallow Full Control
2331,2022,0,0,0,5,30,19,17,1955.4991938660671,4.094291871372764,0.0,0.0,0.0,0,0,Manual Control,Baseline,0,Baseline Manual Control
2332,2023,2,0,1,15,10,19,13,769.9338696259343,2.6850204477323123,20.454718417047182,0.7647658617084403,2.5235976462900105,16000,60,One Zone Controlled,Fabric - Shallow,16060,Fabric - Shallow One Zone Controlled
2333,2022,1,0,1,10,30,20,13,1408.0685184842064,2.9486421242884524,24.984779299847798,1.4274763134800608,3.9294253066401983,3800,60,One Zone Controlled,Fabric - Low cost,3860,Fabric - Low cost One Zone Controlled
2334,2022,2,0,1,10,10,21,13,1342.2067979941855,2.826815907721872,27.142313546423136,1.4053709015351687,3.7930243527883065,16000,60,One Zone Controlled,Fabric - Shallow,16060,Fabric - Shallow One Zone Controlled
2335,2022,2,0,0,15,10,20,15,1385.026975924041,2.9114447930143603,20.989345509893457,1.1694072155277946,3.2979568078337644,16000,0,Manual Control,Fabric - Shallow,16000,Fabric - Shallow Manual Control
2336,2022,1,0,0,10,10,21,15,1709.574765164115,3.592090474957692,21.818873668188736,1.6203332817344762,4.268659188652708,3800,0,Manual Control,Fabric - Low cost,3800,Fabric - Low cost Manual Control
2337,2023,2,0,0,10,42,18,15,705.4181285693239,2.41550785843708,15.062785388127852,0.531154753453014,1.7306303015671216,16000,0,Manual Control,Fabric - Shallow,16000,Fabric - Shallow Manual Control
2338,2022,2,0,1,15,15,19,13,1397.073849548466,2.9511577890118317,17.484779299847794,0.5818474360238746,2.2246538358260737,16000,60,One Zone Controlled,Fabric - Shallow,16060,Fabric - Shallow One Zone Controlled
2339,2022,0,0,1,10,30,21,13,1475.8964069714123,3.0895763250901926,43.87366818873668,1.962264362180288,4.982830180578666,0,60,One Zone Controlled,Baseline,60,Baseline One Zone Controlled
2340,2022,0,0,1,5,15,21,15,2219.9973815791436,4.68214562186833,5.627853881278539,0.0080018378191685,0.046331269395461,0,60,One Zone Controlled,Baseline,60,Baseline One Zone Controlled
2341,2022,1,0,1,10,15,18,17,1868.6411377433878,3.902692298580993,11.74847792998478,0.1686463928114378,0.6072215522960633,3800,60,One Zone Controlled,Fabric - Low cost,3860,Fabric - Low cost One Zone Controlled
2342,2022,0,0,9,5,15,19,17,1406.022225313542,2.8643270544358628,34.442541856925416,0.000642657374796,0.0029858977817669,0,520,Full Control,Baseline,520,Baseline Full Control
2343,2022,0,0,0,10,42,18,17,1596.1236072047218,3.2896594068771963,16.044520547945204,0.2935525483969458,0.843531394401382,0,0,Manual Control,Baseline,0,Baseline Manual Control
2344,2023,0,0,4,5,10,18,13,936.8767217863342,3.23693759849841,18.93074581430746,0.0066806811935278,0.0303018689385085,0,240,Partial Control,Baseline,240,Baseline Partial Control
2345,2022,0,0,1,10,30,19,15,1535.359955543995,3.184421565747092,20.827625570776256,0.9292484239147976,2.716121760771762,0,60,One Zone Controlled,Baseline,60,Baseline One Zone Controlled
2346,2023,2,0,4,10,15,19,15,755.3819589498966,2.615033242858878,31.76369863013699,0.3802208836367877,1.3487405566135988,16000,240,Partial Control,Fabric - Shallow,16240,Fabric - Shallow Partial Control
2347,2023,1,0,9,15,30,19,13,589.6740470185862,1.988946750138833,44.69178082191781,0.0490879252908721,0.1456152689190412,3800,520,Full Control,Fabric - Low cost,4320,Fabric - Low cost Full Control
2348,2023,1,0,1,15,30,20,17,956.3929349360126,3.283660351094628,28.285768645357685,1.3653759178718252,3.155862418538334,3800,60,One Zone Controlled,Fabric - Low cost,3860,Fabric - Low cost One Zone Controlled
2349,2023,2,0,0,5,30,21,15,932.131985450242,3.231895006210691,17.964231354642312,0.0032475996871575,0.0230834084104122,16000,0,Manual Control,Fabric - Shallow,16000,Fabric - Shallow Manual Control
2350,2023,2,0,1,5,30,21,13,875.283584112483,3.03656220815762,35.25114155251142,0.0298410956776232,0.1687427298510694,16000,60,One Zone Controlled,Fabric - Shallow,16060,Fabric - Shallow One Zone Controlled
2351,2023,1,0,9,15,42,20,15,728.8942387137456,2.4732454449272407,48.95738203957382,0.0476624365694901,0.1230612022161482,3800,520,Full Control,Fabric - Low cost,4320,Fabric - Low cost Full Control
2352,2023,0,0,1,15,30,18,15,899.7803396146566,3.0907486870235075,18.955479452054792,0.7713144676082537,2.25558923340515,0,60,One Zone Controlled,Baseline,60,Baseline One Zone Controlled
2353,2022,1,0,0,10,15,21,13,1874.4027570770909,3.964553833720934,20.106544901065448,1.4142837127408066,4.005995956140764,3800,0,Manual Control,Fabric - Low cost,3800,Fabric - Low cost Manual Control
2354,2023,2,0,0,10,42,20,15,705.4181285693239,2.41550785843708,31.489726027397257,1.397480378088856,3.627164629960249,16000,0,Manual Control,Fabric - Shallow,16000,Fabric - Shallow Manual Control
2355,2022,0,0,4,5,10,19,15,1660.1661144068162,3.447051867724645,21.06544901065449,0.0063375679417254,0.0252179030695097,0,240,Partial Control,Baseline,240,Baseline Partial Control
2356,2023,0,0,9,10,30,18,17,807.3059220550748,2.7101445703606633,34.24657534246575,0.0013781256800595,0.0043928712353714,0,520,Full Control,Baseline,520,Baseline Full Control
2357,2022,1,0,4,15,10,20,13,1302.8383486941937,2.721603368684832,39.66514459665144,1.2368279402643334,3.26776548534371,3800,240,Partial Control,Fabric - Low cost,4040,Fabric - Low cost Partial Control
2358,2023,0,0,1,10,10,19,15,1020.2679886677972,3.538831962310795,18.90791476407915,0.7978547141244399,2.437933993949684,0,60,One Zone Controlled,Baseline,60,Baseline One Zone Controlled
2359,2022,0,0,1,10,42,20,15,1411.4350189489228,2.9062782095851802,39.21232876712329,1.5362893659706822,3.9302898437756735,0,60,One Zone Controlled,Baseline,60,Baseline One Zone Controlled
2360,2022,1,0,9,15,15,19,17,1339.6074070667535,2.7303680168944684,34.296042617960424,0.0007601182707056,0.0038197258430859,3800,520,Full Control,Fabric - Low cost,4320,Fabric - Low cost Full Control
2361,2022,0,0,9,5,15,20,15,1270.23682276116,2.5861561961872193,45.05707762557078,0.0364657075209407,0.0996422262581402,0,520,Full Control,Baseline,520,Baseline Full Control
2362,2022,0,0,9,10,30,18,13,947.862744829774,1.881508365554936,38.15258751902588,0.0187076108609781,0.0630814205768692,0,520,Full Control,Baseline,520,Baseline Full Control
2363,2023,1,0,4,15,30,20,17,910.6381199458816,3.113657380225639,39.23896499238965,0.9752709275967744,2.2970084831615583,3800,240,Partial Control,Fabric - Low cost,4040,Fabric - Low cost Partial Control
2364,2023,1,0,9,15,10,19,17,809.4401534844008,2.730120728082554,35.47945205479452,0.0008727512077135,0.0038161384521279,3800,520,Full Control,Fabric - Low cost,4320,Fabric - Low cost Full Control
2365,2022,2,0,4,5,42,20,13,1118.7893650069568,2.3252935865137445,45.8009893455099,0.0708878745469185,0.2874317888201546,16000,240,Partial Control,Fabric - Shallow,16240,Fabric - Shallow Partial Control
2366,2022,0,0,9,15,10,19,17,1406.022225313542,2.8643270544358628,34.442541856925416,0.000642657374796,0.0029858977817669,0,520,Full Control,Baseline,520,Baseline Full Control
2367,2023,1,0,1,10,15,18,15,1067.620580158432,3.731687456349368,13.692922374429225,0.349930396320593,1.3559656074862685,3800,60,One Zone Controlled,Fabric - Low cost,3860,Fabric - Low cost One Zone Controlled
2368,2023,1,0,4,5,10,21,13,978.8689716421987,3.4097964985008895,32.38013698630137,0.0631157328707745,0.2249448082676488,3800,240,Partial Control,Fabric - Low cost,4040,Fabric - Low cost Partial Control
2369,2022,1,0,0,10,10,20,13,1683.9496179686116,3.5507016803853886,18.96499238964992,1.1926739422729842,3.5264977605592565,3800,0,Manual Control,Fabric - Low cost,3800,Fabric - Low cost Manual Control
2370,2023,1,0,4,15,42,19,13,668.4983893670408,2.2755902694335353,38.32001522070016,1.1809103209978382,3.075022299775623,3800,240,Partial Control,Fabric - Low cost,4040,Fabric - Low cost Partial Control
2371,2022,1,0,1,15,42,21,15,1316.365853612645,2.7133578060058015,59.32838660578387,3.49349592308375,5.694635873581927,3800,60,One Zone Controlled,Fabric - Low cost,3860,Fabric - Low cost One Zone Controlled
2372,2022,0,0,9,5,10,18,13,947.862744829774,1.881508365554936,38.15258751902588,0.0187076108609781,0.0630814205768692,0,520,Full Control,Baseline,520,Baseline Full Control
2373,2023,1,0,9,5,15,20,13,649.7242095620795,2.218521505835328,49.393074581430746,0.0898898197526876,0.2690887219275529,3800,520,Full Control,Fabric - Low cost,4320,Fabric - Low cost Full Control
2374,2022,0,0,0,5,15,19,15,2390.123817801882,5.049573820051226,0.0,0.0,0.0,0,0,Manual Control,Baseline,0,Baseline Manual Control
2375,2022,0,0,1,5,10,19,17,2056.242986332451,4.31026254242221,0.5003805175038052,6.909527135230236e-05,0.0012275724184212,0,60,One Zone Controlled,Baseline,60,Baseline One Zone Controlled
2376,2023,1,0,1,5,42,19,15,942.7572208505183,3.232687521853278,5.08751902587519,0.003056617071951,0.0182984897225623,3800,60,One Zone Controlled,Fabric - Low cost,3860,Fabric - Low cost One Zone Controlled
2377,2023,1,0,9,10,10,18,15,635.5197714552111,2.1163020492675813,34.756468797564686,0.0047870031018197,0.0184858801730078,3800,520,Full Control,Fabric - Low cost,4320,Fabric - Low cost Full Control
2378,2023,1,0,1,5,10,18,15,1159.6920743132907,4.041355236386313,1.7237442922374429,0.0004939075875562,0.0045640456968408,3800,60,One Zone Controlled,Fabric - Low cost,3860,Fabric - Low cost One Zone Controlled
2379,2023,1,0,1,15,42,19,13,737.0844011682071,2.5242408313539535,26.371765601217657,1.588334073806585,4.117085329997559,3800,60,One Zone Controlled,Fabric - Low cost,3860,Fabric - Low cost One Zone Controlled
2380,2022,1,0,1,15,42,19,15,1306.9269130615414,2.687414857215691,25.99695585996956,1.3999603201131503,3.5302535632050294,3800,60,One Zone Controlled,Fabric - Low cost,3860,Fabric - Low cost One Zone Controlled
2381,2022,1,0,1,5,42,19,13,1509.8601177136538,3.151376883319643,5.371004566210045,0.0068438411401478,0.0455850547199195,3800,60,One Zone Controlled,Fabric - Low cost,3860,Fabric - Low cost One Zone Controlled
2382,2023,0,0,0,5,10,19,13,1309.0705574804551,4.572054956947245,0.0,0.0,0.0,0,0,Manual Control,Baseline,0,Baseline Manual Control
2383,2023,0,0,0,15,10,20,17,1103.0510177434176,3.8231284418367832,22.25266362252664,1.2527451279990025,3.092577032143043,0,0,Manual Control,Baseline,0,Baseline Manual Control
2384,2023,2,0,1,10,10,18,13,800.7391719423549,2.789135603287919,13.706240487062404,0.3237877358965084,1.414306605412848,16000,60,One Zone Controlled,Fabric - Shallow,16060,Fabric - Shallow One Zone Controlled
2385,2022,1,0,9,5,10,19,13,983.7579953821404,1.9948856703461635,42.81202435312024,0.0526813622605301,0.1629748715636403,3800,520,Full Control,Fabric - Low cost,4320,Fabric - Low cost Full Control
2386,2023,0,0,0,10,10,19,15,1085.8442682159941,3.782726088187797,15.745814307458142,0.7760458830818621,2.41947179642893,0,0,Manual Control,Baseline,0,Baseline Manual Control
2387,2023,2,0,0,10,42,21,15,705.4181285693239,2.41550785843708,61.89117199391172,2.988561566258917,4.539804035036039,16000,0,Manual Control,Fabric - Shallow,16000,Fabric - Shallow Manual Control
2388,2023,0,0,4,5,10,20,15,1029.7122200825577,3.56117843343916,26.97869101978691,0.0156272603761538,0.0516204695262527,0,240,Partial Control,Baseline,240,Baseline Partial Control
2389,2022,0,0,1,5,30,19,15,1796.7795942184382,3.758167389495234,3.710045662100456,0.0019465657912875,0.0128821747923915,0,60,One Zone Controlled,Baseline,60,Baseline One Zone Controlled
2390,2022,0,0,1,5,10,18,17,2051.1153343872124,4.298216267633067,0.4889649923896499,0.0001150655188588,0.0018292442581899,0,60,One Zone Controlled,Baseline,60,Baseline One Zone Controlled
2391,2023,1,0,1,10,10,21,13,959.3824647827008,3.347691493024898,28.476027397260275,1.6733716303549555,4.375631650573583,3800,60,One Zone Controlled,Fabric - Low cost,3860,Fabric - Low cost One Zone Controlled
2392,2022,0,0,0,15,15,21,13,1852.5830368567886,3.915977205813974,24.056316590563164,1.9328110067095563,4.979094957832596,0,0,Manual Control,Baseline,0,Baseline Manual Control
2393,2023,1,0,4,5,10,20,17,1056.638705031061,3.649860654374272,23.65677321156773,0.0053299405565705,0.0187358837489645,3800,240,Partial Control,Fabric - Low cost,4040,Fabric - Low cost Partial Control
2394,2022,2,0,0,15,15,19,13,1521.5757377338157,3.2218500581694407,13.361872146118722,0.5134524139699355,2.067778957731982,16000,0,Manual Control,Fabric - Shallow,16000,Fabric - Shallow Manual Control
2395,2022,1,0,4,10,10,19,13,1301.5193871486767,2.7069282607221448,34.50342465753425,0.6715899847438483,2.1594267987983544,3800,240,Partial Control,Fabric - Low cost,4040,Fabric - Low cost Partial Control
2396,2022,0,0,4,5,10,19,13,1580.1687478406932,3.29808015696638,23.15829528158295,0.0153475432653288,0.060648543179396,0,240,Partial Control,Baseline,240,Baseline Partial Control
2397,2022,2,0,4,15,15,18,15,1201.1896246749252,2.477952268617022,25.643074581430746,0.2645499678657809,1.0664592500405483,16000,240,Partial Control,Fabric - Shallow,16240,Fabric - Shallow Partial Control
2398,2023,0,0,9,10,30,19,17,849.526790532914,2.8647228807368483,35.728691019786915,0.000809440764681,0.0034508955226229,0,520,Full Control,Baseline,520,Baseline Full Control
2399,2022,0,0,1,15,42,19,13,1261.8242741563508,2.61453318979142,26.02168949771689,1.6314456379242244,4.271022230459537,0,60,One Zone Controlled,Baseline,60,Baseline One Zone Controlled
2400,2023,0,0,4,15,15,21,13,907.871759094644,3.169456475955726,43.81468797564688,1.5310617305744865,3.812475739004278,0,240,Partial Control,Baseline,240,Baseline Partial Control
2401,2022,2,0,4,5,42,21,13,1158.7084017218938,2.4179364771066627,56.63432267884323,1.0708587906250338,1.3555133102268997,16000,240,Partial Control,Fabric - Shallow,16240,Fabric - Shallow Partial Control
2402,2022,0,0,9,5,42,19,17,1406.022225313542,2.8643270544358628,34.442541856925416,0.000642657374796,0.0029858977817669,0,520,Full Control,Baseline,520,Baseline Full Control
2403,2022,1,0,0,5,42,20,15,1627.1645204270355,3.397296382708104,15.070395738203956,0.0022646947019133,0.013851340474178,3800,0,Manual Control,Fabric - Low cost,3800,Fabric - Low cost Manual Control
2404,2022,1,0,4,15,10,18,13,1231.9751623640218,2.5467374380745813,30.01141552511416,0.558171274674381,1.8950402792849808,3800,240,Partial Control,Fabric - Low cost,4040,Fabric - Low cost Partial Control
2405,2023,1,0,4,15,30,18,13,694.283364464099,2.3713014185311407,31.31088280060883,0.6748284529329446,2.0858923998197003,3800,240,Partial Control,Fabric - Low cost,4040,Fabric - Low cost Partial Control
2406,2023,0,0,9,5,42,18,13,561.5661884915917,1.8695547949679265,37.62937595129376,0.017212287678914,0.0584673070854036,0,520,Full Control,Baseline,520,Baseline Full Control
2407,2022,0,0,1,5,42,20,15,1624.2141673115011,3.378259146854047,28.45319634703196,0.0075801317696229,0.0327831017315563,0,60,One Zone Controlled,Baseline,60,Baseline One Zone Controlled
2408,2023,1,0,1,10,15,20,17,1135.5431085371104,3.958352409398895,20.561263318112637,0.7941730354141164,2.255030854481949,3800,60,One Zone Controlled,Fabric - Low cost,3860,Fabric - Low cost One Zone Controlled
2409,2023,1,0,4,5,10,19,15,963.3368711243398,3.3259704046832606,22.67884322678843,0.0088314268635806,0.0323520953096766,3800,240,Partial Control,Fabric - Low cost,4040,Fabric - Low cost Partial Control
2410,2023,0,0,4,15,15,19,15,917.3766741788712,3.1662712224894447,32.09284627092846,0.6890419982559294,2.0379943187924483,0,240,Partial Control,Baseline,240,Baseline Partial Control
2411,2022,0,0,4,15,15,19,15,1522.174370505764,3.144590312701556,31.78272450532725,0.6759405239485201,2.047906977120977,0,240,Partial Control,Baseline,240,Baseline Partial Control
2412,2022,0,0,0,15,30,18,17,1684.9772674718013,3.487701269050538,16.276636225266362,0.3277192414970779,0.942501219045912,0,0,Manual Control,Baseline,0,Baseline Manual Control
2413,2022,2,0,9,5,15,18,17,1045.742116371555,2.110820586967925,34.85159817351598,0.0017741298445365,0.0051625585738711,16000,520,Full Control,Fabric - Shallow,16520,Fabric - Shallow Full Control
2414,2023,1,0,0,10,10,20,17,1089.9821301166048,3.7849734872508103,18.51978691019787,0.9188747998620798,2.5062963725052723,3800,0,Manual Control,Fabric - Low cost,3800,Fabric - Low cost Manual Control
2415,2022,1,0,1,5,42,18,17,1613.1071447689317,3.350868341176857,0.8751902587519025,5.485716049265587e-05,0.0008633259121347,3800,60,One Zone Controlled,Fabric - Low cost,3860,Fabric - Low cost One Zone Controlled
2416,2022,2,0,9,15,10,20,15,1003.5094188934552,2.049717122347977,46.72945205479452,0.0831890358324485,0.2572801257366565,16000,520,Full Control,Fabric - Shallow,16520,Fabric - Shallow Full Control
2417,2022,1,0,0,15,10,19,15,1633.0961925097542,3.4299639411542024,18.356164383561644,0.9494809762427256,2.847647192118296,3800,0,Manual Control,Fabric - Low cost,3800,Fabric - Low cost Manual Control
2418,2022,2,0,1,5,15,21,15,1784.3084330420138,3.763265056150488,6.348934550989345,0.0147326103728418,0.0939268623068869,16000,60,One Zone Controlled,Fabric - Shallow,16060,Fabric - Shallow One Zone Controlled
2419,2022,0,0,0,5,15,21,17,2405.811740267749,5.075814859782124,0.0,0.0,0.0,0,0,Manual Control,Baseline,0,Baseline Manual Control
2420,2023,1,0,0,15,15,18,17,1138.0372268855117,3.980264666596113,12.028158295281582,0.2005762947626469,0.7054722051538272,3800,0,Manual Control,Fabric - Low cost,3800,Fabric - Low cost Manual Control
2421,2022,2,0,1,10,10,21,15,1369.9544106799763,2.87179484190432,26.92732115677321,1.3633785254148314,3.63703523726133,16000,60,One Zone Controlled,Fabric - Shallow,16060,Fabric - Shallow One Zone Controlled
2422,2022,1,0,1,15,10,18,17,1683.336114935921,3.4992092151146763,15.268264840182647,0.2675354824565182,0.8163000653946382,3800,60,One Zone Controlled,Fabric - Low cost,3860,Fabric - Low cost One Zone Controlled
2423,2022,2,0,4,5,30,21,13,1252.5085783596764,2.6255083720285493,49.30936073059361,0.120281102356045,0.4722395571321729,16000,240,Partial Control,Fabric - Shallow,16240,Fabric - Shallow Partial Control
2424,2023,0,0,1,5,42,21,15,997.8001025615528,3.4255598136806396,61.63622526636225,1.480278712317257,1.6017518405987137,0,60,One Zone Controlled,Baseline,60,Baseline One Zone Controlled
2425,2022,2,0,4,10,10,21,13,1179.0443555626669,2.4757513495484718,43.51978691019787,1.166482679650327,3.047688788035149,16000,240,Partial Control,Fabric - Shallow,16240,Fabric - Shallow Partial Control
2426,2022,2,0,9,10,10,19,15,938.328438499092,1.8898271729460951,42.43150684931507,0.0347154738479955,0.1098746020348765,16000,520,Full Control,Fabric - Shallow,16520,Fabric - Shallow Full Control
2427,2022,0,0,1,5,42,19,15,1616.2548670613085,3.358343466857462,4.309360730593608,0.0022229955213959,0.0139628226732376,0,60,One Zone Controlled,Baseline,60,Baseline One Zone Controlled
2428,2023,0,0,9,15,30,20,15,764.3504305065494,2.5908900881679897,47.720700152207,0.0350253088436911,0.0925487643206113,0,520,Full Control,Baseline,520,Baseline Full Control
2429,2023,0,0,1,15,30,21,17,1006.6894828384706,3.455644937417997,44.38926940639269,2.0713084575761527,4.4229172206463785,0,60,One Zone Controlled,Baseline,60,Baseline One Zone Controlled
2430,2023,1,0,0,10,10,19,17,1089.9821301166048,3.7849734872508103,15.580289193302892,0.5183616336994218,1.535276992554726,3800,0,Manual Control,Fabric - Low cost,3800,Fabric - Low cost Manual Control
2431,2023,2,0,0,15,42,19,15,678.1750384222387,2.321166117318114,21.66856925418569,1.2124455400887426,3.1878626000783115,16000,0,Manual Control,Fabric - Shallow,16000,Fabric - Shallow Manual Control
2432,2023,2,0,4,10,30,21,13,668.6585004570805,2.314966507737593,55.8238203957382,1.34190682185195,3.3040008880266862,16000,240,Partial Control,Fabric - Shallow,16240,Fabric - Shallow Partial Control
2433,2023,2,0,1,10,10,18,15,822.2638236478515,2.854939629719063,13.436073059360732,0.2967062017979383,1.2168059986458613,16000,60,One Zone Controlled,Fabric - Shallow,16060,Fabric - Shallow One Zone Controlled
2434,2023,1,0,1,10,10,20,15,982.0601906849129,3.41149412449092,23.44748858447489,1.149083606395931,3.229863438184636,3800,60,One Zone Controlled,Fabric - Low cost,3860,Fabric - Low cost One Zone Controlled
2435,2022,1,0,0,15,42,20,15,1341.3315540220804,2.772058795820874,32.24315068493151,2.099740371823952,4.889928861988933,3800,0,Manual Control,Fabric - Low cost,3800,Fabric - Low cost Manual Control
2436,2022,2,0,4,5,10,18,15,1301.4270968150063,2.691638308618776,18.15068493150685,0.0044007049269062,0.0202322199394223,16000,240,Partial Control,Fabric - Shallow,16240,Fabric - Shallow Partial Control
2437,2022,1,0,1,15,15,18,15,1696.777276008025,3.552208641379102,14.910578386605785,0.4640813738934258,1.7078638525060308,3800,60,One Zone Controlled,Fabric - Low cost,3860,Fabric - Low cost One Zone Controlled
2438,2023,0,0,4,15,15,21,17,1063.7765075694358,3.6794049734903593,42.08523592085236,1.220300018987905,2.9012758147618345,0,240,Partial Control,Baseline,240,Baseline Partial Control
2439,2022,1,0,4,5,30,19,17,1599.6609798580548,3.3136177488127,14.602359208523591,0.0004002569100158,0.0027902734793361,3800,240,Partial Control,Fabric - Low cost,4040,Fabric - Low cost Partial Control
2440,2022,0,0,9,15,30,20,13,1123.998529890416,2.309435916030157,45.72298325722984,0.0711762613178607,0.2151837274618383,0,520,Full Control,Baseline,520,Baseline Full Control
2441,2022,1,0,0,10,10,19,13,1683.9496179686116,3.5507016803853886,15.83523592085236,0.7864551874976837,2.6461587392256423,3800,0,Manual Control,Fabric - Low cost,3800,Fabric - Low cost Manual Control
2442,2022,2,0,0,10,10,18,15,1450.886285196686,3.049158952614046,9.81925418569254,0.273146232976762,1.203531606645459,16000,0,Manual Control,Fabric - Shallow,16000,Fabric - Shallow Manual Control
2443,2022,1,0,4,5,30,18,15,1444.6829271854292,2.9787506249323683,17.745433789954337,0.002604317637343,0.0121104916277365,3800,240,Partial Control,Fabric - Low cost,4040,Fabric - Low cost Partial Control
2444,2023,1,0,4,5,42,18,15,812.1067297229962,2.7581924927532,17.682648401826484,0.0025254190468821,0.0117218870929221,3800,240,Partial Control,Fabric - Low cost,4040,Fabric - Low cost Partial Control
2445,2022,1,0,1,10,10,18,13,1546.1366946465412,3.245772494219565,15.477549467275496,0.5125462202174758,1.953907096353538,3800,60,One Zone Controlled,Fabric - Low cost,3860,Fabric - Low cost One Zone Controlled
2446,2022,2,0,9,15,15,18,13,756.4691197128225,1.50519766687629,39.89535768645357,0.0418281945805325,0.149680366107664,16000,520,Full Control,Fabric - Shallow,16520,Fabric - Shallow Full Control
2447,2022,2,0,4,5,10,20,15,1354.8729348141887,2.825978469889777,27.676940639269404,0.0325592031744944,0.120883838712286,16000,240,Partial Control,Fabric - Shallow,16240,Fabric - Shallow Partial Control
2448,2022,0,0,4,10,10,21,17,1706.3619719533442,3.5327055452452165,41.01978691019787,1.0101972796009264,2.571125612848382,0,240,Partial Control,Baseline,240,Baseline Partial Control
2449,2023,1,0,1,10,42,20,17,908.4845835650948,3.0980396576114795,39.42922374429224,1.1313535962198904,2.764551955415559,3800,60,One Zone Controlled,Fabric - Low cost,3860,Fabric - Low cost One Zone Controlled
2450,2022,0,0,4,5,15,19,15,1786.6428143142748,3.720227424959391,20.47374429223744,0.0058953708169342,0.0240744997757459,0,240,Partial Control,Baseline,240,Baseline Partial Control
2451,2022,1,0,9,5,15,18,13,905.3536218505434,1.7995884351710496,39.362633181126334,0.0261283909158526,0.0847280993405621,3800,520,Full Control,Fabric - Low cost,4320,Fabric - Low cost Full Control
2452,2023,2,0,1,5,30,18,13,858.1970806302472,2.971004443635196,2.9033485540334856,0.0029694926193343,0.0265975935992502,16000,60,One Zone Controlled,Fabric - Shallow,16060,Fabric - Shallow One Zone Controlled
2453,2022,1,0,0,10,15,21,15,1893.3364272597494,3.99332633209368,20.049467275494678,1.3761959168736275,3.8285670288633415,3800,0,Manual Control,Fabric - Low cost,3800,Fabric - Low cost Manual Control
2454,2023,1,0,4,10,15,19,15,901.6850844162176,3.116817341395449,32.63508371385084,0.516998866552528,1.6665055907669255,3800,240,Partial Control,Fabric - Low cost,4040,Fabric - Low cost Partial Control
2455,2022,0,0,4,5,10,18,15,1631.2899522126481,3.3745999619465574,15.59931506849315,0.0011928813771173,0.0064594935493635,0,240,Partial Control,Baseline,240,Baseline Partial Control
2456,2022,0,0,1,10,30,18,17,1672.7089544626378,3.462520406601713,14.89916286149163,0.2474748095229267,0.7505573608042441,0,60,One Zone Controlled,Baseline,60,Baseline One Zone Controlled
2457,2022,0,0,9,5,30,21,13,1231.2515824936554,2.5580499998222317,49.79261796042618,0.1241401238294264,0.3869233203827027,0,520,Full Control,Baseline,520,Baseline Full Control
2458,2022,0,0,0,15,15,18,17,1972.3428749349591,4.12381853814852,11.855022831050228,0.2142884131860831,0.7497964224124312,0,0,Manual Control,Baseline,0,Baseline Manual Control
2459,2023,0,0,9,15,15,19,15,712.0529807339085,2.3903322160719176,41.289954337899545,0.0132798245345634,0.0422792093001361,0,520,Full Control,Baseline,520,Baseline Full Control
2460,2022,1,0,1,10,15,21,13,1733.6634021074592,3.66309958340273,25.30441400304414,1.4327122111844557,3.984839565220621,3800,60,One Zone Controlled,Fabric - Low cost,3860,Fabric - Low cost One Zone Controlled
2461,2023,0,0,0,10,30,21,17,1052.0717452179335,3.61966704308747,31.875951293759517,1.6136076261544074,3.8457590029103255,0,0,Manual Control,Baseline,0,Baseline Manual Control
2462,2023,2,0,9,5,42,21,15,650.3338952323685,2.236596278482775,53.18683409436834,0.1672017282474389,0.4894574641898284,16000,520,Full Control,Fabric - Shallow,16520,Fabric - Shallow Full Control
2463,2022,1,0,1,10,30,19,17,1601.870144313699,3.31980428036568,18.192541856925416,0.5863439673463877,1.6192341211447827,3800,60,One Zone Controlled,Fabric - Low cost,3860,Fabric - Low cost One Zone Controlled
2464,2023,1,0,9,5,10,18,17,766.994517153551,2.575183382707774,34.332191780821915,0.0014199208486211,0.0044726597493175,3800,520,Full Control,Fabric - Low cost,4320,Fabric - Low cost Full Control
2465,2023,0,0,9,5,30,21,15,820.8885981405011,2.8112645532719127,52.00532724505327,0.0699301650466732,0.1743024396519897,0,520,Full Control,Baseline,520,Baseline Full Control
2466,2023,0,0,1,15,42,20,15,830.0091704919803,2.8289097618382772,43.02130898021309,2.086119326249266,4.772699987453969,0,60,One Zone Controlled,Baseline,60,Baseline One Zone Controlled
2467,2022,1,0,9,15,15,20,13,1074.5449777142953,2.2132880623538007,46.58485540334855,0.09680654157865,0.3046019386436109,3800,520,Full Control,Fabric - Low cost,4320,Fabric - Low cost Full Control
2468,2023,2,0,9,15,42,21,13,607.3150679585353,2.1029844479110125,53.24200913242009,0.2985642591029327,0.9697027119666884,16000,520,Full Control,Fabric - Shallow,16520,Fabric - Shallow Full Control
2469,2023,1,0,0,5,10,21,13,1251.3399490484337,4.373173933205524,0.0133181126331811,4.005567444515352e-05,0.0038950735196024,3800,0,Manual Control,Fabric - Low cost,3800,Fabric - Low cost Manual Control
2470,2022,0,0,0,15,42,20,13,1329.8087704810573,2.767236450802426,32.1689497716895,2.322483724248856,5.560210321428038,0,0,Manual Control,Baseline,0,Baseline Manual Control
2471,2022,2,0,0,10,15,21,13,1601.8471880091115,3.387101369013759,19.39497716894977,1.111337700605564,3.3045014148790828,16000,0,Manual Control,Fabric - Shallow,16000,Fabric - Shallow Manual Control
2472,2023,0,0,4,10,30,18,15,818.3943645663181,2.783823441963575,26.77511415525114,0.4476167953772871,1.4200134594260925,0,240,Partial Control,Baseline,240,Baseline Partial Control
2473,2022,0,0,4,10,10,19,17,1638.8378065392553,3.3821854315393898,26.860730593607308,0.3852276108182524,1.142419931845564,0,240,Partial Control,Baseline,240,Baseline Partial Control
2474,2023,0,0,1,15,10,21,13,953.3400739397089,3.3251155319988572,31.442161339421617,2.285487929486917,5.446445145644811,0,60,One Zone Controlled,Baseline,60,Baseline One Zone Controlled
2475,2023,1,0,0,5,10,18,17,1263.8808218520924,4.411521529552214,0.0,0.0,0.0,3800,0,Manual Control,Fabric - Low cost,3800,Fabric - Low cost Manual Control
2476,2023,1,0,9,5,10,21,13,715.7748219346186,2.47191390685231,53.11834094368341,0.1635952853235133,0.5021388083254766,3800,520,Full Control,Fabric - Low cost,4320,Fabric - Low cost Full Control
2477,2023,0,0,4,10,30,19,15,836.3810888761582,2.852180479517144,33.803272450532724,0.711149257735384,2.06707714369203,0,240,Partial Control,Baseline,240,Baseline Partial Control
2478,2022,2,0,1,15,15,18,13,1390.288062387386,2.933611271822271,12.547564687975646,0.3153193111898038,1.5563295984308103,16000,60,One Zone Controlled,Fabric - Shallow,16060,Fabric - Shallow One Zone Controlled
2479,2023,1,0,1,10,15,21,15,1077.416518146556,3.7730422754169597,25.89421613394216,1.3892885900450496,3.775744383789772,3800,60,One Zone Controlled,Fabric - Low cost,3860,Fabric - Low cost One Zone Controlled
2480,2022,2,0,9,15,30,20,15,1003.5094188934552,2.049717122347977,46.72945205479452,0.0831890358324485,0.2572801257366565,16000,520,Full Control,Fabric - Shallow,16520,Fabric - Shallow Full Control
2481,2022,0,0,9,10,30,19,15,1188.0144321894252,2.390837618042644,39.60806697108067,0.0141444035774809,0.0457365904729932,0,520,Full Control,Baseline,520,Baseline Full Control
2482,2023,1,0,0,10,30,21,13,918.9051357691092,3.184414371122903,33.93455098934551,1.9769344625821543,4.964090364747258,3800,0,Manual Control,Fabric - Low cost,3800,Fabric - Low cost Manual Control
2483,2022,0,0,9,5,15,20,13,1123.998529890416,2.309435916030157,45.72298325722984,0.0711762613178607,0.2151837274618383,0,520,Full Control,Baseline,520,Baseline Full Control
2484,2022,1,0,1,15,42,18,13,1204.5688001910894,2.495051730999147,21.76179604261796,1.0590949786159258,3.1390305180311744,3800,60,One Zone Controlled,Fabric - Low cost,3860,Fabric - Low cost One Zone Controlled
2485,2023,1,0,9,10,42,18,15,635.5197714552111,2.1163020492675813,34.756468797564686,0.0047870031018197,0.0184858801730078,3800,520,Full Control,Fabric - Low cost,4320,Fabric - Low cost Full Control
2486,2023,0,0,4,15,10,19,13,799.1221939485063,2.755092058682619,34.714611872146115,0.9004665941981037,2.6057123294942426,0,240,Partial Control,Baseline,240,Baseline Partial Control
2487,2022,2,0,9,15,30,21,15,1079.9416250645281,2.2317044509924733,50.99505327245053,0.1759273711261098,0.5345365645105068,16000,520,Full Control,Fabric - Shallow,16520,Fabric - Shallow Full Control
2488,2022,2,0,9,10,15,20,13,910.5288069897448,1.8797087412292748,46.84170471841705,0.1695475738404895,0.5916363804908522,16000,520,Full Control,Fabric - Shallow,16520,Fabric - Shallow Full Control
2489,2022,1,0,9,15,42,18,17,1274.1445864473694,2.583145969165776,34.733637747336374,0.0015123255382184,0.0045989316799535,3800,520,Full Control,Fabric - Low cost,4320,Fabric - Low cost Full Control
2490,2023,1,0,1,10,42,18,15,810.5216338894226,2.762396526444128,18.27815829528158,0.6808456096305764,2.0236688434311456,3800,60,One Zone Controlled,Fabric - Low cost,3860,Fabric - Low cost One Zone Controlled
2491,2022,1,0,0,10,42,18,15,1390.9361573705287,2.8790077231937485,16.15677321156773,0.6660101822566452,2.0622466169188445,3800,0,Manual Control,Fabric - Low cost,3800,Fabric - Low cost Manual Control
2492,2022,0,0,4,15,10,21,13,1403.8729634901572,2.9376764253766043,43.67389649923896,1.7180624736575665,4.148728114128612,0,240,Partial Control,Baseline,240,Baseline Partial Control
2493,2023,0,0,4,15,30,18,13,724.1125210134702,2.4712701068924856,30.665905631659054,0.7068979505031753,2.165442324453738,0,240,Partial Control,Baseline,240,Baseline Partial Control
2494,2023,1,0,9,5,42,20,13,649.7242095620795,2.218521505835328,49.393074581430746,0.0898898197526876,0.2690887219275529,3800,520,Full Control,Fabric - Low cost,4320,Fabric - Low cost Full Control
2495,2022,0,0,9,15,15,18,13,947.862744829774,1.881508365554936,38.15258751902588,0.0187076108609781,0.0630814205768692,0,520,Full Control,Baseline,520,Baseline Full Control
2496,2022,0,0,9,10,10,21,17,1564.0233816317295,3.217943890621078,47.720700152207,0.0274751903637385,0.0699432444377022,0,520,Full Control,Baseline,520,Baseline Full Control
2497,2022,1,0,9,5,42,18,15,1064.7911137474985,2.1163964656928336,35.72108066971081,0.0053270032062273,0.0204552823778338,3800,520,Full Control,Fabric - Low cost,4320,Fabric - Low cost Full Control
2498,2023,2,0,9,10,10,21,15,650.3338952323685,2.236596278482775,53.18683409436834,0.1672017282474389,0.4894574641898284,16000,520,Full Control,Fabric - Shallow,16520,Fabric - Shallow Full Control
2499,2022,1,0,1,15,30,19,15,1424.2088984728728,2.9531353758218097,23.822298325722983,1.1901209498389618,3.216708326344739,3800,60,One Zone Controlled,Fabric - Low cost,3860,Fabric - Low cost One Zone Controlled
2500,2023,0,0,1,15,30,19,17,999.4900031491057,3.427930950876056,21.21765601217656,0.8084994972632928,2.0120634964539783,0,60,One Zone Controlled,Baseline,60,Baseline One Zone Controlled
2501,2023,2,0,4,15,10,20,15,709.4657903504344,2.44780038629842,39.9923896499239,0.9520814305831494,2.5343328087224903,16000,240,Partial Control,Fabric - Shallow,16240,Fabric - Shallow Partial Control
2502,2023,0,0,1,15,10,19,15,983.6362750643989,3.40874000029898,21.556316590563167,1.0487765318560631,2.9573067015816554,0,60,One Zone Controlled,Baseline,60,Baseline One Zone Controlled
2503,2023,0,0,9,10,30,21,17,948.2256242011132,3.2412516946629495,49.76027397260274,0.0263282190780063,0.0655989412429014,0,520,Full Control,Baseline,520,Baseline Full Control
2504,2023,1,0,0,5,30,18,15,1120.831841416558,3.88628240047824,0.0,0.0,0.0,3800,0,Manual Control,Fabric - Low cost,3800,Fabric - Low cost Manual Control
2505,2023,1,0,4,15,10,19,13,766.8875425467854,2.6463490187431296,35.30251141552511,0.8635834596384228,2.51082492766091,3800,240,Partial Control,Fabric - Low cost,4040,Fabric - Low cost Partial Control
2506,2022,1,0,4,10,42,20,13,1169.6640744340864,2.419327484798694,50.54794520547945,1.236336083550409,3.278359784011549,3800,240,Partial Control,Fabric - Low cost,4040,Fabric - Low cost Partial Control
2507,2022,2,0,1,15,30,20,15,1197.162800121364,2.4883576701380643,27.825342465753423,1.4963644481273433,3.798234560585144,16000,60,One Zone Controlled,Fabric - Shallow,16060,Fabric - Shallow One Zone Controlled
2508,2022,0,0,9,10,10,21,15,1361.049105389866,2.798358141735806,49.71080669710807,0.0726944242123788,0.1905201658751067,0,520,Full Control,Baseline,520,Baseline Full Control
2509,2023,2,0,1,15,10,21,15,799.1118194586996,2.78195701870064,31.308980213089804,1.8009053651006888,4.3591032644067855,16000,60,One Zone Controlled,Fabric - Shallow,16060,Fabric - Shallow One Zone Controlled
2510,2023,1,0,1,5,15,19,15,1282.4837692240596,4.500686345412534,3.217275494672754,0.0018943666012861,0.0135958897846248,3800,60,One Zone Controlled,Fabric - Low cost,3860,Fabric - Low cost One Zone Controlled
2511,2022,0,0,9,15,15,19,15,1188.0144321894252,2.390837618042644,39.60806697108067,0.0141444035774809,0.0457365904729932,0,520,Full Control,Baseline,520,Baseline Full Control
2512,2022,1,0,4,15,15,20,15,1487.3898491220616,3.089399382122373,37.91476407914764,0.991214011920752,2.700539382010953,3800,240,Partial Control,Fabric - Low cost,4040,Fabric - Low cost Partial Control
2513,2022,0,0,4,10,42,18,15,1279.627302358591,2.5973558048087417,28.354261796042618,0.502080196019371,1.5420619850042223,0,240,Partial Control,Baseline,240,Baseline Partial Control
2514,2022,0,0,0,10,10,19,15,1783.2929527742829,3.742365784861679,16.008371385083713,0.7662297971410462,2.4504631705070268,0,0,Manual Control,Baseline,0,Baseline Manual Control
2515,2023,1,0,0,10,10,18,17,1089.9821301166048,3.7849734872508103,12.576103500761034,0.2037517240200365,0.6764076474773695,3800,0,Manual Control,Fabric - Low cost,3800,Fabric - Low cost Manual Control
2516,2023,0,0,4,5,15,21,13,1096.1242021817684,3.8347421514334727,30.713470319634705,0.0430042818236432,0.1513689176424232,0,240,Partial Control,Baseline,240,Baseline Partial Control
2517,2023,0,0,9,15,42,18,13,561.5661884915917,1.8695547949679265,37.62937595129376,0.017212287678914,0.0584673070854036,0,520,Full Control,Baseline,520,Baseline Full Control
2518,2022,0,0,4,10,30,19,17,1561.5571361989187,3.21298024204398,28.02891933028919,0.4334372336768584,1.2214504101721868,0,240,Partial Control,Baseline,240,Baseline Partial Control
2519,2023,0,0,0,10,42,19,13,850.4414241122773,2.918687394114761,18.92123287671233,1.247196878699928,3.5491501850338274,0,0,Manual Control,Baseline,0,Baseline Manual Control
2520,2022,2,0,0,5,10,21,13,1717.2475901936537,3.617262969081962,0.0285388127853881,0.0001917079024634,0.0159108398026476,16000,0,Manual Control,Fabric - Shallow,16000,Fabric - Shallow Manual Control
2521,2023,2,0,9,5,10,19,13,494.57226173061844,1.6724923197412656,44.43302891933029,0.0796498326947911,0.2738054815776297,16000,520,Full Control,Fabric - Shallow,16520,Fabric - Shallow Full Control
2522,2023,0,0,1,10,30,20,17,1024.9228611661194,3.5195821084464023,23.83751902587519,1.0337296430240204,2.6447217483814667,0,60,One Zone Controlled,Baseline,60,Baseline One Zone Controlled
2523,2022,2,0,4,5,30,18,13,1142.4327264876856,2.363911331086947,21.5734398782344,0.0151621991458721,0.0672814488267558,16000,240,Partial Control,Fabric - Shallow,16240,Fabric - Shallow Partial Control
2524,2023,0,0,0,10,10,20,13,1069.995734859135,3.735379522203076,18.702435312024352,1.2417193342657555,3.5967655373823577,0,0,Manual Control,Baseline,0,Baseline Manual Control
2525,2023,1,0,0,10,30,20,13,918.9051357691092,3.184414371122903,20.907534246575345,1.4350514569596395,3.948520123935514,3800,0,Manual Control,Fabric - Low cost,3800,Fabric - Low cost Manual Control
2526,2022,2,0,9,10,10,20,13,910.5288069897448,1.8797087412292748,46.84170471841705,0.1695475738404895,0.5916363804908522,16000,520,Full Control,Fabric - Shallow,16520,Fabric - Shallow Full Control
2527,2022,0,0,9,15,10,18,13,947.862744829774,1.881508365554936,38.15258751902588,0.0187076108609781,0.0630814205768692,0,520,Full Control,Baseline,520,Baseline Full Control
2528,2023,0,0,0,5,15,18,13,1453.595888082631,5.108964781510275,0.0,0.0,0.0,0,0,Manual Control,Baseline,0,Baseline Manual Control
2529,2023,0,0,9,10,15,19,17,849.526790532914,2.8647228807368483,35.728691019786915,0.000809440764681,0.0034508955226229,0,520,Full Control,Baseline,520,Baseline Full Control
2530,2023,0,0,4,15,42,19,15,775.7422153047344,2.6268047474706737,36.3603500761035,1.0513572543215974,2.645984947117909,0,240,Partial Control,Baseline,240,Baseline Partial Control
2531,2022,1,0,9,5,15,21,15,1296.2355690584925,2.6713319493175023,50.68493150684932,0.0990543440962043,0.2703640887032899,3800,520,Full Control,Fabric - Low cost,4320,Fabric - Low cost Full Control
2532,2023,1,0,0,15,42,18,15,813.4130519832662,2.7802954954777177,18.83561643835617,0.8917608335033544,2.4871540767685114,3800,0,Manual Control,Fabric - Low cost,3800,Fabric - Low cost Manual Control
2533,2023,1,0,0,15,15,20,15,1094.8780808931397,3.845360889198527,19.918188736681888,1.2192659059943851,3.4249388173343784,3800,0,Manual Control,Fabric - Low cost,3800,Fabric - Low cost Manual Control
2534,2023,1,0,0,10,10,18,15,1040.934753276484,3.6288893304057988,12.800608828006087,0.4175705415182601,1.5201342537866671,3800,0,Manual Control,Fabric - Low cost,3800,Fabric - Low cost Manual Control
2535,2023,0,0,4,5,15,18,17,1138.7409786684489,3.9431814361201116,13.525494672754949,0.0006344676663492,0.0032797917034316,0,240,Partial Control,Baseline,240,Baseline Partial Control
2536,2022,1,0,9,15,30,21,13,1178.7411620119742,2.455405640576998,50.681126331811264,0.1738123602878852,0.5590947470600487,3800,520,Full Control,Fabric - Low cost,4320,Fabric - Low cost Full Control
2537,2022,2,0,1,5,30,21,13,1437.4036242844857,3.017889848540153,33.6834094368341,0.0312976898896289,0.1825473858716187,16000,60,One Zone Controlled,Fabric - Shallow,16060,Fabric - Shallow One Zone Controlled
2538,2022,1,0,1,5,15,18,15,2105.4188410545016,4.435135399599758,1.7446727549467276,0.0004942975249172,0.0046717026477422,3800,60,One Zone Controlled,Fabric - Low cost,3860,Fabric - Low cost One Zone Controlled
2539,2022,1,0,4,5,30,21,13,1485.622654604267,3.1156910211359827,49.48249619482496,0.0733856787583602,0.2684013715429221,3800,240,Partial Control,Fabric - Low cost,4040,Fabric - Low cost Partial Control
2540,2022,0,0,0,10,15,19,15,1974.1368566563171,4.157543685564518,14.065829528158297,0.615016758746238,2.14317250282642,0,0,Manual Control,Baseline,0,Baseline Manual Control
2541,2022,0,0,4,5,42,18,17,1545.7099118019248,3.179817984287109,14.720319634703197,0.0006176001056503,0.0030400767382598,0,240,Partial Control,Baseline,240,Baseline Partial Control
2542,2023,0,0,9,5,15,21,13,746.4714514016232,2.5743351519544757,52.13470319634703,0.1156277174470364,0.341042236097504,0,520,Full Control,Baseline,520,Baseline Full Control
2543,2022,2,0,1,10,15,19,13,1464.3149703666982,3.090579888294659,15.84855403348554,0.4461802107815057,1.814984689324735,16000,60,One Zone Controlled,Fabric - Shallow,16060,Fabric - Shallow One Zone Controlled
2544,2023,0,0,0,10,42,20,13,850.4414241122773,2.918687394114761,30.993150684931507,1.74501119064263,4.545998019398148,0,0,Manual Control,Baseline,0,Baseline Manual Control
2545,2023,0,0,9,10,10,19,15,712.0529807339085,2.3903322160719176,41.289954337899545,0.0132798245345634,0.0422792093001361,0,520,Full Control,Baseline,520,Baseline Full Control
2546,2022,0,0,9,15,15,20,15,1270.23682276116,2.5861561961872193,45.05707762557078,0.0364657075209407,0.0996422262581402,0,520,Full Control,Baseline,520,Baseline Full Control
2547,2023,1,0,4,5,15,21,17,1145.025028046177,3.984776555262256,29.370243531202437,0.0171542497492173,0.0500211872609048,3800,240,Partial Control,Fabric - Low cost,4040,Fabric - Low cost Partial Control
2548,2023,2,0,0,10,42,19,13,691.1196867075028,2.372471512273134,18.17922374429224,0.9817609475457652,2.907627875442287,16000,0,Manual Control,Fabric - Shallow,16000,Fabric - Shallow Manual Control
2549,2022,2,0,9,15,42,19,13,827.6007215108874,1.681515942729973,43.203957382039576,0.08700199556344,0.3092952086481293,16000,520,Full Control,Fabric - Shallow,16520,Fabric - Shallow Full Control
2550,2022,2,0,1,10,42,18,15,1119.2724213913853,2.3013873486331935,17.8824200913242,0.5427287964105787,1.7575103395967484,16000,60,One Zone Controlled,Fabric - Shallow,16060,Fabric - Shallow One Zone Controlled
2551,2022,2,0,0,5,15,18,17,1920.800029361269,4.052371383497383,0.0,0.0,0.0,16000,0,Manual Control,Fabric - Shallow,16000,Fabric - Shallow Manual Control
2552,2023,1,0,9,5,42,20,15,728.8942387137456,2.4732454449272407,48.95738203957382,0.0476624365694901,0.1230612022161482,3800,520,Full Control,Fabric - Low cost,4320,Fabric - Low cost Full Control
2553,2023,1,0,1,5,10,20,15,1169.1003133587544,4.077400027237371,5.652587519025875,0.0055659375428546,0.0329527977121402,3800,60,One Zone Controlled,Fabric - Low cost,3860,Fabric - Low cost One Zone Controlled
2554,2022,0,0,9,10,42,18,13,947.862744829774,1.881508365554936,38.15258751902588,0.0187076108609781,0.0630814205768692,0,520,Full Control,Baseline,520,Baseline Full Control
2555,2022,1,0,4,5,30,18,13,1360.431493340246,2.818546282547554,21.44406392694064,0.0109014932212391,0.0451582063054284,3800,240,Partial Control,Fabric - Low cost,4040,Fabric - Low cost Partial Control
2556,2022,0,0,9,15,30,21,13,1231.2515824936554,2.5580499998222317,49.79261796042618,0.1241401238294264,0.3869233203827027,0,520,Full Control,Baseline,520,Baseline Full Control
2557,2023,2,0,9,10,42,19,13,494.57226173061844,1.6724923197412656,44.43302891933029,0.0796498326947911,0.2738054815776297,16000,520,Full Control,Fabric - Shallow,16520,Fabric - Shallow Full Control
2558,2023,0,0,0,15,30,18,13,911.2699972797924,3.1571794674293896,17.262176560121766,0.853245883644196,2.729894506325168,0,0,Manual Control,Baseline,0,Baseline Manual Control
2559,2023,1,0,0,15,10,19,13,977.4957969881114,3.4156402559697248,18.39041095890411,1.0179222811237625,3.0904595126490504,3800,0,Manual Control,Fabric - Low cost,3800,Fabric - Low cost Manual Control
2560,2023,0,0,9,10,15,21,15,820.8885981405011,2.8112645532719127,52.00532724505327,0.0699301650466732,0.1743024396519897,0,520,Full Control,Baseline,520,Baseline Full Control
2561,2022,2,0,0,5,15,18,15,1916.1657600246067,4.045077928025655,0.0,0.0,0.0,16000,0,Manual Control,Fabric - Shallow,16000,Fabric - Shallow Manual Control
2562,2023,0,0,1,15,30,19,13,852.2065810089624,2.943504598547833,23.76522070015221,1.375880180624349,3.778191257736371,0,60,One Zone Controlled,Baseline,60,Baseline One Zone Controlled
2563,2022,2,0,1,15,15,19,15,1435.853542959257,3.0151609686632828,17.427701674277017,0.5593857052659518,2.0299402517064147,16000,60,One Zone Controlled,Fabric - Shallow,16060,Fabric - Shallow One Zone Controlled
2564,2022,0,0,4,10,10,21,15,1540.6791274920076,3.1971509303761865,42.60464231354643,1.2352993408732376,3.2316678225849023,0,240,Partial Control,Baseline,240,Baseline Partial Control
2565,2023,1,0,4,5,30,18,13,827.2300955181049,2.8395201372760708,20.76674277016743,0.0099893398131403,0.0412353498070912,3800,240,Partial Control,Fabric - Low cost,4040,Fabric - Low cost Partial Control
2566,2023,0,0,9,15,42,21,17,948.2256242011132,3.2412516946629495,49.76027397260274,0.0263282190780063,0.0655989412429014,0,520,Full Control,Baseline,520,Baseline Full Control
2567,2023,1,0,1,15,10,21,13,916.669916440395,3.199975762481623,31.74086757990868,2.2159479520933885,5.285037377695032,3800,60,One Zone Controlled,Fabric - Low cost,3860,Fabric - Low cost One Zone Controlled
2568,2022,1,0,1,10,42,20,17,1493.8964584240653,3.0797582594512605,37.24695585996956,1.1217061572672504,2.751525209883132,3800,60,One Zone Controlled,Fabric - Low cost,3860,Fabric - Low cost One Zone Controlled
2569,2022,1,0,0,5,10,20,15,2050.93515933569,4.327253132495736,0.0019025875190258,1.5203341980966708e-05,0.0034854801308891,3800,0,Manual Control,Fabric - Low cost,3800,Fabric - Low cost Manual Control
2570,2022,0,0,4,15,42,19,17,1479.8399045537258,3.0324028104444363,30.532724505327245,0.6296699926786667,1.5301914754964463,0,240,Partial Control,Baseline,240,Baseline Partial Control
2571,2022,1,0,0,5,10,18,17,2071.559285916023,4.3630439722484535,0.0,0.0,0.0,3800,0,Manual Control,Fabric - Low cost,3800,Fabric - Low cost Manual Control
2572,2023,2,0,1,5,30,19,13,863.7161067403914,2.9915058147939337,4.640410958904109,0.006624774510722,0.0512440763705929,16000,60,One Zone Controlled,Fabric - Shallow,16060,Fabric - Shallow One Zone Controlled
2573,2022,1,0,4,10,15,18,17,1616.1654977313215,3.3411645327349926,23.175418569254187,0.1288677661000715,0.4664606123771349,3800,240,Partial Control,Fabric - Low cost,4040,Fabric - Low cost Partial Control
2574,2022,0,0,0,5,15,21,15,2390.123817801882,5.049573820051226,0.0019025875190258,3.3342140559862712e-06,0.0007643935694415,0,0,Manual Control,Baseline,0,Baseline Manual Control
2575,2022,0,0,4,10,42,19,13,1181.390845077177,2.4260919263241774,36.289954337899545,0.9242598684384128,2.6777541894736205,0,240,Partial Control,Baseline,240,Baseline Partial Control
2576,2022,1,0,9,15,30,18,17,1274.1445864473694,2.583145969165776,34.733637747336374,0.0015123255382184,0.0045989316799535,3800,520,Full Control,Fabric - Low cost,4320,Fabric - Low cost Full Control
2577,2022,0,0,9,10,42,21,13,1231.2515824936554,2.5580499998222317,49.79261796042618,0.1241401238294264,0.3869233203827027,0,520,Full Control,Baseline,520,Baseline Full Control
2578,2022,0,0,0,15,42,18,17,1564.8631773363593,3.220344219241524,18.719558599695585,0.3899680740755261,1.0285403503304995,0,0,Manual Control,Baseline,0,Baseline Manual Control
2579,2022,0,0,9,15,15,20,13,1123.998529890416,2.309435916030157,45.72298325722984,0.0711762613178607,0.2151837274618383,0,520,Full Control,Baseline,520,Baseline Full Control
2580,2023,0,0,1,10,42,20,13,805.2182588491593,2.759990047285113,43.02130898021309,1.6994336050297365,4.4120940013307735,0,60,One Zone Controlled,Baseline,60,Baseline One Zone Controlled
2581,2022,1,0,4,15,42,19,15,1228.549842618797,2.5061567205838604,36.6324200913242,1.0102326223773697,2.572695624482062,3800,240,Partial Control,Fabric - Low cost,4040,Fabric - Low cost Partial Control
2582,2023,0,0,1,15,30,19,15,901.78918187939,3.0990870366463583,23.457001522070016,1.2496397800597665,3.2921075008306286,0,60,One Zone Controlled,Baseline,60,Baseline One Zone Controlled
2583,2023,1,0,1,15,15,21,17,1103.1760955937157,3.844188795465746,28.793759512937594,1.61013333941744,3.842586007349019,3800,60,One Zone Controlled,Fabric - Low cost,3860,Fabric - Low cost One Zone Controlled
2584,2023,0,0,1,5,10,19,13,1200.1526905881371,4.186908486574872,3.4703196347031966,0.0034392608145069,0.0267344004938583,0,60,One Zone Controlled,Baseline,60,Baseline One Zone Controlled
2585,2023,1,0,1,10,15,18,17,1130.9103762702352,3.941340796992061,12.41248097412481,0.1745538572749233,0.6050729737527895,3800,60,One Zone Controlled,Fabric - Low cost,3860,Fabric - Low cost One Zone Controlled
2586,2023,1,0,9,15,15,18,17,766.994517153551,2.575183382707774,34.332191780821915,0.0014199208486211,0.0044726597493175,3800,520,Full Control,Fabric - Low cost,4320,Fabric - Low cost Full Control
2587,2022,2,0,4,15,42,21,13,1006.6160210165402,2.093989507243205,57.00722983257231,2.4560031515906764,4.273781433253891,16000,240,Partial Control,Fabric - Shallow,16240,Fabric - Shallow Partial Control
2588,2023,0,0,9,15,10,19,13,616.8508799915984,2.0783084307124553,43.71765601217656,0.0366072066049408,0.1097423081625162,0,520,Full Control,Baseline,520,Baseline Full Control
2589,2023,1,0,0,10,42,19,13,815.492169702498,2.799984613449676,18.82420091324201,1.2071044974452283,3.448624827702842,3800,0,Manual Control,Fabric - Low cost,3800,Fabric - Low cost Manual Control
2590,2023,0,0,9,15,10,21,17,948.2256242011132,3.2412516946629495,49.76027397260274,0.0263282190780063,0.0655989412429014,0,520,Full Control,Baseline,520,Baseline Full Control
2591,2023,0,0,9,10,42,18,17,807.3059220550748,2.7101445703606633,34.24657534246575,0.0013781256800595,0.0043928712353714,0,520,Full Control,Baseline,520,Baseline Full Control
2592,2023,0,0,4,15,15,18,13,830.297772053413,2.87309947183389,27.9851598173516,0.4814030208555341,1.7215659182008871,0,240,Partial Control,Baseline,240,Baseline Partial Control
2593,2022,0,0,1,15,10,20,15,1627.0470098485393,3.392891462564623,25.949391171993916,1.5575714749848717,4.032460133994933,0,60,One Zone Controlled,Baseline,60,Baseline One Zone Controlled
2594,2022,0,0,9,15,15,20,17,1481.1254950858777,3.0356532424495053,40.07420091324201,0.0059205984468734,0.0211134829259367,0,520,Full Control,Baseline,520,Baseline Full Control
2595,2023,1,0,4,15,10,18,15,811.8468146212788,2.7809734142011657,27.753044140030443,0.4625397509900145,1.4640088748658504,3800,240,Partial Control,Fabric - Low cost,4040,Fabric - Low cost Partial Control
2596,2022,0,0,4,10,15,19,13,1455.5451124855817,3.032002903349578,32.66742770167428,0.5930123613201246,2.024281943691335,0,240,Partial Control,Baseline,240,Baseline Partial Control
2597,2022,2,0,9,10,15,18,13,756.4691197128225,1.50519766687629,39.89535768645357,0.0418281945805325,0.149680366107664,16000,520,Full Control,Fabric - Shallow,16520,Fabric - Shallow Full Control
2598,2022,0,0,1,5,42,20,17,1707.4112994967818,3.5456934053873788,25.17123287671233,0.0024477902208651,0.0081373560196742,0,60,One Zone Controlled,Baseline,60,Baseline One Zone Controlled
2599,2023,0,0,1,10,10,20,17,1102.4975132077147,3.813861960953096,21.581050228310502,0.9259187936816188,2.485918317015511,0,60,One Zone Controlled,Baseline,60,Baseline One Zone Controlled
2600,2022,0,0,9,15,30,19,15,1188.0144321894252,2.390837618042644,39.60806697108067,0.0141444035774809,0.0457365904729932,0,520,Full Control,Baseline,520,Baseline Full Control
2601,2022,0,0,0,5,30,21,17,1955.4991938660671,4.094291871372764,12.950913242009133,0.0017801076650251,0.0081872812430309,0,0,Manual Control,Baseline,0,Baseline Manual Control
2602,2023,0,0,1,5,30,18,17,1137.7152731487256,3.926405147597568,0.595509893455099,0.0001018424677296,0.0015228531002288,0,60,One Zone Controlled,Baseline,60,Baseline One Zone Controlled
2603,2023,0,0,9,15,10,21,13,746.4714514016232,2.5743351519544757,52.13470319634703,0.1156277174470364,0.341042236097504,0,520,Full Control,Baseline,520,Baseline Full Control
2604,2022,2,0,9,10,30,19,13,827.6007215108874,1.681515942729973,43.203957382039576,0.08700199556344,0.3092952086481293,16000,520,Full Control,Fabric - Shallow,16520,Fabric - Shallow Full Control
2605,2023,0,0,1,15,15,20,15,1073.3732390866862,3.7502286378655136,23.89079147640792,1.3322425678629213,3.62113876711718,0,60,One Zone Controlled,Baseline,60,Baseline One Zone Controlled
2606,2022,2,0,1,15,30,21,15,1201.8714871919776,2.5014410919018406,45.79528158295282,2.151409111145981,4.9276411065625405,16000,60,One Zone Controlled,Fabric - Shallow,16060,Fabric - Shallow One Zone Controlled
2607,2022,1,0,1,10,10,20,13,1561.7442011830292,3.285876847294287,23.40753424657534,1.2090782354419882,3.5134689241354127,3800,60,One Zone Controlled,Fabric - Low cost,3860,Fabric - Low cost One Zone Controlled
2608,2022,2,0,1,15,42,21,13,1044.2346461268976,2.1712531216595345,58.58637747336377,3.365763411565199,5.63264389269124,16000,60,One Zone Controlled,Fabric - Shallow,16060,Fabric - Shallow One Zone Controlled
2609,2022,0,0,9,10,30,21,17,1564.0233816317295,3.217943890621078,47.720700152207,0.0274751903637385,0.0699432444377022,0,520,Full Control,Baseline,520,Baseline Full Control
2610,2023,2,0,4,15,15,18,13,673.6537492421678,2.338250626073654,26.72564687975647,0.3071966322619786,1.3206519761823532,16000,240,Partial Control,Fabric - Shallow,16240,Fabric - Shallow Partial Control
2611,2022,2,0,9,10,42,21,15,1079.9416250645281,2.2317044509924733,50.99505327245053,0.1759273711261098,0.5345365645105068,16000,520,Full Control,Fabric - Shallow,16520,Fabric - Shallow Full Control
2612,2022,1,0,1,10,42,21,13,1276.6399493968863,2.6573737338436403,59.33980213089802,3.122432803085648,5.166635592581805,3800,60,One Zone Controlled,Fabric - Low cost,3860,Fabric - Low cost One Zone Controlled
2613,2022,0,0,0,15,10,20,17,1819.567496980825,3.7876303968890537,22.484779299847798,1.2291728701747249,3.064162093473067,0,0,Manual Control,Baseline,0,Baseline Manual Control
2614,2023,0,0,9,10,42,21,15,820.8885981405011,2.8112645532719127,52.00532724505327,0.0699301650466732,0.1743024396519897,0,520,Full Control,Baseline,520,Baseline Full Control
2615,2022,1,0,1,5,10,21,13,1905.489986793162,4.021826347935358,6.864535768645358,0.0161663097817469,0.1009734240107557,3800,60,One Zone Controlled,Fabric - Low cost,3860,Fabric - Low cost One Zone Controlled
2616,2023,0,0,4,15,30,20,13,772.8134084257786,2.6578808281495387,41.9634703196347,1.46068667023998,3.644031880170492,0,240,Partial Control,Baseline,240,Baseline Partial Control
2617,2023,1,0,4,10,42,19,13,684.8779363141313,2.3317620633291454,37.675038051750384,0.9083227432859812,2.595115163281997,3800,240,Partial Control,Fabric - Low cost,4040,Fabric - Low cost Partial Control
2618,2022,1,0,4,5,10,19,13,1514.8132844031823,3.1654697467743533,24.126712328767123,0.020148781497562,0.0789754011627104,3800,240,Partial Control,Fabric - Low cost,4040,Fabric - Low cost Partial Control
2619,2022,2,0,0,15,42,19,13,1086.8036956462506,2.2617247086355476,22.02435312024353,1.3006019742636417,3.585159657612691,16000,0,Manual Control,Fabric - Shallow,16000,Fabric - Shallow Manual Control
2620,2023,0,0,9,10,15,18,15,668.4332126468987,2.225148487916084,32.73592085235921,0.0022434834055524,0.0101746029419154,0,520,Full Control,Baseline,520,Baseline Full Control
2621,2023,0,0,9,5,30,19,13,616.8508799915984,2.0783084307124553,43.71765601217656,0.0366072066049408,0.1097423081625162,0,520,Full Control,Baseline,520,Baseline Full Control
2622,2022,1,0,0,10,42,21,15,1390.9361573705287,2.8790077231937485,59.71080669710807,3.134761830850114,4.945311098948502,3800,0,Manual Control,Fabric - Low cost,3800,Fabric - Low cost Manual Control
2623,2023,1,0,9,15,10,18,13,536.6601521515096,1.7879662932758387,38.85464231354642,0.0242556688817326,0.0775731027605174,3800,520,Full Control,Fabric - Low cost,4320,Fabric - Low cost Full Control
2624,2023,1,0,9,15,10,19,13,589.6740470185862,1.988946750138833,44.69178082191781,0.0490879252908721,0.1456152689190412,3800,520,Full Control,Fabric - Low cost,4320,Fabric - Low cost Full Control
2625,2023,2,0,0,10,10,18,15,880.8523425638178,3.072758481952351,10.296803652968038,0.2602875164864571,1.1416431230100204,16000,0,Manual Control,Fabric - Shallow,16000,Fabric - Shallow Manual Control
2626,2023,2,0,9,10,42,20,13,548.9870667683531,1.879442541726355,49.33409436834094,0.1590739960207377,0.5408996809549582,16000,520,Full Control,Fabric - Shallow,16520,Fabric - Shallow Full Control
2627,2022,0,0,4,15,42,20,13,1193.116985122904,2.4628903057382967,50.12176560121766,1.6384668727081413,3.9596036281023377,0,240,Partial Control,Baseline,240,Baseline Partial Control
2628,2023,2,0,1,15,15,19,13,846.5663872808536,2.974233400512143,17.890030441400302,0.5695252421180212,2.1604533547767124,16000,60,One Zone Controlled,Fabric - Shallow,16060,Fabric - Shallow One Zone Controlled
2629,2023,2,0,4,5,42,20,15,705.8646611336953,2.413760146064228,46.523972602739725,0.0374113055057428,0.1207632384455641,16000,240,Partial Control,Fabric - Shallow,16240,Fabric - Shallow Partial Control
2630,2022,2,0,4,15,30,20,15,1108.322441115004,2.28696337623757,40.50989345509893,1.125208774522494,2.83977982655062,16000,240,Partial Control,Fabric - Shallow,16240,Fabric - Shallow Partial Control
2631,2023,1,0,1,10,15,19,17,1133.7720545046907,3.950997788091473,15.390030441400304,0.4475108985600121,1.3791832179543069,3800,60,One Zone Controlled,Fabric - Low cost,3860,Fabric - Low cost One Zone Controlled
2632,2022,1,0,9,15,10,20,13,1074.5449777142953,2.2132880623538007,46.58485540334855,0.09680654157865,0.3046019386436109,3800,520,Full Control,Fabric - Low cost,4320,Fabric - Low cost Full Control
2633,2023,1,0,9,5,10,19,15,678.9518953714866,2.2803428489290622,42.96232876712329,0.0198312950370876,0.0572982421021673,3800,520,Full Control,Fabric - Low cost,4320,Fabric - Low cost Full Control
2634,2022,0,0,1,5,15,20,13,2190.1382471638553,4.6240326638980855,4.453957382039573,0.0060913315693221,0.0432064719844338,0,60,One Zone Controlled,Baseline,60,Baseline One Zone Controlled
2635,2023,1,0,4,5,42,18,13,759.6490922885073,2.5871890902128873,21.590563165905632,0.0108867919007332,0.0435655111840072,3800,240,Partial Control,Fabric - Low cost,4040,Fabric - Low cost Partial Control
2636,2023,0,0,0,5,42,19,13,1035.35281379986,3.558873271043901,0.0,0.0,0.0,0,0,Manual Control,Baseline,0,Baseline Manual Control
2637,2022,2,0,1,5,10,20,13,1593.3813294946408,3.35435299704152,5.546042617960426,0.0120830106447287,0.0895124490526986,16000,60,One Zone Controlled,Fabric - Shallow,16060,Fabric - Shallow One Zone Controlled
2638,2022,0,0,1,5,30,19,13,1764.0479915234796,3.7001269797348484,4.193302891933029,0.0045097709174819,0.0323057498938651,0,60,One Zone Controlled,Baseline,60,Baseline One Zone Controlled
2639,2023,1,0,9,5,10,20,17,854.2893959105761,2.901465282398919,44.82496194824962,0.0106837481478997,0.0311190586886323,3800,520,Full Control,Fabric - Low cost,4320,Fabric - Low cost Full Control
2640,2023,1,0,9,15,30,19,17,809.4401534844008,2.730120728082554,35.47945205479452,0.0008727512077135,0.0038161384521279,3800,520,Full Control,Fabric - Low cost,4320,Fabric - Low cost Full Control
2641,2023,2,0,4,15,10,19,13,649.4894392193503,2.2446234463247428,34.092465753424655,0.658910044815473,2.0699426402929486,16000,240,Partial Control,Fabric - Shallow,16240,Fabric - Shallow Partial Control
2642,2023,2,0,1,5,30,20,13,869.5270167180195,3.013687543553113,6.845509893455098,0.013973613448357,0.0947915405901918,16000,60,One Zone Controlled,Fabric - Shallow,16060,Fabric - Shallow One Zone Controlled
2643,2023,1,0,9,5,30,19,13,589.6740470185862,1.988946750138833,44.69178082191781,0.0490879252908721,0.1456152689190412,3800,520,Full Control,Fabric - Low cost,4320,Fabric - Low cost Full Control
2644,2022,1,0,0,10,42,20,17,1518.9579574475435,3.1341075059052157,28.27625570776256,1.179413754574374,2.898916160332454,3800,0,Manual Control,Fabric - Low cost,3800,Fabric - Low cost Manual Control
2645,2023,0,0,4,5,42,20,17,981.2171096091771,3.349235356424845,41.84741248097412,0.0038370080645616,0.0124621904369755,0,240,Partial Control,Baseline,240,Baseline Partial Control
2646,2023,2,0,9,5,42,20,13,548.9870667683531,1.879442541726355,49.33409436834094,0.1590739960207377,0.5408996809549582,16000,520,Full Control,Fabric - Shallow,16520,Fabric - Shallow Full Control
2647,2022,0,0,0,5,42,20,17,1759.27843705521,3.6597223679223005,14.216133942161338,0.0018816922317447,0.0065601893563923,0,0,Manual Control,Baseline,0,Baseline Manual Control
2648,2022,1,0,9,10,42,19,17,1339.6074070667535,2.7303680168944684,34.296042617960424,0.0007601182707056,0.0038197258430859,3800,520,Full Control,Fabric - Low cost,4320,Fabric - Low cost Full Control
2649,2023,2,0,9,10,42,18,15,520.4511999898064,1.7327541643421338,36.25570776255708,0.0099287692797632,0.0351181403769952,16000,520,Full Control,Fabric - Shallow,16520,Fabric - Shallow Full Control
2650,2023,1,0,1,5,30,19,17,1089.4500527225584,3.7627459553402933,0.915144596651446,7.0514809241074e-05,0.0011059459324445,3800,60,One Zone Controlled,Fabric - Low cost,3860,Fabric - Low cost One Zone Controlled
2651,2022,2,0,4,15,30,19,15,1083.321547155678,2.2239876391093456,35.27016742770168,0.7340819902636221,2.077339024977585,16000,240,Partial Control,Fabric - Shallow,16240,Fabric - Shallow Partial Control
2652,2022,0,0,9,5,10,21,13,1231.2515824936554,2.5580499998222317,49.79261796042618,0.1241401238294264,0.3869233203827027,0,520,Full Control,Baseline,520,Baseline Full Control
2653,2023,0,0,1,15,15,19,15,1070.8698114793538,3.7388529377382578,19.807838660578387,0.8608603347876608,2.625214387607583,0,60,One Zone Controlled,Baseline,60,Baseline One Zone Controlled
2654,2022,0,0,1,5,15,21,17,2270.315554571251,4.776418288919526,5.0,0.0033794139547468,0.0183398584298598,0,60,One Zone Controlled,Baseline,60,Baseline One Zone Controlled
2655,2023,0,0,4,15,10,18,17,958.2685796966002,3.279381602996232,24.764079147640796,0.2078995551727563,0.6228223397395335,0,240,Partial Control,Baseline,240,Baseline Partial Control
2656,2023,1,0,9,5,42,21,17,903.5862004195255,3.090935807848471,51.52016742770168,0.0374578526297002,0.0887261942349276,3800,520,Full Control,Fabric - Low cost,4320,Fabric - Low cost Full Control
2657,2023,0,0,4,5,30,21,13,946.737586738375,3.277327006603672,51.09969558599696,0.0509729352414087,0.1683434442703751,0,240,Partial Control,Baseline,240,Baseline Partial Control
2658,2022,0,0,0,15,42,19,15,1406.3897890853434,2.9015041464728664,22.84246575342465,1.4702218815286927,3.728866958590948,0,0,Manual Control,Baseline,0,Baseline Manual Control
2659,2022,0,0,0,5,10,21,15,2146.5435999515485,4.52416081854268,0.0038051750380517,9.555592157063929e-06,0.0018669000387101,0,0,Manual Control,Baseline,0,Baseline Manual Control
2660,2022,2,0,9,5,15,19,15,938.328438499092,1.8898271729460951,42.43150684931507,0.0347154738479955,0.1098746020348765,16000,520,Full Control,Fabric - Shallow,16520,Fabric - Shallow Full Control
2661,2022,0,0,0,5,42,21,13,1690.9958464619508,3.5321939963340387,59.47298325722983,1.5212335848380778,1.6844527789391692,0,0,Manual Control,Baseline,0,Baseline Manual Control
2662,2022,1,0,9,5,10,21,17,1489.6572953555358,3.068767476500286,49.37024353120243,0.03905219624427,0.0970727262292254,3800,520,Full Control,Fabric - Low cost,4320,Fabric - Low cost Full Control
2663,2023,0,0,9,5,30,18,17,807.3059220550748,2.7101445703606633,34.24657534246575,0.0013781256800595,0.0043928712353714,0,520,Full Control,Baseline,520,Baseline Full Control
2664,2022,1,0,9,5,15,19,13,983.7579953821404,1.9948856703461635,42.81202435312024,0.0526813622605301,0.1629748715636403,3800,520,Full Control,Fabric - Low cost,4320,Fabric - Low cost Full Control
2665,2023,2,0,1,15,30,21,15,727.9510471731359,2.5129950816763666,48.14497716894977,2.164479072712475,4.894753526566095,16000,60,One Zone Controlled,Fabric - Shallow,16060,Fabric - Shallow One Zone Controlled
2666,2022,2,0,9,15,42,20,13,910.5288069897448,1.8797087412292748,46.84170471841705,0.1695475738404895,0.5916363804908522,16000,520,Full Control,Fabric - Shallow,16520,Fabric - Shallow Full Control
2667,2023,0,0,0,5,10,20,17,1325.071689072779,4.621137838626435,0.0,0.0,0.0,0,0,Manual Control,Baseline,0,Baseline Manual Control
2668,2023,1,0,9,5,42,21,13,715.7748219346186,2.47191390685231,53.11834094368341,0.1635952853235133,0.5021388083254766,3800,520,Full Control,Fabric - Low cost,4320,Fabric - Low cost Full Control
2669,2022,0,0,1,5,10,20,13,1976.2989817847943,4.1640416746328475,4.992389649923896,0.0072279308022917,0.0487241403065996,0,60,One Zone Controlled,Baseline,60,Baseline One Zone Controlled
2670,2022,2,0,1,10,42,19,15,1121.7491312611485,2.3099729824713116,22.680745814307457,0.908672080388858,2.6015571903378065,16000,60,One Zone Controlled,Fabric - Shallow,16060,Fabric - Shallow One Zone Controlled
2671,2022,1,0,1,5,30,21,13,1711.0852289678792,3.599622340538227,32.3382800608828,0.0211977179163271,0.1152661342503281,3800,60,One Zone Controlled,Fabric - Low cost,3860,Fabric - Low cost One Zone Controlled
2672,2022,0,0,1,15,15,19,15,1770.8223801566928,3.7044438246850113,19.55289193302892,0.855307876741513,2.6727998295984308,0,60,One Zone Controlled,Baseline,60,Baseline One Zone Controlled
2673,2022,2,0,0,15,42,18,15,1121.8751971456736,2.320127528753763,17.26978691019787,0.697329956507879,2.1445610588858783,16000,0,Manual Control,Fabric - Shallow,16000,Fabric - Shallow Manual Control
2674,2023,1,0,4,15,15,18,17,957.6903805854278,3.2978005168335702,23.681506849315067,0.1678491893036164,0.5488177216428122,3800,240,Partial Control,Fabric - Low cost,4040,Fabric - Low cost Partial Control
2675,2022,0,0,0,15,30,18,15,1545.4924285353525,3.219720101343647,16.643835616438356,0.7338402114904228,2.276625302230357,0,0,Manual Control,Baseline,0,Baseline Manual Control
2676,2023,0,0,9,10,15,19,15,712.0529807339085,2.3903322160719176,41.289954337899545,0.0132798245345634,0.0422792093001361,0,520,Full Control,Baseline,520,Baseline Full Control
2677,2023,1,0,1,15,10,21,15,949.3366462493968,3.2989990410400267,31.567732115677323,2.14078663228823,5.016560722242117,3800,60,One Zone Controlled,Fabric - Low cost,3860,Fabric - Low cost One Zone Controlled
2678,2022,2,0,9,15,42,18,15,879.9887712456898,1.7448923029257886,36.96727549467276,0.0108758840284735,0.0390792366792517,16000,520,Full Control,Fabric - Shallow,16520,Fabric - Shallow Full Control
2679,2023,1,0,0,10,30,20,15,938.4633102435945,3.2434556529896,20.856164383561644,1.3573385221789636,3.650961154666168,3800,0,Manual Control,Fabric - Low cost,3800,Fabric - Low cost Manual Control
2680,2022,0,0,0,10,30,19,17,1729.4079617548643,3.587140604648133,17.631278538812786,0.6113850416458266,1.7039478902390632,0,0,Manual Control,Baseline,0,Baseline Manual Control
2681,2022,2,0,4,10,15,18,13,1156.1948434480903,2.4049754472753,27.022450532724505,0.2497874394827723,1.1384439453863495,16000,240,Partial Control,Fabric - Shallow,16240,Fabric - Shallow Partial Control
2682,2023,0,0,1,10,42,21,15,859.6682183754639,2.93622692362122,62.07001522070015,3.071475945752799,4.782276262681038,0,60,One Zone Controlled,Baseline,60,Baseline One Zone Controlled
2683,2022,1,0,1,5,15,18,17,2153.9090211968437,4.531088679501908,0.6925418569254186,0.0001339258469336,0.0019814812660423,3800,60,One Zone Controlled,Fabric - Low cost,3860,Fabric - Low cost One Zone Controlled
2684,2023,0,0,9,10,10,20,13,678.5373559116488,2.314051515516664,48.4855403348554,0.0663639823011169,0.1916208495469374,0,520,Full Control,Baseline,520,Baseline Full Control
2685,2022,2,0,1,5,15,19,13,1759.503960005973,3.7093405825450048,3.2267884322678846,0.0044945226691829,0.0417263401870872,16000,60,One Zone Controlled,Fabric - Shallow,16060,Fabric - Shallow One Zone Controlled
2686,2023,1,0,4,10,30,21,17,944.1848452137316,3.238554584982994,54.8230593607306,1.1063091824139994,2.6913208951245093,3800,240,Partial Control,Fabric - Low cost,4040,Fabric - Low cost Partial Control
2687,2022,1,0,1,15,10,20,15,1559.0361329313612,3.256027985666187,26.1472602739726,1.5052998554739645,3.918833503477532,3800,60,One Zone Controlled,Fabric - Low cost,3860,Fabric - Low cost One Zone Controlled
2688,2022,1,0,9,5,30,19,15,1132.7487184890956,2.2820355305532183,41.33751902587519,0.0208552052181949,0.0620368653954772,3800,520,Full Control,Fabric - Low cost,4320,Fabric - Low cost Full Control
2689,2023,1,0,9,10,15,21,13,715.7748219346186,2.47191390685231,53.11834094368341,0.1635952853235133,0.5021388083254766,3800,520,Full Control,Fabric - Low cost,4320,Fabric - Low cost Full Control
2690,2022,0,0,9,5,42,21,15,1361.049105389866,2.798358141735806,49.71080669710807,0.0726944242123788,0.1905201658751067,0,520,Full Control,Baseline,520,Baseline Full Control
2691,2022,2,0,0,10,30,19,13,1283.1699503240256,2.689740220113747,16.440258751902586,0.7550635440040891,2.499280867930916,16000,0,Manual Control,Fabric - Shallow,16000,Fabric - Shallow Manual Control
2692,2023,2,0,1,15,10,19,15,793.4286008521287,2.7559913665554783,20.36910197869102,0.7314975643604863,2.3168024883861573,16000,60,One Zone Controlled,Fabric - Shallow,16060,Fabric - Shallow One Zone Controlled
2693,2023,1,0,1,5,30,18,13,1028.7290054933017,3.562869038324819,3.0783866057838662,0.0024499732005186,0.0195750695145135,3800,60,One Zone Controlled,Fabric - Low cost,3860,Fabric - Low cost One Zone Controlled
2694,2023,1,0,4,15,42,18,13,646.5155809923622,2.1914057114833203,32.75684931506849,0.8091781222929864,2.337166937821195,3800,240,Partial Control,Fabric - Low cost,4040,Fabric - Low cost Partial Control
2695,2022,0,0,1,10,15,20,15,1845.9211451360652,3.8696993780240128,21.267123287671232,1.005613582935022,3.014661767019453,0,60,One Zone Controlled,Baseline,60,Baseline One Zone Controlled
2696,2022,2,0,4,5,30,19,13,1175.0502238386302,2.443670583336085,25.340563165905632,0.0319330433717466,0.1394813625422786,16000,240,Partial Control,Fabric - Shallow,16240,Fabric - Shallow Partial Control
2697,2023,0,0,0,5,30,18,13,1169.3248504717951,4.054075332938465,0.0,0.0,0.0,0,0,Manual Control,Baseline,0,Baseline Manual Control
2698,2022,0,0,9,15,10,21,17,1564.0233816317295,3.217943890621078,47.720700152207,0.0274751903637385,0.0699432444377022,0,520,Full Control,Baseline,520,Baseline Full Control
2699,2022,1,0,1,15,10,21,17,1696.1996285445564,3.5264357866357248,29.977168949771688,1.798699707261294,4.086778106856957,3800,60,One Zone Controlled,Fabric - Low cost,3860,Fabric - Low cost One Zone Controlled
2700,2023,0,0,0,10,10,18,17,1141.6830295936252,3.961072782258876,12.85007610350076,0.2136764672725031,0.6985793182435404,0,0,Manual Control,Baseline,0,Baseline Manual Control
2701,2023,0,0,9,10,30,19,13,616.8508799915984,2.0783084307124553,43.71765601217656,0.0366072066049408,0.1097423081625162,0,520,Full Control,Baseline,520,Baseline Full Control
2702,2023,2,0,0,10,30,21,15,790.0119883864397,2.7325458833643177,34.51674277016743,1.659075392835288,4.169704106411093,16000,0,Manual Control,Fabric - Shallow,16000,Fabric - Shallow Manual Control
2703,2023,0,0,9,10,10,18,13,561.5661884915917,1.8695547949679265,37.62937595129376,0.017212287678914,0.0584673070854036,0,520,Full Control,Baseline,520,Baseline Full Control
2704,2023,2,0,1,10,42,20,13,653.6972159835587,2.2428329772362754,43.64916286149163,1.4410821108463914,3.784214180991621,16000,60,One Zone Controlled,Fabric - Shallow,16060,Fabric - Shallow One Zone Controlled
2705,2023,0,0,4,10,30,21,13,823.0258798933003,2.842565816872398,56.05593607305936,1.4829841653140825,3.74217143302214,0,240,Partial Control,Baseline,240,Baseline Partial Control
2706,2022,1,0,0,10,15,20,13,1874.4027570770909,3.964553833720934,17.210806697108065,0.970798553802444,3.085385379230145,3800,0,Manual Control,Fabric - Low cost,3800,Fabric - Low cost Manual Control
2707,2023,0,0,1,10,10,18,15,1017.6356146439508,3.528156539373475,14.958143074581432,0.4779583682754714,1.639108212299809,0,60,One Zone Controlled,Baseline,60,Baseline One Zone Controlled
2708,2023,2,0,4,10,10,19,15,709.2850766591885,2.439522462815732,33.36948249619483,0.4712853598654402,1.536271215977077,16000,240,Partial Control,Fabric - Shallow,16240,Fabric - Shallow Partial Control
2709,2023,0,0,1,10,10,21,17,1105.429714845199,3.8259087495795034,27.52473363774733,1.392675457904338,3.4724056048767884,0,60,One Zone Controlled,Baseline,60,Baseline One Zone Controlled
2710,2023,0,0,1,15,15,18,13,1029.5850647373059,3.6081987860552656,15.951293759512938,0.5444354181581659,2.0904118967031966,0,60,One Zone Controlled,Baseline,60,Baseline One Zone Controlled
2711,2022,0,0,4,5,15,21,17,1975.4714986068568,4.126516963276617,26.74657534246576,0.0124677918205578,0.0390643708718124,0,240,Partial Control,Baseline,240,Baseline Partial Control
2712,2022,0,0,1,5,10,19,13,1966.1340457375677,4.139332168552608,3.576864535768645,0.0037613511184007,0.0283221370911117,0,60,One Zone Controlled,Baseline,60,Baseline One Zone Controlled
2713,2022,2,0,0,10,30,20,13,1283.1699503240256,2.689740220113747,19.81735159817352,1.1821085518249712,3.3961299920983774,16000,0,Manual Control,Fabric - Shallow,16000,Fabric - Shallow Manual Control
2714,2022,1,0,1,15,30,20,15,1428.1207132666923,2.9648919752090652,27.975646879756468,1.7619546019150083,4.310237789306729,3800,60,One Zone Controlled,Fabric - Low cost,3860,Fabric - Low cost One Zone Controlled
2715,2022,1,0,4,10,10,20,15,1436.5421228233959,2.976004172369772,38.61491628614917,0.8813476525776981,2.4878925067318662,3800,240,Partial Control,Fabric - Low cost,4040,Fabric - Low cost Partial Control
2716,2022,1,0,1,5,10,18,17,1958.720973840449,4.109510356806506,0.5707762557077625,0.000124810056017,0.0019063393274663,3800,60,One Zone Controlled,Fabric - Low cost,3860,Fabric - Low cost One Zone Controlled
2717,2022,1,0,9,10,15,21,17,1489.6572953555358,3.068767476500286,49.37024353120243,0.03905219624427,0.0970727262292254,3800,520,Full Control,Fabric - Low cost,4320,Fabric - Low cost Full Control
2718,2022,2,0,4,15,15,19,13,1148.5345270736407,2.401499767424371,32.19178082191781,0.5431310445292494,1.8955678344107056,16000,240,Partial Control,Fabric - Shallow,16240,Fabric - Shallow Partial Control
2719,2023,0,0,0,10,30,21,15,980.6247506272769,3.386567095137308,32.56849315068493,1.9357792809956635,4.777040551109617,0,0,Manual Control,Baseline,0,Baseline Manual Control
2720,2023,0,0,0,5,10,19,17,1325.071689072779,4.621137838626435,0.0,0.0,0.0,0,0,Manual Control,Baseline,0,Baseline Manual Control
2721,2022,1,0,0,10,42,19,15,1390.9361573705287,2.8790077231937485,19.19710806697108,1.0795731781976772,3.0073979338752146,3800,0,Manual Control,Fabric - Low cost,3800,Fabric - Low cost Manual Control
2722,2023,1,0,9,10,15,20,13,649.7242095620795,2.218521505835328,49.393074581430746,0.0898898197526876,0.2690887219275529,3800,520,Full Control,Fabric - Low cost,4320,Fabric - Low cost Full Control
2723,2023,1,0,9,5,10,21,15,782.752168270172,2.684123433060415,53.04794520547945,0.0943561925207818,0.2415177189167528,3800,520,Full Control,Fabric - Low cost,4320,Fabric - Low cost Full Control
2724,2023,0,0,9,10,15,20,13,678.5373559116488,2.314051515516664,48.4855403348554,0.0663639823011169,0.1916208495469374,0,520,Full Control,Baseline,520,Baseline Full Control
2725,2023,0,0,9,15,30,20,17,898.6416013023711,3.0508139763024302,42.02625570776256,0.0054222004976782,0.0188643366029278,0,520,Full Control,Baseline,520,Baseline Full Control
2726,2023,2,0,4,10,15,21,15,793.2228958046326,2.762985496244416,43.27625570776256,0.931638707249982,2.5409789156170555,16000,240,Partial Control,Fabric - Shallow,16240,Fabric - Shallow Partial Control
2727,2022,2,0,1,15,42,21,15,1097.6127051010903,2.2635712609456013,58.59969558599696,3.255474006497523,5.292218357231604,16000,60,One Zone Controlled,Fabric - Shallow,16060,Fabric - Shallow One Zone Controlled
2728,2022,1,0,0,15,10,18,15,1633.0961925097542,3.4299639411542024,13.955479452054794,0.5376743246609073,1.87528775899454,3800,0,Manual Control,Fabric - Low cost,3800,Fabric - Low cost Manual Control
2729,2022,0,0,1,10,30,20,17,1684.7129316324706,3.488063154628921,22.964231354642315,1.0257405732174236,2.6221391506741063,0,60,One Zone Controlled,Baseline,60,Baseline One Zone Controlled
2730,2022,1,0,9,10,15,18,17,1274.1445864473694,2.583145969165776,34.733637747336374,0.0015123255382184,0.0045989316799535,3800,520,Full Control,Fabric - Low cost,4320,Fabric - Low cost Full Control
2731,2023,1,0,9,15,10,20,13,649.7242095620795,2.218521505835328,49.393074581430746,0.0898898197526876,0.2690887219275529,3800,520,Full Control,Fabric - Low cost,4320,Fabric - Low cost Full Control
2732,2022,2,0,9,5,42,18,15,879.9887712456898,1.7448923029257886,36.96727549467276,0.0108758840284735,0.0390792366792517,16000,520,Full Control,Fabric - Shallow,16520,Fabric - Shallow Full Control
2733,2023,1,0,1,10,30,20,17,977.4814576371454,3.3587009217547323,24.76788432267884,1.0200850588906214,2.616134827207772,3800,60,One Zone Controlled,Fabric - Low cost,3860,Fabric - Low cost One Zone Controlled
2734,2023,0,0,0,5,30,19,15,1173.5771469885947,4.066675746104111,0.0,0.0,0.0,0,0,Manual Control,Baseline,0,Baseline Manual Control
2735,2023,2,0,9,5,10,21,15,650.3338952323685,2.236596278482775,53.18683409436834,0.1672017282474389,0.4894574641898284,16000,520,Full Control,Fabric - Shallow,16520,Fabric - Shallow Full Control
2736,2022,0,0,0,10,42,18,15,1456.774362339492,3.0107365757198505,16.291856925418568,0.6867273621782407,2.110220153779025,0,0,Manual Control,Baseline,0,Baseline Manual Control
2737,2023,1,0,4,10,42,20,15,774.17706769641,2.6348127426841494,52.094748858447495,1.120754084905682,2.8963958486764416,3800,240,Partial Control,Fabric - Low cost,4040,Fabric - Low cost Partial Control
2738,2022,1,0,9,5,15,18,15,1064.7911137474985,2.1163964656928336,35.72108066971081,0.0053270032062273,0.0204552823778338,3800,520,Full Control,Fabric - Low cost,4320,Fabric - Low cost Full Control
2739,2023,1,0,9,15,30,21,15,782.752168270172,2.684123433060415,53.04794520547945,0.0943561925207818,0.2415177189167528,3800,520,Full Control,Fabric - Low cost,4320,Fabric - Low cost Full Control
2740,2023,1,0,1,10,42,21,15,821.1260785742354,2.806964604386185,62.11377473363775,3.042565416781208,4.721020643989591,3800,60,One Zone Controlled,Fabric - Low cost,3860,Fabric - Low cost One Zone Controlled
2741,2023,2,0,0,5,42,19,15,825.3623708668125,2.836067250687044,0.0,0.0,0.0,16000,0,Manual Control,Fabric - Shallow,16000,Fabric - Shallow Manual Control
2742,2023,0,0,1,10,42,18,17,944.9958039658172,3.218316110893408,16.341324200913242,0.2911875011014411,0.8206304174524345,0,60,One Zone Controlled,Baseline,60,Baseline One Zone Controlled
2743,2023,2,0,4,5,30,21,15,782.9109825611068,2.705350739985736,50.9037290715373,0.0724702083801921,0.2416549600171281,16000,240,Partial Control,Fabric - Shallow,16240,Fabric - Shallow Partial Control
2744,2022,1,0,9,10,15,19,15,1132.7487184890956,2.2820355305532183,41.33751902587519,0.0208552052181949,0.0620368653954772,3800,520,Full Control,Fabric - Low cost,4320,Fabric - Low cost Full Control
2745,2022,1,0,1,10,10,19,13,1553.2284526310343,3.264257165884349,19.619482496194827,0.8187402863927665,2.681149252026717,3800,60,One Zone Controlled,Fabric - Low cost,3860,Fabric - Low cost One Zone Controlled
2746,2023,0,0,9,15,42,21,13,746.4714514016232,2.5743351519544757,52.13470319634703,0.1156277174470364,0.341042236097504,0,520,Full Control,Baseline,520,Baseline Full Control
2747,2023,0,0,4,15,10,19,17,977.8000820516486,3.350262553953086,28.283866057838654,0.5095500036268781,1.3634897342581531,0,240,Partial Control,Baseline,240,Baseline Partial Control
2748,2022,1,0,9,5,10,20,15,1210.5931297950544,2.46891859392298,46.24048706240488,0.0495627359370685,0.1346703313640259,3800,520,Full Control,Fabric - Low cost,4320,Fabric - Low cost Full Control
2749,2023,1,0,9,10,30,20,13,649.7242095620795,2.218521505835328,49.393074581430746,0.0898898197526876,0.2690887219275529,3800,520,Full Control,Fabric - Low cost,4320,Fabric - Low cost Full Control
2750,2022,1,0,9,10,10,21,13,1178.7411620119742,2.455405640576998,50.681126331811264,0.1738123602878852,0.5590947470600487,3800,520,Full Control,Fabric - Low cost,4320,Fabric - Low cost Full Control
2751,2023,0,0,4,10,42,18,13,691.5601200880042,2.343368360945572,31.27092846270929,0.6475541866094038,2.0270370500315704,0,240,Partial Control,Baseline,240,Baseline Partial Control
2752,2023,1,0,1,5,42,18,13,917.6329254578711,3.1503308150879397,3.761415525114156,0.0029366165814101,0.0220683237500235,3800,60,One Zone Controlled,Fabric - Low cost,3860,Fabric - Low cost One Zone Controlled
2753,2022,1,0,9,15,42,20,13,1074.5449777142953,2.2132880623538007,46.58485540334855,0.09680654157865,0.3046019386436109,3800,520,Full Control,Fabric - Low cost,4320,Fabric - Low cost Full Control
2754,2022,0,0,9,5,42,18,15,1120.06559151212,2.2246502399099044,33.64345509893455,0.0025232808482777,0.0114717608929531,0,520,Full Control,Baseline,520,Baseline Full Control
2755,2023,1,0,0,15,42,19,17,904.5915708817868,3.084728415815921,22.484779299847798,0.9395942747986796,2.2385985629874505,3800,0,Manual Control,Fabric - Low cost,3800,Fabric - Low cost Manual Control
2756,2023,0,0,1,5,30,21,15,1109.1594101928529,3.8397140720980127,32.614155251141554,0.0122592853494405,0.054144112889514,0,60,One Zone Controlled,Baseline,60,Baseline One Zone Controlled
2757,2023,0,0,9,15,10,20,15,764.3504305065494,2.5908900881679897,47.720700152207,0.0350253088436911,0.0925487643206113,0,520,Full Control,Baseline,520,Baseline Full Control
2758,2022,0,0,9,15,42,18,15,1120.06559151212,2.2246502399099044,33.64345509893455,0.0025232808482777,0.0114717608929531,0,520,Full Control,Baseline,520,Baseline Full Control
2759,2023,2,0,0,15,10,20,15,840.6246067867941,2.9335557725465122,20.79528158295281,1.165784730089814,3.2437380423003668,16000,0,Manual Control,Fabric - Shallow,16000,Fabric - Shallow Manual Control
2760,2023,0,0,9,10,10,19,17,849.526790532914,2.8647228807368483,35.728691019786915,0.000809440764681,0.0034508955226229,0,520,Full Control,Baseline,520,Baseline Full Control
2761,2022,1,0,4,15,42,18,17,1378.4031890657936,2.821476909664685,27.458143074581432,0.2596393441441683,0.7007048329850815,3800,240,Partial Control,Fabric - Low cost,4040,Fabric - Low cost Partial Control
2762,2022,2,0,9,5,30,21,13,1002.170311024158,2.093371827757312,51.01978691019787,0.3096963698029339,1.0188116869318231,16000,520,Full Control,Fabric - Shallow,16520,Fabric - Shallow Full Control
2763,2022,0,0,4,10,10,19,13,1357.2512732669495,2.8179411093954827,33.82800608828006,0.6950478761553192,2.2340935135486086,0,240,Partial Control,Baseline,240,Baseline Partial Control
2764,2023,2,0,0,10,10,18,13,875.3045327762511,3.0565722902029098,10.298706240487062,0.2825934570053334,1.3075788220963989,16000,0,Manual Control,Fabric - Shallow,16000,Fabric - Shallow Manual Control
2765,2023,0,0,4,15,10,21,13,853.8288279868867,2.9654683140237585,45.403348554033485,1.7300583673117045,4.127230029345129,0,240,Partial Control,Baseline,240,Baseline Partial Control
2766,2022,2,0,0,15,15,21,13,1521.5757377338157,3.2218500581694407,22.97184170471842,1.456614155041856,3.9864422398034383,16000,0,Manual Control,Fabric - Shallow,16000,Fabric - Shallow Manual Control
2767,2022,0,0,0,5,30,21,15,1916.5478308141453,4.023073866070681,13.179223744292235,0.0020382105601822,0.0155085077677912,0,0,Manual Control,Baseline,0,Baseline Manual Control
2768,2023,0,0,0,10,10,18,15,1085.8442682159941,3.782726088187797,13.114535768645355,0.4466957860217201,1.592977998593688,0,0,Manual Control,Baseline,0,Baseline Manual Control
2769,2023,2,0,0,5,10,19,13,1043.7071427567018,3.646819044564388,0.0,0.0,0.0,16000,0,Manual Control,Fabric - Shallow,16000,Fabric - Shallow Manual Control
2770,2022,1,0,1,10,15,18,13,1707.738015772481,3.598666146628423,13.706240487062404,0.3956461186558757,1.6797126307493455,3800,60,One Zone Controlled,Fabric - Low cost,3860,Fabric - Low cost One Zone Controlled
2771,2023,1,0,4,15,15,20,17,994.7395231737556,3.435895399587448,36.27473363774734,0.7773409509147425,2.014798805562279,3800,240,Partial Control,Fabric - Low cost,4040,Fabric - Low cost Partial Control
2772,2023,2,0,4,15,30,21,13,652.1010777822405,2.2583780121803647,55.73630136986301,1.7269236046434429,3.9417922635658655,16000,240,Partial Control,Fabric - Shallow,16240,Fabric - Shallow Partial Control
2773,2022,2,0,9,15,10,18,13,756.4691197128225,1.50519766687629,39.89535768645357,0.0418281945805325,0.149680366107664,16000,520,Full Control,Fabric - Shallow,16520,Fabric - Shallow Full Control
2774,2023,0,0,9,15,30,19,13,616.8508799915984,2.0783084307124553,43.71765601217656,0.0366072066049408,0.1097423081625162,0,520,Full Control,Baseline,520,Baseline Full Control
2775,2023,1,0,9,5,10,19,13,589.6740470185862,1.988946750138833,44.69178082191781,0.0490879252908721,0.1456152689190412,3800,520,Full Control,Fabric - Low cost,4320,Fabric - Low cost Full Control
2776,2023,0,0,9,5,42,19,15,712.0529807339085,2.3903322160719176,41.289954337899545,0.0132798245345634,0.0422792093001361,0,520,Full Control,Baseline,520,Baseline Full Control
2777,2023,1,0,1,15,42,20,13,742.1430304094614,2.5449992087151725,44.81544901065449,2.2171992881671674,5.225555535387627,3800,60,One Zone Controlled,Fabric - Low cost,3860,Fabric - Low cost One Zone Controlled
2778,2023,2,0,1,5,15,20,15,1075.0551097708424,3.774098662145845,4.697488584474885,0.0061491789382672,0.0430155278357833,16000,60,One Zone Controlled,Fabric - Shallow,16060,Fabric - Shallow One Zone Controlled
2779,2022,0,0,4,15,30,20,13,1272.082711285311,2.6409992668994304,40.37861491628615,1.4506655460611269,3.6581482637116154,0,240,Partial Control,Baseline,240,Baseline Partial Control
2780,2022,2,0,0,5,30,18,15,1531.0640488512886,3.2116913096971826,0.0,0.0,0.0,16000,0,Manual Control,Fabric - Shallow,16000,Fabric - Shallow Manual Control
2781,2023,1,0,9,10,10,20,17,854.2893959105761,2.901465282398919,44.82496194824962,0.0106837481478997,0.0311190586886323,3800,520,Full Control,Fabric - Low cost,4320,Fabric - Low cost Full Control
2782,2022,1,0,4,5,15,20,17,1852.187782274128,3.8673996729908,22.106164383561644,0.0052543056245439,0.0193091902917717,3800,240,Partial Control,Fabric - Low cost,4040,Fabric - Low cost Partial Control
2783,2023,1,0,1,5,15,21,15,1292.971819018461,4.541555715978855,6.478310502283105,0.0095964272187025,0.0548908388924313,3800,60,One Zone Controlled,Fabric - Low cost,3860,Fabric - Low cost One Zone Controlled
2784,2023,0,0,1,15,42,19,13,768.1058420689592,2.62877312602044,26.059741248097414,1.6409689864368744,4.237652538829662,0,60,One Zone Controlled,Baseline,60,Baseline One Zone Controlled
2785,2022,2,0,0,10,15,21,15,1611.3273133730163,3.400172139932961,19.296042617960428,1.0898025292328843,3.1900501180162557,16000,0,Manual Control,Fabric - Shallow,16000,Fabric - Shallow Manual Control
2786,2022,0,0,0,10,42,19,13,1393.200796679366,2.8994415119634005,19.2351598173516,1.2464331696631274,3.594526046463175,0,0,Manual Control,Baseline,0,Baseline Manual Control
2787,2023,1,0,1,10,42,18,13,761.9602559563522,2.607745845673508,19.19330289193303,0.8098315639814436,2.533081775070196,3800,60,One Zone Controlled,Fabric - Low cost,3860,Fabric - Low cost One Zone Controlled
2788,2023,1,0,4,15,15,19,17,976.963743339997,3.367428087155561,27.237442922374427,0.4272981076897919,1.221213524232796,3800,240,Partial Control,Fabric - Low cost,4040,Fabric - Low cost Partial Control
2789,2023,0,0,9,15,15,20,17,898.6416013023711,3.0508139763024302,42.02625570776256,0.0054222004976782,0.0188643366029278,0,520,Full Control,Baseline,520,Baseline Full Control
2790,2023,0,0,4,10,15,20,17,1062.749497275242,3.6701219423891223,33.53310502283105,0.6145167186630178,1.7493040275589258,0,240,Partial Control,Baseline,240,Baseline Partial Control
2791,2023,1,0,1,15,30,19,13,819.1715908188997,2.831313950969197,23.982115677321158,1.3169663785169037,3.638777128608467,3800,60,One Zone Controlled,Fabric - Low cost,3860,Fabric - Low cost One Zone Controlled
2792,2022,1,0,4,5,15,19,13,1640.8104928383566,3.437370906072855,23.542617960426178,0.0184972656021711,0.0743637968525403,3800,240,Partial Control,Fabric - Low cost,4040,Fabric - Low cost Partial Control
2793,2023,0,0,4,10,15,21,13,936.5586738633162,3.2692933002878206,43.10502283105023,1.178837156475958,3.207170512891492,0,240,Partial Control,Baseline,240,Baseline Partial Control
2794,2023,2,0,9,5,42,18,15,520.4511999898064,1.7327541643421338,36.25570776255708,0.0099287692797632,0.0351181403769952,16000,520,Full Control,Fabric - Shallow,16520,Fabric - Shallow Full Control
2795,2022,0,0,9,15,42,21,17,1564.0233816317295,3.217943890621078,47.720700152207,0.0274751903637385,0.0699432444377022,0,520,Full Control,Baseline,520,Baseline Full Control
2796,2022,0,0,4,10,15,21,15,1632.255997552653,3.3982802614279,41.32420091324201,1.1090383799316554,3.013331471739589,0,240,Partial Control,Baseline,240,Baseline Partial Control
2797,2022,0,0,1,10,42,20,13,1320.8469697679852,2.741895417020092,40.72298325722984,1.6911671012754803,4.44302628554458,0,60,One Zone Controlled,Baseline,60,Baseline One Zone Controlled
2798,2023,1,0,9,10,10,19,13,589.6740470185862,1.988946750138833,44.69178082191781,0.0490879252908721,0.1456152689190412,3800,520,Full Control,Fabric - Low cost,4320,Fabric - Low cost Full Control
2799,2022,0,0,9,15,10,19,13,1030.3874282782822,2.0850983631431212,41.75228310502283,0.0391124846490885,0.1201912359935138,0,520,Full Control,Baseline,520,Baseline Full Control
2800,2023,1,0,9,10,30,20,15,728.8942387137456,2.4732454449272407,48.95738203957382,0.0476624365694901,0.1230612022161482,3800,520,Full Control,Fabric - Low cost,4320,Fabric - Low cost Full Control
2801,2022,0,0,1,5,30,20,13,1774.530579033872,3.725594718227197,5.582191780821918,0.0084952069413064,0.0549634217645174,0,60,One Zone Controlled,Baseline,60,Baseline One Zone Controlled
2802,2023,0,0,0,15,30,18,17,1023.5418355933975,3.517440754458675,16.86834094368341,0.3387584219875983,0.9478348398677288,0,0,Manual Control,Baseline,0,Baseline Manual Control
2803,2022,2,0,9,10,15,20,15,1003.5094188934552,2.049717122347977,46.72945205479452,0.0831890358324485,0.2572801257366565,16000,520,Full Control,Fabric - Shallow,16520,Fabric - Shallow Full Control
2804,2023,1,0,9,15,42,20,17,854.2893959105761,2.901465282398919,44.82496194824962,0.0106837481478997,0.0311190586886323,3800,520,Full Control,Fabric - Low cost,4320,Fabric - Low cost Full Control
2805,2023,2,0,4,10,30,18,13,601.3279701883548,2.0566999440921,30.13888888888889,0.3965511339069225,1.432546577771703,16000,240,Partial Control,Fabric - Shallow,16240,Fabric - Shallow Partial Control
2806,2022,1,0,9,15,42,19,13,983.7579953821404,1.9948856703461635,42.81202435312024,0.0526813622605301,0.1629748715636403,3800,520,Full Control,Fabric - Low cost,4320,Fabric - Low cost Full Control
2807,2023,1,0,0,15,30,18,13,875.0057350596622,3.03305557735019,17.058599695585997,0.7986380764418609,2.590778461404062,3800,0,Manual Control,Fabric - Low cost,3800,Fabric - Low cost Manual Control
2808,2023,0,0,9,5,10,20,15,764.3504305065494,2.5908900881679897,47.720700152207,0.0350253088436911,0.0925487643206113,0,520,Full Control,Baseline,520,Baseline Full Control
2809,2023,2,0,0,5,30,19,13,931.0128225366103,3.2286396470864402,0.0,0.0,0.0,16000,0,Manual Control,Fabric - Shallow,16000,Fabric - Shallow Manual Control
2810,2022,0,0,4,10,42,21,15,1381.4670480551372,2.838118311196104,57.520928462709286,2.1323867307052167,3.569552353976486,0,240,Partial Control,Baseline,240,Baseline Partial Control
2811,2022,0,0,9,5,10,18,15,1120.06559151212,2.2246502399099044,33.64345509893455,0.0025232808482777,0.0114717608929531,0,520,Full Control,Baseline,520,Baseline Full Control
2812,2022,1,0,4,15,10,20,17,1567.3876822933535,3.2429567903607848,36.5734398782344,0.8607448431302396,2.13305067125624,3800,240,Partial Control,Fabric - Low cost,4040,Fabric - Low cost Partial Control
2813,2022,2,0,9,5,10,21,13,1002.170311024158,2.093371827757312,51.01978691019787,0.3096963698029339,1.0188116869318231,16000,520,Full Control,Fabric - Shallow,16520,Fabric - Shallow Full Control
2814,2022,1,0,4,5,10,19,17,1707.0806626586948,3.547977663493379,14.351217656012178,0.0004206095547022,0.0028790482197448,3800,240,Partial Control,Fabric - Low cost,4040,Fabric - Low cost Partial Control
2815,2022,2,0,1,10,42,21,15,1130.2983511069344,2.334338652867013,58.59018264840182,2.804107308357314,4.404233002576855,16000,60,One Zone Controlled,Fabric - Shallow,16060,Fabric - Shallow One Zone Controlled
2816,2022,0,0,0,10,15,21,17,2048.2913011317164,4.2901931195769665,20.1103500761035,1.2411884689088974,3.3058429455317384,0,0,Manual Control,Baseline,0,Baseline Manual Control
2817,2023,2,0,0,10,42,18,13,691.1196867075028,2.372471512273134,15.070395738203956,0.5950801221150771,2.046391546138965,16000,0,Manual Control,Fabric - Shallow,16000,Fabric - Shallow Manual Control
2818,2022,1,0,0,15,42,21,17,1488.5802515829425,3.0663221636110936,59.7203196347032,3.1770391392001307,4.695750411535057,3800,0,Manual Control,Fabric - Low cost,3800,Fabric - Low cost Manual Control
2819,2023,1,0,0,15,30,18,15,899.3728105473707,3.106628368646176,17.04718417047184,0.7022885972484317,2.1537637475185485,3800,0,Manual Control,Fabric - Low cost,3800,Fabric - Low cost Manual Control
2820,2023,2,0,1,5,15,21,13,1076.2865566453925,3.783053880393756,6.816971080669711,0.0171544876679732,0.1200542644739527,16000,60,One Zone Controlled,Fabric - Shallow,16060,Fabric - Shallow One Zone Controlled
2821,2023,0,0,0,5,15,19,15,1454.6899914988614,5.112115980678291,0.0,0.0,0.0,0,0,Manual Control,Baseline,0,Baseline Manual Control
2822,2023,2,0,4,15,42,19,13,562.9466821591085,1.918835144934272,37.93949771689498,0.988883192901266,2.657580967475762,16000,240,Partial Control,Fabric - Shallow,16240,Fabric - Shallow Partial Control
2823,2023,2,0,1,15,42,20,13,627.5669665867682,2.1538446919088443,44.67275494672755,1.910653441698098,4.577667440147133,16000,60,One Zone Controlled,Fabric - Shallow,16060,Fabric - Shallow One Zone Controlled
2824,2023,1,0,4,10,10,20,13,815.555080997877,2.824469644188432,40.26065449010655,0.9611443192837198,2.7319339722815545,3800,240,Partial Control,Fabric - Low cost,4040,Fabric - Low cost Partial Control
2825,2023,0,0,1,15,10,20,13,946.9796407444874,3.2998207091502736,26.316590563165903,1.6561183565268782,4.349745068140153,0,60,One Zone Controlled,Baseline,60,Baseline One Zone Controlled
2826,2023,0,0,9,5,42,20,13,678.5373559116488,2.314051515516664,48.4855403348554,0.0663639823011169,0.1916208495469374,0,520,Full Control,Baseline,520,Baseline Full Control
2827,2022,0,0,1,15,10,18,17,1762.4399101586393,3.659108606987988,15.44710806697108,0.2784803149776815,0.8386286521040582,0,60,One Zone Controlled,Baseline,60,Baseline One Zone Controlled
2828,2023,0,0,1,15,42,20,17,938.5678368152188,3.197132729634343,40.538432267884325,1.5381181977525862,3.36487775910827,0,60,One Zone Controlled,Baseline,60,Baseline One Zone Controlled
2829,2023,1,0,4,15,15,21,17,1015.468569616252,3.5155057107076466,43.05936073059361,1.1943129681619076,2.8427420787337856,3800,240,Partial Control,Fabric - Low cost,4040,Fabric - Low cost Partial Control
2830,2023,2,0,4,10,42,21,15,659.8847932988715,2.260459772902956,59.53386605783866,2.026391938281538,3.2964968940128347,16000,240,Partial Control,Fabric - Shallow,16240,Fabric - Shallow Partial Control
2831,2023,1,0,9,5,10,18,13,536.6601521515096,1.7879662932758387,38.85464231354642,0.0242556688817326,0.0775731027605174,3800,520,Full Control,Fabric - Low cost,4320,Fabric - Low cost Full Control
2832,2023,1,0,9,15,15,18,15,635.5197714552111,2.1163020492675813,34.756468797564686,0.0047870031018197,0.0184858801730078,3800,520,Full Control,Fabric - Low cost,4320,Fabric - Low cost Full Control
2833,2023,0,0,1,5,30,19,13,1079.5507516178648,3.738334497895175,4.187595129375951,0.0041014246001784,0.0298020481324117,0,60,One Zone Controlled,Baseline,60,Baseline One Zone Controlled
2834,2023,0,0,1,5,42,19,13,964.1824216934443,3.310585047240364,4.942922374429224,0.0048441961805758,0.0330818392559138,0,60,One Zone Controlled,Baseline,60,Baseline One Zone Controlled
2835,2022,2,0,9,15,42,18,13,756.4691197128225,1.50519766687629,39.89535768645357,0.0418281945805325,0.149680366107664,16000,520,Full Control,Fabric - Shallow,16520,Fabric - Shallow Full Control
2836,2023,1,0,1,10,30,21,13,866.435494236393,3.0011875562877193,47.14992389649924,1.9372748074271764,4.828814032126383,3800,60,One Zone Controlled,Fabric - Low cost,3860,Fabric - Low cost One Zone Controlled
2837,2022,1,0,9,5,15,21,13,1178.7411620119742,2.455405640576998,50.681126331811264,0.1738123602878852,0.5590947470600487,3800,520,Full Control,Fabric - Low cost,4320,Fabric - Low cost Full Control
2838,2022,1,0,9,10,42,18,17,1274.1445864473694,2.583145969165776,34.733637747336374,0.0015123255382184,0.0045989316799535,3800,520,Full Control,Fabric - Low cost,4320,Fabric - Low cost Full Control
2839,2023,1,0,0,5,15,19,13,1389.4738779063205,4.886876630162971,0.0,0.0,0.0,3800,0,Manual Control,Fabric - Low cost,3800,Fabric - Low cost Manual Control
2840,2022,2,0,9,15,42,21,13,1002.170311024158,2.093371827757312,51.01978691019787,0.3096963698029339,1.0188116869318231,16000,520,Full Control,Fabric - Shallow,16520,Fabric - Shallow Full Control
2841,2022,0,0,1,5,10,18,15,1988.15762425502,4.172649043091099,1.28234398782344,0.000266231062168,0.0028218182887247,0,60,One Zone Controlled,Baseline,60,Baseline One Zone Controlled
2842,2023,2,0,9,15,30,19,15,558.8410540297684,1.87918120858973,43.451293759512936,0.0324214131536836,0.0966617572373523,16000,520,Full Control,Fabric - Shallow,16520,Fabric - Shallow Full Control
2843,2022,0,0,1,10,42,18,13,1304.8777950414453,2.701343700408473,19.20662100456621,0.8375083542031537,2.6696351606596758,0,60,One Zone Controlled,Baseline,60,Baseline One Zone Controlled
2844,2022,2,0,4,10,42,20,13,990.4772358126347,2.05033763444188,50.045662100456624,1.1112504166099493,2.940592658131083,16000,240,Partial Control,Fabric - Shallow,16240,Fabric - Shallow Partial Control
2845,2023,1,0,1,5,10,21,17,1204.5583434919774,4.195869698060761,6.678082191780822,0.0052536747772859,0.026040492283357,3800,60,One Zone Controlled,Fabric - Low cost,3860,Fabric - Low cost One Zone Controlled
2846,2022,1,0,0,15,15,18,17,1882.278219811672,3.9433022708551064,11.385083713850836,0.2005510995183846,0.71804982453697,3800,0,Manual Control,Fabric - Low cost,3800,Fabric - Low cost Manual Control
2847,2023,1,0,0,5,42,19,17,1022.781020299084,3.50977954263057,0.0,0.0,0.0,3800,0,Manual Control,Fabric - Low cost,3800,Fabric - Low cost Manual Control
2848,2023,1,0,9,5,15,21,13,715.7748219346186,2.47191390685231,53.11834094368341,0.1635952853235133,0.5021388083254766,3800,520,Full Control,Fabric - Low cost,4320,Fabric - Low cost Full Control
2849,2022,0,0,9,15,30,19,13,1030.3874282782822,2.0850983631431212,41.75228310502283,0.0391124846490885,0.1201912359935138,0,520,Full Control,Baseline,520,Baseline Full Control
2850,2023,0,0,9,5,10,21,17,948.2256242011132,3.2412516946629495,49.76027397260274,0.0263282190780063,0.0655989412429014,0,520,Full Control,Baseline,520,Baseline Full Control
2851,2023,0,0,9,5,15,19,15,712.0529807339085,2.3903322160719176,41.289954337899545,0.0132798245345634,0.0422792093001361,0,520,Full Control,Baseline,520,Baseline Full Control
2852,2022,0,0,0,10,42,19,17,1596.1236072047218,3.2896594068771963,19.185692541856923,0.7030545829779488,1.841425205962979,0,0,Manual Control,Baseline,0,Baseline Manual Control
2853,2023,0,0,4,15,10,21,17,1019.0135057093436,3.5079875111036443,43.580669710806696,1.347233891624505,3.0661185568680964,0,240,Partial Control,Baseline,240,Baseline Partial Control
2854,2022,1,0,0,5,42,20,17,1674.1328068538621,3.487048472751188,15.178843226788432,0.0020356363208224,0.0073167023459711,3800,0,Manual Control,Fabric - Low cost,3800,Fabric - Low cost Manual Control
2855,2022,0,0,1,10,10,18,15,1678.8761112490101,3.498430336116036,14.370243531202432,0.4740930614949178,1.672661608164255,0,60,One Zone Controlled,Baseline,60,Baseline One Zone Controlled
2856,2023,2,0,1,10,15,21,15,911.0028338837349,3.1945659598053786,25.03424657534247,1.115782094212157,3.160611072482585,16000,60,One Zone Controlled,Fabric - Shallow,16060,Fabric - Shallow One Zone Controlled
2857,2022,0,0,1,10,30,21,17,1692.4974675776248,3.5036939801812643,40.28348554033486,1.518857492378053,3.649863511514542,0,60,One Zone Controlled,Baseline,60,Baseline One Zone Controlled
2858,2023,1,0,1,10,10,20,17,1053.244411569286,3.64616379830162,22.3820395738204,0.9075685385943416,2.4470258007826486,3800,60,One Zone Controlled,Fabric - Low cost,3860,Fabric - Low cost One Zone Controlled
2859,2022,0,0,0,10,10,20,13,1753.3087466181478,3.692828987510201,19.06392694063927,1.24250170777208,3.655165693136872,0,0,Manual Control,Baseline,0,Baseline Manual Control
2860,2022,2,0,4,10,10,18,13,1074.557241198493,2.2254573529262673,28.79946727549467,0.316610049788144,1.2918373788858817,16000,240,Partial Control,Fabric - Shallow,16240,Fabric - Shallow Partial Control
2861,2023,1,0,0,15,42,18,13,777.9176017571303,2.6711371271198443,18.84132420091324,1.0418945209575703,3.071769370486785,3800,0,Manual Control,Fabric - Low cost,3800,Fabric - Low cost Manual Control
2862,2023,0,0,0,15,42,21,15,852.2189879810093,2.9105596392767343,62.50570776255707,3.802957390939855,6.05496613201046,0,0,Manual Control,Baseline,0,Baseline Manual Control
2863,2023,0,0,0,10,15,19,15,1198.1733233640305,4.204398856877406,14.44634703196347,0.6195868583292328,2.094570968777499,0,0,Manual Control,Baseline,0,Baseline Manual Control
2864,2023,1,0,0,15,30,19,13,875.0057350596622,3.03305557735019,20.32914764079148,1.2930797971759878,3.6222164770501375,3800,0,Manual Control,Fabric - Low cost,3800,Fabric - Low cost Manual Control
2865,2023,0,0,4,15,42,20,15,797.5677651448026,2.7113653744981274,51.394596651445966,1.494142237880865,3.483906458458262,0,240,Partial Control,Baseline,240,Baseline Partial Control
2866,2023,0,0,4,10,30,20,15,858.2204075722116,2.9365089762897294,40.43949771689498,1.0216307620648908,2.7513977964540564,0,240,Partial Control,Baseline,240,Baseline Partial Control
2867,2023,1,0,0,10,42,19,17,923.7862594028509,3.153285994896689,18.78995433789954,0.6978175161658146,1.8397380749556564,3800,0,Manual Control,Fabric - Low cost,3800,Fabric - Low cost Manual Control
2868,2022,0,0,4,10,15,21,13,1541.6025856493163,3.2352377466462823,41.63051750380517,1.1765690145137897,3.2376731209909044,0,240,Partial Control,Baseline,240,Baseline Partial Control
2869,2023,0,0,1,15,30,18,13,847.7089026924956,2.925520624577628,19.78120243531202,0.8971004232191171,2.797973879800952,0,60,One Zone Controlled,Baseline,60,Baseline One Zone Controlled
2870,2023,2,0,1,10,10,21,13,816.3385526160772,2.8495915007421173,28.169710806697108,1.3970200878715946,3.7323842232190607,16000,60,One Zone Controlled,Fabric - Shallow,16060,Fabric - Shallow One Zone Controlled
2871,2022,0,0,1,15,42,18,13,1255.97789734511,2.597891452954336,21.66286149162861,1.1042052660130968,3.2474623966892104,0,60,One Zone Controlled,Baseline,60,Baseline One Zone Controlled
2872,2023,1,0,0,5,10,20,17,1263.8808218520924,4.411521529552214,0.0,0.0,0.0,3800,0,Manual Control,Fabric - Low cost,3800,Fabric - Low cost Manual Control
2873,2022,0,0,0,15,30,21,17,1684.9772674718013,3.487701269050538,32.97564687975647,2.135850686318548,4.63356938269555,0,0,Manual Control,Baseline,0,Baseline Manual Control
2874,2022,1,0,0,15,30,18,17,1604.4049253909022,3.3255212003065506,15.998858447488583,0.3170084421639177,0.9215409629519604,3800,0,Manual Control,Fabric - Low cost,3800,Fabric - Low cost Manual Control
2875,2022,0,0,9,5,10,21,17,1564.0233816317295,3.217943890621078,47.720700152207,0.0274751903637385,0.0699432444377022,0,520,Full Control,Baseline,520,Baseline Full Control
2876,2022,1,0,0,10,30,19,17,1647.4122040784891,3.421853938434412,17.47716894977169,0.5981928690497519,1.6768299346611704,3800,0,Manual Control,Fabric - Low cost,3800,Fabric - Low cost Manual Control
2877,2022,0,0,1,15,10,18,15,1622.1055951040462,3.374958738956572,16.442161339421613,0.6242767827095668,2.040538220095539,0,60,One Zone Controlled,Baseline,60,Baseline One Zone Controlled
2878,2022,0,0,4,10,30,20,15,1418.663761233983,2.921069611748288,39.0810502283105,1.0083148897362844,2.733533342815357,0,240,Partial Control,Baseline,240,Baseline Partial Control
2879,2022,0,0,0,10,15,21,15,1974.1368566563171,4.157543685564518,20.133181126331813,1.426806690881603,3.9491489623989975,0,0,Manual Control,Baseline,0,Baseline Manual Control
2880,2023,0,0,4,10,15,20,13,907.2159865503091,3.157042929527351,38.27815829528159,0.8624950042671102,2.5683680713423818,0,240,Partial Control,Baseline,240,Baseline Partial Control
2881,2022,0,0,1,10,30,19,17,1678.4618868435127,3.4741403198774523,18.213470319634705,0.5980843836720278,1.643745997134429,0,60,One Zone Controlled,Baseline,60,Baseline One Zone Controlled
2882,2022,2,0,0,15,42,20,15,1121.8751971456736,2.320127528753763,33.31811263318112,1.8599787147952895,4.429936106310996,16000,0,Manual Control,Fabric - Shallow,16000,Fabric - Shallow Manual Control
2883,2023,1,0,4,15,10,21,17,972.1009845261756,3.3492210175327517,44.54718417047184,1.3262905709317128,3.017906292088194,3800,240,Partial Control,Fabric - Low cost,4040,Fabric - Low cost Partial Control
2884,2023,2,0,0,5,10,19,15,1044.200494055258,3.6482437649220656,0.0,0.0,0.0,16000,0,Manual Control,Fabric - Shallow,16000,Fabric - Shallow Manual Control
2885,2023,1,0,9,15,30,20,15,728.8942387137456,2.4732454449272407,48.95738203957382,0.0476624365694901,0.1230612022161482,3800,520,Full Control,Fabric - Low cost,4320,Fabric - Low cost Full Control
2886,2023,2,0,9,5,15,19,15,558.8410540297684,1.87918120858973,43.451293759512936,0.0324214131536836,0.0966617572373523,16000,520,Full Control,Fabric - Shallow,16520,Fabric - Shallow Full Control
2887,2022,2,0,4,10,30,18,13,997.0149958891672,2.052927825569231,30.380517503805176,0.4015699806358591,1.4807236339359706,16000,240,Partial Control,Fabric - Shallow,16240,Fabric - Shallow Partial Control
2888,2023,2,0,1,5,10,19,13,962.2755787259746,3.3580019966840684,3.675799086757991,0.005140015471821,0.0439068012686155,16000,60,One Zone Controlled,Fabric - Shallow,16060,Fabric - Shallow One Zone Controlled
2889,2022,1,0,4,10,42,19,17,1423.9257164022167,2.921040705287526,29.02397260273973,0.4717066606365755,1.2743536068639203,3800,240,Partial Control,Fabric - Low cost,4040,Fabric - Low cost Partial Control
2890,2022,1,0,1,5,15,19,13,2090.781145782016,4.415343731301453,3.4646118721461185,0.0038840665345909,0.0316009179507081,3800,60,One Zone Controlled,Fabric - Low cost,3860,Fabric - Low cost One Zone Controlled
2891,2023,1,0,0,15,42,21,13,777.9176017571303,2.6711371271198443,62.43721461187215,3.906291788859875,6.430050515315418,3800,0,Manual Control,Fabric - Low cost,3800,Fabric - Low cost Manual Control
2892,2022,1,0,1,10,15,20,17,1876.9255738824813,3.92128896262682,20.67351598173516,0.7789456384776868,2.2335497288316186,3800,60,One Zone Controlled,Fabric - Low cost,3860,Fabric - Low cost One Zone Controlled
2893,2023,2,0,0,10,30,19,13,781.0578244781817,2.705991058891192,16.308980213089804,0.7473886003239624,2.4189107833721035,16000,0,Manual Control,Fabric - Shallow,16000,Fabric - Shallow Manual Control
2894,2023,2,0,9,10,30,21,15,650.3338952323685,2.236596278482775,53.18683409436834,0.1672017282474389,0.4894574641898284,16000,520,Full Control,Fabric - Shallow,16520,Fabric - Shallow Full Control
2895,2022,1,0,4,15,15,20,17,1643.154523800623,3.407682229667176,35.3748097412481,0.7609695705095907,1.989911561506893,3800,240,Partial Control,Fabric - Low cost,4040,Fabric - Low cost Partial Control
2896,2022,1,0,4,10,15,21,13,1479.6749847969706,3.1115369382383946,42.25266362252664,1.1606506610893514,3.16553092287148,3800,240,Partial Control,Fabric - Low cost,4040,Fabric - Low cost Partial Control
2897,2022,0,0,1,15,42,20,15,1372.6866384541586,2.8217834037657408,40.72678843226789,2.0532931252033118,4.749618969790344,0,60,One Zone Controlled,Baseline,60,Baseline One Zone Controlled
2898,2022,2,0,4,10,30,19,13,1027.0992877697133,2.127817821591881,35.52511415525114,0.6419114442346234,2.0207638903487504,16000,240,Partial Control,Fabric - Shallow,16240,Fabric - Shallow Partial Control
2899,2022,1,0,0,5,10,21,17,2071.559285916023,4.3630439722484535,0.0038051750380517,2.240809365525383e-05,0.0037722817862931,3800,0,Manual Control,Fabric - Low cost,3800,Fabric - Low cost Manual Control
2900,2023,2,0,4,15,30,20,15,668.1047354546514,2.2907034969387174,41.81506849315069,1.1287038792472557,2.82087107760394,16000,240,Partial Control,Fabric - Shallow,16240,Fabric - Shallow Partial Control
2901,2022,0,0,1,10,42,19,17,1561.1984337006736,3.2139216972224123,19.68607305936073,0.6729230347200187,1.7533709897658496,0,60,One Zone Controlled,Baseline,60,Baseline One Zone Controlled
2902,2023,2,0,9,5,30,18,15,520.4511999898064,1.7327541643421338,36.25570776255708,0.0099287692797632,0.0351181403769952,16000,520,Full Control,Fabric - Shallow,16520,Fabric - Shallow Full Control
2903,2023,0,0,0,15,30,19,13,911.2699972797924,3.1571794674293896,20.49847792998478,1.3569049882094453,3.7749785985331337,0,0,Manual Control,Baseline,0,Baseline Manual Control
2904,2023,0,0,4,10,10,18,15,869.4897254954144,2.978054726154818,25.80669710806697,0.3809182148411362,1.2851962566919033,0,240,Partial Control,Baseline,240,Baseline Partial Control
2905,2023,0,0,0,15,42,21,17,950.9907938270331,3.2413083144728057,62.509512937595126,3.2710874747766474,4.731633242994184,0,0,Manual Control,Baseline,0,Baseline Manual Control
2906,2022,1,0,1,15,15,21,17,1824.9943254726604,3.807935703526324,27.9261796042618,1.5837465633779606,3.809349551517413,3800,60,One Zone Controlled,Fabric - Low cost,3860,Fabric - Low cost One Zone Controlled
2907,2023,0,0,1,5,15,19,15,1338.380908947751,4.693259759687372,2.7016742770167426,0.0013321182945748,0.0101082382300615,0,60,One Zone Controlled,Baseline,60,Baseline One Zone Controlled
2908,2023,0,0,1,10,42,18,13,794.1178237205198,2.716193755817814,18.816590563165907,0.8421817149371424,2.619011671696107,0,60,One Zone Controlled,Baseline,60,Baseline One Zone Controlled
2909,2023,0,0,0,10,15,21,17,1239.3517414035355,4.333361643760473,20.629756468797563,1.2544668658282103,3.327204390640792,0,0,Manual Control,Baseline,0,Baseline Manual Control
2910,2022,1,0,1,5,10,19,15,1908.8673259443344,4.013869069048446,3.658675799086758,0.0024111940697298,0.0160949881968693,3800,60,One Zone Controlled,Fabric - Low cost,3860,Fabric - Low cost One Zone Controlled
2911,2023,0,0,4,5,10,19,15,1007.146811982403,3.474599618921505,21.090182648401825,0.0059339108066962,0.0236345222238574,0,240,Partial Control,Baseline,240,Baseline Partial Control
2912,2022,2,0,4,5,30,18,15,1203.1209547904148,2.4765643683838605,18.692922374429223,0.0048230047732485,0.0215992929821263,16000,240,Partial Control,Fabric - Shallow,16240,Fabric - Shallow Partial Control
2913,2022,2,0,1,10,42,20,13,1076.6080032129473,2.2364583815069374,41.98820395738204,1.4453377683695985,3.836540802598268,16000,60,One Zone Controlled,Fabric - Shallow,16060,Fabric - Shallow One Zone Controlled
2914,2022,0,0,1,15,15,21,13,1720.8739041565861,3.6305194253738433,28.1544901065449,1.9500795876976889,4.9645585745424405,0,60,One Zone Controlled,Baseline,60,Baseline One Zone Controlled
2915,2022,2,0,1,5,10,19,13,1584.8796517796168,3.333472870488672,3.921232876712329,0.0058030171646329,0.0486603939403461,16000,60,One Zone Controlled,Fabric - Shallow,16060,Fabric - Shallow One Zone Controlled
2916,2023,2,0,1,15,15,18,15,864.8873808255231,3.026228134021764,12.399162861491629,0.2783219599174226,1.2758079820035677,16000,60,One Zone Controlled,Fabric - Shallow,16060,Fabric - Shallow One Zone Controlled
2917,2023,0,0,9,5,15,20,13,678.5373559116488,2.314051515516664,48.4855403348554,0.0663639823011169,0.1916208495469374,0,520,Full Control,Baseline,520,Baseline Full Control
2918,2022,1,0,1,15,30,18,13,1336.5584114647631,2.7906231712290266,19.431126331811264,0.8479501702067593,2.7382921896671286,3800,60,One Zone Controlled,Fabric - Low cost,3860,Fabric - Low cost One Zone Controlled
2919,2022,0,0,0,5,42,19,17,1759.27843705521,3.6597223679223005,0.0,0.0,0.0,0,0,Manual Control,Baseline,0,Baseline Manual Control
2920,2023,0,0,4,5,15,21,17,1198.7308689942984,4.168203383552958,27.657914764079152,0.0121378819704213,0.0372539595168622,0,240,Partial Control,Baseline,240,Baseline Partial Control
2921,2022,1,0,1,5,42,21,17,1635.6691015499375,3.40125910151814,59.03348554033485,1.433571172023896,1.6115469201776171,3800,60,One Zone Controlled,Fabric - Low cost,3860,Fabric - Low cost One Zone Controlled
2922,2023,1,0,4,15,30,18,17,872.4176081472029,2.9707380057317154,25.90372907153729,0.2322167221260871,0.659000074959572,3800,240,Partial Control,Fabric - Low cost,4040,Fabric - Low cost Partial Control
2923,2022,2,0,4,15,10,21,13,1146.67271857644,2.408618105603015,44.15144596651446,1.4889102110181025,3.6257522997189455,16000,240,Partial Control,Fabric - Shallow,16240,Fabric - Shallow Partial Control
2924,2022,0,0,4,10,10,21,13,1443.735374218359,3.0214366765185625,42.96613394216134,1.32014561124312,3.49905709030755,0,240,Partial Control,Baseline,240,Baseline Partial Control
2925,2022,1,0,1,10,10,20,17,1735.3128501694146,3.612852472510786,22.313546423135463,0.896531330766963,2.4198121959926024,3800,60,One Zone Controlled,Fabric - Low cost,3860,Fabric - Low cost One Zone Controlled
2926,2022,0,0,0,10,30,21,13,1565.5999927869975,3.282686199298849,30.63736681887367,2.008077249407267,5.13382068989841,0,0,Manual Control,Baseline,0,Baseline Manual Control
2927,2022,2,0,9,10,30,20,15,1003.5094188934552,2.049717122347977,46.72945205479452,0.0831890358324485,0.2572801257366565,16000,520,Full Control,Fabric - Shallow,16520,Fabric - Shallow Full Control
2928,2022,1,0,0,15,10,20,15,1633.0961925097542,3.4299639411542024,22.368721461187217,1.4909673779605537,3.947100450308216,3800,0,Manual Control,Fabric - Low cost,3800,Fabric - Low cost Manual Control
2929,2023,0,0,0,5,30,19,13,1169.3248504717951,4.054075332938465,0.0,0.0,0.0,0,0,Manual Control,Baseline,0,Baseline Manual Control
2930,2022,0,0,4,10,15,19,15,1561.6396965431734,3.229453013134891,31.26902587519026,0.5259672507152293,1.7365999843345796,0,240,Partial Control,Baseline,240,Baseline Partial Control
2931,2023,0,0,0,15,42,21,13,811.3002145257426,2.784170947364139,62.45814307458143,3.969948269051492,6.563752348824072,0,0,Manual Control,Baseline,0,Baseline Manual Control
2932,2023,1,0,9,5,15,18,13,536.6601521515096,1.7879662932758387,38.85464231354642,0.0242556688817326,0.0775731027605174,3800,520,Full Control,Fabric - Low cost,4320,Fabric - Low cost Full Control
2933,2022,1,0,0,15,10,21,13,1600.55781355136,3.3774258242515502,26.14155251141553,2.218908838971392,5.405331887960326,3800,0,Manual Control,Fabric - Low cost,3800,Fabric - Low cost Manual Control
2934,2023,0,0,0,10,30,18,17,1052.0717452179335,3.61966704308747,14.42351598173516,0.2586208625843684,0.7818501153424183,0,0,Manual Control,Baseline,0,Baseline Manual Control
2935,2022,1,0,0,5,42,21,17,1674.1328068538621,3.487048472751188,59.43683409436834,1.5246234669890508,1.691565000518943,3800,0,Manual Control,Fabric - Low cost,3800,Fabric - Low cost Manual Control
2936,2022,2,0,1,5,15,18,15,1764.441031286885,3.7122176063341197,1.824581430745814,0.0008253198680787,0.0082166665405451,16000,60,One Zone Controlled,Fabric - Shallow,16060,Fabric - Shallow One Zone Controlled
2937,2022,0,0,0,15,15,18,15,1880.5955281647557,3.959909046362091,12.210806697108069,0.4372286082502868,1.6745280316228852,0,0,Manual Control,Baseline,0,Baseline Manual Control
2938,2023,0,0,1,5,10,18,15,1211.3084028567134,4.217943305624721,1.1624809741248097,0.0002259311469001,0.0025758092538282,0,60,One Zone Controlled,Baseline,60,Baseline One Zone Controlled
2939,2022,2,0,4,10,10,20,13,1139.8087382177632,2.384676950185636,38.734779299847794,0.8071683861363738,2.376004329262141,16000,240,Partial Control,Fabric - Shallow,16240,Fabric - Shallow Partial Control
2940,2022,1,0,0,15,42,21,13,1275.1752871927356,2.6568223610426176,59.67085235920853,3.843146058598898,6.483337029055185,3800,0,Manual Control,Fabric - Low cost,3800,Fabric - Low cost Manual Control
2941,2023,0,0,0,5,30,20,13,1169.3248504717951,4.054075332938465,0.0,0.0,0.0,0,0,Manual Control,Baseline,0,Baseline Manual Control
2942,2022,1,0,1,15,15,20,13,1644.5692178325887,3.473040177852557,24.179984779299847,1.3101799404058367,3.76596411939271,3800,60,One Zone Controlled,Fabric - Low cost,3860,Fabric - Low cost One Zone Controlled
2943,2022,0,0,4,5,10,19,17,1787.9024919042774,3.7125014459488406,14.084855403348554,0.0003749773553194,0.0024664094508245,0,240,Partial Control,Baseline,240,Baseline Partial Control
2944,2022,2,0,4,10,10,20,15,1204.3819172675544,2.498755760508363,38.53500761035008,0.7429394905454312,2.163985299055581,16000,240,Partial Control,Fabric - Shallow,16240,Fabric - Shallow Partial Control
2945,2022,1,0,4,15,10,19,17,1540.065831905076,3.179053903691526,28.27245053272451,0.479504956422392,1.3090964492305217,3800,240,Partial Control,Fabric - Low cost,4040,Fabric - Low cost Partial Control
2946,2023,0,0,1,10,42,19,15,850.9069874380497,2.900035823523102,22.53234398782344,1.090959828380317,2.9814584088873097,0,60,One Zone Controlled,Baseline,60,Baseline One Zone Controlled
2947,2023,2,0,1,5,15,19,13,1064.5681903775865,3.738980415851713,2.9775494672754945,0.0039191782059786,0.0367170486890073,16000,60,One Zone Controlled,Fabric - Shallow,16060,Fabric - Shallow One Zone Controlled
2948,2023,1,0,0,10,42,21,13,815.492169702498,2.799984613449676,62.46194824961948,3.315987870601265,5.298294468417511,3800,0,Manual Control,Fabric - Low cost,3800,Fabric - Low cost Manual Control
2949,2023,1,0,9,5,42,18,17,766.994517153551,2.575183382707774,34.332191780821915,0.0014199208486211,0.0044726597493175,3800,520,Full Control,Fabric - Low cost,4320,Fabric - Low cost Full Control
2950,2022,0,0,0,15,30,21,15,1545.4924285353525,3.219720101343647,33.87747336377473,2.558370348427759,5.792018416346125,0,0,Manual Control,Baseline,0,Baseline Manual Control
2951,2022,2,0,0,10,42,18,13,1137.7666585113748,2.366586381350628,14.842085235920852,0.6039306640601994,2.122828706956879,16000,0,Manual Control,Fabric - Shallow,16000,Fabric - Shallow Manual Control
2952,2023,1,0,0,10,30,21,17,1002.55792638975,3.451962581921738,32.513318112633186,1.5940717169238938,3.8049100336975674,3800,0,Manual Control,Fabric - Low cost,3800,Fabric - Low cost Manual Control
2953,2022,2,0,4,15,30,21,13,1073.948157856241,2.2464651592412106,53.57496194824962,1.7219772946273435,3.9780794866798974,16000,240,Partial Control,Fabric - Shallow,16240,Fabric - Shallow Partial Control
2954,2022,0,0,0,15,30,21,13,1491.3638183036308,3.127423323175171,34.38926940639269,2.68347193962665,6.202643038421649,0,0,Manual Control,Baseline,0,Baseline Manual Control
2955,2023,2,0,0,5,42,18,13,822.9577339331107,2.828925141273817,0.0,0.0,0.0,16000,0,Manual Control,Fabric - Shallow,16000,Fabric - Shallow Manual Control
2956,2022,0,0,9,15,42,18,13,947.862744829774,1.881508365554936,38.15258751902588,0.0187076108609781,0.0630814205768692,0,520,Full Control,Baseline,520,Baseline Full Control
2957,2022,0,0,9,10,42,18,15,1120.06559151212,2.2246502399099044,33.64345509893455,0.0025232808482777,0.0114717608929531,0,520,Full Control,Baseline,520,Baseline Full Control
2958,2022,1,0,9,5,10,18,13,905.3536218505434,1.7995884351710496,39.362633181126334,0.0261283909158526,0.0847280993405621,3800,520,Full Control,Fabric - Low cost,4320,Fabric - Low cost Full Control
2959,2023,0,0,1,15,10,21,15,990.5608087808188,3.4386884662494803,31.28614916286149,2.2009578577850006,5.144485912569847,0,60,One Zone Controlled,Baseline,60,Baseline One Zone Controlled
2960,2023,0,0,9,15,15,19,17,849.526790532914,2.8647228807368483,35.728691019786915,0.000809440764681,0.0034508955226229,0,520,Full Control,Baseline,520,Baseline Full Control
2961,2023,2,0,1,15,42,18,17,726.9659159757805,2.475386420954866,18.35996955859969,0.3223794775023248,0.8765931657438659,16000,60,One Zone Controlled,Fabric - Shallow,16060,Fabric - Shallow One Zone Controlled
2962,2022,0,0,9,5,30,18,17,1340.981723105189,2.7175894312532805,34.69748858447488,0.0014645597516515,0.0044795288905054,0,520,Full Control,Baseline,520,Baseline Full Control
2963,2022,0,0,9,15,30,21,15,1361.049105389866,2.798358141735806,49.71080669710807,0.0726944242123788,0.1905201658751067,0,520,Full Control,Baseline,520,Baseline Full Control
2964,2022,2,0,4,5,15,20,13,1421.5531479242654,2.9866364402558236,26.95966514459665,0.0516316883483594,0.2360001427703711,16000,240,Partial Control,Fabric - Shallow,16240,Fabric - Shallow Partial Control
2965,2023,0,0,9,5,30,21,17,948.2256242011132,3.2412516946629495,49.76027397260274,0.0263282190780063,0.0655989412429014,0,520,Full Control,Baseline,520,Baseline Full Control
2966,2022,0,0,9,5,42,20,17,1481.1254950858777,3.0356532424495053,40.07420091324201,0.0059205984468734,0.0211134829259367,0,520,Full Control,Baseline,520,Baseline Full Control
2967,2023,1,0,9,10,30,21,15,782.752168270172,2.684123433060415,53.04794520547945,0.0943561925207818,0.2415177189167528,3800,520,Full Control,Fabric - Low cost,4320,Fabric - Low cost Full Control
2968,2022,1,0,9,5,10,18,15,1064.7911137474985,2.1163964656928336,35.72108066971081,0.0053270032062273,0.0204552823778338,3800,520,Full Control,Fabric - Low cost,4320,Fabric - Low cost Full Control
2969,2022,1,0,9,5,42,20,15,1210.5931297950544,2.46891859392298,46.24048706240488,0.0495627359370685,0.1346703313640259,3800,520,Full Control,Fabric - Low cost,4320,Fabric - Low cost Full Control
2970,2022,1,0,4,10,42,21,15,1316.981345408137,2.710703577615627,57.595129375951295,2.115892904726932,3.5345923000709667,3800,240,Partial Control,Fabric - Low cost,4040,Fabric - Low cost Partial Control
2971,2022,2,0,4,5,15,18,13,1352.392910833824,2.820818407023016,19.878234398782343,0.0123008812129653,0.0592245294291861,16000,240,Partial Control,Fabric - Shallow,16240,Fabric - Shallow Partial Control
2972,2023,0,0,9,15,10,18,15,668.4332126468987,2.225148487916084,32.73592085235921,0.0022434834055524,0.0101746029419154,0,520,Full Control,Baseline,520,Baseline Full Control
2973,2022,1,0,4,5,42,21,13,1376.7425098699075,2.873626296403146,57.32686453576864,1.0428164779832525,1.262610982453032,3800,240,Partial Control,Fabric - Low cost,4040,Fabric - Low cost Partial Control
2974,2022,0,0,0,10,15,20,17,2048.2913011317164,4.2901931195769665,17.366818873668187,0.7939258845020886,2.309788061479778,0,0,Manual Control,Baseline,0,Baseline Manual Control
2975,2022,1,0,1,5,15,20,13,2100.3557785145467,4.4386265146466375,4.811643835616438,0.0075933135197189,0.0545027364725991,3800,60,One Zone Controlled,Fabric - Low cost,3860,Fabric - Low cost One Zone Controlled
2976,2023,1,0,4,5,42,19,13,783.5014616752676,2.677142323111557,26.619101978691017,0.0221304849218824,0.0789526340982872,3800,240,Partial Control,Fabric - Low cost,4040,Fabric - Low cost Partial Control
2977,2022,2,0,9,15,10,19,13,827.6007215108874,1.681515942729973,43.203957382039576,0.08700199556344,0.3092952086481293,16000,520,Full Control,Fabric - Shallow,16520,Fabric - Shallow Full Control
2978,2022,0,0,9,15,15,18,15,1120.06559151212,2.2246502399099044,33.64345509893455,0.0025232808482777,0.0114717608929531,0,520,Full Control,Baseline,520,Baseline Full Control
2979,2023,2,0,9,15,42,20,13,548.9870667683531,1.879442541726355,49.33409436834094,0.1590739960207377,0.5408996809549582,16000,520,Full Control,Fabric - Shallow,16520,Fabric - Shallow Full Control
2980,2022,1,0,4,5,42,19,13,1287.455817160146,2.6653035929416578,25.629756468797567,0.0236018393752795,0.0872904705525224,3800,240,Partial Control,Fabric - Low cost,4040,Fabric - Low cost Partial Control
2981,2023,0,0,4,10,30,18,13,744.095792543421,2.5406814734366385,30.08181126331812,0.5508979387769527,1.8234898090628693,0,240,Partial Control,Baseline,240,Baseline Partial Control
2982,2023,0,0,1,10,42,20,15,854.7476234352971,2.915983240073343,41.5810502283105,1.5565207458512946,3.944856791272562,0,60,One Zone Controlled,Baseline,60,Baseline One Zone Controlled
2983,2022,0,0,1,5,42,21,17,1716.4383888110347,3.5646384249705036,59.05060882800609,1.4368358077095127,1.61425649200876,0,60,One Zone Controlled,Baseline,60,Baseline One Zone Controlled
2984,2022,2,0,1,15,10,21,13,1283.9540589470769,2.705822688321748,30.47754946727549,1.8489867410617185,4.583818044257546,16000,60,One Zone Controlled,Fabric - Shallow,16060,Fabric - Shallow One Zone Controlled
2985,2023,1,0,1,15,30,19,17,953.7417637829057,3.2730852208657697,21.143455098934552,0.7902269562218348,1.977593900313016,3800,60,One Zone Controlled,Fabric - Low cost,3860,Fabric - Low cost One Zone Controlled
2986,2023,1,0,0,10,15,19,15,1150.0026574506105,4.038136969334443,14.212328767123289,0.5797161064678564,1.9935036465530531,3800,0,Manual Control,Fabric - Low cost,3800,Fabric - Low cost Manual Control
2987,2022,1,0,4,15,10,20,15,1404.7746146586783,2.90773143657122,39.35882800608828,1.1383827350347102,2.936978213532796,3800,240,Partial Control,Fabric - Low cost,4040,Fabric - Low cost Partial Control
2988,2023,0,0,4,15,30,20,17,956.467673172197,3.268664350988472,37.6541095890411,0.988028940464525,2.323311378578596,0,240,Partial Control,Baseline,240,Baseline Partial Control
2989,2023,0,0,0,15,10,21,17,1103.0510177434176,3.8231284418367832,26.98249619482496,1.9228924749477785,4.360521331306627,0,0,Manual Control,Baseline,0,Baseline Manual Control
2990,2022,0,0,4,15,10,19,13,1318.698500752757,2.736395316594661,34.337899543378995,0.8934856967307816,2.6351865841094284,0,240,Partial Control,Baseline,240,Baseline Partial Control
2991,2022,1,0,1,10,30,18,13,1392.2092260124105,2.908128368173549,17.359208523592084,0.6499640412107357,2.2608248363299013,3800,60,One Zone Controlled,Fabric - Low cost,3860,Fabric - Low cost One Zone Controlled
2992,2022,1,0,0,15,30,21,13,1431.7258834072702,3.006185077101075,35.3234398782344,2.61572915302002,6.040412109027497,3800,0,Manual Control,Fabric - Low cost,3800,Fabric - Low cost Manual Control
2993,2023,2,0,9,10,15,20,13,548.9870667683531,1.879442541726355,49.33409436834094,0.1590739960207377,0.5408996809549582,16000,520,Full Control,Fabric - Shallow,16520,Fabric - Shallow Full Control
2994,2023,1,0,0,15,15,20,17,1138.0372268855117,3.980264666596113,19.90677321156773,1.022353243408039,2.7242457388247963,3800,0,Manual Control,Fabric - Low cost,3800,Fabric - Low cost Manual Control
2995,2022,1,0,4,10,10,21,17,1627.7904275411022,3.37449405278566,42.09855403348554,0.999164964582584,2.536344284840732,3800,240,Partial Control,Fabric - Low cost,4040,Fabric - Low cost Partial Control
2996,2022,0,0,1,15,15,19,17,1902.347388509786,3.962092015748304,17.63508371385084,0.588982547469712,1.7030214386604745,0,60,One Zone Controlled,Baseline,60,Baseline One Zone Controlled
2997,2023,1,0,9,5,15,18,17,766.994517153551,2.575183382707774,34.332191780821915,0.0014199208486211,0.0044726597493175,3800,520,Full Control,Fabric - Low cost,4320,Fabric - Low cost Full Control
2998,2022,0,0,4,5,10,21,15,1736.1988679556182,3.6276740059997192,29.817351598173516,0.0321045591811664,0.1008029616464045,0,240,Partial Control,Baseline,240,Baseline Partial Control
2999,2022,2,0,1,5,15,18,13,1751.2609716981774,3.690032424624221,2.167047184170472,0.0019453084990552,0.0212852352668147,16000,60,One Zone Controlled,Fabric - Shallow,16060,Fabric - Shallow One Zone Controlled
3000,2023,2,0,4,10,30,20,15,682.1846165051471,2.3393711767819076,41.16818873668189,0.8715516697282215,2.3812801260767644,16000,240,Partial Control,Fabric - Shallow,16240,Fabric - Shallow Partial Control
3001,2022,1,0,4,5,10,20,17,1736.0642201480648,3.6168074887548936,22.722602739726028,0.0055948531909755,0.0201809146103199,3800,240,Partial Control,Fabric - Low cost,4040,Fabric - Low cost Partial Control
3002,2023,0,0,0,10,30,20,17,1052.0717452179335,3.61966704308747,20.949391171993916,1.0734666276516265,2.7595566051958538,0,0,Manual Control,Baseline,0,Baseline Manual Control
3003,2023,1,0,9,15,15,20,15,728.8942387137456,2.4732454449272407,48.95738203957382,0.0476624365694901,0.1230612022161482,3800,520,Full Control,Fabric - Low cost,4320,Fabric - Low cost Full Control
3004,2023,0,0,0,5,15,20,13,1453.595888082631,5.108964781510275,0.0,0.0,0.0,0,0,Manual Control,Baseline,0,Baseline Manual Control
3005,2022,1,0,4,10,42,21,13,1215.1115555085948,2.5242681020127606,57.60844748858448,2.247109666547148,3.9075317880397686,3800,240,Partial Control,Fabric - Low cost,4040,Fabric - Low cost Partial Control
3006,2022,0,0,4,15,10,20,15,1470.0959681849097,3.0376370648896582,38.61491628614917,1.1670091717486055,3.005761684896561,0,240,Partial Control,Baseline,240,Baseline Partial Control
3007,2023,0,0,4,10,10,19,15,887.3976471929432,3.0458961420696777,32.515220700152206,0.6227076460724612,1.8959244994831008,0,240,Partial Control,Baseline,240,Baseline Partial Control
3008,2022,1,0,9,5,30,18,17,1274.1445864473694,2.583145969165776,34.733637747336374,0.0015123255382184,0.0045989316799535,3800,520,Full Control,Fabric - Low cost,4320,Fabric - Low cost Full Control
3009,2022,0,0,4,15,42,18,15,1258.7431020710706,2.5528425526952874,29.307458143074584,0.6519454547368667,1.8263328966482135,0,240,Partial Control,Baseline,240,Baseline Partial Control
3010,2023,1,0,4,5,42,21,15,877.58388522559,3.011796439813321,59.779299847793,1.0411910777286235,1.216826132157824,3800,240,Partial Control,Fabric - Low cost,4040,Fabric - Low cost Partial Control
3011,2022,1,0,4,10,15,19,13,1395.9214422501364,2.913311287806228,33.230593607305934,0.5695374243010115,1.9500087159226915,3800,240,Partial Control,Fabric - Low cost,4040,Fabric - Low cost Partial Control
3012,2022,0,0,0,10,10,21,13,1753.3087466181478,3.692828987510201,21.91590563165905,1.7292929659502458,4.632133949028115,0,0,Manual Control,Baseline,0,Baseline Manual Control
3013,2022,2,0,9,5,42,21,13,1002.170311024158,2.093371827757312,51.01978691019787,0.3096963698029339,1.0188116869318231,16000,520,Full Control,Fabric - Shallow,16520,Fabric - Shallow Full Control
3014,2023,2,0,4,15,42,21,15,648.4221631647856,2.220997901680264,59.59094368340944,2.33438802540528,3.881040596871306,16000,240,Partial Control,Fabric - Shallow,16240,Fabric - Shallow Partial Control
3015,2022,2,0,0,5,30,21,15,1531.0640488512886,3.2116913096971826,16.662861491628615,0.0032351905608805,0.0308888711558703,16000,0,Manual Control,Fabric - Shallow,16000,Fabric - Shallow Manual Control
3016,2022,0,0,4,15,42,21,17,1548.9780756116506,3.1845067656064927,57.18797564687975,2.0921593204163798,3.250094052460264,0,240,Partial Control,Baseline,240,Baseline Partial Control
3017,2023,1,0,0,5,30,20,13,1117.6313808173595,3.876835144798576,0.0019025875190258,1.2207700708528998e-06,0.0002798706910407,3800,0,Manual Control,Fabric - Low cost,3800,Fabric - Low cost Manual Control
3018,2022,2,0,4,10,42,20,15,1064.951986773419,2.1849423754708632,49.72602739726028,1.0066815731568608,2.640484235646021,16000,240,Partial Control,Fabric - Shallow,16240,Fabric - Shallow Partial Control
3019,2023,0,0,1,10,15,20,15,1118.013992322574,3.9083286340205703,21.171993911719937,1.01242909798525,2.9895788605655227,0,60,One Zone Controlled,Baseline,60,Baseline One Zone Controlled
3020,2022,2,0,9,10,15,19,15,938.328438499092,1.8898271729460951,42.43150684931507,0.0347154738479955,0.1098746020348765,16000,520,Full Control,Fabric - Shallow,16520,Fabric - Shallow Full Control
3021,2023,2,0,0,5,42,20,15,825.3623708668125,2.836067250687044,18.169710806697108,0.0028819777623598,0.0141896775831511,16000,0,Manual Control,Fabric - Shallow,16000,Fabric - Shallow Manual Control
3022,2022,1,0,9,5,15,20,17,1408.277130087805,2.888746184952206,42.25076103500761,0.0113606745060975,0.034253067587776,3800,520,Full Control,Fabric - Low cost,4320,Fabric - Low cost Full Control
3023,2022,2,0,9,10,30,21,13,1002.170311024158,2.093371827757312,51.01978691019787,0.3096963698029339,1.0188116869318231,16000,520,Full Control,Fabric - Shallow,16520,Fabric - Shallow Full Control
3024,2022,0,0,9,10,15,19,17,1406.022225313542,2.8643270544358628,34.442541856925416,0.000642657374796,0.0029858977817669,0,520,Full Control,Baseline,520,Baseline Full Control
3025,2023,1,0,9,10,15,20,17,854.2893959105761,2.901465282398919,44.82496194824962,0.0106837481478997,0.0311190586886323,3800,520,Full Control,Fabric - Low cost,4320,Fabric - Low cost Full Control
3026,2023,0,0,0,10,42,18,15,884.6944990882089,3.024181354175912,15.943683409436836,0.702700904821822,2.1043479005358083,0,0,Manual Control,Baseline,0,Baseline Manual Control
3027,2022,1,0,4,15,30,21,17,1534.4508922031348,3.1693141738424333,52.57229832572299,1.433758069974315,3.1533611418058043,3800,240,Partial Control,Fabric - Low cost,4040,Fabric - Low cost Partial Control
3028,2023,1,0,4,15,15,18,15,860.4808719560069,2.96704523120932,26.445966514459663,0.3790157606787534,1.3047304223132972,3800,240,Partial Control,Fabric - Low cost,4040,Fabric - Low cost Partial Control
3029,2023,2,0,1,15,10,20,13,774.959069386202,2.7047301180475225,25.49086757990868,1.241465074831497,3.4645604618997163,16000,60,One Zone Controlled,Fabric - Shallow,16060,Fabric - Shallow One Zone Controlled
3030,2022,1,0,0,15,15,20,15,1803.4723810657551,3.80387317886251,20.142694063926943,1.2111565046325174,3.466482249396737,3800,0,Manual Control,Fabric - Low cost,3800,Fabric - Low cost Manual Control
3031,2023,2,0,4,5,10,20,15,819.8985934739973,2.8395582883032,28.6910197869102,0.0304885123624443,0.1059901494100792,16000,240,Partial Control,Fabric - Shallow,16240,Fabric - Shallow Partial Control
3032,2023,0,0,0,15,10,21,13,1017.4512844690275,3.553088328487286,27.106164383561644,2.3071820882607774,5.534743841960117,0,0,Manual Control,Baseline,0,Baseline Manual Control
3033,2022,1,0,9,10,10,20,13,1074.5449777142953,2.2132880623538007,46.58485540334855,0.09680654157865,0.3046019386436109,3800,520,Full Control,Fabric - Low cost,4320,Fabric - Low cost Full Control
3034,2023,1,0,4,10,30,20,15,819.858552873893,2.807683821779736,41.394596651445966,1.0046378706105732,2.699904234233855,3800,240,Partial Control,Fabric - Low cost,4040,Fabric - Low cost Partial Control
3035,2022,1,0,9,15,10,21,13,1178.7411620119742,2.455405640576998,50.681126331811264,0.1738123602878852,0.5590947470600487,3800,520,Full Control,Fabric - Low cost,4320,Fabric - Low cost Full Control
3036,2022,2,0,1,15,10,20,13,1275.0386934932703,2.685093539415416,25.48325722983257,1.2478562939645348,3.5281992166673004,16000,60,One Zone Controlled,Fabric - Shallow,16060,Fabric - Shallow One Zone Controlled
3037,2022,0,0,1,5,15,20,17,2263.9144340514636,4.760874058588922,2.650304414003044,0.0006144565072285,0.0047143425216571,0,60,One Zone Controlled,Baseline,60,Baseline One Zone Controlled
3038,2023,2,0,0,10,42,20,13,691.1196867075028,2.372471512273134,31.875951293759517,1.4635641548751768,3.87690892674588,16000,0,Manual Control,Fabric - Shallow,16000,Fabric - Shallow Manual Control
3039,2023,2,0,1,10,10,20,15,827.1155551825022,2.8764703637732993,22.737823439878238,0.9150759837630456,2.6987841922043163,16000,60,One Zone Controlled,Fabric - Shallow,16060,Fabric - Shallow One Zone Controlled
3040,2023,0,0,0,15,42,18,15,852.2189879810093,2.9105596392767343,19.003044140030443,0.9252943687104928,2.5568161159190943,0,0,Manual Control,Baseline,0,Baseline Manual Control
3041,2023,1,0,1,10,30,18,13,849.5101651748491,2.934395726778458,17.64459665144597,0.6500736893165714,2.1947814859009647,3800,60,One Zone Controlled,Fabric - Low cost,3860,Fabric - Low cost One Zone Controlled
3042,2022,1,0,9,10,10,19,17,1339.6074070667535,2.7303680168944684,34.296042617960424,0.0007601182707056,0.0038197258430859,3800,520,Full Control,Fabric - Low cost,4320,Fabric - Low cost Full Control
3043,2023,2,0,1,5,42,20,13,774.9989637005859,2.664191655858402,32.80821917808219,0.0200164401385179,0.1119315002422227,16000,60,One Zone Controlled,Fabric - Shallow,16060,Fabric - Shallow One Zone Controlled
3044,2022,0,0,0,10,42,21,17,1596.1236072047218,3.2896594068771963,59.75456621004567,2.766714026327007,3.9341776764768777,0,0,Manual Control,Baseline,0,Baseline Manual Control
3045,2022,0,0,4,10,42,21,13,1268.003422690539,2.628804588517979,57.58181126331812,2.2619949381226694,3.954764127313978,0,240,Partial Control,Baseline,240,Baseline Partial Control
3046,2023,0,0,4,5,10,20,17,1108.181012421209,3.8251630688701534,21.0882800608828,0.0026649223397967,0.0109890873825955,0,240,Partial Control,Baseline,240,Baseline Partial Control
3047,2022,1,0,9,5,10,18,17,1274.1445864473694,2.583145969165776,34.733637747336374,0.0015123255382184,0.0045989316799535,3800,520,Full Control,Fabric - Low cost,4320,Fabric - Low cost Full Control
3048,2022,1,0,0,5,30,20,13,1824.3435579577172,3.8374666974471023,0.0095129375951293,5.858555775662024e-05,0.0091208409726993,3800,0,Manual Control,Fabric - Low cost,3800,Fabric - Low cost Manual Control
3049,2022,1,0,4,15,30,19,13,1180.8219033581634,2.4436742758467465,36.3013698630137,1.0097480902605236,2.8135806405286106,3800,240,Partial Control,Fabric - Low cost,4040,Fabric - Low cost Partial Control
3050,2022,2,0,1,10,42,18,13,1062.3691202365326,2.200079203660636,18.50646879756469,0.6243852937388882,2.1371535953855223,16000,60,One Zone Controlled,Fabric - Shallow,16060,Fabric - Shallow One Zone Controlled
3051,2022,0,0,0,15,10,20,15,1705.4303343375834,3.575906258384933,22.492389649923897,1.5503158937026118,4.07641190812896,0,0,Manual Control,Baseline,0,Baseline Manual Control
3052,2023,0,0,1,15,42,18,13,763.9152172459712,2.611415375215909,21.59627092846271,1.1108621227624962,3.1947026818195696,0,60,One Zone Controlled,Baseline,60,Baseline One Zone Controlled
3053,2022,0,0,4,5,10,20,17,1820.4694839708493,3.7886288554603995,20.500380517503807,0.0028531847721066,0.0120573565679124,0,240,Partial Control,Baseline,240,Baseline Partial Control
3054,2022,2,0,9,10,42,19,15,938.328438499092,1.8898271729460951,42.43150684931507,0.0347154738479955,0.1098746020348765,16000,520,Full Control,Fabric - Shallow,16520,Fabric - Shallow Full Control
3055,2023,1,0,0,10,30,18,13,918.9051357691092,3.184414371122903,14.541476407914764,0.6201164617545777,2.148986389866592,3800,0,Manual Control,Fabric - Low cost,3800,Fabric - Low cost Manual Control
3056,2023,2,0,9,10,10,18,15,520.4511999898064,1.7327541643421338,36.25570776255708,0.0099287692797632,0.0351181403769952,16000,520,Full Control,Fabric - Shallow,16520,Fabric - Shallow Full Control
3057,2022,2,0,1,15,15,20,13,1405.0576509052232,2.97069055919945,22.627473363774733,0.9788286101564756,3.065648561613972,16000,60,One Zone Controlled,Fabric - Shallow,16060,Fabric - Shallow One Zone Controlled
3058,2023,0,0,9,15,42,18,17,807.3059220550748,2.7101445703606633,34.24657534246575,0.0013781256800595,0.0043928712353714,0,520,Full Control,Baseline,520,Baseline Full Control
3059,2023,2,0,1,15,30,19,13,695.0084345794974,2.4037573547498203,23.11263318112633,1.0086307855568792,2.974973068539622,16000,60,One Zone Controlled,Fabric - Shallow,16060,Fabric - Shallow One Zone Controlled
3060,2022,1,0,0,5,15,19,15,2285.2204289918395,4.8321913916348285,0.0,0.0,0.0,3800,0,Manual Control,Fabric - Low cost,3800,Fabric - Low cost Manual Control
3061,2023,1,0,0,15,30,20,15,899.3728105473707,3.106628368646176,24.868721461187214,1.806948784326964,4.418708983476383,3800,0,Manual Control,Fabric - Low cost,3800,Fabric - Low cost Manual Control
3062,2022,2,0,0,10,15,20,15,1611.3273133730163,3.400172139932961,15.652587519025875,0.681424206293445,2.308789210734759,16000,0,Manual Control,Fabric - Shallow,16000,Fabric - Shallow Manual Control
3063,2023,0,0,4,5,15,18,15,1061.8848118332817,3.680890705226703,14.68987823439878,0.0009709264886196,0.0055422853099472,0,240,Partial Control,Baseline,240,Baseline Partial Control
3064,2023,2,0,9,5,42,19,15,558.8410540297684,1.87918120858973,43.451293759512936,0.0324214131536836,0.0966617572373523,16000,520,Full Control,Fabric - Shallow,16520,Fabric - Shallow Full Control
3065,2022,1,0,9,15,15,18,13,905.3536218505434,1.7995884351710496,39.362633181126334,0.0261283909158526,0.0847280993405621,3800,520,Full Control,Fabric - Low cost,4320,Fabric - Low cost Full Control
3066,2022,0,0,4,10,15,19,17,1723.9724699831731,3.566049598030463,26.103500761035008,0.3376310339269808,1.0609810367759027,0,240,Partial Control,Baseline,240,Baseline Partial Control
3067,2022,0,0,4,5,42,19,17,1576.1109944353211,3.2479360475353167,14.623287671232877,0.0002907448143787,0.0019786616273145,0,240,Partial Control,Baseline,240,Baseline Partial Control
3068,2023,0,0,1,5,42,20,17,1042.6503495448005,3.5714686690180333,25.985540334855408,0.002538726419191,0.00795401330947,0,60,One Zone Controlled,Baseline,60,Baseline One Zone Controlled
3069,2023,1,0,4,10,15,19,17,995.9184867190048,3.4349707836913685,26.120624048706244,0.3374177288442603,1.0477730687653477,3800,240,Partial Control,Fabric - Low cost,4040,Fabric - Low cost Partial Control
3070,2023,2,0,4,5,42,18,15,669.8696621458258,2.2745314430011008,19.006849315068493,0.0048283670689978,0.0212411941411977,16000,240,Partial Control,Fabric - Shallow,16240,Fabric - Shallow Partial Control
3071,2022,0,0,9,10,15,20,13,1123.998529890416,2.309435916030157,45.72298325722984,0.0711762613178607,0.2151837274618383,0,520,Full Control,Baseline,520,Baseline Full Control
3072,2022,1,0,1,10,15,21,17,1881.295971343782,3.931033024796741,24.74124809741248,1.1998039451109772,3.166288762080614,3800,60,One Zone Controlled,Fabric - Low cost,3860,Fabric - Low cost One Zone Controlled
