,episode_num,cost,gas_cost,electricity_cost,cumulative_reward,mean_reward,cumulative_emissions,mean_emissions,cumulative_comfort_penalty,mean_comfort_penalty,cumulative_emissions_penalty,mean_emissions_penalty,cumulative_air_quality_penalty,mean_air_quality_penalty,comfort_violation (%),mean_comfort_violation,std_comfort_violation,cumulative_comfort_violation,mean_air_quality_violation,std_air_quality_violation,cumulative_air_quality_violation,length(timesteps),time_elapsed(seconds),year,case,rep,zones_controlled,onoffseed,tempseed,filename
0,0,45635.62995694765,21656.97966093536,23978.650296012293,-154366.11282296944,-2.936950396175218,552.7303953637003,0.0105161795160521,-74514.69359617328,-1.417707260201166,-16581.91186091101,-0.3154853854815641,-42516.91035901732,-0.808921429966083,31.489726027397257,1.417707260201166,3.259381047119996,4251691.035901732,80.89214299660829,120.54854251267184,74514.69359617328,52560,31536000,2022,4,0,9,10,42,Eplus-env-06-27_thermostat_rbc_eco_year_2022_case_4_rep_0_zone_9_onoffseed_10_tempseed_42_paper2_final_runs_v2-res1_progress.csv
1,0,73595.16245117226,49616.51215515997,23978.650296012293,-102685.88672590996,-1.953688864648211,1159.0577941723632,0.02205208893022,-7411.572670850523,-0.1410116565991347,-34771.733825170886,-0.6615626679065998,-35066.11165375544,-0.667163463732029,9.653729071537292,0.1410116565991347,0.7402983157525864,3506611.1653755438,66.71634637320288,100.00228588519566,7411.572670850523,52560,31536000,2022,3,0,4,5,15,Eplus-env-06-27_thermostat_rbc_eco_year_2022_case_3_rep_0_zone_4_onoffseed_5_tempseed_15_paper2_final_runs_v2-res1_progress.csv
2,0,27462.78362487608,13006.536699571274,14456.246925304798,-138051.98576824565,-2.626559850994019,536.9408926290927,0.0102157704077072,-73557.15855529088,-1.399489318023038,-16108.22677887278,-0.3064731122312172,-42027.52392944367,-0.7996104248372083,33.525494672754945,1.399489318023038,3.258316557993148,4202752.392944367,79.96104248372083,119.22096541241709,73557.15855529088,52560,31536000,2023,4,0,9,10,15,Eplus-env-06-27_thermostat_rbc_eco_year_2023_case_4_rep_0_zone_9_onoffseed_10_tempseed_15_paper2_final_runs_v2-res1_progress.csv
3,0,50156.441604342726,26177.791308330423,23978.650296012293,-130196.3322010312,-2.477099166686286,652.854865149621,0.0124211351816898,-46859.89926960239,-0.8915505949315524,-19585.645954488627,-0.3726340554506969,-42303.44805491602,-0.8048601228104266,25.80098934550989,0.8915505949315524,2.487150753504304,4230344.805491602,80.48601228104266,119.87191855502326,46859.89926960239,52560,31536000,2022,4,0,4,10,30,Eplus-env-06-27_thermostat_rbc_eco_year_2022_case_4_rep_0_zone_4_onoffseed_10_tempseed_30_paper2_final_runs_v2-res1_progress.csv
4,0,67368.20412490923,67368.20412490923,0.0,-471982.29222877615,-8.979876183956929,2312.78983823294,0.0440028508035186,-10768.465985733665,-0.2048794898351153,-69383.6951469882,-1.3200855241055591,-406099.89844845433,-7.726405982657046,22.054794520547947,0.2048794898351153,0.7443444637835733,40609989.84484543,772.6405982657045,828.8084760906074,10768.465985733665,52560,31536000,2023,2,0,9,5,15,Eplus-env-06-27_thermostat_rbc_eco_year_2023_case_2_rep_0_zone_9_onoffseed_5_tempseed_15_paper2_final_runs_v2-res1_progress.csv
5,0,175010.29138187776,175010.29138187776,0.0,-501609.235893272,-9.543554716386454,3678.232930488497,0.0699816006561738,-70344.21602275604,-1.3383602744055565,-110346.98791465488,-2.099448019685215,-288089.10049100174,-5.48114726961571,23.515981735159816,1.3383602744055565,3.5138943418612474,28808910.04910017,548.114726961571,631.6244916661606,70344.21602275604,52560,31536000,2022,0,0,0,15,30,Eplus-env-06-27_thermostat_rbc_eco_year_2022_case_0_rep_0_zone_0_onoffseed_15_tempseed_30_paper2_final_runs_v2-res1_progress.csv
6,0,27462.78362487608,13006.536699571274,14456.246925304798,-138051.98576824565,-2.626559850994019,536.9408926290927,0.0102157704077072,-73557.15855529088,-1.399489318023038,-16108.22677887278,-0.3064731122312172,-42027.52392944367,-0.7996104248372083,33.525494672754945,1.399489318023038,3.258316557993148,4202752.392944367,79.96104248372083,119.22096541241709,73557.15855529088,52560,31536000,2023,4,0,9,5,30,Eplus-env-06-27_thermostat_rbc_eco_year_2023_case_4_rep_0_zone_9_onoffseed_5_tempseed_30_paper2_final_runs_v2-res1_progress.csv
7,0,211671.32550362265,211671.32550362265,0.0,-440934.51940342784,-8.389165133246344,4454.4608303269615,0.0847500157976971,-5.906619557954652,-0.0001123786065059,-133633.82490980884,-2.542500473930914,-267760.3013893562,-5.094374075139958,0.0247336377473363,0.0001123786065059,0.0094274594782509,26776030.13893562,509.4374075139958,612.4794529715564,5.906619557954652,52560,31536000,2022,0,0,0,5,30,Eplus-env-06-27_thermostat_rbc_eco_year_2022_case_0_rep_0_zone_0_onoffseed_5_tempseed_30_paper2_final_runs_v2-res1_progress.csv
8,0,84829.5950080156,84829.5950080156,0.0,-514535.3331681929,-9.789485029836245,2944.7738837285365,0.0560269003753526,-52297.87594813686,-0.995012860504887,-88343.2165118561,-1.6808070112605802,-392838.3655439984,-7.474093712785359,22.33257229832572,0.995012860504887,2.753448135083673,39283836.55439984,747.4093712785358,818.8823754208267,52297.87594813686,52560,31536000,2023,2,0,0,15,30,Eplus-env-06-27_thermostat_rbc_eco_year_2023_case_2_rep_0_zone_0_onoffseed_15_tempseed_30_paper2_final_runs_v2-res1_progress.csv
9,0,305865.4278790493,0.0,305865.4278790493,-544427.8644280329,-10.358216598706866,1543.408367259328,0.029364694963077,-722.0412807920266,-0.0137374672905636,-46302.25101777983,-0.8809408488923104,-293477.3165993906,-5.5836627967920585,4.539573820395739,0.0137374672905636,0.1401330356479418,29347731.659939054,558.3662796792058,628.7236211028687,722.0412807920266,52560,31536000,2022,5,0,4,5,30,Eplus-env-06-27_thermostat_rbc_eco_year_2022_case_5_rep_0_zone_4_onoffseed_5_tempseed_30_paper2_final_runs_v2-res1_progress.csv
10,0,165925.13326834817,165925.13326834817,0.0,-515004.2793607316,-9.79840714156643,3486.443067010322,0.0663326306508813,-17.65067306761463,-0.0003358195028084,-104593.29201030968,-1.98997891952644,-379243.2771608284,-7.215435258006628,0.045662100456621,0.0003358195028084,0.0224551548596567,37924327.71608283,721.5435258006628,808.688867614095,17.65067306761463,52560,31536000,2022,2,0,0,5,30,Eplus-env-06-27_thermostat_rbc_eco_year_2022_case_2_rep_0_zone_0_onoffseed_5_tempseed_30_paper2_final_runs_v2-res1_progress.csv
11,0,279438.37843330414,0.0,279438.37843330414,-568186.1305458229,-10.810238404600891,1418.2835534681326,0.0269840858726813,-40505.0307751248,-0.7706436601051141,-42548.50660404398,-0.809522576180441,-299072.562374412,-5.690117244566439,22.005327245053277,0.7706436601051141,2.201534957064136,29907256.23744121,569.011724456644,631.5683720525094,40505.0307751248,52560,31536000,2022,5,0,4,10,30,Eplus-env-06-27_thermostat_rbc_eco_year_2022_case_5_rep_0_zone_4_onoffseed_10_tempseed_30_paper2_final_runs_v2-res1_progress.csv
12,0,17717.46896731035,0.0,17717.46896731035,-113767.56876621777,-2.164527564045239,88.24995151498759,0.0016790325630705,-56896.28231472743,-1.0825015661097304,-2647.4985454496277,-0.0503709768921162,-42376.62508933376,-0.8062523799340516,33.33713850837138,1.0825015661097304,2.675078387523547,4237662.5089333765,80.62523799340518,120.18116628324395,56896.28231472743,52560,31536000,2022,14,0,4,15,42,Eplus-env-06-27_thermostat_rbc_eco_year_2022_case_14_rep_0_zone_4_onoffseed_15_tempseed_42_paper2_final_runs_v2-res1_progress.csv
13,0,177807.96200830492,0.0,177807.96200830492,-444280.9649663612,-8.45283418885771,1132.5225844710417,0.0215472333422953,-1675.7427687559448,-0.0318824727693292,-33975.677534131246,-0.6464170002688593,-297140.528478611,-5.65335860880158,13.131659056316591,0.0318824727693292,0.2059401250908944,29714052.847861096,565.3358608801578,628.7911010866034,1675.7427687559448,52560,31536000,2023,5,0,9,10,15,Eplus-env-06-27_thermostat_rbc_eco_year_2023_case_5_rep_0_zone_9_onoffseed_10_tempseed_15_paper2_final_runs_v2-res1_progress.csv
14,0,16192.66145924592,0.0,16192.66145924592,-127494.33565452127,-2.4256913176278783,79.83626945682256,0.0015189548983413,-71829.01406437678,-1.3666098566281732,-2395.088083704677,-0.0455686469502411,-42418.1052503354,-0.8070415763001408,31.974885844748854,1.3666098566281732,3.1313373171230023,4241810.525033539,80.70415763001407,120.29785773605474,71829.01406437678,52560,31536000,2022,14,0,9,15,30,Eplus-env-06-27_thermostat_rbc_eco_year_2022_case_14_rep_0_zone_9_onoffseed_15_tempseed_30_paper2_final_runs_v2-res1_progress.csv
15,0,18828.49880946877,0.0,18828.49880946877,-70891.41663978805,-1.34877124504924,121.97904455413466,0.0023207580775139,-13795.53243802473,-0.2624720783490245,-3659.37133662404,-0.0696227423254193,-41692.289325736914,-0.7932322931076278,13.257229832572298,0.2624720783490245,1.1264491635758904,4169228.932573692,79.32322931076277,118.18360868491204,13795.53243802473,52560,31536000,2023,14,0,0,10,30,Eplus-env-06-27_thermostat_rbc_eco_year_2023_case_14_rep_0_zone_0_onoffseed_10_tempseed_30_paper2_final_runs_v2-res1_progress.csv
16,0,250247.76876162784,0.0,250247.76876162784,-507543.0375754904,-9.65645048659609,1261.1248380994653,0.0239940037690157,-1900.636146799237,-0.0361612661110965,-37833.74514298397,-0.7198201130704711,-300914.70180480345,-5.725165559452121,11.459284627092844,0.0361612661110965,0.2379094952872463,30091470.180480342,572.516555945212,636.5491422296992,1900.636146799237,52560,31536000,2022,5,0,9,10,42,Eplus-env-06-27_thermostat_rbc_eco_year_2022_case_5_rep_0_zone_9_onoffseed_10_tempseed_42_paper2_final_runs_v2-res1_progress.csv
17,0,195581.0863252293,195581.0863252293,0.0,-492481.3789299561,-9.369889249047873,4121.05230265899,0.0784066267629183,-1054.1372705440906,-0.0200558841427718,-123631.56907976967,-2.352198802887551,-331422.35493674193,-6.305600360288088,5.631659056316591,0.0200558841427718,0.1506318915946987,33142235.4936742,630.5600360288089,697.3077524575391,1054.1372705440906,52560,31536000,2022,1,0,4,5,15,Eplus-env-06-27_thermostat_rbc_eco_year_2022_case_1_rep_0_zone_4_onoffseed_5_tempseed_15_paper2_final_runs_v2-res1_progress.csv
18,0,131368.28167076127,0.0,131368.28167076127,-455931.656847846,-8.674498798475,854.2087205259438,0.0162520685031572,-50670.845355223166,-0.9640571795133784,-25626.26161577832,-0.4875620550947168,-297788.42025777313,-5.6656853169287125,26.1910197869102,0.9640571795133784,2.508243968477426,29778842.02577731,566.5685316928711,632.1670026493366,50670.845355223166,52560,31536000,2023,10,0,4,15,30,Eplus-env-06-27_thermostat_rbc_eco_year_2023_case_10_rep_0_zone_4_onoffseed_15_tempseed_30_paper2_final_runs_v2-res1_progress.csv
19,0,39837.75661533133,25381.50969002653,14456.246925304797,-79483.32225326824,-1.5122397688977975,952.396174545885,0.0181201707485898,-11069.304272597336,-0.2106032015334348,-28571.885236376547,-0.5436051224576969,-35822.74929366836,-0.681559157033264,13.409436834094368,0.2106032015334348,0.964580579395851,3582274.929366836,68.1559157033264,102.26071975337032,11069.304272597336,52560,31536000,2023,3,0,0,15,30,Eplus-env-06-27_thermostat_rbc_eco_year_2023_case_3_rep_0_zone_0_onoffseed_15_tempseed_30_paper2_final_runs_v2-res1_progress.csv
20,0,76658.50607082184,52679.85577480952,23978.650296012293,-105638.72836386097,-2.009869261108466,1237.9126670968533,0.023552371900625,-914.0636753097212,-0.0173908614023919,-37137.3800129056,-0.7065711570187518,-42010.340872011904,-0.7992835021311245,1.0502283105022832,0.0173908614023919,0.2403424302587917,4201034.087201191,79.92835021311247,118.34975550952775,914.0636753097212,52560,31536000,2022,4,0,0,5,15,Eplus-env-06-27_thermostat_rbc_eco_year_2022_case_4_rep_0_zone_0_onoffseed_5_tempseed_15_paper2_final_runs_v2-res1_progress.csv
21,0,201450.7431407089,0.0,201450.7431407089,-527596.8424735259,-10.037991675675912,1020.9094949747698,0.01942369663194,-72619.21794320436,-1.381644177001605,-30627.28484924309,-0.5827108989582018,-290170.7715669076,-5.520752883693067,28.60540334855403,1.381644177001605,3.5448963607817685,29017077.156690765,552.0752883693068,630.6178946811178,72619.21794320436,52560,31536000,2022,10,0,0,10,42,Eplus-env-06-27_thermostat_rbc_eco_year_2022_case_10_rep_0_zone_0_onoffseed_10_tempseed_42_paper2_final_runs_v2-res1_progress.csv
22,0,86464.38924055232,86464.38924055232,0.0,-370322.0397949705,-7.045700909341143,2961.180426702392,0.0563390492142768,-1952.170947932172,-0.0371417608054066,-88835.41280107175,-1.6901714764283058,-297633.35200934246,-5.662735007788099,12.3382800608828,0.0371417608054066,0.2189081993906933,29763335.20093425,566.2735007788099,629.8419070257769,1952.170947932172,52560,31536000,2023,0,0,9,5,15,Eplus-env-06-27_thermostat_rbc_eco_year_2023_case_0_rep_0_zone_9_onoffseed_5_tempseed_15_paper2_final_runs_v2-res1_progress.csv
23,0,121914.854652609,0.0,121914.854652609,-398575.7931684146,-7.5832532946806435,775.7310963240304,0.0147589630198635,-1565.343958817569,-0.0297820387902886,-23271.93288972091,-0.4427688905959077,-297271.9066182976,-5.655858192889984,13.276255707762555,0.0297820387902886,0.1804454061982691,29727190.66182976,565.5858192889986,628.8580511446348,1565.343958817569,52560,31536000,2023,10,0,9,15,42,Eplus-env-06-27_thermostat_rbc_eco_year_2023_case_10_rep_0_zone_9_onoffseed_15_tempseed_42_paper2_final_runs_v2-res1_progress.csv
24,0,167460.69710779702,167460.69710779702,0.0,-541559.4422551523,-10.303642356452668,3524.5351026609574,0.0670573649669132,-67910.4863450888,-1.2920564373114307,-105736.05307982874,-2.011720949007396,-336649.3596061748,-6.405048698747618,23.559741248097414,1.2920564373114307,3.4079937530185918,33664935.96061748,640.5048698747619,718.5582935377922,67910.4863450888,52560,31536000,2022,1,0,0,15,30,Eplus-env-06-27_thermostat_rbc_eco_year_2022_case_1_rep_0_zone_0_onoffseed_15_tempseed_30_paper2_final_runs_v2-res1_progress.csv
25,0,67368.20412490923,67368.20412490923,0.0,-471982.29222877615,-8.979876183956929,2312.78983823294,0.0440028508035186,-10768.465985733665,-0.2048794898351153,-69383.6951469882,-1.3200855241055591,-406099.89844845433,-7.726405982657046,22.054794520547947,0.2048794898351153,0.7443444637835733,40609989.84484543,772.6405982657045,828.8084760906074,10768.465985733665,52560,31536000,2023,2,0,9,5,30,Eplus-env-06-27_thermostat_rbc_eco_year_2023_case_2_rep_0_zone_9_onoffseed_5_tempseed_30_paper2_final_runs_v2-res1_progress.csv
26,0,28854.53748633131,14398.290561026522,14456.246925304797,-122227.87694810194,-2.3254923315848925,581.6277254700774,0.0110659765119877,-56589.81631653853,-1.0766707822781303,-17448.831764102328,-0.3319792953596333,-42032.16351399575,-0.7996986969938309,35.74581430745815,1.0766707822781303,2.6137403655044302,4203216.351399575,79.9698696993831,119.1600303130028,56589.81631653853,52560,31536000,2023,4,0,4,10,42,Eplus-env-06-27_thermostat_rbc_eco_year_2023_case_4_rep_0_zone_4_onoffseed_10_tempseed_42_paper2_final_runs_v2-res1_progress.csv
27,0,53089.44628624735,29110.795990235045,23978.650296012293,-129095.8170923984,-2.4561609035844447,740.6511146376329,0.0140915356666216,-43765.1118890574,-0.8326695564889155,-22219.533439128987,-0.4227460699986489,-41898.22919656206,-0.797150479386645,23.08028919330289,0.8326695564889155,2.43857959567164,4189822.919656206,79.7150479386645,118.74730410184162,43765.1118890574,52560,31536000,2022,4,0,4,10,15,Eplus-env-06-27_thermostat_rbc_eco_year_2022_case_4_rep_0_zone_4_onoffseed_10_tempseed_15_paper2_final_runs_v2-res1_progress.csv
28,0,27462.78362487608,13006.536699571274,14456.246925304798,-138051.98576824565,-2.626559850994019,536.9408926290927,0.0102157704077072,-73557.15855529088,-1.399489318023038,-16108.22677887278,-0.3064731122312172,-42027.52392944367,-0.7996104248372083,33.525494672754945,1.399489318023038,3.258316557993148,4202752.392944367,79.96104248372083,119.22096541241709,73557.15855529088,52560,31536000,2023,4,0,9,10,30,Eplus-env-06-27_thermostat_rbc_eco_year_2023_case_4_rep_0_zone_9_onoffseed_10_tempseed_30_paper2_final_runs_v2-res1_progress.csv
29,0,64313.74075844513,40335.090462432825,23978.650296012293,-99341.6957223052,-1.8900627040012403,936.2726554330652,0.0178134066863216,-11021.682257472818,-0.2096971510173671,-28088.179662991955,-0.534402200589649,-35704.942150348434,-0.6793177730279383,13.226788432267885,0.2096971510173671,0.8830539216030612,3570494.2150348434,67.93177730279382,102.03566104883468,11021.682257472818,52560,31536000,2022,3,0,4,5,30,Eplus-env-06-27_thermostat_rbc_eco_year_2022_case_3_rep_0_zone_4_onoffseed_5_tempseed_30_paper2_final_runs_v2-res1_progress.csv
30,0,353161.1403580041,0.0,353161.1403580041,-571735.911199329,-10.877776088267291,1776.966448475756,0.033808341865977,-683.4328383454435,-0.0130029078832846,-53308.99345427267,-1.0142502559793125,-282131.34943410056,-5.367795841592477,4.299847792998477,0.0130029078832846,0.1406625495099278,28213134.943410046,536.7795841592474,607.9821202401864,683.4328383454435,52560,31536000,2022,5,0,4,5,15,Eplus-env-06-27_thermostat_rbc_eco_year_2022_case_5_rep_0_zone_4_onoffseed_5_tempseed_15_paper2_final_runs_v2-res1_progress.csv
31,0,124213.775828482,124213.775828482,0.0,-578804.2062260667,-11.012256587253932,2590.4882445703315,0.0492863060230276,-76564.2044991983,-1.4567009988431945,-77714.64733710994,-1.4785891806908285,-400620.7117215872,-7.62215965984755,32.009132420091326,1.4567009988431945,3.5253013231561106,40062071.17215872,762.2159659847549,833.5439951449944,76564.2044991983,52560,31536000,2022,2,0,0,15,42,Eplus-env-06-27_thermostat_rbc_eco_year_2022_case_2_rep_0_zone_0_onoffseed_15_tempseed_42_paper2_final_runs_v2-res1_progress.csv
32,0,104437.22752648126,104437.22752648126,0.0,-490147.7346236988,-9.325489623738562,3683.961576158744,0.0700905931537051,-21503.021548189543,-0.4091138041892987,-110518.84728476232,-2.1027177946111557,-383204.61723609496,-7.29080321986482,13.16400304414003,0.4091138041892987,1.7146848815018914,38320461.72360949,729.080321986482,801.9980271429145,21503.021548189543,52560,31536000,2023,2,0,0,15,15,Eplus-env-06-27_thermostat_rbc_eco_year_2023_case_2_rep_0_zone_0_onoffseed_15_tempseed_15_paper2_final_runs_v2-res1_progress.csv
33,0,27462.78362487608,13006.536699571274,14456.246925304798,-138051.98576824565,-2.626559850994019,536.9408926290927,0.0102157704077072,-73557.15855529088,-1.399489318023038,-16108.22677887278,-0.3064731122312172,-42027.52392944367,-0.7996104248372083,33.525494672754945,1.399489318023038,3.258316557993148,4202752.392944367,79.96104248372083,119.22096541241709,73557.15855529088,52560,31536000,2023,4,0,9,5,15,Eplus-env-06-27_thermostat_rbc_eco_year_2023_case_4_rep_0_zone_9_onoffseed_5_tempseed_15_paper2_final_runs_v2-res1_progress.csv
34,0,216119.32945117832,216119.32945117832,0.0,-490883.33039512334,-9.339484977076166,4578.440474160182,0.0871088370274007,-36922.93687313651,-0.7024911886060979,-137353.21422480547,-2.613265110822022,-277153.17009797785,-5.2730816228686805,16.270928462709286,0.7024911886060979,2.400962010046647,27715317.00979779,527.3081622868681,610.6567323653851,36922.93687313651,52560,31536000,2022,0,0,0,15,15,Eplus-env-06-27_thermostat_rbc_eco_year_2022_case_0_rep_0_zone_0_onoffseed_15_tempseed_15_paper2_final_runs_v2-res1_progress.csv
35,0,95691.0324706902,95691.0324706902,0.0,-460665.3473220269,-8.764561402626082,3287.374679395539,0.0625451803537964,-92888.60956385106,-1.7672870921585058,-98621.24038186618,-1.8763554106138924,-289491.90409390425,-5.507836835880979,33.25532724505327,1.7672870921585058,4.1393070368516405,28949190.409390427,550.7836835880979,633.6151272230928,92888.60956385106,52560,31536000,2023,0,0,0,15,42,Eplus-env-06-27_thermostat_rbc_eco_year_2023_case_0_rep_0_zone_0_onoffseed_15_tempseed_42_paper2_final_runs_v2-res1_progress.csv
36,0,264424.7155691275,264424.7155691275,0.0,-467872.5227254934,-8.90168422232674,5592.885863842387,0.1064095483988277,-0.8450457086491809,-1.6077734182823076e-05,-167786.57591527162,-3.192286451964833,-251545.8178726815,-4.785879335477198,0.0038051750380517,1.6077734182823076e-05,0.0028615842690886,25154581.787268154,478.58793354771984,585.2743120271307,0.8450457086491809,52560,31536000,2022,0,0,0,5,15,Eplus-env-06-27_thermostat_rbc_eco_year_2022_case_0_rep_0_zone_0_onoffseed_5_tempseed_15_paper2_final_runs_v2-res1_progress.csv
37,0,16192.66145924592,0.0,16192.66145924592,-127494.33565452127,-2.4256913176278783,79.83626945682256,0.0015189548983413,-71829.01406437678,-1.3666098566281732,-2395.088083704677,-0.0455686469502411,-42418.1052503354,-0.8070415763001408,31.974885844748854,1.3666098566281732,3.1313373171230023,4241810.525033539,80.70415763001407,120.29785773605474,71829.01406437678,52560,31536000,2022,14,0,9,15,15,Eplus-env-06-27_thermostat_rbc_eco_year_2022_case_14_rep_0_zone_9_onoffseed_15_tempseed_15_paper2_final_runs_v2-res1_progress.csv
38,0,177807.96200830492,0.0,177807.96200830492,-444280.9649663612,-8.45283418885771,1132.5225844710417,0.0215472333422953,-1675.7427687559448,-0.0318824727693292,-33975.677534131246,-0.6464170002688593,-297140.528478611,-5.65335860880158,13.131659056316591,0.0318824727693292,0.2059401250908944,29714052.847861096,565.3358608801578,628.7911010866034,1675.7427687559448,52560,31536000,2023,5,0,9,10,30,Eplus-env-06-27_thermostat_rbc_eco_year_2023_case_5_rep_0_zone_9_onoffseed_10_tempseed_30_paper2_final_runs_v2-res1_progress.csv
39,0,23118.079745042727,0.0,23118.079745042727,-69666.42340538064,-1.3254646766624931,146.2932339719543,0.0027833568107297,-9845.31643640984,-0.1873157617277367,-4388.797019158628,-0.0835007043218917,-40908.20592955134,-0.7783144202730468,8.628234398782345,0.1873157617277367,0.9392040053020728,4090820.592955133,77.83144202730467,115.9373233469256,9845.31643640984,52560,31536000,2023,14,0,0,10,15,Eplus-env-06-27_thermostat_rbc_eco_year_2023_case_14_rep_0_zone_0_onoffseed_10_tempseed_15_paper2_final_runs_v2-res1_progress.csv
40,0,315432.65695669374,0.0,315432.65695669374,-574860.0029960648,-10.9372146688749,1599.4541441228982,0.0304310149186243,-26753.112029270244,-0.5090013704199057,-47983.62432368695,-0.912930447558732,-290051.43431052344,-5.518482387947554,18.32572298325723,0.5090013704199057,1.7186673768604377,29005143.43105235,551.8482387947555,613.2851007817198,26753.112029270244,52560,31536000,2022,5,0,4,10,15,Eplus-env-06-27_thermostat_rbc_eco_year_2022_case_5_rep_0_zone_4_onoffseed_10_tempseed_15_paper2_final_runs_v2-res1_progress.csv
41,0,189257.5519231616,0.0,189257.5519231616,-503834.782090144,-9.585897680558295,1198.600471769803,0.0228044229788775,-49096.31048084096,-0.9341002755106728,-35958.0141530941,-0.684132689366326,-299906.86838096444,-5.705990646517589,29.254185692541856,0.9341002755106728,2.4747771351676864,29990686.838096447,570.5990646517589,633.2009535724178,49096.31048084096,52560,31536000,2023,5,0,4,10,42,Eplus-env-06-27_thermostat_rbc_eco_year_2023_case_5_rep_0_zone_4_onoffseed_10_tempseed_42_paper2_final_runs_v2-res1_progress.csv
42,0,207576.58789855964,207576.58789855964,0.0,-534192.5374578364,-10.16348054524042,4385.568473029928,0.083439278406201,-1.49967556517732,-2.8532640128944444e-05,-131567.05419089785,-2.503178352186032,-364372.6312224598,-6.932508204384699,0.0038051750380517,2.8532640128944444e-05,0.0049857903541117,36437263.122245975,693.2508204384699,784.4378693272635,1.49967556517732,52560,31536000,2022,2,0,0,5,15,Eplus-env-06-27_thermostat_rbc_eco_year_2022_case_2_rep_0_zone_0_onoffseed_5_tempseed_15_paper2_final_runs_v2-res1_progress.csv
43,0,63337.171490328576,39358.52119431627,23978.650296012293,-96391.84130158268,-1.8339391419631408,917.7512604924012,0.017461020937831,-1908.8081313765604,-0.0363167452697214,-27532.53781477203,-0.5238306281349321,-42666.89317396829,-0.8117749842840237,2.6426940639269407,0.0363167452697214,0.3730180598499927,4266689.317396829,81.17749842840237,120.5335112662964,1908.8081313765604,52560,31536000,2022,4,0,0,5,30,Eplus-env-06-27_thermostat_rbc_eco_year_2022_case_4_rep_0_zone_0_onoffseed_5_tempseed_30_paper2_final_runs_v2-res1_progress.csv
44,0,91500.821665698,91500.821665698,0.0,-503662.2526380009,-9.582615156735176,3145.3655050666976,0.0598433315271441,-90696.50195372774,-1.725580326364683,-94360.96515200096,-1.7952999458143255,-338108.9284795656,-6.432818273964338,33.784246575342465,1.725580326364683,4.045556364392834,33810892.84795656,643.2818273964338,721.0568034683566,90696.50195372774,52560,31536000,2023,1,0,0,15,42,Eplus-env-06-27_thermostat_rbc_eco_year_2023_case_1_rep_0_zone_0_onoffseed_15_tempseed_42_paper2_final_runs_v2-res1_progress.csv
45,0,206658.4165025693,206658.4165025693,0.0,-530560.7511137995,-10.094382631541087,4385.61622557532,0.0834401869401697,-34971.247344033945,-0.6653585872152578,-131568.48676725957,-2.50320560820509,-326522.25322901364,-6.212371636777276,15.920852359208522,0.6653585872152578,2.317481918819999,32652225.322901364,621.2371636777276,698.5356827469399,34971.247344033945,52560,31536000,2022,1,0,0,15,15,Eplus-env-06-27_thermostat_rbc_eco_year_2022_case_1_rep_0_zone_0_onoffseed_15_tempseed_15_paper2_final_runs_v2-res1_progress.csv
46,0,86464.38924055232,86464.38924055232,0.0,-370322.0397949705,-7.045700909341143,2961.180426702392,0.0563390492142768,-1952.170947932172,-0.0371417608054066,-88835.41280107175,-1.6901714764283058,-297633.35200934246,-5.662735007788099,12.3382800608828,0.0371417608054066,0.2189081993906933,29763335.20093425,566.2735007788099,629.8419070257769,1952.170947932172,52560,31536000,2023,0,0,9,5,30,Eplus-env-06-27_thermostat_rbc_eco_year_2023_case_0_rep_0_zone_9_onoffseed_5_tempseed_30_paper2_final_runs_v2-res1_progress.csv
47,0,48256.469576233314,33800.22265092851,14456.246925304797,-79074.19576777967,-1.504455779447863,1268.1622757988357,0.0241278971803431,-4801.182601397316,-0.0913467009398271,-38044.86827396506,-0.7238369154102942,-34794.39540606589,-0.661993824316322,4.813546423135464,0.0913467009398271,0.6499097790347355,3479439.540606589,66.19938243163222,99.3370834298406,4801.182601397316,52560,31536000,2023,3,0,0,15,15,Eplus-env-06-27_thermostat_rbc_eco_year_2023_case_3_rep_0_zone_0_onoffseed_15_tempseed_15_paper2_final_runs_v2-res1_progress.csv
48,0,59588.46685641623,35609.81656040394,23978.650296012293,-117133.0627897784,-2.2285590332910656,827.5788136408812,0.0157454112184338,-31699.823132618905,-0.6031168784744845,-24827.36440922644,-0.4723623365530144,-36683.9149219254,-0.6979435867946233,38.59589041095891,0.6031168784744845,1.6624993491694056,3668391.492192541,69.79435867946235,104.66504214980084,31699.823132618905,52560,31536000,2022,3,0,0,15,42,Eplus-env-06-27_thermostat_rbc_eco_year_2022_case_3_rep_0_zone_0_onoffseed_15_tempseed_42_paper2_final_runs_v2-res1_progress.csv
49,0,146475.57302347317,0.0,146475.57302347317,-441305.6016167767,-8.396225297122843,953.2052026035705,0.0181355632154408,-31945.38032612339,-0.6077888189901711,-28596.156078107106,-0.544066896463225,-289528.5550001499,-5.508534151448818,20.951293759512936,0.6077888189901711,1.9218203296471523,28952855.500014987,550.8534151448818,616.4081867148542,31945.38032612339,52560,31536000,2023,10,0,4,15,15,Eplus-env-06-27_thermostat_rbc_eco_year_2023_case_10_rep_0_zone_4_onoffseed_15_tempseed_15_paper2_final_runs_v2-res1_progress.csv
50,0,168226.84297941465,168226.84297941465,0.0,-481347.5191411251,-9.158057822319732,3530.4220545560047,0.0671693693789194,-1366.656623947784,-0.0260018383551709,-105912.66163668016,-2.015081081367583,-342354.4822757182,-6.513593650603466,6.464992389649924,0.0260018383551709,0.1745430490791438,34235448.227571815,651.3593650603466,717.3103191423542,1366.656623947784,52560,31536000,2022,1,0,4,5,30,Eplus-env-06-27_thermostat_rbc_eco_year_2022_case_1_rep_0_zone_4_onoffseed_5_tempseed_30_paper2_final_runs_v2-res1_progress.csv
51,0,135744.47830778977,135744.47830778977,0.0,-465417.0291834045,-8.85496630866447,2818.510373335687,0.0536246265855343,-4556.490839016215,-0.0866912260086798,-84555.3112000706,-1.6087387975660312,-349807.98064078554,-6.655402980228035,14.866818873668189,0.0866912260086798,0.4130503253035807,34980798.064078555,665.5402980228035,725.6028304626499,4556.490839016215,52560,31536000,2022,1,0,9,5,42,Eplus-env-06-27_thermostat_rbc_eco_year_2022_case_1_rep_0_zone_9_onoffseed_5_tempseed_42_paper2_final_runs_v2-res1_progress.csv
52,0,210787.37823099972,0.0,210787.37823099972,-446443.0652865505,-8.49397003969845,1363.676683012328,0.0259451423708585,-626.7299707140029,-0.0119240862007991,-40910.30049036984,-0.778354271125758,-273371.18118505564,-5.2011259738404805,12.994672754946729,0.0119240862007991,0.1345037285578356,27337118.118505564,520.1125973840481,617.9971751238869,626.7299707140029,52560,31536000,2023,5,0,0,5,42,Eplus-env-06-27_thermostat_rbc_eco_year_2023_case_5_rep_0_zone_0_onoffseed_5_tempseed_42_paper2_final_runs_v2-res1_progress.csv
53,0,215152.36217588608,0.0,215152.36217588608,-515088.7060766775,-9.80001343372674,1334.4204176071837,0.0253885163167272,-57257.49740058745,-1.0893739992501417,-40032.6125282155,-0.7616554895018169,-281815.0611799976,-5.361778180745768,21.820776255707763,1.0893739992501417,3.027510471541188,28181506.117999755,536.1778180745767,613.4285813164946,57257.49740058745,52560,31536000,2023,5,0,0,10,30,Eplus-env-06-27_thermostat_rbc_eco_year_2023_case_5_rep_0_zone_0_onoffseed_10_tempseed_30_paper2_final_runs_v2-res1_progress.csv
54,0,27348.228771524744,0.0,27348.228771524744,-79283.25540294594,-1.5084333219738573,138.44061812793484,0.0026339539217643,-15370.41357914434,-0.2924355703794585,-4153.218543838046,-0.0790186176529308,-41539.255865817206,-0.7903206975992619,10.150304414003044,0.2924355703794585,1.5363348919165372,4153925.586581721,79.03206975992619,117.81067827790122,15370.41357914434,52560,31536000,2022,14,0,0,15,15,Eplus-env-06-27_thermostat_rbc_eco_year_2022_case_14_rep_0_zone_0_onoffseed_15_tempseed_15_paper2_final_runs_v2-res1_progress.csv
55,0,9078.400535650217,0.0,9078.400535650217,-120679.01136289866,-2.2960238082743274,59.1682811242529,0.0011257283318921,-71316.19951009497,-1.3568531109226594,-1775.048433727587,-0.0337718499567653,-41935.77237458825,-0.7978647712060168,33.90981735159818,1.3568531109226594,3.139687987881909,4193577.2374588246,79.78647712060169,118.98764338980646,71316.19951009497,52560,31536000,2023,14,0,9,10,15,Eplus-env-06-27_thermostat_rbc_eco_year_2023_case_14_rep_0_zone_9_onoffseed_10_tempseed_15_paper2_final_runs_v2-res1_progress.csv
56,0,109760.0854143488,109760.0854143488,0.0,-372673.0740264492,-7.090431393197283,3777.833423521542,0.0718765872055088,-312.7615763948689,-0.0059505627167973,-113335.00270564624,-2.156297616165263,-282565.5865725755,-5.376057583192075,12.465753424657535,0.0059505627167973,0.0370050036687063,28256558.657257557,537.6057583192077,625.6882657638,312.7615763948689,52560,31536000,2023,0,0,1,5,42,Eplus-env-06-27_thermostat_rbc_eco_year_2023_case_0_rep_0_zone_1_onoffseed_5_tempseed_42_paper2_final_runs_v2-res1_progress.csv
57,0,99914.31044023603,99914.31044023603,0.0,-377715.555212011,-7.186369010883009,3433.6433047999994,0.0653280689649923,-730.8434856584383,-0.0139049369417511,-103009.29914399998,-1.9598420689497715,-295244.8143551954,-5.617290988493063,12.659817351598171,0.0139049369417511,0.0924101916761501,29524481.43551954,561.7290988493063,631.4319894315672,730.8434856584383,52560,31536000,2023,0,0,4,5,42,Eplus-env-06-27_thermostat_rbc_eco_year_2023_case_0_rep_0_zone_4_onoffseed_5_tempseed_42_paper2_final_runs_v2-res1_progress.csv
58,0,32510.30566430987,18054.05873900507,14456.246925304797,-102260.79473084836,-1.9456011174057903,705.3262986897975,0.0134194501272792,-40385.25276957651,-0.7683647787210143,-21159.78896069392,-0.4025835038183775,-35278.86089729996,-0.6712112042865289,26.162480974124808,0.7683647787210143,2.1663479660135327,3527886.089729996,67.12112042865289,101.22678556213036,40385.25276957651,52560,31536000,2023,3,0,9,15,15,Eplus-env-06-27_thermostat_rbc_eco_year_2023_case_3_rep_0_zone_9_onoffseed_15_tempseed_15_paper2_final_runs_v2-res1_progress.csv
59,0,54250.37938108381,30271.72908507152,23978.650296012293,-120100.68031176538,-2.2850205538768145,726.1856664248787,0.0138163178543546,-39908.744393534405,-0.7592987898313243,-21785.56999274636,-0.4144895356306384,-35809.70054656629,-0.6813108931995108,25.09512937595129,0.7592987898313243,2.1364461455195296,3580970.054656629,68.13108931995109,102.67684755741055,39908.744393534405,52560,31536000,2022,3,0,9,15,42,Eplus-env-06-27_thermostat_rbc_eco_year_2022_case_3_rep_0_zone_9_onoffseed_15_tempseed_42_paper2_final_runs_v2-res1_progress.csv
60,0,82474.64781527486,82474.64781527486,0.0,-418054.22343890194,-7.953847477909093,2827.183471637016,0.0537896398713283,-4068.971117904676,-0.0774157366420219,-84815.50414911048,-1.6136891961398492,-346512.74294332095,-6.592708199073838,16.040715372907155,0.0774157366420219,0.3650598152729165,34651274.2943321,659.270819907384,718.7880688708885,4068.971117904676,52560,31536000,2023,1,0,9,15,42,Eplus-env-06-27_thermostat_rbc_eco_year_2023_case_1_rep_0_zone_9_onoffseed_15_tempseed_42_paper2_final_runs_v2-res1_progress.csv
61,0,20092.03366747146,0.0,20092.03366747146,-65436.72083789518,-1.2449908835215977,131.5776380930104,0.0025033797201866,-7006.152708949003,-0.1332981870043569,-3947.329142790312,-0.0751013916055995,-41993.27538558776,-0.7989588163163577,26.168188736681884,0.1332981870043569,0.4334147067246487,4199327.5385587765,79.89588163163577,118.99665705433291,7006.152708949003,52560,31536000,2023,14,0,0,5,42,Eplus-env-06-27_thermostat_rbc_eco_year_2023_case_14_rep_0_zone_0_onoffseed_5_tempseed_42_paper2_final_runs_v2-res1_progress.csv
62,0,45800.84742576627,0.0,45800.84742576627,-79970.33538805289,-1.521505620016227,221.6811071248486,0.0042176770761957,-739.8973186091988,-0.0140771940374657,-6650.4332137454585,-0.1265303122858725,-41760.76479042431,-0.794535098752365,1.0007610350076104,0.0140771940374657,0.2022175227479061,4176076.479042431,79.4535098752365,117.86732519044672,739.8973186091988,52560,31536000,2022,14,0,0,5,15,Eplus-env-06-27_thermostat_rbc_eco_year_2022_case_14_rep_0_zone_0_onoffseed_5_tempseed_15_paper2_final_runs_v2-res1_progress.csv
63,0,135744.47830778977,135744.47830778977,0.0,-465417.0291834045,-8.85496630866447,2818.510373335687,0.0536246265855343,-4556.490839016215,-0.0866912260086798,-84555.3112000706,-1.6087387975660312,-349807.98064078554,-6.655402980228035,14.866818873668189,0.0866912260086798,0.4130503253035807,34980798.064078555,665.5402980228035,725.6028304626499,4556.490839016215,52560,31536000,2022,1,0,9,15,15,Eplus-env-06-27_thermostat_rbc_eco_year_2022_case_1_rep_0_zone_9_onoffseed_15_tempseed_15_paper2_final_runs_v2-res1_progress.csv
64,0,58941.80716450588,34963.1568684936,23978.650296012293,-111626.01667745168,-2.123782661290938,831.2184523773739,0.0158146585307719,-27633.41729295917,-0.525749948496179,-24936.553571321216,-0.4744397559231585,-35772.30694321026,-0.6805994471691449,20.9265601217656,0.525749948496179,1.8190936211425397,3577230.694321025,68.05994471691449,102.43776933061676,27633.41729295917,52560,31536000,2022,3,0,4,15,30,Eplus-env-06-27_thermostat_rbc_eco_year_2022_case_3_rep_0_zone_4_onoffseed_15_tempseed_30_paper2_final_runs_v2-res1_progress.csv
65,0,151977.3167291769,151977.3167291769,0.0,-513713.9991136082,-9.773858430624204,3163.407940407345,0.0601866046500636,-89581.20174577706,-1.7043607638085436,-94902.23821222036,-1.8055981395019092,-299800.15455169155,-5.703960322520768,31.28805175038052,1.7043607638085436,4.03665129227088,29980015.45516915,570.3960322520767,646.2712881464398,89581.20174577706,52560,31536000,2022,0,0,1,15,42,Eplus-env-06-27_thermostat_rbc_eco_year_2022_case_0_rep_0_zone_1_onoffseed_15_tempseed_42_paper2_final_runs_v2-res1_progress.csv
66,0,219141.04598471703,0.0,219141.04598471703,-496186.8296004835,-9.440388691028986,1103.8552749172702,0.0210018126886847,-26785.583240627388,-0.5096191636344632,-33115.658247518106,-0.6300543806605423,-290121.95663975907,-5.519824136981717,18.49124809741248,0.5096191636344632,1.722182339100437,29012195.66397591,551.9824136981717,613.1681711431432,26785.583240627388,52560,31536000,2022,10,0,4,10,15,Eplus-env-06-27_thermostat_rbc_eco_year_2022_case_10_rep_0_zone_4_onoffseed_10_tempseed_15_paper2_final_runs_v2-res1_progress.csv
67,0,90708.81399218465,90708.81399218465,0.0,-472986.2425271215,-8.998977217030468,3129.703235069843,0.0595453431329878,-52171.28043022628,-0.992604269981474,-93891.09705209528,-1.7863602939896364,-346606.08136988885,-6.594484044328175,27.36491628614916,0.992604269981474,2.556181443605324,34660608.13698888,659.4484044328174,721.1678590586508,52171.28043022628,52560,31536000,2023,1,0,4,15,30,Eplus-env-06-27_thermostat_rbc_eco_year_2023_case_1_rep_0_zone_4_onoffseed_15_tempseed_30_paper2_final_runs_v2-res1_progress.csv
68,0,123036.1704309118,123036.1704309118,0.0,-419526.6937965735,-7.981862515155508,4326.230241765313,0.0823103166241497,-39821.1945542974,-0.7576330775170738,-129786.90725295935,-2.469309498724493,-279049.60821274715,-5.3091630177463305,17.840563165905632,0.7576330775170738,2.4591489268307045,27904960.821274716,530.9163017746331,607.9162786429226,39821.1945542974,52560,31536000,2023,0,0,1,15,15,Eplus-env-06-27_thermostat_rbc_eco_year_2023_case_0_rep_0_zone_1_onoffseed_15_tempseed_15_paper2_final_runs_v2-res1_progress.csv
69,0,34582.23089372102,20125.983968416214,14456.246925304797,-88103.20190359345,-1.6762405232799362,777.3428826563818,0.0147896286654562,-17802.384888315733,-0.3387059529740436,-23320.28647969145,-0.4436888599636882,-42009.09392112455,-0.7992597777991733,15.555555555555555,0.3387059529740436,1.353698526298992,4200909.392112455,79.92597777991733,118.98243530960964,17802.384888315733,52560,31536000,2023,4,0,0,10,30,Eplus-env-06-27_thermostat_rbc_eco_year_2023_case_4_rep_0_zone_0_onoffseed_10_tempseed_30_paper2_final_runs_v2-res1_progress.csv
70,0,94912.5985217404,94912.5985217404,0.0,-428594.3207499444,-8.154382053842168,3272.1549738469207,0.0622556121355959,-52958.48427005981,-1.0075815119874394,-98164.6492154076,-1.8676683640678768,-297987.8396292487,-5.669479445000927,26.12633181126332,1.0075815119874394,2.604149322911714,29798783.962924875,566.9479445000927,632.8807455172681,52958.48427005981,52560,31536000,2023,0,0,4,15,30,Eplus-env-06-27_thermostat_rbc_eco_year_2023_case_0_rep_0_zone_4_onoffseed_15_tempseed_30_paper2_final_runs_v2-res1_progress.csv
71,0,54250.37938108381,30271.72908507152,23978.650296012293,-120100.68031176538,-2.2850205538768145,726.1856664248787,0.0138163178543546,-39908.744393534405,-0.7592987898313243,-21785.56999274636,-0.4144895356306384,-35809.70054656629,-0.6813108931995108,25.09512937595129,0.7592987898313243,2.1364461455195296,3580970.054656629,68.13108931995109,102.67684755741055,39908.744393534405,52560,31536000,2022,3,0,9,5,42,Eplus-env-06-27_thermostat_rbc_eco_year_2022_case_3_rep_0_zone_9_onoffseed_5_tempseed_42_paper2_final_runs_v2-res1_progress.csv
72,0,122813.77657907884,122813.77657907884,0.0,-553809.1355852385,-10.536703492869831,2565.7464326874583,0.0488155713981632,-45158.45683348095,-0.8591791634984959,-76972.39298062373,-1.4644671419448958,-408176.728132413,-7.765919485015468,27.928082191780824,0.8591791634984959,2.2860085397851058,40817672.813241296,776.5919485015468,834.571931720876,45158.45683348095,52560,31536000,2022,2,0,4,15,30,Eplus-env-06-27_thermostat_rbc_eco_year_2022_case_2_rep_0_zone_4_onoffseed_15_tempseed_30_paper2_final_runs_v2-res1_progress.csv
73,0,142432.41786699308,142432.41786699308,0.0,-420157.4084609814,-7.993862413641199,2951.908865402867,0.0561626496461732,-2279.399576536085,-0.0433675718519042,-88557.265962086,-1.684879489385198,-301354.04782745824,-5.733524502044487,11.23097412480974,0.0433675718519042,0.2600165670250774,30135404.78274582,573.3524502044486,637.4217647594879,2279.399576536085,52560,31536000,2022,0,0,9,15,15,Eplus-env-06-27_thermostat_rbc_eco_year_2022_case_0_rep_0_zone_9_onoffseed_15_tempseed_15_paper2_final_runs_v2-res1_progress.csv
74,0,259538.2137279345,0.0,259538.2137279345,-481690.04356626695,-9.164574649282097,1291.6348574292074,0.0245744835888357,-48.948536969938544,-0.0009312887551358,-38749.045722876224,-0.7372345076650728,-269312.8823784738,-5.123913287261678,0.1940639269406392,0.0009312887551358,0.0273807418193356,26931288.23784738,512.3913287261678,613.3391051422135,48.948536969938544,52560,31536000,2022,10,0,0,5,30,Eplus-env-06-27_thermostat_rbc_eco_year_2022_case_10_rep_0_zone_0_onoffseed_5_tempseed_30_paper2_final_runs_v2-res1_progress.csv
75,0,86464.38924055232,86464.38924055232,0.0,-370322.0397949705,-7.045700909341143,2961.180426702392,0.0563390492142768,-1952.170947932172,-0.0371417608054066,-88835.41280107175,-1.6901714764283058,-297633.35200934246,-5.662735007788099,12.3382800608828,0.0371417608054066,0.2189081993906933,29763335.20093425,566.2735007788099,629.8419070257769,1952.170947932172,52560,31536000,2023,0,0,9,15,42,Eplus-env-06-27_thermostat_rbc_eco_year_2023_case_0_rep_0_zone_9_onoffseed_15_tempseed_42_paper2_final_runs_v2-res1_progress.csv
76,0,111374.7554307853,111374.7554307853,0.0,-511412.4077713644,-9.730068641007694,2313.6441267616183,0.0440191043904417,-11379.365241720314,-0.2165023828333393,-69409.32380284856,-1.3205731317132527,-408917.3551117186,-7.780010561486275,20.842846270928465,0.2165023828333393,0.7844079175542551,40891735.511171855,778.0010561486274,834.308368657065,11379.365241720314,52560,31536000,2022,2,0,9,15,42,Eplus-env-06-27_thermostat_rbc_eco_year_2022_case_2_rep_0_zone_9_onoffseed_15_tempseed_42_paper2_final_runs_v2-res1_progress.csv
77,0,77605.78657887153,77605.78657887153,0.0,-471589.7727805348,-8.972408157924939,2668.495058884943,0.0507704539361671,-4266.047696426689,-0.081165291027905,-80054.85176654828,-1.5231136180850129,-403834.4310839333,-7.683303483332065,19.51864535768645,0.081165291027905,0.3566762014685232,40383443.10839333,768.3303483332064,829.0786604681857,4266.047696426689,52560,31536000,2023,2,0,4,5,42,Eplus-env-06-27_thermostat_rbc_eco_year_2023_case_2_rep_0_zone_4_onoffseed_5_tempseed_42_paper2_final_runs_v2-res1_progress.csv
78,0,67368.20412490923,67368.20412490923,0.0,-471982.29222877615,-8.979876183956929,2312.78983823294,0.0440028508035186,-10768.465985733665,-0.2048794898351153,-69383.6951469882,-1.3200855241055591,-406099.89844845433,-7.726405982657046,22.054794520547947,0.2048794898351153,0.7443444637835733,40609989.84484543,772.6405982657045,828.8084760906074,10768.465985733665,52560,31536000,2023,2,0,9,15,15,Eplus-env-06-27_thermostat_rbc_eco_year_2023_case_2_rep_0_zone_9_onoffseed_15_tempseed_15_paper2_final_runs_v2-res1_progress.csv
79,0,11073.597474122284,0.0,11073.597474122284,-103681.48358505395,-1.972630966230098,72.65142667942176,0.0013822569763969,-52716.85402639311,-1.0029842851292448,-2179.542800382653,-0.0414677092919074,-41905.31946508141,-0.7972853779505594,35.18645357686454,1.0029842851292448,2.452984323267691,4190531.94650814,79.72853779505594,118.84766473259818,52716.85402639311,52560,31536000,2023,14,0,4,10,42,Eplus-env-06-27_thermostat_rbc_eco_year_2023_case_14_rep_0_zone_4_onoffseed_10_tempseed_42_paper2_final_runs_v2-res1_progress.csv
80,0,24406.62028058822,0.0,24406.62028058822,-81009.40842155584,-1.5412748938652177,123.05971219262312,0.002341318725126,-18974.89713436549,-0.3610140246264363,-3691.791365778693,-0.0702395617537803,-42067.45523564113,-0.8003701528851052,14.876331811263318,0.3610140246264363,1.626233855585765,4206745.523564111,80.03701528851049,119.25744320308632,18974.89713436549,52560,31536000,2022,14,0,0,15,30,Eplus-env-06-27_thermostat_rbc_eco_year_2022_case_14_rep_0_zone_0_onoffseed_15_tempseed_30_paper2_final_runs_v2-res1_progress.csv
81,0,248724.33020454328,0.0,248724.33020454328,-511841.05887610535,-9.738224103426662,1540.6493689559163,0.0293122026057061,-36036.2795493223,-0.68562175702668,-46219.48106867749,-0.8793660781711851,-272323.40478644613,-5.181191110853237,16.052130898021307,0.68562175702668,2.3621525089824686,27232340.478644617,518.1191110853238,593.7036709353295,36036.2795493223,52560,31536000,2023,5,0,0,10,15,Eplus-env-06-27_thermostat_rbc_eco_year_2023_case_5_rep_0_zone_0_onoffseed_10_tempseed_15_paper2_final_runs_v2-res1_progress.csv
82,0,263941.4963848119,0.0,263941.4963848119,-579083.985067469,-11.017579624571328,1345.5537156667326,0.0256003370560641,-72647.37240997712,-1.382179840372472,-40366.611470001975,-0.7680101116819249,-290506.0744650773,-5.527132314784576,29.151445966514466,1.382179840372472,3.518039865813825,29050607.44650773,552.7132314784576,630.9504217843349,72647.37240997712,52560,31536000,2022,5,0,0,10,42,Eplus-env-06-27_thermostat_rbc_eco_year_2022_case_5_rep_0_zone_0_onoffseed_10_tempseed_42_paper2_final_runs_v2-res1_progress.csv
83,0,9078.400535650217,0.0,9078.400535650217,-120679.01136289866,-2.2960238082743274,59.1682811242529,0.0011257283318921,-71316.19951009497,-1.3568531109226594,-1775.048433727587,-0.0337718499567653,-41935.77237458825,-0.7978647712060168,33.90981735159818,1.3568531109226594,3.139687987881909,4193577.2374588246,79.78647712060169,118.98764338980646,71316.19951009497,52560,31536000,2023,14,0,9,10,30,Eplus-env-06-27_thermostat_rbc_eco_year_2023_case_14_rep_0_zone_9_onoffseed_10_tempseed_30_paper2_final_runs_v2-res1_progress.csv
84,0,140072.089500795,140072.089500795,0.0,-532685.3190728227,-10.134804396362684,2910.954943705102,0.0553834654433999,-64452.83321193867,-1.2262715603489092,-87328.64831115307,-1.661503963301999,-353639.50944028376,-6.728301168955171,31.50304414003044,1.2262715603489092,2.9284036489648475,35363950.94402837,672.8301168955169,735.1419193706561,64452.83321193867,52560,31536000,2022,1,0,4,15,42,Eplus-env-06-27_thermostat_rbc_eco_year_2022_case_1_rep_0_zone_4_onoffseed_15_tempseed_42_paper2_final_runs_v2-res1_progress.csv
85,0,39513.51887247902,25057.271947174224,14456.246925304798,-77642.16310186748,-1.477210104677844,929.3293023580628,0.0176813033173147,-8863.425112151617,-0.1686344199420018,-27879.87907074188,-0.5304390995194422,-36452.72820014078,-0.693545057080304,35.00380517503805,0.1686344199420018,0.3705812687368364,3645272.820014078,69.3545057080304,103.95888273424116,8863.425112151617,52560,31536000,2023,3,0,0,5,42,Eplus-env-06-27_thermostat_rbc_eco_year_2023_case_3_rep_0_zone_0_onoffseed_5_tempseed_42_paper2_final_runs_v2-res1_progress.csv
86,0,102312.93376993592,102312.93376993592,0.0,-455872.715320483,-8.673377384331868,3572.336242053369,0.0679668234789453,-33263.5194150858,-0.6328675687801713,-107170.08726160106,-2.039004704368361,-338906.9847882127,-6.448001993687456,21.855022831050228,0.6328675687801713,1.9734989138500805,33890698.47882126,644.8001993687454,706.2417425849778,33263.5194150858,52560,31536000,2023,1,0,4,15,15,Eplus-env-06-27_thermostat_rbc_eco_year_2023_case_1_rep_0_zone_4_onoffseed_15_tempseed_15_paper2_final_runs_v2-res1_progress.csv
87,0,102307.72427734172,102307.72427734172,0.0,-444484.06401231984,-8.45669832595738,3543.4897677690697,0.0674179940595332,-70357.53514925,-1.3386136824438737,-106304.69303307212,-2.022539821785999,-290428.57963177655,-5.525657907758306,24.619482496194824,1.3386136824438737,3.452089159912373,29042857.96317765,552.5657907758306,628.5581862334243,70357.53514925,52560,31536000,2023,0,0,1,15,30,Eplus-env-06-27_thermostat_rbc_eco_year_2023_case_0_rep_0_zone_1_onoffseed_15_tempseed_30_paper2_final_runs_v2-res1_progress.csv
88,0,193499.6162039474,0.0,193499.6162039474,-498549.92806756176,-9.485348707525908,968.1999591765272,0.0184208515825062,-41021.76755800561,-0.7804750296424202,-29045.99877529582,-0.5526255474751868,-299226.12449310673,-5.693038898270676,22.437214611872147,0.7804750296424202,2.2202849337995856,29922612.449310675,569.3038898270677,631.7160790168164,41021.76755800561,52560,31536000,2022,10,0,4,10,30,Eplus-env-06-27_thermostat_rbc_eco_year_2022_case_10_rep_0_zone_4_onoffseed_10_tempseed_30_paper2_final_runs_v2-res1_progress.csv
89,0,64002.50984897066,40023.859552958376,23978.650296012293,-110619.38430891026,-2.104630599484594,965.787754860085,0.0183749572842481,-23084.653428094032,-0.4392057349332959,-28973.63264580255,-0.5512487185274458,-35174.27757337332,-0.6692214150185183,16.47640791476408,0.4392057349332959,1.7258223307049207,3517427.757337332,66.92214150185183,100.77360652477728,23084.653428094032,52560,31536000,2022,3,0,4,15,15,Eplus-env-06-27_thermostat_rbc_eco_year_2022_case_3_rep_0_zone_4_onoffseed_15_tempseed_15_paper2_final_runs_v2-res1_progress.csv
90,0,33588.189300252816,19131.942374948016,14456.246925304797,-101238.3455196438,-1.9261481263250344,738.7490449676837,0.014055347126478,-38263.16328481888,-0.7279901690414551,-22162.471349030515,-0.4216604137943401,-35496.6845682881,-0.6753554902642334,35.0513698630137,0.7279901690414551,1.9452031651984607,3549668.45682881,67.53554902642333,101.74442081431404,38263.16328481888,52560,31536000,2023,3,0,4,15,42,Eplus-env-06-27_thermostat_rbc_eco_year_2023_case_3_rep_0_zone_4_onoffseed_15_tempseed_42_paper2_final_runs_v2-res1_progress.csv
91,0,164512.12636691998,0.0,164512.12636691998,-437798.8740748268,-8.329506736583463,815.310919877461,0.0155120038028436,-2127.556919643984,-0.0404786324133178,-24459.327596323827,-0.4653601140853087,-301083.94657440553,-5.728385589315174,12.201293759512938,0.0404786324133178,0.2422128096481471,30108394.65744056,572.8385589315175,636.7148594627764,2127.556919643984,52560,31536000,2022,10,0,9,10,42,Eplus-env-06-27_thermostat_rbc_eco_year_2022_case_10_rep_0_zone_9_onoffseed_10_tempseed_42_paper2_final_runs_v2-res1_progress.csv
92,0,135744.47830778977,135744.47830778977,0.0,-465417.0291834045,-8.85496630866447,2818.510373335687,0.0536246265855343,-4556.490839016215,-0.0866912260086798,-84555.3112000706,-1.6087387975660312,-349807.98064078554,-6.655402980228035,14.866818873668189,0.0866912260086798,0.4130503253035807,34980798.064078555,665.5402980228035,725.6028304626499,4556.490839016215,52560,31536000,2022,1,0,9,15,30,Eplus-env-06-27_thermostat_rbc_eco_year_2022_case_1_rep_0_zone_9_onoffseed_15_tempseed_30_paper2_final_runs_v2-res1_progress.csv
93,0,126256.7275206473,0.0,126256.7275206473,-487180.3235665092,-9.269032031326278,833.2704147251615,0.015853698910296,-92544.21967333292,-1.7607347730847207,-24998.11244175484,-0.4756109673088821,-291345.4751085348,-5.543102646661621,34.885844748858446,1.7607347730847207,4.085607707724414,29134547.51085347,554.3102646661619,634.370366323786,92544.21967333292,52560,31536000,2023,10,0,0,15,42,Eplus-env-06-27_thermostat_rbc_eco_year_2023_case_10_rep_0_zone_0_onoffseed_15_tempseed_42_paper2_final_runs_v2-res1_progress.csv
94,0,35533.74202978771,0.0,35533.74202978771,-72673.19555962794,-1.3826711483947478,171.11649743014254,0.0032556411231001,-1459.005731184236,-0.0277588609433834,-5133.494922904277,-0.0976692336930037,-42144.03547387439,-0.8018271589397715,2.210806697108067,0.0277588609433834,0.3005567680953406,4214403.54738744,80.18271589397716,119.39654497023848,1459.005731184236,52560,31536000,2022,14,0,0,5,30,Eplus-env-06-27_thermostat_rbc_eco_year_2022_case_14_rep_0_zone_0_onoffseed_5_tempseed_30_paper2_final_runs_v2-res1_progress.csv
95,0,32510.30566430987,18054.05873900507,14456.246925304797,-102260.79473084836,-1.9456011174057903,705.3262986897975,0.0134194501272792,-40385.25276957651,-0.7683647787210143,-21159.78896069392,-0.4025835038183775,-35278.86089729996,-0.6712112042865289,26.162480974124808,0.7683647787210143,2.1663479660135327,3527886.089729996,67.12112042865289,101.22678556213036,40385.25276957651,52560,31536000,2023,3,0,9,15,30,Eplus-env-06-27_thermostat_rbc_eco_year_2023_case_3_rep_0_zone_9_onoffseed_15_tempseed_30_paper2_final_runs_v2-res1_progress.csv
96,0,109769.10906601898,109769.10906601898,0.0,-411278.6708694755,-7.82493666037815,3779.191913095811,0.0719024336585961,-256.2006524591296,-0.0048744416373502,-113375.75739287434,-2.157073009757883,-321220.3620901063,-6.111498517696086,12.743531202435312,0.0048744416373502,0.0276633130684413,32122036.20901063,611.1498517696086,705.0845527145545,256.2006524591296,52560,31536000,2023,1,0,0,5,42,Eplus-env-06-27_thermostat_rbc_eco_year_2023_case_1_rep_0_zone_0_onoffseed_5_tempseed_42_paper2_final_runs_v2-res1_progress.csv
97,0,250247.76876162784,0.0,250247.76876162784,-507543.0375754904,-9.65645048659609,1261.1248380994653,0.0239940037690157,-1900.636146799237,-0.0361612661110965,-37833.74514298397,-0.7198201130704711,-300914.70180480345,-5.725165559452121,11.459284627092844,0.0361612661110965,0.2379094952872463,30091470.180480342,572.516555945212,636.5491422296992,1900.636146799237,52560,31536000,2022,5,0,9,5,42,Eplus-env-06-27_thermostat_rbc_eco_year_2022_case_5_rep_0_zone_9_onoffseed_5_tempseed_42_paper2_final_runs_v2-res1_progress.csv
98,0,52469.10603295499,28490.45573694269,23978.650296012293,-119634.0883085314,-2.2761432326585123,685.2182192063349,0.013036876316711,-34008.56238929692,-0.647042663418891,-20556.54657619005,-0.3911062895013327,-42700.55027367403,-0.8124153400622913,36.60578386605784,0.647042663418891,1.839800681708596,4270055.027367403,81.24153400622913,120.9508673713368,34008.56238929692,52560,31536000,2022,4,0,0,10,42,Eplus-env-06-27_thermostat_rbc_eco_year_2022_case_4_rep_0_zone_0_onoffseed_10_tempseed_42_paper2_final_runs_v2-res1_progress.csv
99,0,40606.85305868124,26150.60613337644,14456.246925304797,-86945.33555522058,-1.6542111026487931,1011.4819321891076,0.0192443289990317,-12542.584720893365,-0.2386336514629635,-30344.45796567323,-0.5773298699709519,-41182.2843470201,-0.7835290020361511,9.43683409436834,0.2386336514629635,1.1257703745255858,4118228.434702009,78.35290020361509,116.57972616695297,12542.584720893365,52560,31536000,2023,4,0,0,10,15,Eplus-env-06-27_thermostat_rbc_eco_year_2023_case_4_rep_0_zone_0_onoffseed_10_tempseed_15_paper2_final_runs_v2-res1_progress.csv
100,0,31035.700036295788,16579.453110990995,14456.246925304797,-99599.37619353436,-1.8949653004858136,652.0171545313673,0.0124051970040214,-32259.76879949978,-0.6137703348458862,-19560.51463594102,-0.3721559101206435,-41949.301194341,-0.7981221688421042,32.30593607305936,0.6137703348458862,1.6828922761348843,4194930.1194341,79.81221688421041,118.83966176099784,32259.76879949978,52560,31536000,2023,4,0,4,5,42,Eplus-env-06-27_thermostat_rbc_eco_year_2023_case_4_rep_0_zone_4_onoffseed_5_tempseed_42_paper2_final_runs_v2-res1_progress.csv
101,0,67368.20412490923,67368.20412490923,0.0,-471982.29222877615,-8.979876183956929,2312.78983823294,0.0440028508035186,-10768.465985733665,-0.2048794898351153,-69383.6951469882,-1.3200855241055591,-406099.89844845433,-7.726405982657046,22.054794520547947,0.2048794898351153,0.7443444637835733,40609989.84484543,772.6405982657045,828.8084760906074,10768.465985733665,52560,31536000,2023,2,0,9,15,30,Eplus-env-06-27_thermostat_rbc_eco_year_2023_case_2_rep_0_zone_9_onoffseed_15_tempseed_30_paper2_final_runs_v2-res1_progress.csv
102,0,319238.0457931413,0.0,319238.0457931413,-516248.0036377355,-9.822070084431802,1596.509612004394,0.030374992618044,-3.4578949510149077,-6.578947775903553e-05,-47895.28836013182,-0.9112497785413208,-255075.90047941543,-4.853042246564221,0.0114155251141552,6.578947775903553e-05,0.0071388952985049,25507590.047941547,485.30422465642215,587.3689978721284,3.4578949510149077,52560,31536000,2022,10,0,0,5,15,Eplus-env-06-27_thermostat_rbc_eco_year_2022_case_10_rep_0_zone_0_onoffseed_5_tempseed_15_paper2_final_runs_v2-res1_progress.csv
103,0,142432.41786699308,142432.41786699308,0.0,-420157.4084609814,-7.993862413641199,2951.908865402867,0.0561626496461732,-2279.399576536085,-0.0433675718519042,-88557.265962086,-1.684879489385198,-301354.04782745824,-5.733524502044487,11.23097412480974,0.0433675718519042,0.2600165670250774,30135404.78274582,573.3524502044486,637.4217647594879,2279.399576536085,52560,31536000,2022,0,0,9,15,30,Eplus-env-06-27_thermostat_rbc_eco_year_2022_case_0_rep_0_zone_9_onoffseed_15_tempseed_30_paper2_final_runs_v2-res1_progress.csv
104,0,157338.7687093162,0.0,157338.7687093162,-401550.54375326575,-7.639850528030171,1004.8836865305676,0.0191187916006576,-315.8117396698966,-0.0060085947425779,-30146.51059591702,-0.5735637480197302,-272515.8853325042,-5.18485322169909,12.65220700152207,0.0060085947425779,0.0428448183474321,27251588.53325042,518.4853221699091,617.5026700867609,315.8117396698966,52560,31536000,2023,10,0,0,5,42,Eplus-env-06-27_thermostat_rbc_eco_year_2023_case_10_rep_0_zone_0_onoffseed_5_tempseed_42_paper2_final_runs_v2-res1_progress.csv
105,0,69767.85786907905,69767.85786907905,0.0,-524038.3537848172,-9.97028831401859,2393.9938863157818,0.0455478288872865,-58273.48318784343,-1.1087040180335508,-71819.81658947346,-1.366434866618597,-408687.7860742802,-7.775642809632425,35.403348554033485,1.1087040180335508,2.6313217116345267,40868778.607428014,777.5642809632423,835.6495705009053,58273.48318784343,52560,31536000,2023,2,0,4,15,42,Eplus-env-06-27_thermostat_rbc_eco_year_2023_case_2_rep_0_zone_4_onoffseed_15_tempseed_42_paper2_final_runs_v2-res1_progress.csv
106,0,139161.205492752,139161.205492752,0.0,-541958.2404496368,-10.311229841127032,2930.6585557232147,0.0557583439064538,-26883.87484250937,-0.5114892473841204,-87919.75667169645,-1.6727503171936158,-401226.5833935071,-7.633686898658811,20.941780821917806,0.5114892473841204,1.7612339223402325,40122658.33935072,763.3686898658812,820.806950905058,26883.87484250937,52560,31536000,2022,2,0,4,15,15,Eplus-env-06-27_thermostat_rbc_eco_year_2022_case_2_rep_0_zone_4_onoffseed_15_tempseed_15_paper2_final_runs_v2-res1_progress.csv
107,0,107088.17393995383,107088.17393995383,0.0,-411110.8247773785,-7.821743241578739,3734.342755068727,0.0710491391755846,-33732.15607544873,-0.641783791389816,-112030.2826520618,-2.131474175267538,-289769.8336016535,-5.513124688007107,20.858066971080667,0.641783791389816,1.9957966345421805,28976983.36016535,551.3124688007106,617.2239773078159,33732.15607544873,52560,31536000,2023,0,0,4,15,15,Eplus-env-06-27_thermostat_rbc_eco_year_2023_case_0_rep_0_zone_4_onoffseed_15_tempseed_15_paper2_final_runs_v2-res1_progress.csv
108,0,146748.62074173335,146748.62074173335,0.0,-490534.1468703249,-9.332841454914858,3044.88781945946,0.0579316556213748,-64695.57638192689,-1.230889961604393,-91346.6345837838,-1.7379496686412443,-305783.52385958604,-5.817799160189993,29.925799086757998,1.230889961604393,2.9604142781688743,30578352.3859586,581.7799160189992,647.9211736297141,64695.57638192689,52560,31536000,2022,0,0,4,15,42,Eplus-env-06-27_thermostat_rbc_eco_year_2022_case_0_rep_0_zone_4_onoffseed_15_tempseed_42_paper2_final_runs_v2-res1_progress.csv
109,0,45635.62995694765,21656.97966093536,23978.650296012293,-154366.11282296944,-2.936950396175218,552.7303953637003,0.0105161795160521,-74514.69359617328,-1.417707260201166,-16581.91186091101,-0.3154853854815641,-42516.91035901732,-0.808921429966083,31.489726027397257,1.417707260201166,3.259381047119996,4251691.035901732,80.89214299660829,120.54854251267184,74514.69359617328,52560,31536000,2022,4,0,9,5,15,Eplus-env-06-27_thermostat_rbc_eco_year_2022_case_4_rep_0_zone_9_onoffseed_5_tempseed_15_paper2_final_runs_v2-res1_progress.csv
110,0,10913.176814886276,0.0,10913.176814886276,-99774.5004499993,-1.8982971927321024,71.43942757309749,0.0013591976326692,-49086.59290592423,-0.9339153901431552,-2143.1828271929253,-0.0407759289800784,-41759.8375918166,-0.7945174579873782,27.798706240487064,0.9339153901431552,2.5667913058325174,4175983.75918166,79.45174579873782,118.464442662409,49086.59290592423,52560,31536000,2023,14,0,4,15,30,Eplus-env-06-27_thermostat_rbc_eco_year_2023_case_14_rep_0_zone_4_onoffseed_15_tempseed_30_paper2_final_runs_v2-res1_progress.csv
111,0,160830.5946251859,160830.5946251859,0.0,-378243.5722660868,-7.196414997452185,5659.175628220391,0.1076707691822753,0.0,0.0,-169775.26884661173,-3.2301230754682595,-246668.06280322227,-4.693075776317015,0.0,0.0,0.0,24666806.280322228,469.3075776317015,577.5085679548447,0.0,52560,31536000,2023,0,0,0,5,15,Eplus-env-06-27_thermostat_rbc_eco_year_2023_case_0_rep_0_zone_0_onoffseed_5_tempseed_15_paper2_final_runs_v2-res1_progress.csv
112,0,245623.79091267355,0.0,245623.79091267355,-479561.1937361015,-9.124071418114564,1576.847072723274,0.0300008955997578,-551.0917404218634,-0.0104850026716488,-47305.412181698215,-0.9000268679927362,-278065.2786500215,-5.290435286339831,5.038051750380518,0.0104850026716488,0.1115593772034794,27806527.86500214,529.0435286339829,601.3129395918528,551.0917404218634,52560,31536000,2023,5,0,4,5,15,Eplus-env-06-27_thermostat_rbc_eco_year_2023_case_5_rep_0_zone_4_onoffseed_5_tempseed_15_paper2_final_runs_v2-res1_progress.csv
113,0,24059.645487601974,0.0,24059.645487601974,-88640.3193360753,-1.6864596525128484,120.03553011659535,0.0022837810143948,-26519.43503404238,-0.5045554610738657,-3601.0659034978603,-0.0685134304318466,-42437.68832862575,-0.8074141615035341,29.379756468797563,0.5045554610738657,1.6107386793033434,4243768.832862575,80.7414161503534,120.3010163418109,26519.43503404238,52560,31536000,2022,14,0,0,10,42,Eplus-env-06-27_thermostat_rbc_eco_year_2022_case_14_rep_0_zone_0_onoffseed_10_tempseed_42_paper2_final_runs_v2-res1_progress.csv
114,0,266461.5233297808,0.0,266461.5233297808,-581111.4783188016,-11.056154458120274,1382.0215522366034,0.0262941695631012,-72121.43116063892,-1.3721733478051543,-41460.6465670981,-0.7888250868930384,-290997.874922069,-5.536489248897812,25.33485540334856,1.3721733478051543,3.573882451485156,29099787.492206898,553.6489248897811,633.1778067846863,72121.43116063892,52560,31536000,2022,5,0,0,15,30,Eplus-env-06-27_thermostat_rbc_eco_year_2022_case_5_rep_0_zone_0_onoffseed_15_tempseed_30_paper2_final_runs_v2-res1_progress.csv
115,0,9078.400535650217,0.0,9078.400535650217,-120679.01136289866,-2.2960238082743274,59.1682811242529,0.0011257283318921,-71316.19951009497,-1.3568531109226594,-1775.048433727587,-0.0337718499567653,-41935.77237458825,-0.7978647712060168,33.90981735159818,1.3568531109226594,3.139687987881909,4193577.2374588246,79.78647712060169,118.98764338980646,71316.19951009497,52560,31536000,2023,14,0,9,15,42,Eplus-env-06-27_thermostat_rbc_eco_year_2023_case_14_rep_0_zone_9_onoffseed_15_tempseed_42_paper2_final_runs_v2-res1_progress.csv
116,0,36037.09558825835,21580.84866295356,14456.246925304797,-88564.91703349123,-1.6850250577148256,825.51144345608,0.0157060776913257,-23834.508941642885,-0.4534723923448037,-24765.343303682395,-0.4711823307397716,-35248.460191094186,-0.6706328042445622,21.154870624048705,0.4534723923448037,1.5013034759508874,3524846.0191094186,67.06328042445621,100.89199548555162,23834.508941642885,52560,31536000,2023,3,0,4,10,30,Eplus-env-06-27_thermostat_rbc_eco_year_2023_case_3_rep_0_zone_4_onoffseed_10_tempseed_30_paper2_final_runs_v2-res1_progress.csv
117,0,210535.07825166863,210535.07825166863,0.0,-483275.5840138536,-9.194740943946986,4447.159953271212,0.084611110222055,-33422.648955552344,-0.6358951475561709,-133414.79859813637,-2.538333306661651,-277614.18754061114,-5.281852883192753,15.983637747336378,0.6358951475561709,2.188316971269101,27761418.75406112,528.1852883192754,600.1079593100666,33422.648955552344,52560,31536000,2022,0,0,1,10,15,Eplus-env-06-27_thermostat_rbc_eco_year_2022_case_0_rep_0_zone_1_onoffseed_10_tempseed_15_paper2_final_runs_v2-res1_progress.csv
118,0,151801.8293764903,151801.8293764903,0.0,-514106.79664541816,-9.781331747439465,3171.4810073241542,0.0603402018136254,-42146.0468614189,-0.8018654273481526,-95144.43021972464,-1.810206054408764,-347771.6731710926,-6.6166604484606655,23.5882800608828,0.8018654273481526,2.250939066764084,34777167.31710926,661.6660448460665,720.1938495883363,42146.0468614189,52560,31536000,2022,1,0,4,10,30,Eplus-env-06-27_thermostat_rbc_eco_year_2022_case_1_rep_0_zone_4_onoffseed_10_tempseed_30_paper2_final_runs_v2-res1_progress.csv
119,0,95517.4252358924,95517.4252358924,0.0,-440768.570889288,-8.38600781752831,3278.7731625883125,0.0623815289685752,-70011.87197911128,-1.3320371381109453,-98363.19487764938,-1.871445869057256,-292613.89332469314,-5.5672354133313,30.01522070015221,1.3320371381109453,3.4268909544126176,29261389.33246931,556.72354133313,628.6966617650639,70011.87197911128,52560,31536000,2023,0,0,1,10,42,Eplus-env-06-27_thermostat_rbc_eco_year_2023_case_0_rep_0_zone_1_onoffseed_10_tempseed_42_paper2_final_runs_v2-res1_progress.csv
120,0,170895.01166331896,0.0,170895.01166331896,-508125.8766270431,-9.66753950964694,857.2271775572215,0.0163094972899014,-62718.4257417912,-1.193272940292831,-25716.815326716645,-0.4892849186970442,-305598.24184349074,-5.814274007676764,31.00837138508372,1.193272940292831,2.8743483343360223,30559824.184349068,581.4274007676763,647.1568465274603,62718.4257417912,52560,31536000,2022,10,0,4,15,42,Eplus-env-06-27_thermostat_rbc_eco_year_2022_case_10_rep_0_zone_4_onoffseed_15_tempseed_42_paper2_final_runs_v2-res1_progress.csv
121,0,38832.72748358972,24376.48055828492,14456.246925304798,-77619.62037737992,-1.4767812096152952,916.5891101270756,0.017438910010028,-10654.781043515197,-0.202716534313455,-27497.673303812277,-0.5231673003008424,-35195.78497953996,-0.669630612243911,13.116438356164384,0.202716534313455,0.8222526924382444,3519578.497953997,66.96306122439111,100.63704717956004,10654.781043515197,52560,31536000,2023,3,0,4,5,30,Eplus-env-06-27_thermostat_rbc_eco_year_2023_case_3_rep_0_zone_4_onoffseed_5_tempseed_30_paper2_final_runs_v2-res1_progress.csv
122,0,32510.30566430987,18054.05873900507,14456.246925304797,-102260.79473084836,-1.9456011174057903,705.3262986897975,0.0134194501272792,-40385.25276957651,-0.7683647787210143,-21159.78896069392,-0.4025835038183775,-35278.86089729996,-0.6712112042865289,26.162480974124808,0.7683647787210143,2.1663479660135327,3527886.089729996,67.12112042865289,101.22678556213036,40385.25276957651,52560,31536000,2023,3,0,9,10,42,Eplus-env-06-27_thermostat_rbc_eco_year_2023_case_3_rep_0_zone_9_onoffseed_10_tempseed_42_paper2_final_runs_v2-res1_progress.csv
123,0,111374.7554307853,111374.7554307853,0.0,-511412.4077713644,-9.730068641007694,2313.6441267616183,0.0440191043904417,-11379.365241720314,-0.2165023828333393,-69409.32380284856,-1.3205731317132527,-408917.3551117186,-7.780010561486275,20.842846270928465,0.2165023828333393,0.7844079175542551,40891735.511171855,778.0010561486274,834.308368657065,11379.365241720314,52560,31536000,2022,2,0,9,5,30,Eplus-env-06-27_thermostat_rbc_eco_year_2022_case_2_rep_0_zone_9_onoffseed_5_tempseed_30_paper2_final_runs_v2-res1_progress.csv
124,0,54250.37938108381,30271.72908507152,23978.650296012293,-120100.68031176538,-2.2850205538768145,726.1856664248787,0.0138163178543546,-39908.744393534405,-0.7592987898313243,-21785.56999274636,-0.4144895356306384,-35809.70054656629,-0.6813108931995108,25.09512937595129,0.7592987898313243,2.1364461455195296,3580970.054656629,68.13108931995109,102.67684755741055,39908.744393534405,52560,31536000,2022,3,0,9,10,15,Eplus-env-06-27_thermostat_rbc_eco_year_2022_case_3_rep_0_zone_9_onoffseed_10_tempseed_15_paper2_final_runs_v2-res1_progress.csv
125,0,164512.12636691998,0.0,164512.12636691998,-437798.8740748268,-8.329506736583463,815.310919877461,0.0155120038028436,-2127.556919643984,-0.0404786324133178,-24459.327596323827,-0.4653601140853087,-301083.94657440553,-5.728385589315174,12.201293759512938,0.0404786324133178,0.2422128096481471,30108394.65744056,572.8385589315175,636.7148594627764,2127.556919643984,52560,31536000,2022,10,0,9,15,30,Eplus-env-06-27_thermostat_rbc_eco_year_2022_case_10_rep_0_zone_9_onoffseed_15_tempseed_30_paper2_final_runs_v2-res1_progress.csv
126,0,22661.639781860795,0.0,22661.639781860795,-91559.7745488868,-1.7420048430153503,110.39556609429604,0.002100372262068,-30728.28410484956,-0.5846324981896797,-3311.8669828288807,-0.0630111678620411,-42292.00293849693,-0.804642369453899,29.124809741248097,0.5846324981896797,1.657220177363016,4229200.293849694,80.46423694538991,119.81423963721372,30728.28410484956,52560,31536000,2022,14,0,4,5,42,Eplus-env-06-27_thermostat_rbc_eco_year_2022_case_14_rep_0_zone_4_onoffseed_5_tempseed_42_paper2_final_runs_v2-res1_progress.csv
127,0,82474.64781527486,82474.64781527486,0.0,-418054.22343890194,-7.953847477909093,2827.183471637016,0.0537896398713283,-4068.971117904676,-0.0774157366420219,-84815.50414911048,-1.6136891961398492,-346512.74294332095,-6.592708199073838,16.040715372907155,0.0774157366420219,0.3650598152729165,34651274.2943321,659.270819907384,718.7880688708885,4068.971117904676,52560,31536000,2023,1,0,9,10,15,Eplus-env-06-27_thermostat_rbc_eco_year_2023_case_1_rep_0_zone_9_onoffseed_10_tempseed_15_paper2_final_runs_v2-res1_progress.csv
128,0,18916.605832735608,0.0,18916.605832735608,-73217.54278633099,-1.3930278307901631,118.6359399729565,0.0022571525870045,-16800.42394408476,-0.3196427691035913,-3559.078199188695,-0.067714577610135,-40941.44361048524,-0.7789467962421087,15.31773211567732,0.3196427691035913,1.204638469492238,4094144.361048524,77.89467962421088,116.09088180378822,16800.42394408476,52560,31536000,2023,14,0,4,5,15,Eplus-env-06-27_thermostat_rbc_eco_year_2023_case_14_rep_0_zone_4_onoffseed_5_tempseed_15_paper2_final_runs_v2-res1_progress.csv
129,0,135744.47830778977,135744.47830778977,0.0,-465417.0291834045,-8.85496630866447,2818.510373335687,0.0536246265855343,-4556.490839016215,-0.0866912260086798,-84555.3112000706,-1.6087387975660312,-349807.98064078554,-6.655402980228035,14.866818873668189,0.0866912260086798,0.4130503253035807,34980798.064078555,665.5402980228035,725.6028304626499,4556.490839016215,52560,31536000,2022,1,0,9,10,42,Eplus-env-06-27_thermostat_rbc_eco_year_2022_case_1_rep_0_zone_9_onoffseed_10_tempseed_42_paper2_final_runs_v2-res1_progress.csv
130,0,161181.43079184377,0.0,161181.43079184377,-469642.8439547388,-8.935366133081027,1020.7358122885752,0.0194203921668298,-56733.49476213507,-1.0794043904515804,-30622.07436865726,-0.5826117650048946,-281046.82066179626,-5.34716173253037,21.044520547945204,1.0794043904515804,3.0151628748273964,28104682.06617962,534.7161732530369,612.252285465115,56733.49476213507,52560,31536000,2023,10,0,0,10,30,Eplus-env-06-27_thermostat_rbc_eco_year_2023_case_10_rep_0_zone_0_onoffseed_10_tempseed_30_paper2_final_runs_v2-res1_progress.csv
131,0,55410.7018941704,31432.051598158105,23978.650296012293,-111291.48180752834,-2.1174178426089867,766.7988571607799,0.014589019352374,-23632.957002285017,-0.4496376903022263,-23003.96571482339,-0.4376705805712212,-42327.02958562251,-0.8053087820704435,16.948249619482496,0.4496376903022263,1.8686696282464412,4232702.958562251,80.53087820704435,119.89969320506454,23632.957002285017,52560,31536000,2022,4,0,0,15,30,Eplus-env-06-27_thermostat_rbc_eco_year_2022_case_4_rep_0_zone_0_onoffseed_15_tempseed_30_paper2_final_runs_v2-res1_progress.csv
132,0,102895.91299667871,102895.91299667871,0.0,-424286.6012144104,-8.072423919604459,3559.7177209174206,0.0677267450707271,-1190.546240702801,-0.0226511841838432,-106791.5316275226,-2.031802352121815,-338916.9085511248,-6.448190801962039,6.773211567732115,0.0226511841838432,0.1485281462954067,33891690.855112486,644.819080196204,710.8948078082859,1190.546240702801,52560,31536000,2023,1,0,4,5,30,Eplus-env-06-27_thermostat_rbc_eco_year_2023_case_1_rep_0_zone_4_onoffseed_5_tempseed_30_paper2_final_runs_v2-res1_progress.csv
133,0,38494.82598407528,24038.57905877048,14456.246925304797,-74577.98354876076,-1.4189114069398927,902.1412443096558,0.0171640267182202,-912.4075889202296,-0.0173593529094412,-27064.237329289677,-0.5149208015466071,-42172.95882226855,-0.8023774509564031,2.4334094368340944,0.0173593529094412,0.1771919524590641,4217295.882226856,80.23774509564032,119.15866764601104,912.4075889202296,52560,31536000,2023,4,0,0,5,30,Eplus-env-06-27_thermostat_rbc_eco_year_2023_case_4_rep_0_zone_0_onoffseed_5_tempseed_30_paper2_final_runs_v2-res1_progress.csv
134,0,142432.41786699308,142432.41786699308,0.0,-420157.4084609814,-7.993862413641199,2951.908865402867,0.0561626496461732,-2279.399576536085,-0.0433675718519042,-88557.265962086,-1.684879489385198,-301354.04782745824,-5.733524502044487,11.23097412480974,0.0433675718519042,0.2600165670250774,30135404.78274582,573.3524502044486,637.4217647594879,2279.399576536085,52560,31536000,2022,0,0,9,5,30,Eplus-env-06-27_thermostat_rbc_eco_year_2022_case_0_rep_0_zone_9_onoffseed_5_tempseed_30_paper2_final_runs_v2-res1_progress.csv
135,0,154462.66689018908,0.0,154462.66689018908,-416274.0454389233,-7.919978033465055,982.2053872381478,0.0186873171087927,-438.4817710305952,-0.0083424994488317,-29466.161617144437,-0.560619513263783,-289469.65588502906,-5.507413544235713,5.076103500761035,0.0083424994488317,0.0788687467709728,28946965.5885029,550.7413544235711,621.5660367959923,438.4817710305952,52560,31536000,2023,10,0,4,5,30,Eplus-env-06-27_thermostat_rbc_eco_year_2023_case_10_rep_0_zone_4_onoffseed_5_tempseed_30_paper2_final_runs_v2-res1_progress.csv
136,0,142432.41786699308,142432.41786699308,0.0,-420157.4084609814,-7.993862413641199,2951.908865402867,0.0561626496461732,-2279.399576536085,-0.0433675718519042,-88557.265962086,-1.684879489385198,-301354.04782745824,-5.733524502044487,11.23097412480974,0.0433675718519042,0.2600165670250774,30135404.78274582,573.3524502044486,637.4217647594879,2279.399576536085,52560,31536000,2022,0,0,9,10,42,Eplus-env-06-27_thermostat_rbc_eco_year_2022_case_0_rep_0_zone_9_onoffseed_10_tempseed_42_paper2_final_runs_v2-res1_progress.csv
137,0,86464.38924055232,86464.38924055232,0.0,-370322.0397949705,-7.045700909341143,2961.180426702392,0.0563390492142768,-1952.170947932172,-0.0371417608054066,-88835.41280107175,-1.6901714764283058,-297633.35200934246,-5.662735007788099,12.3382800608828,0.0371417608054066,0.2189081993906933,29763335.20093425,566.2735007788099,629.8419070257769,1952.170947932172,52560,31536000,2023,0,0,9,10,15,Eplus-env-06-27_thermostat_rbc_eco_year_2023_case_0_rep_0_zone_9_onoffseed_10_tempseed_15_paper2_final_runs_v2-res1_progress.csv
138,0,111374.7554307853,111374.7554307853,0.0,-511412.4077713644,-9.730068641007694,2313.6441267616183,0.0440191043904417,-11379.365241720314,-0.2165023828333393,-69409.32380284856,-1.3205731317132527,-408917.3551117186,-7.780010561486275,20.842846270928465,0.2165023828333393,0.7844079175542551,40891735.511171855,778.0010561486274,834.308368657065,11379.365241720314,52560,31536000,2022,2,0,9,10,15,Eplus-env-06-27_thermostat_rbc_eco_year_2022_case_2_rep_0_zone_9_onoffseed_10_tempseed_15_paper2_final_runs_v2-res1_progress.csv
139,0,125555.72188388673,125555.72188388673,0.0,-463224.3469054888,-8.813248609312952,4419.597035065581,0.0840867015803953,-0.0260809713476497,-4.962133057010988e-07,-132587.9110519674,-2.522601047411861,-360507.1847513097,-6.858964702269971,0.0019025875190258,4.962133057010988e-07,0.0001137606205181,36050718.47513097,685.896470226997,778.9947240950746,0.0260809713476497,52560,31536000,2023,2,0,0,5,15,Eplus-env-06-27_thermostat_rbc_eco_year_2023_case_2_rep_0_zone_0_onoffseed_5_tempseed_15_paper2_final_runs_v2-res1_progress.csv
140,0,67368.20412490923,67368.20412490923,0.0,-471982.29222877615,-8.979876183956929,2312.78983823294,0.0440028508035186,-10768.465985733665,-0.2048794898351153,-69383.6951469882,-1.3200855241055591,-406099.89844845433,-7.726405982657046,22.054794520547947,0.2048794898351153,0.7443444637835733,40609989.84484543,772.6405982657045,828.8084760906074,10768.465985733665,52560,31536000,2023,2,0,9,10,42,Eplus-env-06-27_thermostat_rbc_eco_year_2023_case_2_rep_0_zone_9_onoffseed_10_tempseed_42_paper2_final_runs_v2-res1_progress.csv
141,0,158902.1037149956,158902.1037149956,0.0,-471759.8781310477,-8.975644561092992,3314.738562290308,0.0630658021744731,-42353.45102249992,-0.8058114730308203,-99442.15686870924,-1.891974065234194,-299408.6160593099,-5.6965109600325325,22.100456621004565,0.8058114730308203,2.2861222082008563,29940861.605930988,569.6510960032532,632.2830864686758,42353.45102249992,52560,31536000,2022,0,0,4,10,30,Eplus-env-06-27_thermostat_rbc_eco_year_2022_case_0_rep_0_zone_4_onoffseed_10_tempseed_30_paper2_final_runs_v2-res1_progress.csv
142,0,76014.09651452501,76014.09651452501,0.0,-502539.5192472959,-9.561254171371688,2623.5019616614595,0.0499144208839699,-36863.84380437393,-0.7013668912552118,-78705.05884984377,-1.4974326265190976,-403488.54308438906,-7.676722661422928,26.45738203957382,0.7013668912552118,1.948370408008292,40348854.308438905,767.6722661422928,822.7679863387718,36863.84380437393,52560,31536000,2023,2,0,4,10,30,Eplus-env-06-27_thermostat_rbc_eco_year_2023_case_2_rep_0_zone_4_onoffseed_10_tempseed_30_paper2_final_runs_v2-res1_progress.csv
143,0,170080.30704023718,0.0,170080.30704023718,-523772.6173107635,-9.965232445029748,1135.4710084448338,0.0216033296888286,-92770.99165071068,-1.765049308422958,-34064.13025334501,-0.6480998906648593,-291858.9264704348,-5.552871508189399,35.372907153729074,1.765049308422958,4.087546215057154,29185892.64704348,555.2871508189398,634.5816841844734,92770.99165071068,52560,31536000,2023,5,0,0,15,42,Eplus-env-06-27_thermostat_rbc_eco_year_2023_case_5_rep_0_zone_0_onoffseed_15_tempseed_42_paper2_final_runs_v2-res1_progress.csv
144,0,312103.30762914964,0.0,312103.30762914964,-583543.7827729064,-11.102431179088782,1611.0443542119467,0.0306515288092075,-45876.74178106236,-0.8728451632622215,-48331.3306263584,-0.9195458642762252,-282335.32502043666,-5.371676655639967,17.92427701674277,0.8728451632622215,2.926089520793629,28233532.50204367,537.1676655639967,614.5575012461743,45876.74178106236,52560,31536000,2022,5,0,0,15,15,Eplus-env-06-27_thermostat_rbc_eco_year_2022_case_5_rep_0_zone_0_onoffseed_15_tempseed_15_paper2_final_runs_v2-res1_progress.csv
145,0,214891.96761698023,0.0,214891.96761698023,-465907.8300492063,-8.864304224680485,1378.1986126030915,0.0262214347907741,-577.0436582720088,-0.0109787606216135,-41345.95837809275,-0.7866430437232258,-289527.66768348275,-5.508517269472655,4.973363774733638,0.0109787606216135,0.1094194807153609,28952766.768348277,550.8517269472654,621.5371676945455,577.0436582720088,52560,31536000,2023,5,0,4,5,30,Eplus-env-06-27_thermostat_rbc_eco_year_2023_case_5_rep_0_zone_4_onoffseed_5_tempseed_30_paper2_final_runs_v2-res1_progress.csv
146,0,11425.030043286368,0.0,11425.030043286368,-96589.3414286579,-1.8376967547309344,74.41929865641656,0.0014158922879835,-45842.70380237321,-0.872197560927953,-2232.578959692497,-0.0424767686395071,-41399.82054787213,-0.7876678186429248,24.39117199391172,0.872197560927953,2.5169504364111503,4139982.054787213,78.76678186429248,117.55156655946624,45842.70380237321,52560,31536000,2023,14,0,4,15,15,Eplus-env-06-27_thermostat_rbc_eco_year_2023_case_14_rep_0_zone_4_onoffseed_15_tempseed_15_paper2_final_runs_v2-res1_progress.csv
147,0,45635.62995694765,21656.97966093536,23978.650296012293,-154366.11282296944,-2.936950396175218,552.7303953637003,0.0105161795160521,-74514.69359617328,-1.417707260201166,-16581.91186091101,-0.3154853854815641,-42516.91035901732,-0.808921429966083,31.489726027397257,1.417707260201166,3.259381047119996,4251691.035901732,80.89214299660829,120.54854251267184,74514.69359617328,52560,31536000,2022,4,0,9,5,30,Eplus-env-06-27_thermostat_rbc_eco_year_2022_case_4_rep_0_zone_9_onoffseed_5_tempseed_30_paper2_final_runs_v2-res1_progress.csv
148,0,129662.0885257179,129662.0885257179,0.0,-369720.7365833612,-7.034260589485564,4500.875171770735,0.0856330892650444,-5.7654865771675325,-0.0001096934280283,-135026.25515312204,-2.568992677951333,-263638.41647389415,-5.015951607189767,0.0323439878234398,0.0001096934280283,0.0081386358125348,26363841.64738942,501.5951607189768,604.5575726986165,5.7654865771675325,52560,31536000,2023,0,0,0,5,30,Eplus-env-06-27_thermostat_rbc_eco_year_2023_case_0_rep_0_zone_0_onoffseed_5_tempseed_30_paper2_final_runs_v2-res1_progress.csv
149,0,82474.64781527486,82474.64781527486,0.0,-418054.22343890194,-7.953847477909093,2827.183471637016,0.0537896398713283,-4068.971117904676,-0.0774157366420219,-84815.50414911048,-1.6136891961398492,-346512.74294332095,-6.592708199073838,16.040715372907155,0.0774157366420219,0.3650598152729165,34651274.2943321,659.270819907384,718.7880688708885,4068.971117904676,52560,31536000,2023,1,0,9,10,30,Eplus-env-06-27_thermostat_rbc_eco_year_2023_case_1_rep_0_zone_9_onoffseed_10_tempseed_30_paper2_final_runs_v2-res1_progress.csv
150,0,164512.12636691998,0.0,164512.12636691998,-437798.8740748268,-8.329506736583463,815.310919877461,0.0155120038028436,-2127.556919643984,-0.0404786324133178,-24459.327596323827,-0.4653601140853087,-301083.94657440553,-5.728385589315174,12.201293759512938,0.0404786324133178,0.2422128096481471,30108394.65744056,572.8385589315175,636.7148594627764,2127.556919643984,52560,31536000,2022,10,0,9,15,15,Eplus-env-06-27_thermostat_rbc_eco_year_2022_case_10_rep_0_zone_9_onoffseed_15_tempseed_15_paper2_final_runs_v2-res1_progress.csv
151,0,191554.03016883903,0.0,191554.03016883903,-461001.5818719175,-8.770958559206953,1211.778265744432,0.0230551420423217,-33155.24555929664,-0.6308075639135585,-36353.34797233296,-0.6916542612696529,-271135.9842314935,-5.15859939557636,15.11986301369863,0.6308075639135585,2.2069833787295177,27113598.423149355,515.8599395576362,591.6095197617207,33155.24555929664,52560,31536000,2023,10,0,0,10,15,Eplus-env-06-27_thermostat_rbc_eco_year_2023_case_10_rep_0_zone_0_onoffseed_10_tempseed_15_paper2_final_runs_v2-res1_progress.csv
152,0,16002.62775288508,0.0,16002.62775288508,-76777.99686139272,-1.460768585642936,102.92987145684756,0.0019583308876873,-22014.292663227392,-0.4188411846123933,-3087.896143705426,-0.0587499266306207,-41671.95443353003,-0.7928454039864922,20.40525114155251,0.4188411846123933,1.3782331136501536,4167195.4433530034,79.28454039864923,118.00527201341173,22014.292663227392,52560,31536000,2023,14,0,4,5,30,Eplus-env-06-27_thermostat_rbc_eco_year_2023_case_14_rep_0_zone_4_onoffseed_5_tempseed_30_paper2_final_runs_v2-res1_progress.csv
153,0,54250.37938108381,30271.72908507152,23978.650296012293,-120100.68031176538,-2.2850205538768145,726.1856664248787,0.0138163178543546,-39908.744393534405,-0.7592987898313243,-21785.56999274636,-0.4144895356306384,-35809.70054656629,-0.6813108931995108,25.09512937595129,0.7592987898313243,2.1364461455195296,3580970.054656629,68.13108931995109,102.67684755741055,39908.744393534405,52560,31536000,2022,3,0,9,10,30,Eplus-env-06-27_thermostat_rbc_eco_year_2022_case_3_rep_0_zone_9_onoffseed_10_tempseed_30_paper2_final_runs_v2-res1_progress.csv
154,0,111374.7554307853,111374.7554307853,0.0,-511412.4077713644,-9.730068641007694,2313.6441267616183,0.0440191043904417,-11379.365241720314,-0.2165023828333393,-69409.32380284856,-1.3205731317132527,-408917.3551117186,-7.780010561486275,20.842846270928465,0.2165023828333393,0.7844079175542551,40891735.511171855,778.0010561486274,834.308368657065,11379.365241720314,52560,31536000,2022,2,0,9,5,15,Eplus-env-06-27_thermostat_rbc_eco_year_2022_case_2_rep_0_zone_9_onoffseed_5_tempseed_15_paper2_final_runs_v2-res1_progress.csv
155,0,173207.22124798168,173207.22124798168,0.0,-488090.9708387326,-9.286357892669953,3631.525040661984,0.0690929421739342,-56123.25841447789,-1.0677941098644956,-108945.75121985948,-2.0727882652180267,-290266.8847212809,-5.522581520572316,20.776255707762555,1.0677941098644956,2.999063120983706,29026688.472128093,552.2581520572317,624.6660727608412,56123.25841447789,52560,31536000,2022,0,0,1,10,30,Eplus-env-06-27_thermostat_rbc_eco_year_2022_case_0_rep_0_zone_1_onoffseed_10_tempseed_30_paper2_final_runs_v2-res1_progress.csv
156,0,172766.16108192434,172766.16108192434,0.0,-508124.8746713115,-9.667520446562245,3632.61362535866,0.0691136534505072,-27653.70526183428,-0.5261359448598607,-108978.4087607598,-2.073409603515217,-339131.17302835494,-6.452267371163527,19.484398782343987,0.5261359448598607,1.7505811510661664,33913117.302835494,645.2267371163526,702.2210816877496,27653.70526183428,52560,31536000,2022,1,0,4,10,15,Eplus-env-06-27_thermostat_rbc_eco_year_2022_case_1_rep_0_zone_4_onoffseed_10_tempseed_15_paper2_final_runs_v2-res1_progress.csv
157,0,45143.56621484704,30687.31928954224,14456.246925304798,-78567.42075890923,-1.4948139413795514,1150.2513546604284,0.0218845387111953,-7073.776263355038,-0.1345847843104078,-34507.540639812854,-0.656536161335861,-34561.692975187834,-0.6575664569099664,9.157153729071538,0.1345847843104078,0.655751594104518,3456169.2975187832,65.75664569099663,98.67693434851948,7073.776263355038,52560,31536000,2023,3,0,4,5,15,Eplus-env-06-27_thermostat_rbc_eco_year_2023_case_3_rep_0_zone_4_onoffseed_5_tempseed_15_paper2_final_runs_v2-res1_progress.csv
158,0,86649.61399153598,86649.61399153598,0.0,-470534.0566277749,-8.952322234166187,2971.202550676299,0.0565297288941457,-51029.85992959599,-0.9708877459968795,-89136.07652028897,-1.6958918668243717,-348616.1474917033,-6.632727311485983,30.506088280060883,0.9708877459968795,2.5258322289961224,34861614.749170326,663.2727311485983,722.2807566319004,51029.85992959599,52560,31536000,2023,1,0,4,10,42,Eplus-env-06-27_thermostat_rbc_eco_year_2023_case_1_rep_0_zone_4_onoffseed_10_tempseed_42_paper2_final_runs_v2-res1_progress.csv
159,0,56563.52691440745,32584.87661839516,23978.650296012293,-117105.50486194387,-2.228034719595584,769.9081590796723,0.0146481765426117,-34825.04518126858,-0.662576963113938,-23097.244772390168,-0.4394452962783517,-36005.838311998545,-0.6850425858447212,34.0810502283105,0.662576963113938,1.8083883992819652,3600583.831199854,68.50425858447211,103.06909466491466,34825.04518126858,52560,31536000,2022,3,0,4,10,42,Eplus-env-06-27_thermostat_rbc_eco_year_2022_case_3_rep_0_zone_4_onoffseed_10_tempseed_42_paper2_final_runs_v2-res1_progress.csv
160,0,40287.31627849775,25831.069353192957,14456.246925304797,-86258.60687245344,-1.641145488440895,990.1451023588796,0.018838377137726,-18776.85567199936,-0.3572461124809619,-29704.3530707664,-0.5651513141317808,-34522.69775301508,-0.6568245386798912,14.84779299847793,0.3572461124809619,1.3607111878365308,3452269.7753015086,65.68245386798912,98.86211884115512,18776.85567199936,52560,31536000,2023,3,0,4,10,15,Eplus-env-06-27_thermostat_rbc_eco_year_2023_case_3_rep_0_zone_4_onoffseed_10_tempseed_15_paper2_final_runs_v2-res1_progress.csv
161,0,47474.26510183907,33018.01817653427,14456.246925304797,-80636.3501199888,-1.5341771331809133,1231.7600992923358,0.0234353139134767,-147.74785868161976,-0.0028110323189044,-36952.80297877007,-0.7030594174043011,-41649.90598149264,-0.7924259128898904,0.5003805175038052,0.0028110323189044,0.0615933028390401,4164990.598149263,79.24259128898902,117.33945204019484,147.74785868161976,52560,31536000,2023,4,0,0,5,15,Eplus-env-06-27_thermostat_rbc_eco_year_2023_case_4_rep_0_zone_0_onoffseed_5_tempseed_15_paper2_final_runs_v2-res1_progress.csv
162,0,142432.41786699308,142432.41786699308,0.0,-420157.4084609814,-7.993862413641199,2951.908865402867,0.0561626496461732,-2279.399576536085,-0.0433675718519042,-88557.265962086,-1.684879489385198,-301354.04782745824,-5.733524502044487,11.23097412480974,0.0433675718519042,0.2600165670250774,30135404.78274582,573.3524502044486,637.4217647594879,2279.399576536085,52560,31536000,2022,0,0,9,5,15,Eplus-env-06-27_thermostat_rbc_eco_year_2022_case_0_rep_0_zone_9_onoffseed_5_tempseed_15_paper2_final_runs_v2-res1_progress.csv
163,0,118913.21361614302,118913.21361614302,0.0,-426031.7526820489,-8.105626953615847,4159.165756833499,0.0791317685851122,-908.8356883125762,-0.0172913943742879,-124774.97270500496,-2.3739530575533667,-327840.0169343697,-6.237443244565633,6.27283105022831,0.0172913943742879,0.1240781129004911,32784001.69343697,623.7443244565634,691.1693884906412,908.8356883125762,52560,31536000,2023,1,0,4,5,15,Eplus-env-06-27_thermostat_rbc_eco_year_2023_case_1_rep_0_zone_4_onoffseed_5_tempseed_15_paper2_final_runs_v2-res1_progress.csv
164,0,62460.38490234778,38481.734606335485,23978.650296012293,-111853.48271472217,-2.1281104017260684,959.087294998514,0.0182474751712046,-18962.45773642817,-0.3607773541938389,-28772.618849955412,-0.547424255136138,-41792.184089683295,-0.7951328784186319,11.293759512937596,0.3607773541938389,1.764116373154167,4179218.4089683294,79.51328784186319,118.41096427824236,18962.45773642817,52560,31536000,2022,4,0,0,15,15,Eplus-env-06-27_thermostat_rbc_eco_year_2022_case_4_rep_0_zone_0_onoffseed_15_tempseed_15_paper2_final_runs_v2-res1_progress.csv
165,0,30846.889701884986,16390.64277658019,14456.246925304797,-105902.22412528945,-2.0148824985785665,645.1112288189347,0.0122738057233435,-38464.5020197919,-0.7318208146840164,-19353.33686456804,-0.3682141717003052,-42201.88164038544,-0.8029277328840457,37.37062404870624,0.7318208146840164,1.9564032435103735,4220188.1640385445,80.29277328840458,119.5962969386766,38464.5020197919,52560,31536000,2023,4,0,0,15,42,Eplus-env-06-27_thermostat_rbc_eco_year_2023_case_4_rep_0_zone_0_onoffseed_15_tempseed_42_paper2_final_runs_v2-res1_progress.csv
166,0,86577.06153092698,86577.06153092698,0.0,-488563.1349813978,-9.295341228717614,3024.607839837892,0.0575458112602338,-22047.482414055477,-0.4194726486692441,-90738.23519513676,-1.7263743378070162,-395686.95852889086,-7.528290687383768,20.875190258751903,0.4194726486692441,1.447416987587372,39568695.85288909,752.8290687383769,807.2281698491905,22047.482414055477,52560,31536000,2023,2,0,4,10,15,Eplus-env-06-27_thermostat_rbc_eco_year_2023_case_2_rep_0_zone_4_onoffseed_10_tempseed_15_paper2_final_runs_v2-res1_progress.csv
167,0,117154.4121568273,117154.4121568273,0.0,-553292.4886382498,-10.526873832539,2433.0678992226017,0.0462912461800342,-47304.43909444749,-0.9000083541561547,-72992.03697667806,-1.3887373854010283,-410144.024958302,-7.803349028887024,31.227168949771688,0.9000083541561547,2.311430306073349,41014402.4958302,780.3349028887025,836.3752419586983,47304.43909444749,52560,31536000,2022,2,0,4,10,42,Eplus-env-06-27_thermostat_rbc_eco_year_2022_case_2_rep_0_zone_4_onoffseed_10_tempseed_42_paper2_final_runs_v2-res1_progress.csv
168,0,90756.90937174266,90756.90937174266,0.0,-425631.1509528532,-8.098005155115167,3109.91673346728,0.0591688876230456,-51135.83503047394,-0.9729040150394586,-93297.5020040184,-1.77506662869137,-300247.0883653566,-5.712463629477866,28.563546423135467,0.9729040150394586,2.561398091710694,30024708.83653566,571.2463629477865,634.0406011468423,51135.83503047394,52560,31536000,2023,0,0,4,10,42,Eplus-env-06-27_thermostat_rbc_eco_year_2023_case_0_rep_0_zone_4_onoffseed_10_tempseed_42_paper2_final_runs_v2-res1_progress.csv
169,0,180795.90325123305,180795.90325123305,0.0,-466000.8660584186,-8.86607431617996,3794.485316524868,0.0721934040434716,-27937.298849511342,-0.5315315610637622,-113834.55949574604,-2.1658021213041483,-290154.4387590735,-5.520442137729709,18.327625570776256,0.5315315610637622,1.7783216621253946,29015443.87590736,552.044213772971,613.5092758658251,27937.298849511342,52560,31536000,2022,0,0,4,10,15,Eplus-env-06-27_thermostat_rbc_eco_year_2022_case_0_rep_0_zone_4_onoffseed_10_tempseed_15_paper2_final_runs_v2-res1_progress.csv
170,0,111374.7554307853,111374.7554307853,0.0,-511412.4077713644,-9.730068641007694,2313.6441267616183,0.0440191043904417,-11379.365241720314,-0.2165023828333393,-69409.32380284856,-1.3205731317132527,-408917.3551117186,-7.780010561486275,20.842846270928465,0.2165023828333393,0.7844079175542551,40891735.511171855,778.0010561486274,834.308368657065,11379.365241720314,52560,31536000,2022,2,0,9,10,30,Eplus-env-06-27_thermostat_rbc_eco_year_2022_case_2_rep_0_zone_9_onoffseed_10_tempseed_30_paper2_final_runs_v2-res1_progress.csv
171,0,100996.54947669768,100996.54947669768,0.0,-458645.8462977348,-8.7261386281913,3505.8958633659886,0.0667027371264457,-15.45374015546279,-0.0002940209314205,-105176.87590097966,-2.0010821137933728,-376005.1154306929,-7.153826397083199,0.0437595129375951,0.0002940209314205,0.0177649332529184,37600511.54306929,715.3826397083197,803.0617235929096,15.45374015546279,52560,31536000,2023,2,0,0,5,30,Eplus-env-06-27_thermostat_rbc_eco_year_2023_case_2_rep_0_zone_0_onoffseed_5_tempseed_30_paper2_final_runs_v2-res1_progress.csv
172,0,178495.3081371652,0.0,178495.3081371652,-424270.0593285849,-8.072109195749332,1130.3816645066238,0.0215065004662599,-367.18331638243154,-0.0069859839494374,-33911.44993519872,-0.645195013987799,-277875.8644251877,-5.286831514938883,4.91248097412481,0.0069859839494374,0.0714947593896926,27787586.44251877,528.6831514938883,600.9785482356232,367.18331638243154,52560,31536000,2023,10,0,4,5,15,Eplus-env-06-27_thermostat_rbc_eco_year_2023_case_10_rep_0_zone_4_onoffseed_5_tempseed_15_paper2_final_runs_v2-res1_progress.csv
173,0,86464.38924055232,86464.38924055232,0.0,-370322.0397949705,-7.045700909341143,2961.180426702392,0.0563390492142768,-1952.170947932172,-0.0371417608054066,-88835.41280107175,-1.6901714764283058,-297633.35200934246,-5.662735007788099,12.3382800608828,0.0371417608054066,0.2189081993906933,29763335.20093425,566.2735007788099,629.8419070257769,1952.170947932172,52560,31536000,2023,0,0,9,10,30,Eplus-env-06-27_thermostat_rbc_eco_year_2023_case_0_rep_0_zone_9_onoffseed_10_tempseed_30_paper2_final_runs_v2-res1_progress.csv
174,0,194972.1148208087,0.0,194972.1148208087,-459322.9432781072,-8.739020990831568,970.7494582622784,0.0184693580339094,-917.9125538661244,-0.0174640896854285,-29122.483747868348,-0.5540807410172821,-298898.3435893375,-5.686802579705812,12.70738203957382,0.0174640896854285,0.1180071695658455,29889834.358933747,568.6802579705811,638.4601958783923,917.9125538661244,52560,31536000,2022,10,0,4,5,42,Eplus-env-06-27_thermostat_rbc_eco_year_2022_case_10_rep_0_zone_4_onoffseed_5_tempseed_42_paper2_final_runs_v2-res1_progress.csv
175,0,164512.12636691998,0.0,164512.12636691998,-437798.8740748268,-8.329506736583463,815.310919877461,0.0155120038028436,-2127.556919643984,-0.0404786324133178,-24459.327596323827,-0.4653601140853087,-301083.94657440553,-5.728385589315174,12.201293759512938,0.0404786324133178,0.2422128096481471,30108394.65744056,572.8385589315175,636.7148594627764,2127.556919643984,52560,31536000,2022,10,0,9,5,30,Eplus-env-06-27_thermostat_rbc_eco_year_2022_case_10_rep_0_zone_9_onoffseed_5_tempseed_30_paper2_final_runs_v2-res1_progress.csv
176,0,29656.439670140346,15200.192744835547,14456.246925304798,-118778.81844688984,-2.25987097501693,613.9786633942308,0.0116814814192205,-52636.984025203936,-1.001464688455174,-18419.359901826923,-0.3504444425766157,-41879.90112754411,-0.796801771833031,27.69406392694064,1.001464688455174,2.7431987963875386,4187990.112754411,79.6801771833031,118.76035862157764,52636.984025203936,52560,31536000,2023,4,0,4,15,30,Eplus-env-06-27_thermostat_rbc_eco_year_2023_case_4_rep_0_zone_4_onoffseed_15_tempseed_30_paper2_final_runs_v2-res1_progress.csv
177,0,45635.62995694765,21656.97966093536,23978.650296012293,-154366.11282296944,-2.936950396175218,552.7303953637003,0.0105161795160521,-74514.69359617328,-1.417707260201166,-16581.91186091101,-0.3154853854815641,-42516.91035901732,-0.808921429966083,31.489726027397257,1.417707260201166,3.259381047119996,4251691.035901732,80.89214299660829,120.54854251267184,74514.69359617328,52560,31536000,2022,4,0,9,15,15,Eplus-env-06-27_thermostat_rbc_eco_year_2022_case_4_rep_0_zone_9_onoffseed_15_tempseed_15_paper2_final_runs_v2-res1_progress.csv
178,0,65628.40852339372,41649.75822738143,23978.650296012293,-99418.93514383788,-1.891532251595089,943.5713499830258,0.017952270737881,-8804.017185538203,-0.1675041321449429,-28307.14049949077,-0.5385681221364302,-36924.31694531127,-0.7025174456870485,33.94596651445966,0.1675041321449429,0.399603790752375,3692431.694531127,70.25174456870485,105.300144488838,8804.017185538203,52560,31536000,2022,3,0,0,5,42,Eplus-env-06-27_thermostat_rbc_eco_year_2022_case_3_rep_0_zone_0_onoffseed_5_tempseed_42_paper2_final_runs_v2-res1_progress.csv
179,0,27462.78362487608,13006.536699571274,14456.246925304798,-138051.98576824565,-2.626559850994019,536.9408926290927,0.0102157704077072,-73557.15855529088,-1.399489318023038,-16108.22677887278,-0.3064731122312172,-42027.52392944367,-0.7996104248372083,33.525494672754945,1.399489318023038,3.258316557993148,4202752.392944367,79.96104248372083,119.22096541241709,73557.15855529088,52560,31536000,2023,4,0,9,15,42,Eplus-env-06-27_thermostat_rbc_eco_year_2023_case_4_rep_0_zone_9_onoffseed_15_tempseed_42_paper2_final_runs_v2-res1_progress.csv
180,0,111335.67807974,111335.67807974,0.0,-425884.3686629043,-8.102822843662564,3861.013788990075,0.0734591664571932,-56559.41514206466,-1.0760923733269532,-115830.41366970223,-2.203774993715796,-278241.2352838043,-5.29378301529308,20.2130898021309,1.0760923733269532,3.0259644830531007,27824123.52838044,529.3783015293081,610.2758463457216,56559.41514206466,52560,31536000,2023,0,0,0,10,30,Eplus-env-06-27_thermostat_rbc_eco_year_2023_case_0_rep_0_zone_0_onoffseed_10_tempseed_30_paper2_final_runs_v2-res1_progress.csv
181,0,145042.16329977388,145042.16329977388,0.0,-553255.3108233716,-10.526166492073282,3045.8478422496505,0.0579499208951607,-43403.60962610068,-0.8257916595529049,-91375.4352674895,-1.7384976268548231,-391192.7074017261,-7.442783626364651,19.375951293759517,0.8257916595529049,2.466900847254858,39119270.7401726,744.2783626364651,812.5178964308634,43403.60962610068,52560,31536000,2022,2,0,0,10,30,Eplus-env-06-27_thermostat_rbc_eco_year_2022_case_2_rep_0_zone_0_onoffseed_10_tempseed_30_paper2_final_runs_v2-res1_progress.csv
182,0,177807.96200830492,0.0,177807.96200830492,-444280.9649663612,-8.45283418885771,1132.5225844710417,0.0215472333422953,-1675.7427687559448,-0.0318824727693292,-33975.677534131246,-0.6464170002688593,-297140.528478611,-5.65335860880158,13.131659056316591,0.0318824727693292,0.2059401250908944,29714052.847861096,565.3358608801578,628.7911010866034,1675.7427687559448,52560,31536000,2023,5,0,9,15,42,Eplus-env-06-27_thermostat_rbc_eco_year_2023_case_5_rep_0_zone_9_onoffseed_15_tempseed_42_paper2_final_runs_v2-res1_progress.csv
183,0,250247.76876162784,0.0,250247.76876162784,-507543.0375754904,-9.65645048659609,1261.1248380994653,0.0239940037690157,-1900.636146799237,-0.0361612661110965,-37833.74514298397,-0.7198201130704711,-300914.70180480345,-5.725165559452121,11.459284627092844,0.0361612661110965,0.2379094952872463,30091470.180480342,572.516555945212,636.5491422296992,1900.636146799237,52560,31536000,2022,5,0,9,15,15,Eplus-env-06-27_thermostat_rbc_eco_year_2022_case_5_rep_0_zone_9_onoffseed_15_tempseed_15_paper2_final_runs_v2-res1_progress.csv
184,0,9078.400535650217,0.0,9078.400535650217,-120679.01136289866,-2.2960238082743274,59.1682811242529,0.0011257283318921,-71316.19951009497,-1.3568531109226594,-1775.048433727587,-0.0337718499567653,-41935.77237458825,-0.7978647712060168,33.90981735159818,1.3568531109226594,3.139687987881909,4193577.2374588246,79.78647712060169,118.98764338980646,71316.19951009497,52560,31536000,2023,14,0,9,5,42,Eplus-env-06-27_thermostat_rbc_eco_year_2023_case_14_rep_0_zone_9_onoffseed_5_tempseed_42_paper2_final_runs_v2-res1_progress.csv
185,0,186334.3113962079,0.0,186334.3113962079,-500524.1244122737,-9.522909520781464,1222.737084760662,0.0232636431651571,-50433.19727838774,-0.9595357168643026,-36682.11254281986,-0.6979092949547157,-297650.8269806484,-5.663067484411118,25.89802130898021,0.9595357168643026,2.505039291097749,29765082.698064838,566.3067484411117,632.0415215740742,50433.19727838774,52560,31536000,2023,5,0,4,15,30,Eplus-env-06-27_thermostat_rbc_eco_year_2023_case_5_rep_0_zone_4_onoffseed_15_tempseed_30_paper2_final_runs_v2-res1_progress.csv
186,0,16192.66145924592,0.0,16192.66145924592,-127494.33565452127,-2.4256913176278783,79.83626945682256,0.0015189548983413,-71829.01406437678,-1.3666098566281732,-2395.088083704677,-0.0455686469502411,-42418.1052503354,-0.8070415763001408,31.974885844748854,1.3666098566281732,3.1313373171230023,4241810.525033539,80.70415763001407,120.29785773605474,71829.01406437678,52560,31536000,2022,14,0,9,5,15,Eplus-env-06-27_thermostat_rbc_eco_year_2022_case_14_rep_0_zone_9_onoffseed_5_tempseed_15_paper2_final_runs_v2-res1_progress.csv
187,0,20256.2430779703,0.0,20256.2430779703,-99434.17345101542,-1.89182217372556,100.85696216169583,0.001918891974157,-41024.11665115487,-0.7805197231954885,-3025.708864850875,-0.0575667592247122,-41838.424337773045,-0.7960126396075541,23.3675799086758,0.7805197231954885,2.295954207283016,4183842.433777305,79.60126396075543,118.60351538865618,41024.11665115487,52560,31536000,2022,14,0,4,10,15,Eplus-env-06-27_thermostat_rbc_eco_year_2022_case_14_rep_0_zone_4_onoffseed_10_tempseed_15_paper2_final_runs_v2-res1_progress.csv
188,0,67181.89839823455,43203.24810222225,23978.650296012293,-102068.6526377488,-1.941945445923684,1001.291816706713,0.0190504531336893,-10635.795393022265,-0.2023553156967706,-30038.75450120139,-0.5715135940106809,-36471.34616513084,-0.6938992801585016,11.61910197869102,0.2023553156967706,1.0294929284993268,3647134.616513084,69.38992801585015,104.03774994893276,10635.795393022265,52560,31536000,2022,3,0,0,10,30,Eplus-env-06-27_thermostat_rbc_eco_year_2022_case_3_rep_0_zone_0_onoffseed_10_tempseed_30_paper2_final_runs_v2-res1_progress.csv
189,0,223891.87767619707,0.0,223891.87767619707,-504444.1610310944,-9.59749164823239,1157.6808002028365,0.022025890414818,-40003.81339379348,-0.7611075607647162,-34730.42400608509,-0.6607767124445414,-281274.40251040424,-5.351491676377554,16.969178082191778,0.7611075607647162,2.6316606249040686,28127440.251040418,535.1491676377552,612.8531588306968,40003.81339379348,52560,31536000,2022,10,0,0,15,15,Eplus-env-06-27_thermostat_rbc_eco_year_2022_case_10_rep_0_zone_0_onoffseed_15_tempseed_15_paper2_final_runs_v2-res1_progress.csv
190,0,106663.20170159938,106663.20170159938,0.0,-469290.3360933431,-8.928659362506528,3700.89503344988,0.0704127669986659,-54693.63411167552,-1.040594256310417,-111026.8510034964,-2.1123830099599776,-327335.5366695891,-6.2278450660119695,20.14840182648402,1.040594256310417,2.9396770929220755,32733553.66695891,622.7845066011969,697.4774646863965,54693.63411167552,52560,31536000,2023,1,0,0,10,30,Eplus-env-06-27_thermostat_rbc_eco_year_2023_case_1_rep_0_zone_0_onoffseed_10_tempseed_30_paper2_final_runs_v2-res1_progress.csv
191,0,51557.35964572967,27578.709349717377,23978.650296012293,-117567.89110863136,-2.236832022614752,667.0873320890892,0.0126919203213297,-32946.18704754684,-0.6268300427615456,-20012.61996267268,-0.3807576096398911,-42442.62813491308,-0.8075081456414208,30.500380517503807,0.6268300427615456,1.7711319464097814,4244262.813491307,80.75081456414208,120.17637555817784,32946.18704754684,52560,31536000,2022,4,0,4,5,42,Eplus-env-06-27_thermostat_rbc_eco_year_2022_case_4_rep_0_zone_4_onoffseed_5_tempseed_42_paper2_final_runs_v2-res1_progress.csv
192,0,121914.854652609,0.0,121914.854652609,-398575.7931684146,-7.5832532946806435,775.7310963240304,0.0147589630198635,-1565.343958817569,-0.0297820387902886,-23271.93288972091,-0.4427688905959077,-297271.9066182976,-5.655858192889984,13.276255707762555,0.0297820387902886,0.1804454061982691,29727190.66182976,565.5858192889986,628.8580511446348,1565.343958817569,52560,31536000,2023,10,0,9,10,15,Eplus-env-06-27_thermostat_rbc_eco_year_2023_case_10_rep_0_zone_9_onoffseed_10_tempseed_15_paper2_final_runs_v2-res1_progress.csv
193,0,179215.28404571713,179215.28404571713,0.0,-471858.0403196678,-8.977512182642082,3754.5218318782822,0.0714330637724178,-211.5978586797545,-0.004025834449767,-112635.65495634846,-2.1429919131725352,-325030.4185831869,-6.1839881770012735,10.688736681887368,0.004025834449767,0.0296484904944245,32503041.858318686,618.3988177001272,712.4473975391641,211.5978586797545,52560,31536000,2022,1,0,0,5,42,Eplus-env-06-27_thermostat_rbc_eco_year_2022_case_1_rep_0_zone_0_onoffseed_5_tempseed_42_paper2_final_runs_v2-res1_progress.csv
194,0,177807.96200830492,0.0,177807.96200830492,-444280.9649663612,-8.45283418885771,1132.5225844710417,0.0215472333422953,-1675.7427687559448,-0.0318824727693292,-33975.677534131246,-0.6464170002688593,-297140.528478611,-5.65335860880158,13.131659056316591,0.0318824727693292,0.2059401250908944,29714052.847861096,565.3358608801578,628.7911010866034,1675.7427687559448,52560,31536000,2023,5,0,9,5,42,Eplus-env-06-27_thermostat_rbc_eco_year_2023_case_5_rep_0_zone_9_onoffseed_5_tempseed_42_paper2_final_runs_v2-res1_progress.csv
195,0,45635.62995694765,21656.97966093536,23978.650296012293,-154366.11282296944,-2.936950396175218,552.7303953637003,0.0105161795160521,-74514.69359617328,-1.417707260201166,-16581.91186091101,-0.3154853854815641,-42516.91035901732,-0.808921429966083,31.489726027397257,1.417707260201166,3.259381047119996,4251691.035901732,80.89214299660829,120.54854251267184,74514.69359617328,52560,31536000,2022,4,0,9,15,30,Eplus-env-06-27_thermostat_rbc_eco_year_2022_case_4_rep_0_zone_9_onoffseed_15_tempseed_30_paper2_final_runs_v2-res1_progress.csv
196,0,31614.24949613219,17158.002570827393,14456.246925304798,-116983.23241770807,-2.2257083793323456,695.3416372875854,0.0132294832056237,-49601.22262273279,-0.943706670904353,-20860.24911862756,-0.3968844961687131,-41518.392282189576,-0.7899237496611411,24.634703196347036,0.943706670904353,2.704720680608948,4151839.228218958,78.99237496611411,117.84993841090116,49601.22262273279,52560,31536000,2023,4,0,4,15,15,Eplus-env-06-27_thermostat_rbc_eco_year_2023_case_4_rep_0_zone_4_onoffseed_15_tempseed_15_paper2_final_runs_v2-res1_progress.csv
197,0,164512.12636691998,0.0,164512.12636691998,-437798.8740748268,-8.329506736583463,815.310919877461,0.0155120038028436,-2127.556919643984,-0.0404786324133178,-24459.327596323827,-0.4653601140853087,-301083.94657440553,-5.728385589315174,12.201293759512938,0.0404786324133178,0.2422128096481471,30108394.65744056,572.8385589315175,636.7148594627764,2127.556919643984,52560,31536000,2022,10,0,9,5,15,Eplus-env-06-27_thermostat_rbc_eco_year_2022_case_10_rep_0_zone_9_onoffseed_5_tempseed_15_paper2_final_runs_v2-res1_progress.csv
198,0,121914.854652609,0.0,121914.854652609,-398575.7931684146,-7.5832532946806435,775.7310963240304,0.0147589630198635,-1565.343958817569,-0.0297820387902886,-23271.93288972091,-0.4427688905959077,-297271.9066182976,-5.655858192889984,13.276255707762555,0.0297820387902886,0.1804454061982691,29727190.66182976,565.5858192889986,628.8580511446348,1565.343958817569,52560,31536000,2023,10,0,9,5,42,Eplus-env-06-27_thermostat_rbc_eco_year_2023_case_10_rep_0_zone_9_onoffseed_5_tempseed_42_paper2_final_runs_v2-res1_progress.csv
199,0,47484.663609943695,23506.01331393139,23978.650296012293,-142450.54968666311,-2.7102463791222053,588.3045534303382,0.0111930090074265,-61100.94730305952,-1.1624989973945874,-17649.136602910145,-0.3357902702227957,-42502.399084308665,-0.8086453402646245,33.86796042617961,1.1624989973945874,2.843824422726596,4250239.908430867,80.86453402646247,120.5046899568404,61100.94730305952,52560,31536000,2022,4,0,4,15,42,Eplus-env-06-27_thermostat_rbc_eco_year_2022_case_4_rep_0_zone_4_onoffseed_15_tempseed_42_paper2_final_runs_v2-res1_progress.csv
200,0,180192.684427377,180192.684427377,0.0,-547565.7483552085,-10.41791758666683,3816.6504491798096,0.07261511509094,-19310.01205080635,-0.367389879201034,-114499.51347539428,-2.178453452728202,-380840.1011743651,-7.245816232388986,11.974885844748858,0.367389879201034,1.5638481644297166,38084010.1174365,724.5816232388984,791.897194059014,19310.01205080635,52560,31536000,2022,2,0,0,10,15,Eplus-env-06-27_thermostat_rbc_eco_year_2022_case_2_rep_0_zone_0_onoffseed_10_tempseed_15_paper2_final_runs_v2-res1_progress.csv
201,0,78348.02723636448,78348.02723636448,0.0,-517936.4567770426,-9.85419438312486,2691.8955849809317,0.0512156694250557,-60228.84410496847,-1.1459064707946818,-80756.86754942793,-1.5364700827516728,-393611.09159000433,-7.488795502092929,29.948630136986303,1.1459064707946818,3.002399938058429,39361109.15900044,748.879550209293,817.0013681522393,60228.84410496847,52560,31536000,2023,2,0,0,10,42,Eplus-env-06-27_thermostat_rbc_eco_year_2023_case_2_rep_0_zone_0_onoffseed_10_tempseed_42_paper2_final_runs_v2-res1_progress.csv
202,0,162630.6182244396,162630.6182244396,0.0,-493145.8280447327,-9.382530974975888,3391.202092922364,0.0645205877648851,-72019.95982764609,-1.3702427668882438,-101736.06278767092,-1.935617632946555,-288077.75944767264,-5.480931496340804,27.045281582952818,1.3702427668882438,3.5625114868362404,28807775.94476726,548.0931496340803,629.0713551678144,72019.95982764609,52560,31536000,2022,0,0,0,10,42,Eplus-env-06-27_thermostat_rbc_eco_year_2022_case_0_rep_0_zone_0_onoffseed_10_tempseed_42_paper2_final_runs_v2-res1_progress.csv
203,0,179268.78924427254,179268.78924427254,0.0,-433446.1273471013,-8.24669192060695,3751.795549499783,0.0713811938641511,-292.17036374805133,-0.0055587968749629,-112553.86648499346,-2.141435815924533,-286494.160502614,-5.450802140460692,10.471841704718416,0.0055587968749629,0.0431844483219048,28649416.05026139,545.080214046069,633.6390156005009,292.17036374805133,52560,31536000,2022,0,0,1,5,42,Eplus-env-06-27_thermostat_rbc_eco_year_2022_case_0_rep_0_zone_1_onoffseed_5_tempseed_42_paper2_final_runs_v2-res1_progress.csv
204,0,163616.04497414993,163616.04497414993,0.0,-433667.2109609411,-8.250898229850478,3414.2692287250275,0.0649594602116633,-825.5387357671616,-0.01570659695143,-102428.07686175084,-1.9487838063499017,-298987.3858318218,-5.68849668629798,10.736301369863014,0.01570659695143,0.1152699983073836,29898738.583182182,568.8496686297981,639.0011924351888,825.5387357671616,52560,31536000,2022,0,0,4,5,42,Eplus-env-06-27_thermostat_rbc_eco_year_2022_case_0_rep_0_zone_4_onoffseed_5_tempseed_42_paper2_final_runs_v2-res1_progress.csv
205,0,137379.97107911893,137379.97107911893,0.0,-410137.33855644776,-7.8032218142398735,4834.965150899617,0.0919894435102666,-31896.38910799835,-0.6068567181887053,-145048.95452698853,-2.759683305308001,-265850.3951086222,-5.058036436617622,14.634703196347033,0.6068567181887053,2.0899082020523907,26585039.51086222,505.8036436617622,586.8153077358239,31896.38910799835,52560,31536000,2023,0,0,0,10,15,Eplus-env-06-27_thermostat_rbc_eco_year_2023_case_0_rep_0_zone_0_onoffseed_10_tempseed_15_paper2_final_runs_v2-res1_progress.csv
206,0,82474.64781527486,82474.64781527486,0.0,-418054.22343890194,-7.953847477909093,2827.183471637016,0.0537896398713283,-4068.971117904676,-0.0774157366420219,-84815.50414911048,-1.6136891961398492,-346512.74294332095,-6.592708199073838,16.040715372907155,0.0774157366420219,0.3650598152729165,34651274.2943321,659.270819907384,718.7880688708885,4068.971117904676,52560,31536000,2023,1,0,9,5,42,Eplus-env-06-27_thermostat_rbc_eco_year_2023_case_1_rep_0_zone_9_onoffseed_5_tempseed_42_paper2_final_runs_v2-res1_progress.csv
207,0,302055.79720518185,0.0,302055.79720518185,-525724.380110281,-10.002366440454358,1519.5662158742637,0.0289110771665575,-729.4658137179154,-0.0138787255273575,-45586.98647622792,-0.867332314996726,-277883.0666030038,-5.286968542675111,11.126331811263318,0.0138787255273575,0.1816277511800235,27788306.660300385,528.6968542675112,626.5423205168483,729.4658137179154,52560,31536000,2022,5,0,0,5,42,Eplus-env-06-27_thermostat_rbc_eco_year_2022_case_5_rep_0_zone_0_onoffseed_5_tempseed_42_paper2_final_runs_v2-res1_progress.csv
208,0,253224.78460440945,0.0,253224.78460440945,-574531.1388860713,-10.930957741363608,1293.6627220820503,0.0246130654886234,-61973.89410666112,-1.179107574327647,-38809.88166246152,-0.7383919646587046,-305394.04849454283,-5.810389050505001,30.302511415525117,1.179107574327647,2.85761603012159,30539404.849454284,581.0389050505,646.8772137481226,61973.89410666112,52560,31536000,2022,5,0,4,15,42,Eplus-env-06-27_thermostat_rbc_eco_year_2022_case_5_rep_0_zone_4_onoffseed_15_tempseed_42_paper2_final_runs_v2-res1_progress.csv
209,0,16192.66145924592,0.0,16192.66145924592,-127494.33565452127,-2.4256913176278783,79.83626945682256,0.0015189548983413,-71829.01406437678,-1.3666098566281732,-2395.088083704677,-0.0455686469502411,-42418.1052503354,-0.8070415763001408,31.974885844748854,1.3666098566281732,3.1313373171230023,4241810.525033539,80.70415763001407,120.29785773605474,71829.01406437678,52560,31536000,2022,14,0,9,5,30,Eplus-env-06-27_thermostat_rbc_eco_year_2022_case_14_rep_0_zone_9_onoffseed_5_tempseed_30_paper2_final_runs_v2-res1_progress.csv
210,0,19739.073373077616,0.0,19739.073373077616,-102084.58344191148,-1.942248543415363,97.95751592278944,0.0018637274718947,-43744.62286432742,-0.8322797348616329,-2938.7254776836826,-0.0559118241568432,-42191.42465106927,-0.8027287795104503,26.04071537290715,0.8322797348616329,2.3369762489584605,4219142.465106927,80.27287795104503,119.59399319695817,43744.62286432742,52560,31536000,2022,14,0,4,10,30,Eplus-env-06-27_thermostat_rbc_eco_year_2022_case_14_rep_0_zone_4_onoffseed_10_tempseed_30_paper2_final_runs_v2-res1_progress.csv
211,0,205809.92349076315,0.0,205809.92349076315,-490146.9919663053,-9.325475494031682,1360.868253685306,0.025891709545002,-32214.64097213807,-0.6129117384348948,-40826.04761055917,-0.7767512863500604,-289559.2525863739,-5.509118199892958,20.783866057838654,0.6129117384348948,1.9379326713052445,28955925.258637387,550.9118199892959,616.5737979650495,32214.64097213807,52560,31536000,2023,5,0,4,15,15,Eplus-env-06-27_thermostat_rbc_eco_year_2023_case_5_rep_0_zone_4_onoffseed_15_tempseed_15_paper2_final_runs_v2-res1_progress.csv
212,0,127801.97760043728,127801.97760043728,0.0,-515734.8630757513,-9.812307136144431,2665.6811267145595,0.0507169164138995,-4480.282294785253,-0.0852412917577103,-79970.43380143678,-1.521507492416986,-406699.7829060482,-7.737819309475803,18.234398782343987,0.0852412917577103,0.3800419604672383,40669978.29060482,773.7819309475803,834.9232740995642,4480.282294785253,52560,31536000,2022,2,0,4,5,42,Eplus-env-06-27_thermostat_rbc_eco_year_2022_case_2_rep_0_zone_4_onoffseed_5_tempseed_42_paper2_final_runs_v2-res1_progress.csv
213,0,32510.30566430987,18054.05873900507,14456.246925304797,-102260.79473084836,-1.9456011174057903,705.3262986897975,0.0134194501272792,-40385.25276957651,-0.7683647787210143,-21159.78896069392,-0.4025835038183775,-35278.86089729996,-0.6712112042865289,26.162480974124808,0.7683647787210143,2.1663479660135327,3527886.089729996,67.12112042865289,101.22678556213036,40385.25276957651,52560,31536000,2023,3,0,9,5,42,Eplus-env-06-27_thermostat_rbc_eco_year_2023_case_3_rep_0_zone_9_onoffseed_5_tempseed_42_paper2_final_runs_v2-res1_progress.csv
214,0,16192.66145924592,0.0,16192.66145924592,-127494.33565452127,-2.4256913176278783,79.83626945682256,0.0015189548983413,-71829.01406437678,-1.3666098566281732,-2395.088083704677,-0.0455686469502411,-42418.1052503354,-0.8070415763001408,31.974885844748854,1.3666098566281732,3.1313373171230023,4241810.525033539,80.70415763001407,120.29785773605474,71829.01406437678,52560,31536000,2022,14,0,9,10,42,Eplus-env-06-27_thermostat_rbc_eco_year_2022_case_14_rep_0_zone_9_onoffseed_10_tempseed_42_paper2_final_runs_v2-res1_progress.csv
215,0,13698.6879361744,0.0,13698.6879361744,-83369.9145067588,-1.5861855880281357,92.72607517890243,0.0017641947332363,-30212.44004598889,-0.5748181135081599,-2781.782255367073,-0.0529258419970904,-41950.57786018564,-0.798146458527124,31.299467275494678,0.5748181135081599,1.7010274079765009,4195057.786018563,79.81464585271239,119.0039387000254,30212.44004598889,52560,31536000,2023,14,0,0,15,42,Eplus-env-06-27_thermostat_rbc_eco_year_2023_case_14_rep_0_zone_0_onoffseed_15_tempseed_42_paper2_final_runs_v2-res1_progress.csv
216,0,250247.76876162784,0.0,250247.76876162784,-507543.0375754904,-9.65645048659609,1261.1248380994653,0.0239940037690157,-1900.636146799237,-0.0361612661110965,-37833.74514298397,-0.7198201130704711,-300914.70180480345,-5.725165559452121,11.459284627092844,0.0361612661110965,0.2379094952872463,30091470.180480342,572.516555945212,636.5491422296992,1900.636146799237,52560,31536000,2022,5,0,9,15,30,Eplus-env-06-27_thermostat_rbc_eco_year_2022_case_5_rep_0_zone_9_onoffseed_15_tempseed_30_paper2_final_runs_v2-res1_progress.csv
217,0,132482.5318666117,0.0,132482.5318666117,-458239.8998455593,-8.718415141658282,841.966352888467,0.0160191467444533,-49763.40262271612,-0.946792287342392,-25258.990586654007,-0.4805744023335998,-300092.5379027681,-5.70952317166606,29.64421613394216,0.946792287342392,2.497129127295227,30009253.79027681,570.952317166606,633.3840083555655,49763.40262271612,52560,31536000,2023,10,0,4,10,42,Eplus-env-06-27_thermostat_rbc_eco_year_2023_case_10_rep_0_zone_4_onoffseed_10_tempseed_42_paper2_final_runs_v2-res1_progress.csv
218,0,131559.64471653567,131559.64471653567,0.0,-453663.0354311312,-8.631336290546635,4634.166326333303,0.0881690701357173,-30057.40420610729,-0.5718684209685557,-139024.9897899991,-2.64507210407152,-315976.6858824261,-6.011732988630634,14.461567732115675,0.5718684209685557,2.001820751557824,31597668.588242605,601.1732988630632,675.7667822976655,30057.40420610729,52560,31536000,2023,1,0,0,10,15,Eplus-env-06-27_thermostat_rbc_eco_year_2023_case_1_rep_0_zone_0_onoffseed_10_tempseed_15_paper2_final_runs_v2-res1_progress.csv
219,0,190359.50100082005,0.0,190359.50100082005,-516315.9737423415,-9.823363275158703,976.6192267773624,0.0185810355170731,-70184.00657190439,-1.335312149389353,-29298.576803320862,-0.557431065512193,-290398.85940166627,-5.525092454369601,24.663242009132414,1.335312149389353,3.490031661375144,29039885.940166622,552.5092454369601,632.4416451807937,70184.00657190439,52560,31536000,2022,10,0,0,15,30,Eplus-env-06-27_thermostat_rbc_eco_year_2022_case_10_rep_0_zone_0_onoffseed_15_tempseed_30_paper2_final_runs_v2-res1_progress.csv
220,0,121914.854652609,0.0,121914.854652609,-398575.7931684146,-7.5832532946806435,775.7310963240304,0.0147589630198635,-1565.343958817569,-0.0297820387902886,-23271.93288972091,-0.4427688905959077,-297271.9066182976,-5.655858192889984,13.276255707762555,0.0297820387902886,0.1804454061982691,29727190.66182976,565.5858192889986,628.8580511446348,1565.343958817569,52560,31536000,2023,10,0,9,10,30,Eplus-env-06-27_thermostat_rbc_eco_year_2023_case_10_rep_0_zone_9_onoffseed_10_tempseed_30_paper2_final_runs_v2-res1_progress.csv
221,0,155564.09554899533,155564.09554899533,0.0,-534435.0099058165,-10.168093795772766,3248.123872345119,0.0617983993977381,-70578.81070896723,-1.3428236436257082,-97443.71617035355,-1.8539519819321453,-336589.2126282162,-6.403904349851906,27.52092846270928,1.3428236436257082,3.4918814305701966,33658921.26282162,640.3904349851907,715.5571404608269,70578.81070896723,52560,31536000,2022,1,0,0,10,42,Eplus-env-06-27_thermostat_rbc_eco_year_2022_case_1_rep_0_zone_0_onoffseed_10_tempseed_42_paper2_final_runs_v2-res1_progress.csv
222,0,36699.43369294842,22243.186767643627,14456.246925304797,-92859.94655230088,-1.766741753278175,837.3751944354725,0.0159317959367479,-26500.834548677147,-0.5042015705608285,-25121.255833064173,-0.4779538781024386,-36335.30529942264,-0.6913109836267626,39.11529680365297,0.5042015705608285,1.2117594093992865,3633530.529942264,69.13109836267625,103.9515899914816,26500.834548677147,52560,31536000,2023,3,0,0,10,42,Eplus-env-06-27_thermostat_rbc_eco_year_2023_case_3_rep_0_zone_0_onoffseed_10_tempseed_42_paper2_final_runs_v2-res1_progress.csv
223,0,80767.41206279527,56788.761766782976,23978.650296012293,-106359.34168054552,-2.023579560132145,1328.19588604285,0.0252700891560664,-4811.538741632597,-0.0915437355713964,-39845.87658128551,-0.7581026746819922,-35471.98313034014,-0.6748855237888154,3.428462709284627,0.0915437355713964,0.8089486576016354,3547198.3130340143,67.48855237888155,101.15487688947437,4811.538741632597,52560,31536000,2022,3,0,0,10,15,Eplus-env-06-27_thermostat_rbc_eco_year_2022_case_3_rep_0_zone_0_onoffseed_10_tempseed_15_paper2_final_runs_v2-res1_progress.csv
224,0,148897.4689516497,148897.4689516497,0.0,-523955.7617260742,-9.968716927817242,3110.4774597769247,0.0591795559318288,-52213.03348262119,-0.993398658345152,-93314.32379330776,-1.7753866779548662,-349929.7088941084,-6.657718966782884,26.74086757990868,0.993398658345152,2.5790633826883567,34992970.88941084,665.7718966782884,727.6521783780712,52213.03348262119,52560,31536000,2022,1,0,4,15,30,Eplus-env-06-27_thermostat_rbc_eco_year_2022_case_1_rep_0_zone_4_onoffseed_15_tempseed_30_paper2_final_runs_v2-res1_progress.csv
225,0,202355.71220640128,202355.71220640128,0.0,-488631.5566583941,-9.296643011004454,4277.999540459998,0.0813926853207762,-39906.01005641918,-0.759246766674642,-128339.98621379994,-2.4417805596232864,-283178.338445918,-5.387715723856887,17.661719939117198,0.759246766674642,2.515251648871848,28317833.8445918,538.7715723856886,615.0646779742311,39906.01005641918,52560,31536000,2022,0,0,1,15,15,Eplus-env-06-27_thermostat_rbc_eco_year_2022_case_0_rep_0_zone_1_onoffseed_15_tempseed_15_paper2_final_runs_v2-res1_progress.csv
226,0,44242.04642180074,29785.799496495947,14456.246925304798,-72662.75457080359,-1.3824724994445128,1096.478827526378,0.0208614693212781,-159.2053887994052,-0.0030290218569141,-32894.364825791345,-0.6258440796383437,-36309.131004329,-0.6908129947551179,0.5745814307458144,0.0030290218569141,0.0647573049889532,3630913.1004329,69.0812994755118,103.21932550646986,159.2053887994052,52560,31536000,2023,3,0,0,5,30,Eplus-env-06-27_thermostat_rbc_eco_year_2023_case_3_rep_0_zone_0_onoffseed_5_tempseed_30_paper2_final_runs_v2-res1_progress.csv
227,0,180734.49761251133,0.0,180734.49761251133,-501192.13789184205,-9.53561906186914,902.5386219997682,0.0171715871765557,-49671.35218475811,-0.945040947198594,-27076.158659993045,-0.5151476152966713,-303661.8932102884,-5.777433280256628,27.70357686453577,0.945040947198594,2.5054573671225566,30366189.321028844,577.7433280256629,640.7481977306753,49671.35218475811,52560,31536000,2022,10,0,4,10,42,Eplus-env-06-27_thermostat_rbc_eco_year_2022_case_10_rep_0_zone_4_onoffseed_10_tempseed_42_paper2_final_runs_v2-res1_progress.csv
228,0,92635.70224915896,92635.70224915896,0.0,-462011.43185217225,-8.790171838892165,3179.5059856303133,0.0604928840492829,-90136.2024756128,-1.7149201384249009,-95385.1795689094,-1.8147865214784893,-296089.9613665225,-5.6333706500479925,33.605403348554034,1.7149201384249009,4.016999572252732,29608996.13665225,563.3370650047992,638.7709899257893,90136.2024756128,52560,31536000,2023,0,0,1,15,42,Eplus-env-06-27_thermostat_rbc_eco_year_2023_case_0_rep_0_zone_1_onoffseed_15_tempseed_42_paper2_final_runs_v2-res1_progress.csv
229,0,35494.17411402713,21037.927188722337,14456.246925304797,-91857.5617173576,-1.7476705045159362,808.0840202463528,0.0153745057124496,-27543.75546977864,-0.5240440538390152,-24242.520607390587,-0.4612351713734891,-35276.02240489335,-0.6711571994842723,21.470700152207,0.5240440538390152,1.741116217149297,3527602.240489336,67.11571994842724,101.05073531677112,27543.75546977864,52560,31536000,2023,3,0,4,15,30,Eplus-env-06-27_thermostat_rbc_eco_year_2023_case_3_rep_0_zone_4_onoffseed_15_tempseed_30_paper2_final_runs_v2-res1_progress.csv
230,0,82474.64781527486,82474.64781527486,0.0,-418054.22343890194,-7.953847477909093,2827.183471637016,0.0537896398713283,-4068.971117904676,-0.0774157366420219,-84815.50414911048,-1.6136891961398492,-346512.74294332095,-6.592708199073838,16.040715372907155,0.0774157366420219,0.3650598152729165,34651274.2943321,659.270819907384,718.7880688708885,4068.971117904676,52560,31536000,2023,1,0,9,15,15,Eplus-env-06-27_thermostat_rbc_eco_year_2023_case_1_rep_0_zone_9_onoffseed_15_tempseed_15_paper2_final_runs_v2-res1_progress.csv
231,0,164512.12636691998,0.0,164512.12636691998,-437798.8740748268,-8.329506736583463,815.310919877461,0.0155120038028436,-2127.556919643984,-0.0404786324133178,-24459.327596323827,-0.4653601140853087,-301083.94657440553,-5.728385589315174,12.201293759512938,0.0404786324133178,0.2422128096481471,30108394.65744056,572.8385589315175,636.7148594627764,2127.556919643984,52560,31536000,2022,10,0,9,10,30,Eplus-env-06-27_thermostat_rbc_eco_year_2022_case_10_rep_0_zone_9_onoffseed_10_tempseed_30_paper2_final_runs_v2-res1_progress.csv
232,0,34023.21525214418,0.0,34023.21525214418,-69048.12244918337,-1.3137009598398663,214.6988877448871,0.0040848342417215,-100.77671044686342,-0.0019173651150468,-6440.966632346612,-0.1225450272516478,-41112.95334095734,-0.782209918967986,0.3881278538812785,0.0019173651150468,0.0496853795556262,4111295.334095735,78.22099189679861,116.2082234347723,100.77671044686342,52560,31536000,2023,14,0,0,5,15,Eplus-env-06-27_thermostat_rbc_eco_year_2023_case_14_rep_0_zone_0_onoffseed_5_tempseed_15_paper2_final_runs_v2-res1_progress.csv
233,0,137097.509937942,0.0,137097.509937942,-468788.1836293625,-8.919105472400352,900.9767042977444,0.0171418703252995,-70194.73729111993,-1.3355163107138497,-27029.30112893234,-0.5142561097589867,-286433.97345801216,-5.449657029262028,24.49200913242009,1.3355163107138497,3.4637719134522404,28643397.34580122,544.9657029262028,624.889416391984,70194.73729111993,52560,31536000,2023,10,0,0,15,30,Eplus-env-06-27_thermostat_rbc_eco_year_2023_case_10_rep_0_zone_0_onoffseed_15_tempseed_30_paper2_final_runs_v2-res1_progress.csv
234,0,30234.3290193003,0.0,30234.3290193003,-73206.98248915323,-1.3928269118940877,145.06433782229385,0.0027599759859644,-6071.500353482436,-0.1155156079429687,-4351.930134668815,-0.0827992795789348,-42400.777564981225,-0.8067119019212562,20.374809741248097,0.1155156079429687,0.5075757957319138,4240077.756498123,80.67119019212562,120.23242032323954,6071.500353482436,52560,31536000,2022,14,0,0,5,42,Eplus-env-06-27_thermostat_rbc_eco_year_2022_case_14_rep_0_zone_0_onoffseed_5_tempseed_42_paper2_final_runs_v2-res1_progress.csv
235,0,135744.47830778977,135744.47830778977,0.0,-465417.0291834045,-8.85496630866447,2818.510373335687,0.0536246265855343,-4556.490839016215,-0.0866912260086798,-84555.3112000706,-1.6087387975660312,-349807.98064078554,-6.655402980228035,14.866818873668189,0.0866912260086798,0.4130503253035807,34980798.064078555,665.5402980228035,725.6028304626499,4556.490839016215,52560,31536000,2022,1,0,9,15,42,Eplus-env-06-27_thermostat_rbc_eco_year_2022_case_1_rep_0_zone_9_onoffseed_15_tempseed_42_paper2_final_runs_v2-res1_progress.csv
236,0,32510.30566430987,18054.05873900507,14456.246925304797,-102260.79473084836,-1.9456011174057903,705.3262986897975,0.0134194501272792,-40385.25276957651,-0.7683647787210143,-21159.78896069392,-0.4025835038183775,-35278.86089729996,-0.6712112042865289,26.162480974124808,0.7683647787210143,2.1663479660135327,3527886.089729996,67.12112042865289,101.22678556213036,40385.25276957651,52560,31536000,2023,3,0,9,15,42,Eplus-env-06-27_thermostat_rbc_eco_year_2023_case_3_rep_0_zone_9_onoffseed_15_tempseed_42_paper2_final_runs_v2-res1_progress.csv
237,0,54250.37938108381,30271.72908507152,23978.650296012293,-120100.68031176538,-2.2850205538768145,726.1856664248787,0.0138163178543546,-39908.744393534405,-0.7592987898313243,-21785.56999274636,-0.4144895356306384,-35809.70054656629,-0.6813108931995108,25.09512937595129,0.7592987898313243,2.1364461455195296,3580970.054656629,68.13108931995109,102.67684755741055,39908.744393534405,52560,31536000,2022,3,0,9,15,15,Eplus-env-06-27_thermostat_rbc_eco_year_2022_case_3_rep_0_zone_9_onoffseed_15_tempseed_15_paper2_final_runs_v2-res1_progress.csv
238,0,124284.81370460975,124284.81370460975,0.0,-380065.27579399385,-7.231074501407797,4343.339271707623,0.0826358308924585,-375.1659897089261,-0.0071378612958319,-130300.17815122868,-2.479074926773757,-278012.7037125437,-5.289435002141243,4.779299847792998,0.0071378612958319,0.0674458022398096,27801270.371254373,528.9435002141244,601.5948541720904,375.1659897089261,52560,31536000,2023,0,0,4,5,15,Eplus-env-06-27_thermostat_rbc_eco_year_2023_case_0_rep_0_zone_4_onoffseed_5_tempseed_15_paper2_final_runs_v2-res1_progress.csv
239,0,149761.33455574105,149761.33455574105,0.0,-379906.6037549114,-7.228055626996031,5265.400902433386,0.1001788603963734,-36.99679689190543,-0.0007038964401047,-157962.0270730016,-3.0053658118912026,-257349.85915796776,-4.896306300570163,0.8333333333333334,0.0007038964401047,0.0166845641992507,25734985.91579677,489.6306300570163,585.9279208388331,36.99679689190543,52560,31536000,2023,0,0,1,5,15,Eplus-env-06-27_thermostat_rbc_eco_year_2023_case_0_rep_0_zone_1_onoffseed_5_tempseed_15_paper2_final_runs_v2-res1_progress.csv
240,0,12013.6397499406,0.0,12013.6397499406,-95409.1287487584,-1.8152421755852053,77.71221324533916,0.0014785428699645,-43855.81644180045,-0.8343952899885931,-2331.3663973601747,-0.0443562860989378,-41724.95362753156,-0.7938537600367496,27.19368340943684,0.8343952899885931,2.3230213426779804,4172495.362753155,79.38537600367495,118.2946816513475,43855.81644180045,52560,31536000,2023,14,0,4,10,30,Eplus-env-06-27_thermostat_rbc_eco_year_2023_case_14_rep_0_zone_4_onoffseed_10_tempseed_30_paper2_final_runs_v2-res1_progress.csv
241,0,21590.000476490684,0.0,21590.000476490684,-93919.07491949562,-1.7868925974028846,108.94275282848604,0.0020727312181979,-33791.7161088469,-0.6429169731515773,-3268.282584854581,-0.0621819365459395,-42464.57942083167,-0.8079257880675736,35.601217656012174,0.6429169731515773,1.9048228423232885,4246457.942083167,80.79257880675736,120.330602698152,33791.7161088469,52560,31536000,2022,14,0,0,15,42,Eplus-env-06-27_thermostat_rbc_eco_year_2022_case_14_rep_0_zone_0_onoffseed_15_tempseed_42_paper2_final_runs_v2-res1_progress.csv
242,0,9078.400535650217,0.0,9078.400535650217,-120679.01136289866,-2.2960238082743274,59.1682811242529,0.0011257283318921,-71316.19951009497,-1.3568531109226594,-1775.048433727587,-0.0337718499567653,-41935.77237458825,-0.7978647712060168,33.90981735159818,1.3568531109226594,3.139687987881909,4193577.2374588246,79.78647712060169,118.98764338980646,71316.19951009497,52560,31536000,2023,14,0,9,10,42,Eplus-env-06-27_thermostat_rbc_eco_year_2023_case_14_rep_0_zone_9_onoffseed_10_tempseed_42_paper2_final_runs_v2-res1_progress.csv
243,0,289342.3714199817,0.0,289342.3714199817,-580471.897910576,-11.04398588109924,1479.7602759112217,0.0281537343209897,-57860.56928290354,-1.100847969613842,-44392.80827733665,-0.8446120296296927,-285900.3345689855,-5.439504082362738,21.691400304414003,1.100847969613842,3.058416789194017,28590033.456898544,543.9504082362737,621.1242075867774,57860.56928290354,52560,31536000,2022,5,0,0,10,30,Eplus-env-06-27_thermostat_rbc_eco_year_2022_case_5_rep_0_zone_0_onoffseed_10_tempseed_30_paper2_final_runs_v2-res1_progress.csv
244,0,135744.47830778977,135744.47830778977,0.0,-465417.0291834045,-8.85496630866447,2818.510373335687,0.0536246265855343,-4556.490839016215,-0.0866912260086798,-84555.3112000706,-1.6087387975660312,-349807.98064078554,-6.655402980228035,14.866818873668189,0.0866912260086798,0.4130503253035807,34980798.064078555,665.5402980228035,725.6028304626499,4556.490839016215,52560,31536000,2022,1,0,9,5,15,Eplus-env-06-27_thermostat_rbc_eco_year_2022_case_1_rep_0_zone_9_onoffseed_5_tempseed_15_paper2_final_runs_v2-res1_progress.csv
245,0,289285.8192857049,0.0,289285.8192857049,-487994.35678397503,-9.284519725722507,1870.1140002704976,0.035580555560702,-4.485948148391714,-8.534908958127309e-05,-56103.42000811493,-1.0674166668210603,-251325.14207819148,-4.78168078535372,0.0418569254185692,8.534908958127309e-05,0.0051648499457579,25132514.207819145,478.1680785353719,581.3809043298774,4.485948148391714,52560,31536000,2023,5,0,0,5,15,Eplus-env-06-27_thermostat_rbc_eco_year_2023_case_5_rep_0_zone_0_onoffseed_5_tempseed_15_paper2_final_runs_v2-res1_progress.csv
246,0,111374.7554307853,111374.7554307853,0.0,-511412.4077713644,-9.730068641007694,2313.6441267616183,0.0440191043904417,-11379.365241720314,-0.2165023828333393,-69409.32380284856,-1.3205731317132527,-408917.3551117186,-7.780010561486275,20.842846270928465,0.2165023828333393,0.7844079175542551,40891735.511171855,778.0010561486274,834.308368657065,11379.365241720314,52560,31536000,2022,2,0,9,15,15,Eplus-env-06-27_thermostat_rbc_eco_year_2022_case_2_rep_0_zone_9_onoffseed_15_tempseed_15_paper2_final_runs_v2-res1_progress.csv
247,0,97373.70304201552,97373.70304201552,0.0,-471533.7613902724,-8.971342492204572,3405.596553509955,0.0647944549754557,-2697.1250876523563,-0.0513151652901894,-102167.89660529862,-1.9438336492636723,-389175.2098439471,-7.404398969633696,9.19710806697108,0.0513151652901894,0.2759239852325852,38917520.98439472,740.4398969633697,803.0333967621979,2697.1250876523563,52560,31536000,2023,2,0,4,5,15,Eplus-env-06-27_thermostat_rbc_eco_year_2023_case_2_rep_0_zone_4_onoffseed_5_tempseed_15_paper2_final_runs_v2-res1_progress.csv
248,0,67368.20412490923,67368.20412490923,0.0,-471982.29222877615,-8.979876183956929,2312.78983823294,0.0440028508035186,-10768.465985733665,-0.2048794898351153,-69383.6951469882,-1.3200855241055591,-406099.89844845433,-7.726405982657046,22.054794520547947,0.2048794898351153,0.7443444637835733,40609989.84484543,772.6405982657045,828.8084760906074,10768.465985733665,52560,31536000,2023,2,0,9,15,42,Eplus-env-06-27_thermostat_rbc_eco_year_2023_case_2_rep_0_zone_9_onoffseed_15_tempseed_42_paper2_final_runs_v2-res1_progress.csv
249,0,142432.41786699308,142432.41786699308,0.0,-420157.4084609814,-7.993862413641199,2951.908865402867,0.0561626496461732,-2279.399576536085,-0.0433675718519042,-88557.265962086,-1.684879489385198,-301354.04782745824,-5.733524502044487,11.23097412480974,0.0433675718519042,0.2600165670250774,30135404.78274582,573.3524502044486,637.4217647594879,2279.399576536085,52560,31536000,2022,0,0,9,15,42,Eplus-env-06-27_thermostat_rbc_eco_year_2022_case_0_rep_0_zone_9_onoffseed_15_tempseed_42_paper2_final_runs_v2-res1_progress.csv
250,0,179647.83650316542,0.0,179647.83650316542,-411728.9994176403,-7.833504555130143,1151.068969530632,0.0219000945496695,-27.931247498374645,-0.0005314164288123,-34532.06908591896,-0.6570028364900868,-264731.1731269023,-5.036742258883225,0.121765601217656,0.0005314164288123,0.0205601820582824,26473117.31269024,503.6742258883226,605.3756712279269,27.931247498374645,52560,31536000,2023,10,0,0,5,30,Eplus-env-06-27_thermostat_rbc_eco_year_2023_case_10_rep_0_zone_0_onoffseed_5_tempseed_30_paper2_final_runs_v2-res1_progress.csv
251,0,86464.38924055232,86464.38924055232,0.0,-370322.0397949705,-7.045700909341143,2961.180426702392,0.0563390492142768,-1952.170947932172,-0.0371417608054066,-88835.41280107175,-1.6901714764283058,-297633.35200934246,-5.662735007788099,12.3382800608828,0.0371417608054066,0.2189081993906933,29763335.20093425,566.2735007788099,629.8419070257769,1952.170947932172,52560,31536000,2023,0,0,9,15,15,Eplus-env-06-27_thermostat_rbc_eco_year_2023_case_0_rep_0_zone_9_onoffseed_15_tempseed_15_paper2_final_runs_v2-res1_progress.csv
252,0,74545.99908245473,74545.99908245473,0.0,-510954.5974598732,-9.721358399160447,2573.687726841178,0.048966661469581,-44761.92581589345,-0.85163481384881,-77210.63180523535,-1.4689998440874306,-405206.5897946236,-7.709410003702883,28.871765601217657,0.85163481384881,2.2484011553627075,40520658.97946236,770.9410003702883,828.9472013297185,44761.92581589345,52560,31536000,2023,2,0,4,15,30,Eplus-env-06-27_thermostat_rbc_eco_year_2023_case_2_rep_0_zone_4_onoffseed_15_tempseed_30_paper2_final_runs_v2-res1_progress.csv
253,0,54250.37938108381,30271.72908507152,23978.650296012293,-120100.68031176538,-2.2850205538768145,726.1856664248787,0.0138163178543546,-39908.744393534405,-0.7592987898313243,-21785.56999274636,-0.4144895356306384,-35809.70054656629,-0.6813108931995108,25.09512937595129,0.7592987898313243,2.1364461455195296,3580970.054656629,68.13108931995109,102.67684755741055,39908.744393534405,52560,31536000,2022,3,0,9,5,15,Eplus-env-06-27_thermostat_rbc_eco_year_2022_case_3_rep_0_zone_9_onoffseed_5_tempseed_15_paper2_final_runs_v2-res1_progress.csv
254,0,155897.7969381952,155897.7969381952,0.0,-482095.5359324276,-9.17228949643127,3250.9983434682595,0.061853088726565,-52725.78343266532,-1.003154174898503,-97529.95030404776,-1.855592661796952,-301829.7648246248,-5.742575434258463,25.439497716894977,1.003154174898503,2.6146746224481654,30182976.482462484,574.2575434258464,640.0895717649156,52725.78343266532,52560,31536000,2022,0,0,4,15,30,Eplus-env-06-27_thermostat_rbc_eco_year_2022_case_0_rep_0_zone_4_onoffseed_15_tempseed_30_paper2_final_runs_v2-res1_progress.csv
255,0,123856.1730054088,123856.1730054088,0.0,-414413.3780995296,-7.88457720889516,4301.68349480682,0.0818432932801906,-10.50215642129271,-0.0001998127173,-129050.50484420458,-2.455298798405719,-313076.14080738334,-5.956547580049151,0.0361491628614916,0.0001998127173,0.0128432862365287,31307614.080738336,595.654758004915,692.5545013198758,10.50215642129271,52560,31536000,2023,1,0,0,5,30,Eplus-env-06-27_thermostat_rbc_eco_year_2023_case_1_rep_0_zone_0_onoffseed_5_tempseed_30_paper2_final_runs_v2-res1_progress.csv
256,0,250247.76876162784,0.0,250247.76876162784,-507543.0375754904,-9.65645048659609,1261.1248380994653,0.0239940037690157,-1900.636146799237,-0.0361612661110965,-37833.74514298397,-0.7198201130704711,-300914.70180480345,-5.725165559452121,11.459284627092844,0.0361612661110965,0.2379094952872463,30091470.180480342,572.516555945212,636.5491422296992,1900.636146799237,52560,31536000,2022,5,0,9,5,30,Eplus-env-06-27_thermostat_rbc_eco_year_2022_case_5_rep_0_zone_9_onoffseed_5_tempseed_30_paper2_final_runs_v2-res1_progress.csv
257,0,57078.68724321515,33100.03694720286,23978.650296012293,-107864.09215953993,-2.052208754937974,799.4370928504705,0.0152099903510363,-18789.26368336119,-0.3574821857564914,-23983.112785514117,-0.4562997105310904,-42378.75444250439,-0.8062928927417121,15.34627092846271,0.3574821857564914,1.6023905796082694,4237875.444250438,80.6292892741712,120.00204987624804,18789.26368336119,52560,31536000,2022,4,0,0,10,30,Eplus-env-06-27_thermostat_rbc_eco_year_2022_case_4_rep_0_zone_0_onoffseed_10_tempseed_30_paper2_final_runs_v2-res1_progress.csv
258,0,33136.50392046788,18680.256995163083,14456.246925304798,-91189.43116361326,-1.734958735989598,727.0540300031698,0.0138328392314149,-22294.484152584675,-0.4241720729182777,-21811.62090009509,-0.4149851769424484,-41785.97315369382,-0.7950147099256815,19.91248097412481,0.4241720729182777,1.418318204793434,4178597.3153693816,79.50147099256814,118.24921701461626,22294.484152584675,52560,31536000,2023,4,0,4,5,30,Eplus-env-06-27_thermostat_rbc_eco_year_2023_case_4_rep_0_zone_4_onoffseed_5_tempseed_30_paper2_final_runs_v2-res1_progress.csv
259,0,54250.37938108381,30271.72908507152,23978.650296012293,-120100.68031176538,-2.2850205538768145,726.1856664248787,0.0138163178543546,-39908.744393534405,-0.7592987898313243,-21785.56999274636,-0.4144895356306384,-35809.70054656629,-0.6813108931995108,25.09512937595129,0.7592987898313243,2.1364461455195296,3580970.054656629,68.13108931995109,102.67684755741055,39908.744393534405,52560,31536000,2022,3,0,9,15,30,Eplus-env-06-27_thermostat_rbc_eco_year_2022_case_3_rep_0_zone_9_onoffseed_15_tempseed_30_paper2_final_runs_v2-res1_progress.csv
260,0,164512.12636691998,0.0,164512.12636691998,-437798.8740748268,-8.329506736583463,815.310919877461,0.0155120038028436,-2127.556919643984,-0.0404786324133178,-24459.327596323827,-0.4653601140853087,-301083.94657440553,-5.728385589315174,12.201293759512938,0.0404786324133178,0.2422128096481471,30108394.65744056,572.8385589315175,636.7148594627764,2127.556919643984,52560,31536000,2022,10,0,9,10,15,Eplus-env-06-27_thermostat_rbc_eco_year_2022_case_10_rep_0_zone_9_onoffseed_10_tempseed_15_paper2_final_runs_v2-res1_progress.csv
261,0,24660.2448721491,0.0,24660.2448721491,-62833.53798642848,-1.1954630514921705,158.78960138619303,0.0030211111374846,-737.5064467248915,-0.014031705607399,-4763.688041585791,-0.0906333341245394,-41921.4852097984,-0.7975929453919025,2.1898782343987824,0.014031705607399,0.1512653837949955,4192148.52097984,79.75929453919026,118.61259410108916,737.5064467248915,52560,31536000,2023,14,0,0,5,30,Eplus-env-06-27_thermostat_rbc_eco_year_2023_case_14_rep_0_zone_0_onoffseed_5_tempseed_30_paper2_final_runs_v2-res1_progress.csv
262,0,82474.64781527486,82474.64781527486,0.0,-418054.22343890194,-7.953847477909093,2827.183471637016,0.0537896398713283,-4068.971117904676,-0.0774157366420219,-84815.50414911048,-1.6136891961398492,-346512.74294332095,-6.592708199073838,16.040715372907155,0.0774157366420219,0.3650598152729165,34651274.2943321,659.270819907384,718.7880688708885,4068.971117904676,52560,31536000,2023,1,0,9,15,30,Eplus-env-06-27_thermostat_rbc_eco_year_2023_case_1_rep_0_zone_9_onoffseed_15_tempseed_30_paper2_final_runs_v2-res1_progress.csv
263,0,159857.37524849657,0.0,159857.37524849657,-447628.465369898,-8.51652331373474,1050.0567643545303,0.0199782489412962,-39784.62827381245,-0.7569373720283952,-31501.702930635915,-0.5993474682388873,-277064.5184052905,-5.271394946828207,17.210806697108065,0.7569373720283952,2.6015817914290618,27706451.840529054,527.1394946828208,606.164401538122,39784.62827381245,52560,31536000,2023,10,0,0,15,15,Eplus-env-06-27_thermostat_rbc_eco_year_2023_case_10_rep_0_zone_0_onoffseed_15_tempseed_15_paper2_final_runs_v2-res1_progress.csv
264,0,56002.83022761348,32024.179931601186,23978.650296012293,-120242.15932569632,-2.2877123159379056,759.5295108271872,0.0144507136763163,-38407.82880125298,-0.7307425571014646,-22785.88532481562,-0.4335214102894905,-36018.41511523275,-0.6852818705333475,34.0144596651446,0.7307425571014646,2.0173299485398872,3601841.5115232747,68.52818705333476,103.15642770003524,38407.82880125298,52560,31536000,2022,3,0,4,15,42,Eplus-env-06-27_thermostat_rbc_eco_year_2022_case_3_rep_0_zone_4_onoffseed_15_tempseed_42_paper2_final_runs_v2-res1_progress.csv
265,0,39215.43514941923,24759.188224114427,14456.246925304797,-89665.65176023144,-1.7059674992433684,954.4138740244566,0.0181585592470406,-22955.078045824623,-0.436740449882508,-28632.4162207337,-0.5447567774112195,-34628.426218666966,-0.6588361152714415,15.89992389649924,0.436740449882508,1.6242320903636858,3462842.621866697,65.88361152714415,99.34882048049036,22955.078045824623,52560,31536000,2023,3,0,4,15,15,Eplus-env-06-27_thermostat_rbc_eco_year_2023_case_3_rep_0_zone_4_onoffseed_15_tempseed_15_paper2_final_runs_v2-res1_progress.csv
266,0,55358.01643484063,40901.76950953583,14456.246925304797,-81267.99814790045,-1.5461947897241333,1500.2493950875096,0.0285435577451961,-3.07984019348093,-5.859665512711054e-05,-45007.481852625286,-0.8563067323558844,-35976.52506236385,-0.6844848756157506,0.0171232876712328,5.859665512711054e-05,0.0054350816288592,3597652.506236384,68.44848756157504,101.59548433347412,3.07984019348093,52560,31536000,2023,3,0,0,5,15,Eplus-env-06-27_thermostat_rbc_eco_year_2023_case_3_rep_0_zone_0_onoffseed_5_tempseed_15_paper2_final_runs_v2-res1_progress.csv
267,0,168329.16605751432,168329.16605751432,0.0,-513452.6596610724,-9.768886218817968,3540.9379037735644,0.0673694426136522,-33408.08292272285,-0.6356180160335398,-106228.13711320692,-2.0210832784095687,-342334.48598669714,-6.513213203704283,21.248097412480973,0.6356180160335398,2.0164618702952795,34233448.598669715,651.3213203704283,712.5513673470385,33408.08292272285,52560,31536000,2022,1,0,4,15,15,Eplus-env-06-27_thermostat_rbc_eco_year_2022_case_1_rep_0_zone_4_onoffseed_15_tempseed_15_paper2_final_runs_v2-res1_progress.csv
268,0,167459.98060294235,167459.98060294235,0.0,-501668.00152660016,-9.544672783991633,3511.394523002176,0.0668073539383975,-70248.84019323227,-1.3365456657768695,-105341.83569006529,-2.004220618151927,-294420.1512021008,-5.60160105026828,24.39117199391172,1.3365456657768695,3.4812325713930483,29442015.12021008,560.160105026828,636.261331536166,70248.84019323227,52560,31536000,2022,0,0,1,15,30,Eplus-env-06-27_thermostat_rbc_eco_year_2022_case_0_rep_0_zone_1_onoffseed_15_tempseed_30_paper2_final_runs_v2-res1_progress.csv
269,0,85152.57898646452,85152.57898646452,0.0,-484691.3486956001,-9.221677106080673,2919.969212208927,0.0555549697908852,-64623.300462152365,-1.2295148489755017,-87599.07636626781,-1.6666490937265566,-350404.7233646212,-6.666756532812427,33.56164383561644,1.2295148489755017,2.9140300575679383,35040472.33646212,666.6756532812427,728.7307828948943,64623.300462152365,52560,31536000,2023,1,0,4,15,42,Eplus-env-06-27_thermostat_rbc_eco_year_2023_case_1_rep_0_zone_4_onoffseed_15_tempseed_42_paper2_final_runs_v2-res1_progress.csv
270,0,135744.47830778977,135744.47830778977,0.0,-465417.0291834045,-8.85496630866447,2818.510373335687,0.0536246265855343,-4556.490839016215,-0.0866912260086798,-84555.3112000706,-1.6087387975660312,-349807.98064078554,-6.655402980228035,14.866818873668189,0.0866912260086798,0.4130503253035807,34980798.064078555,665.5402980228035,725.6028304626499,4556.490839016215,52560,31536000,2022,1,0,9,5,30,Eplus-env-06-27_thermostat_rbc_eco_year_2022_case_1_rep_0_zone_9_onoffseed_5_tempseed_30_paper2_final_runs_v2-res1_progress.csv
271,0,235687.1959084281,0.0,235687.1959084281,-458917.60486183513,-8.731309072713758,1522.3389067177363,0.0289638300364866,-169.09605830417198,-0.0032172005004598,-45670.16720153208,-0.8689149010945981,-265932.81383084593,-5.059604524939991,0.4452054794520548,0.0032172005004598,0.0701929047920073,26593281.38308459,505.9604524939991,606.3784303120176,169.09605830417198,52560,31536000,2023,5,0,0,5,30,Eplus-env-06-27_thermostat_rbc_eco_year_2023_case_5_rep_0_zone_0_onoffseed_5_tempseed_30_paper2_final_runs_v2-res1_progress.csv
272,0,195973.4808837805,0.0,195973.4808837805,-519685.6623765767,-9.887474550543695,1222.82886218769,0.0232653893110291,-72485.16265100843,-1.3790936577436916,-36684.86586563071,-0.6979616793308735,-286874.5950145474,-5.458040240002805,31.5296803652968,1.3790936577436916,3.49500259785343,28687459.50145474,545.8040240002805,623.0680094320008,72485.16265100843,52560,31536000,2023,5,0,0,10,42,Eplus-env-06-27_thermostat_rbc_eco_year_2023_case_5_rep_0_zone_0_onoffseed_10_tempseed_42_paper2_final_runs_v2-res1_progress.csv
273,0,344995.5883304638,0.0,344995.5883304638,-594786.9174183405,-11.316341655600084,1754.6665504922169,0.0333840667901867,-36339.12411991563,-0.6913836400288361,-52639.996514766506,-1.0015220037056032,-276206.9024852725,-5.255078053372764,16.154870624048705,0.6913836400288361,2.39524559958904,27620690.24852725,525.5078053372765,599.7822884085643,36339.12411991563,52560,31536000,2022,5,0,0,10,15,Eplus-env-06-27_thermostat_rbc_eco_year_2022_case_5_rep_0_zone_0_onoffseed_10_tempseed_15_paper2_final_runs_v2-res1_progress.csv
274,0,12840.588691876355,0.0,12840.588691876355,-92517.08606234269,-1.7602185323885595,82.18043978398293,0.0015635547904106,-40660.55971932905,-0.773602734386017,-2465.413193519488,-0.046906643712319,-41351.64073418956,-0.7867511555211104,23.76522070015221,0.773602734386017,2.27411875060695,4135164.0734189567,78.67511555211105,117.28303332031597,40660.55971932905,52560,31536000,2023,14,0,4,10,15,Eplus-env-06-27_thermostat_rbc_eco_year_2023_case_14_rep_0_zone_4_onoffseed_10_tempseed_15_paper2_final_runs_v2-res1_progress.csv
275,0,122560.1133732353,122560.1133732353,0.0,-374765.4034173156,-7.130239791044817,4252.577751753184,0.0809090135417272,-63.91252297975044,-0.0012159916853072,-127577.33255259556,-2.427270406251818,-274435.06214369193,-5.221367240176787,1.0083713850837135,0.0012159916853072,0.0259722691143407,27443506.2143692,522.1367240176788,613.3933821531003,63.91252297975044,52560,31536000,2023,0,0,1,5,30,Eplus-env-06-27_thermostat_rbc_eco_year_2023_case_0_rep_0_zone_1_onoffseed_5_tempseed_30_paper2_final_runs_v2-res1_progress.csv
276,0,107680.61488063632,107680.61488063632,0.0,-378160.6462348833,-7.194837257132483,3722.399051113976,0.0708218997548321,-483.5819163216272,-0.0092005691842014,-111671.9715334193,-2.124656992644964,-289583.553284713,-5.509580541946595,4.899162861491629,0.0092005691842014,0.0798763530481663,28958355.328471303,550.9580541946594,621.986683352765,483.5819163216272,52560,31536000,2023,0,0,4,5,30,Eplus-env-06-27_thermostat_rbc_eco_year_2023_case_0_rep_0_zone_4_onoffseed_5_tempseed_30_paper2_final_runs_v2-res1_progress.csv
277,0,54250.37938108381,30271.72908507152,23978.650296012293,-120100.68031176538,-2.2850205538768145,726.1856664248787,0.0138163178543546,-39908.744393534405,-0.7592987898313243,-21785.56999274636,-0.4144895356306384,-35809.70054656629,-0.6813108931995108,25.09512937595129,0.7592987898313243,2.1364461455195296,3580970.054656629,68.13108931995109,102.67684755741055,39908.744393534405,52560,31536000,2022,3,0,9,5,30,Eplus-env-06-27_thermostat_rbc_eco_year_2022_case_3_rep_0_zone_9_onoffseed_5_tempseed_30_paper2_final_runs_v2-res1_progress.csv
278,0,89161.47712320148,89161.47712320148,0.0,-440260.7896400468,-8.376346834856294,3055.33294577312,0.0581303832909649,-65179.696609447856,-1.2401007726302864,-91659.98837319358,-1.7439114987289497,-302138.0885961079,-5.74844156385289,31.95395738203957,1.2401007726302864,2.957880692461412,30213808.859610792,574.844156385289,640.6978867421333,65179.696609447856,52560,31536000,2023,0,0,4,15,42,Eplus-env-06-27_thermostat_rbc_eco_year_2023_case_0_rep_0_zone_4_onoffseed_15_tempseed_42_paper2_final_runs_v2-res1_progress.csv
279,0,176333.0793405838,176333.0793405838,0.0,-471621.83661879005,-8.973018200509705,3701.60978631976,0.0704263657975601,-33669.1745295465,-0.6405855123581906,-111048.2935895928,-2.112790973926804,-293694.569880712,-5.587796230607153,20.279680365296805,0.6405855123581906,2.0275586027154637,29369456.9880712,558.7796230607153,624.336353312212,33669.1745295465,52560,31536000,2022,0,0,4,15,15,Eplus-env-06-27_thermostat_rbc_eco_year_2022_case_0_rep_0_zone_4_onoffseed_15_tempseed_15_paper2_final_runs_v2-res1_progress.csv
280,0,84303.23523651792,84303.23523651792,0.0,-493637.3204386815,-9.39188204792012,2947.0442759174834,0.0560700965737725,-26372.62602638188,-0.5017622912173113,-88411.3282775245,-1.6821028972131755,-398296.21766530426,-7.577934126052212,22.00152207001522,0.5017622912173113,1.7225099827360193,39829621.76653042,757.7934126052212,815.5664587946146,26372.62602638188,52560,31536000,2023,2,0,4,15,15,Eplus-env-06-27_thermostat_rbc_eco_year_2023_case_2_rep_0_zone_4_onoffseed_15_tempseed_15_paper2_final_runs_v2-res1_progress.csv
281,0,115258.20319097931,115258.20319097931,0.0,-564393.504905884,-10.73808038253204,2393.9322888960382,0.0455466569424664,-58567.39117763183,-1.1142958747646847,-71817.96866688115,-1.3663997082739945,-411533.377697712,-7.829782680702284,33.78614916286149,1.1142958747646847,2.663889672966976,41153337.7697712,782.9782680702284,841.3825540592677,58567.39117763183,52560,31536000,2022,2,0,4,15,42,Eplus-env-06-27_thermostat_rbc_eco_year_2022_case_2_rep_0_zone_4_onoffseed_15_tempseed_42_paper2_final_runs_v2-res1_progress.csv
282,0,231973.270565795,0.0,231973.270565795,-467038.7394442696,-8.885820765682451,1154.652466366264,0.0219682737132089,-329.66698540576124,-0.0062722029186788,-34639.57399098793,-0.6590482113962696,-276931.73980898707,-5.268868717826999,10.9265601217656,0.0062722029186788,0.0589083969488446,27693173.980898704,526.8868717826998,625.979231274453,329.66698540576124,52560,31536000,2022,10,0,0,5,42,Eplus-env-06-27_thermostat_rbc_eco_year_2022_case_10_rep_0_zone_0_onoffseed_5_tempseed_42_paper2_final_runs_v2-res1_progress.csv
283,0,86464.38924055232,86464.38924055232,0.0,-370322.0397949705,-7.045700909341143,2961.180426702392,0.0563390492142768,-1952.170947932172,-0.0371417608054066,-88835.41280107175,-1.6901714764283058,-297633.35200934246,-5.662735007788099,12.3382800608828,0.0371417608054066,0.2189081993906933,29763335.20093425,566.2735007788099,629.8419070257769,1952.170947932172,52560,31536000,2023,0,0,9,15,30,Eplus-env-06-27_thermostat_rbc_eco_year_2023_case_0_rep_0_zone_9_onoffseed_15_tempseed_30_paper2_final_runs_v2-res1_progress.csv
284,0,228786.5608940204,0.0,228786.5608940204,-437242.6465652914,-8.318924021409654,1446.7969838065687,0.0275265788395465,-0.4944776732342788,-9.40787049532494e-06,-43403.90951419706,-0.8257973651863977,-250071.86662022013,-4.757836122911342,0.0057077625570776,9.40787049532494e-06,0.0017188003123809,25007186.66202201,475.78361229113415,580.2395185923488,0.4944776732342788,52560,31536000,2023,10,0,0,5,15,Eplus-env-06-27_thermostat_rbc_eco_year_2023_case_10_rep_0_zone_0_onoffseed_5_tempseed_15_paper2_final_runs_v2-res1_progress.csv
285,0,83876.7652305362,83876.7652305362,0.0,-471379.8451982659,-8.968414101945699,2901.175643245136,0.0551974056934006,-3556.4767706551847,-0.06766508315554,-87035.26929735407,-1.655922170802018,-399203.78679250897,-7.5952014229929405,10.566971080669711,0.06766508315554,0.3253623267289185,39920378.679250896,759.5201422992941,820.8759118189218,3556.4767706551847,52560,31536000,2023,2,0,4,5,30,Eplus-env-06-27_thermostat_rbc_eco_year_2023_case_2_rep_0_zone_4_onoffseed_5_tempseed_30_paper2_final_runs_v2-res1_progress.csv
286,0,111374.7554307853,111374.7554307853,0.0,-511412.4077713644,-9.730068641007694,2313.6441267616183,0.0440191043904417,-11379.365241720314,-0.2165023828333393,-69409.32380284856,-1.3205731317132527,-408917.3551117186,-7.780010561486275,20.842846270928465,0.2165023828333393,0.7844079175542551,40891735.511171855,778.0010561486274,834.308368657065,11379.365241720314,52560,31536000,2022,2,0,9,15,30,Eplus-env-06-27_thermostat_rbc_eco_year_2022_case_2_rep_0_zone_9_onoffseed_15_tempseed_30_paper2_final_runs_v2-res1_progress.csv
287,0,37362.65041209253,22906.403486787727,14456.246925304798,-89114.04999443068,-1.6954727928925166,889.8556943808063,0.0169302833786302,-17415.342797277277,-0.3313421384565692,-26695.670831424188,-0.5079085013589076,-41132.32289502052,-0.782578441686083,15.490867579908675,0.3313421384565692,1.256976797270371,4113232.289502052,78.2578441686083,116.44227810058796,17415.342797277277,52560,31536000,2023,4,0,4,5,15,Eplus-env-06-27_thermostat_rbc_eco_year_2023_case_4_rep_0_zone_4_onoffseed_5_tempseed_15_paper2_final_runs_v2-res1_progress.csv
288,0,65348.52047498782,41369.87017897552,23978.650296012293,-109409.78287692052,-2.081616873609599,1017.6069920387848,0.0193608636232645,-14171.303105670186,-0.2696214441718071,-30528.209761163547,-0.5808259086979366,-41776.85517066282,-0.7948412323185469,8.926940639269407,0.2696214441718071,1.4849348075633166,4177685.5170662818,79.48412323185468,118.28699528009604,14171.303105670186,52560,31536000,2022,4,0,0,10,15,Eplus-env-06-27_thermostat_rbc_eco_year_2022_case_4_rep_0_zone_0_onoffseed_10_tempseed_15_paper2_final_runs_v2-res1_progress.csv
289,0,31617.131939136816,17160.885013832012,14456.246925304798,-101418.63350788898,-1.9295782630876896,669.8782463176655,0.0127450199071093,-33281.86506576485,-0.6332166108402749,-20096.347389529965,-0.3823505972132794,-42270.79280271632,-0.8042388280577686,37.589421613394215,0.6332166108402749,1.6572959864454004,4227079.280271632,80.42388280577686,119.8727607029355,33281.86506576485,52560,31536000,2023,4,0,0,10,42,Eplus-env-06-27_thermostat_rbc_eco_year_2023_case_4_rep_0_zone_0_onoffseed_10_tempseed_42_paper2_final_runs_v2-res1_progress.csv
290,0,153654.60890043998,153654.60890043998,0.0,-422321.9660446649,-8.03504501607049,5410.271495973215,0.1029351502278008,-0.0313509007743206,-5.964783252344117e-07,-162308.14487919642,-3.0880545068340264,-296617.09915231424,-5.643399907768536,0.0019025875190258,5.964783252344117e-07,0.0001367471279481,29661709.915231425,564.3399907768536,666.1809303035044,0.0313509007743206,52560,31536000,2023,1,0,0,5,15,Eplus-env-06-27_thermostat_rbc_eco_year_2023_case_1_rep_0_zone_0_onoffseed_5_tempseed_15_paper2_final_runs_v2-res1_progress.csv
291,0,250247.76876162784,0.0,250247.76876162784,-507543.0375754904,-9.65645048659609,1261.1248380994653,0.0239940037690157,-1900.636146799237,-0.0361612661110965,-37833.74514298397,-0.7198201130704711,-300914.70180480345,-5.725165559452121,11.459284627092844,0.0361612661110965,0.2379094952872463,30091470.180480342,572.516555945212,636.5491422296992,1900.636146799237,52560,31536000,2022,5,0,9,5,15,Eplus-env-06-27_thermostat_rbc_eco_year_2022_case_5_rep_0_zone_9_onoffseed_5_tempseed_15_paper2_final_runs_v2-res1_progress.csv
292,0,139319.10877222306,139319.10877222306,0.0,-562531.4287138621,-10.70265275330788,2928.96662173936,0.0557261533816468,-52769.38721654915,-1.0039837750484997,-87868.99865218079,-1.6717846014494062,-395785.0786107573,-7.530157507815016,22.59322678843227,1.0039837750484997,2.8044145947877084,39578507.86107572,753.0157507815015,824.6062623985414,52769.38721654915,52560,31536000,2022,2,0,0,15,30,Eplus-env-06-27_thermostat_rbc_eco_year_2022_case_2_rep_0_zone_0_onoffseed_15_tempseed_30_paper2_final_runs_v2-res1_progress.csv
293,0,107038.25913863888,107038.25913863888,0.0,-441916.7083422224,-8.407852137409103,3713.464778265734,0.0706519173947057,-70398.31999918031,-1.3393896499083011,-111403.943347972,-2.119557521841172,-283950.38854172174,-5.402404652620277,23.63584474885845,1.3393896499083011,3.4800884574378084,28395038.854172166,540.2404652620276,623.8176659679839,70398.31999918031,52560,31536000,2023,0,0,0,15,30,Eplus-env-06-27_thermostat_rbc_eco_year_2023_case_0_rep_0_zone_0_onoffseed_15_tempseed_30_paper2_final_runs_v2-res1_progress.csv
294,0,67368.20412490923,67368.20412490923,0.0,-471982.29222877615,-8.979876183956929,2312.78983823294,0.0440028508035186,-10768.465985733665,-0.2048794898351153,-69383.6951469882,-1.3200855241055591,-406099.89844845433,-7.726405982657046,22.054794520547947,0.2048794898351153,0.7443444637835733,40609989.84484543,772.6405982657045,828.8084760906074,10768.465985733665,52560,31536000,2023,2,0,9,5,42,Eplus-env-06-27_thermostat_rbc_eco_year_2023_case_2_rep_0_zone_9_onoffseed_5_tempseed_42_paper2_final_runs_v2-res1_progress.csv
295,0,30183.26051082177,15727.013585516976,14456.246925304797,-113562.80633246688,-2.160631779537041,631.2024945487956,0.0120091798810653,-47028.56389626875,-0.8947595870675181,-18936.074836463868,-0.3602753964319609,-41841.31701229483,-0.7960676752719716,27.19368340943684,0.8947595870675181,2.4844425690608816,4184131.701229484,79.60676752719718,118.57189336343156,47028.56389626875,52560,31536000,2023,4,0,4,10,30,Eplus-env-06-27_thermostat_rbc_eco_year_2023_case_4_rep_0_zone_4_onoffseed_10_tempseed_30_paper2_final_runs_v2-res1_progress.csv
296,0,45635.62995694765,21656.97966093536,23978.650296012293,-154366.11282296944,-2.936950396175218,552.7303953637003,0.0105161795160521,-74514.69359617328,-1.417707260201166,-16581.91186091101,-0.3154853854815641,-42516.91035901732,-0.808921429966083,31.489726027397257,1.417707260201166,3.259381047119996,4251691.035901732,80.89214299660829,120.54854251267184,74514.69359617328,52560,31536000,2022,4,0,9,10,15,Eplus-env-06-27_thermostat_rbc_eco_year_2022_case_4_rep_0_zone_9_onoffseed_10_tempseed_15_paper2_final_runs_v2-res1_progress.csv
297,0,60059.82468188418,36081.17438587189,23978.650296012293,-103320.88967721636,-1.9657703515452123,837.5550603901422,0.0159352180439524,-18244.806162466837,-0.3471234049175577,-25126.65181170427,-0.4780565413185744,-35941.14094250007,-0.6838116617675051,29.98477929984779,0.3471234049175577,1.095888682206867,3594114.094250006,68.3811661767505,102.84860687386264,18244.806162466837,52560,31536000,2022,3,0,4,5,42,Eplus-env-06-27_thermostat_rbc_eco_year_2022_case_3_rep_0_zone_4_onoffseed_5_tempseed_42_paper2_final_runs_v2-res1_progress.csv
298,0,27462.78362487608,13006.536699571274,14456.246925304798,-138051.98576824565,-2.626559850994019,536.9408926290927,0.0102157704077072,-73557.15855529088,-1.399489318023038,-16108.22677887278,-0.3064731122312172,-42027.52392944367,-0.7996104248372083,33.525494672754945,1.399489318023038,3.258316557993148,4202752.392944367,79.96104248372083,119.22096541241709,73557.15855529088,52560,31536000,2023,4,0,9,10,42,Eplus-env-06-27_thermostat_rbc_eco_year_2023_case_4_rep_0_zone_9_onoffseed_10_tempseed_42_paper2_final_runs_v2-res1_progress.csv
299,0,102463.460742486,102463.460742486,0.0,-484623.84483763645,-9.220392786104194,3557.203817733284,0.0676789158625053,-67841.61444595041,-1.2907460891543077,-106716.1145319985,-2.030367475875161,-332956.87315825827,-6.334795912447836,23.58257229832573,1.2907460891543077,3.3714291426204976,33295687.315825824,633.4795912447836,711.4731958728642,67841.61444595041,52560,31536000,2023,1,0,0,15,30,Eplus-env-06-27_thermostat_rbc_eco_year_2023_case_1_rep_0_zone_0_onoffseed_15_tempseed_30_paper2_final_runs_v2-res1_progress.csv
300,0,57291.18624166801,33312.53594565571,23978.650296012293,-100087.15988443578,-1.904245812108748,774.8267647290786,0.0147417573198074,-10395.863598028753,-0.1977904033110493,-23244.802941872364,-0.4422527195942231,-42821.37682209844,-0.8147141708922839,31.149162861491632,0.1977904033110493,0.6314063480999973,4282137.682209845,81.4714170892284,121.14229824204652,10395.863598028753,52560,31536000,2022,4,0,0,5,42,Eplus-env-06-27_thermostat_rbc_eco_year_2022_case_4_rep_0_zone_0_onoffseed_5_tempseed_42_paper2_final_runs_v2-res1_progress.csv
301,0,261918.07884127097,0.0,261918.07884127097,-522583.57384890097,-9.942609852528555,1343.5688494656183,0.0255625732394524,-33085.42559200768,-0.629479177930131,-40307.06548396856,-0.7668771971835723,-275222.96795684955,-5.236357837839603,15.393835616438356,0.629479177930131,2.2351641890725764,27522296.79568496,523.6357837839604,598.2844841360259,33085.42559200768,52560,31536000,2022,10,0,0,10,15,Eplus-env-06-27_thermostat_rbc_eco_year_2022_case_10_rep_0_zone_0_onoffseed_10_tempseed_15_paper2_final_runs_v2-res1_progress.csv
302,0,86464.38924055232,86464.38924055232,0.0,-370322.0397949705,-7.045700909341143,2961.180426702392,0.0563390492142768,-1952.170947932172,-0.0371417608054066,-88835.41280107175,-1.6901714764283058,-297633.35200934246,-5.662735007788099,12.3382800608828,0.0371417608054066,0.2189081993906933,29763335.20093425,566.2735007788099,629.8419070257769,1952.170947932172,52560,31536000,2023,0,0,9,5,42,Eplus-env-06-27_thermostat_rbc_eco_year_2023_case_0_rep_0_zone_9_onoffseed_5_tempseed_42_paper2_final_runs_v2-res1_progress.csv
303,0,121914.854652609,0.0,121914.854652609,-398575.7931684146,-7.5832532946806435,775.7310963240304,0.0147589630198635,-1565.343958817569,-0.0297820387902886,-23271.93288972091,-0.4427688905959077,-297271.9066182976,-5.655858192889984,13.276255707762555,0.0297820387902886,0.1804454061982691,29727190.66182976,565.5858192889986,628.8580511446348,1565.343958817569,52560,31536000,2023,10,0,9,15,15,Eplus-env-06-27_thermostat_rbc_eco_year_2023_case_10_rep_0_zone_9_onoffseed_15_tempseed_15_paper2_final_runs_v2-res1_progress.csv
304,0,65525.0654797708,41546.41518375851,23978.650296012293,-103011.37337416656,-1.959881532994037,969.8494163466625,0.0184522339487568,-13134.752092974384,-0.2499001539759205,-29095.48249039988,-0.553567018462707,-36270.56521219168,-0.6900792468072998,12.692161339421611,0.2499001539759205,1.276540562948368,3627056.521219168,69.00792468072997,103.4472713991359,13134.752092974384,52560,31536000,2022,3,0,0,15,30,Eplus-env-06-27_thermostat_rbc_eco_year_2022_case_3_rep_0_zone_0_onoffseed_15_tempseed_30_paper2_final_runs_v2-res1_progress.csv
305,0,156054.1754371819,156054.1754371819,0.0,-476891.22031923005,-9.07327283712386,3261.206954621768,0.0620473164882375,-1697.3483122508871,-0.0322935371432817,-97836.208638653,-1.8614194946471276,-347525.95108182065,-6.611985370658688,13.14117199391172,0.0322935371432817,0.1910581386423582,34752595.108182065,661.1985370658688,726.8584940116809,1697.3483122508871,52560,31536000,2022,1,0,4,5,42,Eplus-env-06-27_thermostat_rbc_eco_year_2022_case_1_rep_0_zone_4_onoffseed_5_tempseed_42_paper2_final_runs_v2-res1_progress.csv
306,0,177807.96200830492,0.0,177807.96200830492,-444280.9649663612,-8.45283418885771,1132.5225844710417,0.0215472333422953,-1675.7427687559448,-0.0318824727693292,-33975.677534131246,-0.6464170002688593,-297140.528478611,-5.65335860880158,13.131659056316591,0.0318824727693292,0.2059401250908944,29714052.847861096,565.3358608801578,628.7911010866034,1675.7427687559448,52560,31536000,2023,5,0,9,10,42,Eplus-env-06-27_thermostat_rbc_eco_year_2023_case_5_rep_0_zone_9_onoffseed_10_tempseed_42_paper2_final_runs_v2-res1_progress.csv
307,0,250247.76876162784,0.0,250247.76876162784,-507543.0375754904,-9.65645048659609,1261.1248380994653,0.0239940037690157,-1900.636146799237,-0.0361612661110965,-37833.74514298397,-0.7198201130704711,-300914.70180480345,-5.725165559452121,11.459284627092844,0.0361612661110965,0.2379094952872463,30091470.180480342,572.516555945212,636.5491422296992,1900.636146799237,52560,31536000,2022,5,0,9,10,15,Eplus-env-06-27_thermostat_rbc_eco_year_2022_case_5_rep_0_zone_9_onoffseed_10_tempseed_15_paper2_final_runs_v2-res1_progress.csv
308,0,18857.721572019247,0.0,18857.721572019247,-104359.69849303288,-1.985534598421478,94.37393834011398,0.0017955467720721,-47003.437241341686,-0.894281530466927,-2831.218150203419,-0.0538664031621655,-41928.75923362227,-0.7977313400613065,24.2941400304414,0.894281530466927,2.533455628877183,4192875.923362227,79.77313400613065,118.95597489279116,47003.437241341686,52560,31536000,2022,14,0,4,15,15,Eplus-env-06-27_thermostat_rbc_eco_year_2022_case_14_rep_0_zone_4_onoffseed_15_tempseed_15_paper2_final_runs_v2-res1_progress.csv
309,0,201080.664698018,0.0,201080.664698018,-500404.2555415448,-9.520628910607778,1270.2924401594514,0.0241684254216029,-40565.74400593491,-0.7717987824569047,-38108.77320478354,-0.7250527626480886,-295334.4197461614,-5.618995809477957,22.69406392694064,0.7717987824569047,2.189461479475584,29533441.974616144,561.8995809477957,624.3926293639225,40565.74400593491,52560,31536000,2023,5,0,4,10,30,Eplus-env-06-27_thermostat_rbc_eco_year_2023_case_5_rep_0_zone_4_onoffseed_10_tempseed_30_paper2_final_runs_v2-res1_progress.csv
310,0,27462.78362487608,13006.536699571274,14456.246925304798,-138051.98576824565,-2.626559850994019,536.9408926290927,0.0102157704077072,-73557.15855529088,-1.399489318023038,-16108.22677887278,-0.3064731122312172,-42027.52392944367,-0.7996104248372083,33.525494672754945,1.399489318023038,3.258316557993148,4202752.392944367,79.96104248372083,119.22096541241709,73557.15855529088,52560,31536000,2023,4,0,9,5,42,Eplus-env-06-27_thermostat_rbc_eco_year_2023_case_4_rep_0_zone_9_onoffseed_5_tempseed_42_paper2_final_runs_v2-res1_progress.csv
311,0,156668.29051340988,156668.29051340988,0.0,-513780.28589049913,-9.775119594568096,3267.6038811853846,0.0621690236146382,-92333.12106991044,-1.7567184374031668,-98028.11643556152,-1.865070708439146,-293276.83635156805,-5.579848484618875,30.8751902587519,1.7567184374031668,4.163632663333254,29327683.635156803,557.9848484618874,641.5507276902183,92333.12106991044,52560,31536000,2022,0,0,0,15,42,Eplus-env-06-27_thermostat_rbc_eco_year_2022_case_0_rep_0_zone_0_onoffseed_15_tempseed_42_paper2_final_runs_v2-res1_progress.csv
312,0,131542.98682410253,131542.98682410253,0.0,-417232.6325920755,-7.938215992999915,4633.696253308773,0.0881601265850223,-36723.21403802508,-0.6986912868726233,-139010.88759926317,-2.644803797550669,-272894.10103325214,-5.192049106416517,16.562024353120243,0.6986912868726233,2.3367520947254534,27289410.10332521,519.2049106416517,603.4805009997491,36723.21403802508,52560,31536000,2023,0,0,0,15,15,Eplus-env-06-27_thermostat_rbc_eco_year_2023_case_0_rep_0_zone_0_onoffseed_15_tempseed_15_paper2_final_runs_v2-res1_progress.csv
313,0,187700.1451594912,187700.1451594912,0.0,-429946.89041143184,-8.18011587540776,3927.782477640657,0.0747294991940764,-188.9808791067319,-0.00359552661923,-117833.4743292197,-2.2418849758222925,-276200.4207773453,-5.254954733206722,10.150304414003044,0.00359552661923,0.021952410180066,27620042.077734526,525.4954733206721,625.5775283231607,188.9808791067319,52560,31536000,2022,0,0,0,5,42,Eplus-env-06-27_thermostat_rbc_eco_year_2022_case_0_rep_0_zone_0_onoffseed_5_tempseed_42_paper2_final_runs_v2-res1_progress.csv
314,0,172219.92872132626,172219.92872132626,0.0,-549667.7592963732,-10.457910184481989,3654.676744142951,0.069533423594805,-22291.03184001898,-0.4241063896502849,-109640.30232428852,-2.0860027078441497,-386483.6037694373,-7.35318880839873,12.890030441400304,0.4241063896502849,1.780665980434173,38648360.37694373,735.3188808398731,806.3001213614083,22291.03184001898,52560,31536000,2022,2,0,0,15,15,Eplus-env-06-27_thermostat_rbc_eco_year_2022_case_2_rep_0_zone_0_onoffseed_15_tempseed_15_paper2_final_runs_v2-res1_progress.csv
315,0,75417.55155203251,75417.55155203251,0.0,-535740.7604469096,-10.192936842597216,2592.7415606823524,0.0493291773341391,-76292.05696928897,-1.4515231539058022,-77782.24682047058,-1.479875320024174,-397749.6045529028,-7.567534333198303,33.586377473363775,1.4515231539058022,3.4762240642480564,39774960.45529029,756.7534333198305,827.8418637283661,76292.05696928897,52560,31536000,2023,2,0,0,15,42,Eplus-env-06-27_thermostat_rbc_eco_year_2023_case_2_rep_0_zone_0_onoffseed_15_tempseed_42_paper2_final_runs_v2-res1_progress.csv
316,0,285450.0933143989,0.0,285450.0933143989,-533238.1377354455,-10.145322255240592,1442.208350988815,0.027439276084262,-920.381109178822,-0.0175110561107081,-43266.25052966445,-0.8231782825278625,-298791.0352857569,-5.68476094531501,12.094748858447488,0.0175110561107081,0.1327725414658185,29879103.52857569,568.476094531501,638.2546059250756,920.381109178822,52560,31536000,2022,5,0,4,5,42,Eplus-env-06-27_thermostat_rbc_eco_year_2022_case_5_rep_0_zone_4_onoffseed_5_tempseed_42_paper2_final_runs_v2-res1_progress.csv
317,0,45635.62995694765,21656.97966093536,23978.650296012293,-154366.11282296944,-2.936950396175218,552.7303953637003,0.0105161795160521,-74514.69359617328,-1.417707260201166,-16581.91186091101,-0.3154853854815641,-42516.91035901732,-0.808921429966083,31.489726027397257,1.417707260201166,3.259381047119996,4251691.035901732,80.89214299660829,120.54854251267184,74514.69359617328,52560,31536000,2022,4,0,9,10,30,Eplus-env-06-27_thermostat_rbc_eco_year_2022_case_4_rep_0_zone_9_onoffseed_10_tempseed_30_paper2_final_runs_v2-res1_progress.csv
318,0,32500.07476967518,18043.827844370386,14456.246925304797,-111405.88228776572,-2.1195944118676886,726.0080369523209,0.0138129382981796,-43413.15211278558,-0.8259732137135765,-21780.24110856963,-0.4143881489453886,-41404.41900590886,-0.7877553083315992,23.36187214611872,0.8259732137135765,2.431022301460335,4140441.900590885,78.7755308331599,117.40636656322395,43413.15211278558,52560,31536000,2023,4,0,4,10,15,Eplus-env-06-27_thermostat_rbc_eco_year_2023_case_4_rep_0_zone_4_onoffseed_10_tempseed_15_paper2_final_runs_v2-res1_progress.csv
319,0,48105.27451562055,24126.624219608253,23978.650296012293,-138139.3978402756,-2.628222942166583,600.1748349288124,0.0114188515016897,-56300.70355842904,-1.0711701590264278,-18005.24504786437,-0.342565545050692,-42483.7692006174,-0.8082908904227054,33.98401826484018,1.0711701590264278,2.623386911907805,4248376.920061739,80.82908904227054,120.38809150971548,56300.70355842904,52560,31536000,2022,4,0,4,10,42,Eplus-env-06-27_thermostat_rbc_eco_year_2022_case_4_rep_0_zone_4_onoffseed_10_tempseed_42_paper2_final_runs_v2-res1_progress.csv
320,0,123921.23568152418,0.0,123921.23568152418,-466168.5056065813,-8.869263805300253,805.5580249512445,0.0153264464412337,-62879.8231117804,-1.1963436665102816,-24166.74074853734,-0.4597933932370118,-301908.71958374605,-5.744077617651181,32.682648401826484,1.1963436665102816,2.8629075433126125,30190871.9583746,574.4077617651179,639.720735459588,62879.8231117804,52560,31536000,2023,10,0,4,15,42,Eplus-env-06-27_thermostat_rbc_eco_year_2023_case_10_rep_0_zone_4_onoffseed_15_tempseed_42_paper2_final_runs_v2-res1_progress.csv
321,0,35954.65729421212,21498.410368907324,14456.246925304797,-95642.62783120786,-1.819684699984929,813.2236471536244,0.0154722916125118,-30084.4531494318,-0.5723830507882762,-24396.70941460873,-0.4641687483753562,-36143.669549381135,-0.6876649457644812,38.91362252663623,0.5723830507882762,1.4389549199239071,3614366.954938113,68.76649457644812,103.28746425562886,30084.4531494318,52560,31536000,2023,3,0,0,15,42,Eplus-env-06-27_thermostat_rbc_eco_year_2023_case_3_rep_0_zone_0_onoffseed_15_tempseed_42_paper2_final_runs_v2-res1_progress.csv
322,0,77894.62373127141,53915.97343525912,23978.650296012293,-106060.55246613664,-2.017894833830605,1271.734099878066,0.0241958542594761,-7009.802467982032,-0.1333676268641939,-38152.02299634197,-0.725875627784284,-35325.15832360146,-0.6720920533409716,4.550989345509893,0.1333676268641939,1.0707756801288049,3532515.832360146,67.20920533409715,100.83284354208726,7009.802467982032,52560,31536000,2022,3,0,0,15,15,Eplus-env-06-27_thermostat_rbc_eco_year_2022_case_3_rep_0_zone_0_onoffseed_15_tempseed_15_paper2_final_runs_v2-res1_progress.csv
323,0,219057.40075752296,0.0,219057.40075752296,-521517.1821559136,-9.92232081727385,1117.0974834762208,0.0212537572959707,-57100.90269450853,-1.086394647916829,-33512.92450428662,-0.6376127188791213,-285205.41990167554,-5.426282722634618,20.95319634703196,1.086394647916829,3.046207549147354,28520541.990167547,542.6282722634617,619.8545833231262,57100.90269450853,52560,31536000,2022,10,0,0,10,30,Eplus-env-06-27_thermostat_rbc_eco_year_2022_case_10_rep_0_zone_0_onoffseed_10_tempseed_30_paper2_final_runs_v2-res1_progress.csv
324,0,125806.49309846778,125806.49309846778,0.0,-460477.4144888405,-8.760985815997726,4436.349464636371,0.0844054312145428,-34696.10226052113,-0.6601237111971296,-133090.48393909112,-2.5321629364362845,-322859.02022446296,-6.142675422839859,16.303272450532724,0.6601237111971296,2.254752692777873,32285902.02244629,614.2675422839857,692.3654245848234,34696.10226052113,52560,31536000,2023,1,0,0,15,15,Eplus-env-06-27_thermostat_rbc_eco_year_2023_case_1_rep_0_zone_0_onoffseed_15_tempseed_15_paper2_final_runs_v2-res1_progress.csv
325,0,149761.90012870377,149761.90012870377,0.0,-554487.4706348992,-10.549609410861857,3127.9300404270675,0.0595116065530264,-90280.25586294738,-1.7176608801930628,-93837.901212812,-1.7853481965907916,-341687.0042766592,-6.500894297501127,31.38508371385084,1.7176608801930628,4.071884722811185,34168700.42766593,650.0894297501128,728.1134741386641,90280.25586294738,52560,31536000,2022,1,0,0,15,42,Eplus-env-06-27_thermostat_rbc_eco_year_2022_case_1_rep_0_zone_0_onoffseed_15_tempseed_42_paper2_final_runs_v2-res1_progress.csv
326,0,121914.854652609,0.0,121914.854652609,-398575.7931684146,-7.5832532946806435,775.7310963240304,0.0147589630198635,-1565.343958817569,-0.0297820387902886,-23271.93288972091,-0.4427688905959077,-297271.9066182976,-5.655858192889984,13.276255707762555,0.0297820387902886,0.1804454061982691,29727190.66182976,565.5858192889986,628.8580511446348,1565.343958817569,52560,31536000,2023,10,0,9,15,30,Eplus-env-06-27_thermostat_rbc_eco_year_2023_case_10_rep_0_zone_9_onoffseed_15_tempseed_30_paper2_final_runs_v2-res1_progress.csv
327,0,146940.9446010141,146940.9446010141,0.0,-507385.743617577,-9.653457831384646,3069.519212361046,0.0584002894284826,-298.74633683776506,-0.0056839105182223,-92085.5763708314,-1.7520086828544783,-386874.6105026496,-7.360628053703378,12.83675799086758,0.0056839105182223,0.0446141480851085,38687461.05026496,736.0628053703377,820.3210250275515,298.74633683776506,52560,31536000,2022,2,0,0,5,42,Eplus-env-06-27_thermostat_rbc_eco_year_2022_case_2_rep_0_zone_0_onoffseed_5_tempseed_42_paper2_final_runs_v2-res1_progress.csv
328,0,262860.9105590333,0.0,262860.9105590333,-567336.2047956376,-10.79406782335688,1333.0038487349298,0.0253615648541653,-48849.57825194447,-0.9294059789182738,-39990.11546204789,-0.7608469456249599,-303440.11561534816,-5.7732137674153,27.054794520547947,0.9294059789182738,2.478793452642026,30344011.56153482,577.32137674153,640.5881501817239,48849.57825194447,52560,31536000,2022,5,0,4,10,42,Eplus-env-06-27_thermostat_rbc_eco_year_2022_case_5_rep_0_zone_4_onoffseed_10_tempseed_42_paper2_final_runs_v2-res1_progress.csv
329,0,227369.06807735944,0.0,227369.06807735944,-499139.4155186674,-9.496564222196868,1430.014509803693,0.0272072775837841,-26919.27183538537,-0.5121627061526897,-42900.43529411079,-0.8162183275135233,-286209.5090891943,-5.445386398196239,18.837519025875192,0.5121627061526897,1.6916451799943788,28620950.908919428,544.5386398196238,606.164582605179,26919.27183538537,52560,31536000,2023,5,0,4,10,15,Eplus-env-06-27_thermostat_rbc_eco_year_2023_case_5_rep_0_zone_4_onoffseed_10_tempseed_15_paper2_final_runs_v2-res1_progress.csv
330,0,18482.911865052647,0.0,18482.911865052647,-105556.69456242266,-2.008308496240918,92.5465581473528,0.0017607792645995,-48252.74925582172,-0.9180507849281148,-2776.3967444205846,-0.0528233779379867,-42183.07510980138,-0.8025699221803916,26.04642313546423,0.9180507849281148,2.5127578839233613,4218307.510980138,80.25699221803914,119.65509494808624,48252.74925582172,52560,31536000,2022,14,0,4,15,30,Eplus-env-06-27_thermostat_rbc_eco_year_2022_case_14_rep_0_zone_4_onoffseed_15_tempseed_30_paper2_final_runs_v2-res1_progress.csv
331,0,16192.66145924592,0.0,16192.66145924592,-127494.33565452127,-2.4256913176278783,79.83626945682256,0.0015189548983413,-71829.01406437678,-1.3666098566281732,-2395.088083704677,-0.0455686469502411,-42418.1052503354,-0.8070415763001408,31.974885844748854,1.3666098566281732,3.1313373171230023,4241810.525033539,80.70415763001407,120.29785773605474,71829.01406437678,52560,31536000,2022,14,0,9,15,42,Eplus-env-06-27_thermostat_rbc_eco_year_2022_case_14_rep_0_zone_9_onoffseed_15_tempseed_42_paper2_final_runs_v2-res1_progress.csv
332,0,250247.76876162784,0.0,250247.76876162784,-507543.0375754904,-9.65645048659609,1261.1248380994653,0.0239940037690157,-1900.636146799237,-0.0361612661110965,-37833.74514298397,-0.7198201130704711,-300914.70180480345,-5.725165559452121,11.459284627092844,0.0361612661110965,0.2379094952872463,30091470.180480342,572.516555945212,636.5491422296992,1900.636146799237,52560,31536000,2022,5,0,9,10,30,Eplus-env-06-27_thermostat_rbc_eco_year_2022_case_5_rep_0_zone_9_onoffseed_10_tempseed_30_paper2_final_runs_v2-res1_progress.csv
333,0,16017.711708261502,0.0,16017.711708261502,-79770.18869087343,-1.517697653935948,106.37031575155926,0.0020237883514375,-24696.8655342665,-0.4698794812455574,-3191.109472546778,-0.0607136505431274,-41969.23320807819,-0.7985013928477586,30.435692541856923,0.4698794812455574,1.410760203642859,4196923.320807819,79.85013928477586,119.10138089115668,24696.8655342665,52560,31536000,2023,14,0,0,10,42,Eplus-env-06-27_thermostat_rbc_eco_year_2023_case_14_rep_0_zone_0_onoffseed_10_tempseed_42_paper2_final_runs_v2-res1_progress.csv
334,0,88289.1118409708,88289.1118409708,0.0,-503251.5505042119,-9.574801189197334,3062.2919697170737,0.0582627848119686,-42861.058398077,-0.8154691476042047,-91868.7590915122,-1.7478835443590603,-388161.1697090367,-7.385105968588977,19.010654490106543,0.8154691476042047,2.413196509447873,38816116.97090367,738.5105968588978,806.7798176459733,42861.058398077,52560,31536000,2023,2,0,0,10,30,Eplus-env-06-27_thermostat_rbc_eco_year_2023_case_2_rep_0_zone_0_onoffseed_10_tempseed_30_paper2_final_runs_v2-res1_progress.csv
335,0,182098.84245887585,182098.84245887585,0.0,-487940.6218290776,-9.283497371177274,3825.1037349328017,0.072775946250624,-56728.71331896026,-1.0793134193105072,-114753.11204798406,-2.1832783875187225,-282236.8454945109,-5.369802996470908,19.960045662100452,1.0793134193105072,3.056140158169177,28223684.54945109,536.9802996470908,617.5617387749102,56728.71331896026,52560,31536000,2022,0,0,0,10,30,Eplus-env-06-27_thermostat_rbc_eco_year_2022_case_0_rep_0_zone_0_onoffseed_10_tempseed_30_paper2_final_runs_v2-res1_progress.csv
336,0,200127.5591952136,200127.5591952136,0.0,-442332.4124900832,-8.415761272642373,4210.2466019877065,0.0801036263696291,-84.19672073836787,-0.0016019163001972,-126307.39805963122,-2.403108791088874,-278523.8595917405,-5.299160190101607,0.9969558599695586,0.0016019163001972,0.0309668628185461,27852385.95917405,529.9160190101608,620.8907815469976,84.19672073836787,52560,31536000,2022,0,0,1,5,30,Eplus-env-06-27_thermostat_rbc_eco_year_2022_case_0_rep_0_zone_1_onoffseed_5_tempseed_30_paper2_final_runs_v2-res1_progress.csv
337,0,176213.05511554313,176213.05511554313,0.0,-438339.7057892916,-8.339796533281804,3692.384214715017,0.0702508412236494,-612.0144232389207,-0.0116441100311819,-110771.5264414505,-2.1075252367094843,-293567.7909760268,-5.585384150989856,4.528158295281583,0.0116441100311819,0.1039936766189644,29356779.09760268,558.5384150989855,629.2495694806179,612.0144232389207,52560,31536000,2022,0,0,4,5,30,Eplus-env-06-27_thermostat_rbc_eco_year_2022_case_0_rep_0_zone_4_onoffseed_5_tempseed_30_paper2_final_runs_v2-res1_progress.csv
338,0,82474.64781527486,82474.64781527486,0.0,-418054.22343890194,-7.953847477909093,2827.183471637016,0.0537896398713283,-4068.971117904676,-0.0774157366420219,-84815.50414911048,-1.6136891961398492,-346512.74294332095,-6.592708199073838,16.040715372907155,0.0774157366420219,0.3650598152729165,34651274.2943321,659.270819907384,718.7880688708885,4068.971117904676,52560,31536000,2023,1,0,9,5,30,Eplus-env-06-27_thermostat_rbc_eco_year_2023_case_1_rep_0_zone_9_onoffseed_5_tempseed_30_paper2_final_runs_v2-res1_progress.csv
339,0,342103.3838574675,0.0,342103.3838574675,-550384.5536731256,-10.471547824831156,1719.6105337528627,0.0327170953910362,-293.59305866722093,-0.0055858648909288,-51588.31601258589,-0.9815128617310862,-270216.18228066416,-5.141099358460124,0.5041856925418569,0.0055858648909288,0.1174418141685527,27021618.228066407,514.1099358460123,613.9909393473699,293.59305866722093,52560,31536000,2022,5,0,0,5,30,Eplus-env-06-27_thermostat_rbc_eco_year_2022_case_5_rep_0_zone_0_onoffseed_5_tempseed_30_paper2_final_runs_v2-res1_progress.csv
340,0,45635.62995694765,21656.97966093536,23978.650296012293,-154366.11282296944,-2.936950396175218,552.7303953637003,0.0105161795160521,-74514.69359617328,-1.417707260201166,-16581.91186091101,-0.3154853854815641,-42516.91035901732,-0.808921429966083,31.489726027397257,1.417707260201166,3.259381047119996,4251691.035901732,80.89214299660829,120.54854251267184,74514.69359617328,52560,31536000,2022,4,0,9,15,42,Eplus-env-06-27_thermostat_rbc_eco_year_2022_case_4_rep_0_zone_9_onoffseed_15_tempseed_42_paper2_final_runs_v2-res1_progress.csv
341,0,89724.77287217382,65746.12257616152,23978.650296012293,-109927.01115573614,-2.0914575942872173,1500.971096749602,0.0285572887509437,-46.09854592488986,-0.0008770651812193,-45029.13290248805,-0.8567186625283115,-36477.07592308586,-0.6940082938182242,0.1293759512937595,0.0008770651812193,0.0322184775716115,3647707.5923085855,69.4008293818224,102.94221032323668,46.09854592488986,52560,31536000,2022,3,0,0,5,15,Eplus-env-06-27_thermostat_rbc_eco_year_2022_case_3_rep_0_zone_0_onoffseed_5_tempseed_15_paper2_final_runs_v2-res1_progress.csv
342,0,27462.78362487608,13006.536699571274,14456.246925304798,-138051.98576824565,-2.626559850994019,536.9408926290927,0.0102157704077072,-73557.15855529088,-1.399489318023038,-16108.22677887278,-0.3064731122312172,-42027.52392944367,-0.7996104248372083,33.525494672754945,1.399489318023038,3.258316557993148,4202752.392944367,79.96104248372083,119.22096541241709,73557.15855529088,52560,31536000,2023,4,0,9,15,15,Eplus-env-06-27_thermostat_rbc_eco_year_2023_case_4_rep_0_zone_9_onoffseed_15_tempseed_15_paper2_final_runs_v2-res1_progress.csv
343,0,49241.58621420853,25262.935918196235,23978.650296012293,-135365.89395913333,-2.575454603484272,635.1303146585287,0.0120839100962429,-52740.13637730322,-1.0034272522317964,-19053.909439755866,-0.362517302887288,-42341.21589998611,-0.8055786891169352,26.428843226788437,1.0034272522317964,2.731182742784537,4234121.58999861,80.5578689116935,120.06093029410444,52740.13637730322,52560,31536000,2022,4,0,4,15,30,Eplus-env-06-27_thermostat_rbc_eco_year_2022_case_4_rep_0_zone_4_onoffseed_15_tempseed_30_paper2_final_runs_v2-res1_progress.csv
344,0,121914.854652609,0.0,121914.854652609,-398575.7931684146,-7.5832532946806435,775.7310963240304,0.0147589630198635,-1565.343958817569,-0.0297820387902886,-23271.93288972091,-0.4427688905959077,-297271.9066182976,-5.655858192889984,13.276255707762555,0.0297820387902886,0.1804454061982691,29727190.66182976,565.5858192889986,628.8580511446348,1565.343958817569,52560,31536000,2023,10,0,9,5,30,Eplus-env-06-27_thermostat_rbc_eco_year_2023_case_10_rep_0_zone_9_onoffseed_5_tempseed_30_paper2_final_runs_v2-res1_progress.csv
345,0,141909.23070854918,0.0,141909.23070854918,-452490.0922170405,-8.609020019350085,899.5149374927187,0.0171140589325098,-40946.084857760456,-0.7790351000334942,-26985.448124781564,-0.5134217679752962,-295448.06571661605,-5.621158023527703,22.96232876712329,0.7790351000334942,2.205731570823202,29544806.571661603,562.1158023527702,624.4986343396198,40946.084857760456,52560,31536000,2023,10,0,4,10,30,Eplus-env-06-27_thermostat_rbc_eco_year_2023_case_10_rep_0_zone_4_onoffseed_10_tempseed_30_paper2_final_runs_v2-res1_progress.csv
346,0,252678.81352987367,252678.81352987367,0.0,-507912.0242041737,-9.66347078014029,5349.290235643996,0.1017749283798325,-2.3006393446116498,-4.377167702837994e-05,-160478.7070693199,-3.0532478513949752,-301193.18621603947,-5.73046396910273,0.0057077625570776,4.377167702837994e-05,0.0071104685610019,30119318.621603943,573.0463969102728,673.1259325796877,2.3006393446116498,52560,31536000,2022,1,0,0,5,15,Eplus-env-06-27_thermostat_rbc_eco_year_2022_case_1_rep_0_zone_0_onoffseed_5_tempseed_15_paper2_final_runs_v2-res1_progress.csv
347,0,177807.96200830492,0.0,177807.96200830492,-444280.9649663612,-8.45283418885771,1132.5225844710417,0.0215472333422953,-1675.7427687559448,-0.0318824727693292,-33975.677534131246,-0.6464170002688593,-297140.528478611,-5.65335860880158,13.131659056316591,0.0318824727693292,0.2059401250908944,29714052.847861096,565.3358608801578,628.7911010866034,1675.7427687559448,52560,31536000,2023,5,0,9,5,15,Eplus-env-06-27_thermostat_rbc_eco_year_2023_case_5_rep_0_zone_9_onoffseed_5_tempseed_15_paper2_final_runs_v2-res1_progress.csv
348,0,175255.436454557,0.0,175255.436454557,-530525.257207399,-10.093707328907897,896.1376218228729,0.0170498025460972,-92130.2007027648,-1.7528576998242922,-26884.12865468619,-0.5114940763829183,-295018.5839411611,-5.612986756871406,32.60464231354642,1.7528576998242922,4.107699553652371,29501858.39411611,561.2986756871406,642.0330219397881,92130.2007027648,52560,31536000,2022,10,0,0,15,42,Eplus-env-06-27_thermostat_rbc_eco_year_2022_case_10_rep_0_zone_0_onoffseed_15_tempseed_42_paper2_final_runs_v2-res1_progress.csv
349,0,60950.33125546535,36971.68095945306,23978.650296012293,-109855.0896404277,-2.090089224513465,904.867196668002,0.0172158903475647,-18391.559382357824,-0.3499155133629723,-27146.015900040056,-0.5164767104269418,-41600.06425797366,-0.7914776304789509,15.390030441400304,0.3499155133629723,1.4087524199791488,4160006.4257973656,79.14776304789508,117.69440473292202,18391.559382357824,52560,31536000,2022,4,0,4,5,15,Eplus-env-06-27_thermostat_rbc_eco_year_2022_case_4_rep_0_zone_4_onoffseed_5_tempseed_15_paper2_final_runs_v2-res1_progress.csv
350,0,174331.96053397344,174331.96053397344,0.0,-528778.2829831329,-10.060469615356409,3666.705127966176,0.0697622741241662,-54979.25231796586,-1.0460283926553626,-110001.1538389853,-2.0928682237249867,-331178.05375232344,-6.30095231644451,19.95624048706241,1.0460283926553626,2.9736311211057163,33117805.375232343,630.095231644451,704.8184804599058,54979.25231796586,52560,31536000,2022,1,0,0,10,30,Eplus-env-06-27_thermostat_rbc_eco_year_2022_case_1_rep_0_zone_0_onoffseed_10_tempseed_30_paper2_final_runs_v2-res1_progress.csv
351,0,121914.854652609,0.0,121914.854652609,-398575.7931684146,-7.5832532946806435,775.7310963240304,0.0147589630198635,-1565.343958817569,-0.0297820387902886,-23271.93288972091,-0.4427688905959077,-297271.9066182976,-5.655858192889984,13.276255707762555,0.0297820387902886,0.1804454061982691,29727190.66182976,565.5858192889986,628.8580511446348,1565.343958817569,52560,31536000,2023,10,0,9,10,42,Eplus-env-06-27_thermostat_rbc_eco_year_2023_case_10_rep_0_zone_9_onoffseed_10_tempseed_42_paper2_final_runs_v2-res1_progress.csv
352,0,40839.44242370861,26383.19549840382,14456.246925304797,-78135.67832047271,-1.4865996636315204,984.8817595543602,0.0187382374344436,-8669.939088276295,-0.1649531790006905,-29546.452786630805,-0.5621471230333106,-36054.9913853604,-0.6859777660837213,12.36111111111111,0.1649531790006905,0.7486207466009897,3605499.1385360393,68.59777660837213,103.06502036128884,8669.939088276295,52560,31536000,2023,3,0,0,10,30,Eplus-env-06-27_thermostat_rbc_eco_year_2023_case_3_rep_0_zone_0_onoffseed_10_tempseed_30_paper2_final_runs_v2-res1_progress.csv
353,0,9078.400535650217,0.0,9078.400535650217,-120679.01136289866,-2.2960238082743274,59.1682811242529,0.0011257283318921,-71316.19951009497,-1.3568531109226594,-1775.048433727587,-0.0337718499567653,-41935.77237458825,-0.7978647712060168,33.90981735159818,1.3568531109226594,3.139687987881909,4193577.2374588246,79.78647712060169,118.98764338980646,71316.19951009497,52560,31536000,2023,14,0,9,5,15,Eplus-env-06-27_thermostat_rbc_eco_year_2023_case_14_rep_0_zone_9_onoffseed_5_tempseed_15_paper2_final_runs_v2-res1_progress.csv
354,0,267509.7713168757,0.0,267509.7713168757,-570651.4981400052,-10.857144180745912,1369.1345463211892,0.0260489829969784,-50299.39291991206,-0.9569899718400317,-41074.03638963568,-0.7814694899093546,-301502.3613057571,-5.736346295771634,25.327245053272453,0.9569899718400317,2.5200539166351903,30150236.130575694,573.6346295771632,639.0710301647734,50299.39291991206,52560,31536000,2022,5,0,4,15,30,Eplus-env-06-27_thermostat_rbc_eco_year_2022_case_5_rep_0_zone_4_onoffseed_15_tempseed_30_paper2_final_runs_v2-res1_progress.csv
355,0,16192.66145924592,0.0,16192.66145924592,-127494.33565452127,-2.4256913176278783,79.83626945682256,0.0015189548983413,-71829.01406437678,-1.3666098566281732,-2395.088083704677,-0.0455686469502411,-42418.1052503354,-0.8070415763001408,31.974885844748854,1.3666098566281732,3.1313373171230023,4241810.525033539,80.70415763001407,120.29785773605474,71829.01406437678,52560,31536000,2022,14,0,9,5,42,Eplus-env-06-27_thermostat_rbc_eco_year_2022_case_14_rep_0_zone_9_onoffseed_5_tempseed_42_paper2_final_runs_v2-res1_progress.csv
356,0,18668.025519887156,0.0,18668.025519887156,-110174.86402502852,-2.0961732120439214,92.74406042155675,0.0017645369182183,-52539.02995540862,-0.9996010265488704,-2782.3218126467027,-0.0529361075465506,-42363.52239180023,-0.8060030896461231,33.41704718417047,0.9996010265488704,2.472725912535648,4236352.239180023,80.60030896461231,120.08311518839594,52539.02995540862,52560,31536000,2022,14,0,4,10,42,Eplus-env-06-27_thermostat_rbc_eco_year_2022_case_14_rep_0_zone_4_onoffseed_10_tempseed_42_paper2_final_runs_v2-res1_progress.csv
357,0,137941.15248074586,137941.15248074586,0.0,-518872.6803226216,-9.872006855453224,2890.4822845290937,0.0549939551851045,-3772.389544442124,-0.0717730126415929,-86714.46853587279,-1.6498186555531351,-402250.6339336813,-7.653170356424681,10.028538812785389,0.0717730126415929,0.3491164960348584,40225063.39336812,765.317035642468,826.5917581521244,3772.389544442124,52560,31536000,2022,2,0,4,5,30,Eplus-env-06-27_thermostat_rbc_eco_year_2022_case_2_rep_0_zone_4_onoffseed_5_tempseed_30_paper2_final_runs_v2-res1_progress.csv
358,0,16192.66145924592,0.0,16192.66145924592,-127494.33565452127,-2.4256913176278783,79.83626945682256,0.0015189548983413,-71829.01406437678,-1.3666098566281732,-2395.088083704677,-0.0455686469502411,-42418.1052503354,-0.8070415763001408,31.974885844748854,1.3666098566281732,3.1313373171230023,4241810.525033539,80.70415763001407,120.29785773605474,71829.01406437678,52560,31536000,2022,14,0,9,10,30,Eplus-env-06-27_thermostat_rbc_eco_year_2022_case_14_rep_0_zone_9_onoffseed_10_tempseed_30_paper2_final_runs_v2-res1_progress.csv
359,0,32510.30566430987,18054.05873900507,14456.246925304797,-102260.79473084836,-1.9456011174057903,705.3262986897975,0.0134194501272792,-40385.25276957651,-0.7683647787210143,-21159.78896069392,-0.4025835038183775,-35278.86089729996,-0.6712112042865289,26.162480974124808,0.7683647787210143,2.1663479660135327,3527886.089729996,67.12112042865289,101.22678556213036,40385.25276957651,52560,31536000,2023,3,0,9,5,30,Eplus-env-06-27_thermostat_rbc_eco_year_2023_case_3_rep_0_zone_9_onoffseed_5_tempseed_30_paper2_final_runs_v2-res1_progress.csv
360,0,177807.96200830492,0.0,177807.96200830492,-444280.9649663612,-8.45283418885771,1132.5225844710417,0.0215472333422953,-1675.7427687559448,-0.0318824727693292,-33975.677534131246,-0.6464170002688593,-297140.528478611,-5.65335860880158,13.131659056316591,0.0318824727693292,0.2059401250908944,29714052.847861096,565.3358608801578,628.7911010866034,1675.7427687559448,52560,31536000,2023,5,0,9,15,15,Eplus-env-06-27_thermostat_rbc_eco_year_2023_case_5_rep_0_zone_9_onoffseed_15_tempseed_15_paper2_final_runs_v2-res1_progress.csv
361,0,250247.76876162784,0.0,250247.76876162784,-507543.0375754904,-9.65645048659609,1261.1248380994653,0.0239940037690157,-1900.636146799237,-0.0361612661110965,-37833.74514298397,-0.7198201130704711,-300914.70180480345,-5.725165559452121,11.459284627092844,0.0361612661110965,0.2379094952872463,30091470.180480342,572.516555945212,636.5491422296992,1900.636146799237,52560,31536000,2022,5,0,9,15,42,Eplus-env-06-27_thermostat_rbc_eco_year_2022_case_5_rep_0_zone_9_onoffseed_15_tempseed_42_paper2_final_runs_v2-res1_progress.csv
362,0,16062.785194788745,0.0,16062.785194788745,-72999.37932525405,-1.3888770800086387,106.36662557785404,0.0020237181426532,-18197.10285345389,-0.3462158077141151,-3190.9987673356213,-0.060711544279597,-41661.3119039435,-0.7926429205468701,14.613774733637747,0.3462158077141151,1.411416061566135,4166131.190394349,79.26429205468702,118.12203158925712,18197.10285345389,52560,31536000,2023,14,0,0,15,30,Eplus-env-06-27_thermostat_rbc_eco_year_2023_case_14_rep_0_zone_0_onoffseed_15_tempseed_30_paper2_final_runs_v2-res1_progress.csv
363,0,82474.64781527486,82474.64781527486,0.0,-418054.22343890194,-7.953847477909093,2827.183471637016,0.0537896398713283,-4068.971117904676,-0.0774157366420219,-84815.50414911048,-1.6136891961398492,-346512.74294332095,-6.592708199073838,16.040715372907155,0.0774157366420219,0.3650598152729165,34651274.2943321,659.270819907384,718.7880688708885,4068.971117904676,52560,31536000,2023,1,0,9,5,15,Eplus-env-06-27_thermostat_rbc_eco_year_2023_case_1_rep_0_zone_9_onoffseed_5_tempseed_15_paper2_final_runs_v2-res1_progress.csv
364,0,421238.828175344,0.0,421238.828175344,-600890.082691254,-11.43245971634806,2111.590965832435,0.0401748661688058,-91.86507684138518,-0.0017478134863277,-63347.72897497305,-1.2052459850641752,-256182.7322841636,-4.874100690337968,0.1807458143074581,0.0017478134863277,0.0563571937869245,25618273.22841636,487.4100690337968,588.5861325441043,91.86507684138518,52560,31536000,2022,5,0,0,5,15,Eplus-env-06-27_thermostat_rbc_eco_year_2022_case_5_rep_0_zone_0_onoffseed_5_tempseed_15_paper2_final_runs_v2-res1_progress.csv
365,0,204513.84442432356,204513.84442432356,0.0,-449855.3423278327,-8.55889159680047,4303.206816385046,0.0818722758064126,-479.61869353103407,-0.0091251654020364,-129096.2044915514,-2.456168274192378,-282062.9475107627,-5.366494435136277,4.10958904109589,0.0091251654020364,0.0891635297166381,28206294.75107627,536.6494435136277,608.268305825904,479.61869353103407,52560,31536000,2022,0,0,4,5,15,Eplus-env-06-27_thermostat_rbc_eco_year_2022_case_0_rep_0_zone_4_onoffseed_5_tempseed_15_paper2_final_runs_v2-res1_progress.csv
366,0,246326.32583880037,246326.32583880037,0.0,-463570.7934519133,-8.81984005806532,5206.232137430267,0.0990531228582623,-47.0691712334866,-0.0008955321771972,-156186.96412290802,-2.971593685747869,-262004.15711195717,-4.9848583925410415,0.8085996955859969,0.0008955321771972,0.0200895745435694,26200415.711195715,498.4858392541042,592.8491129323482,47.0691712334866,52560,31536000,2022,0,0,1,5,15,Eplus-env-06-27_thermostat_rbc_eco_year_2022_case_0_rep_0_zone_1_onoffseed_5_tempseed_15_paper2_final_runs_v2-res1_progress.csv
367,0,225838.2637952052,225838.2637952052,0.0,-486946.24518825376,-9.264578485316852,4778.212966110099,0.0909096835256868,-31863.692777716496,-0.6062346418895833,-143346.38898330295,-2.727290505770604,-270324.26879967994,-5.1431557990806684,14.805936073059362,0.6062346418895833,2.149116649537416,27032426.87996799,514.3155799080668,594.0146298887369,31863.692777716496,52560,31536000,2022,0,0,0,10,15,Eplus-env-06-27_thermostat_rbc_eco_year_2022_case_0_rep_0_zone_0_onoffseed_10_tempseed_15_paper2_final_runs_v2-res1_progress.csv
368,0,99321.57252213752,99321.57252213752,0.0,-437888.44692445215,-8.33121093844087,3411.617071269099,0.0649090005949219,-72376.67069915397,-1.3770295034085611,-102348.51213807295,-1.9472700178476592,-284256.7977449375,-5.408234355877806,29.51293759512937,1.3770295034085611,3.5425746150361888,28425679.774493743,540.8234355877805,620.8695796070384,72376.67069915397,52560,31536000,2023,0,0,0,10,42,Eplus-env-06-27_thermostat_rbc_eco_year_2023_case_0_rep_0_zone_0_onoffseed_10_tempseed_42_paper2_final_runs_v2-res1_progress.csv
369,0,128997.71439031808,128997.71439031808,0.0,-562507.232522004,-10.702192399581508,2688.417055455418,0.0511494873564577,-60591.26311224165,-1.1528018095936388,-80652.51166366253,-1.5344846206937317,-396382.9392670431,-7.541532330042677,28.27625570776256,1.1528018095936388,3.0508422971597007,39638293.92670432,754.1532330042678,822.4150085508677,60591.26311224165,52560,31536000,2022,2,0,0,10,42,Eplus-env-06-27_thermostat_rbc_eco_year_2022_case_2_rep_0_zone_0_onoffseed_10_tempseed_42_paper2_final_runs_v2-res1_progress.csv
370,0,109226.90464204444,109226.90464204444,0.0,-485581.0207467077,-9.238603895485308,3847.374219443876,0.0731996617093583,-18782.961072766437,-0.3573622730739428,-115421.22658331628,-2.195989851280751,-377439.5289862847,-7.181117370363102,12.203196347031964,0.3573622730739428,1.4892323619233194,37743952.89862848,718.1117370363105,787.662984572863,18782.961072766437,52560,31536000,2023,2,0,0,10,15,Eplus-env-06-27_thermostat_rbc_eco_year_2023_case_2_rep_0_zone_0_onoffseed_10_tempseed_15_paper2_final_runs_v2-res1_progress.csv
371,0,28495.78339656701,14039.536471262216,14456.246925304797,-126761.76081572442,-2.411753440177405,570.0833592618143,0.0108463348413587,-61396.31642180658,-1.1681186533829258,-17102.500777854428,-0.3253900452407615,-42053.04399718636,-0.8000959664609277,35.67732115677321,1.1681186533829258,2.847697403377816,4205304.399718637,80.00959664609279,119.26592682741784,61396.31642180658,52560,31536000,2023,4,0,4,15,42,Eplus-env-06-27_thermostat_rbc_eco_year_2023_case_4_rep_0_zone_4_onoffseed_15_tempseed_42_paper2_final_runs_v2-res1_progress.csv
372,0,164512.12636691998,0.0,164512.12636691998,-437798.8740748268,-8.329506736583463,815.310919877461,0.0155120038028436,-2127.556919643984,-0.0404786324133178,-24459.327596323827,-0.4653601140853087,-301083.94657440553,-5.728385589315174,12.201293759512938,0.0404786324133178,0.2422128096481471,30108394.65744056,572.8385589315175,636.7148594627764,2127.556919643984,52560,31536000,2022,10,0,9,5,42,Eplus-env-06-27_thermostat_rbc_eco_year_2022_case_10_rep_0_zone_9_onoffseed_5_tempseed_42_paper2_final_runs_v2-res1_progress.csv
373,0,121914.854652609,0.0,121914.854652609,-398575.7931684146,-7.5832532946806435,775.7310963240304,0.0147589630198635,-1565.343958817569,-0.0297820387902886,-23271.93288972091,-0.4427688905959077,-297271.9066182976,-5.655858192889984,13.276255707762555,0.0297820387902886,0.1804454061982691,29727190.66182976,565.5858192889986,628.8580511446348,1565.343958817569,52560,31536000,2023,10,0,9,5,15,Eplus-env-06-27_thermostat_rbc_eco_year_2023_case_10_rep_0_zone_9_onoffseed_5_tempseed_15_paper2_final_runs_v2-res1_progress.csv
374,0,51731.64938977509,27752.999093762806,23978.650296012293,-134611.83114636436,-2.561107898522914,711.4524774634025,0.013536006040019,-50291.88531469613,-0.9568471330802156,-21343.57432390208,-0.4060801812005722,-41998.28346589322,-0.7990540994271922,24.02777777777778,0.9568471330802156,2.694493446753992,4199828.346589322,79.90540994271922,119.13325545615108,50291.88531469613,52560,31536000,2022,4,0,4,15,15,Eplus-env-06-27_thermostat_rbc_eco_year_2022_case_4_rep_0_zone_4_onoffseed_15_tempseed_15_paper2_final_runs_v2-res1_progress.csv
375,0,72972.4640024315,48993.81370641921,23978.650296012293,-96803.81444701164,-1.8417772916098107,1113.641572331286,0.0211880055618585,-321.459350999556,-0.0061160454908591,-33409.24716993858,-0.6356401668557569,-36783.58229562289,-0.6998398458071325,0.7857686453576864,0.0061160454908591,0.1123701957047804,3678358.229562289,69.98398458071327,104.6011966211087,321.459350999556,52560,31536000,2022,3,0,0,5,30,Eplus-env-06-27_thermostat_rbc_eco_year_2022_case_3_rep_0_zone_0_onoffseed_5_tempseed_30_paper2_final_runs_v2-res1_progress.csv
376,0,27462.78362487608,13006.536699571274,14456.246925304798,-138051.98576824565,-2.626559850994019,536.9408926290927,0.0102157704077072,-73557.15855529088,-1.399489318023038,-16108.22677887278,-0.3064731122312172,-42027.52392944367,-0.7996104248372083,33.525494672754945,1.399489318023038,3.258316557993148,4202752.392944367,79.96104248372083,119.22096541241709,73557.15855529088,52560,31536000,2023,4,0,9,15,30,Eplus-env-06-27_thermostat_rbc_eco_year_2023_case_4_rep_0_zone_9_onoffseed_15_tempseed_30_paper2_final_runs_v2-res1_progress.csv
377,0,50017.52845457136,35561.281529266555,14456.246925304798,-78776.47332659553,-1.4987913494405545,1325.797284900231,0.0252244536700957,-2903.518517153865,-0.0552419809199746,-39773.91854700692,-0.7567336101028714,-34953.61478075685,-0.6650231122670633,3.6015981735159817,0.0552419809199746,0.4291539980955376,3495361.478075685,66.50231122670634,99.65908392350909,2903.518517153865,52560,31536000,2023,3,0,0,10,15,Eplus-env-06-27_thermostat_rbc_eco_year_2023_case_3_rep_0_zone_0_onoffseed_10_tempseed_15_paper2_final_runs_v2-res1_progress.csv
378,0,60856.47994035504,36877.829644342746,23978.650296012293,-114483.2153026806,-2.178143365728322,851.4735181432177,0.0162000288840033,-27805.50878304065,-0.529024139707775,-25544.20554429653,-0.4860008665201014,-36891.0202804355,-0.7018839474968702,38.78805175038052,0.529024139707775,1.399683820191203,3689102.0280435495,70.18839474968702,105.35842716219508,27805.50878304065,52560,31536000,2022,3,0,0,10,42,Eplus-env-06-27_thermostat_rbc_eco_year_2022_case_3_rep_0_zone_0_onoffseed_10_tempseed_42_paper2_final_runs_v2-res1_progress.csv
379,0,95031.21980039832,95031.21980039832,0.0,-481775.5086805282,-9.166200697879152,3265.9136096035777,0.0621368647184851,-70810.154013717,-1.3472251524679792,-97977.40828810736,-1.864105941554554,-333220.3137481054,-6.339808100230315,30.02853881278539,1.3472251524679792,3.468377416209252,33322031.37481054,633.9808100230316,708.3593665242428,70810.154013717,52560,31536000,2023,1,0,0,10,42,Eplus-env-06-27_thermostat_rbc_eco_year_2023_case_1_rep_0_zone_0_onoffseed_10_tempseed_42_paper2_final_runs_v2-res1_progress.csv
380,0,54846.54797790455,30867.897681892257,23978.650296012293,-110140.16821684156,-2.0955130939277318,746.3619305676797,0.0142001889377412,-23056.533021883308,-0.4386707195944312,-22390.85791703039,-0.4260056681322372,-42213.67429423454,-0.8031520984443405,19.24467275494673,0.4386707195944312,1.536958519331367,4221367.429423454,80.31520984443407,119.45036311709006,23056.533021883308,52560,31536000,2022,4,0,4,5,30,Eplus-env-06-27_thermostat_rbc_eco_year_2022_case_4_rep_0_zone_4_onoffseed_5_tempseed_30_paper2_final_runs_v2-res1_progress.csv
381,0,216168.8191639732,216168.8191639732,0.0,-527014.0977829921,-10.026904447926029,4580.835163780175,0.0871543980932301,-30090.81423477629,-0.5725040760041152,-137425.05491340524,-2.614631942796904,-320075.5725901694,-6.089717895551168,14.568112633181126,0.5725040760041152,2.062936229168904,32007557.25901694,608.9717895551167,682.0289140335697,30090.81423477629,52560,31536000,2022,1,0,0,10,15,Eplus-env-06-27_thermostat_rbc_eco_year_2022_case_1_rep_0_zone_0_onoffseed_10_tempseed_15_paper2_final_runs_v2-res1_progress.csv
382,0,202153.9957986339,202153.9957986339,0.0,-482238.07883560605,-9.175001499916402,4258.936270408561,0.0810299899240593,-10.554408952489894,-0.000200806867437,-127768.08811225682,-2.4308996977217814,-316845.3404637912,-6.0282599022791326,0.0323439878234398,0.000200806867437,0.0155811832167726,31684534.04637912,602.8259902279133,699.4133303411234,10.554408952489894,52560,31536000,2022,1,0,0,5,30,Eplus-env-06-27_thermostat_rbc_eco_year_2022_case_1_rep_0_zone_0_onoffseed_5_tempseed_30_paper2_final_runs_v2-res1_progress.csv
383,0,177807.96200830492,0.0,177807.96200830492,-444280.9649663612,-8.45283418885771,1132.5225844710417,0.0215472333422953,-1675.7427687559448,-0.0318824727693292,-33975.677534131246,-0.6464170002688593,-297140.528478611,-5.65335860880158,13.131659056316591,0.0318824727693292,0.2059401250908944,29714052.847861096,565.3358608801578,628.7911010866034,1675.7427687559448,52560,31536000,2023,5,0,9,5,30,Eplus-env-06-27_thermostat_rbc_eco_year_2023_case_5_rep_0_zone_9_onoffseed_5_tempseed_30_paper2_final_runs_v2-res1_progress.csv
384,0,161195.52126960893,0.0,161195.52126960893,-444832.0023825688,-8.463318157963638,1018.5596307496965,0.0193789884084797,-26811.157632407525,-0.5101057388205389,-30556.78892249089,-0.581369652254393,-286146.78879949416,-5.444193089792507,18.837519025875192,0.5101057388205389,1.6887297204941072,28614678.87994942,544.4193089792508,605.8599363730413,26811.157632407525,52560,31536000,2023,10,0,4,10,15,Eplus-env-06-27_thermostat_rbc_eco_year_2023_case_10_rep_0_zone_4_onoffseed_10_tempseed_15_paper2_final_runs_v2-res1_progress.csv
385,0,177807.96200830492,0.0,177807.96200830492,-444280.9649663612,-8.45283418885771,1132.5225844710417,0.0215472333422953,-1675.7427687559448,-0.0318824727693292,-33975.677534131246,-0.6464170002688593,-297140.528478611,-5.65335860880158,13.131659056316591,0.0318824727693292,0.2059401250908944,29714052.847861096,565.3358608801578,628.7911010866034,1675.7427687559448,52560,31536000,2023,5,0,9,15,30,Eplus-env-06-27_thermostat_rbc_eco_year_2023_case_5_rep_0_zone_9_onoffseed_15_tempseed_30_paper2_final_runs_v2-res1_progress.csv
386,0,32510.30566430987,18054.05873900507,14456.246925304797,-102260.79473084836,-1.9456011174057903,705.3262986897975,0.0134194501272792,-40385.25276957651,-0.7683647787210143,-21159.78896069392,-0.4025835038183775,-35278.86089729996,-0.6712112042865289,26.162480974124808,0.7683647787210143,2.1663479660135327,3527886.089729996,67.12112042865289,101.22678556213036,40385.25276957651,52560,31536000,2023,3,0,9,5,15,Eplus-env-06-27_thermostat_rbc_eco_year_2023_case_3_rep_0_zone_9_onoffseed_5_tempseed_15_paper2_final_runs_v2-res1_progress.csv
387,0,16192.66145924592,0.0,16192.66145924592,-127494.33565452127,-2.4256913176278783,79.83626945682256,0.0015189548983413,-71829.01406437678,-1.3666098566281732,-2395.088083704677,-0.0455686469502411,-42418.1052503354,-0.8070415763001408,31.974885844748854,1.3666098566281732,3.1313373171230023,4241810.525033539,80.70415763001407,120.29785773605474,71829.01406437678,52560,31536000,2022,14,0,9,10,15,Eplus-env-06-27_thermostat_rbc_eco_year_2022_case_14_rep_0_zone_9_onoffseed_10_tempseed_15_paper2_final_runs_v2-res1_progress.csv
388,0,19060.85202449665,0.0,19060.85202449665,-71039.94484091789,-1.35159712406617,123.53485230889808,0.0023503586816761,-14378.43044654396,-0.2735622231077618,-3706.0455692669434,-0.0705107604502842,-41067.83135313324,-0.7813514336593081,10.327245053272453,0.2735622231077618,1.2435099090047808,4106783.135313324,78.13514336593082,116.44580336073297,14378.43044654396,52560,31536000,2023,14,0,0,15,15,Eplus-env-06-27_thermostat_rbc_eco_year_2023_case_14_rep_0_zone_0_onoffseed_15_tempseed_15_paper2_final_runs_v2-res1_progress.csv
389,0,160872.6381403318,160872.6381403318,0.0,-526772.3419268472,-10.022304831180502,3385.96413125798,0.0644209309600072,-2864.4596101827783,-0.0544988510308747,-101578.9239377394,-1.9326279288002168,-392297.97705405904,-7.463812348821519,8.624429223744293,0.0544988510308747,0.2995252042006876,39229797.70540591,746.381234882152,808.3716364441343,2864.4596101827783,52560,31536000,2022,2,0,4,5,15,Eplus-env-06-27_thermostat_rbc_eco_year_2022_case_2_rep_0_zone_4_onoffseed_5_tempseed_15_paper2_final_runs_v2-res1_progress.csv
390,0,299234.0132981062,0.0,299234.0132981062,-570525.189986183,-10.85474105757578,1533.412793001119,0.0291745204147853,-32199.274681117546,-0.6126193812998011,-46002.38379003357,-0.8752356124435611,-293522.56902588473,-5.5845237638105925,20.053272450532724,0.6126193812998011,1.97237330485422,29352256.90258847,558.4523763810593,623.6551786372911,32199.274681117546,52560,31536000,2022,5,0,4,15,15,Eplus-env-06-27_thermostat_rbc_eco_year_2022_case_5_rep_0_zone_4_onoffseed_15_tempseed_15_paper2_final_runs_v2-res1_progress.csv
391,0,9078.400535650217,0.0,9078.400535650217,-120679.01136289866,-2.2960238082743274,59.1682811242529,0.0011257283318921,-71316.19951009497,-1.3568531109226594,-1775.048433727587,-0.0337718499567653,-41935.77237458825,-0.7978647712060168,33.90981735159818,1.3568531109226594,3.139687987881909,4193577.2374588246,79.78647712060169,118.98764338980646,71316.19951009497,52560,31536000,2023,14,0,9,5,30,Eplus-env-06-27_thermostat_rbc_eco_year_2023_case_14_rep_0_zone_9_onoffseed_5_tempseed_30_paper2_final_runs_v2-res1_progress.csv
392,0,176498.44865363042,0.0,176498.44865363042,-508488.8519076312,-9.674445432032556,1155.8420468499507,0.0219909065230203,-62324.170676977184,-1.185771892636552,-34675.26140549852,-0.659727195690611,-301771.30038711894,-5.741463097167408,32.231735159817354,1.185771892636552,2.851506194654698,30177130.03871189,574.1463097167408,639.5723745281971,62324.170676977184,52560,31536000,2023,5,0,4,15,42,Eplus-env-06-27_thermostat_rbc_eco_year_2023_case_5_rep_0_zone_4_onoffseed_15_tempseed_42_paper2_final_runs_v2-res1_progress.csv
393,0,27726.776379677685,0.0,27726.776379677685,-82526.01161063304,-1.5701295968537488,134.47121571539168,0.0025584325668834,-18290.04806625181,-0.3479841717323403,-4034.13647146175,-0.076752977006502,-41552.68778816691,-0.7905762516774527,16.095890410958905,0.3479841717323403,1.37204670188575,4155268.778816692,79.05762516774529,117.65218007408276,18290.04806625181,52560,31536000,2022,14,0,4,5,15,Eplus-env-06-27_thermostat_rbc_eco_year_2022_case_14_rep_0_zone_4_onoffseed_5_tempseed_15_paper2_final_runs_v2-res1_progress.csv
394,0,82474.64781527486,82474.64781527486,0.0,-418054.22343890194,-7.953847477909093,2827.183471637016,0.0537896398713283,-4068.971117904676,-0.0774157366420219,-84815.50414911048,-1.6136891961398492,-346512.74294332095,-6.592708199073838,16.040715372907155,0.0774157366420219,0.3650598152729165,34651274.2943321,659.270819907384,718.7880688708885,4068.971117904676,52560,31536000,2023,1,0,9,10,42,Eplus-env-06-27_thermostat_rbc_eco_year_2023_case_1_rep_0_zone_9_onoffseed_10_tempseed_42_paper2_final_runs_v2-res1_progress.csv
395,0,13999.272247894718,0.0,13999.272247894718,-84611.52268056429,-1.6098082701781635,91.38820593193223,0.0017387405999226,-31327.463080975973,-0.5960324026060878,-2741.646177957968,-0.0521622179976782,-41831.25497358562,-0.7958762361793307,31.839802130898025,0.5960324026060878,1.6286336182518115,4183125.4973585615,79.58762361793308,118.56216705297618,31327.463080975973,52560,31536000,2023,14,0,4,5,42,Eplus-env-06-27_thermostat_rbc_eco_year_2023_case_14_rep_0_zone_4_onoffseed_5_tempseed_42_paper2_final_runs_v2-res1_progress.csv
396,0,135744.47830778977,135744.47830778977,0.0,-465417.0291834045,-8.85496630866447,2818.510373335687,0.0536246265855343,-4556.490839016215,-0.0866912260086798,-84555.3112000706,-1.6087387975660312,-349807.98064078554,-6.655402980228035,14.866818873668189,0.0866912260086798,0.4130503253035807,34980798.064078555,665.5402980228035,725.6028304626499,4556.490839016215,52560,31536000,2022,1,0,9,10,15,Eplus-env-06-27_thermostat_rbc_eco_year_2022_case_1_rep_0_zone_9_onoffseed_10_tempseed_15_paper2_final_runs_v2-res1_progress.csv
397,0,32510.30566430987,18054.05873900507,14456.246925304797,-102260.79473084836,-1.9456011174057903,705.3262986897975,0.0134194501272792,-40385.25276957651,-0.7683647787210143,-21159.78896069392,-0.4025835038183775,-35278.86089729996,-0.6712112042865289,26.162480974124808,0.7683647787210143,2.1663479660135327,3527886.089729996,67.12112042865289,101.22678556213036,40385.25276957651,52560,31536000,2023,3,0,9,10,15,Eplus-env-06-27_thermostat_rbc_eco_year_2023_case_3_rep_0_zone_9_onoffseed_10_tempseed_15_paper2_final_runs_v2-res1_progress.csv
398,0,54250.37938108381,30271.72908507152,23978.650296012293,-120100.68031176538,-2.2850205538768145,726.1856664248787,0.0138163178543546,-39908.744393534405,-0.7592987898313243,-21785.56999274636,-0.4144895356306384,-35809.70054656629,-0.6813108931995108,25.09512937595129,0.7592987898313243,2.1364461455195296,3580970.054656629,68.13108931995109,102.67684755741055,39908.744393534405,52560,31536000,2022,3,0,9,10,42,Eplus-env-06-27_thermostat_rbc_eco_year_2022_case_3_rep_0_zone_9_onoffseed_10_tempseed_42_paper2_final_runs_v2-res1_progress.csv
399,0,156664.74396658846,156664.74396658846,0.0,-494122.24031454936,-9.401108072955658,3262.0728684693527,0.0620637912570272,-69669.83642272378,-1.3255296123044855,-97862.1860540806,-1.861913737710818,-296284.9768527596,-5.637080990349308,27.61605783866058,1.3255296123044855,3.441168486226048,29628497.68527596,563.7080990349308,636.3530610012045,69669.83642272378,52560,31536000,2022,0,0,1,10,42,Eplus-env-06-27_thermostat_rbc_eco_year_2022_case_0_rep_0_zone_1_onoffseed_10_tempseed_42_paper2_final_runs_v2-res1_progress.csv
400,0,127988.81249679094,127988.81249679094,0.0,-411548.4050672845,-7.830068589560208,4497.246853188011,0.085564057328539,-33450.57901620842,-0.6364265414042698,-134917.4055956403,-2.56692171985617,-273390.1785474514,-5.2014874152863655,15.783866057838662,0.6364265414042698,2.136552766054189,27339017.854745142,520.1487415286366,593.1529304052063,33450.57901620842,52560,31536000,2023,0,0,1,10,15,Eplus-env-06-27_thermostat_rbc_eco_year_2023_case_0_rep_0_zone_1_onoffseed_10_tempseed_15_paper2_final_runs_v2-res1_progress.csv
401,0,92514.75524485928,92514.75524485928,0.0,-462081.53856290015,-8.791505680420475,3191.664811641368,0.0607242163554293,-41998.14092689436,-0.7990513874979901,-95749.94434924106,-1.8217264906628816,-344397.07637018646,-6.552455790909179,24.366438356164384,0.7990513874979901,2.2310819117739737,34439707.63701864,655.2455790909179,713.5545131131362,41998.14092689436,52560,31536000,2023,1,0,4,10,30,Eplus-env-06-27_thermostat_rbc_eco_year_2023_case_1_rep_0_zone_4_onoffseed_10_tempseed_30_paper2_final_runs_v2-res1_progress.csv
402,0,202706.09551317335,0.0,202706.09551317335,-491622.7683938028,-9.353553432149978,1028.1844105074777,0.019562108266885,-32163.78111204674,-0.6119440850846032,-30845.53231522433,-0.5868632480065512,-293625.1305424289,-5.586475086423685,20.180745814307457,0.6119440850846032,1.9687544749189403,29362513.054242883,558.6475086423684,623.7399106743503,32163.78111204674,52560,31536000,2022,10,0,4,15,15,Eplus-env-06-27_thermostat_rbc_eco_year_2022_case_10_rep_0_zone_4_onoffseed_15_tempseed_15_paper2_final_runs_v2-res1_progress.csv
403,0,59807.23079361571,35828.58049760341,23978.650296012293,-108823.61449397872,-2.0704645071152723,847.7377822137723,0.0161289532384659,-24145.23067589848,-0.4593841452796514,-25432.13346641317,-0.4838685971539797,-35750.08830582324,-0.6801767181473218,20.28919330289193,0.4593841452796514,1.601146055463591,3575008.830582323,68.01767181473217,102.28054237585104,24145.23067589848,52560,31536000,2022,3,0,4,10,30,Eplus-env-06-27_thermostat_rbc_eco_year_2022_case_3_rep_0_zone_4_onoffseed_10_tempseed_30_paper2_final_runs_v2-res1_progress.csv
404,0,31798.321458289796,0.0,31798.321458289796,-79003.67926278911,-1.5031141412250593,158.61659467653175,0.0030178195334195,-11516.13534021761,-0.2191045536571082,-4758.497840295952,-0.0905345860025866,-41473.33713754463,-0.7890665361024473,7.954718417047184,0.2191045536571082,1.2875205820173825,4147333.713754463,78.90665361024473,117.51752583850278,11516.13534021761,52560,31536000,2022,14,0,0,10,15,Eplus-env-06-27_thermostat_rbc_eco_year_2022_case_14_rep_0_zone_0_onoffseed_10_tempseed_15_paper2_final_runs_v2-res1_progress.csv
405,0,183260.7575967358,0.0,183260.7575967358,-508837.57737982686,-9.681080239342217,1216.6691318468215,0.023148195050358,-71873.2951028123,-1.3674523421387426,-36500.073955404645,-0.6944458515107429,-287038.6564871249,-5.461161653103594,25.376712328767127,1.3674523421387426,3.541530538717966,28703865.648712493,546.1161653103595,625.558279017503,71873.2951028123,52560,31536000,2023,5,0,0,15,30,Eplus-env-06-27_thermostat_rbc_eco_year_2023_case_5_rep_0_zone_0_onoffseed_15_tempseed_30_paper2_final_runs_v2-res1_progress.csv
406,0,9078.400535650217,0.0,9078.400535650217,-120679.01136289866,-2.2960238082743274,59.1682811242529,0.0011257283318921,-71316.19951009497,-1.3568531109226594,-1775.048433727587,-0.0337718499567653,-41935.77237458825,-0.7978647712060168,33.90981735159818,1.3568531109226594,3.139687987881909,4193577.2374588246,79.78647712060169,118.98764338980646,71316.19951009497,52560,31536000,2023,14,0,9,15,15,Eplus-env-06-27_thermostat_rbc_eco_year_2023_case_14_rep_0_zone_9_onoffseed_15_tempseed_15_paper2_final_runs_v2-res1_progress.csv
407,0,200704.7823975476,0.0,200704.7823975476,-460126.9920718325,-8.754318722827863,1288.1331543205426,0.0245078606225369,-812.3287446355868,-0.0154552653088962,-38643.99462961628,-0.7352358186761089,-295118.0808477632,-5.6148797725982345,14.130517503805176,0.0154552653088962,0.1072013087414018,29511808.08477632,561.4879772598234,630.8111577649511,812.3287446355868,52560,31536000,2023,5,0,4,5,42,Eplus-env-06-27_thermostat_rbc_eco_year_2023_case_5_rep_0_zone_4_onoffseed_5_tempseed_42_paper2_final_runs_v2-res1_progress.csv
408,0,45635.62995694765,21656.97966093536,23978.650296012293,-154366.11282296944,-2.936950396175218,552.7303953637003,0.0105161795160521,-74514.69359617328,-1.417707260201166,-16581.91186091101,-0.3154853854815641,-42516.91035901732,-0.808921429966083,31.489726027397257,1.417707260201166,3.259381047119996,4251691.035901732,80.89214299660829,120.54854251267184,74514.69359617328,52560,31536000,2022,4,0,9,5,42,Eplus-env-06-27_thermostat_rbc_eco_year_2022_case_4_rep_0_zone_9_onoffseed_5_tempseed_42_paper2_final_runs_v2-res1_progress.csv
409,0,114952.71415567538,114952.71415567538,0.0,-366268.4844292334,-6.968578470875826,3955.8122026759775,0.0752627892442157,-236.0940837604333,-0.0044918965707845,-118674.36608027936,-2.2578836773264714,-271989.5748947149,-5.174839704998381,12.11187214611872,0.0044918965707845,0.0224017638866187,27198957.4894715,517.4839704998383,617.2655314238737,236.0940837604333,52560,31536000,2023,0,0,0,5,42,Eplus-env-06-27_thermostat_rbc_eco_year_2023_case_0_rep_0_zone_0_onoffseed_5_tempseed_42_paper2_final_runs_v2-res1_progress.csv
410,0,125224.94589464631,125224.94589464631,0.0,-546104.5187718079,-10.390116414988734,2615.458184573324,0.0497613809850328,-37331.560113188025,-0.7102656033711573,-78463.74553719973,-1.4928414295509842,-406326.4304222097,-7.730715951716319,25.60882800608828,0.7102656033711573,1.991604870609196,40632643.04222098,773.071595171632,828.3606449128223,37331.560113188025,52560,31536000,2022,2,0,4,10,30,Eplus-env-06-27_thermostat_rbc_eco_year_2022_case_2_rep_0_zone_4_onoffseed_10_tempseed_30_paper2_final_runs_v2-res1_progress.csv
411,0,96807.95107054593,96807.95107054593,0.0,-417178.6359374486,-7.937188659388291,3337.2220193457006,0.0634935696222545,-42363.35983463074,-0.8059999968537052,-100116.660580371,-1.9048070886676367,-295616.69133200427,-5.62436627343996,22.821537290715373,0.8059999968537052,2.27387283077346,29561669.133200426,562.4366273439958,624.9334577436582,42363.35983463074,52560,31536000,2023,0,0,4,10,30,Eplus-env-06-27_thermostat_rbc_eco_year_2023_case_0_rep_0_zone_4_onoffseed_10_tempseed_30_paper2_final_runs_v2-res1_progress.csv
412,0,111374.7554307853,111374.7554307853,0.0,-511412.4077713644,-9.730068641007694,2313.6441267616183,0.0440191043904417,-11379.365241720314,-0.2165023828333393,-69409.32380284856,-1.3205731317132527,-408917.3551117186,-7.780010561486275,20.842846270928465,0.2165023828333393,0.7844079175542551,40891735.511171855,778.0010561486274,834.308368657065,11379.365241720314,52560,31536000,2022,2,0,9,10,42,Eplus-env-06-27_thermostat_rbc_eco_year_2022_case_2_rep_0_zone_9_onoffseed_10_tempseed_42_paper2_final_runs_v2-res1_progress.csv
413,0,67368.20412490923,67368.20412490923,0.0,-471982.29222877615,-8.979876183956929,2312.78983823294,0.0440028508035186,-10768.465985733665,-0.2048794898351153,-69383.6951469882,-1.3200855241055591,-406099.89844845433,-7.726405982657046,22.054794520547947,0.2048794898351153,0.7443444637835733,40609989.84484543,772.6405982657045,828.8084760906074,10768.465985733665,52560,31536000,2023,2,0,9,10,15,Eplus-env-06-27_thermostat_rbc_eco_year_2023_case_2_rep_0_zone_9_onoffseed_10_tempseed_15_paper2_final_runs_v2-res1_progress.csv
414,0,89368.36859758945,89368.36859758945,0.0,-457030.0171639228,-8.69539606476261,3074.845205238238,0.0585016211042282,-312.3068474847393,-0.0059419111013078,-92245.35615714714,-1.755048633126848,-383605.4479667501,-7.298429375318686,13.875570776255708,0.0059419111013078,0.0385628140737715,38360544.79667502,729.8429375318688,814.353032356476,312.3068474847393,52560,31536000,2023,2,0,0,5,42,Eplus-env-06-27_thermostat_rbc_eco_year_2023_case_2_rep_0_zone_0_onoffseed_5_tempseed_42_paper2_final_runs_v2-res1_progress.csv
415,0,142432.41786699308,142432.41786699308,0.0,-420157.4084609814,-7.993862413641199,2951.908865402867,0.0561626496461732,-2279.399576536085,-0.0433675718519042,-88557.265962086,-1.684879489385198,-301354.04782745824,-5.733524502044487,11.23097412480974,0.0433675718519042,0.2600165670250774,30135404.78274582,573.3524502044486,637.4217647594879,2279.399576536085,52560,31536000,2022,0,0,9,10,15,Eplus-env-06-27_thermostat_rbc_eco_year_2022_case_0_rep_0_zone_9_onoffseed_10_tempseed_15_paper2_final_runs_v2-res1_progress.csv
416,0,86464.38924055232,86464.38924055232,0.0,-370322.0397949705,-7.045700909341143,2961.180426702392,0.0563390492142768,-1952.170947932172,-0.0371417608054066,-88835.41280107175,-1.6901714764283058,-297633.35200934246,-5.662735007788099,12.3382800608828,0.0371417608054066,0.2189081993906933,29763335.20093425,566.2735007788099,629.8419070257769,1952.170947932172,52560,31536000,2023,0,0,9,10,42,Eplus-env-06-27_thermostat_rbc_eco_year_2023_case_0_rep_0_zone_9_onoffseed_10_tempseed_42_paper2_final_runs_v2-res1_progress.csv
417,0,210526.6899568317,0.0,210526.6899568317,-466380.1848274828,-8.873291187737497,1048.2395639526533,0.0199436751132544,-654.1433376654002,-0.0124456494989611,-31447.1869185796,-0.5983102533976331,-293494.1564361333,-5.58398318942415,4.807838660578387,0.0124456494989611,0.1115288885594003,29349415.64361334,558.3983189424151,628.7501536193446,654.1433376654002,52560,31536000,2022,10,0,4,5,30,Eplus-env-06-27_thermostat_rbc_eco_year_2022_case_10_rep_0_zone_4_onoffseed_5_tempseed_30_paper2_final_runs_v2-res1_progress.csv
418,0,33533.57844231051,19077.331517005718,14456.246925304797,-92595.34381230953,-1.761707454572099,743.4965734495934,0.014145673010837,-23229.87462483978,-0.4419686952975605,-22304.8972034878,-0.4243701903251103,-41931.64866381552,-0.7977863139995343,16.912100456621005,0.4419686952975605,1.6806782368497335,4193164.866381551,79.77863139995341,118.76295539744896,23229.87462483978,52560,31536000,2023,4,0,0,15,30,Eplus-env-06-27_thermostat_rbc_eco_year_2023_case_4_rep_0_zone_0_onoffseed_15_tempseed_30_paper2_final_runs_v2-res1_progress.csv
419,0,65719.21015007466,41740.559854062376,23978.650296012293,-107924.58944154868,-2.053359768674823,1000.4822661773388,0.0190350507263572,-19087.43481187003,-0.3631551524328392,-30014.467985320163,-0.5710515217907185,-35072.268805902575,-0.6672806089403077,15.353881278538816,0.3631551524328392,1.4896398050840445,3507226.8805902577,66.72806089403078,100.33882426423185,19087.43481187003,52560,31536000,2022,3,0,4,10,15,Eplus-env-06-27_thermostat_rbc_eco_year_2022_case_3_rep_0_zone_4_onoffseed_10_tempseed_15_paper2_final_runs_v2-res1_progress.csv
420,0,33931.25751252585,19475.01058722105,14456.246925304797,-97928.0623181532,-1.863167091289064,749.7073441364237,0.0142638383587599,-34686.57541306494,-0.6599424545864714,-22491.22032409271,-0.4279151507627988,-35482.32513409087,-0.675082289461394,35.12937595129376,0.6599424545864714,1.7280949586396228,3548232.5134090874,67.50822894613941,101.6647700975292,34686.57541306494,52560,31536000,2023,3,0,4,10,42,Eplus-env-06-27_thermostat_rbc_eco_year_2023_case_3_rep_0_zone_4_onoffseed_10_tempseed_42_paper2_final_runs_v2-res1_progress.csv
421,0,142435.97342387715,142435.97342387715,0.0,-519434.0075775782,-9.882686597746922,2960.7383066436323,0.0563306374932197,-50924.45708867333,-0.9688823647007864,-88822.14919930897,-1.689919124796594,-351982.68063083093,-6.696778550814896,28.261035007610356,0.9688823647007864,2.537505710877272,35198268.0630831,669.6778550814897,729.152065459292,50924.45708867333,52560,31536000,2022,1,0,4,10,42,Eplus-env-06-27_thermostat_rbc_eco_year_2022_case_1_rep_0_zone_4_onoffseed_10_tempseed_42_paper2_final_runs_v2-res1_progress.csv
422,0,180877.43063138204,0.0,180877.43063138204,-500326.331186557,-9.5191463315555,909.9536274133088,0.0173126641440888,-50687.207553173175,-0.9643684846494136,-27298.60882239927,-0.519379924322665,-301663.29763385025,-5.739408250263513,25.719178082191775,0.9643684846494136,2.528210391597676,30166329.76338502,573.9408250263513,639.3480392468401,50687.207553173175,52560,31536000,2022,10,0,4,15,30,Eplus-env-06-27_thermostat_rbc_eco_year_2022_case_10_rep_0_zone_4_onoffseed_15_tempseed_30_paper2_final_runs_v2-res1_progress.csv
423,0,36091.67758785908,21635.43066255428,14456.246925304797,-83074.41719967776,-1.580563493144554,819.9767807641293,0.0156007758897284,-18131.79974285852,-0.344973358882392,-24599.30342292388,-0.4680232766918546,-35416.01602219173,-0.6738207005744241,31.035007610350075,0.344973358882392,1.054564247471961,3541601.602219174,67.38207005744243,101.40160883983894,18131.79974285852,52560,31536000,2023,3,0,4,5,42,Eplus-env-06-27_thermostat_rbc_eco_year_2023_case_3_rep_0_zone_4_onoffseed_5_tempseed_42_paper2_final_runs_v2-res1_progress.csv
424,0,105778.03384489054,105778.03384489054,0.0,-428846.7943316939,-8.159185584697372,3663.379350674359,0.0696989983005015,-55980.02475751647,-1.0650689641841034,-109901.38052023074,-2.0909699490150446,-286329.76008567255,-5.447674278646738,21.12062404870624,1.0650689641841034,2.9749218054490862,28632976.00856725,544.7674278646738,617.3827569849617,55980.02475751647,52560,31536000,2023,0,0,1,10,30,Eplus-env-06-27_thermostat_rbc_eco_year_2023_case_0_rep_0_zone_1_onoffseed_10_tempseed_30_paper2_final_runs_v2-res1_progress.csv
425,0,105020.87045303737,105020.87045303737,0.0,-449130.22782810073,-8.545095658829922,3665.570076621109,0.0697406787789404,-27669.42154693073,-0.5264349609385603,-109967.10229863328,-2.092220363368213,-335543.2321635401,-6.38400365607953,19.887747336377476,0.5264349609385603,1.714207234289824,33554323.21635401,638.4003656079531,695.7201097213955,27669.42154693073,52560,31536000,2023,1,0,4,10,15,Eplus-env-06-27_thermostat_rbc_eco_year_2023_case_1_rep_0_zone_4_onoffseed_10_tempseed_15_paper2_final_runs_v2-res1_progress.csv
426,0,32510.30566430987,18054.05873900507,14456.246925304797,-102260.79473084836,-1.9456011174057903,705.3262986897975,0.0134194501272792,-40385.25276957651,-0.7683647787210143,-21159.78896069392,-0.4025835038183775,-35278.86089729996,-0.6712112042865289,26.162480974124808,0.7683647787210143,2.1663479660135327,3527886.089729996,67.12112042865289,101.22678556213036,40385.25276957651,52560,31536000,2023,3,0,9,10,30,Eplus-env-06-27_thermostat_rbc_eco_year_2023_case_3_rep_0_zone_9_onoffseed_10_tempseed_30_paper2_final_runs_v2-res1_progress.csv
427,0,111374.7554307853,111374.7554307853,0.0,-511412.4077713644,-9.730068641007694,2313.6441267616183,0.0440191043904417,-11379.365241720314,-0.2165023828333393,-69409.32380284856,-1.3205731317132527,-408917.3551117186,-7.780010561486275,20.842846270928465,0.2165023828333393,0.7844079175542551,40891735.511171855,778.0010561486274,834.308368657065,11379.365241720314,52560,31536000,2022,2,0,9,5,42,Eplus-env-06-27_thermostat_rbc_eco_year_2022_case_2_rep_0_zone_9_onoffseed_5_tempseed_42_paper2_final_runs_v2-res1_progress.csv
428,0,24862.11527001417,0.0,24862.11527001417,-84963.07603202143,-1.6164968803657045,120.80573950838762,0.0022984349221534,-22515.98919893381,-0.4283864002841289,-3624.172185251629,-0.0689530476646048,-42107.39033068904,-0.8011299530191979,19.76217656012177,0.4283864002841289,1.4824610567399454,4210739.033068905,80.1129953019198,119.22202605894994,22515.98919893381,52560,31536000,2022,14,0,4,5,30,Eplus-env-06-27_thermostat_rbc_eco_year_2022_case_14_rep_0_zone_4_onoffseed_5_tempseed_30_paper2_final_runs_v2-res1_progress.csv
429,0,164512.12636691998,0.0,164512.12636691998,-437798.8740748268,-8.329506736583463,815.310919877461,0.0155120038028436,-2127.556919643984,-0.0404786324133178,-24459.327596323827,-0.4653601140853087,-301083.94657440553,-5.728385589315174,12.201293759512938,0.0404786324133178,0.2422128096481471,30108394.65744056,572.8385589315175,636.7148594627764,2127.556919643984,52560,31536000,2022,10,0,9,15,42,Eplus-env-06-27_thermostat_rbc_eco_year_2022_case_10_rep_0_zone_9_onoffseed_15_tempseed_42_paper2_final_runs_v2-res1_progress.csv
430,0,147318.4963894795,0.0,147318.4963894795,-479576.53506720735,-9.124363300365436,939.1728061851928,0.0178685845925645,-72738.23146277569,-1.3839085133709226,-28175.184185555798,-0.5360575377769368,-286317.0417081985,-5.447432300384294,30.913242009132414,1.3839085133709226,3.522249625835853,28631704.17081985,544.7432300384294,622.3706433194694,72738.23146277569,52560,31536000,2023,10,0,0,10,42,Eplus-env-06-27_thermostat_rbc_eco_year_2023_case_10_rep_0_zone_0_onoffseed_10_tempseed_42_paper2_final_runs_v2-res1_progress.csv
431,0,135744.47830778977,135744.47830778977,0.0,-465417.0291834045,-8.85496630866447,2818.510373335687,0.0536246265855343,-4556.490839016215,-0.0866912260086798,-84555.3112000706,-1.6087387975660312,-349807.98064078554,-6.655402980228035,14.866818873668189,0.0866912260086798,0.4130503253035807,34980798.064078555,665.5402980228035,725.6028304626499,4556.490839016215,52560,31536000,2022,1,0,9,10,30,Eplus-env-06-27_thermostat_rbc_eco_year_2022_case_1_rep_0_zone_9_onoffseed_10_tempseed_30_paper2_final_runs_v2-res1_progress.csv
432,0,10230.858816654152,0.0,10230.858816654152,-107353.8360625336,-2.042500686121264,67.77254898199271,0.001289432058257,-57062.11537135497,-1.085656685147545,-2033.1764694597816,-0.0386829617477127,-41921.85509327387,-0.7975999827487419,35.12937595129376,1.085656685147545,2.6689458760700586,4192185.509327387,79.75999827487419,118.94115746548935,57062.11537135497,52560,31536000,2023,14,0,4,15,42,Eplus-env-06-27_thermostat_rbc_eco_year_2023_case_14_rep_0_zone_4_onoffseed_15_tempseed_42_paper2_final_runs_v2-res1_progress.csv
433,0,208396.87662290933,0.0,208396.87662290933,-493722.6578041152,-9.393505665983929,1401.6641404080217,0.0266678869940643,-44994.98775984429,-0.8560690213060177,-42049.92421224064,-0.80003660982193,-278238.1852790689,-5.293724986283655,18.234398782343987,0.8560690213060177,2.868065307277829,27823818.527906887,529.3724986283654,607.9814898805744,44994.98775984429,52560,31536000,2023,5,0,0,15,15,Eplus-env-06-27_thermostat_rbc_eco_year_2023_case_5_rep_0_zone_0_onoffseed_15_tempseed_15_paper2_final_runs_v2-res1_progress.csv
434,0,27463.9263540767,0.0,27463.9263540767,-79526.98057600006,-1.5130704066971092,136.62838323919237,0.0025994745669557,-14982.954411400538,-0.2850638206126434,-4098.851497175772,-0.0779842370086714,-42075.788014329366,-0.8005286912924157,13.283866057838662,0.2850638206126434,1.3895514262878452,4207578.801432937,80.05286912924159,119.22526167801828,14982.954411400538,52560,31536000,2022,14,0,0,10,30,Eplus-env-06-27_thermostat_rbc_eco_year_2022_case_14_rep_0_zone_0_onoffseed_10_tempseed_30_paper2_final_runs_v2-res1_progress.csv
435,0,9078.400535650217,0.0,9078.400535650217,-120679.01136289866,-2.2960238082743274,59.1682811242529,0.0011257283318921,-71316.19951009497,-1.3568531109226594,-1775.048433727587,-0.0337718499567653,-41935.77237458825,-0.7978647712060168,33.90981735159818,1.3568531109226594,3.139687987881909,4193577.2374588246,79.78647712060169,118.98764338980646,71316.19951009497,52560,31536000,2023,14,0,9,15,30,Eplus-env-06-27_thermostat_rbc_eco_year_2023_case_14_rep_0_zone_9_onoffseed_15_tempseed_30_paper2_final_runs_v2-res1_progress.csv
436,0,243532.6008485313,0.0,243532.6008485313,-587200.1426545723,-11.171996625848026,1263.775634141494,0.0240444374836661,-92607.42513446671,-1.7619373122995954,-37913.26902424483,-0.7213331245099853,-295358.6967659221,-5.619457701025915,33.101217656012174,1.7619373122995954,4.11253500915688,29535869.67659221,561.9457701025916,642.2058435568948,92607.42513446671,52560,31536000,2022,5,0,0,15,42,Eplus-env-06-27_thermostat_rbc_eco_year_2022_case_5_rep_0_zone_0_onoffseed_15_tempseed_42_paper2_final_runs_v2-res1_progress.csv
437,0,143265.02612853542,0.0,143265.02612853542,-413087.6700473863,-7.859354452956359,913.5399004117626,0.0173808961265556,-716.9692798550554,-0.0136409680337719,-27406.19701235287,-0.521426883796668,-295165.5828917764,-5.615783540558912,14.265601217656013,0.0136409680337719,0.0854938545582987,29516558.289177645,561.5783540558913,630.9018783347999,716.9692798550554,52560,31536000,2023,10,0,4,5,42,Eplus-env-06-27_thermostat_rbc_eco_year_2023_case_10_rep_0_zone_4_onoffseed_5_tempseed_42_paper2_final_runs_v2-res1_progress.csv
438,0,142432.41786699308,142432.41786699308,0.0,-420157.4084609814,-7.993862413641199,2951.908865402867,0.0561626496461732,-2279.399576536085,-0.0433675718519042,-88557.265962086,-1.684879489385198,-301354.04782745824,-5.733524502044487,11.23097412480974,0.0433675718519042,0.2600165670250774,30135404.78274582,573.3524502044486,637.4217647594879,2279.399576536085,52560,31536000,2022,0,0,9,10,30,Eplus-env-06-27_thermostat_rbc_eco_year_2022_case_0_rep_0_zone_9_onoffseed_10_tempseed_30_paper2_final_runs_v2-res1_progress.csv
439,0,244469.0942158576,0.0,244469.0942158576,-482619.65836115903,-9.18226138434473,1219.4022643714611,0.0232001952886503,-545.3643091768724,-0.0103760332796208,-36582.06793114384,-0.6960058586595098,-282074.12807398895,-5.366707155136776,4.417808219178082,0.0103760332796208,0.1029051169624858,28207412.8073989,536.6707155136777,607.7408230396991,545.3643091768724,52560,31536000,2022,10,0,4,5,15,Eplus-env-06-27_thermostat_rbc_eco_year_2022_case_10_rep_0_zone_4_onoffseed_5_tempseed_15_paper2_final_runs_v2-res1_progress.csv
440,0,67368.20412490923,67368.20412490923,0.0,-471982.29222877615,-8.979876183956929,2312.78983823294,0.0440028508035186,-10768.465985733665,-0.2048794898351153,-69383.6951469882,-1.3200855241055591,-406099.89844845433,-7.726405982657046,22.054794520547947,0.2048794898351153,0.7443444637835733,40609989.84484543,772.6405982657045,828.8084760906074,10768.465985733665,52560,31536000,2023,2,0,9,10,30,Eplus-env-06-27_thermostat_rbc_eco_year_2023_case_2_rep_0_zone_9_onoffseed_10_tempseed_30_paper2_final_runs_v2-res1_progress.csv
441,0,109831.05932098864,109831.05932098864,0.0,-404263.0065070805,-7.691457505842475,3829.1683426613977,0.0728532789699657,-28069.80534192812,-0.5340526130503828,-114875.05027984192,-2.1855983690989715,-286340.41153465165,-5.4478769317856095,18.64916286149163,0.5340526130503828,1.7491006011723838,28634041.153465163,544.787693178561,606.4537657941961,28069.80534192812,52560,31536000,2023,0,0,4,10,15,Eplus-env-06-27_thermostat_rbc_eco_year_2023_case_0_rep_0_zone_4_onoffseed_10_tempseed_15_paper2_final_runs_v2-res1_progress.csv
442,0,149236.3541633577,149236.3541633577,0.0,-476732.748652592,-9.070257774973213,3097.428029824728,0.0589312791062543,-50862.22916832696,-0.9676984240549268,-92922.84089474182,-1.7679383731876297,-303780.2581432222,-5.77968527669753,26.558219178082197,0.9676984240549268,2.565993912364211,30378025.81432221,577.9685276697529,641.4504173872693,50862.22916832696,52560,31536000,2022,0,0,4,10,42,Eplus-env-06-27_thermostat_rbc_eco_year_2022_case_0_rep_0_zone_4_onoffseed_10_tempseed_42_paper2_final_runs_v2-res1_progress.csv
443,0,70957.92246839867,70957.92246839867,0.0,-512348.6938676984,-9.74788230341892,2434.261839085689,0.046313961930854,-46960.20736422145,-0.8934590442203473,-73027.85517257068,-1.3894188579256217,-407337.81013207993,-7.749958335846269,32.91286149162861,0.8934590442203473,2.2750589232604344,40733781.013208,774.995833584627,830.5309169948129,46960.20736422145,52560,31536000,2023,2,0,4,10,42,Eplus-env-06-27_thermostat_rbc_eco_year_2023_case_2_rep_0_zone_4_onoffseed_10_tempseed_42_paper2_final_runs_v2-res1_progress.csv
444,0,142924.733807222,142924.733807222,0.0,-537893.4810987911,-10.233894237039404,3007.8395178121573,0.0572267792582221,-22352.423357645945,-0.4252744170023962,-90235.18553436472,-1.7168033777466654,-398614.3330134568,-7.583986548962269,20.12937595129376,0.4252744170023962,1.4955666649693504,39861433.30134569,758.398654896227,812.2963598533864,22352.423357645945,52560,31536000,2022,2,0,4,10,15,Eplus-env-06-27_thermostat_rbc_eco_year_2022_case_2_rep_0_zone_4_onoffseed_10_tempseed_15_paper2_final_runs_v2-res1_progress.csv
445,0,51276.40878989192,27297.758493879617,23978.650296012293,-123280.48112028596,-2.3455190471896112,662.3241220418261,0.0126012960814654,-38695.47337142218,-0.7362152467926595,-19869.723661254782,-0.3780388824439646,-42635.77771785322,-0.8111829854994905,36.394596651445966,0.7362152467926595,2.090012205439003,4263577.771785322,81.11829854994905,120.74329488941382,38695.47337142218,52560,31536000,2022,4,0,0,15,42,Eplus-env-06-27_thermostat_rbc_eco_year_2022_case_4_rep_0_zone_0_onoffseed_15_tempseed_42_paper2_final_runs_v2-res1_progress.csv
446,0,38825.884008386696,24369.637083081907,14456.246925304797,-91081.02931785844,-1.7328962960018732,952.2990433473036,0.0181183227425286,-18097.71307078948,-0.3443248301139551,-28568.97130041911,-0.5435496822758583,-41219.86053980782,-0.7842439219902554,11.149162861491629,0.3443248301139551,1.475435558796756,4121986.053980783,78.42439219902555,116.81774471884688,18097.71307078948,52560,31536000,2023,4,0,0,15,15,Eplus-env-06-27_thermostat_rbc_eco_year_2023_case_4_rep_0_zone_0_onoffseed_15_tempseed_15_paper2_final_runs_v2-res1_progress.csv
447,0,95340.74299643267,95340.74299643267,0.0,-423627.5282440239,-8.059884479528613,3278.835122339476,0.0623827078070676,-1537.1108582849938,-0.0292448793433218,-98365.05367018426,-1.8714812342120293,-344092.15554035734,-6.54665440525794,15.091324200913242,0.0292448793433218,0.1646077815317682,34409215.55403572,654.6654405257938,720.2546932743951,1537.1108582849938,52560,31536000,2023,1,0,4,5,42,Eplus-env-06-27_thermostat_rbc_eco_year_2023_case_1_rep_0_zone_4_onoffseed_5_tempseed_42_paper2_final_runs_v2-res1_progress.csv
448,0,34568.59222281923,20112.345297514432,14456.246925304798,-80314.4058063022,-1.5280518608504985,763.6454757347549,0.0145290235109352,-9700.140674312595,-0.1845536657974238,-22909.364272042647,-0.4358707053280564,-42333.69983450117,-0.805435689393097,32.67313546423136,0.1845536657974238,0.4985703980826442,4233369.9834501175,80.5435689393097,119.7811327919541,9700.140674312595,52560,31536000,2023,4,0,0,5,42,Eplus-env-06-27_thermostat_rbc_eco_year_2023_case_4_rep_0_zone_0_onoffseed_5_tempseed_42_paper2_final_runs_v2-res1_progress.csv
449,0,142432.41786699308,142432.41786699308,0.0,-420157.4084609814,-7.993862413641199,2951.908865402867,0.0561626496461732,-2279.399576536085,-0.0433675718519042,-88557.265962086,-1.684879489385198,-301354.04782745824,-5.733524502044487,11.23097412480974,0.0433675718519042,0.2600165670250774,30135404.78274582,573.3524502044486,637.4217647594879,2279.399576536085,52560,31536000,2022,0,0,9,5,42,Eplus-env-06-27_thermostat_rbc_eco_year_2022_case_0_rep_0_zone_9_onoffseed_5_tempseed_42_paper2_final_runs_v2-res1_progress.csv
