Time,price
01-01-2023 00:00:00,35.1
01-01-2023 00:30:00,35.1
01-01-2023 01:00:00,35.1
01-01-2023 01:30:00,35.1
01-01-2023 02:00:00,35.1
01-01-2023 02:30:00,35.1
01-01-2023 03:00:00,35.1
01-01-2023 03:30:00,35.1
01-01-2023 04:00:00,21.0
01-01-2023 04:30:00,21.0
01-01-2023 05:00:00,21.0
01-01-2023 05:30:00,21.0
01-01-2023 06:00:00,21.0
01-01-2023 06:30:00,21.0
01-01-2023 07:00:00,35.1
01-01-2023 07:30:00,35.1
01-01-2023 08:00:00,35.1
01-01-2023 08:30:00,35.1
01-01-2023 09:00:00,35.1
01-01-2023 09:30:00,35.1
01-01-2023 10:00:00,35.1
01-01-2023 10:30:00,35.1
01-01-2023 11:00:00,35.1
01-01-2023 11:30:00,35.1
01-01-2023 12:00:00,35.1
01-01-2023 12:30:00,35.1
01-01-2023 13:00:00,21.0
01-01-2023 13:30:00,21.0
01-01-2023 14:00:00,21.0
01-01-2023 14:30:00,21.0
01-01-2023 15:00:00,21.0
01-01-2023 15:30:00,21.0
01-01-2023 16:00:00,56.1
01-01-2023 16:30:00,56.1
01-01-2023 17:00:00,56.1
01-01-2023 17:30:00,56.1
01-01-2023 18:00:00,56.1
01-01-2023 18:30:00,56.1
01-01-2023 19:00:00,35.1
01-01-2023 19:30:00,35.1
01-01-2023 20:00:00,35.1
01-01-2023 20:30:00,35.1
01-01-2023 21:00:00,35.1
01-01-2023 21:30:00,35.1
01-01-2023 22:00:00,35.1
01-01-2023 22:30:00,35.1
01-01-2023 23:00:00,35.1
01-01-2023 23:30:00,35.1
02-01-2023 00:00:00,35.1
02-01-2023 00:30:00,35.1
02-01-2023 01:00:00,35.1
02-01-2023 01:30:00,35.1
02-01-2023 02:00:00,35.1
02-01-2023 02:30:00,35.1
02-01-2023 03:00:00,35.1
02-01-2023 03:30:00,35.1
02-01-2023 04:00:00,21.0
02-01-2023 04:30:00,21.0
02-01-2023 05:00:00,21.0
02-01-2023 05:30:00,21.0
02-01-2023 06:00:00,21.0
02-01-2023 06:30:00,21.0
02-01-2023 07:00:00,35.1
02-01-2023 07:30:00,35.1
02-01-2023 08:00:00,35.1
02-01-2023 08:30:00,35.1
02-01-2023 09:00:00,35.1
02-01-2023 09:30:00,35.1
02-01-2023 10:00:00,35.1
02-01-2023 10:30:00,35.1
02-01-2023 11:00:00,35.1
02-01-2023 11:30:00,35.1
02-01-2023 12:00:00,35.1
02-01-2023 12:30:00,35.1
02-01-2023 13:00:00,21.0
02-01-2023 13:30:00,21.0
02-01-2023 14:00:00,21.0
02-01-2023 14:30:00,21.0
02-01-2023 15:00:00,21.0
02-01-2023 15:30:00,21.0
02-01-2023 16:00:00,56.1
02-01-2023 16:30:00,56.1
02-01-2023 17:00:00,56.1
02-01-2023 17:30:00,56.1
02-01-2023 18:00:00,56.1
02-01-2023 18:30:00,56.1
02-01-2023 19:00:00,35.1
02-01-2023 19:30:00,35.1
02-01-2023 20:00:00,35.1
02-01-2023 20:30:00,35.1
02-01-2023 21:00:00,35.1
02-01-2023 21:30:00,35.1
02-01-2023 22:00:00,35.1
02-01-2023 22:30:00,35.1
02-01-2023 23:00:00,35.1
02-01-2023 23:30:00,35.1
03-01-2023 00:00:00,35.1
03-01-2023 00:30:00,35.1
03-01-2023 01:00:00,35.1
03-01-2023 01:30:00,35.1
03-01-2023 02:00:00,35.1
03-01-2023 02:30:00,35.1
03-01-2023 03:00:00,35.1
03-01-2023 03:30:00,35.1
03-01-2023 04:00:00,21.0
03-01-2023 04:30:00,21.0
03-01-2023 05:00:00,21.0
03-01-2023 05:30:00,21.0
03-01-2023 06:00:00,21.0
03-01-2023 06:30:00,21.0
03-01-2023 07:00:00,35.1
03-01-2023 07:30:00,35.1
03-01-2023 08:00:00,35.1
03-01-2023 08:30:00,35.1
03-01-2023 09:00:00,35.1
03-01-2023 09:30:00,35.1
03-01-2023 10:00:00,35.1
03-01-2023 10:30:00,35.1
03-01-2023 11:00:00,35.1
03-01-2023 11:30:00,35.1
03-01-2023 12:00:00,35.1
03-01-2023 12:30:00,35.1
03-01-2023 13:00:00,21.0
03-01-2023 13:30:00,21.0
03-01-2023 14:00:00,21.0
03-01-2023 14:30:00,21.0
03-01-2023 15:00:00,21.0
03-01-2023 15:30:00,21.0
03-01-2023 16:00:00,56.1
03-01-2023 16:30:00,56.1
03-01-2023 17:00:00,56.1
03-01-2023 17:30:00,56.1
03-01-2023 18:00:00,56.1
03-01-2023 18:30:00,56.1
03-01-2023 19:00:00,35.1
03-01-2023 19:30:00,35.1
03-01-2023 20:00:00,35.1
03-01-2023 20:30:00,35.1
03-01-2023 21:00:00,35.1
03-01-2023 21:30:00,35.1
03-01-2023 22:00:00,35.1
03-01-2023 22:30:00,35.1
03-01-2023 23:00:00,35.1
03-01-2023 23:30:00,35.1
04-01-2023 00:00:00,35.1
04-01-2023 00:30:00,35.1
04-01-2023 01:00:00,35.1
04-01-2023 01:30:00,35.1
04-01-2023 02:00:00,35.1
04-01-2023 02:30:00,35.1
04-01-2023 03:00:00,35.1
04-01-2023 03:30:00,35.1
04-01-2023 04:00:00,21.0
04-01-2023 04:30:00,21.0
04-01-2023 05:00:00,21.0
04-01-2023 05:30:00,21.0
04-01-2023 06:00:00,21.0
04-01-2023 06:30:00,21.0
04-01-2023 07:00:00,35.1
04-01-2023 07:30:00,35.1
04-01-2023 08:00:00,35.1
04-01-2023 08:30:00,35.1
04-01-2023 09:00:00,35.1
04-01-2023 09:30:00,35.1
04-01-2023 10:00:00,35.1
04-01-2023 10:30:00,35.1
04-01-2023 11:00:00,35.1
04-01-2023 11:30:00,35.1
04-01-2023 12:00:00,35.1
04-01-2023 12:30:00,35.1
04-01-2023 13:00:00,21.0
04-01-2023 13:30:00,21.0
04-01-2023 14:00:00,21.0
04-01-2023 14:30:00,21.0
04-01-2023 15:00:00,21.0
04-01-2023 15:30:00,21.0
04-01-2023 16:00:00,56.1
04-01-2023 16:30:00,56.1
04-01-2023 17:00:00,56.1
04-01-2023 17:30:00,56.1
04-01-2023 18:00:00,56.1
04-01-2023 18:30:00,56.1
04-01-2023 19:00:00,35.1
04-01-2023 19:30:00,35.1
04-01-2023 20:00:00,35.1
04-01-2023 20:30:00,35.1
04-01-2023 21:00:00,35.1
04-01-2023 21:30:00,35.1
04-01-2023 22:00:00,35.1
04-01-2023 22:30:00,35.1
04-01-2023 23:00:00,35.1
04-01-2023 23:30:00,35.1
05-01-2023 00:00:00,35.1
05-01-2023 00:30:00,35.1
05-01-2023 01:00:00,35.1
05-01-2023 01:30:00,35.1
05-01-2023 02:00:00,35.1
05-01-2023 02:30:00,35.1
05-01-2023 03:00:00,35.1
05-01-2023 03:30:00,35.1
05-01-2023 04:00:00,21.0
05-01-2023 04:30:00,21.0
05-01-2023 05:00:00,21.0
05-01-2023 05:30:00,21.0
05-01-2023 06:00:00,21.0
05-01-2023 06:30:00,21.0
05-01-2023 07:00:00,35.1
05-01-2023 07:30:00,35.1
05-01-2023 08:00:00,35.1
05-01-2023 08:30:00,35.1
05-01-2023 09:00:00,35.1
05-01-2023 09:30:00,35.1
05-01-2023 10:00:00,35.1
05-01-2023 10:30:00,35.1
05-01-2023 11:00:00,35.1
05-01-2023 11:30:00,35.1
05-01-2023 12:00:00,35.1
05-01-2023 12:30:00,35.1
05-01-2023 13:00:00,21.0
05-01-2023 13:30:00,21.0
05-01-2023 14:00:00,21.0
05-01-2023 14:30:00,21.0
05-01-2023 15:00:00,21.0
05-01-2023 15:30:00,21.0
05-01-2023 16:00:00,56.1
05-01-2023 16:30:00,56.1
05-01-2023 17:00:00,56.1
05-01-2023 17:30:00,56.1
05-01-2023 18:00:00,56.1
05-01-2023 18:30:00,56.1
05-01-2023 19:00:00,35.1
05-01-2023 19:30:00,35.1
05-01-2023 20:00:00,35.1
05-01-2023 20:30:00,35.1
05-01-2023 21:00:00,35.1
05-01-2023 21:30:00,35.1
05-01-2023 22:00:00,35.1
05-01-2023 22:30:00,35.1
05-01-2023 23:00:00,35.1
05-01-2023 23:30:00,35.1
06-01-2023 00:00:00,35.1
06-01-2023 00:30:00,35.1
06-01-2023 01:00:00,35.1
06-01-2023 01:30:00,35.1
06-01-2023 02:00:00,35.1
06-01-2023 02:30:00,35.1
06-01-2023 03:00:00,35.1
06-01-2023 03:30:00,35.1
06-01-2023 04:00:00,21.0
06-01-2023 04:30:00,21.0
06-01-2023 05:00:00,21.0
06-01-2023 05:30:00,21.0
06-01-2023 06:00:00,21.0
06-01-2023 06:30:00,21.0
06-01-2023 07:00:00,35.1
06-01-2023 07:30:00,35.1
06-01-2023 08:00:00,35.1
06-01-2023 08:30:00,35.1
06-01-2023 09:00:00,35.1
06-01-2023 09:30:00,35.1
06-01-2023 10:00:00,35.1
06-01-2023 10:30:00,35.1
06-01-2023 11:00:00,35.1
06-01-2023 11:30:00,35.1
06-01-2023 12:00:00,35.1
06-01-2023 12:30:00,35.1
06-01-2023 13:00:00,21.0
06-01-2023 13:30:00,21.0
06-01-2023 14:00:00,21.0
06-01-2023 14:30:00,21.0
06-01-2023 15:00:00,21.0
06-01-2023 15:30:00,21.0
06-01-2023 16:00:00,56.1
06-01-2023 16:30:00,56.1
06-01-2023 17:00:00,56.1
06-01-2023 17:30:00,56.1
06-01-2023 18:00:00,56.1
06-01-2023 18:30:00,56.1
06-01-2023 19:00:00,35.1
06-01-2023 19:30:00,35.1
06-01-2023 20:00:00,35.1
06-01-2023 20:30:00,35.1
06-01-2023 21:00:00,35.1
06-01-2023 21:30:00,35.1
06-01-2023 22:00:00,35.1
06-01-2023 22:30:00,35.1
06-01-2023 23:00:00,35.1
06-01-2023 23:30:00,35.1
07-01-2023 00:00:00,35.1
07-01-2023 00:30:00,35.1
07-01-2023 01:00:00,35.1
07-01-2023 01:30:00,35.1
07-01-2023 02:00:00,35.1
07-01-2023 02:30:00,35.1
07-01-2023 03:00:00,35.1
07-01-2023 03:30:00,35.1
07-01-2023 04:00:00,21.0
07-01-2023 04:30:00,21.0
07-01-2023 05:00:00,21.0
07-01-2023 05:30:00,21.0
07-01-2023 06:00:00,21.0
07-01-2023 06:30:00,21.0
07-01-2023 07:00:00,35.1
07-01-2023 07:30:00,35.1
07-01-2023 08:00:00,35.1
07-01-2023 08:30:00,35.1
07-01-2023 09:00:00,35.1
07-01-2023 09:30:00,35.1
07-01-2023 10:00:00,35.1
07-01-2023 10:30:00,35.1
07-01-2023 11:00:00,35.1
07-01-2023 11:30:00,35.1
07-01-2023 12:00:00,35.1
07-01-2023 12:30:00,35.1
07-01-2023 13:00:00,21.0
07-01-2023 13:30:00,21.0
07-01-2023 14:00:00,21.0
07-01-2023 14:30:00,21.0
07-01-2023 15:00:00,21.0
07-01-2023 15:30:00,21.0
07-01-2023 16:00:00,56.1
07-01-2023 16:30:00,56.1
07-01-2023 17:00:00,56.1
07-01-2023 17:30:00,56.1
07-01-2023 18:00:00,56.1
07-01-2023 18:30:00,56.1
07-01-2023 19:00:00,35.1
07-01-2023 19:30:00,35.1
07-01-2023 20:00:00,35.1
07-01-2023 20:30:00,35.1
07-01-2023 21:00:00,35.1
07-01-2023 21:30:00,35.1
07-01-2023 22:00:00,35.1
07-01-2023 22:30:00,35.1
07-01-2023 23:00:00,35.1
07-01-2023 23:30:00,35.1
08-01-2023 00:00:00,35.1
08-01-2023 00:30:00,35.1
08-01-2023 01:00:00,35.1
08-01-2023 01:30:00,35.1
08-01-2023 02:00:00,35.1
08-01-2023 02:30:00,35.1
08-01-2023 03:00:00,35.1
08-01-2023 03:30:00,35.1
08-01-2023 04:00:00,21.0
08-01-2023 04:30:00,21.0
08-01-2023 05:00:00,21.0
08-01-2023 05:30:00,21.0
08-01-2023 06:00:00,21.0
08-01-2023 06:30:00,21.0
08-01-2023 07:00:00,35.1
08-01-2023 07:30:00,35.1
08-01-2023 08:00:00,35.1
08-01-2023 08:30:00,35.1
08-01-2023 09:00:00,35.1
08-01-2023 09:30:00,35.1
08-01-2023 10:00:00,35.1
08-01-2023 10:30:00,35.1
08-01-2023 11:00:00,35.1
08-01-2023 11:30:00,35.1
08-01-2023 12:00:00,35.1
08-01-2023 12:30:00,35.1
08-01-2023 13:00:00,21.0
08-01-2023 13:30:00,21.0
08-01-2023 14:00:00,21.0
08-01-2023 14:30:00,21.0
08-01-2023 15:00:00,21.0
08-01-2023 15:30:00,21.0
08-01-2023 16:00:00,56.1
08-01-2023 16:30:00,56.1
08-01-2023 17:00:00,56.1
08-01-2023 17:30:00,56.1
08-01-2023 18:00:00,56.1
08-01-2023 18:30:00,56.1
08-01-2023 19:00:00,35.1
08-01-2023 19:30:00,35.1
08-01-2023 20:00:00,35.1
08-01-2023 20:30:00,35.1
08-01-2023 21:00:00,35.1
08-01-2023 21:30:00,35.1
08-01-2023 22:00:00,35.1
08-01-2023 22:30:00,35.1
08-01-2023 23:00:00,35.1
08-01-2023 23:30:00,35.1
09-01-2023 00:00:00,35.1
09-01-2023 00:30:00,35.1
09-01-2023 01:00:00,35.1
09-01-2023 01:30:00,35.1
09-01-2023 02:00:00,35.1
09-01-2023 02:30:00,35.1
09-01-2023 03:00:00,35.1
09-01-2023 03:30:00,35.1
09-01-2023 04:00:00,21.0
09-01-2023 04:30:00,21.0
09-01-2023 05:00:00,21.0
09-01-2023 05:30:00,21.0
09-01-2023 06:00:00,21.0
09-01-2023 06:30:00,21.0
09-01-2023 07:00:00,35.1
09-01-2023 07:30:00,35.1
09-01-2023 08:00:00,35.1
09-01-2023 08:30:00,35.1
09-01-2023 09:00:00,35.1
09-01-2023 09:30:00,35.1
09-01-2023 10:00:00,35.1
09-01-2023 10:30:00,35.1
09-01-2023 11:00:00,35.1
09-01-2023 11:30:00,35.1
09-01-2023 12:00:00,35.1
09-01-2023 12:30:00,35.1
09-01-2023 13:00:00,21.0
09-01-2023 13:30:00,21.0
09-01-2023 14:00:00,21.0
09-01-2023 14:30:00,21.0
09-01-2023 15:00:00,21.0
09-01-2023 15:30:00,21.0
09-01-2023 16:00:00,56.1
09-01-2023 16:30:00,56.1
09-01-2023 17:00:00,56.1
09-01-2023 17:30:00,56.1
09-01-2023 18:00:00,56.1
09-01-2023 18:30:00,56.1
09-01-2023 19:00:00,35.1
09-01-2023 19:30:00,35.1
09-01-2023 20:00:00,35.1
09-01-2023 20:30:00,35.1
09-01-2023 21:00:00,35.1
09-01-2023 21:30:00,35.1
09-01-2023 22:00:00,35.1
09-01-2023 22:30:00,35.1
09-01-2023 23:00:00,35.1
09-01-2023 23:30:00,35.1
10-01-2023 00:00:00,35.1
10-01-2023 00:30:00,35.1
10-01-2023 01:00:00,35.1
10-01-2023 01:30:00,35.1
10-01-2023 02:00:00,35.1
10-01-2023 02:30:00,35.1
10-01-2023 03:00:00,35.1
10-01-2023 03:30:00,35.1
10-01-2023 04:00:00,21.0
10-01-2023 04:30:00,21.0
10-01-2023 05:00:00,21.0
10-01-2023 05:30:00,21.0
10-01-2023 06:00:00,21.0
10-01-2023 06:30:00,21.0
10-01-2023 07:00:00,35.1
10-01-2023 07:30:00,35.1
10-01-2023 08:00:00,35.1
10-01-2023 08:30:00,35.1
10-01-2023 09:00:00,35.1
10-01-2023 09:30:00,35.1
10-01-2023 10:00:00,35.1
10-01-2023 10:30:00,35.1
10-01-2023 11:00:00,35.1
10-01-2023 11:30:00,35.1
10-01-2023 12:00:00,35.1
10-01-2023 12:30:00,35.1
10-01-2023 13:00:00,21.0
10-01-2023 13:30:00,21.0
10-01-2023 14:00:00,21.0
10-01-2023 14:30:00,21.0
10-01-2023 15:00:00,21.0
10-01-2023 15:30:00,21.0
10-01-2023 16:00:00,56.1
10-01-2023 16:30:00,56.1
10-01-2023 17:00:00,56.1
10-01-2023 17:30:00,56.1
10-01-2023 18:00:00,56.1
10-01-2023 18:30:00,56.1
10-01-2023 19:00:00,35.1
10-01-2023 19:30:00,35.1
10-01-2023 20:00:00,35.1
10-01-2023 20:30:00,35.1
10-01-2023 21:00:00,35.1
10-01-2023 21:30:00,35.1
10-01-2023 22:00:00,35.1
10-01-2023 22:30:00,35.1
10-01-2023 23:00:00,35.1
10-01-2023 23:30:00,35.1
11-01-2023 00:00:00,35.1
11-01-2023 00:30:00,35.1
11-01-2023 01:00:00,35.1
11-01-2023 01:30:00,35.1
11-01-2023 02:00:00,35.1
11-01-2023 02:30:00,35.1
11-01-2023 03:00:00,35.1
11-01-2023 03:30:00,35.1
11-01-2023 04:00:00,21.0
11-01-2023 04:30:00,21.0
11-01-2023 05:00:00,21.0
11-01-2023 05:30:00,21.0
11-01-2023 06:00:00,21.0
11-01-2023 06:30:00,21.0
11-01-2023 07:00:00,35.1
11-01-2023 07:30:00,35.1
11-01-2023 08:00:00,35.1
11-01-2023 08:30:00,35.1
11-01-2023 09:00:00,35.1
11-01-2023 09:30:00,35.1
11-01-2023 10:00:00,35.1
11-01-2023 10:30:00,35.1
11-01-2023 11:00:00,35.1
11-01-2023 11:30:00,35.1
11-01-2023 12:00:00,35.1
11-01-2023 12:30:00,35.1
11-01-2023 13:00:00,21.0
11-01-2023 13:30:00,21.0
11-01-2023 14:00:00,21.0
11-01-2023 14:30:00,21.0
11-01-2023 15:00:00,21.0
11-01-2023 15:30:00,21.0
11-01-2023 16:00:00,56.1
11-01-2023 16:30:00,56.1
11-01-2023 17:00:00,56.1
11-01-2023 17:30:00,56.1
11-01-2023 18:00:00,56.1
11-01-2023 18:30:00,56.1
11-01-2023 19:00:00,35.1
11-01-2023 19:30:00,35.1
11-01-2023 20:00:00,35.1
11-01-2023 20:30:00,35.1
11-01-2023 21:00:00,35.1
11-01-2023 21:30:00,35.1
11-01-2023 22:00:00,35.1
11-01-2023 22:30:00,35.1
11-01-2023 23:00:00,35.1
11-01-2023 23:30:00,35.1
12-01-2023 00:00:00,35.1
12-01-2023 00:30:00,35.1
12-01-2023 01:00:00,35.1
12-01-2023 01:30:00,35.1
12-01-2023 02:00:00,35.1
12-01-2023 02:30:00,35.1
12-01-2023 03:00:00,35.1
12-01-2023 03:30:00,35.1
12-01-2023 04:00:00,21.0
12-01-2023 04:30:00,21.0
12-01-2023 05:00:00,21.0
12-01-2023 05:30:00,21.0
12-01-2023 06:00:00,21.0
12-01-2023 06:30:00,21.0
12-01-2023 07:00:00,35.1
12-01-2023 07:30:00,35.1
12-01-2023 08:00:00,35.1
12-01-2023 08:30:00,35.1
12-01-2023 09:00:00,35.1
12-01-2023 09:30:00,35.1
12-01-2023 10:00:00,35.1
12-01-2023 10:30:00,35.1
12-01-2023 11:00:00,35.1
12-01-2023 11:30:00,35.1
12-01-2023 12:00:00,35.1
12-01-2023 12:30:00,35.1
12-01-2023 13:00:00,21.0
12-01-2023 13:30:00,21.0
12-01-2023 14:00:00,21.0
12-01-2023 14:30:00,21.0
12-01-2023 15:00:00,21.0
12-01-2023 15:30:00,21.0
12-01-2023 16:00:00,56.1
12-01-2023 16:30:00,56.1
12-01-2023 17:00:00,56.1
12-01-2023 17:30:00,56.1
12-01-2023 18:00:00,56.1
12-01-2023 18:30:00,56.1
12-01-2023 19:00:00,35.1
12-01-2023 19:30:00,35.1
12-01-2023 20:00:00,35.1
12-01-2023 20:30:00,35.1
12-01-2023 21:00:00,35.1
12-01-2023 21:30:00,35.1
12-01-2023 22:00:00,35.1
12-01-2023 22:30:00,35.1
12-01-2023 23:00:00,35.1
12-01-2023 23:30:00,35.1
13-01-2023 00:00:00,35.1
13-01-2023 00:30:00,35.1
13-01-2023 01:00:00,35.1
13-01-2023 01:30:00,35.1
13-01-2023 02:00:00,35.1
13-01-2023 02:30:00,35.1
13-01-2023 03:00:00,35.1
13-01-2023 03:30:00,35.1
13-01-2023 04:00:00,21.0
13-01-2023 04:30:00,21.0
13-01-2023 05:00:00,21.0
13-01-2023 05:30:00,21.0
13-01-2023 06:00:00,21.0
13-01-2023 06:30:00,21.0
13-01-2023 07:00:00,35.1
13-01-2023 07:30:00,35.1
13-01-2023 08:00:00,35.1
13-01-2023 08:30:00,35.1
13-01-2023 09:00:00,35.1
13-01-2023 09:30:00,35.1
13-01-2023 10:00:00,35.1
13-01-2023 10:30:00,35.1
13-01-2023 11:00:00,35.1
13-01-2023 11:30:00,35.1
13-01-2023 12:00:00,35.1
13-01-2023 12:30:00,35.1
13-01-2023 13:00:00,21.0
13-01-2023 13:30:00,21.0
13-01-2023 14:00:00,21.0
13-01-2023 14:30:00,21.0
13-01-2023 15:00:00,21.0
13-01-2023 15:30:00,21.0
13-01-2023 16:00:00,56.1
13-01-2023 16:30:00,56.1
13-01-2023 17:00:00,56.1
13-01-2023 17:30:00,56.1
13-01-2023 18:00:00,56.1
13-01-2023 18:30:00,56.1
13-01-2023 19:00:00,35.1
13-01-2023 19:30:00,35.1
13-01-2023 20:00:00,35.1
13-01-2023 20:30:00,35.1
13-01-2023 21:00:00,35.1
13-01-2023 21:30:00,35.1
13-01-2023 22:00:00,35.1
13-01-2023 22:30:00,35.1
13-01-2023 23:00:00,35.1
13-01-2023 23:30:00,35.1
14-01-2023 00:00:00,35.1
14-01-2023 00:30:00,35.1
14-01-2023 01:00:00,35.1
14-01-2023 01:30:00,35.1
14-01-2023 02:00:00,35.1
14-01-2023 02:30:00,35.1
14-01-2023 03:00:00,35.1
14-01-2023 03:30:00,35.1
14-01-2023 04:00:00,21.0
14-01-2023 04:30:00,21.0
14-01-2023 05:00:00,21.0
14-01-2023 05:30:00,21.0
14-01-2023 06:00:00,21.0
14-01-2023 06:30:00,21.0
14-01-2023 07:00:00,35.1
14-01-2023 07:30:00,35.1
14-01-2023 08:00:00,35.1
14-01-2023 08:30:00,35.1
14-01-2023 09:00:00,35.1
14-01-2023 09:30:00,35.1
14-01-2023 10:00:00,35.1
14-01-2023 10:30:00,35.1
14-01-2023 11:00:00,35.1
14-01-2023 11:30:00,35.1
14-01-2023 12:00:00,35.1
14-01-2023 12:30:00,35.1
14-01-2023 13:00:00,21.0
14-01-2023 13:30:00,21.0
14-01-2023 14:00:00,21.0
14-01-2023 14:30:00,21.0
14-01-2023 15:00:00,21.0
14-01-2023 15:30:00,21.0
14-01-2023 16:00:00,56.1
14-01-2023 16:30:00,56.1
14-01-2023 17:00:00,56.1
14-01-2023 17:30:00,56.1
14-01-2023 18:00:00,56.1
14-01-2023 18:30:00,56.1
14-01-2023 19:00:00,35.1
14-01-2023 19:30:00,35.1
14-01-2023 20:00:00,35.1
14-01-2023 20:30:00,35.1
14-01-2023 21:00:00,35.1
14-01-2023 21:30:00,35.1
14-01-2023 22:00:00,35.1
14-01-2023 22:30:00,35.1
14-01-2023 23:00:00,35.1
14-01-2023 23:30:00,35.1
15-01-2023 00:00:00,35.1
15-01-2023 00:30:00,35.1
15-01-2023 01:00:00,35.1
15-01-2023 01:30:00,35.1
15-01-2023 02:00:00,35.1
15-01-2023 02:30:00,35.1
15-01-2023 03:00:00,35.1
15-01-2023 03:30:00,35.1
15-01-2023 04:00:00,21.0
15-01-2023 04:30:00,21.0
15-01-2023 05:00:00,21.0
15-01-2023 05:30:00,21.0
15-01-2023 06:00:00,21.0
15-01-2023 06:30:00,21.0
15-01-2023 07:00:00,35.1
15-01-2023 07:30:00,35.1
15-01-2023 08:00:00,35.1
15-01-2023 08:30:00,35.1
15-01-2023 09:00:00,35.1
15-01-2023 09:30:00,35.1
15-01-2023 10:00:00,35.1
15-01-2023 10:30:00,35.1
15-01-2023 11:00:00,35.1
15-01-2023 11:30:00,35.1
15-01-2023 12:00:00,35.1
15-01-2023 12:30:00,35.1
15-01-2023 13:00:00,21.0
15-01-2023 13:30:00,21.0
15-01-2023 14:00:00,21.0
15-01-2023 14:30:00,21.0
15-01-2023 15:00:00,21.0
15-01-2023 15:30:00,21.0
15-01-2023 16:00:00,56.1
15-01-2023 16:30:00,56.1
15-01-2023 17:00:00,56.1
15-01-2023 17:30:00,56.1
15-01-2023 18:00:00,56.1
15-01-2023 18:30:00,56.1
15-01-2023 19:00:00,35.1
15-01-2023 19:30:00,35.1
15-01-2023 20:00:00,35.1
15-01-2023 20:30:00,35.1
15-01-2023 21:00:00,35.1
15-01-2023 21:30:00,35.1
15-01-2023 22:00:00,35.1
15-01-2023 22:30:00,35.1
15-01-2023 23:00:00,35.1
15-01-2023 23:30:00,35.1
16-01-2023 00:00:00,35.1
16-01-2023 00:30:00,35.1
16-01-2023 01:00:00,35.1
16-01-2023 01:30:00,35.1
16-01-2023 02:00:00,35.1
16-01-2023 02:30:00,35.1
16-01-2023 03:00:00,35.1
16-01-2023 03:30:00,35.1
16-01-2023 04:00:00,21.0
16-01-2023 04:30:00,21.0
16-01-2023 05:00:00,21.0
16-01-2023 05:30:00,21.0
16-01-2023 06:00:00,21.0
16-01-2023 06:30:00,21.0
16-01-2023 07:00:00,35.1
16-01-2023 07:30:00,35.1
16-01-2023 08:00:00,35.1
16-01-2023 08:30:00,35.1
16-01-2023 09:00:00,35.1
16-01-2023 09:30:00,35.1
16-01-2023 10:00:00,35.1
16-01-2023 10:30:00,35.1
16-01-2023 11:00:00,35.1
16-01-2023 11:30:00,35.1
16-01-2023 12:00:00,35.1
16-01-2023 12:30:00,35.1
16-01-2023 13:00:00,21.0
16-01-2023 13:30:00,21.0
16-01-2023 14:00:00,21.0
16-01-2023 14:30:00,21.0
16-01-2023 15:00:00,21.0
16-01-2023 15:30:00,21.0
16-01-2023 16:00:00,56.1
16-01-2023 16:30:00,56.1
16-01-2023 17:00:00,56.1
16-01-2023 17:30:00,56.1
16-01-2023 18:00:00,56.1
16-01-2023 18:30:00,56.1
16-01-2023 19:00:00,35.1
16-01-2023 19:30:00,35.1
16-01-2023 20:00:00,35.1
16-01-2023 20:30:00,35.1
16-01-2023 21:00:00,35.1
16-01-2023 21:30:00,35.1
16-01-2023 22:00:00,35.1
16-01-2023 22:30:00,35.1
16-01-2023 23:00:00,35.1
16-01-2023 23:30:00,35.1
17-01-2023 00:00:00,35.1
17-01-2023 00:30:00,35.1
17-01-2023 01:00:00,35.1
17-01-2023 01:30:00,35.1
17-01-2023 02:00:00,35.1
17-01-2023 02:30:00,35.1
17-01-2023 03:00:00,35.1
17-01-2023 03:30:00,35.1
17-01-2023 04:00:00,21.0
17-01-2023 04:30:00,21.0
17-01-2023 05:00:00,21.0
17-01-2023 05:30:00,21.0
17-01-2023 06:00:00,21.0
17-01-2023 06:30:00,21.0
17-01-2023 07:00:00,35.1
17-01-2023 07:30:00,35.1
17-01-2023 08:00:00,35.1
17-01-2023 08:30:00,35.1
17-01-2023 09:00:00,35.1
17-01-2023 09:30:00,35.1
17-01-2023 10:00:00,35.1
17-01-2023 10:30:00,35.1
17-01-2023 11:00:00,35.1
17-01-2023 11:30:00,35.1
17-01-2023 12:00:00,35.1
17-01-2023 12:30:00,35.1
17-01-2023 13:00:00,21.0
17-01-2023 13:30:00,21.0
17-01-2023 14:00:00,21.0
17-01-2023 14:30:00,21.0
17-01-2023 15:00:00,21.0
17-01-2023 15:30:00,21.0
17-01-2023 16:00:00,56.1
17-01-2023 16:30:00,56.1
17-01-2023 17:00:00,56.1
17-01-2023 17:30:00,56.1
17-01-2023 18:00:00,56.1
17-01-2023 18:30:00,56.1
17-01-2023 19:00:00,35.1
17-01-2023 19:30:00,35.1
17-01-2023 20:00:00,35.1
17-01-2023 20:30:00,35.1
17-01-2023 21:00:00,35.1
17-01-2023 21:30:00,35.1
17-01-2023 22:00:00,35.1
17-01-2023 22:30:00,35.1
17-01-2023 23:00:00,35.1
17-01-2023 23:30:00,35.1
18-01-2023 00:00:00,35.1
18-01-2023 00:30:00,35.1
18-01-2023 01:00:00,35.1
18-01-2023 01:30:00,35.1
18-01-2023 02:00:00,35.1
18-01-2023 02:30:00,35.1
18-01-2023 03:00:00,35.1
18-01-2023 03:30:00,35.1
18-01-2023 04:00:00,21.0
18-01-2023 04:30:00,21.0
18-01-2023 05:00:00,21.0
18-01-2023 05:30:00,21.0
18-01-2023 06:00:00,21.0
18-01-2023 06:30:00,21.0
18-01-2023 07:00:00,35.1
18-01-2023 07:30:00,35.1
18-01-2023 08:00:00,35.1
18-01-2023 08:30:00,35.1
18-01-2023 09:00:00,35.1
18-01-2023 09:30:00,35.1
18-01-2023 10:00:00,35.1
18-01-2023 10:30:00,35.1
18-01-2023 11:00:00,35.1
18-01-2023 11:30:00,35.1
18-01-2023 12:00:00,35.1
18-01-2023 12:30:00,35.1
18-01-2023 13:00:00,21.0
18-01-2023 13:30:00,21.0
18-01-2023 14:00:00,21.0
18-01-2023 14:30:00,21.0
18-01-2023 15:00:00,21.0
18-01-2023 15:30:00,21.0
18-01-2023 16:00:00,56.1
18-01-2023 16:30:00,56.1
18-01-2023 17:00:00,56.1
18-01-2023 17:30:00,56.1
18-01-2023 18:00:00,56.1
18-01-2023 18:30:00,56.1
18-01-2023 19:00:00,35.1
18-01-2023 19:30:00,35.1
18-01-2023 20:00:00,35.1
18-01-2023 20:30:00,35.1
18-01-2023 21:00:00,35.1
18-01-2023 21:30:00,35.1
18-01-2023 22:00:00,35.1
18-01-2023 22:30:00,35.1
18-01-2023 23:00:00,35.1
18-01-2023 23:30:00,35.1
19-01-2023 00:00:00,35.1
19-01-2023 00:30:00,35.1
19-01-2023 01:00:00,35.1
19-01-2023 01:30:00,35.1
19-01-2023 02:00:00,35.1
19-01-2023 02:30:00,35.1
19-01-2023 03:00:00,35.1
19-01-2023 03:30:00,35.1
19-01-2023 04:00:00,21.0
19-01-2023 04:30:00,21.0
19-01-2023 05:00:00,21.0
19-01-2023 05:30:00,21.0
19-01-2023 06:00:00,21.0
19-01-2023 06:30:00,21.0
19-01-2023 07:00:00,35.1
19-01-2023 07:30:00,35.1
19-01-2023 08:00:00,35.1
19-01-2023 08:30:00,35.1
19-01-2023 09:00:00,35.1
19-01-2023 09:30:00,35.1
19-01-2023 10:00:00,35.1
19-01-2023 10:30:00,35.1
19-01-2023 11:00:00,35.1
19-01-2023 11:30:00,35.1
19-01-2023 12:00:00,35.1
19-01-2023 12:30:00,35.1
19-01-2023 13:00:00,21.0
19-01-2023 13:30:00,21.0
19-01-2023 14:00:00,21.0
19-01-2023 14:30:00,21.0
19-01-2023 15:00:00,21.0
19-01-2023 15:30:00,21.0
19-01-2023 16:00:00,56.1
19-01-2023 16:30:00,56.1
19-01-2023 17:00:00,56.1
19-01-2023 17:30:00,56.1
19-01-2023 18:00:00,56.1
19-01-2023 18:30:00,56.1
19-01-2023 19:00:00,35.1
19-01-2023 19:30:00,35.1
19-01-2023 20:00:00,35.1
19-01-2023 20:30:00,35.1
19-01-2023 21:00:00,35.1
19-01-2023 21:30:00,35.1
19-01-2023 22:00:00,35.1
19-01-2023 22:30:00,35.1
19-01-2023 23:00:00,35.1
19-01-2023 23:30:00,35.1
20-01-2023 00:00:00,35.1
20-01-2023 00:30:00,35.1
20-01-2023 01:00:00,35.1
20-01-2023 01:30:00,35.1
20-01-2023 02:00:00,35.1
20-01-2023 02:30:00,35.1
20-01-2023 03:00:00,35.1
20-01-2023 03:30:00,35.1
20-01-2023 04:00:00,21.0
20-01-2023 04:30:00,21.0
20-01-2023 05:00:00,21.0
20-01-2023 05:30:00,21.0
20-01-2023 06:00:00,21.0
20-01-2023 06:30:00,21.0
20-01-2023 07:00:00,35.1
20-01-2023 07:30:00,35.1
20-01-2023 08:00:00,35.1
20-01-2023 08:30:00,35.1
20-01-2023 09:00:00,35.1
20-01-2023 09:30:00,35.1
20-01-2023 10:00:00,35.1
20-01-2023 10:30:00,35.1
20-01-2023 11:00:00,35.1
20-01-2023 11:30:00,35.1
20-01-2023 12:00:00,35.1
20-01-2023 12:30:00,35.1
20-01-2023 13:00:00,21.0
20-01-2023 13:30:00,21.0
20-01-2023 14:00:00,21.0
20-01-2023 14:30:00,21.0
20-01-2023 15:00:00,21.0
20-01-2023 15:30:00,21.0
20-01-2023 16:00:00,56.1
20-01-2023 16:30:00,56.1
20-01-2023 17:00:00,56.1
20-01-2023 17:30:00,56.1
20-01-2023 18:00:00,56.1
20-01-2023 18:30:00,56.1
20-01-2023 19:00:00,35.1
20-01-2023 19:30:00,35.1
20-01-2023 20:00:00,35.1
20-01-2023 20:30:00,35.1
20-01-2023 21:00:00,35.1
20-01-2023 21:30:00,35.1
20-01-2023 22:00:00,35.1
20-01-2023 22:30:00,35.1
20-01-2023 23:00:00,35.1
20-01-2023 23:30:00,35.1
21-01-2023 00:00:00,35.1
21-01-2023 00:30:00,35.1
21-01-2023 01:00:00,35.1
21-01-2023 01:30:00,35.1
21-01-2023 02:00:00,35.1
21-01-2023 02:30:00,35.1
21-01-2023 03:00:00,35.1
21-01-2023 03:30:00,35.1
21-01-2023 04:00:00,21.0
21-01-2023 04:30:00,21.0
21-01-2023 05:00:00,21.0
21-01-2023 05:30:00,21.0
21-01-2023 06:00:00,21.0
21-01-2023 06:30:00,21.0
21-01-2023 07:00:00,35.1
21-01-2023 07:30:00,35.1
21-01-2023 08:00:00,35.1
21-01-2023 08:30:00,35.1
21-01-2023 09:00:00,35.1
21-01-2023 09:30:00,35.1
21-01-2023 10:00:00,35.1
21-01-2023 10:30:00,35.1
21-01-2023 11:00:00,35.1
21-01-2023 11:30:00,35.1
21-01-2023 12:00:00,35.1
21-01-2023 12:30:00,35.1
21-01-2023 13:00:00,21.0
21-01-2023 13:30:00,21.0
21-01-2023 14:00:00,21.0
21-01-2023 14:30:00,21.0
21-01-2023 15:00:00,21.0
21-01-2023 15:30:00,21.0
21-01-2023 16:00:00,56.1
21-01-2023 16:30:00,56.1
21-01-2023 17:00:00,56.1
21-01-2023 17:30:00,56.1
21-01-2023 18:00:00,56.1
21-01-2023 18:30:00,56.1
21-01-2023 19:00:00,35.1
21-01-2023 19:30:00,35.1
21-01-2023 20:00:00,35.1
21-01-2023 20:30:00,35.1
21-01-2023 21:00:00,35.1
21-01-2023 21:30:00,35.1
21-01-2023 22:00:00,35.1
21-01-2023 22:30:00,35.1
21-01-2023 23:00:00,35.1
21-01-2023 23:30:00,35.1
22-01-2023 00:00:00,35.1
22-01-2023 00:30:00,35.1
22-01-2023 01:00:00,35.1
22-01-2023 01:30:00,35.1
22-01-2023 02:00:00,35.1
22-01-2023 02:30:00,35.1
22-01-2023 03:00:00,35.1
22-01-2023 03:30:00,35.1
22-01-2023 04:00:00,21.0
22-01-2023 04:30:00,21.0
22-01-2023 05:00:00,21.0
22-01-2023 05:30:00,21.0
22-01-2023 06:00:00,21.0
22-01-2023 06:30:00,21.0
22-01-2023 07:00:00,35.1
22-01-2023 07:30:00,35.1
22-01-2023 08:00:00,35.1
22-01-2023 08:30:00,35.1
22-01-2023 09:00:00,35.1
22-01-2023 09:30:00,35.1
22-01-2023 10:00:00,35.1
22-01-2023 10:30:00,35.1
22-01-2023 11:00:00,35.1
22-01-2023 11:30:00,35.1
22-01-2023 12:00:00,35.1
22-01-2023 12:30:00,35.1
22-01-2023 13:00:00,21.0
22-01-2023 13:30:00,21.0
22-01-2023 14:00:00,21.0
22-01-2023 14:30:00,21.0
22-01-2023 15:00:00,21.0
22-01-2023 15:30:00,21.0
22-01-2023 16:00:00,56.1
22-01-2023 16:30:00,56.1
22-01-2023 17:00:00,56.1
22-01-2023 17:30:00,56.1
22-01-2023 18:00:00,56.1
22-01-2023 18:30:00,56.1
22-01-2023 19:00:00,35.1
22-01-2023 19:30:00,35.1
22-01-2023 20:00:00,35.1
22-01-2023 20:30:00,35.1
22-01-2023 21:00:00,35.1
22-01-2023 21:30:00,35.1
22-01-2023 22:00:00,35.1
22-01-2023 22:30:00,35.1
22-01-2023 23:00:00,35.1
22-01-2023 23:30:00,35.1
23-01-2023 00:00:00,35.1
23-01-2023 00:30:00,35.1
23-01-2023 01:00:00,35.1
23-01-2023 01:30:00,35.1
23-01-2023 02:00:00,35.1
23-01-2023 02:30:00,35.1
23-01-2023 03:00:00,35.1
23-01-2023 03:30:00,35.1
23-01-2023 04:00:00,21.0
23-01-2023 04:30:00,21.0
23-01-2023 05:00:00,21.0
23-01-2023 05:30:00,21.0
23-01-2023 06:00:00,21.0
23-01-2023 06:30:00,21.0
23-01-2023 07:00:00,35.1
23-01-2023 07:30:00,35.1
23-01-2023 08:00:00,35.1
23-01-2023 08:30:00,35.1
23-01-2023 09:00:00,35.1
23-01-2023 09:30:00,35.1
23-01-2023 10:00:00,35.1
23-01-2023 10:30:00,35.1
23-01-2023 11:00:00,35.1
23-01-2023 11:30:00,35.1
23-01-2023 12:00:00,35.1
23-01-2023 12:30:00,35.1
23-01-2023 13:00:00,21.0
23-01-2023 13:30:00,21.0
23-01-2023 14:00:00,21.0
23-01-2023 14:30:00,21.0
23-01-2023 15:00:00,21.0
23-01-2023 15:30:00,21.0
23-01-2023 16:00:00,56.1
23-01-2023 16:30:00,56.1
23-01-2023 17:00:00,56.1
23-01-2023 17:30:00,56.1
23-01-2023 18:00:00,56.1
23-01-2023 18:30:00,56.1
23-01-2023 19:00:00,35.1
23-01-2023 19:30:00,35.1
23-01-2023 20:00:00,35.1
23-01-2023 20:30:00,35.1
23-01-2023 21:00:00,35.1
23-01-2023 21:30:00,35.1
23-01-2023 22:00:00,35.1
23-01-2023 22:30:00,35.1
23-01-2023 23:00:00,35.1
23-01-2023 23:30:00,35.1
24-01-2023 00:00:00,35.1
24-01-2023 00:30:00,35.1
24-01-2023 01:00:00,35.1
24-01-2023 01:30:00,35.1
24-01-2023 02:00:00,35.1
24-01-2023 02:30:00,35.1
24-01-2023 03:00:00,35.1
24-01-2023 03:30:00,35.1
24-01-2023 04:00:00,21.0
24-01-2023 04:30:00,21.0
24-01-2023 05:00:00,21.0
24-01-2023 05:30:00,21.0
24-01-2023 06:00:00,21.0
24-01-2023 06:30:00,21.0
24-01-2023 07:00:00,35.1
24-01-2023 07:30:00,35.1
24-01-2023 08:00:00,35.1
24-01-2023 08:30:00,35.1
24-01-2023 09:00:00,35.1
24-01-2023 09:30:00,35.1
24-01-2023 10:00:00,35.1
24-01-2023 10:30:00,35.1
24-01-2023 11:00:00,35.1
24-01-2023 11:30:00,35.1
24-01-2023 12:00:00,35.1
24-01-2023 12:30:00,35.1
24-01-2023 13:00:00,21.0
24-01-2023 13:30:00,21.0
24-01-2023 14:00:00,21.0
24-01-2023 14:30:00,21.0
24-01-2023 15:00:00,21.0
24-01-2023 15:30:00,21.0
24-01-2023 16:00:00,56.1
24-01-2023 16:30:00,56.1
24-01-2023 17:00:00,56.1
24-01-2023 17:30:00,56.1
24-01-2023 18:00:00,56.1
24-01-2023 18:30:00,56.1
24-01-2023 19:00:00,35.1
24-01-2023 19:30:00,35.1
24-01-2023 20:00:00,35.1
24-01-2023 20:30:00,35.1
24-01-2023 21:00:00,35.1
24-01-2023 21:30:00,35.1
24-01-2023 22:00:00,35.1
24-01-2023 22:30:00,35.1
24-01-2023 23:00:00,35.1
24-01-2023 23:30:00,35.1
25-01-2023 00:00:00,35.1
25-01-2023 00:30:00,35.1
25-01-2023 01:00:00,35.1
25-01-2023 01:30:00,35.1
25-01-2023 02:00:00,35.1
25-01-2023 02:30:00,35.1
25-01-2023 03:00:00,35.1
25-01-2023 03:30:00,35.1
25-01-2023 04:00:00,21.0
25-01-2023 04:30:00,21.0
25-01-2023 05:00:00,21.0
25-01-2023 05:30:00,21.0
25-01-2023 06:00:00,21.0
25-01-2023 06:30:00,21.0
25-01-2023 07:00:00,35.1
25-01-2023 07:30:00,35.1
25-01-2023 08:00:00,35.1
25-01-2023 08:30:00,35.1
25-01-2023 09:00:00,35.1
25-01-2023 09:30:00,35.1
25-01-2023 10:00:00,35.1
25-01-2023 10:30:00,35.1
25-01-2023 11:00:00,35.1
25-01-2023 11:30:00,35.1
25-01-2023 12:00:00,35.1
25-01-2023 12:30:00,35.1
25-01-2023 13:00:00,21.0
25-01-2023 13:30:00,21.0
25-01-2023 14:00:00,21.0
25-01-2023 14:30:00,21.0
25-01-2023 15:00:00,21.0
25-01-2023 15:30:00,21.0
25-01-2023 16:00:00,56.1
25-01-2023 16:30:00,56.1
25-01-2023 17:00:00,56.1
25-01-2023 17:30:00,56.1
25-01-2023 18:00:00,56.1
25-01-2023 18:30:00,56.1
25-01-2023 19:00:00,35.1
25-01-2023 19:30:00,35.1
25-01-2023 20:00:00,35.1
25-01-2023 20:30:00,35.1
25-01-2023 21:00:00,35.1
25-01-2023 21:30:00,35.1
25-01-2023 22:00:00,35.1
25-01-2023 22:30:00,35.1
25-01-2023 23:00:00,35.1
25-01-2023 23:30:00,35.1
26-01-2023 00:00:00,35.1
26-01-2023 00:30:00,35.1
26-01-2023 01:00:00,35.1
26-01-2023 01:30:00,35.1
26-01-2023 02:00:00,35.1
26-01-2023 02:30:00,35.1
26-01-2023 03:00:00,35.1
26-01-2023 03:30:00,35.1
26-01-2023 04:00:00,21.0
26-01-2023 04:30:00,21.0
26-01-2023 05:00:00,21.0
26-01-2023 05:30:00,21.0
26-01-2023 06:00:00,21.0
26-01-2023 06:30:00,21.0
26-01-2023 07:00:00,35.1
26-01-2023 07:30:00,35.1
26-01-2023 08:00:00,35.1
26-01-2023 08:30:00,35.1
26-01-2023 09:00:00,35.1
26-01-2023 09:30:00,35.1
26-01-2023 10:00:00,35.1
26-01-2023 10:30:00,35.1
26-01-2023 11:00:00,35.1
26-01-2023 11:30:00,35.1
26-01-2023 12:00:00,35.1
26-01-2023 12:30:00,35.1
26-01-2023 13:00:00,21.0
26-01-2023 13:30:00,21.0
26-01-2023 14:00:00,21.0
26-01-2023 14:30:00,21.0
26-01-2023 15:00:00,21.0
26-01-2023 15:30:00,21.0
26-01-2023 16:00:00,56.1
26-01-2023 16:30:00,56.1
26-01-2023 17:00:00,56.1
26-01-2023 17:30:00,56.1
26-01-2023 18:00:00,56.1
26-01-2023 18:30:00,56.1
26-01-2023 19:00:00,35.1
26-01-2023 19:30:00,35.1
26-01-2023 20:00:00,35.1
26-01-2023 20:30:00,35.1
26-01-2023 21:00:00,35.1
26-01-2023 21:30:00,35.1
26-01-2023 22:00:00,35.1
26-01-2023 22:30:00,35.1
26-01-2023 23:00:00,35.1
26-01-2023 23:30:00,35.1
27-01-2023 00:00:00,35.1
27-01-2023 00:30:00,35.1
27-01-2023 01:00:00,35.1
27-01-2023 01:30:00,35.1
27-01-2023 02:00:00,35.1
27-01-2023 02:30:00,35.1
27-01-2023 03:00:00,35.1
27-01-2023 03:30:00,35.1
27-01-2023 04:00:00,21.0
27-01-2023 04:30:00,21.0
27-01-2023 05:00:00,21.0
27-01-2023 05:30:00,21.0
27-01-2023 06:00:00,21.0
27-01-2023 06:30:00,21.0
27-01-2023 07:00:00,35.1
27-01-2023 07:30:00,35.1
27-01-2023 08:00:00,35.1
27-01-2023 08:30:00,35.1
27-01-2023 09:00:00,35.1
27-01-2023 09:30:00,35.1
27-01-2023 10:00:00,35.1
27-01-2023 10:30:00,35.1
27-01-2023 11:00:00,35.1
27-01-2023 11:30:00,35.1
27-01-2023 12:00:00,35.1
27-01-2023 12:30:00,35.1
27-01-2023 13:00:00,21.0
27-01-2023 13:30:00,21.0
27-01-2023 14:00:00,21.0
27-01-2023 14:30:00,21.0
27-01-2023 15:00:00,21.0
27-01-2023 15:30:00,21.0
27-01-2023 16:00:00,56.1
27-01-2023 16:30:00,56.1
27-01-2023 17:00:00,56.1
27-01-2023 17:30:00,56.1
27-01-2023 18:00:00,56.1
27-01-2023 18:30:00,56.1
27-01-2023 19:00:00,35.1
27-01-2023 19:30:00,35.1
27-01-2023 20:00:00,35.1
27-01-2023 20:30:00,35.1
27-01-2023 21:00:00,35.1
27-01-2023 21:30:00,35.1
27-01-2023 22:00:00,35.1
27-01-2023 22:30:00,35.1
27-01-2023 23:00:00,35.1
27-01-2023 23:30:00,35.1
28-01-2023 00:00:00,35.1
28-01-2023 00:30:00,35.1
28-01-2023 01:00:00,35.1
28-01-2023 01:30:00,35.1
28-01-2023 02:00:00,35.1
28-01-2023 02:30:00,35.1
28-01-2023 03:00:00,35.1
28-01-2023 03:30:00,35.1
28-01-2023 04:00:00,21.0
28-01-2023 04:30:00,21.0
28-01-2023 05:00:00,21.0
28-01-2023 05:30:00,21.0
28-01-2023 06:00:00,21.0
28-01-2023 06:30:00,21.0
28-01-2023 07:00:00,35.1
28-01-2023 07:30:00,35.1
28-01-2023 08:00:00,35.1
28-01-2023 08:30:00,35.1
28-01-2023 09:00:00,35.1
28-01-2023 09:30:00,35.1
28-01-2023 10:00:00,35.1
28-01-2023 10:30:00,35.1
28-01-2023 11:00:00,35.1
28-01-2023 11:30:00,35.1
28-01-2023 12:00:00,35.1
28-01-2023 12:30:00,35.1
28-01-2023 13:00:00,21.0
28-01-2023 13:30:00,21.0
28-01-2023 14:00:00,21.0
28-01-2023 14:30:00,21.0
28-01-2023 15:00:00,21.0
28-01-2023 15:30:00,21.0
28-01-2023 16:00:00,56.1
28-01-2023 16:30:00,56.1
28-01-2023 17:00:00,56.1
28-01-2023 17:30:00,56.1
28-01-2023 18:00:00,56.1
28-01-2023 18:30:00,56.1
28-01-2023 19:00:00,35.1
28-01-2023 19:30:00,35.1
28-01-2023 20:00:00,35.1
28-01-2023 20:30:00,35.1
28-01-2023 21:00:00,35.1
28-01-2023 21:30:00,35.1
28-01-2023 22:00:00,35.1
28-01-2023 22:30:00,35.1
28-01-2023 23:00:00,35.1
28-01-2023 23:30:00,35.1
29-01-2023 00:00:00,35.1
29-01-2023 00:30:00,35.1
29-01-2023 01:00:00,35.1
29-01-2023 01:30:00,35.1
29-01-2023 02:00:00,35.1
29-01-2023 02:30:00,35.1
29-01-2023 03:00:00,35.1
29-01-2023 03:30:00,35.1
29-01-2023 04:00:00,21.0
29-01-2023 04:30:00,21.0
29-01-2023 05:00:00,21.0
29-01-2023 05:30:00,21.0
29-01-2023 06:00:00,21.0
29-01-2023 06:30:00,21.0
29-01-2023 07:00:00,35.1
29-01-2023 07:30:00,35.1
29-01-2023 08:00:00,35.1
29-01-2023 08:30:00,35.1
29-01-2023 09:00:00,35.1
29-01-2023 09:30:00,35.1
29-01-2023 10:00:00,35.1
29-01-2023 10:30:00,35.1
29-01-2023 11:00:00,35.1
29-01-2023 11:30:00,35.1
29-01-2023 12:00:00,35.1
29-01-2023 12:30:00,35.1
29-01-2023 13:00:00,21.0
29-01-2023 13:30:00,21.0
29-01-2023 14:00:00,21.0
29-01-2023 14:30:00,21.0
29-01-2023 15:00:00,21.0
29-01-2023 15:30:00,21.0
29-01-2023 16:00:00,56.1
29-01-2023 16:30:00,56.1
29-01-2023 17:00:00,56.1
29-01-2023 17:30:00,56.1
29-01-2023 18:00:00,56.1
29-01-2023 18:30:00,56.1
29-01-2023 19:00:00,35.1
29-01-2023 19:30:00,35.1
29-01-2023 20:00:00,35.1
29-01-2023 20:30:00,35.1
29-01-2023 21:00:00,35.1
29-01-2023 21:30:00,35.1
29-01-2023 22:00:00,35.1
29-01-2023 22:30:00,35.1
29-01-2023 23:00:00,35.1
29-01-2023 23:30:00,35.1
30-01-2023 00:00:00,35.1
30-01-2023 00:30:00,35.1
30-01-2023 01:00:00,35.1
30-01-2023 01:30:00,35.1
30-01-2023 02:00:00,35.1
30-01-2023 02:30:00,35.1
30-01-2023 03:00:00,35.1
30-01-2023 03:30:00,35.1
30-01-2023 04:00:00,21.0
30-01-2023 04:30:00,21.0
30-01-2023 05:00:00,21.0
30-01-2023 05:30:00,21.0
30-01-2023 06:00:00,21.0
30-01-2023 06:30:00,21.0
30-01-2023 07:00:00,35.1
30-01-2023 07:30:00,35.1
30-01-2023 08:00:00,35.1
30-01-2023 08:30:00,35.1
30-01-2023 09:00:00,35.1
30-01-2023 09:30:00,35.1
30-01-2023 10:00:00,35.1
30-01-2023 10:30:00,35.1
30-01-2023 11:00:00,35.1
30-01-2023 11:30:00,35.1
30-01-2023 12:00:00,35.1
30-01-2023 12:30:00,35.1
30-01-2023 13:00:00,21.0
30-01-2023 13:30:00,21.0
30-01-2023 14:00:00,21.0
30-01-2023 14:30:00,21.0
30-01-2023 15:00:00,21.0
30-01-2023 15:30:00,21.0
30-01-2023 16:00:00,56.1
30-01-2023 16:30:00,56.1
30-01-2023 17:00:00,56.1
30-01-2023 17:30:00,56.1
30-01-2023 18:00:00,56.1
30-01-2023 18:30:00,56.1
30-01-2023 19:00:00,35.1
30-01-2023 19:30:00,35.1
30-01-2023 20:00:00,35.1
30-01-2023 20:30:00,35.1
30-01-2023 21:00:00,35.1
30-01-2023 21:30:00,35.1
30-01-2023 22:00:00,35.1
30-01-2023 22:30:00,35.1
30-01-2023 23:00:00,35.1
30-01-2023 23:30:00,35.1
31-01-2023 00:00:00,35.1
31-01-2023 00:30:00,35.1
31-01-2023 01:00:00,35.1
31-01-2023 01:30:00,35.1
31-01-2023 02:00:00,35.1
31-01-2023 02:30:00,35.1
31-01-2023 03:00:00,35.1
31-01-2023 03:30:00,35.1
31-01-2023 04:00:00,21.0
31-01-2023 04:30:00,21.0
31-01-2023 05:00:00,21.0
31-01-2023 05:30:00,21.0
31-01-2023 06:00:00,21.0
31-01-2023 06:30:00,21.0
31-01-2023 07:00:00,35.1
31-01-2023 07:30:00,35.1
31-01-2023 08:00:00,35.1
31-01-2023 08:30:00,35.1
31-01-2023 09:00:00,35.1
31-01-2023 09:30:00,35.1
31-01-2023 10:00:00,35.1
31-01-2023 10:30:00,35.1
31-01-2023 11:00:00,35.1
31-01-2023 11:30:00,35.1
31-01-2023 12:00:00,35.1
31-01-2023 12:30:00,35.1
31-01-2023 13:00:00,21.0
31-01-2023 13:30:00,21.0
31-01-2023 14:00:00,21.0
31-01-2023 14:30:00,21.0
31-01-2023 15:00:00,21.0
31-01-2023 15:30:00,21.0
31-01-2023 16:00:00,56.1
31-01-2023 16:30:00,56.1
31-01-2023 17:00:00,56.1
31-01-2023 17:30:00,56.1
31-01-2023 18:00:00,56.1
31-01-2023 18:30:00,56.1
31-01-2023 19:00:00,35.1
31-01-2023 19:30:00,35.1
31-01-2023 20:00:00,35.1
31-01-2023 20:30:00,35.1
31-01-2023 21:00:00,35.1
31-01-2023 21:30:00,35.1
31-01-2023 22:00:00,35.1
31-01-2023 22:30:00,35.1
31-01-2023 23:00:00,35.1
31-01-2023 23:30:00,35.1
01-02-2023 00:00:00,35.1
01-02-2023 00:30:00,35.1
01-02-2023 01:00:00,35.1
01-02-2023 01:30:00,35.1
01-02-2023 02:00:00,35.1
01-02-2023 02:30:00,35.1
01-02-2023 03:00:00,35.1
01-02-2023 03:30:00,35.1
01-02-2023 04:00:00,21.0
01-02-2023 04:30:00,21.0
01-02-2023 05:00:00,21.0
01-02-2023 05:30:00,21.0
01-02-2023 06:00:00,21.0
01-02-2023 06:30:00,21.0
01-02-2023 07:00:00,35.1
01-02-2023 07:30:00,35.1
01-02-2023 08:00:00,35.1
01-02-2023 08:30:00,35.1
01-02-2023 09:00:00,35.1
01-02-2023 09:30:00,35.1
01-02-2023 10:00:00,35.1
01-02-2023 10:30:00,35.1
01-02-2023 11:00:00,35.1
01-02-2023 11:30:00,35.1
01-02-2023 12:00:00,35.1
01-02-2023 12:30:00,35.1
01-02-2023 13:00:00,21.0
01-02-2023 13:30:00,21.0
01-02-2023 14:00:00,21.0
01-02-2023 14:30:00,21.0
01-02-2023 15:00:00,21.0
01-02-2023 15:30:00,21.0
01-02-2023 16:00:00,56.1
01-02-2023 16:30:00,56.1
01-02-2023 17:00:00,56.1
01-02-2023 17:30:00,56.1
01-02-2023 18:00:00,56.1
01-02-2023 18:30:00,56.1
01-02-2023 19:00:00,35.1
01-02-2023 19:30:00,35.1
01-02-2023 20:00:00,35.1
01-02-2023 20:30:00,35.1
01-02-2023 21:00:00,35.1
01-02-2023 21:30:00,35.1
01-02-2023 22:00:00,35.1
01-02-2023 22:30:00,35.1
01-02-2023 23:00:00,35.1
01-02-2023 23:30:00,35.1
02-02-2023 00:00:00,35.1
02-02-2023 00:30:00,35.1
02-02-2023 01:00:00,35.1
02-02-2023 01:30:00,35.1
02-02-2023 02:00:00,35.1
02-02-2023 02:30:00,35.1
02-02-2023 03:00:00,35.1
02-02-2023 03:30:00,35.1
02-02-2023 04:00:00,21.0
02-02-2023 04:30:00,21.0
02-02-2023 05:00:00,21.0
02-02-2023 05:30:00,21.0
02-02-2023 06:00:00,21.0
02-02-2023 06:30:00,21.0
02-02-2023 07:00:00,35.1
02-02-2023 07:30:00,35.1
02-02-2023 08:00:00,35.1
02-02-2023 08:30:00,35.1
02-02-2023 09:00:00,35.1
02-02-2023 09:30:00,35.1
02-02-2023 10:00:00,35.1
02-02-2023 10:30:00,35.1
02-02-2023 11:00:00,35.1
02-02-2023 11:30:00,35.1
02-02-2023 12:00:00,35.1
02-02-2023 12:30:00,35.1
02-02-2023 13:00:00,21.0
02-02-2023 13:30:00,21.0
02-02-2023 14:00:00,21.0
02-02-2023 14:30:00,21.0
02-02-2023 15:00:00,21.0
02-02-2023 15:30:00,21.0
02-02-2023 16:00:00,56.1
02-02-2023 16:30:00,56.1
02-02-2023 17:00:00,56.1
02-02-2023 17:30:00,56.1
02-02-2023 18:00:00,56.1
02-02-2023 18:30:00,56.1
02-02-2023 19:00:00,35.1
02-02-2023 19:30:00,35.1
02-02-2023 20:00:00,35.1
02-02-2023 20:30:00,35.1
02-02-2023 21:00:00,35.1
02-02-2023 21:30:00,35.1
02-02-2023 22:00:00,35.1
02-02-2023 22:30:00,35.1
02-02-2023 23:00:00,35.1
02-02-2023 23:30:00,35.1
03-02-2023 00:00:00,35.1
03-02-2023 00:30:00,35.1
03-02-2023 01:00:00,35.1
03-02-2023 01:30:00,35.1
03-02-2023 02:00:00,35.1
03-02-2023 02:30:00,35.1
03-02-2023 03:00:00,35.1
03-02-2023 03:30:00,35.1
03-02-2023 04:00:00,21.0
03-02-2023 04:30:00,21.0
03-02-2023 05:00:00,21.0
03-02-2023 05:30:00,21.0
03-02-2023 06:00:00,21.0
03-02-2023 06:30:00,21.0
03-02-2023 07:00:00,35.1
03-02-2023 07:30:00,35.1
03-02-2023 08:00:00,35.1
03-02-2023 08:30:00,35.1
03-02-2023 09:00:00,35.1
03-02-2023 09:30:00,35.1
03-02-2023 10:00:00,35.1
03-02-2023 10:30:00,35.1
03-02-2023 11:00:00,35.1
03-02-2023 11:30:00,35.1
03-02-2023 12:00:00,35.1
03-02-2023 12:30:00,35.1
03-02-2023 13:00:00,21.0
03-02-2023 13:30:00,21.0
03-02-2023 14:00:00,21.0
03-02-2023 14:30:00,21.0
03-02-2023 15:00:00,21.0
03-02-2023 15:30:00,21.0
03-02-2023 16:00:00,56.1
03-02-2023 16:30:00,56.1
03-02-2023 17:00:00,56.1
03-02-2023 17:30:00,56.1
03-02-2023 18:00:00,56.1
03-02-2023 18:30:00,56.1
03-02-2023 19:00:00,35.1
03-02-2023 19:30:00,35.1
03-02-2023 20:00:00,35.1
03-02-2023 20:30:00,35.1
03-02-2023 21:00:00,35.1
03-02-2023 21:30:00,35.1
03-02-2023 22:00:00,35.1
03-02-2023 22:30:00,35.1
03-02-2023 23:00:00,35.1
03-02-2023 23:30:00,35.1
04-02-2023 00:00:00,35.1
04-02-2023 00:30:00,35.1
04-02-2023 01:00:00,35.1
04-02-2023 01:30:00,35.1
04-02-2023 02:00:00,35.1
04-02-2023 02:30:00,35.1
04-02-2023 03:00:00,35.1
04-02-2023 03:30:00,35.1
04-02-2023 04:00:00,21.0
04-02-2023 04:30:00,21.0
04-02-2023 05:00:00,21.0
04-02-2023 05:30:00,21.0
04-02-2023 06:00:00,21.0
04-02-2023 06:30:00,21.0
04-02-2023 07:00:00,35.1
04-02-2023 07:30:00,35.1
04-02-2023 08:00:00,35.1
04-02-2023 08:30:00,35.1
04-02-2023 09:00:00,35.1
04-02-2023 09:30:00,35.1
04-02-2023 10:00:00,35.1
04-02-2023 10:30:00,35.1
04-02-2023 11:00:00,35.1
04-02-2023 11:30:00,35.1
04-02-2023 12:00:00,35.1
04-02-2023 12:30:00,35.1
04-02-2023 13:00:00,21.0
04-02-2023 13:30:00,21.0
04-02-2023 14:00:00,21.0
04-02-2023 14:30:00,21.0
04-02-2023 15:00:00,21.0
04-02-2023 15:30:00,21.0
04-02-2023 16:00:00,56.1
04-02-2023 16:30:00,56.1
04-02-2023 17:00:00,56.1
04-02-2023 17:30:00,56.1
04-02-2023 18:00:00,56.1
04-02-2023 18:30:00,56.1
04-02-2023 19:00:00,35.1
04-02-2023 19:30:00,35.1
04-02-2023 20:00:00,35.1
04-02-2023 20:30:00,35.1
04-02-2023 21:00:00,35.1
04-02-2023 21:30:00,35.1
04-02-2023 22:00:00,35.1
04-02-2023 22:30:00,35.1
04-02-2023 23:00:00,35.1
04-02-2023 23:30:00,35.1
05-02-2023 00:00:00,35.1
05-02-2023 00:30:00,35.1
05-02-2023 01:00:00,35.1
05-02-2023 01:30:00,35.1
05-02-2023 02:00:00,35.1
05-02-2023 02:30:00,35.1
05-02-2023 03:00:00,35.1
05-02-2023 03:30:00,35.1
05-02-2023 04:00:00,21.0
05-02-2023 04:30:00,21.0
05-02-2023 05:00:00,21.0
05-02-2023 05:30:00,21.0
05-02-2023 06:00:00,21.0
05-02-2023 06:30:00,21.0
05-02-2023 07:00:00,35.1
05-02-2023 07:30:00,35.1
05-02-2023 08:00:00,35.1
05-02-2023 08:30:00,35.1
05-02-2023 09:00:00,35.1
05-02-2023 09:30:00,35.1
05-02-2023 10:00:00,35.1
05-02-2023 10:30:00,35.1
05-02-2023 11:00:00,35.1
05-02-2023 11:30:00,35.1
05-02-2023 12:00:00,35.1
05-02-2023 12:30:00,35.1
05-02-2023 13:00:00,21.0
05-02-2023 13:30:00,21.0
05-02-2023 14:00:00,21.0
05-02-2023 14:30:00,21.0
05-02-2023 15:00:00,21.0
05-02-2023 15:30:00,21.0
05-02-2023 16:00:00,56.1
05-02-2023 16:30:00,56.1
05-02-2023 17:00:00,56.1
05-02-2023 17:30:00,56.1
05-02-2023 18:00:00,56.1
05-02-2023 18:30:00,56.1
05-02-2023 19:00:00,35.1
05-02-2023 19:30:00,35.1
05-02-2023 20:00:00,35.1
05-02-2023 20:30:00,35.1
05-02-2023 21:00:00,35.1
05-02-2023 21:30:00,35.1
05-02-2023 22:00:00,35.1
05-02-2023 22:30:00,35.1
05-02-2023 23:00:00,35.1
05-02-2023 23:30:00,35.1
06-02-2023 00:00:00,35.1
06-02-2023 00:30:00,35.1
06-02-2023 01:00:00,35.1
06-02-2023 01:30:00,35.1
06-02-2023 02:00:00,35.1
06-02-2023 02:30:00,35.1
06-02-2023 03:00:00,35.1
06-02-2023 03:30:00,35.1
06-02-2023 04:00:00,21.0
06-02-2023 04:30:00,21.0
06-02-2023 05:00:00,21.0
06-02-2023 05:30:00,21.0
06-02-2023 06:00:00,21.0
06-02-2023 06:30:00,21.0
06-02-2023 07:00:00,35.1
06-02-2023 07:30:00,35.1
06-02-2023 08:00:00,35.1
06-02-2023 08:30:00,35.1
06-02-2023 09:00:00,35.1
06-02-2023 09:30:00,35.1
06-02-2023 10:00:00,35.1
06-02-2023 10:30:00,35.1
06-02-2023 11:00:00,35.1
06-02-2023 11:30:00,35.1
06-02-2023 12:00:00,35.1
06-02-2023 12:30:00,35.1
06-02-2023 13:00:00,21.0
06-02-2023 13:30:00,21.0
06-02-2023 14:00:00,21.0
06-02-2023 14:30:00,21.0
06-02-2023 15:00:00,21.0
06-02-2023 15:30:00,21.0
06-02-2023 16:00:00,56.1
06-02-2023 16:30:00,56.1
06-02-2023 17:00:00,56.1
06-02-2023 17:30:00,56.1
06-02-2023 18:00:00,56.1
06-02-2023 18:30:00,56.1
06-02-2023 19:00:00,35.1
06-02-2023 19:30:00,35.1
06-02-2023 20:00:00,35.1
06-02-2023 20:30:00,35.1
06-02-2023 21:00:00,35.1
06-02-2023 21:30:00,35.1
06-02-2023 22:00:00,35.1
06-02-2023 22:30:00,35.1
06-02-2023 23:00:00,35.1
06-02-2023 23:30:00,35.1
07-02-2023 00:00:00,35.1
07-02-2023 00:30:00,35.1
07-02-2023 01:00:00,35.1
07-02-2023 01:30:00,35.1
07-02-2023 02:00:00,35.1
07-02-2023 02:30:00,35.1
07-02-2023 03:00:00,35.1
07-02-2023 03:30:00,35.1
07-02-2023 04:00:00,21.0
07-02-2023 04:30:00,21.0
07-02-2023 05:00:00,21.0
07-02-2023 05:30:00,21.0
07-02-2023 06:00:00,21.0
07-02-2023 06:30:00,21.0
07-02-2023 07:00:00,35.1
07-02-2023 07:30:00,35.1
07-02-2023 08:00:00,35.1
07-02-2023 08:30:00,35.1
07-02-2023 09:00:00,35.1
07-02-2023 09:30:00,35.1
07-02-2023 10:00:00,35.1
07-02-2023 10:30:00,35.1
07-02-2023 11:00:00,35.1
07-02-2023 11:30:00,35.1
07-02-2023 12:00:00,35.1
07-02-2023 12:30:00,35.1
07-02-2023 13:00:00,21.0
07-02-2023 13:30:00,21.0
07-02-2023 14:00:00,21.0
07-02-2023 14:30:00,21.0
07-02-2023 15:00:00,21.0
07-02-2023 15:30:00,21.0
07-02-2023 16:00:00,56.1
07-02-2023 16:30:00,56.1
07-02-2023 17:00:00,56.1
07-02-2023 17:30:00,56.1
07-02-2023 18:00:00,56.1
07-02-2023 18:30:00,56.1
07-02-2023 19:00:00,35.1
07-02-2023 19:30:00,35.1
07-02-2023 20:00:00,35.1
07-02-2023 20:30:00,35.1
07-02-2023 21:00:00,35.1
07-02-2023 21:30:00,35.1
07-02-2023 22:00:00,35.1
07-02-2023 22:30:00,35.1
07-02-2023 23:00:00,35.1
07-02-2023 23:30:00,35.1
08-02-2023 00:00:00,35.1
08-02-2023 00:30:00,35.1
08-02-2023 01:00:00,35.1
08-02-2023 01:30:00,35.1
08-02-2023 02:00:00,35.1
08-02-2023 02:30:00,35.1
08-02-2023 03:00:00,35.1
08-02-2023 03:30:00,35.1
08-02-2023 04:00:00,21.0
08-02-2023 04:30:00,21.0
08-02-2023 05:00:00,21.0
08-02-2023 05:30:00,21.0
08-02-2023 06:00:00,21.0
08-02-2023 06:30:00,21.0
08-02-2023 07:00:00,35.1
08-02-2023 07:30:00,35.1
08-02-2023 08:00:00,35.1
08-02-2023 08:30:00,35.1
08-02-2023 09:00:00,35.1
08-02-2023 09:30:00,35.1
08-02-2023 10:00:00,35.1
08-02-2023 10:30:00,35.1
08-02-2023 11:00:00,35.1
08-02-2023 11:30:00,35.1
08-02-2023 12:00:00,35.1
08-02-2023 12:30:00,35.1
08-02-2023 13:00:00,21.0
08-02-2023 13:30:00,21.0
08-02-2023 14:00:00,21.0
08-02-2023 14:30:00,21.0
08-02-2023 15:00:00,21.0
08-02-2023 15:30:00,21.0
08-02-2023 16:00:00,56.1
08-02-2023 16:30:00,56.1
08-02-2023 17:00:00,56.1
08-02-2023 17:30:00,56.1
08-02-2023 18:00:00,56.1
08-02-2023 18:30:00,56.1
08-02-2023 19:00:00,35.1
08-02-2023 19:30:00,35.1
08-02-2023 20:00:00,35.1
08-02-2023 20:30:00,35.1
08-02-2023 21:00:00,35.1
08-02-2023 21:30:00,35.1
08-02-2023 22:00:00,35.1
08-02-2023 22:30:00,35.1
08-02-2023 23:00:00,35.1
08-02-2023 23:30:00,35.1
09-02-2023 00:00:00,35.1
09-02-2023 00:30:00,35.1
09-02-2023 01:00:00,35.1
09-02-2023 01:30:00,35.1
09-02-2023 02:00:00,35.1
09-02-2023 02:30:00,35.1
09-02-2023 03:00:00,35.1
09-02-2023 03:30:00,35.1
09-02-2023 04:00:00,21.0
09-02-2023 04:30:00,21.0
09-02-2023 05:00:00,21.0
09-02-2023 05:30:00,21.0
09-02-2023 06:00:00,21.0
09-02-2023 06:30:00,21.0
09-02-2023 07:00:00,35.1
09-02-2023 07:30:00,35.1
09-02-2023 08:00:00,35.1
09-02-2023 08:30:00,35.1
09-02-2023 09:00:00,35.1
09-02-2023 09:30:00,35.1
09-02-2023 10:00:00,35.1
09-02-2023 10:30:00,35.1
09-02-2023 11:00:00,35.1
09-02-2023 11:30:00,35.1
09-02-2023 12:00:00,35.1
09-02-2023 12:30:00,35.1
09-02-2023 13:00:00,21.0
09-02-2023 13:30:00,21.0
09-02-2023 14:00:00,21.0
09-02-2023 14:30:00,21.0
09-02-2023 15:00:00,21.0
09-02-2023 15:30:00,21.0
09-02-2023 16:00:00,56.1
09-02-2023 16:30:00,56.1
09-02-2023 17:00:00,56.1
09-02-2023 17:30:00,56.1
09-02-2023 18:00:00,56.1
09-02-2023 18:30:00,56.1
09-02-2023 19:00:00,35.1
09-02-2023 19:30:00,35.1
09-02-2023 20:00:00,35.1
09-02-2023 20:30:00,35.1
09-02-2023 21:00:00,35.1
09-02-2023 21:30:00,35.1
09-02-2023 22:00:00,35.1
09-02-2023 22:30:00,35.1
09-02-2023 23:00:00,35.1
09-02-2023 23:30:00,35.1
10-02-2023 00:00:00,35.1
10-02-2023 00:30:00,35.1
10-02-2023 01:00:00,35.1
10-02-2023 01:30:00,35.1
10-02-2023 02:00:00,35.1
10-02-2023 02:30:00,35.1
10-02-2023 03:00:00,35.1
10-02-2023 03:30:00,35.1
10-02-2023 04:00:00,21.0
10-02-2023 04:30:00,21.0
10-02-2023 05:00:00,21.0
10-02-2023 05:30:00,21.0
10-02-2023 06:00:00,21.0
10-02-2023 06:30:00,21.0
10-02-2023 07:00:00,35.1
10-02-2023 07:30:00,35.1
10-02-2023 08:00:00,35.1
10-02-2023 08:30:00,35.1
10-02-2023 09:00:00,35.1
10-02-2023 09:30:00,35.1
10-02-2023 10:00:00,35.1
10-02-2023 10:30:00,35.1
10-02-2023 11:00:00,35.1
10-02-2023 11:30:00,35.1
10-02-2023 12:00:00,35.1
10-02-2023 12:30:00,35.1
10-02-2023 13:00:00,21.0
10-02-2023 13:30:00,21.0
10-02-2023 14:00:00,21.0
10-02-2023 14:30:00,21.0
10-02-2023 15:00:00,21.0
10-02-2023 15:30:00,21.0
10-02-2023 16:00:00,56.1
10-02-2023 16:30:00,56.1
10-02-2023 17:00:00,56.1
10-02-2023 17:30:00,56.1
10-02-2023 18:00:00,56.1
10-02-2023 18:30:00,56.1
10-02-2023 19:00:00,35.1
10-02-2023 19:30:00,35.1
10-02-2023 20:00:00,35.1
10-02-2023 20:30:00,35.1
10-02-2023 21:00:00,35.1
10-02-2023 21:30:00,35.1
10-02-2023 22:00:00,35.1
10-02-2023 22:30:00,35.1
10-02-2023 23:00:00,35.1
10-02-2023 23:30:00,35.1
11-02-2023 00:00:00,35.1
11-02-2023 00:30:00,35.1
11-02-2023 01:00:00,35.1
11-02-2023 01:30:00,35.1
11-02-2023 02:00:00,35.1
11-02-2023 02:30:00,35.1
11-02-2023 03:00:00,35.1
11-02-2023 03:30:00,35.1
11-02-2023 04:00:00,21.0
11-02-2023 04:30:00,21.0
11-02-2023 05:00:00,21.0
11-02-2023 05:30:00,21.0
11-02-2023 06:00:00,21.0
11-02-2023 06:30:00,21.0
11-02-2023 07:00:00,35.1
11-02-2023 07:30:00,35.1
11-02-2023 08:00:00,35.1
11-02-2023 08:30:00,35.1
11-02-2023 09:00:00,35.1
11-02-2023 09:30:00,35.1
11-02-2023 10:00:00,35.1
11-02-2023 10:30:00,35.1
11-02-2023 11:00:00,35.1
11-02-2023 11:30:00,35.1
11-02-2023 12:00:00,35.1
11-02-2023 12:30:00,35.1
11-02-2023 13:00:00,21.0
11-02-2023 13:30:00,21.0
11-02-2023 14:00:00,21.0
11-02-2023 14:30:00,21.0
11-02-2023 15:00:00,21.0
11-02-2023 15:30:00,21.0
11-02-2023 16:00:00,56.1
11-02-2023 16:30:00,56.1
11-02-2023 17:00:00,56.1
11-02-2023 17:30:00,56.1
11-02-2023 18:00:00,56.1
11-02-2023 18:30:00,56.1
11-02-2023 19:00:00,35.1
11-02-2023 19:30:00,35.1
11-02-2023 20:00:00,35.1
11-02-2023 20:30:00,35.1
11-02-2023 21:00:00,35.1
11-02-2023 21:30:00,35.1
11-02-2023 22:00:00,35.1
11-02-2023 22:30:00,35.1
11-02-2023 23:00:00,35.1
11-02-2023 23:30:00,35.1
12-02-2023 00:00:00,35.1
12-02-2023 00:30:00,35.1
12-02-2023 01:00:00,35.1
12-02-2023 01:30:00,35.1
12-02-2023 02:00:00,35.1
12-02-2023 02:30:00,35.1
12-02-2023 03:00:00,35.1
12-02-2023 03:30:00,35.1
12-02-2023 04:00:00,21.0
12-02-2023 04:30:00,21.0
12-02-2023 05:00:00,21.0
12-02-2023 05:30:00,21.0
12-02-2023 06:00:00,21.0
12-02-2023 06:30:00,21.0
12-02-2023 07:00:00,35.1
12-02-2023 07:30:00,35.1
12-02-2023 08:00:00,35.1
12-02-2023 08:30:00,35.1
12-02-2023 09:00:00,35.1
12-02-2023 09:30:00,35.1
12-02-2023 10:00:00,35.1
12-02-2023 10:30:00,35.1
12-02-2023 11:00:00,35.1
12-02-2023 11:30:00,35.1
12-02-2023 12:00:00,35.1
12-02-2023 12:30:00,35.1
12-02-2023 13:00:00,21.0
12-02-2023 13:30:00,21.0
12-02-2023 14:00:00,21.0
12-02-2023 14:30:00,21.0
12-02-2023 15:00:00,21.0
12-02-2023 15:30:00,21.0
12-02-2023 16:00:00,56.1
12-02-2023 16:30:00,56.1
12-02-2023 17:00:00,56.1
12-02-2023 17:30:00,56.1
12-02-2023 18:00:00,56.1
12-02-2023 18:30:00,56.1
12-02-2023 19:00:00,35.1
12-02-2023 19:30:00,35.1
12-02-2023 20:00:00,35.1
12-02-2023 20:30:00,35.1
12-02-2023 21:00:00,35.1
12-02-2023 21:30:00,35.1
12-02-2023 22:00:00,35.1
12-02-2023 22:30:00,35.1
12-02-2023 23:00:00,35.1
12-02-2023 23:30:00,35.1
13-02-2023 00:00:00,35.1
13-02-2023 00:30:00,35.1
13-02-2023 01:00:00,35.1
13-02-2023 01:30:00,35.1
13-02-2023 02:00:00,35.1
13-02-2023 02:30:00,35.1
13-02-2023 03:00:00,35.1
13-02-2023 03:30:00,35.1
13-02-2023 04:00:00,21.0
13-02-2023 04:30:00,21.0
13-02-2023 05:00:00,21.0
13-02-2023 05:30:00,21.0
13-02-2023 06:00:00,21.0
13-02-2023 06:30:00,21.0
13-02-2023 07:00:00,35.1
13-02-2023 07:30:00,35.1
13-02-2023 08:00:00,35.1
13-02-2023 08:30:00,35.1
13-02-2023 09:00:00,35.1
13-02-2023 09:30:00,35.1
13-02-2023 10:00:00,35.1
13-02-2023 10:30:00,35.1
13-02-2023 11:00:00,35.1
13-02-2023 11:30:00,35.1
13-02-2023 12:00:00,35.1
13-02-2023 12:30:00,35.1
13-02-2023 13:00:00,21.0
13-02-2023 13:30:00,21.0
13-02-2023 14:00:00,21.0
13-02-2023 14:30:00,21.0
13-02-2023 15:00:00,21.0
13-02-2023 15:30:00,21.0
13-02-2023 16:00:00,56.1
13-02-2023 16:30:00,56.1
13-02-2023 17:00:00,56.1
13-02-2023 17:30:00,56.1
13-02-2023 18:00:00,56.1
13-02-2023 18:30:00,56.1
13-02-2023 19:00:00,35.1
13-02-2023 19:30:00,35.1
13-02-2023 20:00:00,35.1
13-02-2023 20:30:00,35.1
13-02-2023 21:00:00,35.1
13-02-2023 21:30:00,35.1
13-02-2023 22:00:00,35.1
13-02-2023 22:30:00,35.1
13-02-2023 23:00:00,35.1
13-02-2023 23:30:00,35.1
14-02-2023 00:00:00,35.1
14-02-2023 00:30:00,35.1
14-02-2023 01:00:00,35.1
14-02-2023 01:30:00,35.1
14-02-2023 02:00:00,35.1
14-02-2023 02:30:00,35.1
14-02-2023 03:00:00,35.1
14-02-2023 03:30:00,35.1
14-02-2023 04:00:00,21.0
14-02-2023 04:30:00,21.0
14-02-2023 05:00:00,21.0
14-02-2023 05:30:00,21.0
14-02-2023 06:00:00,21.0
14-02-2023 06:30:00,21.0
14-02-2023 07:00:00,35.1
14-02-2023 07:30:00,35.1
14-02-2023 08:00:00,35.1
14-02-2023 08:30:00,35.1
14-02-2023 09:00:00,35.1
14-02-2023 09:30:00,35.1
14-02-2023 10:00:00,35.1
14-02-2023 10:30:00,35.1
14-02-2023 11:00:00,35.1
14-02-2023 11:30:00,35.1
14-02-2023 12:00:00,35.1
14-02-2023 12:30:00,35.1
14-02-2023 13:00:00,21.0
14-02-2023 13:30:00,21.0
14-02-2023 14:00:00,21.0
14-02-2023 14:30:00,21.0
14-02-2023 15:00:00,21.0
14-02-2023 15:30:00,21.0
14-02-2023 16:00:00,56.1
14-02-2023 16:30:00,56.1
14-02-2023 17:00:00,56.1
14-02-2023 17:30:00,56.1
14-02-2023 18:00:00,56.1
14-02-2023 18:30:00,56.1
14-02-2023 19:00:00,35.1
14-02-2023 19:30:00,35.1
14-02-2023 20:00:00,35.1
14-02-2023 20:30:00,35.1
14-02-2023 21:00:00,35.1
14-02-2023 21:30:00,35.1
14-02-2023 22:00:00,35.1
14-02-2023 22:30:00,35.1
14-02-2023 23:00:00,35.1
14-02-2023 23:30:00,35.1
15-02-2023 00:00:00,35.1
15-02-2023 00:30:00,35.1
15-02-2023 01:00:00,35.1
15-02-2023 01:30:00,35.1
15-02-2023 02:00:00,35.1
15-02-2023 02:30:00,35.1
15-02-2023 03:00:00,35.1
15-02-2023 03:30:00,35.1
15-02-2023 04:00:00,21.0
15-02-2023 04:30:00,21.0
15-02-2023 05:00:00,21.0
15-02-2023 05:30:00,21.0
15-02-2023 06:00:00,21.0
15-02-2023 06:30:00,21.0
15-02-2023 07:00:00,35.1
15-02-2023 07:30:00,35.1
15-02-2023 08:00:00,35.1
15-02-2023 08:30:00,35.1
15-02-2023 09:00:00,35.1
15-02-2023 09:30:00,35.1
15-02-2023 10:00:00,35.1
15-02-2023 10:30:00,35.1
15-02-2023 11:00:00,35.1
15-02-2023 11:30:00,35.1
15-02-2023 12:00:00,35.1
15-02-2023 12:30:00,35.1
15-02-2023 13:00:00,21.0
15-02-2023 13:30:00,21.0
15-02-2023 14:00:00,21.0
15-02-2023 14:30:00,21.0
15-02-2023 15:00:00,21.0
15-02-2023 15:30:00,21.0
15-02-2023 16:00:00,56.1
15-02-2023 16:30:00,56.1
15-02-2023 17:00:00,56.1
15-02-2023 17:30:00,56.1
15-02-2023 18:00:00,56.1
15-02-2023 18:30:00,56.1
15-02-2023 19:00:00,35.1
15-02-2023 19:30:00,35.1
15-02-2023 20:00:00,35.1
15-02-2023 20:30:00,35.1
15-02-2023 21:00:00,35.1
15-02-2023 21:30:00,35.1
15-02-2023 22:00:00,35.1
15-02-2023 22:30:00,35.1
15-02-2023 23:00:00,35.1
15-02-2023 23:30:00,35.1
16-02-2023 00:00:00,35.1
16-02-2023 00:30:00,35.1
16-02-2023 01:00:00,35.1
16-02-2023 01:30:00,35.1
16-02-2023 02:00:00,35.1
16-02-2023 02:30:00,35.1
16-02-2023 03:00:00,35.1
16-02-2023 03:30:00,35.1
16-02-2023 04:00:00,21.0
16-02-2023 04:30:00,21.0
16-02-2023 05:00:00,21.0
16-02-2023 05:30:00,21.0
16-02-2023 06:00:00,21.0
16-02-2023 06:30:00,21.0
16-02-2023 07:00:00,35.1
16-02-2023 07:30:00,35.1
16-02-2023 08:00:00,35.1
16-02-2023 08:30:00,35.1
16-02-2023 09:00:00,35.1
16-02-2023 09:30:00,35.1
16-02-2023 10:00:00,35.1
16-02-2023 10:30:00,35.1
16-02-2023 11:00:00,35.1
16-02-2023 11:30:00,35.1
16-02-2023 12:00:00,35.1
16-02-2023 12:30:00,35.1
16-02-2023 13:00:00,21.0
16-02-2023 13:30:00,21.0
16-02-2023 14:00:00,21.0
16-02-2023 14:30:00,21.0
16-02-2023 15:00:00,21.0
16-02-2023 15:30:00,21.0
16-02-2023 16:00:00,56.1
16-02-2023 16:30:00,56.1
16-02-2023 17:00:00,56.1
16-02-2023 17:30:00,56.1
16-02-2023 18:00:00,56.1
16-02-2023 18:30:00,56.1
16-02-2023 19:00:00,35.1
16-02-2023 19:30:00,35.1
16-02-2023 20:00:00,35.1
16-02-2023 20:30:00,35.1
16-02-2023 21:00:00,35.1
16-02-2023 21:30:00,35.1
16-02-2023 22:00:00,35.1
16-02-2023 22:30:00,35.1
16-02-2023 23:00:00,35.1
16-02-2023 23:30:00,35.1
17-02-2023 00:00:00,35.1
17-02-2023 00:30:00,35.1
17-02-2023 01:00:00,35.1
17-02-2023 01:30:00,35.1
17-02-2023 02:00:00,35.1
17-02-2023 02:30:00,35.1
17-02-2023 03:00:00,35.1
17-02-2023 03:30:00,35.1
17-02-2023 04:00:00,21.0
17-02-2023 04:30:00,21.0
17-02-2023 05:00:00,21.0
17-02-2023 05:30:00,21.0
17-02-2023 06:00:00,21.0
17-02-2023 06:30:00,21.0
17-02-2023 07:00:00,35.1
17-02-2023 07:30:00,35.1
17-02-2023 08:00:00,35.1
17-02-2023 08:30:00,35.1
17-02-2023 09:00:00,35.1
17-02-2023 09:30:00,35.1
17-02-2023 10:00:00,35.1
17-02-2023 10:30:00,35.1
17-02-2023 11:00:00,35.1
17-02-2023 11:30:00,35.1
17-02-2023 12:00:00,35.1
17-02-2023 12:30:00,35.1
17-02-2023 13:00:00,21.0
17-02-2023 13:30:00,21.0
17-02-2023 14:00:00,21.0
17-02-2023 14:30:00,21.0
17-02-2023 15:00:00,21.0
17-02-2023 15:30:00,21.0
17-02-2023 16:00:00,56.1
17-02-2023 16:30:00,56.1
17-02-2023 17:00:00,56.1
17-02-2023 17:30:00,56.1
17-02-2023 18:00:00,56.1
17-02-2023 18:30:00,56.1
17-02-2023 19:00:00,35.1
17-02-2023 19:30:00,35.1
17-02-2023 20:00:00,35.1
17-02-2023 20:30:00,35.1
17-02-2023 21:00:00,35.1
17-02-2023 21:30:00,35.1
17-02-2023 22:00:00,35.1
17-02-2023 22:30:00,35.1
17-02-2023 23:00:00,35.1
17-02-2023 23:30:00,35.1
18-02-2023 00:00:00,35.1
18-02-2023 00:30:00,35.1
18-02-2023 01:00:00,35.1
18-02-2023 01:30:00,35.1
18-02-2023 02:00:00,35.1
18-02-2023 02:30:00,35.1
18-02-2023 03:00:00,35.1
18-02-2023 03:30:00,35.1
18-02-2023 04:00:00,21.0
18-02-2023 04:30:00,21.0
18-02-2023 05:00:00,21.0
18-02-2023 05:30:00,21.0
18-02-2023 06:00:00,21.0
18-02-2023 06:30:00,21.0
18-02-2023 07:00:00,35.1
18-02-2023 07:30:00,35.1
18-02-2023 08:00:00,35.1
18-02-2023 08:30:00,35.1
18-02-2023 09:00:00,35.1
18-02-2023 09:30:00,35.1
18-02-2023 10:00:00,35.1
18-02-2023 10:30:00,35.1
18-02-2023 11:00:00,35.1
18-02-2023 11:30:00,35.1
18-02-2023 12:00:00,35.1
18-02-2023 12:30:00,35.1
18-02-2023 13:00:00,21.0
18-02-2023 13:30:00,21.0
18-02-2023 14:00:00,21.0
18-02-2023 14:30:00,21.0
18-02-2023 15:00:00,21.0
18-02-2023 15:30:00,21.0
18-02-2023 16:00:00,56.1
18-02-2023 16:30:00,56.1
18-02-2023 17:00:00,56.1
18-02-2023 17:30:00,56.1
18-02-2023 18:00:00,56.1
18-02-2023 18:30:00,56.1
18-02-2023 19:00:00,35.1
18-02-2023 19:30:00,35.1
18-02-2023 20:00:00,35.1
18-02-2023 20:30:00,35.1
18-02-2023 21:00:00,35.1
18-02-2023 21:30:00,35.1
18-02-2023 22:00:00,35.1
18-02-2023 22:30:00,35.1
18-02-2023 23:00:00,35.1
18-02-2023 23:30:00,35.1
19-02-2023 00:00:00,35.1
19-02-2023 00:30:00,35.1
19-02-2023 01:00:00,35.1
19-02-2023 01:30:00,35.1
19-02-2023 02:00:00,35.1
19-02-2023 02:30:00,35.1
19-02-2023 03:00:00,35.1
19-02-2023 03:30:00,35.1
19-02-2023 04:00:00,21.0
19-02-2023 04:30:00,21.0
19-02-2023 05:00:00,21.0
19-02-2023 05:30:00,21.0
19-02-2023 06:00:00,21.0
19-02-2023 06:30:00,21.0
19-02-2023 07:00:00,35.1
19-02-2023 07:30:00,35.1
19-02-2023 08:00:00,35.1
19-02-2023 08:30:00,35.1
19-02-2023 09:00:00,35.1
19-02-2023 09:30:00,35.1
19-02-2023 10:00:00,35.1
19-02-2023 10:30:00,35.1
19-02-2023 11:00:00,35.1
19-02-2023 11:30:00,35.1
19-02-2023 12:00:00,35.1
19-02-2023 12:30:00,35.1
19-02-2023 13:00:00,21.0
19-02-2023 13:30:00,21.0
19-02-2023 14:00:00,21.0
19-02-2023 14:30:00,21.0
19-02-2023 15:00:00,21.0
19-02-2023 15:30:00,21.0
19-02-2023 16:00:00,56.1
19-02-2023 16:30:00,56.1
19-02-2023 17:00:00,56.1
19-02-2023 17:30:00,56.1
19-02-2023 18:00:00,56.1
19-02-2023 18:30:00,56.1
19-02-2023 19:00:00,35.1
19-02-2023 19:30:00,35.1
19-02-2023 20:00:00,35.1
19-02-2023 20:30:00,35.1
19-02-2023 21:00:00,35.1
19-02-2023 21:30:00,35.1
19-02-2023 22:00:00,35.1
19-02-2023 22:30:00,35.1
19-02-2023 23:00:00,35.1
19-02-2023 23:30:00,35.1
20-02-2023 00:00:00,35.1
20-02-2023 00:30:00,35.1
20-02-2023 01:00:00,35.1
20-02-2023 01:30:00,35.1
20-02-2023 02:00:00,35.1
20-02-2023 02:30:00,35.1
20-02-2023 03:00:00,35.1
20-02-2023 03:30:00,35.1
20-02-2023 04:00:00,21.0
20-02-2023 04:30:00,21.0
20-02-2023 05:00:00,21.0
20-02-2023 05:30:00,21.0
20-02-2023 06:00:00,21.0
20-02-2023 06:30:00,21.0
20-02-2023 07:00:00,35.1
20-02-2023 07:30:00,35.1
20-02-2023 08:00:00,35.1
20-02-2023 08:30:00,35.1
20-02-2023 09:00:00,35.1
20-02-2023 09:30:00,35.1
20-02-2023 10:00:00,35.1
20-02-2023 10:30:00,35.1
20-02-2023 11:00:00,35.1
20-02-2023 11:30:00,35.1
20-02-2023 12:00:00,35.1
20-02-2023 12:30:00,35.1
20-02-2023 13:00:00,21.0
20-02-2023 13:30:00,21.0
20-02-2023 14:00:00,21.0
20-02-2023 14:30:00,21.0
20-02-2023 15:00:00,21.0
20-02-2023 15:30:00,21.0
20-02-2023 16:00:00,56.1
20-02-2023 16:30:00,56.1
20-02-2023 17:00:00,56.1
20-02-2023 17:30:00,56.1
20-02-2023 18:00:00,56.1
20-02-2023 18:30:00,56.1
20-02-2023 19:00:00,35.1
20-02-2023 19:30:00,35.1
20-02-2023 20:00:00,35.1
20-02-2023 20:30:00,35.1
20-02-2023 21:00:00,35.1
20-02-2023 21:30:00,35.1
20-02-2023 22:00:00,35.1
20-02-2023 22:30:00,35.1
20-02-2023 23:00:00,35.1
20-02-2023 23:30:00,35.1
21-02-2023 00:00:00,35.1
21-02-2023 00:30:00,35.1
21-02-2023 01:00:00,35.1
21-02-2023 01:30:00,35.1
21-02-2023 02:00:00,35.1
21-02-2023 02:30:00,35.1
21-02-2023 03:00:00,35.1
21-02-2023 03:30:00,35.1
21-02-2023 04:00:00,21.0
21-02-2023 04:30:00,21.0
21-02-2023 05:00:00,21.0
21-02-2023 05:30:00,21.0
21-02-2023 06:00:00,21.0
21-02-2023 06:30:00,21.0
21-02-2023 07:00:00,35.1
21-02-2023 07:30:00,35.1
21-02-2023 08:00:00,35.1
21-02-2023 08:30:00,35.1
21-02-2023 09:00:00,35.1
21-02-2023 09:30:00,35.1
21-02-2023 10:00:00,35.1
21-02-2023 10:30:00,35.1
21-02-2023 11:00:00,35.1
21-02-2023 11:30:00,35.1
21-02-2023 12:00:00,35.1
21-02-2023 12:30:00,35.1
21-02-2023 13:00:00,21.0
21-02-2023 13:30:00,21.0
21-02-2023 14:00:00,21.0
21-02-2023 14:30:00,21.0
21-02-2023 15:00:00,21.0
21-02-2023 15:30:00,21.0
21-02-2023 16:00:00,56.1
21-02-2023 16:30:00,56.1
21-02-2023 17:00:00,56.1
21-02-2023 17:30:00,56.1
21-02-2023 18:00:00,56.1
21-02-2023 18:30:00,56.1
21-02-2023 19:00:00,35.1
21-02-2023 19:30:00,35.1
21-02-2023 20:00:00,35.1
21-02-2023 20:30:00,35.1
21-02-2023 21:00:00,35.1
21-02-2023 21:30:00,35.1
21-02-2023 22:00:00,35.1
21-02-2023 22:30:00,35.1
21-02-2023 23:00:00,35.1
21-02-2023 23:30:00,35.1
22-02-2023 00:00:00,35.1
22-02-2023 00:30:00,35.1
22-02-2023 01:00:00,35.1
22-02-2023 01:30:00,35.1
22-02-2023 02:00:00,35.1
22-02-2023 02:30:00,35.1
22-02-2023 03:00:00,35.1
22-02-2023 03:30:00,35.1
22-02-2023 04:00:00,21.0
22-02-2023 04:30:00,21.0
22-02-2023 05:00:00,21.0
22-02-2023 05:30:00,21.0
22-02-2023 06:00:00,21.0
22-02-2023 06:30:00,21.0
22-02-2023 07:00:00,35.1
22-02-2023 07:30:00,35.1
22-02-2023 08:00:00,35.1
22-02-2023 08:30:00,35.1
22-02-2023 09:00:00,35.1
22-02-2023 09:30:00,35.1
22-02-2023 10:00:00,35.1
22-02-2023 10:30:00,35.1
22-02-2023 11:00:00,35.1
22-02-2023 11:30:00,35.1
22-02-2023 12:00:00,35.1
22-02-2023 12:30:00,35.1
22-02-2023 13:00:00,21.0
22-02-2023 13:30:00,21.0
22-02-2023 14:00:00,21.0
22-02-2023 14:30:00,21.0
22-02-2023 15:00:00,21.0
22-02-2023 15:30:00,21.0
22-02-2023 16:00:00,56.1
22-02-2023 16:30:00,56.1
22-02-2023 17:00:00,56.1
22-02-2023 17:30:00,56.1
22-02-2023 18:00:00,56.1
22-02-2023 18:30:00,56.1
22-02-2023 19:00:00,35.1
22-02-2023 19:30:00,35.1
22-02-2023 20:00:00,35.1
22-02-2023 20:30:00,35.1
22-02-2023 21:00:00,35.1
22-02-2023 21:30:00,35.1
22-02-2023 22:00:00,35.1
22-02-2023 22:30:00,35.1
22-02-2023 23:00:00,35.1
22-02-2023 23:30:00,35.1
23-02-2023 00:00:00,35.1
23-02-2023 00:30:00,35.1
23-02-2023 01:00:00,35.1
23-02-2023 01:30:00,35.1
23-02-2023 02:00:00,35.1
23-02-2023 02:30:00,35.1
23-02-2023 03:00:00,35.1
23-02-2023 03:30:00,35.1
23-02-2023 04:00:00,21.0
23-02-2023 04:30:00,21.0
23-02-2023 05:00:00,21.0
23-02-2023 05:30:00,21.0
23-02-2023 06:00:00,21.0
23-02-2023 06:30:00,21.0
23-02-2023 07:00:00,35.1
23-02-2023 07:30:00,35.1
23-02-2023 08:00:00,35.1
23-02-2023 08:30:00,35.1
23-02-2023 09:00:00,35.1
23-02-2023 09:30:00,35.1
23-02-2023 10:00:00,35.1
23-02-2023 10:30:00,35.1
23-02-2023 11:00:00,35.1
23-02-2023 11:30:00,35.1
23-02-2023 12:00:00,35.1
23-02-2023 12:30:00,35.1
23-02-2023 13:00:00,21.0
23-02-2023 13:30:00,21.0
23-02-2023 14:00:00,21.0
23-02-2023 14:30:00,21.0
23-02-2023 15:00:00,21.0
23-02-2023 15:30:00,21.0
23-02-2023 16:00:00,56.1
23-02-2023 16:30:00,56.1
23-02-2023 17:00:00,56.1
23-02-2023 17:30:00,56.1
23-02-2023 18:00:00,56.1
23-02-2023 18:30:00,56.1
23-02-2023 19:00:00,35.1
23-02-2023 19:30:00,35.1
23-02-2023 20:00:00,35.1
23-02-2023 20:30:00,35.1
23-02-2023 21:00:00,35.1
23-02-2023 21:30:00,35.1
23-02-2023 22:00:00,35.1
23-02-2023 22:30:00,35.1
23-02-2023 23:00:00,35.1
23-02-2023 23:30:00,35.1
24-02-2023 00:00:00,35.1
24-02-2023 00:30:00,35.1
24-02-2023 01:00:00,35.1
24-02-2023 01:30:00,35.1
24-02-2023 02:00:00,35.1
24-02-2023 02:30:00,35.1
24-02-2023 03:00:00,35.1
24-02-2023 03:30:00,35.1
24-02-2023 04:00:00,21.0
24-02-2023 04:30:00,21.0
24-02-2023 05:00:00,21.0
24-02-2023 05:30:00,21.0
24-02-2023 06:00:00,21.0
24-02-2023 06:30:00,21.0
24-02-2023 07:00:00,35.1
24-02-2023 07:30:00,35.1
24-02-2023 08:00:00,35.1
24-02-2023 08:30:00,35.1
24-02-2023 09:00:00,35.1
24-02-2023 09:30:00,35.1
24-02-2023 10:00:00,35.1
24-02-2023 10:30:00,35.1
24-02-2023 11:00:00,35.1
24-02-2023 11:30:00,35.1
24-02-2023 12:00:00,35.1
24-02-2023 12:30:00,35.1
24-02-2023 13:00:00,21.0
24-02-2023 13:30:00,21.0
24-02-2023 14:00:00,21.0
24-02-2023 14:30:00,21.0
24-02-2023 15:00:00,21.0
24-02-2023 15:30:00,21.0
24-02-2023 16:00:00,56.1
24-02-2023 16:30:00,56.1
24-02-2023 17:00:00,56.1
24-02-2023 17:30:00,56.1
24-02-2023 18:00:00,56.1
24-02-2023 18:30:00,56.1
24-02-2023 19:00:00,35.1
24-02-2023 19:30:00,35.1
24-02-2023 20:00:00,35.1
24-02-2023 20:30:00,35.1
24-02-2023 21:00:00,35.1
24-02-2023 21:30:00,35.1
24-02-2023 22:00:00,35.1
24-02-2023 22:30:00,35.1
24-02-2023 23:00:00,35.1
24-02-2023 23:30:00,35.1
25-02-2023 00:00:00,35.1
25-02-2023 00:30:00,35.1
25-02-2023 01:00:00,35.1
25-02-2023 01:30:00,35.1
25-02-2023 02:00:00,35.1
25-02-2023 02:30:00,35.1
25-02-2023 03:00:00,35.1
25-02-2023 03:30:00,35.1
25-02-2023 04:00:00,21.0
25-02-2023 04:30:00,21.0
25-02-2023 05:00:00,21.0
25-02-2023 05:30:00,21.0
25-02-2023 06:00:00,21.0
25-02-2023 06:30:00,21.0
25-02-2023 07:00:00,35.1
25-02-2023 07:30:00,35.1
25-02-2023 08:00:00,35.1
25-02-2023 08:30:00,35.1
25-02-2023 09:00:00,35.1
25-02-2023 09:30:00,35.1
25-02-2023 10:00:00,35.1
25-02-2023 10:30:00,35.1
25-02-2023 11:00:00,35.1
25-02-2023 11:30:00,35.1
25-02-2023 12:00:00,35.1
25-02-2023 12:30:00,35.1
25-02-2023 13:00:00,21.0
25-02-2023 13:30:00,21.0
25-02-2023 14:00:00,21.0
25-02-2023 14:30:00,21.0
25-02-2023 15:00:00,21.0
25-02-2023 15:30:00,21.0
25-02-2023 16:00:00,56.1
25-02-2023 16:30:00,56.1
25-02-2023 17:00:00,56.1
25-02-2023 17:30:00,56.1
25-02-2023 18:00:00,56.1
25-02-2023 18:30:00,56.1
25-02-2023 19:00:00,35.1
25-02-2023 19:30:00,35.1
25-02-2023 20:00:00,35.1
25-02-2023 20:30:00,35.1
25-02-2023 21:00:00,35.1
25-02-2023 21:30:00,35.1
25-02-2023 22:00:00,35.1
25-02-2023 22:30:00,35.1
25-02-2023 23:00:00,35.1
25-02-2023 23:30:00,35.1
26-02-2023 00:00:00,35.1
26-02-2023 00:30:00,35.1
26-02-2023 01:00:00,35.1
26-02-2023 01:30:00,35.1
26-02-2023 02:00:00,35.1
26-02-2023 02:30:00,35.1
26-02-2023 03:00:00,35.1
26-02-2023 03:30:00,35.1
26-02-2023 04:00:00,21.0
26-02-2023 04:30:00,21.0
26-02-2023 05:00:00,21.0
26-02-2023 05:30:00,21.0
26-02-2023 06:00:00,21.0
26-02-2023 06:30:00,21.0
26-02-2023 07:00:00,35.1
26-02-2023 07:30:00,35.1
26-02-2023 08:00:00,35.1
26-02-2023 08:30:00,35.1
26-02-2023 09:00:00,35.1
26-02-2023 09:30:00,35.1
26-02-2023 10:00:00,35.1
26-02-2023 10:30:00,35.1
26-02-2023 11:00:00,35.1
26-02-2023 11:30:00,35.1
26-02-2023 12:00:00,35.1
26-02-2023 12:30:00,35.1
26-02-2023 13:00:00,21.0
26-02-2023 13:30:00,21.0
26-02-2023 14:00:00,21.0
26-02-2023 14:30:00,21.0
26-02-2023 15:00:00,21.0
26-02-2023 15:30:00,21.0
26-02-2023 16:00:00,56.1
26-02-2023 16:30:00,56.1
26-02-2023 17:00:00,56.1
26-02-2023 17:30:00,56.1
26-02-2023 18:00:00,56.1
26-02-2023 18:30:00,56.1
26-02-2023 19:00:00,35.1
26-02-2023 19:30:00,35.1
26-02-2023 20:00:00,35.1
26-02-2023 20:30:00,35.1
26-02-2023 21:00:00,35.1
26-02-2023 21:30:00,35.1
26-02-2023 22:00:00,35.1
26-02-2023 22:30:00,35.1
26-02-2023 23:00:00,35.1
26-02-2023 23:30:00,35.1
27-02-2023 00:00:00,35.1
27-02-2023 00:30:00,35.1
27-02-2023 01:00:00,35.1
27-02-2023 01:30:00,35.1
27-02-2023 02:00:00,35.1
27-02-2023 02:30:00,35.1
27-02-2023 03:00:00,35.1
27-02-2023 03:30:00,35.1
27-02-2023 04:00:00,21.0
27-02-2023 04:30:00,21.0
27-02-2023 05:00:00,21.0
27-02-2023 05:30:00,21.0
27-02-2023 06:00:00,21.0
27-02-2023 06:30:00,21.0
27-02-2023 07:00:00,35.1
27-02-2023 07:30:00,35.1
27-02-2023 08:00:00,35.1
27-02-2023 08:30:00,35.1
27-02-2023 09:00:00,35.1
27-02-2023 09:30:00,35.1
27-02-2023 10:00:00,35.1
27-02-2023 10:30:00,35.1
27-02-2023 11:00:00,35.1
27-02-2023 11:30:00,35.1
27-02-2023 12:00:00,35.1
27-02-2023 12:30:00,35.1
27-02-2023 13:00:00,21.0
27-02-2023 13:30:00,21.0
27-02-2023 14:00:00,21.0
27-02-2023 14:30:00,21.0
27-02-2023 15:00:00,21.0
27-02-2023 15:30:00,21.0
27-02-2023 16:00:00,56.1
27-02-2023 16:30:00,56.1
27-02-2023 17:00:00,56.1
27-02-2023 17:30:00,56.1
27-02-2023 18:00:00,56.1
27-02-2023 18:30:00,56.1
27-02-2023 19:00:00,35.1
27-02-2023 19:30:00,35.1
27-02-2023 20:00:00,35.1
27-02-2023 20:30:00,35.1
27-02-2023 21:00:00,35.1
27-02-2023 21:30:00,35.1
27-02-2023 22:00:00,35.1
27-02-2023 22:30:00,35.1
27-02-2023 23:00:00,35.1
27-02-2023 23:30:00,35.1
28-02-2023 00:00:00,35.1
28-02-2023 00:30:00,35.1
28-02-2023 01:00:00,35.1
28-02-2023 01:30:00,35.1
28-02-2023 02:00:00,35.1
28-02-2023 02:30:00,35.1
28-02-2023 03:00:00,35.1
28-02-2023 03:30:00,35.1
28-02-2023 04:00:00,21.0
28-02-2023 04:30:00,21.0
28-02-2023 05:00:00,21.0
28-02-2023 05:30:00,21.0
28-02-2023 06:00:00,21.0
28-02-2023 06:30:00,21.0
28-02-2023 07:00:00,35.1
28-02-2023 07:30:00,35.1
28-02-2023 08:00:00,35.1
28-02-2023 08:30:00,35.1
28-02-2023 09:00:00,35.1
28-02-2023 09:30:00,35.1
28-02-2023 10:00:00,35.1
28-02-2023 10:30:00,35.1
28-02-2023 11:00:00,35.1
28-02-2023 11:30:00,35.1
28-02-2023 12:00:00,35.1
28-02-2023 12:30:00,35.1
28-02-2023 13:00:00,21.0
28-02-2023 13:30:00,21.0
28-02-2023 14:00:00,21.0
28-02-2023 14:30:00,21.0
28-02-2023 15:00:00,21.0
28-02-2023 15:30:00,21.0
28-02-2023 16:00:00,56.1
28-02-2023 16:30:00,56.1
28-02-2023 17:00:00,56.1
28-02-2023 17:30:00,56.1
28-02-2023 18:00:00,56.1
28-02-2023 18:30:00,56.1
28-02-2023 19:00:00,35.1
28-02-2023 19:30:00,35.1
28-02-2023 20:00:00,35.1
28-02-2023 20:30:00,35.1
28-02-2023 21:00:00,35.1
28-02-2023 21:30:00,35.1
28-02-2023 22:00:00,35.1
28-02-2023 22:30:00,35.1
28-02-2023 23:00:00,35.1
28-02-2023 23:30:00,35.1
01-03-2023 00:00:00,35.1
01-03-2023 00:30:00,35.1
01-03-2023 01:00:00,35.1
01-03-2023 01:30:00,35.1
01-03-2023 02:00:00,35.1
01-03-2023 02:30:00,35.1
01-03-2023 03:00:00,35.1
01-03-2023 03:30:00,35.1
01-03-2023 04:00:00,21.0
01-03-2023 04:30:00,21.0
01-03-2023 05:00:00,21.0
01-03-2023 05:30:00,21.0
01-03-2023 06:00:00,21.0
01-03-2023 06:30:00,21.0
01-03-2023 07:00:00,35.1
01-03-2023 07:30:00,35.1
01-03-2023 08:00:00,35.1
01-03-2023 08:30:00,35.1
01-03-2023 09:00:00,35.1
01-03-2023 09:30:00,35.1
01-03-2023 10:00:00,35.1
01-03-2023 10:30:00,35.1
01-03-2023 11:00:00,35.1
01-03-2023 11:30:00,35.1
01-03-2023 12:00:00,35.1
01-03-2023 12:30:00,35.1
01-03-2023 13:00:00,21.0
01-03-2023 13:30:00,21.0
01-03-2023 14:00:00,21.0
01-03-2023 14:30:00,21.0
01-03-2023 15:00:00,21.0
01-03-2023 15:30:00,21.0
01-03-2023 16:00:00,56.1
01-03-2023 16:30:00,56.1
01-03-2023 17:00:00,56.1
01-03-2023 17:30:00,56.1
01-03-2023 18:00:00,56.1
01-03-2023 18:30:00,56.1
01-03-2023 19:00:00,35.1
01-03-2023 19:30:00,35.1
01-03-2023 20:00:00,35.1
01-03-2023 20:30:00,35.1
01-03-2023 21:00:00,35.1
01-03-2023 21:30:00,35.1
01-03-2023 22:00:00,35.1
01-03-2023 22:30:00,35.1
01-03-2023 23:00:00,35.1
01-03-2023 23:30:00,35.1
02-03-2023 00:00:00,35.1
02-03-2023 00:30:00,35.1
02-03-2023 01:00:00,35.1
02-03-2023 01:30:00,35.1
02-03-2023 02:00:00,35.1
02-03-2023 02:30:00,35.1
02-03-2023 03:00:00,35.1
02-03-2023 03:30:00,35.1
02-03-2023 04:00:00,21.0
02-03-2023 04:30:00,21.0
02-03-2023 05:00:00,21.0
02-03-2023 05:30:00,21.0
02-03-2023 06:00:00,21.0
02-03-2023 06:30:00,21.0
02-03-2023 07:00:00,35.1
02-03-2023 07:30:00,35.1
02-03-2023 08:00:00,35.1
02-03-2023 08:30:00,35.1
02-03-2023 09:00:00,35.1
02-03-2023 09:30:00,35.1
02-03-2023 10:00:00,35.1
02-03-2023 10:30:00,35.1
02-03-2023 11:00:00,35.1
02-03-2023 11:30:00,35.1
02-03-2023 12:00:00,35.1
02-03-2023 12:30:00,35.1
02-03-2023 13:00:00,21.0
02-03-2023 13:30:00,21.0
02-03-2023 14:00:00,21.0
02-03-2023 14:30:00,21.0
02-03-2023 15:00:00,21.0
02-03-2023 15:30:00,21.0
02-03-2023 16:00:00,56.1
02-03-2023 16:30:00,56.1
02-03-2023 17:00:00,56.1
02-03-2023 17:30:00,56.1
02-03-2023 18:00:00,56.1
02-03-2023 18:30:00,56.1
02-03-2023 19:00:00,35.1
02-03-2023 19:30:00,35.1
02-03-2023 20:00:00,35.1
02-03-2023 20:30:00,35.1
02-03-2023 21:00:00,35.1
02-03-2023 21:30:00,35.1
02-03-2023 22:00:00,35.1
02-03-2023 22:30:00,35.1
02-03-2023 23:00:00,35.1
02-03-2023 23:30:00,35.1
03-03-2023 00:00:00,35.1
03-03-2023 00:30:00,35.1
03-03-2023 01:00:00,35.1
03-03-2023 01:30:00,35.1
03-03-2023 02:00:00,35.1
03-03-2023 02:30:00,35.1
03-03-2023 03:00:00,35.1
03-03-2023 03:30:00,35.1
03-03-2023 04:00:00,21.0
03-03-2023 04:30:00,21.0
03-03-2023 05:00:00,21.0
03-03-2023 05:30:00,21.0
03-03-2023 06:00:00,21.0
03-03-2023 06:30:00,21.0
03-03-2023 07:00:00,35.1
03-03-2023 07:30:00,35.1
03-03-2023 08:00:00,35.1
03-03-2023 08:30:00,35.1
03-03-2023 09:00:00,35.1
03-03-2023 09:30:00,35.1
03-03-2023 10:00:00,35.1
03-03-2023 10:30:00,35.1
03-03-2023 11:00:00,35.1
03-03-2023 11:30:00,35.1
03-03-2023 12:00:00,35.1
03-03-2023 12:30:00,35.1
03-03-2023 13:00:00,21.0
03-03-2023 13:30:00,21.0
03-03-2023 14:00:00,21.0
03-03-2023 14:30:00,21.0
03-03-2023 15:00:00,21.0
03-03-2023 15:30:00,21.0
03-03-2023 16:00:00,56.1
03-03-2023 16:30:00,56.1
03-03-2023 17:00:00,56.1
03-03-2023 17:30:00,56.1
03-03-2023 18:00:00,56.1
03-03-2023 18:30:00,56.1
03-03-2023 19:00:00,35.1
03-03-2023 19:30:00,35.1
03-03-2023 20:00:00,35.1
03-03-2023 20:30:00,35.1
03-03-2023 21:00:00,35.1
03-03-2023 21:30:00,35.1
03-03-2023 22:00:00,35.1
03-03-2023 22:30:00,35.1
03-03-2023 23:00:00,35.1
03-03-2023 23:30:00,35.1
04-03-2023 00:00:00,35.1
04-03-2023 00:30:00,35.1
04-03-2023 01:00:00,35.1
04-03-2023 01:30:00,35.1
04-03-2023 02:00:00,35.1
04-03-2023 02:30:00,35.1
04-03-2023 03:00:00,35.1
04-03-2023 03:30:00,35.1
04-03-2023 04:00:00,21.0
04-03-2023 04:30:00,21.0
04-03-2023 05:00:00,21.0
04-03-2023 05:30:00,21.0
04-03-2023 06:00:00,21.0
04-03-2023 06:30:00,21.0
04-03-2023 07:00:00,35.1
04-03-2023 07:30:00,35.1
04-03-2023 08:00:00,35.1
04-03-2023 08:30:00,35.1
04-03-2023 09:00:00,35.1
04-03-2023 09:30:00,35.1
04-03-2023 10:00:00,35.1
04-03-2023 10:30:00,35.1
04-03-2023 11:00:00,35.1
04-03-2023 11:30:00,35.1
04-03-2023 12:00:00,35.1
04-03-2023 12:30:00,35.1
04-03-2023 13:00:00,21.0
04-03-2023 13:30:00,21.0
04-03-2023 14:00:00,21.0
04-03-2023 14:30:00,21.0
04-03-2023 15:00:00,21.0
04-03-2023 15:30:00,21.0
04-03-2023 16:00:00,56.1
04-03-2023 16:30:00,56.1
04-03-2023 17:00:00,56.1
04-03-2023 17:30:00,56.1
04-03-2023 18:00:00,56.1
04-03-2023 18:30:00,56.1
04-03-2023 19:00:00,35.1
04-03-2023 19:30:00,35.1
04-03-2023 20:00:00,35.1
04-03-2023 20:30:00,35.1
04-03-2023 21:00:00,35.1
04-03-2023 21:30:00,35.1
04-03-2023 22:00:00,35.1
04-03-2023 22:30:00,35.1
04-03-2023 23:00:00,35.1
04-03-2023 23:30:00,35.1
05-03-2023 00:00:00,35.1
05-03-2023 00:30:00,35.1
05-03-2023 01:00:00,35.1
05-03-2023 01:30:00,35.1
05-03-2023 02:00:00,35.1
05-03-2023 02:30:00,35.1
05-03-2023 03:00:00,35.1
05-03-2023 03:30:00,35.1
05-03-2023 04:00:00,21.0
05-03-2023 04:30:00,21.0
05-03-2023 05:00:00,21.0
05-03-2023 05:30:00,21.0
05-03-2023 06:00:00,21.0
05-03-2023 06:30:00,21.0
05-03-2023 07:00:00,35.1
05-03-2023 07:30:00,35.1
05-03-2023 08:00:00,35.1
05-03-2023 08:30:00,35.1
05-03-2023 09:00:00,35.1
05-03-2023 09:30:00,35.1
05-03-2023 10:00:00,35.1
05-03-2023 10:30:00,35.1
05-03-2023 11:00:00,35.1
05-03-2023 11:30:00,35.1
05-03-2023 12:00:00,35.1
05-03-2023 12:30:00,35.1
05-03-2023 13:00:00,21.0
05-03-2023 13:30:00,21.0
05-03-2023 14:00:00,21.0
05-03-2023 14:30:00,21.0
05-03-2023 15:00:00,21.0
05-03-2023 15:30:00,21.0
05-03-2023 16:00:00,56.1
05-03-2023 16:30:00,56.1
05-03-2023 17:00:00,56.1
05-03-2023 17:30:00,56.1
05-03-2023 18:00:00,56.1
05-03-2023 18:30:00,56.1
05-03-2023 19:00:00,35.1
05-03-2023 19:30:00,35.1
05-03-2023 20:00:00,35.1
05-03-2023 20:30:00,35.1
05-03-2023 21:00:00,35.1
05-03-2023 21:30:00,35.1
05-03-2023 22:00:00,35.1
05-03-2023 22:30:00,35.1
05-03-2023 23:00:00,35.1
05-03-2023 23:30:00,35.1
06-03-2023 00:00:00,35.1
06-03-2023 00:30:00,35.1
06-03-2023 01:00:00,35.1
06-03-2023 01:30:00,35.1
06-03-2023 02:00:00,35.1
06-03-2023 02:30:00,35.1
06-03-2023 03:00:00,35.1
06-03-2023 03:30:00,35.1
06-03-2023 04:00:00,21.0
06-03-2023 04:30:00,21.0
06-03-2023 05:00:00,21.0
06-03-2023 05:30:00,21.0
06-03-2023 06:00:00,21.0
06-03-2023 06:30:00,21.0
06-03-2023 07:00:00,35.1
06-03-2023 07:30:00,35.1
06-03-2023 08:00:00,35.1
06-03-2023 08:30:00,35.1
06-03-2023 09:00:00,35.1
06-03-2023 09:30:00,35.1
06-03-2023 10:00:00,35.1
06-03-2023 10:30:00,35.1
06-03-2023 11:00:00,35.1
06-03-2023 11:30:00,35.1
06-03-2023 12:00:00,35.1
06-03-2023 12:30:00,35.1
06-03-2023 13:00:00,21.0
06-03-2023 13:30:00,21.0
06-03-2023 14:00:00,21.0
06-03-2023 14:30:00,21.0
06-03-2023 15:00:00,21.0
06-03-2023 15:30:00,21.0
06-03-2023 16:00:00,56.1
06-03-2023 16:30:00,56.1
06-03-2023 17:00:00,56.1
06-03-2023 17:30:00,56.1
06-03-2023 18:00:00,56.1
06-03-2023 18:30:00,56.1
06-03-2023 19:00:00,35.1
06-03-2023 19:30:00,35.1
06-03-2023 20:00:00,35.1
06-03-2023 20:30:00,35.1
06-03-2023 21:00:00,35.1
06-03-2023 21:30:00,35.1
06-03-2023 22:00:00,35.1
06-03-2023 22:30:00,35.1
06-03-2023 23:00:00,35.1
06-03-2023 23:30:00,35.1
07-03-2023 00:00:00,35.1
07-03-2023 00:30:00,35.1
07-03-2023 01:00:00,35.1
07-03-2023 01:30:00,35.1
07-03-2023 02:00:00,35.1
07-03-2023 02:30:00,35.1
07-03-2023 03:00:00,35.1
07-03-2023 03:30:00,35.1
07-03-2023 04:00:00,21.0
07-03-2023 04:30:00,21.0
07-03-2023 05:00:00,21.0
07-03-2023 05:30:00,21.0
07-03-2023 06:00:00,21.0
07-03-2023 06:30:00,21.0
07-03-2023 07:00:00,35.1
07-03-2023 07:30:00,35.1
07-03-2023 08:00:00,35.1
07-03-2023 08:30:00,35.1
07-03-2023 09:00:00,35.1
07-03-2023 09:30:00,35.1
07-03-2023 10:00:00,35.1
07-03-2023 10:30:00,35.1
07-03-2023 11:00:00,35.1
07-03-2023 11:30:00,35.1
07-03-2023 12:00:00,35.1
07-03-2023 12:30:00,35.1
07-03-2023 13:00:00,21.0
07-03-2023 13:30:00,21.0
07-03-2023 14:00:00,21.0
07-03-2023 14:30:00,21.0
07-03-2023 15:00:00,21.0
07-03-2023 15:30:00,21.0
07-03-2023 16:00:00,56.1
07-03-2023 16:30:00,56.1
07-03-2023 17:00:00,56.1
07-03-2023 17:30:00,56.1
07-03-2023 18:00:00,56.1
07-03-2023 18:30:00,56.1
07-03-2023 19:00:00,35.1
07-03-2023 19:30:00,35.1
07-03-2023 20:00:00,35.1
07-03-2023 20:30:00,35.1
07-03-2023 21:00:00,35.1
07-03-2023 21:30:00,35.1
07-03-2023 22:00:00,35.1
07-03-2023 22:30:00,35.1
07-03-2023 23:00:00,35.1
07-03-2023 23:30:00,35.1
08-03-2023 00:00:00,35.1
08-03-2023 00:30:00,35.1
08-03-2023 01:00:00,35.1
08-03-2023 01:30:00,35.1
08-03-2023 02:00:00,35.1
08-03-2023 02:30:00,35.1
08-03-2023 03:00:00,35.1
08-03-2023 03:30:00,35.1
08-03-2023 04:00:00,21.0
08-03-2023 04:30:00,21.0
08-03-2023 05:00:00,21.0
08-03-2023 05:30:00,21.0
08-03-2023 06:00:00,21.0
08-03-2023 06:30:00,21.0
08-03-2023 07:00:00,35.1
08-03-2023 07:30:00,35.1
08-03-2023 08:00:00,35.1
08-03-2023 08:30:00,35.1
08-03-2023 09:00:00,35.1
08-03-2023 09:30:00,35.1
08-03-2023 10:00:00,35.1
08-03-2023 10:30:00,35.1
08-03-2023 11:00:00,35.1
08-03-2023 11:30:00,35.1
08-03-2023 12:00:00,35.1
08-03-2023 12:30:00,35.1
08-03-2023 13:00:00,21.0
08-03-2023 13:30:00,21.0
08-03-2023 14:00:00,21.0
08-03-2023 14:30:00,21.0
08-03-2023 15:00:00,21.0
08-03-2023 15:30:00,21.0
08-03-2023 16:00:00,56.1
08-03-2023 16:30:00,56.1
08-03-2023 17:00:00,56.1
08-03-2023 17:30:00,56.1
08-03-2023 18:00:00,56.1
08-03-2023 18:30:00,56.1
08-03-2023 19:00:00,35.1
08-03-2023 19:30:00,35.1
08-03-2023 20:00:00,35.1
08-03-2023 20:30:00,35.1
08-03-2023 21:00:00,35.1
08-03-2023 21:30:00,35.1
08-03-2023 22:00:00,35.1
08-03-2023 22:30:00,35.1
08-03-2023 23:00:00,35.1
08-03-2023 23:30:00,35.1
09-03-2023 00:00:00,35.1
09-03-2023 00:30:00,35.1
09-03-2023 01:00:00,35.1
09-03-2023 01:30:00,35.1
09-03-2023 02:00:00,35.1
09-03-2023 02:30:00,35.1
09-03-2023 03:00:00,35.1
09-03-2023 03:30:00,35.1
09-03-2023 04:00:00,21.0
09-03-2023 04:30:00,21.0
09-03-2023 05:00:00,21.0
09-03-2023 05:30:00,21.0
09-03-2023 06:00:00,21.0
09-03-2023 06:30:00,21.0
09-03-2023 07:00:00,35.1
09-03-2023 07:30:00,35.1
09-03-2023 08:00:00,35.1
09-03-2023 08:30:00,35.1
09-03-2023 09:00:00,35.1
09-03-2023 09:30:00,35.1
09-03-2023 10:00:00,35.1
09-03-2023 10:30:00,35.1
09-03-2023 11:00:00,35.1
09-03-2023 11:30:00,35.1
09-03-2023 12:00:00,35.1
09-03-2023 12:30:00,35.1
09-03-2023 13:00:00,21.0
09-03-2023 13:30:00,21.0
09-03-2023 14:00:00,21.0
09-03-2023 14:30:00,21.0
09-03-2023 15:00:00,21.0
09-03-2023 15:30:00,21.0
09-03-2023 16:00:00,56.1
09-03-2023 16:30:00,56.1
09-03-2023 17:00:00,56.1
09-03-2023 17:30:00,56.1
09-03-2023 18:00:00,56.1
09-03-2023 18:30:00,56.1
09-03-2023 19:00:00,35.1
09-03-2023 19:30:00,35.1
09-03-2023 20:00:00,35.1
09-03-2023 20:30:00,35.1
09-03-2023 21:00:00,35.1
09-03-2023 21:30:00,35.1
09-03-2023 22:00:00,35.1
09-03-2023 22:30:00,35.1
09-03-2023 23:00:00,35.1
09-03-2023 23:30:00,35.1
10-03-2023 00:00:00,35.1
10-03-2023 00:30:00,35.1
10-03-2023 01:00:00,35.1
10-03-2023 01:30:00,35.1
10-03-2023 02:00:00,35.1
10-03-2023 02:30:00,35.1
10-03-2023 03:00:00,35.1
10-03-2023 03:30:00,35.1
10-03-2023 04:00:00,21.0
10-03-2023 04:30:00,21.0
10-03-2023 05:00:00,21.0
10-03-2023 05:30:00,21.0
10-03-2023 06:00:00,21.0
10-03-2023 06:30:00,21.0
10-03-2023 07:00:00,35.1
10-03-2023 07:30:00,35.1
10-03-2023 08:00:00,35.1
10-03-2023 08:30:00,35.1
10-03-2023 09:00:00,35.1
10-03-2023 09:30:00,35.1
10-03-2023 10:00:00,35.1
10-03-2023 10:30:00,35.1
10-03-2023 11:00:00,35.1
10-03-2023 11:30:00,35.1
10-03-2023 12:00:00,35.1
10-03-2023 12:30:00,35.1
10-03-2023 13:00:00,21.0
10-03-2023 13:30:00,21.0
10-03-2023 14:00:00,21.0
10-03-2023 14:30:00,21.0
10-03-2023 15:00:00,21.0
10-03-2023 15:30:00,21.0
10-03-2023 16:00:00,56.1
10-03-2023 16:30:00,56.1
10-03-2023 17:00:00,56.1
10-03-2023 17:30:00,56.1
10-03-2023 18:00:00,56.1
10-03-2023 18:30:00,56.1
10-03-2023 19:00:00,35.1
10-03-2023 19:30:00,35.1
10-03-2023 20:00:00,35.1
10-03-2023 20:30:00,35.1
10-03-2023 21:00:00,35.1
10-03-2023 21:30:00,35.1
10-03-2023 22:00:00,35.1
10-03-2023 22:30:00,35.1
10-03-2023 23:00:00,35.1
10-03-2023 23:30:00,35.1
11-03-2023 00:00:00,35.1
11-03-2023 00:30:00,35.1
11-03-2023 01:00:00,35.1
11-03-2023 01:30:00,35.1
11-03-2023 02:00:00,35.1
11-03-2023 02:30:00,35.1
11-03-2023 03:00:00,35.1
11-03-2023 03:30:00,35.1
11-03-2023 04:00:00,21.0
11-03-2023 04:30:00,21.0
11-03-2023 05:00:00,21.0
11-03-2023 05:30:00,21.0
11-03-2023 06:00:00,21.0
11-03-2023 06:30:00,21.0
11-03-2023 07:00:00,35.1
11-03-2023 07:30:00,35.1
11-03-2023 08:00:00,35.1
11-03-2023 08:30:00,35.1
11-03-2023 09:00:00,35.1
11-03-2023 09:30:00,35.1
11-03-2023 10:00:00,35.1
11-03-2023 10:30:00,35.1
11-03-2023 11:00:00,35.1
11-03-2023 11:30:00,35.1
11-03-2023 12:00:00,35.1
11-03-2023 12:30:00,35.1
11-03-2023 13:00:00,21.0
11-03-2023 13:30:00,21.0
11-03-2023 14:00:00,21.0
11-03-2023 14:30:00,21.0
11-03-2023 15:00:00,21.0
11-03-2023 15:30:00,21.0
11-03-2023 16:00:00,56.1
11-03-2023 16:30:00,56.1
11-03-2023 17:00:00,56.1
11-03-2023 17:30:00,56.1
11-03-2023 18:00:00,56.1
11-03-2023 18:30:00,56.1
11-03-2023 19:00:00,35.1
11-03-2023 19:30:00,35.1
11-03-2023 20:00:00,35.1
11-03-2023 20:30:00,35.1
11-03-2023 21:00:00,35.1
11-03-2023 21:30:00,35.1
11-03-2023 22:00:00,35.1
11-03-2023 22:30:00,35.1
11-03-2023 23:00:00,35.1
11-03-2023 23:30:00,35.1
12-03-2023 00:00:00,35.1
12-03-2023 00:30:00,35.1
12-03-2023 01:00:00,35.1
12-03-2023 01:30:00,35.1
12-03-2023 02:00:00,35.1
12-03-2023 02:30:00,35.1
12-03-2023 03:00:00,35.1
12-03-2023 03:30:00,35.1
12-03-2023 04:00:00,21.0
12-03-2023 04:30:00,21.0
12-03-2023 05:00:00,21.0
12-03-2023 05:30:00,21.0
12-03-2023 06:00:00,21.0
12-03-2023 06:30:00,21.0
12-03-2023 07:00:00,35.1
12-03-2023 07:30:00,35.1
12-03-2023 08:00:00,35.1
12-03-2023 08:30:00,35.1
12-03-2023 09:00:00,35.1
12-03-2023 09:30:00,35.1
12-03-2023 10:00:00,35.1
12-03-2023 10:30:00,35.1
12-03-2023 11:00:00,35.1
12-03-2023 11:30:00,35.1
12-03-2023 12:00:00,35.1
12-03-2023 12:30:00,35.1
12-03-2023 13:00:00,21.0
12-03-2023 13:30:00,21.0
12-03-2023 14:00:00,21.0
12-03-2023 14:30:00,21.0
12-03-2023 15:00:00,21.0
12-03-2023 15:30:00,21.0
12-03-2023 16:00:00,56.1
12-03-2023 16:30:00,56.1
12-03-2023 17:00:00,56.1
12-03-2023 17:30:00,56.1
12-03-2023 18:00:00,56.1
12-03-2023 18:30:00,56.1
12-03-2023 19:00:00,35.1
12-03-2023 19:30:00,35.1
12-03-2023 20:00:00,35.1
12-03-2023 20:30:00,35.1
12-03-2023 21:00:00,35.1
12-03-2023 21:30:00,35.1
12-03-2023 22:00:00,35.1
12-03-2023 22:30:00,35.1
12-03-2023 23:00:00,35.1
12-03-2023 23:30:00,35.1
13-03-2023 00:00:00,35.1
13-03-2023 00:30:00,35.1
13-03-2023 01:00:00,35.1
13-03-2023 01:30:00,35.1
13-03-2023 02:00:00,35.1
13-03-2023 02:30:00,35.1
13-03-2023 03:00:00,35.1
13-03-2023 03:30:00,35.1
13-03-2023 04:00:00,21.0
13-03-2023 04:30:00,21.0
13-03-2023 05:00:00,21.0
13-03-2023 05:30:00,21.0
13-03-2023 06:00:00,21.0
13-03-2023 06:30:00,21.0
13-03-2023 07:00:00,35.1
13-03-2023 07:30:00,35.1
13-03-2023 08:00:00,35.1
13-03-2023 08:30:00,35.1
13-03-2023 09:00:00,35.1
13-03-2023 09:30:00,35.1
13-03-2023 10:00:00,35.1
13-03-2023 10:30:00,35.1
13-03-2023 11:00:00,35.1
13-03-2023 11:30:00,35.1
13-03-2023 12:00:00,35.1
13-03-2023 12:30:00,35.1
13-03-2023 13:00:00,21.0
13-03-2023 13:30:00,21.0
13-03-2023 14:00:00,21.0
13-03-2023 14:30:00,21.0
13-03-2023 15:00:00,21.0
13-03-2023 15:30:00,21.0
13-03-2023 16:00:00,56.1
13-03-2023 16:30:00,56.1
13-03-2023 17:00:00,56.1
13-03-2023 17:30:00,56.1
13-03-2023 18:00:00,56.1
13-03-2023 18:30:00,56.1
13-03-2023 19:00:00,35.1
13-03-2023 19:30:00,35.1
13-03-2023 20:00:00,35.1
13-03-2023 20:30:00,35.1
13-03-2023 21:00:00,35.1
13-03-2023 21:30:00,35.1
13-03-2023 22:00:00,35.1
13-03-2023 22:30:00,35.1
13-03-2023 23:00:00,35.1
13-03-2023 23:30:00,35.1
14-03-2023 00:00:00,35.1
14-03-2023 00:30:00,35.1
14-03-2023 01:00:00,35.1
14-03-2023 01:30:00,35.1
14-03-2023 02:00:00,35.1
14-03-2023 02:30:00,35.1
14-03-2023 03:00:00,35.1
14-03-2023 03:30:00,35.1
14-03-2023 04:00:00,21.0
14-03-2023 04:30:00,21.0
14-03-2023 05:00:00,21.0
14-03-2023 05:30:00,21.0
14-03-2023 06:00:00,21.0
14-03-2023 06:30:00,21.0
14-03-2023 07:00:00,35.1
14-03-2023 07:30:00,35.1
14-03-2023 08:00:00,35.1
14-03-2023 08:30:00,35.1
14-03-2023 09:00:00,35.1
14-03-2023 09:30:00,35.1
14-03-2023 10:00:00,35.1
14-03-2023 10:30:00,35.1
14-03-2023 11:00:00,35.1
14-03-2023 11:30:00,35.1
14-03-2023 12:00:00,35.1
14-03-2023 12:30:00,35.1
14-03-2023 13:00:00,21.0
14-03-2023 13:30:00,21.0
14-03-2023 14:00:00,21.0
14-03-2023 14:30:00,21.0
14-03-2023 15:00:00,21.0
14-03-2023 15:30:00,21.0
14-03-2023 16:00:00,56.1
14-03-2023 16:30:00,56.1
14-03-2023 17:00:00,56.1
14-03-2023 17:30:00,56.1
14-03-2023 18:00:00,56.1
14-03-2023 18:30:00,56.1
14-03-2023 19:00:00,35.1
14-03-2023 19:30:00,35.1
14-03-2023 20:00:00,35.1
14-03-2023 20:30:00,35.1
14-03-2023 21:00:00,35.1
14-03-2023 21:30:00,35.1
14-03-2023 22:00:00,35.1
14-03-2023 22:30:00,35.1
14-03-2023 23:00:00,35.1
14-03-2023 23:30:00,35.1
15-03-2023 00:00:00,35.1
15-03-2023 00:30:00,35.1
15-03-2023 01:00:00,35.1
15-03-2023 01:30:00,35.1
15-03-2023 02:00:00,35.1
15-03-2023 02:30:00,35.1
15-03-2023 03:00:00,35.1
15-03-2023 03:30:00,35.1
15-03-2023 04:00:00,21.0
15-03-2023 04:30:00,21.0
15-03-2023 05:00:00,21.0
15-03-2023 05:30:00,21.0
15-03-2023 06:00:00,21.0
15-03-2023 06:30:00,21.0
15-03-2023 07:00:00,35.1
15-03-2023 07:30:00,35.1
15-03-2023 08:00:00,35.1
15-03-2023 08:30:00,35.1
15-03-2023 09:00:00,35.1
15-03-2023 09:30:00,35.1
15-03-2023 10:00:00,35.1
15-03-2023 10:30:00,35.1
15-03-2023 11:00:00,35.1
15-03-2023 11:30:00,35.1
15-03-2023 12:00:00,35.1
15-03-2023 12:30:00,35.1
15-03-2023 13:00:00,21.0
15-03-2023 13:30:00,21.0
15-03-2023 14:00:00,21.0
15-03-2023 14:30:00,21.0
15-03-2023 15:00:00,21.0
15-03-2023 15:30:00,21.0
15-03-2023 16:00:00,56.1
15-03-2023 16:30:00,56.1
15-03-2023 17:00:00,56.1
15-03-2023 17:30:00,56.1
15-03-2023 18:00:00,56.1
15-03-2023 18:30:00,56.1
15-03-2023 19:00:00,35.1
15-03-2023 19:30:00,35.1
15-03-2023 20:00:00,35.1
15-03-2023 20:30:00,35.1
15-03-2023 21:00:00,35.1
15-03-2023 21:30:00,35.1
15-03-2023 22:00:00,35.1
15-03-2023 22:30:00,35.1
15-03-2023 23:00:00,35.1
15-03-2023 23:30:00,35.1
16-03-2023 00:00:00,35.1
16-03-2023 00:30:00,35.1
16-03-2023 01:00:00,35.1
16-03-2023 01:30:00,35.1
16-03-2023 02:00:00,35.1
16-03-2023 02:30:00,35.1
16-03-2023 03:00:00,35.1
16-03-2023 03:30:00,35.1
16-03-2023 04:00:00,21.0
16-03-2023 04:30:00,21.0
16-03-2023 05:00:00,21.0
16-03-2023 05:30:00,21.0
16-03-2023 06:00:00,21.0
16-03-2023 06:30:00,21.0
16-03-2023 07:00:00,35.1
16-03-2023 07:30:00,35.1
16-03-2023 08:00:00,35.1
16-03-2023 08:30:00,35.1
16-03-2023 09:00:00,35.1
16-03-2023 09:30:00,35.1
16-03-2023 10:00:00,35.1
16-03-2023 10:30:00,35.1
16-03-2023 11:00:00,35.1
16-03-2023 11:30:00,35.1
16-03-2023 12:00:00,35.1
16-03-2023 12:30:00,35.1
16-03-2023 13:00:00,21.0
16-03-2023 13:30:00,21.0
16-03-2023 14:00:00,21.0
16-03-2023 14:30:00,21.0
16-03-2023 15:00:00,21.0
16-03-2023 15:30:00,21.0
16-03-2023 16:00:00,56.1
16-03-2023 16:30:00,56.1
16-03-2023 17:00:00,56.1
16-03-2023 17:30:00,56.1
16-03-2023 18:00:00,56.1
16-03-2023 18:30:00,56.1
16-03-2023 19:00:00,35.1
16-03-2023 19:30:00,35.1
16-03-2023 20:00:00,35.1
16-03-2023 20:30:00,35.1
16-03-2023 21:00:00,35.1
16-03-2023 21:30:00,35.1
16-03-2023 22:00:00,35.1
16-03-2023 22:30:00,35.1
16-03-2023 23:00:00,35.1
16-03-2023 23:30:00,35.1
17-03-2023 00:00:00,35.1
17-03-2023 00:30:00,35.1
17-03-2023 01:00:00,35.1
17-03-2023 01:30:00,35.1
17-03-2023 02:00:00,35.1
17-03-2023 02:30:00,35.1
17-03-2023 03:00:00,35.1
17-03-2023 03:30:00,35.1
17-03-2023 04:00:00,21.0
17-03-2023 04:30:00,21.0
17-03-2023 05:00:00,21.0
17-03-2023 05:30:00,21.0
17-03-2023 06:00:00,21.0
17-03-2023 06:30:00,21.0
17-03-2023 07:00:00,35.1
17-03-2023 07:30:00,35.1
17-03-2023 08:00:00,35.1
17-03-2023 08:30:00,35.1
17-03-2023 09:00:00,35.1
17-03-2023 09:30:00,35.1
17-03-2023 10:00:00,35.1
17-03-2023 10:30:00,35.1
17-03-2023 11:00:00,35.1
17-03-2023 11:30:00,35.1
17-03-2023 12:00:00,35.1
17-03-2023 12:30:00,35.1
17-03-2023 13:00:00,21.0
17-03-2023 13:30:00,21.0
17-03-2023 14:00:00,21.0
17-03-2023 14:30:00,21.0
17-03-2023 15:00:00,21.0
17-03-2023 15:30:00,21.0
17-03-2023 16:00:00,56.1
17-03-2023 16:30:00,56.1
17-03-2023 17:00:00,56.1
17-03-2023 17:30:00,56.1
17-03-2023 18:00:00,56.1
17-03-2023 18:30:00,56.1
17-03-2023 19:00:00,35.1
17-03-2023 19:30:00,35.1
17-03-2023 20:00:00,35.1
17-03-2023 20:30:00,35.1
17-03-2023 21:00:00,35.1
17-03-2023 21:30:00,35.1
17-03-2023 22:00:00,35.1
17-03-2023 22:30:00,35.1
17-03-2023 23:00:00,35.1
17-03-2023 23:30:00,35.1
18-03-2023 00:00:00,35.1
18-03-2023 00:30:00,35.1
18-03-2023 01:00:00,35.1
18-03-2023 01:30:00,35.1
18-03-2023 02:00:00,35.1
18-03-2023 02:30:00,35.1
18-03-2023 03:00:00,35.1
18-03-2023 03:30:00,35.1
18-03-2023 04:00:00,21.0
18-03-2023 04:30:00,21.0
18-03-2023 05:00:00,21.0
18-03-2023 05:30:00,21.0
18-03-2023 06:00:00,21.0
18-03-2023 06:30:00,21.0
18-03-2023 07:00:00,35.1
18-03-2023 07:30:00,35.1
18-03-2023 08:00:00,35.1
18-03-2023 08:30:00,35.1
18-03-2023 09:00:00,35.1
18-03-2023 09:30:00,35.1
18-03-2023 10:00:00,35.1
18-03-2023 10:30:00,35.1
18-03-2023 11:00:00,35.1
18-03-2023 11:30:00,35.1
18-03-2023 12:00:00,35.1
18-03-2023 12:30:00,35.1
18-03-2023 13:00:00,21.0
18-03-2023 13:30:00,21.0
18-03-2023 14:00:00,21.0
18-03-2023 14:30:00,21.0
18-03-2023 15:00:00,21.0
18-03-2023 15:30:00,21.0
18-03-2023 16:00:00,56.1
18-03-2023 16:30:00,56.1
18-03-2023 17:00:00,56.1
18-03-2023 17:30:00,56.1
18-03-2023 18:00:00,56.1
18-03-2023 18:30:00,56.1
18-03-2023 19:00:00,35.1
18-03-2023 19:30:00,35.1
18-03-2023 20:00:00,35.1
18-03-2023 20:30:00,35.1
18-03-2023 21:00:00,35.1
18-03-2023 21:30:00,35.1
18-03-2023 22:00:00,35.1
18-03-2023 22:30:00,35.1
18-03-2023 23:00:00,35.1
18-03-2023 23:30:00,35.1
19-03-2023 00:00:00,35.1
19-03-2023 00:30:00,35.1
19-03-2023 01:00:00,35.1
19-03-2023 01:30:00,35.1
19-03-2023 02:00:00,35.1
19-03-2023 02:30:00,35.1
19-03-2023 03:00:00,35.1
19-03-2023 03:30:00,35.1
19-03-2023 04:00:00,21.0
19-03-2023 04:30:00,21.0
19-03-2023 05:00:00,21.0
19-03-2023 05:30:00,21.0
19-03-2023 06:00:00,21.0
19-03-2023 06:30:00,21.0
19-03-2023 07:00:00,35.1
19-03-2023 07:30:00,35.1
19-03-2023 08:00:00,35.1
19-03-2023 08:30:00,35.1
19-03-2023 09:00:00,35.1
19-03-2023 09:30:00,35.1
19-03-2023 10:00:00,35.1
19-03-2023 10:30:00,35.1
19-03-2023 11:00:00,35.1
19-03-2023 11:30:00,35.1
19-03-2023 12:00:00,35.1
19-03-2023 12:30:00,35.1
19-03-2023 13:00:00,21.0
19-03-2023 13:30:00,21.0
19-03-2023 14:00:00,21.0
19-03-2023 14:30:00,21.0
19-03-2023 15:00:00,21.0
19-03-2023 15:30:00,21.0
19-03-2023 16:00:00,56.1
19-03-2023 16:30:00,56.1
19-03-2023 17:00:00,56.1
19-03-2023 17:30:00,56.1
19-03-2023 18:00:00,56.1
19-03-2023 18:30:00,56.1
19-03-2023 19:00:00,35.1
19-03-2023 19:30:00,35.1
19-03-2023 20:00:00,35.1
19-03-2023 20:30:00,35.1
19-03-2023 21:00:00,35.1
19-03-2023 21:30:00,35.1
19-03-2023 22:00:00,35.1
19-03-2023 22:30:00,35.1
19-03-2023 23:00:00,35.1
19-03-2023 23:30:00,35.1
20-03-2023 00:00:00,35.1
20-03-2023 00:30:00,35.1
20-03-2023 01:00:00,35.1
20-03-2023 01:30:00,35.1
20-03-2023 02:00:00,35.1
20-03-2023 02:30:00,35.1
20-03-2023 03:00:00,35.1
20-03-2023 03:30:00,35.1
20-03-2023 04:00:00,21.0
20-03-2023 04:30:00,21.0
20-03-2023 05:00:00,21.0
20-03-2023 05:30:00,21.0
20-03-2023 06:00:00,21.0
20-03-2023 06:30:00,21.0
20-03-2023 07:00:00,35.1
20-03-2023 07:30:00,35.1
20-03-2023 08:00:00,35.1
20-03-2023 08:30:00,35.1
20-03-2023 09:00:00,35.1
20-03-2023 09:30:00,35.1
20-03-2023 10:00:00,35.1
20-03-2023 10:30:00,35.1
20-03-2023 11:00:00,35.1
20-03-2023 11:30:00,35.1
20-03-2023 12:00:00,35.1
20-03-2023 12:30:00,35.1
20-03-2023 13:00:00,21.0
20-03-2023 13:30:00,21.0
20-03-2023 14:00:00,21.0
20-03-2023 14:30:00,21.0
20-03-2023 15:00:00,21.0
20-03-2023 15:30:00,21.0
20-03-2023 16:00:00,56.1
20-03-2023 16:30:00,56.1
20-03-2023 17:00:00,56.1
20-03-2023 17:30:00,56.1
20-03-2023 18:00:00,56.1
20-03-2023 18:30:00,56.1
20-03-2023 19:00:00,35.1
20-03-2023 19:30:00,35.1
20-03-2023 20:00:00,35.1
20-03-2023 20:30:00,35.1
20-03-2023 21:00:00,35.1
20-03-2023 21:30:00,35.1
20-03-2023 22:00:00,35.1
20-03-2023 22:30:00,35.1
20-03-2023 23:00:00,35.1
20-03-2023 23:30:00,35.1
21-03-2023 00:00:00,35.1
21-03-2023 00:30:00,35.1
21-03-2023 01:00:00,35.1
21-03-2023 01:30:00,35.1
21-03-2023 02:00:00,35.1
21-03-2023 02:30:00,35.1
21-03-2023 03:00:00,35.1
21-03-2023 03:30:00,35.1
21-03-2023 04:00:00,21.0
21-03-2023 04:30:00,21.0
21-03-2023 05:00:00,21.0
21-03-2023 05:30:00,21.0
21-03-2023 06:00:00,21.0
21-03-2023 06:30:00,21.0
21-03-2023 07:00:00,35.1
21-03-2023 07:30:00,35.1
21-03-2023 08:00:00,35.1
21-03-2023 08:30:00,35.1
21-03-2023 09:00:00,35.1
21-03-2023 09:30:00,35.1
21-03-2023 10:00:00,35.1
21-03-2023 10:30:00,35.1
21-03-2023 11:00:00,35.1
21-03-2023 11:30:00,35.1
21-03-2023 12:00:00,35.1
21-03-2023 12:30:00,35.1
21-03-2023 13:00:00,21.0
21-03-2023 13:30:00,21.0
21-03-2023 14:00:00,21.0
21-03-2023 14:30:00,21.0
21-03-2023 15:00:00,21.0
21-03-2023 15:30:00,21.0
21-03-2023 16:00:00,56.1
21-03-2023 16:30:00,56.1
21-03-2023 17:00:00,56.1
21-03-2023 17:30:00,56.1
21-03-2023 18:00:00,56.1
21-03-2023 18:30:00,56.1
21-03-2023 19:00:00,35.1
21-03-2023 19:30:00,35.1
21-03-2023 20:00:00,35.1
21-03-2023 20:30:00,35.1
21-03-2023 21:00:00,35.1
21-03-2023 21:30:00,35.1
21-03-2023 22:00:00,35.1
21-03-2023 22:30:00,35.1
21-03-2023 23:00:00,35.1
21-03-2023 23:30:00,35.1
22-03-2023 00:00:00,35.1
22-03-2023 00:30:00,35.1
22-03-2023 01:00:00,35.1
22-03-2023 01:30:00,35.1
22-03-2023 02:00:00,35.1
22-03-2023 02:30:00,35.1
22-03-2023 03:00:00,35.1
22-03-2023 03:30:00,35.1
22-03-2023 04:00:00,21.0
22-03-2023 04:30:00,21.0
22-03-2023 05:00:00,21.0
22-03-2023 05:30:00,21.0
22-03-2023 06:00:00,21.0
22-03-2023 06:30:00,21.0
22-03-2023 07:00:00,35.1
22-03-2023 07:30:00,35.1
22-03-2023 08:00:00,35.1
22-03-2023 08:30:00,35.1
22-03-2023 09:00:00,35.1
22-03-2023 09:30:00,35.1
22-03-2023 10:00:00,35.1
22-03-2023 10:30:00,35.1
22-03-2023 11:00:00,35.1
22-03-2023 11:30:00,35.1
22-03-2023 12:00:00,35.1
22-03-2023 12:30:00,35.1
22-03-2023 13:00:00,21.0
22-03-2023 13:30:00,21.0
22-03-2023 14:00:00,21.0
22-03-2023 14:30:00,21.0
22-03-2023 15:00:00,21.0
22-03-2023 15:30:00,21.0
22-03-2023 16:00:00,56.1
22-03-2023 16:30:00,56.1
22-03-2023 17:00:00,56.1
22-03-2023 17:30:00,56.1
22-03-2023 18:00:00,56.1
22-03-2023 18:30:00,56.1
22-03-2023 19:00:00,35.1
22-03-2023 19:30:00,35.1
22-03-2023 20:00:00,35.1
22-03-2023 20:30:00,35.1
22-03-2023 21:00:00,35.1
22-03-2023 21:30:00,35.1
22-03-2023 22:00:00,35.1
22-03-2023 22:30:00,35.1
22-03-2023 23:00:00,35.1
22-03-2023 23:30:00,35.1
23-03-2023 00:00:00,35.1
23-03-2023 00:30:00,35.1
23-03-2023 01:00:00,35.1
23-03-2023 01:30:00,35.1
23-03-2023 02:00:00,35.1
23-03-2023 02:30:00,35.1
23-03-2023 03:00:00,35.1
23-03-2023 03:30:00,35.1
23-03-2023 04:00:00,21.0
23-03-2023 04:30:00,21.0
23-03-2023 05:00:00,21.0
23-03-2023 05:30:00,21.0
23-03-2023 06:00:00,21.0
23-03-2023 06:30:00,21.0
23-03-2023 07:00:00,35.1
23-03-2023 07:30:00,35.1
23-03-2023 08:00:00,35.1
23-03-2023 08:30:00,35.1
23-03-2023 09:00:00,35.1
23-03-2023 09:30:00,35.1
23-03-2023 10:00:00,35.1
23-03-2023 10:30:00,35.1
23-03-2023 11:00:00,35.1
23-03-2023 11:30:00,35.1
23-03-2023 12:00:00,35.1
23-03-2023 12:30:00,35.1
23-03-2023 13:00:00,21.0
23-03-2023 13:30:00,21.0
23-03-2023 14:00:00,21.0
23-03-2023 14:30:00,21.0
23-03-2023 15:00:00,21.0
23-03-2023 15:30:00,21.0
23-03-2023 16:00:00,56.1
23-03-2023 16:30:00,56.1
23-03-2023 17:00:00,56.1
23-03-2023 17:30:00,56.1
23-03-2023 18:00:00,56.1
23-03-2023 18:30:00,56.1
23-03-2023 19:00:00,35.1
23-03-2023 19:30:00,35.1
23-03-2023 20:00:00,35.1
23-03-2023 20:30:00,35.1
23-03-2023 21:00:00,35.1
23-03-2023 21:30:00,35.1
23-03-2023 22:00:00,35.1
23-03-2023 22:30:00,35.1
23-03-2023 23:00:00,35.1
23-03-2023 23:30:00,35.1
24-03-2023 00:00:00,35.1
24-03-2023 00:30:00,35.1
24-03-2023 01:00:00,35.1
24-03-2023 01:30:00,35.1
24-03-2023 02:00:00,35.1
24-03-2023 02:30:00,35.1
24-03-2023 03:00:00,35.1
24-03-2023 03:30:00,35.1
24-03-2023 04:00:00,21.0
24-03-2023 04:30:00,21.0
24-03-2023 05:00:00,21.0
24-03-2023 05:30:00,21.0
24-03-2023 06:00:00,21.0
24-03-2023 06:30:00,21.0
24-03-2023 07:00:00,35.1
24-03-2023 07:30:00,35.1
24-03-2023 08:00:00,35.1
24-03-2023 08:30:00,35.1
24-03-2023 09:00:00,35.1
24-03-2023 09:30:00,35.1
24-03-2023 10:00:00,35.1
24-03-2023 10:30:00,35.1
24-03-2023 11:00:00,35.1
24-03-2023 11:30:00,35.1
24-03-2023 12:00:00,35.1
24-03-2023 12:30:00,35.1
24-03-2023 13:00:00,21.0
24-03-2023 13:30:00,21.0
24-03-2023 14:00:00,21.0
24-03-2023 14:30:00,21.0
24-03-2023 15:00:00,21.0
24-03-2023 15:30:00,21.0
24-03-2023 16:00:00,56.1
24-03-2023 16:30:00,56.1
24-03-2023 17:00:00,56.1
24-03-2023 17:30:00,56.1
24-03-2023 18:00:00,56.1
24-03-2023 18:30:00,56.1
24-03-2023 19:00:00,35.1
24-03-2023 19:30:00,35.1
24-03-2023 20:00:00,35.1
24-03-2023 20:30:00,35.1
24-03-2023 21:00:00,35.1
24-03-2023 21:30:00,35.1
24-03-2023 22:00:00,35.1
24-03-2023 22:30:00,35.1
24-03-2023 23:00:00,35.1
24-03-2023 23:30:00,35.1
25-03-2023 00:00:00,35.1
25-03-2023 00:30:00,35.1
25-03-2023 01:00:00,35.1
25-03-2023 01:30:00,35.1
25-03-2023 02:00:00,35.1
25-03-2023 02:30:00,35.1
25-03-2023 03:00:00,35.1
25-03-2023 03:30:00,35.1
25-03-2023 04:00:00,21.0
25-03-2023 04:30:00,21.0
25-03-2023 05:00:00,21.0
25-03-2023 05:30:00,21.0
25-03-2023 06:00:00,21.0
25-03-2023 06:30:00,21.0
25-03-2023 07:00:00,35.1
25-03-2023 07:30:00,35.1
25-03-2023 08:00:00,35.1
25-03-2023 08:30:00,35.1
25-03-2023 09:00:00,35.1
25-03-2023 09:30:00,35.1
25-03-2023 10:00:00,35.1
25-03-2023 10:30:00,35.1
25-03-2023 11:00:00,35.1
25-03-2023 11:30:00,35.1
25-03-2023 12:00:00,35.1
25-03-2023 12:30:00,35.1
25-03-2023 13:00:00,21.0
25-03-2023 13:30:00,21.0
25-03-2023 14:00:00,21.0
25-03-2023 14:30:00,21.0
25-03-2023 15:00:00,21.0
25-03-2023 15:30:00,21.0
25-03-2023 16:00:00,56.1
25-03-2023 16:30:00,56.1
25-03-2023 17:00:00,56.1
25-03-2023 17:30:00,56.1
25-03-2023 18:00:00,56.1
25-03-2023 18:30:00,56.1
25-03-2023 19:00:00,35.1
25-03-2023 19:30:00,35.1
25-03-2023 20:00:00,35.1
25-03-2023 20:30:00,35.1
25-03-2023 21:00:00,35.1
25-03-2023 21:30:00,35.1
25-03-2023 22:00:00,35.1
25-03-2023 22:30:00,35.1
25-03-2023 23:00:00,35.1
25-03-2023 23:30:00,35.1
26-03-2023 00:00:00,35.1
26-03-2023 00:30:00,35.1
26-03-2023 02:00:00,35.1
26-03-2023 02:30:00,35.1
26-03-2023 03:00:00,35.1
26-03-2023 03:30:00,35.1
26-03-2023 04:00:00,21.0
26-03-2023 04:30:00,21.0
26-03-2023 05:00:00,21.0
26-03-2023 05:30:00,21.0
26-03-2023 06:00:00,21.0
26-03-2023 06:30:00,21.0
26-03-2023 07:00:00,35.1
26-03-2023 07:30:00,35.1
26-03-2023 08:00:00,35.1
26-03-2023 08:30:00,35.1
26-03-2023 09:00:00,35.1
26-03-2023 09:30:00,35.1
26-03-2023 10:00:00,35.1
26-03-2023 10:30:00,35.1
26-03-2023 11:00:00,35.1
26-03-2023 11:30:00,35.1
26-03-2023 12:00:00,35.1
26-03-2023 12:30:00,35.1
26-03-2023 13:00:00,21.0
26-03-2023 13:30:00,21.0
26-03-2023 14:00:00,21.0
26-03-2023 14:30:00,21.0
26-03-2023 15:00:00,21.0
26-03-2023 15:30:00,21.0
26-03-2023 16:00:00,56.1
26-03-2023 16:30:00,56.1
26-03-2023 17:00:00,56.1
26-03-2023 17:30:00,56.1
26-03-2023 18:00:00,56.1
26-03-2023 18:30:00,56.1
26-03-2023 19:00:00,35.1
26-03-2023 19:30:00,35.1
26-03-2023 20:00:00,35.1
26-03-2023 20:30:00,35.1
26-03-2023 21:00:00,35.1
26-03-2023 21:30:00,35.1
26-03-2023 22:00:00,35.1
26-03-2023 22:30:00,35.1
26-03-2023 23:00:00,35.1
26-03-2023 23:30:00,35.1
27-03-2023 00:00:00,35.1
27-03-2023 00:30:00,35.1
27-03-2023 01:00:00,35.1
27-03-2023 01:30:00,35.1
27-03-2023 02:00:00,35.1
27-03-2023 02:30:00,35.1
27-03-2023 03:00:00,35.1
27-03-2023 03:30:00,35.1
27-03-2023 04:00:00,21.0
27-03-2023 04:30:00,21.0
27-03-2023 05:00:00,21.0
27-03-2023 05:30:00,21.0
27-03-2023 06:00:00,21.0
27-03-2023 06:30:00,21.0
27-03-2023 07:00:00,35.1
27-03-2023 07:30:00,35.1
27-03-2023 08:00:00,35.1
27-03-2023 08:30:00,35.1
27-03-2023 09:00:00,35.1
27-03-2023 09:30:00,35.1
27-03-2023 10:00:00,35.1
27-03-2023 10:30:00,35.1
27-03-2023 11:00:00,35.1
27-03-2023 11:30:00,35.1
27-03-2023 12:00:00,35.1
27-03-2023 12:30:00,35.1
27-03-2023 13:00:00,21.0
27-03-2023 13:30:00,21.0
27-03-2023 14:00:00,21.0
27-03-2023 14:30:00,21.0
27-03-2023 15:00:00,21.0
27-03-2023 15:30:00,21.0
27-03-2023 16:00:00,56.1
27-03-2023 16:30:00,56.1
27-03-2023 17:00:00,56.1
27-03-2023 17:30:00,56.1
27-03-2023 18:00:00,56.1
27-03-2023 18:30:00,56.1
27-03-2023 19:00:00,35.1
27-03-2023 19:30:00,35.1
27-03-2023 20:00:00,35.1
27-03-2023 20:30:00,35.1
27-03-2023 21:00:00,35.1
27-03-2023 21:30:00,35.1
27-03-2023 22:00:00,35.1
27-03-2023 22:30:00,35.1
27-03-2023 23:00:00,35.1
27-03-2023 23:30:00,35.1
28-03-2023 00:00:00,35.1
28-03-2023 00:30:00,35.1
28-03-2023 01:00:00,35.1
28-03-2023 01:30:00,35.1
28-03-2023 02:00:00,35.1
28-03-2023 02:30:00,35.1
28-03-2023 03:00:00,35.1
28-03-2023 03:30:00,35.1
28-03-2023 04:00:00,21.0
28-03-2023 04:30:00,21.0
28-03-2023 05:00:00,21.0
28-03-2023 05:30:00,21.0
28-03-2023 06:00:00,21.0
28-03-2023 06:30:00,21.0
28-03-2023 07:00:00,35.1
28-03-2023 07:30:00,35.1
28-03-2023 08:00:00,35.1
28-03-2023 08:30:00,35.1
28-03-2023 09:00:00,35.1
28-03-2023 09:30:00,35.1
28-03-2023 10:00:00,35.1
28-03-2023 10:30:00,35.1
28-03-2023 11:00:00,35.1
28-03-2023 11:30:00,35.1
28-03-2023 12:00:00,35.1
28-03-2023 12:30:00,35.1
28-03-2023 13:00:00,21.0
28-03-2023 13:30:00,21.0
28-03-2023 14:00:00,21.0
28-03-2023 14:30:00,21.0
28-03-2023 15:00:00,21.0
28-03-2023 15:30:00,21.0
28-03-2023 16:00:00,56.1
28-03-2023 16:30:00,56.1
28-03-2023 17:00:00,56.1
28-03-2023 17:30:00,56.1
28-03-2023 18:00:00,56.1
28-03-2023 18:30:00,56.1
28-03-2023 19:00:00,35.1
28-03-2023 19:30:00,35.1
28-03-2023 20:00:00,35.1
28-03-2023 20:30:00,35.1
28-03-2023 21:00:00,35.1
28-03-2023 21:30:00,35.1
28-03-2023 22:00:00,35.1
28-03-2023 22:30:00,35.1
28-03-2023 23:00:00,35.1
28-03-2023 23:30:00,35.1
29-03-2023 00:00:00,35.1
29-03-2023 00:30:00,35.1
29-03-2023 01:00:00,35.1
29-03-2023 01:30:00,35.1
29-03-2023 02:00:00,35.1
29-03-2023 02:30:00,35.1
29-03-2023 03:00:00,35.1
29-03-2023 03:30:00,35.1
29-03-2023 04:00:00,21.0
29-03-2023 04:30:00,21.0
29-03-2023 05:00:00,21.0
29-03-2023 05:30:00,21.0
29-03-2023 06:00:00,21.0
29-03-2023 06:30:00,21.0
29-03-2023 07:00:00,35.1
29-03-2023 07:30:00,35.1
29-03-2023 08:00:00,35.1
29-03-2023 08:30:00,35.1
29-03-2023 09:00:00,35.1
29-03-2023 09:30:00,35.1
29-03-2023 10:00:00,35.1
29-03-2023 10:30:00,35.1
29-03-2023 11:00:00,35.1
29-03-2023 11:30:00,35.1
29-03-2023 12:00:00,35.1
29-03-2023 12:30:00,35.1
29-03-2023 13:00:00,21.0
29-03-2023 13:30:00,21.0
29-03-2023 14:00:00,21.0
29-03-2023 14:30:00,21.0
29-03-2023 15:00:00,21.0
29-03-2023 15:30:00,21.0
29-03-2023 16:00:00,56.1
29-03-2023 16:30:00,56.1
29-03-2023 17:00:00,56.1
29-03-2023 17:30:00,56.1
29-03-2023 18:00:00,56.1
29-03-2023 18:30:00,56.1
29-03-2023 19:00:00,35.1
29-03-2023 19:30:00,35.1
29-03-2023 20:00:00,35.1
29-03-2023 20:30:00,35.1
29-03-2023 21:00:00,35.1
29-03-2023 21:30:00,35.1
29-03-2023 22:00:00,35.1
29-03-2023 22:30:00,35.1
29-03-2023 23:00:00,35.1
29-03-2023 23:30:00,35.1
30-03-2023 00:00:00,35.1
30-03-2023 00:30:00,35.1
30-03-2023 01:00:00,35.1
30-03-2023 01:30:00,35.1
30-03-2023 02:00:00,35.1
30-03-2023 02:30:00,35.1
30-03-2023 03:00:00,35.1
30-03-2023 03:30:00,35.1
30-03-2023 04:00:00,21.0
30-03-2023 04:30:00,21.0
30-03-2023 05:00:00,21.0
30-03-2023 05:30:00,21.0
30-03-2023 06:00:00,21.0
30-03-2023 06:30:00,21.0
30-03-2023 07:00:00,35.1
30-03-2023 07:30:00,35.1
30-03-2023 08:00:00,35.1
30-03-2023 08:30:00,35.1
30-03-2023 09:00:00,35.1
30-03-2023 09:30:00,35.1
30-03-2023 10:00:00,35.1
30-03-2023 10:30:00,35.1
30-03-2023 11:00:00,35.1
30-03-2023 11:30:00,35.1
30-03-2023 12:00:00,35.1
30-03-2023 12:30:00,35.1
30-03-2023 13:00:00,21.0
30-03-2023 13:30:00,21.0
30-03-2023 14:00:00,21.0
30-03-2023 14:30:00,21.0
30-03-2023 15:00:00,21.0
30-03-2023 15:30:00,21.0
30-03-2023 16:00:00,56.1
30-03-2023 16:30:00,56.1
30-03-2023 17:00:00,56.1
30-03-2023 17:30:00,56.1
30-03-2023 18:00:00,56.1
30-03-2023 18:30:00,56.1
30-03-2023 19:00:00,35.1
30-03-2023 19:30:00,35.1
30-03-2023 20:00:00,35.1
30-03-2023 20:30:00,35.1
30-03-2023 21:00:00,35.1
30-03-2023 21:30:00,35.1
30-03-2023 22:00:00,35.1
30-03-2023 22:30:00,35.1
30-03-2023 23:00:00,35.1
30-03-2023 23:30:00,35.1
31-03-2023 00:00:00,35.1
31-03-2023 00:30:00,35.1
31-03-2023 01:00:00,35.1
31-03-2023 01:30:00,35.1
31-03-2023 02:00:00,35.1
31-03-2023 02:30:00,35.1
31-03-2023 03:00:00,35.1
31-03-2023 03:30:00,35.1
31-03-2023 04:00:00,21.0
31-03-2023 04:30:00,21.0
31-03-2023 05:00:00,21.0
31-03-2023 05:30:00,21.0
31-03-2023 06:00:00,21.0
31-03-2023 06:30:00,21.0
31-03-2023 07:00:00,35.1
31-03-2023 07:30:00,35.1
31-03-2023 08:00:00,35.1
31-03-2023 08:30:00,35.1
31-03-2023 09:00:00,35.1
31-03-2023 09:30:00,35.1
31-03-2023 10:00:00,35.1
31-03-2023 10:30:00,35.1
31-03-2023 11:00:00,35.1
31-03-2023 11:30:00,35.1
31-03-2023 12:00:00,35.1
31-03-2023 12:30:00,35.1
31-03-2023 13:00:00,21.0
31-03-2023 13:30:00,21.0
31-03-2023 14:00:00,21.0
31-03-2023 14:30:00,21.0
31-03-2023 15:00:00,21.0
31-03-2023 15:30:00,21.0
31-03-2023 16:00:00,56.1
31-03-2023 16:30:00,56.1
31-03-2023 17:00:00,56.1
31-03-2023 17:30:00,56.1
31-03-2023 18:00:00,56.1
31-03-2023 18:30:00,56.1
31-03-2023 19:00:00,35.1
31-03-2023 19:30:00,35.1
31-03-2023 20:00:00,35.1
31-03-2023 20:30:00,35.1
31-03-2023 21:00:00,35.1
31-03-2023 21:30:00,35.1
31-03-2023 22:00:00,35.1
31-03-2023 22:30:00,35.1
31-03-2023 23:00:00,35.1
31-03-2023 23:30:00,35.1
01-04-2023 00:00:00,34.0
01-04-2023 00:30:00,34.0
01-04-2023 01:00:00,34.0
01-04-2023 01:30:00,34.0
01-04-2023 02:00:00,34.0
01-04-2023 02:30:00,34.0
01-04-2023 03:00:00,34.0
01-04-2023 03:30:00,34.0
01-04-2023 04:00:00,20.4
01-04-2023 04:30:00,20.4
01-04-2023 05:00:00,20.4
01-04-2023 05:30:00,20.4
01-04-2023 06:00:00,20.4
01-04-2023 06:30:00,20.4
01-04-2023 07:00:00,34.0
01-04-2023 07:30:00,34.0
01-04-2023 08:00:00,34.0
01-04-2023 08:30:00,34.0
01-04-2023 09:00:00,34.0
01-04-2023 09:30:00,34.0
01-04-2023 10:00:00,34.0
01-04-2023 10:30:00,34.0
01-04-2023 11:00:00,34.0
01-04-2023 11:30:00,34.0
01-04-2023 12:00:00,34.0
01-04-2023 12:30:00,34.0
01-04-2023 13:00:00,20.4
01-04-2023 13:30:00,20.4
01-04-2023 14:00:00,20.4
01-04-2023 14:30:00,20.4
01-04-2023 15:00:00,20.4
01-04-2023 15:30:00,20.4
01-04-2023 16:00:00,54.4
01-04-2023 16:30:00,54.4
01-04-2023 17:00:00,54.4
01-04-2023 17:30:00,54.4
01-04-2023 18:00:00,54.4
01-04-2023 18:30:00,54.4
01-04-2023 19:00:00,34.0
01-04-2023 19:30:00,34.0
01-04-2023 20:00:00,34.0
01-04-2023 20:30:00,34.0
01-04-2023 21:00:00,34.0
01-04-2023 21:30:00,34.0
01-04-2023 22:00:00,34.0
01-04-2023 22:30:00,34.0
01-04-2023 23:00:00,34.0
01-04-2023 23:30:00,34.0
02-04-2023 00:00:00,34.0
02-04-2023 00:30:00,34.0
02-04-2023 01:00:00,34.0
02-04-2023 01:30:00,34.0
02-04-2023 02:00:00,34.0
02-04-2023 02:30:00,34.0
02-04-2023 03:00:00,34.0
02-04-2023 03:30:00,34.0
02-04-2023 04:00:00,20.4
02-04-2023 04:30:00,20.4
02-04-2023 05:00:00,20.4
02-04-2023 05:30:00,20.4
02-04-2023 06:00:00,20.4
02-04-2023 06:30:00,20.4
02-04-2023 07:00:00,34.0
02-04-2023 07:30:00,34.0
02-04-2023 08:00:00,34.0
02-04-2023 08:30:00,34.0
02-04-2023 09:00:00,34.0
02-04-2023 09:30:00,34.0
02-04-2023 10:00:00,34.0
02-04-2023 10:30:00,34.0
02-04-2023 11:00:00,34.0
02-04-2023 11:30:00,34.0
02-04-2023 12:00:00,34.0
02-04-2023 12:30:00,34.0
02-04-2023 13:00:00,20.4
02-04-2023 13:30:00,20.4
02-04-2023 14:00:00,20.4
02-04-2023 14:30:00,20.4
02-04-2023 15:00:00,20.4
02-04-2023 15:30:00,20.4
02-04-2023 16:00:00,54.4
02-04-2023 16:30:00,54.4
02-04-2023 17:00:00,54.4
02-04-2023 17:30:00,54.4
02-04-2023 18:00:00,54.4
02-04-2023 18:30:00,54.4
02-04-2023 19:00:00,34.0
02-04-2023 19:30:00,34.0
02-04-2023 20:00:00,34.0
02-04-2023 20:30:00,34.0
02-04-2023 21:00:00,34.0
02-04-2023 21:30:00,34.0
02-04-2023 22:00:00,34.0
02-04-2023 22:30:00,34.0
02-04-2023 23:00:00,34.0
02-04-2023 23:30:00,34.0
03-04-2023 00:00:00,34.0
03-04-2023 00:30:00,34.0
03-04-2023 01:00:00,34.0
03-04-2023 01:30:00,34.0
03-04-2023 02:00:00,34.0
03-04-2023 02:30:00,34.0
03-04-2023 03:00:00,34.0
03-04-2023 03:30:00,34.0
03-04-2023 04:00:00,20.4
03-04-2023 04:30:00,20.4
03-04-2023 05:00:00,20.4
03-04-2023 05:30:00,20.4
03-04-2023 06:00:00,20.4
03-04-2023 06:30:00,20.4
03-04-2023 07:00:00,34.0
03-04-2023 07:30:00,34.0
03-04-2023 08:00:00,34.0
03-04-2023 08:30:00,34.0
03-04-2023 09:00:00,34.0
03-04-2023 09:30:00,34.0
03-04-2023 10:00:00,34.0
03-04-2023 10:30:00,34.0
03-04-2023 11:00:00,34.0
03-04-2023 11:30:00,34.0
03-04-2023 12:00:00,34.0
03-04-2023 12:30:00,34.0
03-04-2023 13:00:00,20.4
03-04-2023 13:30:00,20.4
03-04-2023 14:00:00,20.4
03-04-2023 14:30:00,20.4
03-04-2023 15:00:00,20.4
03-04-2023 15:30:00,20.4
03-04-2023 16:00:00,54.4
03-04-2023 16:30:00,54.4
03-04-2023 17:00:00,54.4
03-04-2023 17:30:00,54.4
03-04-2023 18:00:00,54.4
03-04-2023 18:30:00,54.4
03-04-2023 19:00:00,34.0
03-04-2023 19:30:00,34.0
03-04-2023 20:00:00,34.0
03-04-2023 20:30:00,34.0
03-04-2023 21:00:00,34.0
03-04-2023 21:30:00,34.0
03-04-2023 22:00:00,34.0
03-04-2023 22:30:00,34.0
03-04-2023 23:00:00,34.0
03-04-2023 23:30:00,34.0
04-04-2023 00:00:00,34.0
04-04-2023 00:30:00,34.0
04-04-2023 01:00:00,34.0
04-04-2023 01:30:00,34.0
04-04-2023 02:00:00,34.0
04-04-2023 02:30:00,34.0
04-04-2023 03:00:00,34.0
04-04-2023 03:30:00,34.0
04-04-2023 04:00:00,20.4
04-04-2023 04:30:00,20.4
04-04-2023 05:00:00,20.4
04-04-2023 05:30:00,20.4
04-04-2023 06:00:00,20.4
04-04-2023 06:30:00,20.4
04-04-2023 07:00:00,34.0
04-04-2023 07:30:00,34.0
04-04-2023 08:00:00,34.0
04-04-2023 08:30:00,34.0
04-04-2023 09:00:00,34.0
04-04-2023 09:30:00,34.0
04-04-2023 10:00:00,34.0
04-04-2023 10:30:00,34.0
04-04-2023 11:00:00,34.0
04-04-2023 11:30:00,34.0
04-04-2023 12:00:00,34.0
04-04-2023 12:30:00,34.0
04-04-2023 13:00:00,20.4
04-04-2023 13:30:00,20.4
04-04-2023 14:00:00,20.4
04-04-2023 14:30:00,20.4
04-04-2023 15:00:00,20.4
04-04-2023 15:30:00,20.4
04-04-2023 16:00:00,54.4
04-04-2023 16:30:00,54.4
04-04-2023 17:00:00,54.4
04-04-2023 17:30:00,54.4
04-04-2023 18:00:00,54.4
04-04-2023 18:30:00,54.4
04-04-2023 19:00:00,34.0
04-04-2023 19:30:00,34.0
04-04-2023 20:00:00,34.0
04-04-2023 20:30:00,34.0
04-04-2023 21:00:00,34.0
04-04-2023 21:30:00,34.0
04-04-2023 22:00:00,34.0
04-04-2023 22:30:00,34.0
04-04-2023 23:00:00,34.0
04-04-2023 23:30:00,34.0
05-04-2023 00:00:00,34.0
05-04-2023 00:30:00,34.0
05-04-2023 01:00:00,34.0
05-04-2023 01:30:00,34.0
05-04-2023 02:00:00,34.0
05-04-2023 02:30:00,34.0
05-04-2023 03:00:00,34.0
05-04-2023 03:30:00,34.0
05-04-2023 04:00:00,20.4
05-04-2023 04:30:00,20.4
05-04-2023 05:00:00,20.4
05-04-2023 05:30:00,20.4
05-04-2023 06:00:00,20.4
05-04-2023 06:30:00,20.4
05-04-2023 07:00:00,34.0
05-04-2023 07:30:00,34.0
05-04-2023 08:00:00,34.0
05-04-2023 08:30:00,34.0
05-04-2023 09:00:00,34.0
05-04-2023 09:30:00,34.0
05-04-2023 10:00:00,34.0
05-04-2023 10:30:00,34.0
05-04-2023 11:00:00,34.0
05-04-2023 11:30:00,34.0
05-04-2023 12:00:00,34.0
05-04-2023 12:30:00,34.0
05-04-2023 13:00:00,20.4
05-04-2023 13:30:00,20.4
05-04-2023 14:00:00,20.4
05-04-2023 14:30:00,20.4
05-04-2023 15:00:00,20.4
05-04-2023 15:30:00,20.4
05-04-2023 16:00:00,54.4
05-04-2023 16:30:00,54.4
05-04-2023 17:00:00,54.4
05-04-2023 17:30:00,54.4
05-04-2023 18:00:00,54.4
05-04-2023 18:30:00,54.4
05-04-2023 19:00:00,34.0
05-04-2023 19:30:00,34.0
05-04-2023 20:00:00,34.0
05-04-2023 20:30:00,34.0
05-04-2023 21:00:00,34.0
05-04-2023 21:30:00,34.0
05-04-2023 22:00:00,34.0
05-04-2023 22:30:00,34.0
05-04-2023 23:00:00,34.0
05-04-2023 23:30:00,34.0
06-04-2023 00:00:00,34.0
06-04-2023 00:30:00,34.0
06-04-2023 01:00:00,34.0
06-04-2023 01:30:00,34.0
06-04-2023 02:00:00,34.0
06-04-2023 02:30:00,34.0
06-04-2023 03:00:00,34.0
06-04-2023 03:30:00,34.0
06-04-2023 04:00:00,20.4
06-04-2023 04:30:00,20.4
06-04-2023 05:00:00,20.4
06-04-2023 05:30:00,20.4
06-04-2023 06:00:00,20.4
06-04-2023 06:30:00,20.4
06-04-2023 07:00:00,34.0
06-04-2023 07:30:00,34.0
06-04-2023 08:00:00,34.0
06-04-2023 08:30:00,34.0
06-04-2023 09:00:00,34.0
06-04-2023 09:30:00,34.0
06-04-2023 10:00:00,34.0
06-04-2023 10:30:00,34.0
06-04-2023 11:00:00,34.0
06-04-2023 11:30:00,34.0
06-04-2023 12:00:00,34.0
06-04-2023 12:30:00,34.0
06-04-2023 13:00:00,20.4
06-04-2023 13:30:00,20.4
06-04-2023 14:00:00,20.4
06-04-2023 14:30:00,20.4
06-04-2023 15:00:00,20.4
06-04-2023 15:30:00,20.4
06-04-2023 16:00:00,54.4
06-04-2023 16:30:00,54.4
06-04-2023 17:00:00,54.4
06-04-2023 17:30:00,54.4
06-04-2023 18:00:00,54.4
06-04-2023 18:30:00,54.4
06-04-2023 19:00:00,34.0
06-04-2023 19:30:00,34.0
06-04-2023 20:00:00,34.0
06-04-2023 20:30:00,34.0
06-04-2023 21:00:00,34.0
06-04-2023 21:30:00,34.0
06-04-2023 22:00:00,34.0
06-04-2023 22:30:00,34.0
06-04-2023 23:00:00,34.0
06-04-2023 23:30:00,34.0
07-04-2023 00:00:00,34.0
07-04-2023 00:30:00,34.0
07-04-2023 01:00:00,34.0
07-04-2023 01:30:00,34.0
07-04-2023 02:00:00,34.0
07-04-2023 02:30:00,34.0
07-04-2023 03:00:00,34.0
07-04-2023 03:30:00,34.0
07-04-2023 04:00:00,20.4
07-04-2023 04:30:00,20.4
07-04-2023 05:00:00,20.4
07-04-2023 05:30:00,20.4
07-04-2023 06:00:00,20.4
07-04-2023 06:30:00,20.4
07-04-2023 07:00:00,34.0
07-04-2023 07:30:00,34.0
07-04-2023 08:00:00,34.0
07-04-2023 08:30:00,34.0
07-04-2023 09:00:00,34.0
07-04-2023 09:30:00,34.0
07-04-2023 10:00:00,34.0
07-04-2023 10:30:00,34.0
07-04-2023 11:00:00,34.0
07-04-2023 11:30:00,34.0
07-04-2023 12:00:00,34.0
07-04-2023 12:30:00,34.0
07-04-2023 13:00:00,20.4
07-04-2023 13:30:00,20.4
07-04-2023 14:00:00,20.4
07-04-2023 14:30:00,20.4
07-04-2023 15:00:00,20.4
07-04-2023 15:30:00,20.4
07-04-2023 16:00:00,54.4
07-04-2023 16:30:00,54.4
07-04-2023 17:00:00,54.4
07-04-2023 17:30:00,54.4
07-04-2023 18:00:00,54.4
07-04-2023 18:30:00,54.4
07-04-2023 19:00:00,34.0
07-04-2023 19:30:00,34.0
07-04-2023 20:00:00,34.0
07-04-2023 20:30:00,34.0
07-04-2023 21:00:00,34.0
07-04-2023 21:30:00,34.0
07-04-2023 22:00:00,34.0
07-04-2023 22:30:00,34.0
07-04-2023 23:00:00,34.0
07-04-2023 23:30:00,34.0
08-04-2023 00:00:00,34.0
08-04-2023 00:30:00,34.0
08-04-2023 01:00:00,34.0
08-04-2023 01:30:00,34.0
08-04-2023 02:00:00,34.0
08-04-2023 02:30:00,34.0
08-04-2023 03:00:00,34.0
08-04-2023 03:30:00,34.0
08-04-2023 04:00:00,20.4
08-04-2023 04:30:00,20.4
08-04-2023 05:00:00,20.4
08-04-2023 05:30:00,20.4
08-04-2023 06:00:00,20.4
08-04-2023 06:30:00,20.4
08-04-2023 07:00:00,34.0
08-04-2023 07:30:00,34.0
08-04-2023 08:00:00,34.0
08-04-2023 08:30:00,34.0
08-04-2023 09:00:00,34.0
08-04-2023 09:30:00,34.0
08-04-2023 10:00:00,34.0
08-04-2023 10:30:00,34.0
08-04-2023 11:00:00,34.0
08-04-2023 11:30:00,34.0
08-04-2023 12:00:00,34.0
08-04-2023 12:30:00,34.0
08-04-2023 13:00:00,20.4
08-04-2023 13:30:00,20.4
08-04-2023 14:00:00,20.4
08-04-2023 14:30:00,20.4
08-04-2023 15:00:00,20.4
08-04-2023 15:30:00,20.4
08-04-2023 16:00:00,54.4
08-04-2023 16:30:00,54.4
08-04-2023 17:00:00,54.4
08-04-2023 17:30:00,54.4
08-04-2023 18:00:00,54.4
08-04-2023 18:30:00,54.4
08-04-2023 19:00:00,34.0
08-04-2023 19:30:00,34.0
08-04-2023 20:00:00,34.0
08-04-2023 20:30:00,34.0
08-04-2023 21:00:00,34.0
08-04-2023 21:30:00,34.0
08-04-2023 22:00:00,34.0
08-04-2023 22:30:00,34.0
08-04-2023 23:00:00,34.0
08-04-2023 23:30:00,34.0
09-04-2023 00:00:00,34.0
09-04-2023 00:30:00,34.0
09-04-2023 01:00:00,34.0
09-04-2023 01:30:00,34.0
09-04-2023 02:00:00,34.0
09-04-2023 02:30:00,34.0
09-04-2023 03:00:00,34.0
09-04-2023 03:30:00,34.0
09-04-2023 04:00:00,20.4
09-04-2023 04:30:00,20.4
09-04-2023 05:00:00,20.4
09-04-2023 05:30:00,20.4
09-04-2023 06:00:00,20.4
09-04-2023 06:30:00,20.4
09-04-2023 07:00:00,34.0
09-04-2023 07:30:00,34.0
09-04-2023 08:00:00,34.0
09-04-2023 08:30:00,34.0
09-04-2023 09:00:00,34.0
09-04-2023 09:30:00,34.0
09-04-2023 10:00:00,34.0
09-04-2023 10:30:00,34.0
09-04-2023 11:00:00,34.0
09-04-2023 11:30:00,34.0
09-04-2023 12:00:00,34.0
09-04-2023 12:30:00,34.0
09-04-2023 13:00:00,20.4
09-04-2023 13:30:00,20.4
09-04-2023 14:00:00,20.4
09-04-2023 14:30:00,20.4
09-04-2023 15:00:00,20.4
09-04-2023 15:30:00,20.4
09-04-2023 16:00:00,54.4
09-04-2023 16:30:00,54.4
09-04-2023 17:00:00,54.4
09-04-2023 17:30:00,54.4
09-04-2023 18:00:00,54.4
09-04-2023 18:30:00,54.4
09-04-2023 19:00:00,34.0
09-04-2023 19:30:00,34.0
09-04-2023 20:00:00,34.0
09-04-2023 20:30:00,34.0
09-04-2023 21:00:00,34.0
09-04-2023 21:30:00,34.0
09-04-2023 22:00:00,34.0
09-04-2023 22:30:00,34.0
09-04-2023 23:00:00,34.0
09-04-2023 23:30:00,34.0
10-04-2023 00:00:00,34.0
10-04-2023 00:30:00,34.0
10-04-2023 01:00:00,34.0
10-04-2023 01:30:00,34.0
10-04-2023 02:00:00,34.0
10-04-2023 02:30:00,34.0
10-04-2023 03:00:00,34.0
10-04-2023 03:30:00,34.0
10-04-2023 04:00:00,20.4
10-04-2023 04:30:00,20.4
10-04-2023 05:00:00,20.4
10-04-2023 05:30:00,20.4
10-04-2023 06:00:00,20.4
10-04-2023 06:30:00,20.4
10-04-2023 07:00:00,34.0
10-04-2023 07:30:00,34.0
10-04-2023 08:00:00,34.0
10-04-2023 08:30:00,34.0
10-04-2023 09:00:00,34.0
10-04-2023 09:30:00,34.0
10-04-2023 10:00:00,34.0
10-04-2023 10:30:00,34.0
10-04-2023 11:00:00,34.0
10-04-2023 11:30:00,34.0
10-04-2023 12:00:00,34.0
10-04-2023 12:30:00,34.0
10-04-2023 13:00:00,20.4
10-04-2023 13:30:00,20.4
10-04-2023 14:00:00,20.4
10-04-2023 14:30:00,20.4
10-04-2023 15:00:00,20.4
10-04-2023 15:30:00,20.4
10-04-2023 16:00:00,54.4
10-04-2023 16:30:00,54.4
10-04-2023 17:00:00,54.4
10-04-2023 17:30:00,54.4
10-04-2023 18:00:00,54.4
10-04-2023 18:30:00,54.4
10-04-2023 19:00:00,34.0
10-04-2023 19:30:00,34.0
10-04-2023 20:00:00,34.0
10-04-2023 20:30:00,34.0
10-04-2023 21:00:00,34.0
10-04-2023 21:30:00,34.0
10-04-2023 22:00:00,34.0
10-04-2023 22:30:00,34.0
10-04-2023 23:00:00,34.0
10-04-2023 23:30:00,34.0
11-04-2023 00:00:00,34.0
11-04-2023 00:30:00,34.0
11-04-2023 01:00:00,34.0
11-04-2023 01:30:00,34.0
11-04-2023 02:00:00,34.0
11-04-2023 02:30:00,34.0
11-04-2023 03:00:00,34.0
11-04-2023 03:30:00,34.0
11-04-2023 04:00:00,20.4
11-04-2023 04:30:00,20.4
11-04-2023 05:00:00,20.4
11-04-2023 05:30:00,20.4
11-04-2023 06:00:00,20.4
11-04-2023 06:30:00,20.4
11-04-2023 07:00:00,34.0
11-04-2023 07:30:00,34.0
11-04-2023 08:00:00,34.0
11-04-2023 08:30:00,34.0
11-04-2023 09:00:00,34.0
11-04-2023 09:30:00,34.0
11-04-2023 10:00:00,34.0
11-04-2023 10:30:00,34.0
11-04-2023 11:00:00,34.0
11-04-2023 11:30:00,34.0
11-04-2023 12:00:00,34.0
11-04-2023 12:30:00,34.0
11-04-2023 13:00:00,20.4
11-04-2023 13:30:00,20.4
11-04-2023 14:00:00,20.4
11-04-2023 14:30:00,20.4
11-04-2023 15:00:00,20.4
11-04-2023 15:30:00,20.4
11-04-2023 16:00:00,54.4
11-04-2023 16:30:00,54.4
11-04-2023 17:00:00,54.4
11-04-2023 17:30:00,54.4
11-04-2023 18:00:00,54.4
11-04-2023 18:30:00,54.4
11-04-2023 19:00:00,34.0
11-04-2023 19:30:00,34.0
11-04-2023 20:00:00,34.0
11-04-2023 20:30:00,34.0
11-04-2023 21:00:00,34.0
11-04-2023 21:30:00,34.0
11-04-2023 22:00:00,34.0
11-04-2023 22:30:00,34.0
11-04-2023 23:00:00,34.0
11-04-2023 23:30:00,34.0
12-04-2023 00:00:00,34.0
12-04-2023 00:30:00,34.0
12-04-2023 01:00:00,34.0
12-04-2023 01:30:00,34.0
12-04-2023 02:00:00,34.0
12-04-2023 02:30:00,34.0
12-04-2023 03:00:00,34.0
12-04-2023 03:30:00,34.0
12-04-2023 04:00:00,20.4
12-04-2023 04:30:00,20.4
12-04-2023 05:00:00,20.4
12-04-2023 05:30:00,20.4
12-04-2023 06:00:00,20.4
12-04-2023 06:30:00,20.4
12-04-2023 07:00:00,34.0
12-04-2023 07:30:00,34.0
12-04-2023 08:00:00,34.0
12-04-2023 08:30:00,34.0
12-04-2023 09:00:00,34.0
12-04-2023 09:30:00,34.0
12-04-2023 10:00:00,34.0
12-04-2023 10:30:00,34.0
12-04-2023 11:00:00,34.0
12-04-2023 11:30:00,34.0
12-04-2023 12:00:00,34.0
12-04-2023 12:30:00,34.0
12-04-2023 13:00:00,20.4
12-04-2023 13:30:00,20.4
12-04-2023 14:00:00,20.4
12-04-2023 14:30:00,20.4
12-04-2023 15:00:00,20.4
12-04-2023 15:30:00,20.4
12-04-2023 16:00:00,54.4
12-04-2023 16:30:00,54.4
12-04-2023 17:00:00,54.4
12-04-2023 17:30:00,54.4
12-04-2023 18:00:00,54.4
12-04-2023 18:30:00,54.4
12-04-2023 19:00:00,34.0
12-04-2023 19:30:00,34.0
12-04-2023 20:00:00,34.0
12-04-2023 20:30:00,34.0
12-04-2023 21:00:00,34.0
12-04-2023 21:30:00,34.0
12-04-2023 22:00:00,34.0
12-04-2023 22:30:00,34.0
12-04-2023 23:00:00,34.0
12-04-2023 23:30:00,34.0
13-04-2023 00:00:00,34.0
13-04-2023 00:30:00,34.0
13-04-2023 01:00:00,34.0
13-04-2023 01:30:00,34.0
13-04-2023 02:00:00,34.0
13-04-2023 02:30:00,34.0
13-04-2023 03:00:00,34.0
13-04-2023 03:30:00,34.0
13-04-2023 04:00:00,20.4
13-04-2023 04:30:00,20.4
13-04-2023 05:00:00,20.4
13-04-2023 05:30:00,20.4
13-04-2023 06:00:00,20.4
13-04-2023 06:30:00,20.4
13-04-2023 07:00:00,34.0
13-04-2023 07:30:00,34.0
13-04-2023 08:00:00,34.0
13-04-2023 08:30:00,34.0
13-04-2023 09:00:00,34.0
13-04-2023 09:30:00,34.0
13-04-2023 10:00:00,34.0
13-04-2023 10:30:00,34.0
13-04-2023 11:00:00,34.0
13-04-2023 11:30:00,34.0
13-04-2023 12:00:00,34.0
13-04-2023 12:30:00,34.0
13-04-2023 13:00:00,20.4
13-04-2023 13:30:00,20.4
13-04-2023 14:00:00,20.4
13-04-2023 14:30:00,20.4
13-04-2023 15:00:00,20.4
13-04-2023 15:30:00,20.4
13-04-2023 16:00:00,54.4
13-04-2023 16:30:00,54.4
13-04-2023 17:00:00,54.4
13-04-2023 17:30:00,54.4
13-04-2023 18:00:00,54.4
13-04-2023 18:30:00,54.4
13-04-2023 19:00:00,34.0
13-04-2023 19:30:00,34.0
13-04-2023 20:00:00,34.0
13-04-2023 20:30:00,34.0
13-04-2023 21:00:00,34.0
13-04-2023 21:30:00,34.0
13-04-2023 22:00:00,34.0
13-04-2023 22:30:00,34.0
13-04-2023 23:00:00,34.0
13-04-2023 23:30:00,34.0
14-04-2023 00:00:00,34.0
14-04-2023 00:30:00,34.0
14-04-2023 01:00:00,34.0
14-04-2023 01:30:00,34.0
14-04-2023 02:00:00,34.0
14-04-2023 02:30:00,34.0
14-04-2023 03:00:00,34.0
14-04-2023 03:30:00,34.0
14-04-2023 04:00:00,20.4
14-04-2023 04:30:00,20.4
14-04-2023 05:00:00,20.4
14-04-2023 05:30:00,20.4
14-04-2023 06:00:00,20.4
14-04-2023 06:30:00,20.4
14-04-2023 07:00:00,34.0
14-04-2023 07:30:00,34.0
14-04-2023 08:00:00,34.0
14-04-2023 08:30:00,34.0
14-04-2023 09:00:00,34.0
14-04-2023 09:30:00,34.0
14-04-2023 10:00:00,34.0
14-04-2023 10:30:00,34.0
14-04-2023 11:00:00,34.0
14-04-2023 11:30:00,34.0
14-04-2023 12:00:00,34.0
14-04-2023 12:30:00,34.0
14-04-2023 13:00:00,20.4
14-04-2023 13:30:00,20.4
14-04-2023 14:00:00,20.4
14-04-2023 14:30:00,20.4
14-04-2023 15:00:00,20.4
14-04-2023 15:30:00,20.4
14-04-2023 16:00:00,54.4
14-04-2023 16:30:00,54.4
14-04-2023 17:00:00,54.4
14-04-2023 17:30:00,54.4
14-04-2023 18:00:00,54.4
14-04-2023 18:30:00,54.4
14-04-2023 19:00:00,34.0
14-04-2023 19:30:00,34.0
14-04-2023 20:00:00,34.0
14-04-2023 20:30:00,34.0
14-04-2023 21:00:00,34.0
14-04-2023 21:30:00,34.0
14-04-2023 22:00:00,34.0
14-04-2023 22:30:00,34.0
14-04-2023 23:00:00,34.0
14-04-2023 23:30:00,34.0
15-04-2023 00:00:00,34.0
15-04-2023 00:30:00,34.0
15-04-2023 01:00:00,34.0
15-04-2023 01:30:00,34.0
15-04-2023 02:00:00,34.0
15-04-2023 02:30:00,34.0
15-04-2023 03:00:00,34.0
15-04-2023 03:30:00,34.0
15-04-2023 04:00:00,20.4
15-04-2023 04:30:00,20.4
15-04-2023 05:00:00,20.4
15-04-2023 05:30:00,20.4
15-04-2023 06:00:00,20.4
15-04-2023 06:30:00,20.4
15-04-2023 07:00:00,34.0
15-04-2023 07:30:00,34.0
15-04-2023 08:00:00,34.0
15-04-2023 08:30:00,34.0
15-04-2023 09:00:00,34.0
15-04-2023 09:30:00,34.0
15-04-2023 10:00:00,34.0
15-04-2023 10:30:00,34.0
15-04-2023 11:00:00,34.0
15-04-2023 11:30:00,34.0
15-04-2023 12:00:00,34.0
15-04-2023 12:30:00,34.0
15-04-2023 13:00:00,20.4
15-04-2023 13:30:00,20.4
15-04-2023 14:00:00,20.4
15-04-2023 14:30:00,20.4
15-04-2023 15:00:00,20.4
15-04-2023 15:30:00,20.4
15-04-2023 16:00:00,54.4
15-04-2023 16:30:00,54.4
15-04-2023 17:00:00,54.4
15-04-2023 17:30:00,54.4
15-04-2023 18:00:00,54.4
15-04-2023 18:30:00,54.4
15-04-2023 19:00:00,34.0
15-04-2023 19:30:00,34.0
15-04-2023 20:00:00,34.0
15-04-2023 20:30:00,34.0
15-04-2023 21:00:00,34.0
15-04-2023 21:30:00,34.0
15-04-2023 22:00:00,34.0
15-04-2023 22:30:00,34.0
15-04-2023 23:00:00,34.0
15-04-2023 23:30:00,34.0
16-04-2023 00:00:00,34.0
16-04-2023 00:30:00,34.0
16-04-2023 01:00:00,34.0
16-04-2023 01:30:00,34.0
16-04-2023 02:00:00,34.0
16-04-2023 02:30:00,34.0
16-04-2023 03:00:00,34.0
16-04-2023 03:30:00,34.0
16-04-2023 04:00:00,20.4
16-04-2023 04:30:00,20.4
16-04-2023 05:00:00,20.4
16-04-2023 05:30:00,20.4
16-04-2023 06:00:00,20.4
16-04-2023 06:30:00,20.4
16-04-2023 07:00:00,34.0
16-04-2023 07:30:00,34.0
16-04-2023 08:00:00,34.0
16-04-2023 08:30:00,34.0
16-04-2023 09:00:00,34.0
16-04-2023 09:30:00,34.0
16-04-2023 10:00:00,34.0
16-04-2023 10:30:00,34.0
16-04-2023 11:00:00,34.0
16-04-2023 11:30:00,34.0
16-04-2023 12:00:00,34.0
16-04-2023 12:30:00,34.0
16-04-2023 13:00:00,20.4
16-04-2023 13:30:00,20.4
16-04-2023 14:00:00,20.4
16-04-2023 14:30:00,20.4
16-04-2023 15:00:00,20.4
16-04-2023 15:30:00,20.4
16-04-2023 16:00:00,54.4
16-04-2023 16:30:00,54.4
16-04-2023 17:00:00,54.4
16-04-2023 17:30:00,54.4
16-04-2023 18:00:00,54.4
16-04-2023 18:30:00,54.4
16-04-2023 19:00:00,34.0
16-04-2023 19:30:00,34.0
16-04-2023 20:00:00,34.0
16-04-2023 20:30:00,34.0
16-04-2023 21:00:00,34.0
16-04-2023 21:30:00,34.0
16-04-2023 22:00:00,34.0
16-04-2023 22:30:00,34.0
16-04-2023 23:00:00,34.0
16-04-2023 23:30:00,34.0
17-04-2023 00:00:00,34.0
17-04-2023 00:30:00,34.0
17-04-2023 01:00:00,34.0
17-04-2023 01:30:00,34.0
17-04-2023 02:00:00,34.0
17-04-2023 02:30:00,34.0
17-04-2023 03:00:00,34.0
17-04-2023 03:30:00,34.0
17-04-2023 04:00:00,20.4
17-04-2023 04:30:00,20.4
17-04-2023 05:00:00,20.4
17-04-2023 05:30:00,20.4
17-04-2023 06:00:00,20.4
17-04-2023 06:30:00,20.4
17-04-2023 07:00:00,34.0
17-04-2023 07:30:00,34.0
17-04-2023 08:00:00,34.0
17-04-2023 08:30:00,34.0
17-04-2023 09:00:00,34.0
17-04-2023 09:30:00,34.0
17-04-2023 10:00:00,34.0
17-04-2023 10:30:00,34.0
17-04-2023 11:00:00,34.0
17-04-2023 11:30:00,34.0
17-04-2023 12:00:00,34.0
17-04-2023 12:30:00,34.0
17-04-2023 13:00:00,20.4
17-04-2023 13:30:00,20.4
17-04-2023 14:00:00,20.4
17-04-2023 14:30:00,20.4
17-04-2023 15:00:00,20.4
17-04-2023 15:30:00,20.4
17-04-2023 16:00:00,54.4
17-04-2023 16:30:00,54.4
17-04-2023 17:00:00,54.4
17-04-2023 17:30:00,54.4
17-04-2023 18:00:00,54.4
17-04-2023 18:30:00,54.4
17-04-2023 19:00:00,34.0
17-04-2023 19:30:00,34.0
17-04-2023 20:00:00,34.0
17-04-2023 20:30:00,34.0
17-04-2023 21:00:00,34.0
17-04-2023 21:30:00,34.0
17-04-2023 22:00:00,34.0
17-04-2023 22:30:00,34.0
17-04-2023 23:00:00,34.0
17-04-2023 23:30:00,34.0
18-04-2023 00:00:00,34.0
18-04-2023 00:30:00,34.0
18-04-2023 01:00:00,34.0
18-04-2023 01:30:00,34.0
18-04-2023 02:00:00,34.0
18-04-2023 02:30:00,34.0
18-04-2023 03:00:00,34.0
18-04-2023 03:30:00,34.0
18-04-2023 04:00:00,20.4
18-04-2023 04:30:00,20.4
18-04-2023 05:00:00,20.4
18-04-2023 05:30:00,20.4
18-04-2023 06:00:00,20.4
18-04-2023 06:30:00,20.4
18-04-2023 07:00:00,34.0
18-04-2023 07:30:00,34.0
18-04-2023 08:00:00,34.0
18-04-2023 08:30:00,34.0
18-04-2023 09:00:00,34.0
18-04-2023 09:30:00,34.0
18-04-2023 10:00:00,34.0
18-04-2023 10:30:00,34.0
18-04-2023 11:00:00,34.0
18-04-2023 11:30:00,34.0
18-04-2023 12:00:00,34.0
18-04-2023 12:30:00,34.0
18-04-2023 13:00:00,20.4
18-04-2023 13:30:00,20.4
18-04-2023 14:00:00,20.4
18-04-2023 14:30:00,20.4
18-04-2023 15:00:00,20.4
18-04-2023 15:30:00,20.4
18-04-2023 16:00:00,54.4
18-04-2023 16:30:00,54.4
18-04-2023 17:00:00,54.4
18-04-2023 17:30:00,54.4
18-04-2023 18:00:00,54.4
18-04-2023 18:30:00,54.4
18-04-2023 19:00:00,34.0
18-04-2023 19:30:00,34.0
18-04-2023 20:00:00,34.0
18-04-2023 20:30:00,34.0
18-04-2023 21:00:00,34.0
18-04-2023 21:30:00,34.0
18-04-2023 22:00:00,34.0
18-04-2023 22:30:00,34.0
18-04-2023 23:00:00,34.0
18-04-2023 23:30:00,34.0
19-04-2023 00:00:00,34.0
19-04-2023 00:30:00,34.0
19-04-2023 01:00:00,34.0
19-04-2023 01:30:00,34.0
19-04-2023 02:00:00,34.0
19-04-2023 02:30:00,34.0
19-04-2023 03:00:00,34.0
19-04-2023 03:30:00,34.0
19-04-2023 04:00:00,20.4
19-04-2023 04:30:00,20.4
19-04-2023 05:00:00,20.4
19-04-2023 05:30:00,20.4
19-04-2023 06:00:00,20.4
19-04-2023 06:30:00,20.4
19-04-2023 07:00:00,34.0
19-04-2023 07:30:00,34.0
19-04-2023 08:00:00,34.0
19-04-2023 08:30:00,34.0
19-04-2023 09:00:00,34.0
19-04-2023 09:30:00,34.0
19-04-2023 10:00:00,34.0
19-04-2023 10:30:00,34.0
19-04-2023 11:00:00,34.0
19-04-2023 11:30:00,34.0
19-04-2023 12:00:00,34.0
19-04-2023 12:30:00,34.0
19-04-2023 13:00:00,20.4
19-04-2023 13:30:00,20.4
19-04-2023 14:00:00,20.4
19-04-2023 14:30:00,20.4
19-04-2023 15:00:00,20.4
19-04-2023 15:30:00,20.4
19-04-2023 16:00:00,54.4
19-04-2023 16:30:00,54.4
19-04-2023 17:00:00,54.4
19-04-2023 17:30:00,54.4
19-04-2023 18:00:00,54.4
19-04-2023 18:30:00,54.4
19-04-2023 19:00:00,34.0
19-04-2023 19:30:00,34.0
19-04-2023 20:00:00,34.0
19-04-2023 20:30:00,34.0
19-04-2023 21:00:00,34.0
19-04-2023 21:30:00,34.0
19-04-2023 22:00:00,34.0
19-04-2023 22:30:00,34.0
19-04-2023 23:00:00,34.0
19-04-2023 23:30:00,34.0
20-04-2023 00:00:00,34.0
20-04-2023 00:30:00,34.0
20-04-2023 01:00:00,34.0
20-04-2023 01:30:00,34.0
20-04-2023 02:00:00,34.0
20-04-2023 02:30:00,34.0
20-04-2023 03:00:00,34.0
20-04-2023 03:30:00,34.0
20-04-2023 04:00:00,20.4
20-04-2023 04:30:00,20.4
20-04-2023 05:00:00,20.4
20-04-2023 05:30:00,20.4
20-04-2023 06:00:00,20.4
20-04-2023 06:30:00,20.4
20-04-2023 07:00:00,34.0
20-04-2023 07:30:00,34.0
20-04-2023 08:00:00,34.0
20-04-2023 08:30:00,34.0
20-04-2023 09:00:00,34.0
20-04-2023 09:30:00,34.0
20-04-2023 10:00:00,34.0
20-04-2023 10:30:00,34.0
20-04-2023 11:00:00,34.0
20-04-2023 11:30:00,34.0
20-04-2023 12:00:00,34.0
20-04-2023 12:30:00,34.0
20-04-2023 13:00:00,20.4
20-04-2023 13:30:00,20.4
20-04-2023 14:00:00,20.4
20-04-2023 14:30:00,20.4
20-04-2023 15:00:00,20.4
20-04-2023 15:30:00,20.4
20-04-2023 16:00:00,54.4
20-04-2023 16:30:00,54.4
20-04-2023 17:00:00,54.4
20-04-2023 17:30:00,54.4
20-04-2023 18:00:00,54.4
20-04-2023 18:30:00,54.4
20-04-2023 19:00:00,34.0
20-04-2023 19:30:00,34.0
20-04-2023 20:00:00,34.0
20-04-2023 20:30:00,34.0
20-04-2023 21:00:00,34.0
20-04-2023 21:30:00,34.0
20-04-2023 22:00:00,34.0
20-04-2023 22:30:00,34.0
20-04-2023 23:00:00,34.0
20-04-2023 23:30:00,34.0
21-04-2023 00:00:00,34.0
21-04-2023 00:30:00,34.0
21-04-2023 01:00:00,34.0
21-04-2023 01:30:00,34.0
21-04-2023 02:00:00,34.0
21-04-2023 02:30:00,34.0
21-04-2023 03:00:00,34.0
21-04-2023 03:30:00,34.0
21-04-2023 04:00:00,20.4
21-04-2023 04:30:00,20.4
21-04-2023 05:00:00,20.4
21-04-2023 05:30:00,20.4
21-04-2023 06:00:00,20.4
21-04-2023 06:30:00,20.4
21-04-2023 07:00:00,34.0
21-04-2023 07:30:00,34.0
21-04-2023 08:00:00,34.0
21-04-2023 08:30:00,34.0
21-04-2023 09:00:00,34.0
21-04-2023 09:30:00,34.0
21-04-2023 10:00:00,34.0
21-04-2023 10:30:00,34.0
21-04-2023 11:00:00,34.0
21-04-2023 11:30:00,34.0
21-04-2023 12:00:00,34.0
21-04-2023 12:30:00,34.0
21-04-2023 13:00:00,20.4
21-04-2023 13:30:00,20.4
21-04-2023 14:00:00,20.4
21-04-2023 14:30:00,20.4
21-04-2023 15:00:00,20.4
21-04-2023 15:30:00,20.4
21-04-2023 16:00:00,54.4
21-04-2023 16:30:00,54.4
21-04-2023 17:00:00,54.4
21-04-2023 17:30:00,54.4
21-04-2023 18:00:00,54.4
21-04-2023 18:30:00,54.4
21-04-2023 19:00:00,34.0
21-04-2023 19:30:00,34.0
21-04-2023 20:00:00,34.0
21-04-2023 20:30:00,34.0
21-04-2023 21:00:00,34.0
21-04-2023 21:30:00,34.0
21-04-2023 22:00:00,34.0
21-04-2023 22:30:00,34.0
21-04-2023 23:00:00,34.0
21-04-2023 23:30:00,34.0
22-04-2023 00:00:00,34.0
22-04-2023 00:30:00,34.0
22-04-2023 01:00:00,34.0
22-04-2023 01:30:00,34.0
22-04-2023 02:00:00,34.0
22-04-2023 02:30:00,34.0
22-04-2023 03:00:00,34.0
22-04-2023 03:30:00,34.0
22-04-2023 04:00:00,20.4
22-04-2023 04:30:00,20.4
22-04-2023 05:00:00,20.4
22-04-2023 05:30:00,20.4
22-04-2023 06:00:00,20.4
22-04-2023 06:30:00,20.4
22-04-2023 07:00:00,34.0
22-04-2023 07:30:00,34.0
22-04-2023 08:00:00,34.0
22-04-2023 08:30:00,34.0
22-04-2023 09:00:00,34.0
22-04-2023 09:30:00,34.0
22-04-2023 10:00:00,34.0
22-04-2023 10:30:00,34.0
22-04-2023 11:00:00,34.0
22-04-2023 11:30:00,34.0
22-04-2023 12:00:00,34.0
22-04-2023 12:30:00,34.0
22-04-2023 13:00:00,20.4
22-04-2023 13:30:00,20.4
22-04-2023 14:00:00,20.4
22-04-2023 14:30:00,20.4
22-04-2023 15:00:00,20.4
22-04-2023 15:30:00,20.4
22-04-2023 16:00:00,54.4
22-04-2023 16:30:00,54.4
22-04-2023 17:00:00,54.4
22-04-2023 17:30:00,54.4
22-04-2023 18:00:00,54.4
22-04-2023 18:30:00,54.4
22-04-2023 19:00:00,34.0
22-04-2023 19:30:00,34.0
22-04-2023 20:00:00,34.0
22-04-2023 20:30:00,34.0
22-04-2023 21:00:00,34.0
22-04-2023 21:30:00,34.0
22-04-2023 22:00:00,34.0
22-04-2023 22:30:00,34.0
22-04-2023 23:00:00,34.0
22-04-2023 23:30:00,34.0
23-04-2023 00:00:00,34.0
23-04-2023 00:30:00,34.0
23-04-2023 01:00:00,34.0
23-04-2023 01:30:00,34.0
23-04-2023 02:00:00,34.0
23-04-2023 02:30:00,34.0
23-04-2023 03:00:00,34.0
23-04-2023 03:30:00,34.0
23-04-2023 04:00:00,20.4
23-04-2023 04:30:00,20.4
23-04-2023 05:00:00,20.4
23-04-2023 05:30:00,20.4
23-04-2023 06:00:00,20.4
23-04-2023 06:30:00,20.4
23-04-2023 07:00:00,34.0
23-04-2023 07:30:00,34.0
23-04-2023 08:00:00,34.0
23-04-2023 08:30:00,34.0
23-04-2023 09:00:00,34.0
23-04-2023 09:30:00,34.0
23-04-2023 10:00:00,34.0
23-04-2023 10:30:00,34.0
23-04-2023 11:00:00,34.0
23-04-2023 11:30:00,34.0
23-04-2023 12:00:00,34.0
23-04-2023 12:30:00,34.0
23-04-2023 13:00:00,20.4
23-04-2023 13:30:00,20.4
23-04-2023 14:00:00,20.4
23-04-2023 14:30:00,20.4
23-04-2023 15:00:00,20.4
23-04-2023 15:30:00,20.4
23-04-2023 16:00:00,54.4
23-04-2023 16:30:00,54.4
23-04-2023 17:00:00,54.4
23-04-2023 17:30:00,54.4
23-04-2023 18:00:00,54.4
23-04-2023 18:30:00,54.4
23-04-2023 19:00:00,34.0
23-04-2023 19:30:00,34.0
23-04-2023 20:00:00,34.0
23-04-2023 20:30:00,34.0
23-04-2023 21:00:00,34.0
23-04-2023 21:30:00,34.0
23-04-2023 22:00:00,34.0
23-04-2023 22:30:00,34.0
23-04-2023 23:00:00,34.0
23-04-2023 23:30:00,34.0
24-04-2023 00:00:00,34.0
24-04-2023 00:30:00,34.0
24-04-2023 01:00:00,34.0
24-04-2023 01:30:00,34.0
24-04-2023 02:00:00,34.0
24-04-2023 02:30:00,34.0
24-04-2023 03:00:00,34.0
24-04-2023 03:30:00,34.0
24-04-2023 04:00:00,20.4
24-04-2023 04:30:00,20.4
24-04-2023 05:00:00,20.4
24-04-2023 05:30:00,20.4
24-04-2023 06:00:00,20.4
24-04-2023 06:30:00,20.4
24-04-2023 07:00:00,34.0
24-04-2023 07:30:00,34.0
24-04-2023 08:00:00,34.0
24-04-2023 08:30:00,34.0
24-04-2023 09:00:00,34.0
24-04-2023 09:30:00,34.0
24-04-2023 10:00:00,34.0
24-04-2023 10:30:00,34.0
24-04-2023 11:00:00,34.0
24-04-2023 11:30:00,34.0
24-04-2023 12:00:00,34.0
24-04-2023 12:30:00,34.0
24-04-2023 13:00:00,20.4
24-04-2023 13:30:00,20.4
24-04-2023 14:00:00,20.4
24-04-2023 14:30:00,20.4
24-04-2023 15:00:00,20.4
24-04-2023 15:30:00,20.4
24-04-2023 16:00:00,54.4
24-04-2023 16:30:00,54.4
24-04-2023 17:00:00,54.4
24-04-2023 17:30:00,54.4
24-04-2023 18:00:00,54.4
24-04-2023 18:30:00,54.4
24-04-2023 19:00:00,34.0
24-04-2023 19:30:00,34.0
24-04-2023 20:00:00,34.0
24-04-2023 20:30:00,34.0
24-04-2023 21:00:00,34.0
24-04-2023 21:30:00,34.0
24-04-2023 22:00:00,34.0
24-04-2023 22:30:00,34.0
24-04-2023 23:00:00,34.0
24-04-2023 23:30:00,34.0
25-04-2023 00:00:00,34.0
25-04-2023 00:30:00,34.0
25-04-2023 01:00:00,34.0
25-04-2023 01:30:00,34.0
25-04-2023 02:00:00,34.0
25-04-2023 02:30:00,34.0
25-04-2023 03:00:00,34.0
25-04-2023 03:30:00,34.0
25-04-2023 04:00:00,20.4
25-04-2023 04:30:00,20.4
25-04-2023 05:00:00,20.4
25-04-2023 05:30:00,20.4
25-04-2023 06:00:00,20.4
25-04-2023 06:30:00,20.4
25-04-2023 07:00:00,34.0
25-04-2023 07:30:00,34.0
25-04-2023 08:00:00,34.0
25-04-2023 08:30:00,34.0
25-04-2023 09:00:00,34.0
25-04-2023 09:30:00,34.0
25-04-2023 10:00:00,34.0
25-04-2023 10:30:00,34.0
25-04-2023 11:00:00,34.0
25-04-2023 11:30:00,34.0
25-04-2023 12:00:00,34.0
25-04-2023 12:30:00,34.0
25-04-2023 13:00:00,20.4
25-04-2023 13:30:00,20.4
25-04-2023 14:00:00,20.4
25-04-2023 14:30:00,20.4
25-04-2023 15:00:00,20.4
25-04-2023 15:30:00,20.4
25-04-2023 16:00:00,54.4
25-04-2023 16:30:00,54.4
25-04-2023 17:00:00,54.4
25-04-2023 17:30:00,54.4
25-04-2023 18:00:00,54.4
25-04-2023 18:30:00,54.4
25-04-2023 19:00:00,34.0
25-04-2023 19:30:00,34.0
25-04-2023 20:00:00,34.0
25-04-2023 20:30:00,34.0
25-04-2023 21:00:00,34.0
25-04-2023 21:30:00,34.0
25-04-2023 22:00:00,34.0
25-04-2023 22:30:00,34.0
25-04-2023 23:00:00,34.0
25-04-2023 23:30:00,34.0
26-04-2023 00:00:00,34.0
26-04-2023 00:30:00,34.0
26-04-2023 01:00:00,34.0
26-04-2023 01:30:00,34.0
26-04-2023 02:00:00,34.0
26-04-2023 02:30:00,34.0
26-04-2023 03:00:00,34.0
26-04-2023 03:30:00,34.0
26-04-2023 04:00:00,20.4
26-04-2023 04:30:00,20.4
26-04-2023 05:00:00,20.4
26-04-2023 05:30:00,20.4
26-04-2023 06:00:00,20.4
26-04-2023 06:30:00,20.4
26-04-2023 07:00:00,34.0
26-04-2023 07:30:00,34.0
26-04-2023 08:00:00,34.0
26-04-2023 08:30:00,34.0
26-04-2023 09:00:00,34.0
26-04-2023 09:30:00,34.0
26-04-2023 10:00:00,34.0
26-04-2023 10:30:00,34.0
26-04-2023 11:00:00,34.0
26-04-2023 11:30:00,34.0
26-04-2023 12:00:00,34.0
26-04-2023 12:30:00,34.0
26-04-2023 13:00:00,20.4
26-04-2023 13:30:00,20.4
26-04-2023 14:00:00,20.4
26-04-2023 14:30:00,20.4
26-04-2023 15:00:00,20.4
26-04-2023 15:30:00,20.4
26-04-2023 16:00:00,54.4
26-04-2023 16:30:00,54.4
26-04-2023 17:00:00,54.4
26-04-2023 17:30:00,54.4
26-04-2023 18:00:00,54.4
26-04-2023 18:30:00,54.4
26-04-2023 19:00:00,34.0
26-04-2023 19:30:00,34.0
26-04-2023 20:00:00,34.0
26-04-2023 20:30:00,34.0
26-04-2023 21:00:00,34.0
26-04-2023 21:30:00,34.0
26-04-2023 22:00:00,34.0
26-04-2023 22:30:00,34.0
26-04-2023 23:00:00,34.0
26-04-2023 23:30:00,34.0
27-04-2023 00:00:00,34.0
27-04-2023 00:30:00,34.0
27-04-2023 01:00:00,34.0
27-04-2023 01:30:00,34.0
27-04-2023 02:00:00,34.0
27-04-2023 02:30:00,34.0
27-04-2023 03:00:00,34.0
27-04-2023 03:30:00,34.0
27-04-2023 04:00:00,20.4
27-04-2023 04:30:00,20.4
27-04-2023 05:00:00,20.4
27-04-2023 05:30:00,20.4
27-04-2023 06:00:00,20.4
27-04-2023 06:30:00,20.4
27-04-2023 07:00:00,34.0
27-04-2023 07:30:00,34.0
27-04-2023 08:00:00,34.0
27-04-2023 08:30:00,34.0
27-04-2023 09:00:00,34.0
27-04-2023 09:30:00,34.0
27-04-2023 10:00:00,34.0
27-04-2023 10:30:00,34.0
27-04-2023 11:00:00,34.0
27-04-2023 11:30:00,34.0
27-04-2023 12:00:00,34.0
27-04-2023 12:30:00,34.0
27-04-2023 13:00:00,20.4
27-04-2023 13:30:00,20.4
27-04-2023 14:00:00,20.4
27-04-2023 14:30:00,20.4
27-04-2023 15:00:00,20.4
27-04-2023 15:30:00,20.4
27-04-2023 16:00:00,54.4
27-04-2023 16:30:00,54.4
27-04-2023 17:00:00,54.4
27-04-2023 17:30:00,54.4
27-04-2023 18:00:00,54.4
27-04-2023 18:30:00,54.4
27-04-2023 19:00:00,34.0
27-04-2023 19:30:00,34.0
27-04-2023 20:00:00,34.0
27-04-2023 20:30:00,34.0
27-04-2023 21:00:00,34.0
27-04-2023 21:30:00,34.0
27-04-2023 22:00:00,34.0
27-04-2023 22:30:00,34.0
27-04-2023 23:00:00,34.0
27-04-2023 23:30:00,34.0
28-04-2023 00:00:00,34.0
28-04-2023 00:30:00,34.0
28-04-2023 01:00:00,34.0
28-04-2023 01:30:00,34.0
28-04-2023 02:00:00,34.0
28-04-2023 02:30:00,34.0
28-04-2023 03:00:00,34.0
28-04-2023 03:30:00,34.0
28-04-2023 04:00:00,20.4
28-04-2023 04:30:00,20.4
28-04-2023 05:00:00,20.4
28-04-2023 05:30:00,20.4
28-04-2023 06:00:00,20.4
28-04-2023 06:30:00,20.4
28-04-2023 07:00:00,34.0
28-04-2023 07:30:00,34.0
28-04-2023 08:00:00,34.0
28-04-2023 08:30:00,34.0
28-04-2023 09:00:00,34.0
28-04-2023 09:30:00,34.0
28-04-2023 10:00:00,34.0
28-04-2023 10:30:00,34.0
28-04-2023 11:00:00,34.0
28-04-2023 11:30:00,34.0
28-04-2023 12:00:00,34.0
28-04-2023 12:30:00,34.0
28-04-2023 13:00:00,20.4
28-04-2023 13:30:00,20.4
28-04-2023 14:00:00,20.4
28-04-2023 14:30:00,20.4
28-04-2023 15:00:00,20.4
28-04-2023 15:30:00,20.4
28-04-2023 16:00:00,54.4
28-04-2023 16:30:00,54.4
28-04-2023 17:00:00,54.4
28-04-2023 17:30:00,54.4
28-04-2023 18:00:00,54.4
28-04-2023 18:30:00,54.4
28-04-2023 19:00:00,34.0
28-04-2023 19:30:00,34.0
28-04-2023 20:00:00,34.0
28-04-2023 20:30:00,34.0
28-04-2023 21:00:00,34.0
28-04-2023 21:30:00,34.0
28-04-2023 22:00:00,34.0
28-04-2023 22:30:00,34.0
28-04-2023 23:00:00,34.0
28-04-2023 23:30:00,34.0
29-04-2023 00:00:00,34.0
29-04-2023 00:30:00,34.0
29-04-2023 01:00:00,34.0
29-04-2023 01:30:00,34.0
29-04-2023 02:00:00,34.0
29-04-2023 02:30:00,34.0
29-04-2023 03:00:00,34.0
29-04-2023 03:30:00,34.0
29-04-2023 04:00:00,20.4
29-04-2023 04:30:00,20.4
29-04-2023 05:00:00,20.4
29-04-2023 05:30:00,20.4
29-04-2023 06:00:00,20.4
29-04-2023 06:30:00,20.4
29-04-2023 07:00:00,34.0
29-04-2023 07:30:00,34.0
29-04-2023 08:00:00,34.0
29-04-2023 08:30:00,34.0
29-04-2023 09:00:00,34.0
29-04-2023 09:30:00,34.0
29-04-2023 10:00:00,34.0
29-04-2023 10:30:00,34.0
29-04-2023 11:00:00,34.0
29-04-2023 11:30:00,34.0
29-04-2023 12:00:00,34.0
29-04-2023 12:30:00,34.0
29-04-2023 13:00:00,20.4
29-04-2023 13:30:00,20.4
29-04-2023 14:00:00,20.4
29-04-2023 14:30:00,20.4
29-04-2023 15:00:00,20.4
29-04-2023 15:30:00,20.4
29-04-2023 16:00:00,54.4
29-04-2023 16:30:00,54.4
29-04-2023 17:00:00,54.4
29-04-2023 17:30:00,54.4
29-04-2023 18:00:00,54.4
29-04-2023 18:30:00,54.4
29-04-2023 19:00:00,34.0
29-04-2023 19:30:00,34.0
29-04-2023 20:00:00,34.0
29-04-2023 20:30:00,34.0
29-04-2023 21:00:00,34.0
29-04-2023 21:30:00,34.0
29-04-2023 22:00:00,34.0
29-04-2023 22:30:00,34.0
29-04-2023 23:00:00,34.0
29-04-2023 23:30:00,34.0
30-04-2023 00:00:00,34.0
30-04-2023 00:30:00,34.0
30-04-2023 01:00:00,34.0
30-04-2023 01:30:00,34.0
30-04-2023 02:00:00,34.0
30-04-2023 02:30:00,34.0
30-04-2023 03:00:00,34.0
30-04-2023 03:30:00,34.0
30-04-2023 04:00:00,20.4
30-04-2023 04:30:00,20.4
30-04-2023 05:00:00,20.4
30-04-2023 05:30:00,20.4
30-04-2023 06:00:00,20.4
30-04-2023 06:30:00,20.4
30-04-2023 07:00:00,34.0
30-04-2023 07:30:00,34.0
30-04-2023 08:00:00,34.0
30-04-2023 08:30:00,34.0
30-04-2023 09:00:00,34.0
30-04-2023 09:30:00,34.0
30-04-2023 10:00:00,34.0
30-04-2023 10:30:00,34.0
30-04-2023 11:00:00,34.0
30-04-2023 11:30:00,34.0
30-04-2023 12:00:00,34.0
30-04-2023 12:30:00,34.0
30-04-2023 13:00:00,20.4
30-04-2023 13:30:00,20.4
30-04-2023 14:00:00,20.4
30-04-2023 14:30:00,20.4
30-04-2023 15:00:00,20.4
30-04-2023 15:30:00,20.4
30-04-2023 16:00:00,54.4
30-04-2023 16:30:00,54.4
30-04-2023 17:00:00,54.4
30-04-2023 17:30:00,54.4
30-04-2023 18:00:00,54.4
30-04-2023 18:30:00,54.4
30-04-2023 19:00:00,34.0
30-04-2023 19:30:00,34.0
30-04-2023 20:00:00,34.0
30-04-2023 20:30:00,34.0
30-04-2023 21:00:00,34.0
30-04-2023 21:30:00,34.0
30-04-2023 22:00:00,34.0
30-04-2023 22:30:00,34.0
30-04-2023 23:00:00,34.0
30-04-2023 23:30:00,34.0
01-05-2023 00:00:00,34.0
01-05-2023 00:30:00,34.0
01-05-2023 01:00:00,34.0
01-05-2023 01:30:00,34.0
01-05-2023 02:00:00,34.0
01-05-2023 02:30:00,34.0
01-05-2023 03:00:00,34.0
01-05-2023 03:30:00,34.0
01-05-2023 04:00:00,20.4
01-05-2023 04:30:00,20.4
01-05-2023 05:00:00,20.4
01-05-2023 05:30:00,20.4
01-05-2023 06:00:00,20.4
01-05-2023 06:30:00,20.4
01-05-2023 07:00:00,34.0
01-05-2023 07:30:00,34.0
01-05-2023 08:00:00,34.0
01-05-2023 08:30:00,34.0
01-05-2023 09:00:00,34.0
01-05-2023 09:30:00,34.0
01-05-2023 10:00:00,34.0
01-05-2023 10:30:00,34.0
01-05-2023 11:00:00,34.0
01-05-2023 11:30:00,34.0
01-05-2023 12:00:00,34.0
01-05-2023 12:30:00,34.0
01-05-2023 13:00:00,20.4
01-05-2023 13:30:00,20.4
01-05-2023 14:00:00,20.4
01-05-2023 14:30:00,20.4
01-05-2023 15:00:00,20.4
01-05-2023 15:30:00,20.4
01-05-2023 16:00:00,54.4
01-05-2023 16:30:00,54.4
01-05-2023 17:00:00,54.4
01-05-2023 17:30:00,54.4
01-05-2023 18:00:00,54.4
01-05-2023 18:30:00,54.4
01-05-2023 19:00:00,34.0
01-05-2023 19:30:00,34.0
01-05-2023 20:00:00,34.0
01-05-2023 20:30:00,34.0
01-05-2023 21:00:00,34.0
01-05-2023 21:30:00,34.0
01-05-2023 22:00:00,34.0
01-05-2023 22:30:00,34.0
01-05-2023 23:00:00,34.0
01-05-2023 23:30:00,34.0
02-05-2023 00:00:00,34.0
02-05-2023 00:30:00,34.0
02-05-2023 01:00:00,34.0
02-05-2023 01:30:00,34.0
02-05-2023 02:00:00,34.0
02-05-2023 02:30:00,34.0
02-05-2023 03:00:00,34.0
02-05-2023 03:30:00,34.0
02-05-2023 04:00:00,20.4
02-05-2023 04:30:00,20.4
02-05-2023 05:00:00,20.4
02-05-2023 05:30:00,20.4
02-05-2023 06:00:00,20.4
02-05-2023 06:30:00,20.4
02-05-2023 07:00:00,34.0
02-05-2023 07:30:00,34.0
02-05-2023 08:00:00,34.0
02-05-2023 08:30:00,34.0
02-05-2023 09:00:00,34.0
02-05-2023 09:30:00,34.0
02-05-2023 10:00:00,34.0
02-05-2023 10:30:00,34.0
02-05-2023 11:00:00,34.0
02-05-2023 11:30:00,34.0
02-05-2023 12:00:00,34.0
02-05-2023 12:30:00,34.0
02-05-2023 13:00:00,20.4
02-05-2023 13:30:00,20.4
02-05-2023 14:00:00,20.4
02-05-2023 14:30:00,20.4
02-05-2023 15:00:00,20.4
02-05-2023 15:30:00,20.4
02-05-2023 16:00:00,54.4
02-05-2023 16:30:00,54.4
02-05-2023 17:00:00,54.4
02-05-2023 17:30:00,54.4
02-05-2023 18:00:00,54.4
02-05-2023 18:30:00,54.4
02-05-2023 19:00:00,34.0
02-05-2023 19:30:00,34.0
02-05-2023 20:00:00,34.0
02-05-2023 20:30:00,34.0
02-05-2023 21:00:00,34.0
02-05-2023 21:30:00,34.0
02-05-2023 22:00:00,34.0
02-05-2023 22:30:00,34.0
02-05-2023 23:00:00,34.0
02-05-2023 23:30:00,34.0
03-05-2023 00:00:00,34.0
03-05-2023 00:30:00,34.0
03-05-2023 01:00:00,34.0
03-05-2023 01:30:00,34.0
03-05-2023 02:00:00,34.0
03-05-2023 02:30:00,34.0
03-05-2023 03:00:00,34.0
03-05-2023 03:30:00,34.0
03-05-2023 04:00:00,20.4
03-05-2023 04:30:00,20.4
03-05-2023 05:00:00,20.4
03-05-2023 05:30:00,20.4
03-05-2023 06:00:00,20.4
03-05-2023 06:30:00,20.4
03-05-2023 07:00:00,34.0
03-05-2023 07:30:00,34.0
03-05-2023 08:00:00,34.0
03-05-2023 08:30:00,34.0
03-05-2023 09:00:00,34.0
03-05-2023 09:30:00,34.0
03-05-2023 10:00:00,34.0
03-05-2023 10:30:00,34.0
03-05-2023 11:00:00,34.0
03-05-2023 11:30:00,34.0
03-05-2023 12:00:00,34.0
03-05-2023 12:30:00,34.0
03-05-2023 13:00:00,20.4
03-05-2023 13:30:00,20.4
03-05-2023 14:00:00,20.4
03-05-2023 14:30:00,20.4
03-05-2023 15:00:00,20.4
03-05-2023 15:30:00,20.4
03-05-2023 16:00:00,54.4
03-05-2023 16:30:00,54.4
03-05-2023 17:00:00,54.4
03-05-2023 17:30:00,54.4
03-05-2023 18:00:00,54.4
03-05-2023 18:30:00,54.4
03-05-2023 19:00:00,34.0
03-05-2023 19:30:00,34.0
03-05-2023 20:00:00,34.0
03-05-2023 20:30:00,34.0
03-05-2023 21:00:00,34.0
03-05-2023 21:30:00,34.0
03-05-2023 22:00:00,34.0
03-05-2023 22:30:00,34.0
03-05-2023 23:00:00,34.0
03-05-2023 23:30:00,34.0
04-05-2023 00:00:00,34.0
04-05-2023 00:30:00,34.0
04-05-2023 01:00:00,34.0
04-05-2023 01:30:00,34.0
04-05-2023 02:00:00,34.0
04-05-2023 02:30:00,34.0
04-05-2023 03:00:00,34.0
04-05-2023 03:30:00,34.0
04-05-2023 04:00:00,20.4
04-05-2023 04:30:00,20.4
04-05-2023 05:00:00,20.4
04-05-2023 05:30:00,20.4
04-05-2023 06:00:00,20.4
04-05-2023 06:30:00,20.4
04-05-2023 07:00:00,34.0
04-05-2023 07:30:00,34.0
04-05-2023 08:00:00,34.0
04-05-2023 08:30:00,34.0
04-05-2023 09:00:00,34.0
04-05-2023 09:30:00,34.0
04-05-2023 10:00:00,34.0
04-05-2023 10:30:00,34.0
04-05-2023 11:00:00,34.0
04-05-2023 11:30:00,34.0
04-05-2023 12:00:00,34.0
04-05-2023 12:30:00,34.0
04-05-2023 13:00:00,20.4
04-05-2023 13:30:00,20.4
04-05-2023 14:00:00,20.4
04-05-2023 14:30:00,20.4
04-05-2023 15:00:00,20.4
04-05-2023 15:30:00,20.4
04-05-2023 16:00:00,54.4
04-05-2023 16:30:00,54.4
04-05-2023 17:00:00,54.4
04-05-2023 17:30:00,54.4
04-05-2023 18:00:00,54.4
04-05-2023 18:30:00,54.4
04-05-2023 19:00:00,34.0
04-05-2023 19:30:00,34.0
04-05-2023 20:00:00,34.0
04-05-2023 20:30:00,34.0
04-05-2023 21:00:00,34.0
04-05-2023 21:30:00,34.0
04-05-2023 22:00:00,34.0
04-05-2023 22:30:00,34.0
04-05-2023 23:00:00,34.0
04-05-2023 23:30:00,34.0
05-05-2023 00:00:00,34.0
05-05-2023 00:30:00,34.0
05-05-2023 01:00:00,34.0
05-05-2023 01:30:00,34.0
05-05-2023 02:00:00,34.0
05-05-2023 02:30:00,34.0
05-05-2023 03:00:00,34.0
05-05-2023 03:30:00,34.0
05-05-2023 04:00:00,20.4
05-05-2023 04:30:00,20.4
05-05-2023 05:00:00,20.4
05-05-2023 05:30:00,20.4
05-05-2023 06:00:00,20.4
05-05-2023 06:30:00,20.4
05-05-2023 07:00:00,34.0
05-05-2023 07:30:00,34.0
05-05-2023 08:00:00,34.0
05-05-2023 08:30:00,34.0
05-05-2023 09:00:00,34.0
05-05-2023 09:30:00,34.0
05-05-2023 10:00:00,34.0
05-05-2023 10:30:00,34.0
05-05-2023 11:00:00,34.0
05-05-2023 11:30:00,34.0
05-05-2023 12:00:00,34.0
05-05-2023 12:30:00,34.0
05-05-2023 13:00:00,20.4
05-05-2023 13:30:00,20.4
05-05-2023 14:00:00,20.4
05-05-2023 14:30:00,20.4
05-05-2023 15:00:00,20.4
05-05-2023 15:30:00,20.4
05-05-2023 16:00:00,54.4
05-05-2023 16:30:00,54.4
05-05-2023 17:00:00,54.4
05-05-2023 17:30:00,54.4
05-05-2023 18:00:00,54.4
05-05-2023 18:30:00,54.4
05-05-2023 19:00:00,34.0
05-05-2023 19:30:00,34.0
05-05-2023 20:00:00,34.0
05-05-2023 20:30:00,34.0
05-05-2023 21:00:00,34.0
05-05-2023 21:30:00,34.0
05-05-2023 22:00:00,34.0
05-05-2023 22:30:00,34.0
05-05-2023 23:00:00,34.0
05-05-2023 23:30:00,34.0
06-05-2023 00:00:00,34.0
06-05-2023 00:30:00,34.0
06-05-2023 01:00:00,34.0
06-05-2023 01:30:00,34.0
06-05-2023 02:00:00,34.0
06-05-2023 02:30:00,34.0
06-05-2023 03:00:00,34.0
06-05-2023 03:30:00,34.0
06-05-2023 04:00:00,20.4
06-05-2023 04:30:00,20.4
06-05-2023 05:00:00,20.4
06-05-2023 05:30:00,20.4
06-05-2023 06:00:00,20.4
06-05-2023 06:30:00,20.4
06-05-2023 07:00:00,34.0
06-05-2023 07:30:00,34.0
06-05-2023 08:00:00,34.0
06-05-2023 08:30:00,34.0
06-05-2023 09:00:00,34.0
06-05-2023 09:30:00,34.0
06-05-2023 10:00:00,34.0
06-05-2023 10:30:00,34.0
06-05-2023 11:00:00,34.0
06-05-2023 11:30:00,34.0
06-05-2023 12:00:00,34.0
06-05-2023 12:30:00,34.0
06-05-2023 13:00:00,20.4
06-05-2023 13:30:00,20.4
06-05-2023 14:00:00,20.4
06-05-2023 14:30:00,20.4
06-05-2023 15:00:00,20.4
06-05-2023 15:30:00,20.4
06-05-2023 16:00:00,54.4
06-05-2023 16:30:00,54.4
06-05-2023 17:00:00,54.4
06-05-2023 17:30:00,54.4
06-05-2023 18:00:00,54.4
06-05-2023 18:30:00,54.4
06-05-2023 19:00:00,34.0
06-05-2023 19:30:00,34.0
06-05-2023 20:00:00,34.0
06-05-2023 20:30:00,34.0
06-05-2023 21:00:00,34.0
06-05-2023 21:30:00,34.0
06-05-2023 22:00:00,34.0
06-05-2023 22:30:00,34.0
06-05-2023 23:00:00,34.0
06-05-2023 23:30:00,34.0
07-05-2023 00:00:00,34.0
07-05-2023 00:30:00,34.0
07-05-2023 01:00:00,34.0
07-05-2023 01:30:00,34.0
07-05-2023 02:00:00,34.0
07-05-2023 02:30:00,34.0
07-05-2023 03:00:00,34.0
07-05-2023 03:30:00,34.0
07-05-2023 04:00:00,20.4
07-05-2023 04:30:00,20.4
07-05-2023 05:00:00,20.4
07-05-2023 05:30:00,20.4
07-05-2023 06:00:00,20.4
07-05-2023 06:30:00,20.4
07-05-2023 07:00:00,34.0
07-05-2023 07:30:00,34.0
07-05-2023 08:00:00,34.0
07-05-2023 08:30:00,34.0
07-05-2023 09:00:00,34.0
07-05-2023 09:30:00,34.0
07-05-2023 10:00:00,34.0
07-05-2023 10:30:00,34.0
07-05-2023 11:00:00,34.0
07-05-2023 11:30:00,34.0
07-05-2023 12:00:00,34.0
07-05-2023 12:30:00,34.0
07-05-2023 13:00:00,20.4
07-05-2023 13:30:00,20.4
07-05-2023 14:00:00,20.4
07-05-2023 14:30:00,20.4
07-05-2023 15:00:00,20.4
07-05-2023 15:30:00,20.4
07-05-2023 16:00:00,54.4
07-05-2023 16:30:00,54.4
07-05-2023 17:00:00,54.4
07-05-2023 17:30:00,54.4
07-05-2023 18:00:00,54.4
07-05-2023 18:30:00,54.4
07-05-2023 19:00:00,34.0
07-05-2023 19:30:00,34.0
07-05-2023 20:00:00,34.0
07-05-2023 20:30:00,34.0
07-05-2023 21:00:00,34.0
07-05-2023 21:30:00,34.0
07-05-2023 22:00:00,34.0
07-05-2023 22:30:00,34.0
07-05-2023 23:00:00,34.0
07-05-2023 23:30:00,34.0
08-05-2023 00:00:00,34.0
08-05-2023 00:30:00,34.0
08-05-2023 01:00:00,34.0
08-05-2023 01:30:00,34.0
08-05-2023 02:00:00,34.0
08-05-2023 02:30:00,34.0
08-05-2023 03:00:00,34.0
08-05-2023 03:30:00,34.0
08-05-2023 04:00:00,20.4
08-05-2023 04:30:00,20.4
08-05-2023 05:00:00,20.4
08-05-2023 05:30:00,20.4
08-05-2023 06:00:00,20.4
08-05-2023 06:30:00,20.4
08-05-2023 07:00:00,34.0
08-05-2023 07:30:00,34.0
08-05-2023 08:00:00,34.0
08-05-2023 08:30:00,34.0
08-05-2023 09:00:00,34.0
08-05-2023 09:30:00,34.0
08-05-2023 10:00:00,34.0
08-05-2023 10:30:00,34.0
08-05-2023 11:00:00,34.0
08-05-2023 11:30:00,34.0
08-05-2023 12:00:00,34.0
08-05-2023 12:30:00,34.0
08-05-2023 13:00:00,20.4
08-05-2023 13:30:00,20.4
08-05-2023 14:00:00,20.4
08-05-2023 14:30:00,20.4
08-05-2023 15:00:00,20.4
08-05-2023 15:30:00,20.4
08-05-2023 16:00:00,54.4
08-05-2023 16:30:00,54.4
08-05-2023 17:00:00,54.4
08-05-2023 17:30:00,54.4
08-05-2023 18:00:00,54.4
08-05-2023 18:30:00,54.4
08-05-2023 19:00:00,34.0
08-05-2023 19:30:00,34.0
08-05-2023 20:00:00,34.0
08-05-2023 20:30:00,34.0
08-05-2023 21:00:00,34.0
08-05-2023 21:30:00,34.0
08-05-2023 22:00:00,34.0
08-05-2023 22:30:00,34.0
08-05-2023 23:00:00,34.0
08-05-2023 23:30:00,34.0
09-05-2023 00:00:00,34.0
09-05-2023 00:30:00,34.0
09-05-2023 01:00:00,34.0
09-05-2023 01:30:00,34.0
09-05-2023 02:00:00,34.0
09-05-2023 02:30:00,34.0
09-05-2023 03:00:00,34.0
09-05-2023 03:30:00,34.0
09-05-2023 04:00:00,20.4
09-05-2023 04:30:00,20.4
09-05-2023 05:00:00,20.4
09-05-2023 05:30:00,20.4
09-05-2023 06:00:00,20.4
09-05-2023 06:30:00,20.4
09-05-2023 07:00:00,34.0
09-05-2023 07:30:00,34.0
09-05-2023 08:00:00,34.0
09-05-2023 08:30:00,34.0
09-05-2023 09:00:00,34.0
09-05-2023 09:30:00,34.0
09-05-2023 10:00:00,34.0
09-05-2023 10:30:00,34.0
09-05-2023 11:00:00,34.0
09-05-2023 11:30:00,34.0
09-05-2023 12:00:00,34.0
09-05-2023 12:30:00,34.0
09-05-2023 13:00:00,20.4
09-05-2023 13:30:00,20.4
09-05-2023 14:00:00,20.4
09-05-2023 14:30:00,20.4
09-05-2023 15:00:00,20.4
09-05-2023 15:30:00,20.4
09-05-2023 16:00:00,54.4
09-05-2023 16:30:00,54.4
09-05-2023 17:00:00,54.4
09-05-2023 17:30:00,54.4
09-05-2023 18:00:00,54.4
09-05-2023 18:30:00,54.4
09-05-2023 19:00:00,34.0
09-05-2023 19:30:00,34.0
09-05-2023 20:00:00,34.0
09-05-2023 20:30:00,34.0
09-05-2023 21:00:00,34.0
09-05-2023 21:30:00,34.0
09-05-2023 22:00:00,34.0
09-05-2023 22:30:00,34.0
09-05-2023 23:00:00,34.0
09-05-2023 23:30:00,34.0
10-05-2023 00:00:00,34.0
10-05-2023 00:30:00,34.0
10-05-2023 01:00:00,34.0
10-05-2023 01:30:00,34.0
10-05-2023 02:00:00,34.0
10-05-2023 02:30:00,34.0
10-05-2023 03:00:00,34.0
10-05-2023 03:30:00,34.0
10-05-2023 04:00:00,20.4
10-05-2023 04:30:00,20.4
10-05-2023 05:00:00,20.4
10-05-2023 05:30:00,20.4
10-05-2023 06:00:00,20.4
10-05-2023 06:30:00,20.4
10-05-2023 07:00:00,34.0
10-05-2023 07:30:00,34.0
10-05-2023 08:00:00,34.0
10-05-2023 08:30:00,34.0
10-05-2023 09:00:00,34.0
10-05-2023 09:30:00,34.0
10-05-2023 10:00:00,34.0
10-05-2023 10:30:00,34.0
10-05-2023 11:00:00,34.0
10-05-2023 11:30:00,34.0
10-05-2023 12:00:00,34.0
10-05-2023 12:30:00,34.0
10-05-2023 13:00:00,20.4
10-05-2023 13:30:00,20.4
10-05-2023 14:00:00,20.4
10-05-2023 14:30:00,20.4
10-05-2023 15:00:00,20.4
10-05-2023 15:30:00,20.4
10-05-2023 16:00:00,54.4
10-05-2023 16:30:00,54.4
10-05-2023 17:00:00,54.4
10-05-2023 17:30:00,54.4
10-05-2023 18:00:00,54.4
10-05-2023 18:30:00,54.4
10-05-2023 19:00:00,34.0
10-05-2023 19:30:00,34.0
10-05-2023 20:00:00,34.0
10-05-2023 20:30:00,34.0
10-05-2023 21:00:00,34.0
10-05-2023 21:30:00,34.0
10-05-2023 22:00:00,34.0
10-05-2023 22:30:00,34.0
10-05-2023 23:00:00,34.0
10-05-2023 23:30:00,34.0
11-05-2023 00:00:00,34.0
11-05-2023 00:30:00,34.0
11-05-2023 01:00:00,34.0
11-05-2023 01:30:00,34.0
11-05-2023 02:00:00,34.0
11-05-2023 02:30:00,34.0
11-05-2023 03:00:00,34.0
11-05-2023 03:30:00,34.0
11-05-2023 04:00:00,20.4
11-05-2023 04:30:00,20.4
11-05-2023 05:00:00,20.4
11-05-2023 05:30:00,20.4
11-05-2023 06:00:00,20.4
11-05-2023 06:30:00,20.4
11-05-2023 07:00:00,34.0
11-05-2023 07:30:00,34.0
11-05-2023 08:00:00,34.0
11-05-2023 08:30:00,34.0
11-05-2023 09:00:00,34.0
11-05-2023 09:30:00,34.0
11-05-2023 10:00:00,34.0
11-05-2023 10:30:00,34.0
11-05-2023 11:00:00,34.0
11-05-2023 11:30:00,34.0
11-05-2023 12:00:00,34.0
11-05-2023 12:30:00,34.0
11-05-2023 13:00:00,20.4
11-05-2023 13:30:00,20.4
11-05-2023 14:00:00,20.4
11-05-2023 14:30:00,20.4
11-05-2023 15:00:00,20.4
11-05-2023 15:30:00,20.4
11-05-2023 16:00:00,54.4
11-05-2023 16:30:00,54.4
11-05-2023 17:00:00,54.4
11-05-2023 17:30:00,54.4
11-05-2023 18:00:00,54.4
11-05-2023 18:30:00,54.4
11-05-2023 19:00:00,34.0
11-05-2023 19:30:00,34.0
11-05-2023 20:00:00,34.0
11-05-2023 20:30:00,34.0
11-05-2023 21:00:00,34.0
11-05-2023 21:30:00,34.0
11-05-2023 22:00:00,34.0
11-05-2023 22:30:00,34.0
11-05-2023 23:00:00,34.0
11-05-2023 23:30:00,34.0
12-05-2023 00:00:00,34.0
12-05-2023 00:30:00,34.0
12-05-2023 01:00:00,34.0
12-05-2023 01:30:00,34.0
12-05-2023 02:00:00,34.0
12-05-2023 02:30:00,34.0
12-05-2023 03:00:00,34.0
12-05-2023 03:30:00,34.0
12-05-2023 04:00:00,20.4
12-05-2023 04:30:00,20.4
12-05-2023 05:00:00,20.4
12-05-2023 05:30:00,20.4
12-05-2023 06:00:00,20.4
12-05-2023 06:30:00,20.4
12-05-2023 07:00:00,34.0
12-05-2023 07:30:00,34.0
12-05-2023 08:00:00,34.0
12-05-2023 08:30:00,34.0
12-05-2023 09:00:00,34.0
12-05-2023 09:30:00,34.0
12-05-2023 10:00:00,34.0
12-05-2023 10:30:00,34.0
12-05-2023 11:00:00,34.0
12-05-2023 11:30:00,34.0
12-05-2023 12:00:00,34.0
12-05-2023 12:30:00,34.0
12-05-2023 13:00:00,20.4
12-05-2023 13:30:00,20.4
12-05-2023 14:00:00,20.4
12-05-2023 14:30:00,20.4
12-05-2023 15:00:00,20.4
12-05-2023 15:30:00,20.4
12-05-2023 16:00:00,54.4
12-05-2023 16:30:00,54.4
12-05-2023 17:00:00,54.4
12-05-2023 17:30:00,54.4
12-05-2023 18:00:00,54.4
12-05-2023 18:30:00,54.4
12-05-2023 19:00:00,34.0
12-05-2023 19:30:00,34.0
12-05-2023 20:00:00,34.0
12-05-2023 20:30:00,34.0
12-05-2023 21:00:00,34.0
12-05-2023 21:30:00,34.0
12-05-2023 22:00:00,34.0
12-05-2023 22:30:00,34.0
12-05-2023 23:00:00,34.0
12-05-2023 23:30:00,34.0
13-05-2023 00:00:00,34.0
13-05-2023 00:30:00,34.0
13-05-2023 01:00:00,34.0
13-05-2023 01:30:00,34.0
13-05-2023 02:00:00,34.0
13-05-2023 02:30:00,34.0
13-05-2023 03:00:00,34.0
13-05-2023 03:30:00,34.0
13-05-2023 04:00:00,20.4
13-05-2023 04:30:00,20.4
13-05-2023 05:00:00,20.4
13-05-2023 05:30:00,20.4
13-05-2023 06:00:00,20.4
13-05-2023 06:30:00,20.4
13-05-2023 07:00:00,34.0
13-05-2023 07:30:00,34.0
13-05-2023 08:00:00,34.0
13-05-2023 08:30:00,34.0
13-05-2023 09:00:00,34.0
13-05-2023 09:30:00,34.0
13-05-2023 10:00:00,34.0
13-05-2023 10:30:00,34.0
13-05-2023 11:00:00,34.0
13-05-2023 11:30:00,34.0
13-05-2023 12:00:00,34.0
13-05-2023 12:30:00,34.0
13-05-2023 13:00:00,20.4
13-05-2023 13:30:00,20.4
13-05-2023 14:00:00,20.4
13-05-2023 14:30:00,20.4
13-05-2023 15:00:00,20.4
13-05-2023 15:30:00,20.4
13-05-2023 16:00:00,54.4
13-05-2023 16:30:00,54.4
13-05-2023 17:00:00,54.4
13-05-2023 17:30:00,54.4
13-05-2023 18:00:00,54.4
13-05-2023 18:30:00,54.4
13-05-2023 19:00:00,34.0
13-05-2023 19:30:00,34.0
13-05-2023 20:00:00,34.0
13-05-2023 20:30:00,34.0
13-05-2023 21:00:00,34.0
13-05-2023 21:30:00,34.0
13-05-2023 22:00:00,34.0
13-05-2023 22:30:00,34.0
13-05-2023 23:00:00,34.0
13-05-2023 23:30:00,34.0
14-05-2023 00:00:00,34.0
14-05-2023 00:30:00,34.0
14-05-2023 01:00:00,34.0
14-05-2023 01:30:00,34.0
14-05-2023 02:00:00,34.0
14-05-2023 02:30:00,34.0
14-05-2023 03:00:00,34.0
14-05-2023 03:30:00,34.0
14-05-2023 04:00:00,20.4
14-05-2023 04:30:00,20.4
14-05-2023 05:00:00,20.4
14-05-2023 05:30:00,20.4
14-05-2023 06:00:00,20.4
14-05-2023 06:30:00,20.4
14-05-2023 07:00:00,34.0
14-05-2023 07:30:00,34.0
14-05-2023 08:00:00,34.0
14-05-2023 08:30:00,34.0
14-05-2023 09:00:00,34.0
14-05-2023 09:30:00,34.0
14-05-2023 10:00:00,34.0
14-05-2023 10:30:00,34.0
14-05-2023 11:00:00,34.0
14-05-2023 11:30:00,34.0
14-05-2023 12:00:00,34.0
14-05-2023 12:30:00,34.0
14-05-2023 13:00:00,20.4
14-05-2023 13:30:00,20.4
14-05-2023 14:00:00,20.4
14-05-2023 14:30:00,20.4
14-05-2023 15:00:00,20.4
14-05-2023 15:30:00,20.4
14-05-2023 16:00:00,54.4
14-05-2023 16:30:00,54.4
14-05-2023 17:00:00,54.4
14-05-2023 17:30:00,54.4
14-05-2023 18:00:00,54.4
14-05-2023 18:30:00,54.4
14-05-2023 19:00:00,34.0
14-05-2023 19:30:00,34.0
14-05-2023 20:00:00,34.0
14-05-2023 20:30:00,34.0
14-05-2023 21:00:00,34.0
14-05-2023 21:30:00,34.0
14-05-2023 22:00:00,34.0
14-05-2023 22:30:00,34.0
14-05-2023 23:00:00,34.0
14-05-2023 23:30:00,34.0
15-05-2023 00:00:00,34.0
15-05-2023 00:30:00,34.0
15-05-2023 01:00:00,34.0
15-05-2023 01:30:00,34.0
15-05-2023 02:00:00,34.0
15-05-2023 02:30:00,34.0
15-05-2023 03:00:00,34.0
15-05-2023 03:30:00,34.0
15-05-2023 04:00:00,20.4
15-05-2023 04:30:00,20.4
15-05-2023 05:00:00,20.4
15-05-2023 05:30:00,20.4
15-05-2023 06:00:00,20.4
15-05-2023 06:30:00,20.4
15-05-2023 07:00:00,34.0
15-05-2023 07:30:00,34.0
15-05-2023 08:00:00,34.0
15-05-2023 08:30:00,34.0
15-05-2023 09:00:00,34.0
15-05-2023 09:30:00,34.0
15-05-2023 10:00:00,34.0
15-05-2023 10:30:00,34.0
15-05-2023 11:00:00,34.0
15-05-2023 11:30:00,34.0
15-05-2023 12:00:00,34.0
15-05-2023 12:30:00,34.0
15-05-2023 13:00:00,20.4
15-05-2023 13:30:00,20.4
15-05-2023 14:00:00,20.4
15-05-2023 14:30:00,20.4
15-05-2023 15:00:00,20.4
15-05-2023 15:30:00,20.4
15-05-2023 16:00:00,54.4
15-05-2023 16:30:00,54.4
15-05-2023 17:00:00,54.4
15-05-2023 17:30:00,54.4
15-05-2023 18:00:00,54.4
15-05-2023 18:30:00,54.4
15-05-2023 19:00:00,34.0
15-05-2023 19:30:00,34.0
15-05-2023 20:00:00,34.0
15-05-2023 20:30:00,34.0
15-05-2023 21:00:00,34.0
15-05-2023 21:30:00,34.0
15-05-2023 22:00:00,34.0
15-05-2023 22:30:00,34.0
15-05-2023 23:00:00,34.0
15-05-2023 23:30:00,34.0
16-05-2023 00:00:00,34.0
16-05-2023 00:30:00,34.0
16-05-2023 01:00:00,34.0
16-05-2023 01:30:00,34.0
16-05-2023 02:00:00,34.0
16-05-2023 02:30:00,34.0
16-05-2023 03:00:00,34.0
16-05-2023 03:30:00,34.0
16-05-2023 04:00:00,20.4
16-05-2023 04:30:00,20.4
16-05-2023 05:00:00,20.4
16-05-2023 05:30:00,20.4
16-05-2023 06:00:00,20.4
16-05-2023 06:30:00,20.4
16-05-2023 07:00:00,34.0
16-05-2023 07:30:00,34.0
16-05-2023 08:00:00,34.0
16-05-2023 08:30:00,34.0
16-05-2023 09:00:00,34.0
16-05-2023 09:30:00,34.0
16-05-2023 10:00:00,34.0
16-05-2023 10:30:00,34.0
16-05-2023 11:00:00,34.0
16-05-2023 11:30:00,34.0
16-05-2023 12:00:00,34.0
16-05-2023 12:30:00,34.0
16-05-2023 13:00:00,20.4
16-05-2023 13:30:00,20.4
16-05-2023 14:00:00,20.4
16-05-2023 14:30:00,20.4
16-05-2023 15:00:00,20.4
16-05-2023 15:30:00,20.4
16-05-2023 16:00:00,54.4
16-05-2023 16:30:00,54.4
16-05-2023 17:00:00,54.4
16-05-2023 17:30:00,54.4
16-05-2023 18:00:00,54.4
16-05-2023 18:30:00,54.4
16-05-2023 19:00:00,34.0
16-05-2023 19:30:00,34.0
16-05-2023 20:00:00,34.0
16-05-2023 20:30:00,34.0
16-05-2023 21:00:00,34.0
16-05-2023 21:30:00,34.0
16-05-2023 22:00:00,34.0
16-05-2023 22:30:00,34.0
16-05-2023 23:00:00,34.0
16-05-2023 23:30:00,34.0
17-05-2023 00:00:00,34.0
17-05-2023 00:30:00,34.0
17-05-2023 01:00:00,34.0
17-05-2023 01:30:00,34.0
17-05-2023 02:00:00,34.0
17-05-2023 02:30:00,34.0
17-05-2023 03:00:00,34.0
17-05-2023 03:30:00,34.0
17-05-2023 04:00:00,20.4
17-05-2023 04:30:00,20.4
17-05-2023 05:00:00,20.4
17-05-2023 05:30:00,20.4
17-05-2023 06:00:00,20.4
17-05-2023 06:30:00,20.4
17-05-2023 07:00:00,34.0
17-05-2023 07:30:00,34.0
17-05-2023 08:00:00,34.0
17-05-2023 08:30:00,34.0
17-05-2023 09:00:00,34.0
17-05-2023 09:30:00,34.0
17-05-2023 10:00:00,34.0
17-05-2023 10:30:00,34.0
17-05-2023 11:00:00,34.0
17-05-2023 11:30:00,34.0
17-05-2023 12:00:00,34.0
17-05-2023 12:30:00,34.0
17-05-2023 13:00:00,20.4
17-05-2023 13:30:00,20.4
17-05-2023 14:00:00,20.4
17-05-2023 14:30:00,20.4
17-05-2023 15:00:00,20.4
17-05-2023 15:30:00,20.4
17-05-2023 16:00:00,54.4
17-05-2023 16:30:00,54.4
17-05-2023 17:00:00,54.4
17-05-2023 17:30:00,54.4
17-05-2023 18:00:00,54.4
17-05-2023 18:30:00,54.4
17-05-2023 19:00:00,34.0
17-05-2023 19:30:00,34.0
17-05-2023 20:00:00,34.0
17-05-2023 20:30:00,34.0
17-05-2023 21:00:00,34.0
17-05-2023 21:30:00,34.0
17-05-2023 22:00:00,34.0
17-05-2023 22:30:00,34.0
17-05-2023 23:00:00,34.0
17-05-2023 23:30:00,34.0
18-05-2023 00:00:00,34.0
18-05-2023 00:30:00,34.0
18-05-2023 01:00:00,34.0
18-05-2023 01:30:00,34.0
18-05-2023 02:00:00,34.0
18-05-2023 02:30:00,34.0
18-05-2023 03:00:00,34.0
18-05-2023 03:30:00,34.0
18-05-2023 04:00:00,20.4
18-05-2023 04:30:00,20.4
18-05-2023 05:00:00,20.4
18-05-2023 05:30:00,20.4
18-05-2023 06:00:00,20.4
18-05-2023 06:30:00,20.4
18-05-2023 07:00:00,34.0
18-05-2023 07:30:00,34.0
18-05-2023 08:00:00,34.0
18-05-2023 08:30:00,34.0
18-05-2023 09:00:00,34.0
18-05-2023 09:30:00,34.0
18-05-2023 10:00:00,34.0
18-05-2023 10:30:00,34.0
18-05-2023 11:00:00,34.0
18-05-2023 11:30:00,34.0
18-05-2023 12:00:00,34.0
18-05-2023 12:30:00,34.0
18-05-2023 13:00:00,20.4
18-05-2023 13:30:00,20.4
18-05-2023 14:00:00,20.4
18-05-2023 14:30:00,20.4
18-05-2023 15:00:00,20.4
18-05-2023 15:30:00,20.4
18-05-2023 16:00:00,54.4
18-05-2023 16:30:00,54.4
18-05-2023 17:00:00,54.4
18-05-2023 17:30:00,54.4
18-05-2023 18:00:00,54.4
18-05-2023 18:30:00,54.4
18-05-2023 19:00:00,34.0
18-05-2023 19:30:00,34.0
18-05-2023 20:00:00,34.0
18-05-2023 20:30:00,34.0
18-05-2023 21:00:00,34.0
18-05-2023 21:30:00,34.0
18-05-2023 22:00:00,34.0
18-05-2023 22:30:00,34.0
18-05-2023 23:00:00,34.0
18-05-2023 23:30:00,34.0
19-05-2023 00:00:00,34.0
19-05-2023 00:30:00,34.0
19-05-2023 01:00:00,34.0
19-05-2023 01:30:00,34.0
19-05-2023 02:00:00,34.0
19-05-2023 02:30:00,34.0
19-05-2023 03:00:00,34.0
19-05-2023 03:30:00,34.0
19-05-2023 04:00:00,20.4
19-05-2023 04:30:00,20.4
19-05-2023 05:00:00,20.4
19-05-2023 05:30:00,20.4
19-05-2023 06:00:00,20.4
19-05-2023 06:30:00,20.4
19-05-2023 07:00:00,34.0
19-05-2023 07:30:00,34.0
19-05-2023 08:00:00,34.0
19-05-2023 08:30:00,34.0
19-05-2023 09:00:00,34.0
19-05-2023 09:30:00,34.0
19-05-2023 10:00:00,34.0
19-05-2023 10:30:00,34.0
19-05-2023 11:00:00,34.0
19-05-2023 11:30:00,34.0
19-05-2023 12:00:00,34.0
19-05-2023 12:30:00,34.0
19-05-2023 13:00:00,20.4
19-05-2023 13:30:00,20.4
19-05-2023 14:00:00,20.4
19-05-2023 14:30:00,20.4
19-05-2023 15:00:00,20.4
19-05-2023 15:30:00,20.4
19-05-2023 16:00:00,54.4
19-05-2023 16:30:00,54.4
19-05-2023 17:00:00,54.4
19-05-2023 17:30:00,54.4
19-05-2023 18:00:00,54.4
19-05-2023 18:30:00,54.4
19-05-2023 19:00:00,34.0
19-05-2023 19:30:00,34.0
19-05-2023 20:00:00,34.0
19-05-2023 20:30:00,34.0
19-05-2023 21:00:00,34.0
19-05-2023 21:30:00,34.0
19-05-2023 22:00:00,34.0
19-05-2023 22:30:00,34.0
19-05-2023 23:00:00,34.0
19-05-2023 23:30:00,34.0
20-05-2023 00:00:00,34.0
20-05-2023 00:30:00,34.0
20-05-2023 01:00:00,34.0
20-05-2023 01:30:00,34.0
20-05-2023 02:00:00,34.0
20-05-2023 02:30:00,34.0
20-05-2023 03:00:00,34.0
20-05-2023 03:30:00,34.0
20-05-2023 04:00:00,20.4
20-05-2023 04:30:00,20.4
20-05-2023 05:00:00,20.4
20-05-2023 05:30:00,20.4
20-05-2023 06:00:00,20.4
20-05-2023 06:30:00,20.4
20-05-2023 07:00:00,34.0
20-05-2023 07:30:00,34.0
20-05-2023 08:00:00,34.0
20-05-2023 08:30:00,34.0
20-05-2023 09:00:00,34.0
20-05-2023 09:30:00,34.0
20-05-2023 10:00:00,34.0
20-05-2023 10:30:00,34.0
20-05-2023 11:00:00,34.0
20-05-2023 11:30:00,34.0
20-05-2023 12:00:00,34.0
20-05-2023 12:30:00,34.0
20-05-2023 13:00:00,20.4
20-05-2023 13:30:00,20.4
20-05-2023 14:00:00,20.4
20-05-2023 14:30:00,20.4
20-05-2023 15:00:00,20.4
20-05-2023 15:30:00,20.4
20-05-2023 16:00:00,54.4
20-05-2023 16:30:00,54.4
20-05-2023 17:00:00,54.4
20-05-2023 17:30:00,54.4
20-05-2023 18:00:00,54.4
20-05-2023 18:30:00,54.4
20-05-2023 19:00:00,34.0
20-05-2023 19:30:00,34.0
20-05-2023 20:00:00,34.0
20-05-2023 20:30:00,34.0
20-05-2023 21:00:00,34.0
20-05-2023 21:30:00,34.0
20-05-2023 22:00:00,34.0
20-05-2023 22:30:00,34.0
20-05-2023 23:00:00,34.0
20-05-2023 23:30:00,34.0
21-05-2023 00:00:00,34.0
21-05-2023 00:30:00,34.0
21-05-2023 01:00:00,34.0
21-05-2023 01:30:00,34.0
21-05-2023 02:00:00,34.0
21-05-2023 02:30:00,34.0
21-05-2023 03:00:00,34.0
21-05-2023 03:30:00,34.0
21-05-2023 04:00:00,20.4
21-05-2023 04:30:00,20.4
21-05-2023 05:00:00,20.4
21-05-2023 05:30:00,20.4
21-05-2023 06:00:00,20.4
21-05-2023 06:30:00,20.4
21-05-2023 07:00:00,34.0
21-05-2023 07:30:00,34.0
21-05-2023 08:00:00,34.0
21-05-2023 08:30:00,34.0
21-05-2023 09:00:00,34.0
21-05-2023 09:30:00,34.0
21-05-2023 10:00:00,34.0
21-05-2023 10:30:00,34.0
21-05-2023 11:00:00,34.0
21-05-2023 11:30:00,34.0
21-05-2023 12:00:00,34.0
21-05-2023 12:30:00,34.0
21-05-2023 13:00:00,20.4
21-05-2023 13:30:00,20.4
21-05-2023 14:00:00,20.4
21-05-2023 14:30:00,20.4
21-05-2023 15:00:00,20.4
21-05-2023 15:30:00,20.4
21-05-2023 16:00:00,54.4
21-05-2023 16:30:00,54.4
21-05-2023 17:00:00,54.4
21-05-2023 17:30:00,54.4
21-05-2023 18:00:00,54.4
21-05-2023 18:30:00,54.4
21-05-2023 19:00:00,34.0
21-05-2023 19:30:00,34.0
21-05-2023 20:00:00,34.0
21-05-2023 20:30:00,34.0
21-05-2023 21:00:00,34.0
21-05-2023 21:30:00,34.0
21-05-2023 22:00:00,34.0
21-05-2023 22:30:00,34.0
21-05-2023 23:00:00,34.0
21-05-2023 23:30:00,34.0
22-05-2023 00:00:00,34.0
22-05-2023 00:30:00,34.0
22-05-2023 01:00:00,34.0
22-05-2023 01:30:00,34.0
22-05-2023 02:00:00,34.0
22-05-2023 02:30:00,34.0
22-05-2023 03:00:00,34.0
22-05-2023 03:30:00,34.0
22-05-2023 04:00:00,20.4
22-05-2023 04:30:00,20.4
22-05-2023 05:00:00,20.4
22-05-2023 05:30:00,20.4
22-05-2023 06:00:00,20.4
22-05-2023 06:30:00,20.4
22-05-2023 07:00:00,34.0
22-05-2023 07:30:00,34.0
22-05-2023 08:00:00,34.0
22-05-2023 08:30:00,34.0
22-05-2023 09:00:00,34.0
22-05-2023 09:30:00,34.0
22-05-2023 10:00:00,34.0
22-05-2023 10:30:00,34.0
22-05-2023 11:00:00,34.0
22-05-2023 11:30:00,34.0
22-05-2023 12:00:00,34.0
22-05-2023 12:30:00,34.0
22-05-2023 13:00:00,20.4
22-05-2023 13:30:00,20.4
22-05-2023 14:00:00,20.4
22-05-2023 14:30:00,20.4
22-05-2023 15:00:00,20.4
22-05-2023 15:30:00,20.4
22-05-2023 16:00:00,54.4
22-05-2023 16:30:00,54.4
22-05-2023 17:00:00,54.4
22-05-2023 17:30:00,54.4
22-05-2023 18:00:00,54.4
22-05-2023 18:30:00,54.4
22-05-2023 19:00:00,34.0
22-05-2023 19:30:00,34.0
22-05-2023 20:00:00,34.0
22-05-2023 20:30:00,34.0
22-05-2023 21:00:00,34.0
22-05-2023 21:30:00,34.0
22-05-2023 22:00:00,34.0
22-05-2023 22:30:00,34.0
22-05-2023 23:00:00,34.0
22-05-2023 23:30:00,34.0
23-05-2023 00:00:00,34.0
23-05-2023 00:30:00,34.0
23-05-2023 01:00:00,34.0
23-05-2023 01:30:00,34.0
23-05-2023 02:00:00,34.0
23-05-2023 02:30:00,34.0
23-05-2023 03:00:00,34.0
23-05-2023 03:30:00,34.0
23-05-2023 04:00:00,20.4
23-05-2023 04:30:00,20.4
23-05-2023 05:00:00,20.4
23-05-2023 05:30:00,20.4
23-05-2023 06:00:00,20.4
23-05-2023 06:30:00,20.4
23-05-2023 07:00:00,34.0
23-05-2023 07:30:00,34.0
23-05-2023 08:00:00,34.0
23-05-2023 08:30:00,34.0
23-05-2023 09:00:00,34.0
23-05-2023 09:30:00,34.0
23-05-2023 10:00:00,34.0
23-05-2023 10:30:00,34.0
23-05-2023 11:00:00,34.0
23-05-2023 11:30:00,34.0
23-05-2023 12:00:00,34.0
23-05-2023 12:30:00,34.0
23-05-2023 13:00:00,20.4
23-05-2023 13:30:00,20.4
23-05-2023 14:00:00,20.4
23-05-2023 14:30:00,20.4
23-05-2023 15:00:00,20.4
23-05-2023 15:30:00,20.4
23-05-2023 16:00:00,54.4
23-05-2023 16:30:00,54.4
23-05-2023 17:00:00,54.4
23-05-2023 17:30:00,54.4
23-05-2023 18:00:00,54.4
23-05-2023 18:30:00,54.4
23-05-2023 19:00:00,34.0
23-05-2023 19:30:00,34.0
23-05-2023 20:00:00,34.0
23-05-2023 20:30:00,34.0
23-05-2023 21:00:00,34.0
23-05-2023 21:30:00,34.0
23-05-2023 22:00:00,34.0
23-05-2023 22:30:00,34.0
23-05-2023 23:00:00,34.0
23-05-2023 23:30:00,34.0
24-05-2023 00:00:00,34.0
24-05-2023 00:30:00,34.0
24-05-2023 01:00:00,34.0
24-05-2023 01:30:00,34.0
24-05-2023 02:00:00,34.0
24-05-2023 02:30:00,34.0
24-05-2023 03:00:00,34.0
24-05-2023 03:30:00,34.0
24-05-2023 04:00:00,20.4
24-05-2023 04:30:00,20.4
24-05-2023 05:00:00,20.4
24-05-2023 05:30:00,20.4
24-05-2023 06:00:00,20.4
24-05-2023 06:30:00,20.4
24-05-2023 07:00:00,34.0
24-05-2023 07:30:00,34.0
24-05-2023 08:00:00,34.0
24-05-2023 08:30:00,34.0
24-05-2023 09:00:00,34.0
24-05-2023 09:30:00,34.0
24-05-2023 10:00:00,34.0
24-05-2023 10:30:00,34.0
24-05-2023 11:00:00,34.0
24-05-2023 11:30:00,34.0
24-05-2023 12:00:00,34.0
24-05-2023 12:30:00,34.0
24-05-2023 13:00:00,20.4
24-05-2023 13:30:00,20.4
24-05-2023 14:00:00,20.4
24-05-2023 14:30:00,20.4
24-05-2023 15:00:00,20.4
24-05-2023 15:30:00,20.4
24-05-2023 16:00:00,54.4
24-05-2023 16:30:00,54.4
24-05-2023 17:00:00,54.4
24-05-2023 17:30:00,54.4
24-05-2023 18:00:00,54.4
24-05-2023 18:30:00,54.4
24-05-2023 19:00:00,34.0
24-05-2023 19:30:00,34.0
24-05-2023 20:00:00,34.0
24-05-2023 20:30:00,34.0
24-05-2023 21:00:00,34.0
24-05-2023 21:30:00,34.0
24-05-2023 22:00:00,34.0
24-05-2023 22:30:00,34.0
24-05-2023 23:00:00,34.0
24-05-2023 23:30:00,34.0
25-05-2023 00:00:00,34.0
25-05-2023 00:30:00,34.0
25-05-2023 01:00:00,34.0
25-05-2023 01:30:00,34.0
25-05-2023 02:00:00,34.0
25-05-2023 02:30:00,34.0
25-05-2023 03:00:00,34.0
25-05-2023 03:30:00,34.0
25-05-2023 04:00:00,20.4
25-05-2023 04:30:00,20.4
25-05-2023 05:00:00,20.4
25-05-2023 05:30:00,20.4
25-05-2023 06:00:00,20.4
25-05-2023 06:30:00,20.4
25-05-2023 07:00:00,34.0
25-05-2023 07:30:00,34.0
25-05-2023 08:00:00,34.0
25-05-2023 08:30:00,34.0
25-05-2023 09:00:00,34.0
25-05-2023 09:30:00,34.0
25-05-2023 10:00:00,34.0
25-05-2023 10:30:00,34.0
25-05-2023 11:00:00,34.0
25-05-2023 11:30:00,34.0
25-05-2023 12:00:00,34.0
25-05-2023 12:30:00,34.0
25-05-2023 13:00:00,20.4
25-05-2023 13:30:00,20.4
25-05-2023 14:00:00,20.4
25-05-2023 14:30:00,20.4
25-05-2023 15:00:00,20.4
25-05-2023 15:30:00,20.4
25-05-2023 16:00:00,54.4
25-05-2023 16:30:00,54.4
25-05-2023 17:00:00,54.4
25-05-2023 17:30:00,54.4
25-05-2023 18:00:00,54.4
25-05-2023 18:30:00,54.4
25-05-2023 19:00:00,34.0
25-05-2023 19:30:00,34.0
25-05-2023 20:00:00,34.0
25-05-2023 20:30:00,34.0
25-05-2023 21:00:00,34.0
25-05-2023 21:30:00,34.0
25-05-2023 22:00:00,34.0
25-05-2023 22:30:00,34.0
25-05-2023 23:00:00,34.0
25-05-2023 23:30:00,34.0
26-05-2023 00:00:00,34.0
26-05-2023 00:30:00,34.0
26-05-2023 01:00:00,34.0
26-05-2023 01:30:00,34.0
26-05-2023 02:00:00,34.0
26-05-2023 02:30:00,34.0
26-05-2023 03:00:00,34.0
26-05-2023 03:30:00,34.0
26-05-2023 04:00:00,20.4
26-05-2023 04:30:00,20.4
26-05-2023 05:00:00,20.4
26-05-2023 05:30:00,20.4
26-05-2023 06:00:00,20.4
26-05-2023 06:30:00,20.4
26-05-2023 07:00:00,34.0
26-05-2023 07:30:00,34.0
26-05-2023 08:00:00,34.0
26-05-2023 08:30:00,34.0
26-05-2023 09:00:00,34.0
26-05-2023 09:30:00,34.0
26-05-2023 10:00:00,34.0
26-05-2023 10:30:00,34.0
26-05-2023 11:00:00,34.0
26-05-2023 11:30:00,34.0
26-05-2023 12:00:00,34.0
26-05-2023 12:30:00,34.0
26-05-2023 13:00:00,20.4
26-05-2023 13:30:00,20.4
26-05-2023 14:00:00,20.4
26-05-2023 14:30:00,20.4
26-05-2023 15:00:00,20.4
26-05-2023 15:30:00,20.4
26-05-2023 16:00:00,54.4
26-05-2023 16:30:00,54.4
26-05-2023 17:00:00,54.4
26-05-2023 17:30:00,54.4
26-05-2023 18:00:00,54.4
26-05-2023 18:30:00,54.4
26-05-2023 19:00:00,34.0
26-05-2023 19:30:00,34.0
26-05-2023 20:00:00,34.0
26-05-2023 20:30:00,34.0
26-05-2023 21:00:00,34.0
26-05-2023 21:30:00,34.0
26-05-2023 22:00:00,34.0
26-05-2023 22:30:00,34.0
26-05-2023 23:00:00,34.0
26-05-2023 23:30:00,34.0
27-05-2023 00:00:00,34.0
27-05-2023 00:30:00,34.0
27-05-2023 01:00:00,34.0
27-05-2023 01:30:00,34.0
27-05-2023 02:00:00,34.0
27-05-2023 02:30:00,34.0
27-05-2023 03:00:00,34.0
27-05-2023 03:30:00,34.0
27-05-2023 04:00:00,20.4
27-05-2023 04:30:00,20.4
27-05-2023 05:00:00,20.4
27-05-2023 05:30:00,20.4
27-05-2023 06:00:00,20.4
27-05-2023 06:30:00,20.4
27-05-2023 07:00:00,34.0
27-05-2023 07:30:00,34.0
27-05-2023 08:00:00,34.0
27-05-2023 08:30:00,34.0
27-05-2023 09:00:00,34.0
27-05-2023 09:30:00,34.0
27-05-2023 10:00:00,34.0
27-05-2023 10:30:00,34.0
27-05-2023 11:00:00,34.0
27-05-2023 11:30:00,34.0
27-05-2023 12:00:00,34.0
27-05-2023 12:30:00,34.0
27-05-2023 13:00:00,20.4
27-05-2023 13:30:00,20.4
27-05-2023 14:00:00,20.4
27-05-2023 14:30:00,20.4
27-05-2023 15:00:00,20.4
27-05-2023 15:30:00,20.4
27-05-2023 16:00:00,54.4
27-05-2023 16:30:00,54.4
27-05-2023 17:00:00,54.4
27-05-2023 17:30:00,54.4
27-05-2023 18:00:00,54.4
27-05-2023 18:30:00,54.4
27-05-2023 19:00:00,34.0
27-05-2023 19:30:00,34.0
27-05-2023 20:00:00,34.0
27-05-2023 20:30:00,34.0
27-05-2023 21:00:00,34.0
27-05-2023 21:30:00,34.0
27-05-2023 22:00:00,34.0
27-05-2023 22:30:00,34.0
27-05-2023 23:00:00,34.0
27-05-2023 23:30:00,34.0
28-05-2023 00:00:00,34.0
28-05-2023 00:30:00,34.0
28-05-2023 01:00:00,34.0
28-05-2023 01:30:00,34.0
28-05-2023 02:00:00,34.0
28-05-2023 02:30:00,34.0
28-05-2023 03:00:00,34.0
28-05-2023 03:30:00,34.0
28-05-2023 04:00:00,20.4
28-05-2023 04:30:00,20.4
28-05-2023 05:00:00,20.4
28-05-2023 05:30:00,20.4
28-05-2023 06:00:00,20.4
28-05-2023 06:30:00,20.4
28-05-2023 07:00:00,34.0
28-05-2023 07:30:00,34.0
28-05-2023 08:00:00,34.0
28-05-2023 08:30:00,34.0
28-05-2023 09:00:00,34.0
28-05-2023 09:30:00,34.0
28-05-2023 10:00:00,34.0
28-05-2023 10:30:00,34.0
28-05-2023 11:00:00,34.0
28-05-2023 11:30:00,34.0
28-05-2023 12:00:00,34.0
28-05-2023 12:30:00,34.0
28-05-2023 13:00:00,20.4
28-05-2023 13:30:00,20.4
28-05-2023 14:00:00,20.4
28-05-2023 14:30:00,20.4
28-05-2023 15:00:00,20.4
28-05-2023 15:30:00,20.4
28-05-2023 16:00:00,54.4
28-05-2023 16:30:00,54.4
28-05-2023 17:00:00,54.4
28-05-2023 17:30:00,54.4
28-05-2023 18:00:00,54.4
28-05-2023 18:30:00,54.4
28-05-2023 19:00:00,34.0
28-05-2023 19:30:00,34.0
28-05-2023 20:00:00,34.0
28-05-2023 20:30:00,34.0
28-05-2023 21:00:00,34.0
28-05-2023 21:30:00,34.0
28-05-2023 22:00:00,34.0
28-05-2023 22:30:00,34.0
28-05-2023 23:00:00,34.0
28-05-2023 23:30:00,34.0
29-05-2023 00:00:00,34.0
29-05-2023 00:30:00,34.0
29-05-2023 01:00:00,34.0
29-05-2023 01:30:00,34.0
29-05-2023 02:00:00,34.0
29-05-2023 02:30:00,34.0
29-05-2023 03:00:00,34.0
29-05-2023 03:30:00,34.0
29-05-2023 04:00:00,20.4
29-05-2023 04:30:00,20.4
29-05-2023 05:00:00,20.4
29-05-2023 05:30:00,20.4
29-05-2023 06:00:00,20.4
29-05-2023 06:30:00,20.4
29-05-2023 07:00:00,34.0
29-05-2023 07:30:00,34.0
29-05-2023 08:00:00,34.0
29-05-2023 08:30:00,34.0
29-05-2023 09:00:00,34.0
29-05-2023 09:30:00,34.0
29-05-2023 10:00:00,34.0
29-05-2023 10:30:00,34.0
29-05-2023 11:00:00,34.0
29-05-2023 11:30:00,34.0
29-05-2023 12:00:00,34.0
29-05-2023 12:30:00,34.0
29-05-2023 13:00:00,20.4
29-05-2023 13:30:00,20.4
29-05-2023 14:00:00,20.4
29-05-2023 14:30:00,20.4
29-05-2023 15:00:00,20.4
29-05-2023 15:30:00,20.4
29-05-2023 16:00:00,54.4
29-05-2023 16:30:00,54.4
29-05-2023 17:00:00,54.4
29-05-2023 17:30:00,54.4
29-05-2023 18:00:00,54.4
29-05-2023 18:30:00,54.4
29-05-2023 19:00:00,34.0
29-05-2023 19:30:00,34.0
29-05-2023 20:00:00,34.0
29-05-2023 20:30:00,34.0
29-05-2023 21:00:00,34.0
29-05-2023 21:30:00,34.0
29-05-2023 22:00:00,34.0
29-05-2023 22:30:00,34.0
29-05-2023 23:00:00,34.0
29-05-2023 23:30:00,34.0
30-05-2023 00:00:00,34.0
30-05-2023 00:30:00,34.0
30-05-2023 01:00:00,34.0
30-05-2023 01:30:00,34.0
30-05-2023 02:00:00,34.0
30-05-2023 02:30:00,34.0
30-05-2023 03:00:00,34.0
30-05-2023 03:30:00,34.0
30-05-2023 04:00:00,20.4
30-05-2023 04:30:00,20.4
30-05-2023 05:00:00,20.4
30-05-2023 05:30:00,20.4
30-05-2023 06:00:00,20.4
30-05-2023 06:30:00,20.4
30-05-2023 07:00:00,34.0
30-05-2023 07:30:00,34.0
30-05-2023 08:00:00,34.0
30-05-2023 08:30:00,34.0
30-05-2023 09:00:00,34.0
30-05-2023 09:30:00,34.0
30-05-2023 10:00:00,34.0
30-05-2023 10:30:00,34.0
30-05-2023 11:00:00,34.0
30-05-2023 11:30:00,34.0
30-05-2023 12:00:00,34.0
30-05-2023 12:30:00,34.0
30-05-2023 13:00:00,20.4
30-05-2023 13:30:00,20.4
30-05-2023 14:00:00,20.4
30-05-2023 14:30:00,20.4
30-05-2023 15:00:00,20.4
30-05-2023 15:30:00,20.4
30-05-2023 16:00:00,54.4
30-05-2023 16:30:00,54.4
30-05-2023 17:00:00,54.4
30-05-2023 17:30:00,54.4
30-05-2023 18:00:00,54.4
30-05-2023 18:30:00,54.4
30-05-2023 19:00:00,34.0
30-05-2023 19:30:00,34.0
30-05-2023 20:00:00,34.0
30-05-2023 20:30:00,34.0
30-05-2023 21:00:00,34.0
30-05-2023 21:30:00,34.0
30-05-2023 22:00:00,34.0
30-05-2023 22:30:00,34.0
30-05-2023 23:00:00,34.0
30-05-2023 23:30:00,34.0
31-05-2023 00:00:00,34.0
31-05-2023 00:30:00,34.0
31-05-2023 01:00:00,34.0
31-05-2023 01:30:00,34.0
31-05-2023 02:00:00,34.0
31-05-2023 02:30:00,34.0
31-05-2023 03:00:00,34.0
31-05-2023 03:30:00,34.0
31-05-2023 04:00:00,20.4
31-05-2023 04:30:00,20.4
31-05-2023 05:00:00,20.4
31-05-2023 05:30:00,20.4
31-05-2023 06:00:00,20.4
31-05-2023 06:30:00,20.4
31-05-2023 07:00:00,34.0
31-05-2023 07:30:00,34.0
31-05-2023 08:00:00,34.0
31-05-2023 08:30:00,34.0
31-05-2023 09:00:00,34.0
31-05-2023 09:30:00,34.0
31-05-2023 10:00:00,34.0
31-05-2023 10:30:00,34.0
31-05-2023 11:00:00,34.0
31-05-2023 11:30:00,34.0
31-05-2023 12:00:00,34.0
31-05-2023 12:30:00,34.0
31-05-2023 13:00:00,20.4
31-05-2023 13:30:00,20.4
31-05-2023 14:00:00,20.4
31-05-2023 14:30:00,20.4
31-05-2023 15:00:00,20.4
31-05-2023 15:30:00,20.4
31-05-2023 16:00:00,54.4
31-05-2023 16:30:00,54.4
31-05-2023 17:00:00,54.4
31-05-2023 17:30:00,54.4
31-05-2023 18:00:00,54.4
31-05-2023 18:30:00,54.4
31-05-2023 19:00:00,34.0
31-05-2023 19:30:00,34.0
31-05-2023 20:00:00,34.0
31-05-2023 20:30:00,34.0
31-05-2023 21:00:00,34.0
31-05-2023 21:30:00,34.0
31-05-2023 22:00:00,34.0
31-05-2023 22:30:00,34.0
31-05-2023 23:00:00,34.0
31-05-2023 23:30:00,34.0
01-06-2023 00:00:00,34.0
01-06-2023 00:30:00,34.0
01-06-2023 01:00:00,34.0
01-06-2023 01:30:00,34.0
01-06-2023 02:00:00,34.0
01-06-2023 02:30:00,34.0
01-06-2023 03:00:00,34.0
01-06-2023 03:30:00,34.0
01-06-2023 04:00:00,20.4
01-06-2023 04:30:00,20.4
01-06-2023 05:00:00,20.4
01-06-2023 05:30:00,20.4
01-06-2023 06:00:00,20.4
01-06-2023 06:30:00,20.4
01-06-2023 07:00:00,34.0
01-06-2023 07:30:00,34.0
01-06-2023 08:00:00,34.0
01-06-2023 08:30:00,34.0
01-06-2023 09:00:00,34.0
01-06-2023 09:30:00,34.0
01-06-2023 10:00:00,34.0
01-06-2023 10:30:00,34.0
01-06-2023 11:00:00,34.0
01-06-2023 11:30:00,34.0
01-06-2023 12:00:00,34.0
01-06-2023 12:30:00,34.0
01-06-2023 13:00:00,20.4
01-06-2023 13:30:00,20.4
01-06-2023 14:00:00,20.4
01-06-2023 14:30:00,20.4
01-06-2023 15:00:00,20.4
01-06-2023 15:30:00,20.4
01-06-2023 16:00:00,54.4
01-06-2023 16:30:00,54.4
01-06-2023 17:00:00,54.4
01-06-2023 17:30:00,54.4
01-06-2023 18:00:00,54.4
01-06-2023 18:30:00,54.4
01-06-2023 19:00:00,34.0
01-06-2023 19:30:00,34.0
01-06-2023 20:00:00,34.0
01-06-2023 20:30:00,34.0
01-06-2023 21:00:00,34.0
01-06-2023 21:30:00,34.0
01-06-2023 22:00:00,34.0
01-06-2023 22:30:00,34.0
01-06-2023 23:00:00,34.0
01-06-2023 23:30:00,34.0
02-06-2023 00:00:00,34.0
02-06-2023 00:30:00,34.0
02-06-2023 01:00:00,34.0
02-06-2023 01:30:00,34.0
02-06-2023 02:00:00,34.0
02-06-2023 02:30:00,34.0
02-06-2023 03:00:00,34.0
02-06-2023 03:30:00,34.0
02-06-2023 04:00:00,20.4
02-06-2023 04:30:00,20.4
02-06-2023 05:00:00,20.4
02-06-2023 05:30:00,20.4
02-06-2023 06:00:00,20.4
02-06-2023 06:30:00,20.4
02-06-2023 07:00:00,34.0
02-06-2023 07:30:00,34.0
02-06-2023 08:00:00,34.0
02-06-2023 08:30:00,34.0
02-06-2023 09:00:00,34.0
02-06-2023 09:30:00,34.0
02-06-2023 10:00:00,34.0
02-06-2023 10:30:00,34.0
02-06-2023 11:00:00,34.0
02-06-2023 11:30:00,34.0
02-06-2023 12:00:00,34.0
02-06-2023 12:30:00,34.0
02-06-2023 13:00:00,20.4
02-06-2023 13:30:00,20.4
02-06-2023 14:00:00,20.4
02-06-2023 14:30:00,20.4
02-06-2023 15:00:00,20.4
02-06-2023 15:30:00,20.4
02-06-2023 16:00:00,54.4
02-06-2023 16:30:00,54.4
02-06-2023 17:00:00,54.4
02-06-2023 17:30:00,54.4
02-06-2023 18:00:00,54.4
02-06-2023 18:30:00,54.4
02-06-2023 19:00:00,34.0
02-06-2023 19:30:00,34.0
02-06-2023 20:00:00,34.0
02-06-2023 20:30:00,34.0
02-06-2023 21:00:00,34.0
02-06-2023 21:30:00,34.0
02-06-2023 22:00:00,34.0
02-06-2023 22:30:00,34.0
02-06-2023 23:00:00,34.0
02-06-2023 23:30:00,34.0
03-06-2023 00:00:00,34.0
03-06-2023 00:30:00,34.0
03-06-2023 01:00:00,34.0
03-06-2023 01:30:00,34.0
03-06-2023 02:00:00,34.0
03-06-2023 02:30:00,34.0
03-06-2023 03:00:00,34.0
03-06-2023 03:30:00,34.0
03-06-2023 04:00:00,20.4
03-06-2023 04:30:00,20.4
03-06-2023 05:00:00,20.4
03-06-2023 05:30:00,20.4
03-06-2023 06:00:00,20.4
03-06-2023 06:30:00,20.4
03-06-2023 07:00:00,34.0
03-06-2023 07:30:00,34.0
03-06-2023 08:00:00,34.0
03-06-2023 08:30:00,34.0
03-06-2023 09:00:00,34.0
03-06-2023 09:30:00,34.0
03-06-2023 10:00:00,34.0
03-06-2023 10:30:00,34.0
03-06-2023 11:00:00,34.0
03-06-2023 11:30:00,34.0
03-06-2023 12:00:00,34.0
03-06-2023 12:30:00,34.0
03-06-2023 13:00:00,20.4
03-06-2023 13:30:00,20.4
03-06-2023 14:00:00,20.4
03-06-2023 14:30:00,20.4
03-06-2023 15:00:00,20.4
03-06-2023 15:30:00,20.4
03-06-2023 16:00:00,54.4
03-06-2023 16:30:00,54.4
03-06-2023 17:00:00,54.4
03-06-2023 17:30:00,54.4
03-06-2023 18:00:00,54.4
03-06-2023 18:30:00,54.4
03-06-2023 19:00:00,34.0
03-06-2023 19:30:00,34.0
03-06-2023 20:00:00,34.0
03-06-2023 20:30:00,34.0
03-06-2023 21:00:00,34.0
03-06-2023 21:30:00,34.0
03-06-2023 22:00:00,34.0
03-06-2023 22:30:00,34.0
03-06-2023 23:00:00,34.0
03-06-2023 23:30:00,34.0
04-06-2023 00:00:00,34.0
04-06-2023 00:30:00,34.0
04-06-2023 01:00:00,34.0
04-06-2023 01:30:00,34.0
04-06-2023 02:00:00,34.0
04-06-2023 02:30:00,34.0
04-06-2023 03:00:00,34.0
04-06-2023 03:30:00,34.0
04-06-2023 04:00:00,20.4
04-06-2023 04:30:00,20.4
04-06-2023 05:00:00,20.4
04-06-2023 05:30:00,20.4
04-06-2023 06:00:00,20.4
04-06-2023 06:30:00,20.4
04-06-2023 07:00:00,34.0
04-06-2023 07:30:00,34.0
04-06-2023 08:00:00,34.0
04-06-2023 08:30:00,34.0
04-06-2023 09:00:00,34.0
04-06-2023 09:30:00,34.0
04-06-2023 10:00:00,34.0
04-06-2023 10:30:00,34.0
04-06-2023 11:00:00,34.0
04-06-2023 11:30:00,34.0
04-06-2023 12:00:00,34.0
04-06-2023 12:30:00,34.0
04-06-2023 13:00:00,20.4
04-06-2023 13:30:00,20.4
04-06-2023 14:00:00,20.4
04-06-2023 14:30:00,20.4
04-06-2023 15:00:00,20.4
04-06-2023 15:30:00,20.4
04-06-2023 16:00:00,54.4
04-06-2023 16:30:00,54.4
04-06-2023 17:00:00,54.4
04-06-2023 17:30:00,54.4
04-06-2023 18:00:00,54.4
04-06-2023 18:30:00,54.4
04-06-2023 19:00:00,34.0
04-06-2023 19:30:00,34.0
04-06-2023 20:00:00,34.0
04-06-2023 20:30:00,34.0
04-06-2023 21:00:00,34.0
04-06-2023 21:30:00,34.0
04-06-2023 22:00:00,34.0
04-06-2023 22:30:00,34.0
04-06-2023 23:00:00,34.0
04-06-2023 23:30:00,34.0
05-06-2023 00:00:00,34.0
05-06-2023 00:30:00,34.0
05-06-2023 01:00:00,34.0
05-06-2023 01:30:00,34.0
05-06-2023 02:00:00,34.0
05-06-2023 02:30:00,34.0
05-06-2023 03:00:00,34.0
05-06-2023 03:30:00,34.0
05-06-2023 04:00:00,20.4
05-06-2023 04:30:00,20.4
05-06-2023 05:00:00,20.4
05-06-2023 05:30:00,20.4
05-06-2023 06:00:00,20.4
05-06-2023 06:30:00,20.4
05-06-2023 07:00:00,34.0
05-06-2023 07:30:00,34.0
05-06-2023 08:00:00,34.0
05-06-2023 08:30:00,34.0
05-06-2023 09:00:00,34.0
05-06-2023 09:30:00,34.0
05-06-2023 10:00:00,34.0
05-06-2023 10:30:00,34.0
05-06-2023 11:00:00,34.0
05-06-2023 11:30:00,34.0
05-06-2023 12:00:00,34.0
05-06-2023 12:30:00,34.0
05-06-2023 13:00:00,20.4
05-06-2023 13:30:00,20.4
05-06-2023 14:00:00,20.4
05-06-2023 14:30:00,20.4
05-06-2023 15:00:00,20.4
05-06-2023 15:30:00,20.4
05-06-2023 16:00:00,54.4
05-06-2023 16:30:00,54.4
05-06-2023 17:00:00,54.4
05-06-2023 17:30:00,54.4
05-06-2023 18:00:00,54.4
05-06-2023 18:30:00,54.4
05-06-2023 19:00:00,34.0
05-06-2023 19:30:00,34.0
05-06-2023 20:00:00,34.0
05-06-2023 20:30:00,34.0
05-06-2023 21:00:00,34.0
05-06-2023 21:30:00,34.0
05-06-2023 22:00:00,34.0
05-06-2023 22:30:00,34.0
05-06-2023 23:00:00,34.0
05-06-2023 23:30:00,34.0
06-06-2023 00:00:00,34.0
06-06-2023 00:30:00,34.0
06-06-2023 01:00:00,34.0
06-06-2023 01:30:00,34.0
06-06-2023 02:00:00,34.0
06-06-2023 02:30:00,34.0
06-06-2023 03:00:00,34.0
06-06-2023 03:30:00,34.0
06-06-2023 04:00:00,20.4
06-06-2023 04:30:00,20.4
06-06-2023 05:00:00,20.4
06-06-2023 05:30:00,20.4
06-06-2023 06:00:00,20.4
06-06-2023 06:30:00,20.4
06-06-2023 07:00:00,34.0
06-06-2023 07:30:00,34.0
06-06-2023 08:00:00,34.0
06-06-2023 08:30:00,34.0
06-06-2023 09:00:00,34.0
06-06-2023 09:30:00,34.0
06-06-2023 10:00:00,34.0
06-06-2023 10:30:00,34.0
06-06-2023 11:00:00,34.0
06-06-2023 11:30:00,34.0
06-06-2023 12:00:00,34.0
06-06-2023 12:30:00,34.0
06-06-2023 13:00:00,20.4
06-06-2023 13:30:00,20.4
06-06-2023 14:00:00,20.4
06-06-2023 14:30:00,20.4
06-06-2023 15:00:00,20.4
06-06-2023 15:30:00,20.4
06-06-2023 16:00:00,54.4
06-06-2023 16:30:00,54.4
06-06-2023 17:00:00,54.4
06-06-2023 17:30:00,54.4
06-06-2023 18:00:00,54.4
06-06-2023 18:30:00,54.4
06-06-2023 19:00:00,34.0
06-06-2023 19:30:00,34.0
06-06-2023 20:00:00,34.0
06-06-2023 20:30:00,34.0
06-06-2023 21:00:00,34.0
06-06-2023 21:30:00,34.0
06-06-2023 22:00:00,34.0
06-06-2023 22:30:00,34.0
06-06-2023 23:00:00,34.0
06-06-2023 23:30:00,34.0
07-06-2023 00:00:00,34.0
07-06-2023 00:30:00,34.0
07-06-2023 01:00:00,34.0
07-06-2023 01:30:00,34.0
07-06-2023 02:00:00,34.0
07-06-2023 02:30:00,34.0
07-06-2023 03:00:00,34.0
07-06-2023 03:30:00,34.0
07-06-2023 04:00:00,20.4
07-06-2023 04:30:00,20.4
07-06-2023 05:00:00,20.4
07-06-2023 05:30:00,20.4
07-06-2023 06:00:00,20.4
07-06-2023 06:30:00,20.4
07-06-2023 07:00:00,34.0
07-06-2023 07:30:00,34.0
07-06-2023 08:00:00,34.0
07-06-2023 08:30:00,34.0
07-06-2023 09:00:00,34.0
07-06-2023 09:30:00,34.0
07-06-2023 10:00:00,34.0
07-06-2023 10:30:00,34.0
07-06-2023 11:00:00,34.0
07-06-2023 11:30:00,34.0
07-06-2023 12:00:00,34.0
07-06-2023 12:30:00,34.0
07-06-2023 13:00:00,20.4
07-06-2023 13:30:00,20.4
07-06-2023 14:00:00,20.4
07-06-2023 14:30:00,20.4
07-06-2023 15:00:00,20.4
07-06-2023 15:30:00,20.4
07-06-2023 16:00:00,54.4
07-06-2023 16:30:00,54.4
07-06-2023 17:00:00,54.4
07-06-2023 17:30:00,54.4
07-06-2023 18:00:00,54.4
07-06-2023 18:30:00,54.4
07-06-2023 19:00:00,34.0
07-06-2023 19:30:00,34.0
07-06-2023 20:00:00,34.0
07-06-2023 20:30:00,34.0
07-06-2023 21:00:00,34.0
07-06-2023 21:30:00,34.0
07-06-2023 22:00:00,34.0
07-06-2023 22:30:00,34.0
07-06-2023 23:00:00,34.0
07-06-2023 23:30:00,34.0
08-06-2023 00:00:00,34.0
08-06-2023 00:30:00,34.0
08-06-2023 01:00:00,34.0
08-06-2023 01:30:00,34.0
08-06-2023 02:00:00,34.0
08-06-2023 02:30:00,34.0
08-06-2023 03:00:00,34.0
08-06-2023 03:30:00,34.0
08-06-2023 04:00:00,20.4
08-06-2023 04:30:00,20.4
08-06-2023 05:00:00,20.4
08-06-2023 05:30:00,20.4
08-06-2023 06:00:00,20.4
08-06-2023 06:30:00,20.4
08-06-2023 07:00:00,34.0
08-06-2023 07:30:00,34.0
08-06-2023 08:00:00,34.0
08-06-2023 08:30:00,34.0
08-06-2023 09:00:00,34.0
08-06-2023 09:30:00,34.0
08-06-2023 10:00:00,34.0
08-06-2023 10:30:00,34.0
08-06-2023 11:00:00,34.0
08-06-2023 11:30:00,34.0
08-06-2023 12:00:00,34.0
08-06-2023 12:30:00,34.0
08-06-2023 13:00:00,20.4
08-06-2023 13:30:00,20.4
08-06-2023 14:00:00,20.4
08-06-2023 14:30:00,20.4
08-06-2023 15:00:00,20.4
08-06-2023 15:30:00,20.4
08-06-2023 16:00:00,54.4
08-06-2023 16:30:00,54.4
08-06-2023 17:00:00,54.4
08-06-2023 17:30:00,54.4
08-06-2023 18:00:00,54.4
08-06-2023 18:30:00,54.4
08-06-2023 19:00:00,34.0
08-06-2023 19:30:00,34.0
08-06-2023 20:00:00,34.0
08-06-2023 20:30:00,34.0
08-06-2023 21:00:00,34.0
08-06-2023 21:30:00,34.0
08-06-2023 22:00:00,34.0
08-06-2023 22:30:00,34.0
08-06-2023 23:00:00,34.0
08-06-2023 23:30:00,34.0
09-06-2023 00:00:00,34.0
09-06-2023 00:30:00,34.0
09-06-2023 01:00:00,34.0
09-06-2023 01:30:00,34.0
09-06-2023 02:00:00,34.0
09-06-2023 02:30:00,34.0
09-06-2023 03:00:00,34.0
09-06-2023 03:30:00,34.0
09-06-2023 04:00:00,20.4
09-06-2023 04:30:00,20.4
09-06-2023 05:00:00,20.4
09-06-2023 05:30:00,20.4
09-06-2023 06:00:00,20.4
09-06-2023 06:30:00,20.4
09-06-2023 07:00:00,34.0
09-06-2023 07:30:00,34.0
09-06-2023 08:00:00,34.0
09-06-2023 08:30:00,34.0
09-06-2023 09:00:00,34.0
09-06-2023 09:30:00,34.0
09-06-2023 10:00:00,34.0
09-06-2023 10:30:00,34.0
09-06-2023 11:00:00,34.0
09-06-2023 11:30:00,34.0
09-06-2023 12:00:00,34.0
09-06-2023 12:30:00,34.0
09-06-2023 13:00:00,20.4
09-06-2023 13:30:00,20.4
09-06-2023 14:00:00,20.4
09-06-2023 14:30:00,20.4
09-06-2023 15:00:00,20.4
09-06-2023 15:30:00,20.4
09-06-2023 16:00:00,54.4
09-06-2023 16:30:00,54.4
09-06-2023 17:00:00,54.4
09-06-2023 17:30:00,54.4
09-06-2023 18:00:00,54.4
09-06-2023 18:30:00,54.4
09-06-2023 19:00:00,34.0
09-06-2023 19:30:00,34.0
09-06-2023 20:00:00,34.0
09-06-2023 20:30:00,34.0
09-06-2023 21:00:00,34.0
09-06-2023 21:30:00,34.0
09-06-2023 22:00:00,34.0
09-06-2023 22:30:00,34.0
09-06-2023 23:00:00,34.0
09-06-2023 23:30:00,34.0
10-06-2023 00:00:00,34.0
10-06-2023 00:30:00,34.0
10-06-2023 01:00:00,34.0
10-06-2023 01:30:00,34.0
10-06-2023 02:00:00,34.0
10-06-2023 02:30:00,34.0
10-06-2023 03:00:00,34.0
10-06-2023 03:30:00,34.0
10-06-2023 04:00:00,20.4
10-06-2023 04:30:00,20.4
10-06-2023 05:00:00,20.4
10-06-2023 05:30:00,20.4
10-06-2023 06:00:00,20.4
10-06-2023 06:30:00,20.4
10-06-2023 07:00:00,34.0
10-06-2023 07:30:00,34.0
10-06-2023 08:00:00,34.0
10-06-2023 08:30:00,34.0
10-06-2023 09:00:00,34.0
10-06-2023 09:30:00,34.0
10-06-2023 10:00:00,34.0
10-06-2023 10:30:00,34.0
10-06-2023 11:00:00,34.0
10-06-2023 11:30:00,34.0
10-06-2023 12:00:00,34.0
10-06-2023 12:30:00,34.0
10-06-2023 13:00:00,20.4
10-06-2023 13:30:00,20.4
10-06-2023 14:00:00,20.4
10-06-2023 14:30:00,20.4
10-06-2023 15:00:00,20.4
10-06-2023 15:30:00,20.4
10-06-2023 16:00:00,54.4
10-06-2023 16:30:00,54.4
10-06-2023 17:00:00,54.4
10-06-2023 17:30:00,54.4
10-06-2023 18:00:00,54.4
10-06-2023 18:30:00,54.4
10-06-2023 19:00:00,34.0
10-06-2023 19:30:00,34.0
10-06-2023 20:00:00,34.0
10-06-2023 20:30:00,34.0
10-06-2023 21:00:00,34.0
10-06-2023 21:30:00,34.0
10-06-2023 22:00:00,34.0
10-06-2023 22:30:00,34.0
10-06-2023 23:00:00,34.0
10-06-2023 23:30:00,34.0
11-06-2023 00:00:00,34.0
11-06-2023 00:30:00,34.0
11-06-2023 01:00:00,34.0
11-06-2023 01:30:00,34.0
11-06-2023 02:00:00,34.0
11-06-2023 02:30:00,34.0
11-06-2023 03:00:00,34.0
11-06-2023 03:30:00,34.0
11-06-2023 04:00:00,20.4
11-06-2023 04:30:00,20.4
11-06-2023 05:00:00,20.4
11-06-2023 05:30:00,20.4
11-06-2023 06:00:00,20.4
11-06-2023 06:30:00,20.4
11-06-2023 07:00:00,34.0
11-06-2023 07:30:00,34.0
11-06-2023 08:00:00,34.0
11-06-2023 08:30:00,34.0
11-06-2023 09:00:00,34.0
11-06-2023 09:30:00,34.0
11-06-2023 10:00:00,34.0
11-06-2023 10:30:00,34.0
11-06-2023 11:00:00,34.0
11-06-2023 11:30:00,34.0
11-06-2023 12:00:00,34.0
11-06-2023 12:30:00,34.0
11-06-2023 13:00:00,20.4
11-06-2023 13:30:00,20.4
11-06-2023 14:00:00,20.4
11-06-2023 14:30:00,20.4
11-06-2023 15:00:00,20.4
11-06-2023 15:30:00,20.4
11-06-2023 16:00:00,54.4
11-06-2023 16:30:00,54.4
11-06-2023 17:00:00,54.4
11-06-2023 17:30:00,54.4
11-06-2023 18:00:00,54.4
11-06-2023 18:30:00,54.4
11-06-2023 19:00:00,34.0
11-06-2023 19:30:00,34.0
11-06-2023 20:00:00,34.0
11-06-2023 20:30:00,34.0
11-06-2023 21:00:00,34.0
11-06-2023 21:30:00,34.0
11-06-2023 22:00:00,34.0
11-06-2023 22:30:00,34.0
11-06-2023 23:00:00,34.0
11-06-2023 23:30:00,34.0
12-06-2023 00:00:00,34.0
12-06-2023 00:30:00,34.0
12-06-2023 01:00:00,34.0
12-06-2023 01:30:00,34.0
12-06-2023 02:00:00,34.0
12-06-2023 02:30:00,34.0
12-06-2023 03:00:00,34.0
12-06-2023 03:30:00,34.0
12-06-2023 04:00:00,20.4
12-06-2023 04:30:00,20.4
12-06-2023 05:00:00,20.4
12-06-2023 05:30:00,20.4
12-06-2023 06:00:00,20.4
12-06-2023 06:30:00,20.4
12-06-2023 07:00:00,34.0
12-06-2023 07:30:00,34.0
12-06-2023 08:00:00,34.0
12-06-2023 08:30:00,34.0
12-06-2023 09:00:00,34.0
12-06-2023 09:30:00,34.0
12-06-2023 10:00:00,34.0
12-06-2023 10:30:00,34.0
12-06-2023 11:00:00,34.0
12-06-2023 11:30:00,34.0
12-06-2023 12:00:00,34.0
12-06-2023 12:30:00,34.0
12-06-2023 13:00:00,20.4
12-06-2023 13:30:00,20.4
12-06-2023 14:00:00,20.4
12-06-2023 14:30:00,20.4
12-06-2023 15:00:00,20.4
12-06-2023 15:30:00,20.4
12-06-2023 16:00:00,54.4
12-06-2023 16:30:00,54.4
12-06-2023 17:00:00,54.4
12-06-2023 17:30:00,54.4
12-06-2023 18:00:00,54.4
12-06-2023 18:30:00,54.4
12-06-2023 19:00:00,34.0
12-06-2023 19:30:00,34.0
12-06-2023 20:00:00,34.0
12-06-2023 20:30:00,34.0
12-06-2023 21:00:00,34.0
12-06-2023 21:30:00,34.0
12-06-2023 22:00:00,34.0
12-06-2023 22:30:00,34.0
12-06-2023 23:00:00,34.0
12-06-2023 23:30:00,34.0
13-06-2023 00:00:00,34.0
13-06-2023 00:30:00,34.0
13-06-2023 01:00:00,34.0
13-06-2023 01:30:00,34.0
13-06-2023 02:00:00,34.0
13-06-2023 02:30:00,34.0
13-06-2023 03:00:00,34.0
13-06-2023 03:30:00,34.0
13-06-2023 04:00:00,20.4
13-06-2023 04:30:00,20.4
13-06-2023 05:00:00,20.4
13-06-2023 05:30:00,20.4
13-06-2023 06:00:00,20.4
13-06-2023 06:30:00,20.4
13-06-2023 07:00:00,34.0
13-06-2023 07:30:00,34.0
13-06-2023 08:00:00,34.0
13-06-2023 08:30:00,34.0
13-06-2023 09:00:00,34.0
13-06-2023 09:30:00,34.0
13-06-2023 10:00:00,34.0
13-06-2023 10:30:00,34.0
13-06-2023 11:00:00,34.0
13-06-2023 11:30:00,34.0
13-06-2023 12:00:00,34.0
13-06-2023 12:30:00,34.0
13-06-2023 13:00:00,20.4
13-06-2023 13:30:00,20.4
13-06-2023 14:00:00,20.4
13-06-2023 14:30:00,20.4
13-06-2023 15:00:00,20.4
13-06-2023 15:30:00,20.4
13-06-2023 16:00:00,54.4
13-06-2023 16:30:00,54.4
13-06-2023 17:00:00,54.4
13-06-2023 17:30:00,54.4
13-06-2023 18:00:00,54.4
13-06-2023 18:30:00,54.4
13-06-2023 19:00:00,34.0
13-06-2023 19:30:00,34.0
13-06-2023 20:00:00,34.0
13-06-2023 20:30:00,34.0
13-06-2023 21:00:00,34.0
13-06-2023 21:30:00,34.0
13-06-2023 22:00:00,34.0
13-06-2023 22:30:00,34.0
13-06-2023 23:00:00,34.0
13-06-2023 23:30:00,34.0
14-06-2023 00:00:00,34.0
14-06-2023 00:30:00,34.0
14-06-2023 01:00:00,34.0
14-06-2023 01:30:00,34.0
14-06-2023 02:00:00,34.0
14-06-2023 02:30:00,34.0
14-06-2023 03:00:00,34.0
14-06-2023 03:30:00,34.0
14-06-2023 04:00:00,20.4
14-06-2023 04:30:00,20.4
14-06-2023 05:00:00,20.4
14-06-2023 05:30:00,20.4
14-06-2023 06:00:00,20.4
14-06-2023 06:30:00,20.4
14-06-2023 07:00:00,34.0
14-06-2023 07:30:00,34.0
14-06-2023 08:00:00,34.0
14-06-2023 08:30:00,34.0
14-06-2023 09:00:00,34.0
14-06-2023 09:30:00,34.0
14-06-2023 10:00:00,34.0
14-06-2023 10:30:00,34.0
14-06-2023 11:00:00,34.0
14-06-2023 11:30:00,34.0
14-06-2023 12:00:00,34.0
14-06-2023 12:30:00,34.0
14-06-2023 13:00:00,20.4
14-06-2023 13:30:00,20.4
14-06-2023 14:00:00,20.4
14-06-2023 14:30:00,20.4
14-06-2023 15:00:00,20.4
14-06-2023 15:30:00,20.4
14-06-2023 16:00:00,54.4
14-06-2023 16:30:00,54.4
14-06-2023 17:00:00,54.4
14-06-2023 17:30:00,54.4
14-06-2023 18:00:00,54.4
14-06-2023 18:30:00,54.4
14-06-2023 19:00:00,34.0
14-06-2023 19:30:00,34.0
14-06-2023 20:00:00,34.0
14-06-2023 20:30:00,34.0
14-06-2023 21:00:00,34.0
14-06-2023 21:30:00,34.0
14-06-2023 22:00:00,34.0
14-06-2023 22:30:00,34.0
14-06-2023 23:00:00,34.0
14-06-2023 23:30:00,34.0
15-06-2023 00:00:00,34.0
15-06-2023 00:30:00,34.0
15-06-2023 01:00:00,34.0
15-06-2023 01:30:00,34.0
15-06-2023 02:00:00,34.0
15-06-2023 02:30:00,34.0
15-06-2023 03:00:00,34.0
15-06-2023 03:30:00,34.0
15-06-2023 04:00:00,20.4
15-06-2023 04:30:00,20.4
15-06-2023 05:00:00,20.4
15-06-2023 05:30:00,20.4
15-06-2023 06:00:00,20.4
15-06-2023 06:30:00,20.4
15-06-2023 07:00:00,34.0
15-06-2023 07:30:00,34.0
15-06-2023 08:00:00,34.0
15-06-2023 08:30:00,34.0
15-06-2023 09:00:00,34.0
15-06-2023 09:30:00,34.0
15-06-2023 10:00:00,34.0
15-06-2023 10:30:00,34.0
15-06-2023 11:00:00,34.0
15-06-2023 11:30:00,34.0
15-06-2023 12:00:00,34.0
15-06-2023 12:30:00,34.0
15-06-2023 13:00:00,20.4
15-06-2023 13:30:00,20.4
15-06-2023 14:00:00,20.4
15-06-2023 14:30:00,20.4
15-06-2023 15:00:00,20.4
15-06-2023 15:30:00,20.4
15-06-2023 16:00:00,54.4
15-06-2023 16:30:00,54.4
15-06-2023 17:00:00,54.4
15-06-2023 17:30:00,54.4
15-06-2023 18:00:00,54.4
15-06-2023 18:30:00,54.4
15-06-2023 19:00:00,34.0
15-06-2023 19:30:00,34.0
15-06-2023 20:00:00,34.0
15-06-2023 20:30:00,34.0
15-06-2023 21:00:00,34.0
15-06-2023 21:30:00,34.0
15-06-2023 22:00:00,34.0
15-06-2023 22:30:00,34.0
15-06-2023 23:00:00,34.0
15-06-2023 23:30:00,34.0
16-06-2023 00:00:00,34.0
16-06-2023 00:30:00,34.0
16-06-2023 01:00:00,34.0
16-06-2023 01:30:00,34.0
16-06-2023 02:00:00,34.0
16-06-2023 02:30:00,34.0
16-06-2023 03:00:00,34.0
16-06-2023 03:30:00,34.0
16-06-2023 04:00:00,20.4
16-06-2023 04:30:00,20.4
16-06-2023 05:00:00,20.4
16-06-2023 05:30:00,20.4
16-06-2023 06:00:00,20.4
16-06-2023 06:30:00,20.4
16-06-2023 07:00:00,34.0
16-06-2023 07:30:00,34.0
16-06-2023 08:00:00,34.0
16-06-2023 08:30:00,34.0
16-06-2023 09:00:00,34.0
16-06-2023 09:30:00,34.0
16-06-2023 10:00:00,34.0
16-06-2023 10:30:00,34.0
16-06-2023 11:00:00,34.0
16-06-2023 11:30:00,34.0
16-06-2023 12:00:00,34.0
16-06-2023 12:30:00,34.0
16-06-2023 13:00:00,20.4
16-06-2023 13:30:00,20.4
16-06-2023 14:00:00,20.4
16-06-2023 14:30:00,20.4
16-06-2023 15:00:00,20.4
16-06-2023 15:30:00,20.4
16-06-2023 16:00:00,54.4
16-06-2023 16:30:00,54.4
16-06-2023 17:00:00,54.4
16-06-2023 17:30:00,54.4
16-06-2023 18:00:00,54.4
16-06-2023 18:30:00,54.4
16-06-2023 19:00:00,34.0
16-06-2023 19:30:00,34.0
16-06-2023 20:00:00,34.0
16-06-2023 20:30:00,34.0
16-06-2023 21:00:00,34.0
16-06-2023 21:30:00,34.0
16-06-2023 22:00:00,34.0
16-06-2023 22:30:00,34.0
16-06-2023 23:00:00,34.0
16-06-2023 23:30:00,34.0
17-06-2023 00:00:00,34.0
17-06-2023 00:30:00,34.0
17-06-2023 01:00:00,34.0
17-06-2023 01:30:00,34.0
17-06-2023 02:00:00,34.0
17-06-2023 02:30:00,34.0
17-06-2023 03:00:00,34.0
17-06-2023 03:30:00,34.0
17-06-2023 04:00:00,20.4
17-06-2023 04:30:00,20.4
17-06-2023 05:00:00,20.4
17-06-2023 05:30:00,20.4
17-06-2023 06:00:00,20.4
17-06-2023 06:30:00,20.4
17-06-2023 07:00:00,34.0
17-06-2023 07:30:00,34.0
17-06-2023 08:00:00,34.0
17-06-2023 08:30:00,34.0
17-06-2023 09:00:00,34.0
17-06-2023 09:30:00,34.0
17-06-2023 10:00:00,34.0
17-06-2023 10:30:00,34.0
17-06-2023 11:00:00,34.0
17-06-2023 11:30:00,34.0
17-06-2023 12:00:00,34.0
17-06-2023 12:30:00,34.0
17-06-2023 13:00:00,20.4
17-06-2023 13:30:00,20.4
17-06-2023 14:00:00,20.4
17-06-2023 14:30:00,20.4
17-06-2023 15:00:00,20.4
17-06-2023 15:30:00,20.4
17-06-2023 16:00:00,54.4
17-06-2023 16:30:00,54.4
17-06-2023 17:00:00,54.4
17-06-2023 17:30:00,54.4
17-06-2023 18:00:00,54.4
17-06-2023 18:30:00,54.4
17-06-2023 19:00:00,34.0
17-06-2023 19:30:00,34.0
17-06-2023 20:00:00,34.0
17-06-2023 20:30:00,34.0
17-06-2023 21:00:00,34.0
17-06-2023 21:30:00,34.0
17-06-2023 22:00:00,34.0
17-06-2023 22:30:00,34.0
17-06-2023 23:00:00,34.0
17-06-2023 23:30:00,34.0
18-06-2023 00:00:00,34.0
18-06-2023 00:30:00,34.0
18-06-2023 01:00:00,34.0
18-06-2023 01:30:00,34.0
18-06-2023 02:00:00,34.0
18-06-2023 02:30:00,34.0
18-06-2023 03:00:00,34.0
18-06-2023 03:30:00,34.0
18-06-2023 04:00:00,20.4
18-06-2023 04:30:00,20.4
18-06-2023 05:00:00,20.4
18-06-2023 05:30:00,20.4
18-06-2023 06:00:00,20.4
18-06-2023 06:30:00,20.4
18-06-2023 07:00:00,34.0
18-06-2023 07:30:00,34.0
18-06-2023 08:00:00,34.0
18-06-2023 08:30:00,34.0
18-06-2023 09:00:00,34.0
18-06-2023 09:30:00,34.0
18-06-2023 10:00:00,34.0
18-06-2023 10:30:00,34.0
18-06-2023 11:00:00,34.0
18-06-2023 11:30:00,34.0
18-06-2023 12:00:00,34.0
18-06-2023 12:30:00,34.0
18-06-2023 13:00:00,20.4
18-06-2023 13:30:00,20.4
18-06-2023 14:00:00,20.4
18-06-2023 14:30:00,20.4
18-06-2023 15:00:00,20.4
18-06-2023 15:30:00,20.4
18-06-2023 16:00:00,54.4
18-06-2023 16:30:00,54.4
18-06-2023 17:00:00,54.4
18-06-2023 17:30:00,54.4
18-06-2023 18:00:00,54.4
18-06-2023 18:30:00,54.4
18-06-2023 19:00:00,34.0
18-06-2023 19:30:00,34.0
18-06-2023 20:00:00,34.0
18-06-2023 20:30:00,34.0
18-06-2023 21:00:00,34.0
18-06-2023 21:30:00,34.0
18-06-2023 22:00:00,34.0
18-06-2023 22:30:00,34.0
18-06-2023 23:00:00,34.0
18-06-2023 23:30:00,34.0
19-06-2023 00:00:00,34.0
19-06-2023 00:30:00,34.0
19-06-2023 01:00:00,34.0
19-06-2023 01:30:00,34.0
19-06-2023 02:00:00,34.0
19-06-2023 02:30:00,34.0
19-06-2023 03:00:00,34.0
19-06-2023 03:30:00,34.0
19-06-2023 04:00:00,20.4
19-06-2023 04:30:00,20.4
19-06-2023 05:00:00,20.4
19-06-2023 05:30:00,20.4
19-06-2023 06:00:00,20.4
19-06-2023 06:30:00,20.4
19-06-2023 07:00:00,34.0
19-06-2023 07:30:00,34.0
19-06-2023 08:00:00,34.0
19-06-2023 08:30:00,34.0
19-06-2023 09:00:00,34.0
19-06-2023 09:30:00,34.0
19-06-2023 10:00:00,34.0
19-06-2023 10:30:00,34.0
19-06-2023 11:00:00,34.0
19-06-2023 11:30:00,34.0
19-06-2023 12:00:00,34.0
19-06-2023 12:30:00,34.0
19-06-2023 13:00:00,20.4
19-06-2023 13:30:00,20.4
19-06-2023 14:00:00,20.4
19-06-2023 14:30:00,20.4
19-06-2023 15:00:00,20.4
19-06-2023 15:30:00,20.4
19-06-2023 16:00:00,54.4
19-06-2023 16:30:00,54.4
19-06-2023 17:00:00,54.4
19-06-2023 17:30:00,54.4
19-06-2023 18:00:00,54.4
19-06-2023 18:30:00,54.4
19-06-2023 19:00:00,34.0
19-06-2023 19:30:00,34.0
19-06-2023 20:00:00,34.0
19-06-2023 20:30:00,34.0
19-06-2023 21:00:00,34.0
19-06-2023 21:30:00,34.0
19-06-2023 22:00:00,34.0
19-06-2023 22:30:00,34.0
19-06-2023 23:00:00,34.0
19-06-2023 23:30:00,34.0
20-06-2023 00:00:00,34.0
20-06-2023 00:30:00,34.0
20-06-2023 01:00:00,34.0
20-06-2023 01:30:00,34.0
20-06-2023 02:00:00,34.0
20-06-2023 02:30:00,34.0
20-06-2023 03:00:00,34.0
20-06-2023 03:30:00,34.0
20-06-2023 04:00:00,20.4
20-06-2023 04:30:00,20.4
20-06-2023 05:00:00,20.4
20-06-2023 05:30:00,20.4
20-06-2023 06:00:00,20.4
20-06-2023 06:30:00,20.4
20-06-2023 07:00:00,34.0
20-06-2023 07:30:00,34.0
20-06-2023 08:00:00,34.0
20-06-2023 08:30:00,34.0
20-06-2023 09:00:00,34.0
20-06-2023 09:30:00,34.0
20-06-2023 10:00:00,34.0
20-06-2023 10:30:00,34.0
20-06-2023 11:00:00,34.0
20-06-2023 11:30:00,34.0
20-06-2023 12:00:00,34.0
20-06-2023 12:30:00,34.0
20-06-2023 13:00:00,20.4
20-06-2023 13:30:00,20.4
20-06-2023 14:00:00,20.4
20-06-2023 14:30:00,20.4
20-06-2023 15:00:00,20.4
20-06-2023 15:30:00,20.4
20-06-2023 16:00:00,54.4
20-06-2023 16:30:00,54.4
20-06-2023 17:00:00,54.4
20-06-2023 17:30:00,54.4
20-06-2023 18:00:00,54.4
20-06-2023 18:30:00,54.4
20-06-2023 19:00:00,34.0
20-06-2023 19:30:00,34.0
20-06-2023 20:00:00,34.0
20-06-2023 20:30:00,34.0
20-06-2023 21:00:00,34.0
20-06-2023 21:30:00,34.0
20-06-2023 22:00:00,34.0
20-06-2023 22:30:00,34.0
20-06-2023 23:00:00,34.0
20-06-2023 23:30:00,34.0
21-06-2023 00:00:00,34.0
21-06-2023 00:30:00,34.0
21-06-2023 01:00:00,34.0
21-06-2023 01:30:00,34.0
21-06-2023 02:00:00,34.0
21-06-2023 02:30:00,34.0
21-06-2023 03:00:00,34.0
21-06-2023 03:30:00,34.0
21-06-2023 04:00:00,20.4
21-06-2023 04:30:00,20.4
21-06-2023 05:00:00,20.4
21-06-2023 05:30:00,20.4
21-06-2023 06:00:00,20.4
21-06-2023 06:30:00,20.4
21-06-2023 07:00:00,34.0
21-06-2023 07:30:00,34.0
21-06-2023 08:00:00,34.0
21-06-2023 08:30:00,34.0
21-06-2023 09:00:00,34.0
21-06-2023 09:30:00,34.0
21-06-2023 10:00:00,34.0
21-06-2023 10:30:00,34.0
21-06-2023 11:00:00,34.0
21-06-2023 11:30:00,34.0
21-06-2023 12:00:00,34.0
21-06-2023 12:30:00,34.0
21-06-2023 13:00:00,20.4
21-06-2023 13:30:00,20.4
21-06-2023 14:00:00,20.4
21-06-2023 14:30:00,20.4
21-06-2023 15:00:00,20.4
21-06-2023 15:30:00,20.4
21-06-2023 16:00:00,54.4
21-06-2023 16:30:00,54.4
21-06-2023 17:00:00,54.4
21-06-2023 17:30:00,54.4
21-06-2023 18:00:00,54.4
21-06-2023 18:30:00,54.4
21-06-2023 19:00:00,34.0
21-06-2023 19:30:00,34.0
21-06-2023 20:00:00,34.0
21-06-2023 20:30:00,34.0
21-06-2023 21:00:00,34.0
21-06-2023 21:30:00,34.0
21-06-2023 22:00:00,34.0
21-06-2023 22:30:00,34.0
21-06-2023 23:00:00,34.0
21-06-2023 23:30:00,34.0
22-06-2023 00:00:00,34.0
22-06-2023 00:30:00,34.0
22-06-2023 01:00:00,34.0
22-06-2023 01:30:00,34.0
22-06-2023 02:00:00,34.0
22-06-2023 02:30:00,34.0
22-06-2023 03:00:00,34.0
22-06-2023 03:30:00,34.0
22-06-2023 04:00:00,20.4
22-06-2023 04:30:00,20.4
22-06-2023 05:00:00,20.4
22-06-2023 05:30:00,20.4
22-06-2023 06:00:00,20.4
22-06-2023 06:30:00,20.4
22-06-2023 07:00:00,34.0
22-06-2023 07:30:00,34.0
22-06-2023 08:00:00,34.0
22-06-2023 08:30:00,34.0
22-06-2023 09:00:00,34.0
22-06-2023 09:30:00,34.0
22-06-2023 10:00:00,34.0
22-06-2023 10:30:00,34.0
22-06-2023 11:00:00,34.0
22-06-2023 11:30:00,34.0
22-06-2023 12:00:00,34.0
22-06-2023 12:30:00,34.0
22-06-2023 13:00:00,20.4
22-06-2023 13:30:00,20.4
22-06-2023 14:00:00,20.4
22-06-2023 14:30:00,20.4
22-06-2023 15:00:00,20.4
22-06-2023 15:30:00,20.4
22-06-2023 16:00:00,54.4
22-06-2023 16:30:00,54.4
22-06-2023 17:00:00,54.4
22-06-2023 17:30:00,54.4
22-06-2023 18:00:00,54.4
22-06-2023 18:30:00,54.4
22-06-2023 19:00:00,34.0
22-06-2023 19:30:00,34.0
22-06-2023 20:00:00,34.0
22-06-2023 20:30:00,34.0
22-06-2023 21:00:00,34.0
22-06-2023 21:30:00,34.0
22-06-2023 22:00:00,34.0
22-06-2023 22:30:00,34.0
22-06-2023 23:00:00,34.0
22-06-2023 23:30:00,34.0
23-06-2023 00:00:00,34.0
23-06-2023 00:30:00,34.0
23-06-2023 01:00:00,34.0
23-06-2023 01:30:00,34.0
23-06-2023 02:00:00,34.0
23-06-2023 02:30:00,34.0
23-06-2023 03:00:00,34.0
23-06-2023 03:30:00,34.0
23-06-2023 04:00:00,20.4
23-06-2023 04:30:00,20.4
23-06-2023 05:00:00,20.4
23-06-2023 05:30:00,20.4
23-06-2023 06:00:00,20.4
23-06-2023 06:30:00,20.4
23-06-2023 07:00:00,34.0
23-06-2023 07:30:00,34.0
23-06-2023 08:00:00,34.0
23-06-2023 08:30:00,34.0
23-06-2023 09:00:00,34.0
23-06-2023 09:30:00,34.0
23-06-2023 10:00:00,34.0
23-06-2023 10:30:00,34.0
23-06-2023 11:00:00,34.0
23-06-2023 11:30:00,34.0
23-06-2023 12:00:00,34.0
23-06-2023 12:30:00,34.0
23-06-2023 13:00:00,20.4
23-06-2023 13:30:00,20.4
23-06-2023 14:00:00,20.4
23-06-2023 14:30:00,20.4
23-06-2023 15:00:00,20.4
23-06-2023 15:30:00,20.4
23-06-2023 16:00:00,54.4
23-06-2023 16:30:00,54.4
23-06-2023 17:00:00,54.4
23-06-2023 17:30:00,54.4
23-06-2023 18:00:00,54.4
23-06-2023 18:30:00,54.4
23-06-2023 19:00:00,34.0
23-06-2023 19:30:00,34.0
23-06-2023 20:00:00,34.0
23-06-2023 20:30:00,34.0
23-06-2023 21:00:00,34.0
23-06-2023 21:30:00,34.0
23-06-2023 22:00:00,34.0
23-06-2023 22:30:00,34.0
23-06-2023 23:00:00,34.0
23-06-2023 23:30:00,34.0
24-06-2023 00:00:00,34.0
24-06-2023 00:30:00,34.0
24-06-2023 01:00:00,34.0
24-06-2023 01:30:00,34.0
24-06-2023 02:00:00,34.0
24-06-2023 02:30:00,34.0
24-06-2023 03:00:00,34.0
24-06-2023 03:30:00,34.0
24-06-2023 04:00:00,20.4
24-06-2023 04:30:00,20.4
24-06-2023 05:00:00,20.4
24-06-2023 05:30:00,20.4
24-06-2023 06:00:00,20.4
24-06-2023 06:30:00,20.4
24-06-2023 07:00:00,34.0
24-06-2023 07:30:00,34.0
24-06-2023 08:00:00,34.0
24-06-2023 08:30:00,34.0
24-06-2023 09:00:00,34.0
24-06-2023 09:30:00,34.0
24-06-2023 10:00:00,34.0
24-06-2023 10:30:00,34.0
24-06-2023 11:00:00,34.0
24-06-2023 11:30:00,34.0
24-06-2023 12:00:00,34.0
24-06-2023 12:30:00,34.0
24-06-2023 13:00:00,20.4
24-06-2023 13:30:00,20.4
24-06-2023 14:00:00,20.4
24-06-2023 14:30:00,20.4
24-06-2023 15:00:00,20.4
24-06-2023 15:30:00,20.4
24-06-2023 16:00:00,54.4
24-06-2023 16:30:00,54.4
24-06-2023 17:00:00,54.4
24-06-2023 17:30:00,54.4
24-06-2023 18:00:00,54.4
24-06-2023 18:30:00,54.4
24-06-2023 19:00:00,34.0
24-06-2023 19:30:00,34.0
24-06-2023 20:00:00,34.0
24-06-2023 20:30:00,34.0
24-06-2023 21:00:00,34.0
24-06-2023 21:30:00,34.0
24-06-2023 22:00:00,34.0
24-06-2023 22:30:00,34.0
24-06-2023 23:00:00,34.0
24-06-2023 23:30:00,34.0
25-06-2023 00:00:00,34.0
25-06-2023 00:30:00,34.0
25-06-2023 01:00:00,34.0
25-06-2023 01:30:00,34.0
25-06-2023 02:00:00,34.0
25-06-2023 02:30:00,34.0
25-06-2023 03:00:00,34.0
25-06-2023 03:30:00,34.0
25-06-2023 04:00:00,20.4
25-06-2023 04:30:00,20.4
25-06-2023 05:00:00,20.4
25-06-2023 05:30:00,20.4
25-06-2023 06:00:00,20.4
25-06-2023 06:30:00,20.4
25-06-2023 07:00:00,34.0
25-06-2023 07:30:00,34.0
25-06-2023 08:00:00,34.0
25-06-2023 08:30:00,34.0
25-06-2023 09:00:00,34.0
25-06-2023 09:30:00,34.0
25-06-2023 10:00:00,34.0
25-06-2023 10:30:00,34.0
25-06-2023 11:00:00,34.0
25-06-2023 11:30:00,34.0
25-06-2023 12:00:00,34.0
25-06-2023 12:30:00,34.0
25-06-2023 13:00:00,20.4
25-06-2023 13:30:00,20.4
25-06-2023 14:00:00,20.4
25-06-2023 14:30:00,20.4
25-06-2023 15:00:00,20.4
25-06-2023 15:30:00,20.4
25-06-2023 16:00:00,54.4
25-06-2023 16:30:00,54.4
25-06-2023 17:00:00,54.4
25-06-2023 17:30:00,54.4
25-06-2023 18:00:00,54.4
25-06-2023 18:30:00,54.4
25-06-2023 19:00:00,34.0
25-06-2023 19:30:00,34.0
25-06-2023 20:00:00,34.0
25-06-2023 20:30:00,34.0
25-06-2023 21:00:00,34.0
25-06-2023 21:30:00,34.0
25-06-2023 22:00:00,34.0
25-06-2023 22:30:00,34.0
25-06-2023 23:00:00,34.0
25-06-2023 23:30:00,34.0
26-06-2023 00:00:00,34.0
26-06-2023 00:30:00,34.0
26-06-2023 01:00:00,34.0
26-06-2023 01:30:00,34.0
26-06-2023 02:00:00,34.0
26-06-2023 02:30:00,34.0
26-06-2023 03:00:00,34.0
26-06-2023 03:30:00,34.0
26-06-2023 04:00:00,20.4
26-06-2023 04:30:00,20.4
26-06-2023 05:00:00,20.4
26-06-2023 05:30:00,20.4
26-06-2023 06:00:00,20.4
26-06-2023 06:30:00,20.4
26-06-2023 07:00:00,34.0
26-06-2023 07:30:00,34.0
26-06-2023 08:00:00,34.0
26-06-2023 08:30:00,34.0
26-06-2023 09:00:00,34.0
26-06-2023 09:30:00,34.0
26-06-2023 10:00:00,34.0
26-06-2023 10:30:00,34.0
26-06-2023 11:00:00,34.0
26-06-2023 11:30:00,34.0
26-06-2023 12:00:00,34.0
26-06-2023 12:30:00,34.0
26-06-2023 13:00:00,20.4
26-06-2023 13:30:00,20.4
26-06-2023 14:00:00,20.4
26-06-2023 14:30:00,20.4
26-06-2023 15:00:00,20.4
26-06-2023 15:30:00,20.4
26-06-2023 16:00:00,54.4
26-06-2023 16:30:00,54.4
26-06-2023 17:00:00,54.4
26-06-2023 17:30:00,54.4
26-06-2023 18:00:00,54.4
26-06-2023 18:30:00,54.4
26-06-2023 19:00:00,34.0
26-06-2023 19:30:00,34.0
26-06-2023 20:00:00,34.0
26-06-2023 20:30:00,34.0
26-06-2023 21:00:00,34.0
26-06-2023 21:30:00,34.0
26-06-2023 22:00:00,34.0
26-06-2023 22:30:00,34.0
26-06-2023 23:00:00,34.0
26-06-2023 23:30:00,34.0
27-06-2023 00:00:00,34.0
27-06-2023 00:30:00,34.0
27-06-2023 01:00:00,34.0
27-06-2023 01:30:00,34.0
27-06-2023 02:00:00,34.0
27-06-2023 02:30:00,34.0
27-06-2023 03:00:00,34.0
27-06-2023 03:30:00,34.0
27-06-2023 04:00:00,20.4
27-06-2023 04:30:00,20.4
27-06-2023 05:00:00,20.4
27-06-2023 05:30:00,20.4
27-06-2023 06:00:00,20.4
27-06-2023 06:30:00,20.4
27-06-2023 07:00:00,34.0
27-06-2023 07:30:00,34.0
27-06-2023 08:00:00,34.0
27-06-2023 08:30:00,34.0
27-06-2023 09:00:00,34.0
27-06-2023 09:30:00,34.0
27-06-2023 10:00:00,34.0
27-06-2023 10:30:00,34.0
27-06-2023 11:00:00,34.0
27-06-2023 11:30:00,34.0
27-06-2023 12:00:00,34.0
27-06-2023 12:30:00,34.0
27-06-2023 13:00:00,20.4
27-06-2023 13:30:00,20.4
27-06-2023 14:00:00,20.4
27-06-2023 14:30:00,20.4
27-06-2023 15:00:00,20.4
27-06-2023 15:30:00,20.4
27-06-2023 16:00:00,54.4
27-06-2023 16:30:00,54.4
27-06-2023 17:00:00,54.4
27-06-2023 17:30:00,54.4
27-06-2023 18:00:00,54.4
27-06-2023 18:30:00,54.4
27-06-2023 19:00:00,34.0
27-06-2023 19:30:00,34.0
27-06-2023 20:00:00,34.0
27-06-2023 20:30:00,34.0
27-06-2023 21:00:00,34.0
27-06-2023 21:30:00,34.0
27-06-2023 22:00:00,34.0
27-06-2023 22:30:00,34.0
27-06-2023 23:00:00,34.0
27-06-2023 23:30:00,34.0
28-06-2023 00:00:00,34.0
28-06-2023 00:30:00,34.0
28-06-2023 01:00:00,34.0
28-06-2023 01:30:00,34.0
28-06-2023 02:00:00,34.0
28-06-2023 02:30:00,34.0
28-06-2023 03:00:00,34.0
28-06-2023 03:30:00,34.0
28-06-2023 04:00:00,20.4
28-06-2023 04:30:00,20.4
28-06-2023 05:00:00,20.4
28-06-2023 05:30:00,20.4
28-06-2023 06:00:00,20.4
28-06-2023 06:30:00,20.4
28-06-2023 07:00:00,34.0
28-06-2023 07:30:00,34.0
28-06-2023 08:00:00,34.0
28-06-2023 08:30:00,34.0
28-06-2023 09:00:00,34.0
28-06-2023 09:30:00,34.0
28-06-2023 10:00:00,34.0
28-06-2023 10:30:00,34.0
28-06-2023 11:00:00,34.0
28-06-2023 11:30:00,34.0
28-06-2023 12:00:00,34.0
28-06-2023 12:30:00,34.0
28-06-2023 13:00:00,20.4
28-06-2023 13:30:00,20.4
28-06-2023 14:00:00,20.4
28-06-2023 14:30:00,20.4
28-06-2023 15:00:00,20.4
28-06-2023 15:30:00,20.4
28-06-2023 16:00:00,54.4
28-06-2023 16:30:00,54.4
28-06-2023 17:00:00,54.4
28-06-2023 17:30:00,54.4
28-06-2023 18:00:00,54.4
28-06-2023 18:30:00,54.4
28-06-2023 19:00:00,34.0
28-06-2023 19:30:00,34.0
28-06-2023 20:00:00,34.0
28-06-2023 20:30:00,34.0
28-06-2023 21:00:00,34.0
28-06-2023 21:30:00,34.0
28-06-2023 22:00:00,34.0
28-06-2023 22:30:00,34.0
28-06-2023 23:00:00,34.0
28-06-2023 23:30:00,34.0
29-06-2023 00:00:00,34.0
29-06-2023 00:30:00,34.0
29-06-2023 01:00:00,34.0
29-06-2023 01:30:00,34.0
29-06-2023 02:00:00,34.0
29-06-2023 02:30:00,34.0
29-06-2023 03:00:00,34.0
29-06-2023 03:30:00,34.0
29-06-2023 04:00:00,20.4
29-06-2023 04:30:00,20.4
29-06-2023 05:00:00,20.4
29-06-2023 05:30:00,20.4
29-06-2023 06:00:00,20.4
29-06-2023 06:30:00,20.4
29-06-2023 07:00:00,34.0
29-06-2023 07:30:00,34.0
29-06-2023 08:00:00,34.0
29-06-2023 08:30:00,34.0
29-06-2023 09:00:00,34.0
29-06-2023 09:30:00,34.0
29-06-2023 10:00:00,34.0
29-06-2023 10:30:00,34.0
29-06-2023 11:00:00,34.0
29-06-2023 11:30:00,34.0
29-06-2023 12:00:00,34.0
29-06-2023 12:30:00,34.0
29-06-2023 13:00:00,20.4
29-06-2023 13:30:00,20.4
29-06-2023 14:00:00,20.4
29-06-2023 14:30:00,20.4
29-06-2023 15:00:00,20.4
29-06-2023 15:30:00,20.4
29-06-2023 16:00:00,54.4
29-06-2023 16:30:00,54.4
29-06-2023 17:00:00,54.4
29-06-2023 17:30:00,54.4
29-06-2023 18:00:00,54.4
29-06-2023 18:30:00,54.4
29-06-2023 19:00:00,34.0
29-06-2023 19:30:00,34.0
29-06-2023 20:00:00,34.0
29-06-2023 20:30:00,34.0
29-06-2023 21:00:00,34.0
29-06-2023 21:30:00,34.0
29-06-2023 22:00:00,34.0
29-06-2023 22:30:00,34.0
29-06-2023 23:00:00,34.0
29-06-2023 23:30:00,34.0
30-06-2023 00:00:00,34.0
30-06-2023 00:30:00,34.0
30-06-2023 01:00:00,34.0
30-06-2023 01:30:00,34.0
30-06-2023 02:00:00,34.0
30-06-2023 02:30:00,34.0
30-06-2023 03:00:00,34.0
30-06-2023 03:30:00,34.0
30-06-2023 04:00:00,20.4
30-06-2023 04:30:00,20.4
30-06-2023 05:00:00,20.4
30-06-2023 05:30:00,20.4
30-06-2023 06:00:00,20.4
30-06-2023 06:30:00,20.4
30-06-2023 07:00:00,34.0
30-06-2023 07:30:00,34.0
30-06-2023 08:00:00,34.0
30-06-2023 08:30:00,34.0
30-06-2023 09:00:00,34.0
30-06-2023 09:30:00,34.0
30-06-2023 10:00:00,34.0
30-06-2023 10:30:00,34.0
30-06-2023 11:00:00,34.0
30-06-2023 11:30:00,34.0
30-06-2023 12:00:00,34.0
30-06-2023 12:30:00,34.0
30-06-2023 13:00:00,20.4
30-06-2023 13:30:00,20.4
30-06-2023 14:00:00,20.4
30-06-2023 14:30:00,20.4
30-06-2023 15:00:00,20.4
30-06-2023 15:30:00,20.4
30-06-2023 16:00:00,54.4
30-06-2023 16:30:00,54.4
30-06-2023 17:00:00,54.4
30-06-2023 17:30:00,54.4
30-06-2023 18:00:00,54.4
30-06-2023 18:30:00,54.4
30-06-2023 19:00:00,34.0
30-06-2023 19:30:00,34.0
30-06-2023 20:00:00,34.0
30-06-2023 20:30:00,34.0
30-06-2023 21:00:00,34.0
30-06-2023 21:30:00,34.0
30-06-2023 22:00:00,34.0
30-06-2023 22:30:00,34.0
30-06-2023 23:00:00,34.0
30-06-2023 23:30:00,34.0
01-07-2023 00:00:00,30.7
01-07-2023 00:30:00,30.7
01-07-2023 01:00:00,30.7
01-07-2023 01:30:00,30.7
01-07-2023 02:00:00,30.7
01-07-2023 02:30:00,30.7
01-07-2023 03:00:00,30.7
01-07-2023 03:30:00,30.7
01-07-2023 04:00:00,18.4
01-07-2023 04:30:00,18.4
01-07-2023 05:00:00,18.4
01-07-2023 05:30:00,18.4
01-07-2023 06:00:00,18.4
01-07-2023 06:30:00,18.4
01-07-2023 07:00:00,30.7
01-07-2023 07:30:00,30.7
01-07-2023 08:00:00,30.7
01-07-2023 08:30:00,30.7
01-07-2023 09:00:00,30.7
01-07-2023 09:30:00,30.7
01-07-2023 10:00:00,30.7
01-07-2023 10:30:00,30.7
01-07-2023 11:00:00,30.7
01-07-2023 11:30:00,30.7
01-07-2023 12:00:00,30.7
01-07-2023 12:30:00,30.7
01-07-2023 13:00:00,18.4
01-07-2023 13:30:00,18.4
01-07-2023 14:00:00,18.4
01-07-2023 14:30:00,18.4
01-07-2023 15:00:00,18.4
01-07-2023 15:30:00,18.4
01-07-2023 16:00:00,49.2
01-07-2023 16:30:00,49.2
01-07-2023 17:00:00,49.2
01-07-2023 17:30:00,49.2
01-07-2023 18:00:00,49.2
01-07-2023 18:30:00,49.2
01-07-2023 19:00:00,30.7
01-07-2023 19:30:00,30.7
01-07-2023 20:00:00,30.7
01-07-2023 20:30:00,30.7
01-07-2023 21:00:00,30.7
01-07-2023 21:30:00,30.7
01-07-2023 22:00:00,30.7
01-07-2023 22:30:00,30.7
01-07-2023 23:00:00,30.7
01-07-2023 23:30:00,30.7
02-07-2023 00:00:00,30.7
02-07-2023 00:30:00,30.7
02-07-2023 01:00:00,30.7
02-07-2023 01:30:00,30.7
02-07-2023 02:00:00,30.7
02-07-2023 02:30:00,30.7
02-07-2023 03:00:00,30.7
02-07-2023 03:30:00,30.7
02-07-2023 04:00:00,18.4
02-07-2023 04:30:00,18.4
02-07-2023 05:00:00,18.4
02-07-2023 05:30:00,18.4
02-07-2023 06:00:00,18.4
02-07-2023 06:30:00,18.4
02-07-2023 07:00:00,30.7
02-07-2023 07:30:00,30.7
02-07-2023 08:00:00,30.7
02-07-2023 08:30:00,30.7
02-07-2023 09:00:00,30.7
02-07-2023 09:30:00,30.7
02-07-2023 10:00:00,30.7
02-07-2023 10:30:00,30.7
02-07-2023 11:00:00,30.7
02-07-2023 11:30:00,30.7
02-07-2023 12:00:00,30.7
02-07-2023 12:30:00,30.7
02-07-2023 13:00:00,18.4
02-07-2023 13:30:00,18.4
02-07-2023 14:00:00,18.4
02-07-2023 14:30:00,18.4
02-07-2023 15:00:00,18.4
02-07-2023 15:30:00,18.4
02-07-2023 16:00:00,49.2
02-07-2023 16:30:00,49.2
02-07-2023 17:00:00,49.2
02-07-2023 17:30:00,49.2
02-07-2023 18:00:00,49.2
02-07-2023 18:30:00,49.2
02-07-2023 19:00:00,30.7
02-07-2023 19:30:00,30.7
02-07-2023 20:00:00,30.7
02-07-2023 20:30:00,30.7
02-07-2023 21:00:00,30.7
02-07-2023 21:30:00,30.7
02-07-2023 22:00:00,30.7
02-07-2023 22:30:00,30.7
02-07-2023 23:00:00,30.7
02-07-2023 23:30:00,30.7
03-07-2023 00:00:00,30.7
03-07-2023 00:30:00,30.7
03-07-2023 01:00:00,30.7
03-07-2023 01:30:00,30.7
03-07-2023 02:00:00,30.7
03-07-2023 02:30:00,30.7
03-07-2023 03:00:00,30.7
03-07-2023 03:30:00,30.7
03-07-2023 04:00:00,18.4
03-07-2023 04:30:00,18.4
03-07-2023 05:00:00,18.4
03-07-2023 05:30:00,18.4
03-07-2023 06:00:00,18.4
03-07-2023 06:30:00,18.4
03-07-2023 07:00:00,30.7
03-07-2023 07:30:00,30.7
03-07-2023 08:00:00,30.7
03-07-2023 08:30:00,30.7
03-07-2023 09:00:00,30.7
03-07-2023 09:30:00,30.7
03-07-2023 10:00:00,30.7
03-07-2023 10:30:00,30.7
03-07-2023 11:00:00,30.7
03-07-2023 11:30:00,30.7
03-07-2023 12:00:00,30.7
03-07-2023 12:30:00,30.7
03-07-2023 13:00:00,18.4
03-07-2023 13:30:00,18.4
03-07-2023 14:00:00,18.4
03-07-2023 14:30:00,18.4
03-07-2023 15:00:00,18.4
03-07-2023 15:30:00,18.4
03-07-2023 16:00:00,49.2
03-07-2023 16:30:00,49.2
03-07-2023 17:00:00,49.2
03-07-2023 17:30:00,49.2
03-07-2023 18:00:00,49.2
03-07-2023 18:30:00,49.2
03-07-2023 19:00:00,30.7
03-07-2023 19:30:00,30.7
03-07-2023 20:00:00,30.7
03-07-2023 20:30:00,30.7
03-07-2023 21:00:00,30.7
03-07-2023 21:30:00,30.7
03-07-2023 22:00:00,30.7
03-07-2023 22:30:00,30.7
03-07-2023 23:00:00,30.7
03-07-2023 23:30:00,30.7
04-07-2023 00:00:00,30.7
04-07-2023 00:30:00,30.7
04-07-2023 01:00:00,30.7
04-07-2023 01:30:00,30.7
04-07-2023 02:00:00,30.7
04-07-2023 02:30:00,30.7
04-07-2023 03:00:00,30.7
04-07-2023 03:30:00,30.7
04-07-2023 04:00:00,18.4
04-07-2023 04:30:00,18.4
04-07-2023 05:00:00,18.4
04-07-2023 05:30:00,18.4
04-07-2023 06:00:00,18.4
04-07-2023 06:30:00,18.4
04-07-2023 07:00:00,30.7
04-07-2023 07:30:00,30.7
04-07-2023 08:00:00,30.7
04-07-2023 08:30:00,30.7
04-07-2023 09:00:00,30.7
04-07-2023 09:30:00,30.7
04-07-2023 10:00:00,30.7
04-07-2023 10:30:00,30.7
04-07-2023 11:00:00,30.7
04-07-2023 11:30:00,30.7
04-07-2023 12:00:00,30.7
04-07-2023 12:30:00,30.7
04-07-2023 13:00:00,18.4
04-07-2023 13:30:00,18.4
04-07-2023 14:00:00,18.4
04-07-2023 14:30:00,18.4
04-07-2023 15:00:00,18.4
04-07-2023 15:30:00,18.4
04-07-2023 16:00:00,49.2
04-07-2023 16:30:00,49.2
04-07-2023 17:00:00,49.2
04-07-2023 17:30:00,49.2
04-07-2023 18:00:00,49.2
04-07-2023 18:30:00,49.2
04-07-2023 19:00:00,30.7
04-07-2023 19:30:00,30.7
04-07-2023 20:00:00,30.7
04-07-2023 20:30:00,30.7
04-07-2023 21:00:00,30.7
04-07-2023 21:30:00,30.7
04-07-2023 22:00:00,30.7
04-07-2023 22:30:00,30.7
04-07-2023 23:00:00,30.7
04-07-2023 23:30:00,30.7
05-07-2023 00:00:00,30.7
05-07-2023 00:30:00,30.7
05-07-2023 01:00:00,30.7
05-07-2023 01:30:00,30.7
05-07-2023 02:00:00,30.7
05-07-2023 02:30:00,30.7
05-07-2023 03:00:00,30.7
05-07-2023 03:30:00,30.7
05-07-2023 04:00:00,18.4
05-07-2023 04:30:00,18.4
05-07-2023 05:00:00,18.4
05-07-2023 05:30:00,18.4
05-07-2023 06:00:00,18.4
05-07-2023 06:30:00,18.4
05-07-2023 07:00:00,30.7
05-07-2023 07:30:00,30.7
05-07-2023 08:00:00,30.7
05-07-2023 08:30:00,30.7
05-07-2023 09:00:00,30.7
05-07-2023 09:30:00,30.7
05-07-2023 10:00:00,30.7
05-07-2023 10:30:00,30.7
05-07-2023 11:00:00,30.7
05-07-2023 11:30:00,30.7
05-07-2023 12:00:00,30.7
05-07-2023 12:30:00,30.7
05-07-2023 13:00:00,18.4
05-07-2023 13:30:00,18.4
05-07-2023 14:00:00,18.4
05-07-2023 14:30:00,18.4
05-07-2023 15:00:00,18.4
05-07-2023 15:30:00,18.4
05-07-2023 16:00:00,49.2
05-07-2023 16:30:00,49.2
05-07-2023 17:00:00,49.2
05-07-2023 17:30:00,49.2
05-07-2023 18:00:00,49.2
05-07-2023 18:30:00,49.2
05-07-2023 19:00:00,30.7
05-07-2023 19:30:00,30.7
05-07-2023 20:00:00,30.7
05-07-2023 20:30:00,30.7
05-07-2023 21:00:00,30.7
05-07-2023 21:30:00,30.7
05-07-2023 22:00:00,30.7
05-07-2023 22:30:00,30.7
05-07-2023 23:00:00,30.7
05-07-2023 23:30:00,30.7
06-07-2023 00:00:00,30.7
06-07-2023 00:30:00,30.7
06-07-2023 01:00:00,30.7
06-07-2023 01:30:00,30.7
06-07-2023 02:00:00,30.7
06-07-2023 02:30:00,30.7
06-07-2023 03:00:00,30.7
06-07-2023 03:30:00,30.7
06-07-2023 04:00:00,18.4
06-07-2023 04:30:00,18.4
06-07-2023 05:00:00,18.4
06-07-2023 05:30:00,18.4
06-07-2023 06:00:00,18.4
06-07-2023 06:30:00,18.4
06-07-2023 07:00:00,30.7
06-07-2023 07:30:00,30.7
06-07-2023 08:00:00,30.7
06-07-2023 08:30:00,30.7
06-07-2023 09:00:00,30.7
06-07-2023 09:30:00,30.7
06-07-2023 10:00:00,30.7
06-07-2023 10:30:00,30.7
06-07-2023 11:00:00,30.7
06-07-2023 11:30:00,30.7
06-07-2023 12:00:00,30.7
06-07-2023 12:30:00,30.7
06-07-2023 13:00:00,18.4
06-07-2023 13:30:00,18.4
06-07-2023 14:00:00,18.4
06-07-2023 14:30:00,18.4
06-07-2023 15:00:00,18.4
06-07-2023 15:30:00,18.4
06-07-2023 16:00:00,49.2
06-07-2023 16:30:00,49.2
06-07-2023 17:00:00,49.2
06-07-2023 17:30:00,49.2
06-07-2023 18:00:00,49.2
06-07-2023 18:30:00,49.2
06-07-2023 19:00:00,30.7
06-07-2023 19:30:00,30.7
06-07-2023 20:00:00,30.7
06-07-2023 20:30:00,30.7
06-07-2023 21:00:00,30.7
06-07-2023 21:30:00,30.7
06-07-2023 22:00:00,30.7
06-07-2023 22:30:00,30.7
06-07-2023 23:00:00,30.7
06-07-2023 23:30:00,30.7
07-07-2023 00:00:00,30.7
07-07-2023 00:30:00,30.7
07-07-2023 01:00:00,30.7
07-07-2023 01:30:00,30.7
07-07-2023 02:00:00,30.7
07-07-2023 02:30:00,30.7
07-07-2023 03:00:00,30.7
07-07-2023 03:30:00,30.7
07-07-2023 04:00:00,18.4
07-07-2023 04:30:00,18.4
07-07-2023 05:00:00,18.4
07-07-2023 05:30:00,18.4
07-07-2023 06:00:00,18.4
07-07-2023 06:30:00,18.4
07-07-2023 07:00:00,30.7
07-07-2023 07:30:00,30.7
07-07-2023 08:00:00,30.7
07-07-2023 08:30:00,30.7
07-07-2023 09:00:00,30.7
07-07-2023 09:30:00,30.7
07-07-2023 10:00:00,30.7
07-07-2023 10:30:00,30.7
07-07-2023 11:00:00,30.7
07-07-2023 11:30:00,30.7
07-07-2023 12:00:00,30.7
07-07-2023 12:30:00,30.7
07-07-2023 13:00:00,18.4
07-07-2023 13:30:00,18.4
07-07-2023 14:00:00,18.4
07-07-2023 14:30:00,18.4
07-07-2023 15:00:00,18.4
07-07-2023 15:30:00,18.4
07-07-2023 16:00:00,49.2
07-07-2023 16:30:00,49.2
07-07-2023 17:00:00,49.2
07-07-2023 17:30:00,49.2
07-07-2023 18:00:00,49.2
07-07-2023 18:30:00,49.2
07-07-2023 19:00:00,30.7
07-07-2023 19:30:00,30.7
07-07-2023 20:00:00,30.7
07-07-2023 20:30:00,30.7
07-07-2023 21:00:00,30.7
07-07-2023 21:30:00,30.7
07-07-2023 22:00:00,30.7
07-07-2023 22:30:00,30.7
07-07-2023 23:00:00,30.7
07-07-2023 23:30:00,30.7
08-07-2023 00:00:00,30.7
08-07-2023 00:30:00,30.7
08-07-2023 01:00:00,30.7
08-07-2023 01:30:00,30.7
08-07-2023 02:00:00,30.7
08-07-2023 02:30:00,30.7
08-07-2023 03:00:00,30.7
08-07-2023 03:30:00,30.7
08-07-2023 04:00:00,18.4
08-07-2023 04:30:00,18.4
08-07-2023 05:00:00,18.4
08-07-2023 05:30:00,18.4
08-07-2023 06:00:00,18.4
08-07-2023 06:30:00,18.4
08-07-2023 07:00:00,30.7
08-07-2023 07:30:00,30.7
08-07-2023 08:00:00,30.7
08-07-2023 08:30:00,30.7
08-07-2023 09:00:00,30.7
08-07-2023 09:30:00,30.7
08-07-2023 10:00:00,30.7
08-07-2023 10:30:00,30.7
08-07-2023 11:00:00,30.7
08-07-2023 11:30:00,30.7
08-07-2023 12:00:00,30.7
08-07-2023 12:30:00,30.7
08-07-2023 13:00:00,18.4
08-07-2023 13:30:00,18.4
08-07-2023 14:00:00,18.4
08-07-2023 14:30:00,18.4
08-07-2023 15:00:00,18.4
08-07-2023 15:30:00,18.4
08-07-2023 16:00:00,49.2
08-07-2023 16:30:00,49.2
08-07-2023 17:00:00,49.2
08-07-2023 17:30:00,49.2
08-07-2023 18:00:00,49.2
08-07-2023 18:30:00,49.2
08-07-2023 19:00:00,30.7
08-07-2023 19:30:00,30.7
08-07-2023 20:00:00,30.7
08-07-2023 20:30:00,30.7
08-07-2023 21:00:00,30.7
08-07-2023 21:30:00,30.7
08-07-2023 22:00:00,30.7
08-07-2023 22:30:00,30.7
08-07-2023 23:00:00,30.7
08-07-2023 23:30:00,30.7
09-07-2023 00:00:00,30.7
09-07-2023 00:30:00,30.7
09-07-2023 01:00:00,30.7
09-07-2023 01:30:00,30.7
09-07-2023 02:00:00,30.7
09-07-2023 02:30:00,30.7
09-07-2023 03:00:00,30.7
09-07-2023 03:30:00,30.7
09-07-2023 04:00:00,18.4
09-07-2023 04:30:00,18.4
09-07-2023 05:00:00,18.4
09-07-2023 05:30:00,18.4
09-07-2023 06:00:00,18.4
09-07-2023 06:30:00,18.4
09-07-2023 07:00:00,30.7
09-07-2023 07:30:00,30.7
09-07-2023 08:00:00,30.7
09-07-2023 08:30:00,30.7
09-07-2023 09:00:00,30.7
09-07-2023 09:30:00,30.7
09-07-2023 10:00:00,30.7
09-07-2023 10:30:00,30.7
09-07-2023 11:00:00,30.7
09-07-2023 11:30:00,30.7
09-07-2023 12:00:00,30.7
09-07-2023 12:30:00,30.7
09-07-2023 13:00:00,18.4
09-07-2023 13:30:00,18.4
09-07-2023 14:00:00,18.4
09-07-2023 14:30:00,18.4
09-07-2023 15:00:00,18.4
09-07-2023 15:30:00,18.4
09-07-2023 16:00:00,49.2
09-07-2023 16:30:00,49.2
09-07-2023 17:00:00,49.2
09-07-2023 17:30:00,49.2
09-07-2023 18:00:00,49.2
09-07-2023 18:30:00,49.2
09-07-2023 19:00:00,30.7
09-07-2023 19:30:00,30.7
09-07-2023 20:00:00,30.7
09-07-2023 20:30:00,30.7
09-07-2023 21:00:00,30.7
09-07-2023 21:30:00,30.7
09-07-2023 22:00:00,30.7
09-07-2023 22:30:00,30.7
09-07-2023 23:00:00,30.7
09-07-2023 23:30:00,30.7
10-07-2023 00:00:00,30.7
10-07-2023 00:30:00,30.7
10-07-2023 01:00:00,30.7
10-07-2023 01:30:00,30.7
10-07-2023 02:00:00,30.7
10-07-2023 02:30:00,30.7
10-07-2023 03:00:00,30.7
10-07-2023 03:30:00,30.7
10-07-2023 04:00:00,18.4
10-07-2023 04:30:00,18.4
10-07-2023 05:00:00,18.4
10-07-2023 05:30:00,18.4
10-07-2023 06:00:00,18.4
10-07-2023 06:30:00,18.4
10-07-2023 07:00:00,30.7
10-07-2023 07:30:00,30.7
10-07-2023 08:00:00,30.7
10-07-2023 08:30:00,30.7
10-07-2023 09:00:00,30.7
10-07-2023 09:30:00,30.7
10-07-2023 10:00:00,30.7
10-07-2023 10:30:00,30.7
10-07-2023 11:00:00,30.7
10-07-2023 11:30:00,30.7
10-07-2023 12:00:00,30.7
10-07-2023 12:30:00,30.7
10-07-2023 13:00:00,18.4
10-07-2023 13:30:00,18.4
10-07-2023 14:00:00,18.4
10-07-2023 14:30:00,18.4
10-07-2023 15:00:00,18.4
10-07-2023 15:30:00,18.4
10-07-2023 16:00:00,49.2
10-07-2023 16:30:00,49.2
10-07-2023 17:00:00,49.2
10-07-2023 17:30:00,49.2
10-07-2023 18:00:00,49.2
10-07-2023 18:30:00,49.2
10-07-2023 19:00:00,30.7
10-07-2023 19:30:00,30.7
10-07-2023 20:00:00,30.7
10-07-2023 20:30:00,30.7
10-07-2023 21:00:00,30.7
10-07-2023 21:30:00,30.7
10-07-2023 22:00:00,30.7
10-07-2023 22:30:00,30.7
10-07-2023 23:00:00,30.7
10-07-2023 23:30:00,30.7
11-07-2023 00:00:00,30.7
11-07-2023 00:30:00,30.7
11-07-2023 01:00:00,30.7
11-07-2023 01:30:00,30.7
11-07-2023 02:00:00,30.7
11-07-2023 02:30:00,30.7
11-07-2023 03:00:00,30.7
11-07-2023 03:30:00,30.7
11-07-2023 04:00:00,18.4
11-07-2023 04:30:00,18.4
11-07-2023 05:00:00,18.4
11-07-2023 05:30:00,18.4
11-07-2023 06:00:00,18.4
11-07-2023 06:30:00,18.4
11-07-2023 07:00:00,30.7
11-07-2023 07:30:00,30.7
11-07-2023 08:00:00,30.7
11-07-2023 08:30:00,30.7
11-07-2023 09:00:00,30.7
11-07-2023 09:30:00,30.7
11-07-2023 10:00:00,30.7
11-07-2023 10:30:00,30.7
11-07-2023 11:00:00,30.7
11-07-2023 11:30:00,30.7
11-07-2023 12:00:00,30.7
11-07-2023 12:30:00,30.7
11-07-2023 13:00:00,18.4
11-07-2023 13:30:00,18.4
11-07-2023 14:00:00,18.4
11-07-2023 14:30:00,18.4
11-07-2023 15:00:00,18.4
11-07-2023 15:30:00,18.4
11-07-2023 16:00:00,49.2
11-07-2023 16:30:00,49.2
11-07-2023 17:00:00,49.2
11-07-2023 17:30:00,49.2
11-07-2023 18:00:00,49.2
11-07-2023 18:30:00,49.2
11-07-2023 19:00:00,30.7
11-07-2023 19:30:00,30.7
11-07-2023 20:00:00,30.7
11-07-2023 20:30:00,30.7
11-07-2023 21:00:00,30.7
11-07-2023 21:30:00,30.7
11-07-2023 22:00:00,30.7
11-07-2023 22:30:00,30.7
11-07-2023 23:00:00,30.7
11-07-2023 23:30:00,30.7
12-07-2023 00:00:00,30.7
12-07-2023 00:30:00,30.7
12-07-2023 01:00:00,30.7
12-07-2023 01:30:00,30.7
12-07-2023 02:00:00,30.7
12-07-2023 02:30:00,30.7
12-07-2023 03:00:00,30.7
12-07-2023 03:30:00,30.7
12-07-2023 04:00:00,18.4
12-07-2023 04:30:00,18.4
12-07-2023 05:00:00,18.4
12-07-2023 05:30:00,18.4
12-07-2023 06:00:00,18.4
12-07-2023 06:30:00,18.4
12-07-2023 07:00:00,30.7
12-07-2023 07:30:00,30.7
12-07-2023 08:00:00,30.7
12-07-2023 08:30:00,30.7
12-07-2023 09:00:00,30.7
12-07-2023 09:30:00,30.7
12-07-2023 10:00:00,30.7
12-07-2023 10:30:00,30.7
12-07-2023 11:00:00,30.7
12-07-2023 11:30:00,30.7
12-07-2023 12:00:00,30.7
12-07-2023 12:30:00,30.7
12-07-2023 13:00:00,18.4
12-07-2023 13:30:00,18.4
12-07-2023 14:00:00,18.4
12-07-2023 14:30:00,18.4
12-07-2023 15:00:00,18.4
12-07-2023 15:30:00,18.4
12-07-2023 16:00:00,49.2
12-07-2023 16:30:00,49.2
12-07-2023 17:00:00,49.2
12-07-2023 17:30:00,49.2
12-07-2023 18:00:00,49.2
12-07-2023 18:30:00,49.2
12-07-2023 19:00:00,30.7
12-07-2023 19:30:00,30.7
12-07-2023 20:00:00,30.7
12-07-2023 20:30:00,30.7
12-07-2023 21:00:00,30.7
12-07-2023 21:30:00,30.7
12-07-2023 22:00:00,30.7
12-07-2023 22:30:00,30.7
12-07-2023 23:00:00,30.7
12-07-2023 23:30:00,30.7
13-07-2023 00:00:00,30.7
13-07-2023 00:30:00,30.7
13-07-2023 01:00:00,30.7
13-07-2023 01:30:00,30.7
13-07-2023 02:00:00,30.7
13-07-2023 02:30:00,30.7
13-07-2023 03:00:00,30.7
13-07-2023 03:30:00,30.7
13-07-2023 04:00:00,18.4
13-07-2023 04:30:00,18.4
13-07-2023 05:00:00,18.4
13-07-2023 05:30:00,18.4
13-07-2023 06:00:00,18.4
13-07-2023 06:30:00,18.4
13-07-2023 07:00:00,30.7
13-07-2023 07:30:00,30.7
13-07-2023 08:00:00,30.7
13-07-2023 08:30:00,30.7
13-07-2023 09:00:00,30.7
13-07-2023 09:30:00,30.7
13-07-2023 10:00:00,30.7
13-07-2023 10:30:00,30.7
13-07-2023 11:00:00,30.7
13-07-2023 11:30:00,30.7
13-07-2023 12:00:00,30.7
13-07-2023 12:30:00,30.7
13-07-2023 13:00:00,18.4
13-07-2023 13:30:00,18.4
13-07-2023 14:00:00,18.4
13-07-2023 14:30:00,18.4
13-07-2023 15:00:00,18.4
13-07-2023 15:30:00,18.4
13-07-2023 16:00:00,49.2
13-07-2023 16:30:00,49.2
13-07-2023 17:00:00,49.2
13-07-2023 17:30:00,49.2
13-07-2023 18:00:00,49.2
13-07-2023 18:30:00,49.2
13-07-2023 19:00:00,30.7
13-07-2023 19:30:00,30.7
13-07-2023 20:00:00,30.7
13-07-2023 20:30:00,30.7
13-07-2023 21:00:00,30.7
13-07-2023 21:30:00,30.7
13-07-2023 22:00:00,30.7
13-07-2023 22:30:00,30.7
13-07-2023 23:00:00,30.7
13-07-2023 23:30:00,30.7
14-07-2023 00:00:00,30.7
14-07-2023 00:30:00,30.7
14-07-2023 01:00:00,30.7
14-07-2023 01:30:00,30.7
14-07-2023 02:00:00,30.7
14-07-2023 02:30:00,30.7
14-07-2023 03:00:00,30.7
14-07-2023 03:30:00,30.7
14-07-2023 04:00:00,18.4
14-07-2023 04:30:00,18.4
14-07-2023 05:00:00,18.4
14-07-2023 05:30:00,18.4
14-07-2023 06:00:00,18.4
14-07-2023 06:30:00,18.4
14-07-2023 07:00:00,30.7
14-07-2023 07:30:00,30.7
14-07-2023 08:00:00,30.7
14-07-2023 08:30:00,30.7
14-07-2023 09:00:00,30.7
14-07-2023 09:30:00,30.7
14-07-2023 10:00:00,30.7
14-07-2023 10:30:00,30.7
14-07-2023 11:00:00,30.7
14-07-2023 11:30:00,30.7
14-07-2023 12:00:00,30.7
14-07-2023 12:30:00,30.7
14-07-2023 13:00:00,18.4
14-07-2023 13:30:00,18.4
14-07-2023 14:00:00,18.4
14-07-2023 14:30:00,18.4
14-07-2023 15:00:00,18.4
14-07-2023 15:30:00,18.4
14-07-2023 16:00:00,49.2
14-07-2023 16:30:00,49.2
14-07-2023 17:00:00,49.2
14-07-2023 17:30:00,49.2
14-07-2023 18:00:00,49.2
14-07-2023 18:30:00,49.2
14-07-2023 19:00:00,30.7
14-07-2023 19:30:00,30.7
14-07-2023 20:00:00,30.7
14-07-2023 20:30:00,30.7
14-07-2023 21:00:00,30.7
14-07-2023 21:30:00,30.7
14-07-2023 22:00:00,30.7
14-07-2023 22:30:00,30.7
14-07-2023 23:00:00,30.7
14-07-2023 23:30:00,30.7
15-07-2023 00:00:00,30.7
15-07-2023 00:30:00,30.7
15-07-2023 01:00:00,30.7
15-07-2023 01:30:00,30.7
15-07-2023 02:00:00,30.7
15-07-2023 02:30:00,30.7
15-07-2023 03:00:00,30.7
15-07-2023 03:30:00,30.7
15-07-2023 04:00:00,18.4
15-07-2023 04:30:00,18.4
15-07-2023 05:00:00,18.4
15-07-2023 05:30:00,18.4
15-07-2023 06:00:00,18.4
15-07-2023 06:30:00,18.4
15-07-2023 07:00:00,30.7
15-07-2023 07:30:00,30.7
15-07-2023 08:00:00,30.7
15-07-2023 08:30:00,30.7
15-07-2023 09:00:00,30.7
15-07-2023 09:30:00,30.7
15-07-2023 10:00:00,30.7
15-07-2023 10:30:00,30.7
15-07-2023 11:00:00,30.7
15-07-2023 11:30:00,30.7
15-07-2023 12:00:00,30.7
15-07-2023 12:30:00,30.7
15-07-2023 13:00:00,18.4
15-07-2023 13:30:00,18.4
15-07-2023 14:00:00,18.4
15-07-2023 14:30:00,18.4
15-07-2023 15:00:00,18.4
15-07-2023 15:30:00,18.4
15-07-2023 16:00:00,49.2
15-07-2023 16:30:00,49.2
15-07-2023 17:00:00,49.2
15-07-2023 17:30:00,49.2
15-07-2023 18:00:00,49.2
15-07-2023 18:30:00,49.2
15-07-2023 19:00:00,30.7
15-07-2023 19:30:00,30.7
15-07-2023 20:00:00,30.7
15-07-2023 20:30:00,30.7
15-07-2023 21:00:00,30.7
15-07-2023 21:30:00,30.7
15-07-2023 22:00:00,30.7
15-07-2023 22:30:00,30.7
15-07-2023 23:00:00,30.7
15-07-2023 23:30:00,30.7
16-07-2023 00:00:00,30.7
16-07-2023 00:30:00,30.7
16-07-2023 01:00:00,30.7
16-07-2023 01:30:00,30.7
16-07-2023 02:00:00,30.7
16-07-2023 02:30:00,30.7
16-07-2023 03:00:00,30.7
16-07-2023 03:30:00,30.7
16-07-2023 04:00:00,18.4
16-07-2023 04:30:00,18.4
16-07-2023 05:00:00,18.4
16-07-2023 05:30:00,18.4
16-07-2023 06:00:00,18.4
16-07-2023 06:30:00,18.4
16-07-2023 07:00:00,30.7
16-07-2023 07:30:00,30.7
16-07-2023 08:00:00,30.7
16-07-2023 08:30:00,30.7
16-07-2023 09:00:00,30.7
16-07-2023 09:30:00,30.7
16-07-2023 10:00:00,30.7
16-07-2023 10:30:00,30.7
16-07-2023 11:00:00,30.7
16-07-2023 11:30:00,30.7
16-07-2023 12:00:00,30.7
16-07-2023 12:30:00,30.7
16-07-2023 13:00:00,18.4
16-07-2023 13:30:00,18.4
16-07-2023 14:00:00,18.4
16-07-2023 14:30:00,18.4
16-07-2023 15:00:00,18.4
16-07-2023 15:30:00,18.4
16-07-2023 16:00:00,49.2
16-07-2023 16:30:00,49.2
16-07-2023 17:00:00,49.2
16-07-2023 17:30:00,49.2
16-07-2023 18:00:00,49.2
16-07-2023 18:30:00,49.2
16-07-2023 19:00:00,30.7
16-07-2023 19:30:00,30.7
16-07-2023 20:00:00,30.7
16-07-2023 20:30:00,30.7
16-07-2023 21:00:00,30.7
16-07-2023 21:30:00,30.7
16-07-2023 22:00:00,30.7
16-07-2023 22:30:00,30.7
16-07-2023 23:00:00,30.7
16-07-2023 23:30:00,30.7
17-07-2023 00:00:00,30.7
17-07-2023 00:30:00,30.7
17-07-2023 01:00:00,30.7
17-07-2023 01:30:00,30.7
17-07-2023 02:00:00,30.7
17-07-2023 02:30:00,30.7
17-07-2023 03:00:00,30.7
17-07-2023 03:30:00,30.7
17-07-2023 04:00:00,18.4
17-07-2023 04:30:00,18.4
17-07-2023 05:00:00,18.4
17-07-2023 05:30:00,18.4
17-07-2023 06:00:00,18.4
17-07-2023 06:30:00,18.4
17-07-2023 07:00:00,30.7
17-07-2023 07:30:00,30.7
17-07-2023 08:00:00,30.7
17-07-2023 08:30:00,30.7
17-07-2023 09:00:00,30.7
17-07-2023 09:30:00,30.7
17-07-2023 10:00:00,30.7
17-07-2023 10:30:00,30.7
17-07-2023 11:00:00,30.7
17-07-2023 11:30:00,30.7
17-07-2023 12:00:00,30.7
17-07-2023 12:30:00,30.7
17-07-2023 13:00:00,18.4
17-07-2023 13:30:00,18.4
17-07-2023 14:00:00,18.4
17-07-2023 14:30:00,18.4
17-07-2023 15:00:00,18.4
17-07-2023 15:30:00,18.4
17-07-2023 16:00:00,49.2
17-07-2023 16:30:00,49.2
17-07-2023 17:00:00,49.2
17-07-2023 17:30:00,49.2
17-07-2023 18:00:00,49.2
17-07-2023 18:30:00,49.2
17-07-2023 19:00:00,30.7
17-07-2023 19:30:00,30.7
17-07-2023 20:00:00,30.7
17-07-2023 20:30:00,30.7
17-07-2023 21:00:00,30.7
17-07-2023 21:30:00,30.7
17-07-2023 22:00:00,30.7
17-07-2023 22:30:00,30.7
17-07-2023 23:00:00,30.7
17-07-2023 23:30:00,30.7
18-07-2023 00:00:00,30.7
18-07-2023 00:30:00,30.7
18-07-2023 01:00:00,30.7
18-07-2023 01:30:00,30.7
18-07-2023 02:00:00,30.7
18-07-2023 02:30:00,30.7
18-07-2023 03:00:00,30.7
18-07-2023 03:30:00,30.7
18-07-2023 04:00:00,18.4
18-07-2023 04:30:00,18.4
18-07-2023 05:00:00,18.4
18-07-2023 05:30:00,18.4
18-07-2023 06:00:00,18.4
18-07-2023 06:30:00,18.4
18-07-2023 07:00:00,30.7
18-07-2023 07:30:00,30.7
18-07-2023 08:00:00,30.7
18-07-2023 08:30:00,30.7
18-07-2023 09:00:00,30.7
18-07-2023 09:30:00,30.7
18-07-2023 10:00:00,30.7
18-07-2023 10:30:00,30.7
18-07-2023 11:00:00,30.7
18-07-2023 11:30:00,30.7
18-07-2023 12:00:00,30.7
18-07-2023 12:30:00,30.7
18-07-2023 13:00:00,18.4
18-07-2023 13:30:00,18.4
18-07-2023 14:00:00,18.4
18-07-2023 14:30:00,18.4
18-07-2023 15:00:00,18.4
18-07-2023 15:30:00,18.4
18-07-2023 16:00:00,49.2
18-07-2023 16:30:00,49.2
18-07-2023 17:00:00,49.2
18-07-2023 17:30:00,49.2
18-07-2023 18:00:00,49.2
18-07-2023 18:30:00,49.2
18-07-2023 19:00:00,30.7
18-07-2023 19:30:00,30.7
18-07-2023 20:00:00,30.7
18-07-2023 20:30:00,30.7
18-07-2023 21:00:00,30.7
18-07-2023 21:30:00,30.7
18-07-2023 22:00:00,30.7
18-07-2023 22:30:00,30.7
18-07-2023 23:00:00,30.7
18-07-2023 23:30:00,30.7
19-07-2023 00:00:00,30.7
19-07-2023 00:30:00,30.7
19-07-2023 01:00:00,30.7
19-07-2023 01:30:00,30.7
19-07-2023 02:00:00,30.7
19-07-2023 02:30:00,30.7
19-07-2023 03:00:00,30.7
19-07-2023 03:30:00,30.7
19-07-2023 04:00:00,18.4
19-07-2023 04:30:00,18.4
19-07-2023 05:00:00,18.4
19-07-2023 05:30:00,18.4
19-07-2023 06:00:00,18.4
19-07-2023 06:30:00,18.4
19-07-2023 07:00:00,30.7
19-07-2023 07:30:00,30.7
19-07-2023 08:00:00,30.7
19-07-2023 08:30:00,30.7
19-07-2023 09:00:00,30.7
19-07-2023 09:30:00,30.7
19-07-2023 10:00:00,30.7
19-07-2023 10:30:00,30.7
19-07-2023 11:00:00,30.7
19-07-2023 11:30:00,30.7
19-07-2023 12:00:00,30.7
19-07-2023 12:30:00,30.7
19-07-2023 13:00:00,18.4
19-07-2023 13:30:00,18.4
19-07-2023 14:00:00,18.4
19-07-2023 14:30:00,18.4
19-07-2023 15:00:00,18.4
19-07-2023 15:30:00,18.4
19-07-2023 16:00:00,49.2
19-07-2023 16:30:00,49.2
19-07-2023 17:00:00,49.2
19-07-2023 17:30:00,49.2
19-07-2023 18:00:00,49.2
19-07-2023 18:30:00,49.2
19-07-2023 19:00:00,30.7
19-07-2023 19:30:00,30.7
19-07-2023 20:00:00,30.7
19-07-2023 20:30:00,30.7
19-07-2023 21:00:00,30.7
19-07-2023 21:30:00,30.7
19-07-2023 22:00:00,30.7
19-07-2023 22:30:00,30.7
19-07-2023 23:00:00,30.7
19-07-2023 23:30:00,30.7
20-07-2023 00:00:00,30.7
20-07-2023 00:30:00,30.7
20-07-2023 01:00:00,30.7
20-07-2023 01:30:00,30.7
20-07-2023 02:00:00,30.7
20-07-2023 02:30:00,30.7
20-07-2023 03:00:00,30.7
20-07-2023 03:30:00,30.7
20-07-2023 04:00:00,18.4
20-07-2023 04:30:00,18.4
20-07-2023 05:00:00,18.4
20-07-2023 05:30:00,18.4
20-07-2023 06:00:00,18.4
20-07-2023 06:30:00,18.4
20-07-2023 07:00:00,30.7
20-07-2023 07:30:00,30.7
20-07-2023 08:00:00,30.7
20-07-2023 08:30:00,30.7
20-07-2023 09:00:00,30.7
20-07-2023 09:30:00,30.7
20-07-2023 10:00:00,30.7
20-07-2023 10:30:00,30.7
20-07-2023 11:00:00,30.7
20-07-2023 11:30:00,30.7
20-07-2023 12:00:00,30.7
20-07-2023 12:30:00,30.7
20-07-2023 13:00:00,18.4
20-07-2023 13:30:00,18.4
20-07-2023 14:00:00,18.4
20-07-2023 14:30:00,18.4
20-07-2023 15:00:00,18.4
20-07-2023 15:30:00,18.4
20-07-2023 16:00:00,49.2
20-07-2023 16:30:00,49.2
20-07-2023 17:00:00,49.2
20-07-2023 17:30:00,49.2
20-07-2023 18:00:00,49.2
20-07-2023 18:30:00,49.2
20-07-2023 19:00:00,30.7
20-07-2023 19:30:00,30.7
20-07-2023 20:00:00,30.7
20-07-2023 20:30:00,30.7
20-07-2023 21:00:00,30.7
20-07-2023 21:30:00,30.7
20-07-2023 22:00:00,30.7
20-07-2023 22:30:00,30.7
20-07-2023 23:00:00,30.7
20-07-2023 23:30:00,30.7
21-07-2023 00:00:00,30.7
21-07-2023 00:30:00,30.7
21-07-2023 01:00:00,30.7
21-07-2023 01:30:00,30.7
21-07-2023 02:00:00,30.7
21-07-2023 02:30:00,30.7
21-07-2023 03:00:00,30.7
21-07-2023 03:30:00,30.7
21-07-2023 04:00:00,18.4
21-07-2023 04:30:00,18.4
21-07-2023 05:00:00,18.4
21-07-2023 05:30:00,18.4
21-07-2023 06:00:00,18.4
21-07-2023 06:30:00,18.4
21-07-2023 07:00:00,30.7
21-07-2023 07:30:00,30.7
21-07-2023 08:00:00,30.7
21-07-2023 08:30:00,30.7
21-07-2023 09:00:00,30.7
21-07-2023 09:30:00,30.7
21-07-2023 10:00:00,30.7
21-07-2023 10:30:00,30.7
21-07-2023 11:00:00,30.7
21-07-2023 11:30:00,30.7
21-07-2023 12:00:00,30.7
21-07-2023 12:30:00,30.7
21-07-2023 13:00:00,18.4
21-07-2023 13:30:00,18.4
21-07-2023 14:00:00,18.4
21-07-2023 14:30:00,18.4
21-07-2023 15:00:00,18.4
21-07-2023 15:30:00,18.4
21-07-2023 16:00:00,49.2
21-07-2023 16:30:00,49.2
21-07-2023 17:00:00,49.2
21-07-2023 17:30:00,49.2
21-07-2023 18:00:00,49.2
21-07-2023 18:30:00,49.2
21-07-2023 19:00:00,30.7
21-07-2023 19:30:00,30.7
21-07-2023 20:00:00,30.7
21-07-2023 20:30:00,30.7
21-07-2023 21:00:00,30.7
21-07-2023 21:30:00,30.7
21-07-2023 22:00:00,30.7
21-07-2023 22:30:00,30.7
21-07-2023 23:00:00,30.7
21-07-2023 23:30:00,30.7
22-07-2023 00:00:00,30.7
22-07-2023 00:30:00,30.7
22-07-2023 01:00:00,30.7
22-07-2023 01:30:00,30.7
22-07-2023 02:00:00,30.7
22-07-2023 02:30:00,30.7
22-07-2023 03:00:00,30.7
22-07-2023 03:30:00,30.7
22-07-2023 04:00:00,18.4
22-07-2023 04:30:00,18.4
22-07-2023 05:00:00,18.4
22-07-2023 05:30:00,18.4
22-07-2023 06:00:00,18.4
22-07-2023 06:30:00,18.4
22-07-2023 07:00:00,30.7
22-07-2023 07:30:00,30.7
22-07-2023 08:00:00,30.7
22-07-2023 08:30:00,30.7
22-07-2023 09:00:00,30.7
22-07-2023 09:30:00,30.7
22-07-2023 10:00:00,30.7
22-07-2023 10:30:00,30.7
22-07-2023 11:00:00,30.7
22-07-2023 11:30:00,30.7
22-07-2023 12:00:00,30.7
22-07-2023 12:30:00,30.7
22-07-2023 13:00:00,18.4
22-07-2023 13:30:00,18.4
22-07-2023 14:00:00,18.4
22-07-2023 14:30:00,18.4
22-07-2023 15:00:00,18.4
22-07-2023 15:30:00,18.4
22-07-2023 16:00:00,49.2
22-07-2023 16:30:00,49.2
22-07-2023 17:00:00,49.2
22-07-2023 17:30:00,49.2
22-07-2023 18:00:00,49.2
22-07-2023 18:30:00,49.2
22-07-2023 19:00:00,30.7
22-07-2023 19:30:00,30.7
22-07-2023 20:00:00,30.7
22-07-2023 20:30:00,30.7
22-07-2023 21:00:00,30.7
22-07-2023 21:30:00,30.7
22-07-2023 22:00:00,30.7
22-07-2023 22:30:00,30.7
22-07-2023 23:00:00,30.7
22-07-2023 23:30:00,30.7
23-07-2023 00:00:00,30.7
23-07-2023 00:30:00,30.7
23-07-2023 01:00:00,30.7
23-07-2023 01:30:00,30.7
23-07-2023 02:00:00,30.7
23-07-2023 02:30:00,30.7
23-07-2023 03:00:00,30.7
23-07-2023 03:30:00,30.7
23-07-2023 04:00:00,18.4
23-07-2023 04:30:00,18.4
23-07-2023 05:00:00,18.4
23-07-2023 05:30:00,18.4
23-07-2023 06:00:00,18.4
23-07-2023 06:30:00,18.4
23-07-2023 07:00:00,30.7
23-07-2023 07:30:00,30.7
23-07-2023 08:00:00,30.7
23-07-2023 08:30:00,30.7
23-07-2023 09:00:00,30.7
23-07-2023 09:30:00,30.7
23-07-2023 10:00:00,30.7
23-07-2023 10:30:00,30.7
23-07-2023 11:00:00,30.7
23-07-2023 11:30:00,30.7
23-07-2023 12:00:00,30.7
23-07-2023 12:30:00,30.7
23-07-2023 13:00:00,18.4
23-07-2023 13:30:00,18.4
23-07-2023 14:00:00,18.4
23-07-2023 14:30:00,18.4
23-07-2023 15:00:00,18.4
23-07-2023 15:30:00,18.4
23-07-2023 16:00:00,49.2
23-07-2023 16:30:00,49.2
23-07-2023 17:00:00,49.2
23-07-2023 17:30:00,49.2
23-07-2023 18:00:00,49.2
23-07-2023 18:30:00,49.2
23-07-2023 19:00:00,30.7
23-07-2023 19:30:00,30.7
23-07-2023 20:00:00,30.7
23-07-2023 20:30:00,30.7
23-07-2023 21:00:00,30.7
23-07-2023 21:30:00,30.7
23-07-2023 22:00:00,30.7
23-07-2023 22:30:00,30.7
23-07-2023 23:00:00,30.7
23-07-2023 23:30:00,30.7
24-07-2023 00:00:00,30.7
24-07-2023 00:30:00,30.7
24-07-2023 01:00:00,30.7
24-07-2023 01:30:00,30.7
24-07-2023 02:00:00,30.7
24-07-2023 02:30:00,30.7
24-07-2023 03:00:00,30.7
24-07-2023 03:30:00,30.7
24-07-2023 04:00:00,18.4
24-07-2023 04:30:00,18.4
24-07-2023 05:00:00,18.4
24-07-2023 05:30:00,18.4
24-07-2023 06:00:00,18.4
24-07-2023 06:30:00,18.4
24-07-2023 07:00:00,30.7
24-07-2023 07:30:00,30.7
24-07-2023 08:00:00,30.7
24-07-2023 08:30:00,30.7
24-07-2023 09:00:00,30.7
24-07-2023 09:30:00,30.7
24-07-2023 10:00:00,30.7
24-07-2023 10:30:00,30.7
24-07-2023 11:00:00,30.7
24-07-2023 11:30:00,30.7
24-07-2023 12:00:00,30.7
24-07-2023 12:30:00,30.7
24-07-2023 13:00:00,18.4
24-07-2023 13:30:00,18.4
24-07-2023 14:00:00,18.4
24-07-2023 14:30:00,18.4
24-07-2023 15:00:00,18.4
24-07-2023 15:30:00,18.4
24-07-2023 16:00:00,49.2
24-07-2023 16:30:00,49.2
24-07-2023 17:00:00,49.2
24-07-2023 17:30:00,49.2
24-07-2023 18:00:00,49.2
24-07-2023 18:30:00,49.2
24-07-2023 19:00:00,30.7
24-07-2023 19:30:00,30.7
24-07-2023 20:00:00,30.7
24-07-2023 20:30:00,30.7
24-07-2023 21:00:00,30.7
24-07-2023 21:30:00,30.7
24-07-2023 22:00:00,30.7
24-07-2023 22:30:00,30.7
24-07-2023 23:00:00,30.7
24-07-2023 23:30:00,30.7
25-07-2023 00:00:00,30.7
25-07-2023 00:30:00,30.7
25-07-2023 01:00:00,30.7
25-07-2023 01:30:00,30.7
25-07-2023 02:00:00,30.7
25-07-2023 02:30:00,30.7
25-07-2023 03:00:00,30.7
25-07-2023 03:30:00,30.7
25-07-2023 04:00:00,18.4
25-07-2023 04:30:00,18.4
25-07-2023 05:00:00,18.4
25-07-2023 05:30:00,18.4
25-07-2023 06:00:00,18.4
25-07-2023 06:30:00,18.4
25-07-2023 07:00:00,30.7
25-07-2023 07:30:00,30.7
25-07-2023 08:00:00,30.7
25-07-2023 08:30:00,30.7
25-07-2023 09:00:00,30.7
25-07-2023 09:30:00,30.7
25-07-2023 10:00:00,30.7
25-07-2023 10:30:00,30.7
25-07-2023 11:00:00,30.7
25-07-2023 11:30:00,30.7
25-07-2023 12:00:00,30.7
25-07-2023 12:30:00,30.7
25-07-2023 13:00:00,18.4
25-07-2023 13:30:00,18.4
25-07-2023 14:00:00,18.4
25-07-2023 14:30:00,18.4
25-07-2023 15:00:00,18.4
25-07-2023 15:30:00,18.4
25-07-2023 16:00:00,49.2
25-07-2023 16:30:00,49.2
25-07-2023 17:00:00,49.2
25-07-2023 17:30:00,49.2
25-07-2023 18:00:00,49.2
25-07-2023 18:30:00,49.2
25-07-2023 19:00:00,30.7
25-07-2023 19:30:00,30.7
25-07-2023 20:00:00,30.7
25-07-2023 20:30:00,30.7
25-07-2023 21:00:00,30.7
25-07-2023 21:30:00,30.7
25-07-2023 22:00:00,30.7
25-07-2023 22:30:00,30.7
25-07-2023 23:00:00,30.7
25-07-2023 23:30:00,30.7
26-07-2023 00:00:00,30.7
26-07-2023 00:30:00,30.7
26-07-2023 01:00:00,30.7
26-07-2023 01:30:00,30.7
26-07-2023 02:00:00,30.7
26-07-2023 02:30:00,30.7
26-07-2023 03:00:00,30.7
26-07-2023 03:30:00,30.7
26-07-2023 04:00:00,18.4
26-07-2023 04:30:00,18.4
26-07-2023 05:00:00,18.4
26-07-2023 05:30:00,18.4
26-07-2023 06:00:00,18.4
26-07-2023 06:30:00,18.4
26-07-2023 07:00:00,30.7
26-07-2023 07:30:00,30.7
26-07-2023 08:00:00,30.7
26-07-2023 08:30:00,30.7
26-07-2023 09:00:00,30.7
26-07-2023 09:30:00,30.7
26-07-2023 10:00:00,30.7
26-07-2023 10:30:00,30.7
26-07-2023 11:00:00,30.7
26-07-2023 11:30:00,30.7
26-07-2023 12:00:00,30.7
26-07-2023 12:30:00,30.7
26-07-2023 13:00:00,18.4
26-07-2023 13:30:00,18.4
26-07-2023 14:00:00,18.4
26-07-2023 14:30:00,18.4
26-07-2023 15:00:00,18.4
26-07-2023 15:30:00,18.4
26-07-2023 16:00:00,49.2
26-07-2023 16:30:00,49.2
26-07-2023 17:00:00,49.2
26-07-2023 17:30:00,49.2
26-07-2023 18:00:00,49.2
26-07-2023 18:30:00,49.2
26-07-2023 19:00:00,30.7
26-07-2023 19:30:00,30.7
26-07-2023 20:00:00,30.7
26-07-2023 20:30:00,30.7
26-07-2023 21:00:00,30.7
26-07-2023 21:30:00,30.7
26-07-2023 22:00:00,30.7
26-07-2023 22:30:00,30.7
26-07-2023 23:00:00,30.7
26-07-2023 23:30:00,30.7
27-07-2023 00:00:00,30.7
27-07-2023 00:30:00,30.7
27-07-2023 01:00:00,30.7
27-07-2023 01:30:00,30.7
27-07-2023 02:00:00,30.7
27-07-2023 02:30:00,30.7
27-07-2023 03:00:00,30.7
27-07-2023 03:30:00,30.7
27-07-2023 04:00:00,18.4
27-07-2023 04:30:00,18.4
27-07-2023 05:00:00,18.4
27-07-2023 05:30:00,18.4
27-07-2023 06:00:00,18.4
27-07-2023 06:30:00,18.4
27-07-2023 07:00:00,30.7
27-07-2023 07:30:00,30.7
27-07-2023 08:00:00,30.7
27-07-2023 08:30:00,30.7
27-07-2023 09:00:00,30.7
27-07-2023 09:30:00,30.7
27-07-2023 10:00:00,30.7
27-07-2023 10:30:00,30.7
27-07-2023 11:00:00,30.7
27-07-2023 11:30:00,30.7
27-07-2023 12:00:00,30.7
27-07-2023 12:30:00,30.7
27-07-2023 13:00:00,18.4
27-07-2023 13:30:00,18.4
27-07-2023 14:00:00,18.4
27-07-2023 14:30:00,18.4
27-07-2023 15:00:00,18.4
27-07-2023 15:30:00,18.4
27-07-2023 16:00:00,49.2
27-07-2023 16:30:00,49.2
27-07-2023 17:00:00,49.2
27-07-2023 17:30:00,49.2
27-07-2023 18:00:00,49.2
27-07-2023 18:30:00,49.2
27-07-2023 19:00:00,30.7
27-07-2023 19:30:00,30.7
27-07-2023 20:00:00,30.7
27-07-2023 20:30:00,30.7
27-07-2023 21:00:00,30.7
27-07-2023 21:30:00,30.7
27-07-2023 22:00:00,30.7
27-07-2023 22:30:00,30.7
27-07-2023 23:00:00,30.7
27-07-2023 23:30:00,30.7
28-07-2023 00:00:00,30.7
28-07-2023 00:30:00,30.7
28-07-2023 01:00:00,30.7
28-07-2023 01:30:00,30.7
28-07-2023 02:00:00,30.7
28-07-2023 02:30:00,30.7
28-07-2023 03:00:00,30.7
28-07-2023 03:30:00,30.7
28-07-2023 04:00:00,18.4
28-07-2023 04:30:00,18.4
28-07-2023 05:00:00,18.4
28-07-2023 05:30:00,18.4
28-07-2023 06:00:00,18.4
28-07-2023 06:30:00,18.4
28-07-2023 07:00:00,30.7
28-07-2023 07:30:00,30.7
28-07-2023 08:00:00,30.7
28-07-2023 08:30:00,30.7
28-07-2023 09:00:00,30.7
28-07-2023 09:30:00,30.7
28-07-2023 10:00:00,30.7
28-07-2023 10:30:00,30.7
28-07-2023 11:00:00,30.7
28-07-2023 11:30:00,30.7
28-07-2023 12:00:00,30.7
28-07-2023 12:30:00,30.7
28-07-2023 13:00:00,18.4
28-07-2023 13:30:00,18.4
28-07-2023 14:00:00,18.4
28-07-2023 14:30:00,18.4
28-07-2023 15:00:00,18.4
28-07-2023 15:30:00,18.4
28-07-2023 16:00:00,49.2
28-07-2023 16:30:00,49.2
28-07-2023 17:00:00,49.2
28-07-2023 17:30:00,49.2
28-07-2023 18:00:00,49.2
28-07-2023 18:30:00,49.2
28-07-2023 19:00:00,30.7
28-07-2023 19:30:00,30.7
28-07-2023 20:00:00,30.7
28-07-2023 20:30:00,30.7
28-07-2023 21:00:00,30.7
28-07-2023 21:30:00,30.7
28-07-2023 22:00:00,30.7
28-07-2023 22:30:00,30.7
28-07-2023 23:00:00,30.7
28-07-2023 23:30:00,30.7
29-07-2023 00:00:00,30.7
29-07-2023 00:30:00,30.7
29-07-2023 01:00:00,30.7
29-07-2023 01:30:00,30.7
29-07-2023 02:00:00,30.7
29-07-2023 02:30:00,30.7
29-07-2023 03:00:00,30.7
29-07-2023 03:30:00,30.7
29-07-2023 04:00:00,18.4
29-07-2023 04:30:00,18.4
29-07-2023 05:00:00,18.4
29-07-2023 05:30:00,18.4
29-07-2023 06:00:00,18.4
29-07-2023 06:30:00,18.4
29-07-2023 07:00:00,30.7
29-07-2023 07:30:00,30.7
29-07-2023 08:00:00,30.7
29-07-2023 08:30:00,30.7
29-07-2023 09:00:00,30.7
29-07-2023 09:30:00,30.7
29-07-2023 10:00:00,30.7
29-07-2023 10:30:00,30.7
29-07-2023 11:00:00,30.7
29-07-2023 11:30:00,30.7
29-07-2023 12:00:00,30.7
29-07-2023 12:30:00,30.7
29-07-2023 13:00:00,18.4
29-07-2023 13:30:00,18.4
29-07-2023 14:00:00,18.4
29-07-2023 14:30:00,18.4
29-07-2023 15:00:00,18.4
29-07-2023 15:30:00,18.4
29-07-2023 16:00:00,49.2
29-07-2023 16:30:00,49.2
29-07-2023 17:00:00,49.2
29-07-2023 17:30:00,49.2
29-07-2023 18:00:00,49.2
29-07-2023 18:30:00,49.2
29-07-2023 19:00:00,30.7
29-07-2023 19:30:00,30.7
29-07-2023 20:00:00,30.7
29-07-2023 20:30:00,30.7
29-07-2023 21:00:00,30.7
29-07-2023 21:30:00,30.7
29-07-2023 22:00:00,30.7
29-07-2023 22:30:00,30.7
29-07-2023 23:00:00,30.7
29-07-2023 23:30:00,30.7
30-07-2023 00:00:00,30.7
30-07-2023 00:30:00,30.7
30-07-2023 01:00:00,30.7
30-07-2023 01:30:00,30.7
30-07-2023 02:00:00,30.7
30-07-2023 02:30:00,30.7
30-07-2023 03:00:00,30.7
30-07-2023 03:30:00,30.7
30-07-2023 04:00:00,18.4
30-07-2023 04:30:00,18.4
30-07-2023 05:00:00,18.4
30-07-2023 05:30:00,18.4
30-07-2023 06:00:00,18.4
30-07-2023 06:30:00,18.4
30-07-2023 07:00:00,30.7
30-07-2023 07:30:00,30.7
30-07-2023 08:00:00,30.7
30-07-2023 08:30:00,30.7
30-07-2023 09:00:00,30.7
30-07-2023 09:30:00,30.7
30-07-2023 10:00:00,30.7
30-07-2023 10:30:00,30.7
30-07-2023 11:00:00,30.7
30-07-2023 11:30:00,30.7
30-07-2023 12:00:00,30.7
30-07-2023 12:30:00,30.7
30-07-2023 13:00:00,18.4
30-07-2023 13:30:00,18.4
30-07-2023 14:00:00,18.4
30-07-2023 14:30:00,18.4
30-07-2023 15:00:00,18.4
30-07-2023 15:30:00,18.4
30-07-2023 16:00:00,49.2
30-07-2023 16:30:00,49.2
30-07-2023 17:00:00,49.2
30-07-2023 17:30:00,49.2
30-07-2023 18:00:00,49.2
30-07-2023 18:30:00,49.2
30-07-2023 19:00:00,30.7
30-07-2023 19:30:00,30.7
30-07-2023 20:00:00,30.7
30-07-2023 20:30:00,30.7
30-07-2023 21:00:00,30.7
30-07-2023 21:30:00,30.7
30-07-2023 22:00:00,30.7
30-07-2023 22:30:00,30.7
30-07-2023 23:00:00,30.7
30-07-2023 23:30:00,30.7
31-07-2023 00:00:00,30.7
31-07-2023 00:30:00,30.7
31-07-2023 01:00:00,30.7
31-07-2023 01:30:00,30.7
31-07-2023 02:00:00,30.7
31-07-2023 02:30:00,30.7
31-07-2023 03:00:00,30.7
31-07-2023 03:30:00,30.7
31-07-2023 04:00:00,18.4
31-07-2023 04:30:00,18.4
31-07-2023 05:00:00,18.4
31-07-2023 05:30:00,18.4
31-07-2023 06:00:00,18.4
31-07-2023 06:30:00,18.4
31-07-2023 07:00:00,30.7
31-07-2023 07:30:00,30.7
31-07-2023 08:00:00,30.7
31-07-2023 08:30:00,30.7
31-07-2023 09:00:00,30.7
31-07-2023 09:30:00,30.7
31-07-2023 10:00:00,30.7
31-07-2023 10:30:00,30.7
31-07-2023 11:00:00,30.7
31-07-2023 11:30:00,30.7
31-07-2023 12:00:00,30.7
31-07-2023 12:30:00,30.7
31-07-2023 13:00:00,18.4
31-07-2023 13:30:00,18.4
31-07-2023 14:00:00,18.4
31-07-2023 14:30:00,18.4
31-07-2023 15:00:00,18.4
31-07-2023 15:30:00,18.4
31-07-2023 16:00:00,49.2
31-07-2023 16:30:00,49.2
31-07-2023 17:00:00,49.2
31-07-2023 17:30:00,49.2
31-07-2023 18:00:00,49.2
31-07-2023 18:30:00,49.2
31-07-2023 19:00:00,30.7
31-07-2023 19:30:00,30.7
31-07-2023 20:00:00,30.7
31-07-2023 20:30:00,30.7
31-07-2023 21:00:00,30.7
31-07-2023 21:30:00,30.7
31-07-2023 22:00:00,30.7
31-07-2023 22:30:00,30.7
31-07-2023 23:00:00,30.7
31-07-2023 23:30:00,30.7
01-08-2023 00:00:00,30.7
01-08-2023 00:30:00,30.7
01-08-2023 01:00:00,30.7
01-08-2023 01:30:00,30.7
01-08-2023 02:00:00,30.7
01-08-2023 02:30:00,30.7
01-08-2023 03:00:00,30.7
01-08-2023 03:30:00,30.7
01-08-2023 04:00:00,18.4
01-08-2023 04:30:00,18.4
01-08-2023 05:00:00,18.4
01-08-2023 05:30:00,18.4
01-08-2023 06:00:00,18.4
01-08-2023 06:30:00,18.4
01-08-2023 07:00:00,30.7
01-08-2023 07:30:00,30.7
01-08-2023 08:00:00,30.7
01-08-2023 08:30:00,30.7
01-08-2023 09:00:00,30.7
01-08-2023 09:30:00,30.7
01-08-2023 10:00:00,30.7
01-08-2023 10:30:00,30.7
01-08-2023 11:00:00,30.7
01-08-2023 11:30:00,30.7
01-08-2023 12:00:00,30.7
01-08-2023 12:30:00,30.7
01-08-2023 13:00:00,18.4
01-08-2023 13:30:00,18.4
01-08-2023 14:00:00,18.4
01-08-2023 14:30:00,18.4
01-08-2023 15:00:00,18.4
01-08-2023 15:30:00,18.4
01-08-2023 16:00:00,49.2
01-08-2023 16:30:00,49.2
01-08-2023 17:00:00,49.2
01-08-2023 17:30:00,49.2
01-08-2023 18:00:00,49.2
01-08-2023 18:30:00,49.2
01-08-2023 19:00:00,30.7
01-08-2023 19:30:00,30.7
01-08-2023 20:00:00,30.7
01-08-2023 20:30:00,30.7
01-08-2023 21:00:00,30.7
01-08-2023 21:30:00,30.7
01-08-2023 22:00:00,30.7
01-08-2023 22:30:00,30.7
01-08-2023 23:00:00,30.7
01-08-2023 23:30:00,30.7
02-08-2023 00:00:00,30.7
02-08-2023 00:30:00,30.7
02-08-2023 01:00:00,30.7
02-08-2023 01:30:00,30.7
02-08-2023 02:00:00,30.7
02-08-2023 02:30:00,30.7
02-08-2023 03:00:00,30.7
02-08-2023 03:30:00,30.7
02-08-2023 04:00:00,18.4
02-08-2023 04:30:00,18.4
02-08-2023 05:00:00,18.4
02-08-2023 05:30:00,18.4
02-08-2023 06:00:00,18.4
02-08-2023 06:30:00,18.4
02-08-2023 07:00:00,30.7
02-08-2023 07:30:00,30.7
02-08-2023 08:00:00,30.7
02-08-2023 08:30:00,30.7
02-08-2023 09:00:00,30.7
02-08-2023 09:30:00,30.7
02-08-2023 10:00:00,30.7
02-08-2023 10:30:00,30.7
02-08-2023 11:00:00,30.7
02-08-2023 11:30:00,30.7
02-08-2023 12:00:00,30.7
02-08-2023 12:30:00,30.7
02-08-2023 13:00:00,18.4
02-08-2023 13:30:00,18.4
02-08-2023 14:00:00,18.4
02-08-2023 14:30:00,18.4
02-08-2023 15:00:00,18.4
02-08-2023 15:30:00,18.4
02-08-2023 16:00:00,49.2
02-08-2023 16:30:00,49.2
02-08-2023 17:00:00,49.2
02-08-2023 17:30:00,49.2
02-08-2023 18:00:00,49.2
02-08-2023 18:30:00,49.2
02-08-2023 19:00:00,30.7
02-08-2023 19:30:00,30.7
02-08-2023 20:00:00,30.7
02-08-2023 20:30:00,30.7
02-08-2023 21:00:00,30.7
02-08-2023 21:30:00,30.7
02-08-2023 22:00:00,30.7
02-08-2023 22:30:00,30.7
02-08-2023 23:00:00,30.7
02-08-2023 23:30:00,30.7
03-08-2023 00:00:00,30.7
03-08-2023 00:30:00,30.7
03-08-2023 01:00:00,30.7
03-08-2023 01:30:00,30.7
03-08-2023 02:00:00,30.7
03-08-2023 02:30:00,30.7
03-08-2023 03:00:00,30.7
03-08-2023 03:30:00,30.7
03-08-2023 04:00:00,18.4
03-08-2023 04:30:00,18.4
03-08-2023 05:00:00,18.4
03-08-2023 05:30:00,18.4
03-08-2023 06:00:00,18.4
03-08-2023 06:30:00,18.4
03-08-2023 07:00:00,30.7
03-08-2023 07:30:00,30.7
03-08-2023 08:00:00,30.7
03-08-2023 08:30:00,30.7
03-08-2023 09:00:00,30.7
03-08-2023 09:30:00,30.7
03-08-2023 10:00:00,30.7
03-08-2023 10:30:00,30.7
03-08-2023 11:00:00,30.7
03-08-2023 11:30:00,30.7
03-08-2023 12:00:00,30.7
03-08-2023 12:30:00,30.7
03-08-2023 13:00:00,18.4
03-08-2023 13:30:00,18.4
03-08-2023 14:00:00,18.4
03-08-2023 14:30:00,18.4
03-08-2023 15:00:00,18.4
03-08-2023 15:30:00,18.4
03-08-2023 16:00:00,49.2
03-08-2023 16:30:00,49.2
03-08-2023 17:00:00,49.2
03-08-2023 17:30:00,49.2
03-08-2023 18:00:00,49.2
03-08-2023 18:30:00,49.2
03-08-2023 19:00:00,30.7
03-08-2023 19:30:00,30.7
03-08-2023 20:00:00,30.7
03-08-2023 20:30:00,30.7
03-08-2023 21:00:00,30.7
03-08-2023 21:30:00,30.7
03-08-2023 22:00:00,30.7
03-08-2023 22:30:00,30.7
03-08-2023 23:00:00,30.7
03-08-2023 23:30:00,30.7
04-08-2023 00:00:00,30.7
04-08-2023 00:30:00,30.7
04-08-2023 01:00:00,30.7
04-08-2023 01:30:00,30.7
04-08-2023 02:00:00,30.7
04-08-2023 02:30:00,30.7
04-08-2023 03:00:00,30.7
04-08-2023 03:30:00,30.7
04-08-2023 04:00:00,18.4
04-08-2023 04:30:00,18.4
04-08-2023 05:00:00,18.4
04-08-2023 05:30:00,18.4
04-08-2023 06:00:00,18.4
04-08-2023 06:30:00,18.4
04-08-2023 07:00:00,30.7
04-08-2023 07:30:00,30.7
04-08-2023 08:00:00,30.7
04-08-2023 08:30:00,30.7
04-08-2023 09:00:00,30.7
04-08-2023 09:30:00,30.7
04-08-2023 10:00:00,30.7
04-08-2023 10:30:00,30.7
04-08-2023 11:00:00,30.7
04-08-2023 11:30:00,30.7
04-08-2023 12:00:00,30.7
04-08-2023 12:30:00,30.7
04-08-2023 13:00:00,18.4
04-08-2023 13:30:00,18.4
04-08-2023 14:00:00,18.4
04-08-2023 14:30:00,18.4
04-08-2023 15:00:00,18.4
04-08-2023 15:30:00,18.4
04-08-2023 16:00:00,49.2
04-08-2023 16:30:00,49.2
04-08-2023 17:00:00,49.2
04-08-2023 17:30:00,49.2
04-08-2023 18:00:00,49.2
04-08-2023 18:30:00,49.2
04-08-2023 19:00:00,30.7
04-08-2023 19:30:00,30.7
04-08-2023 20:00:00,30.7
04-08-2023 20:30:00,30.7
04-08-2023 21:00:00,30.7
04-08-2023 21:30:00,30.7
04-08-2023 22:00:00,30.7
04-08-2023 22:30:00,30.7
04-08-2023 23:00:00,30.7
04-08-2023 23:30:00,30.7
05-08-2023 00:00:00,30.7
05-08-2023 00:30:00,30.7
05-08-2023 01:00:00,30.7
05-08-2023 01:30:00,30.7
05-08-2023 02:00:00,30.7
05-08-2023 02:30:00,30.7
05-08-2023 03:00:00,30.7
05-08-2023 03:30:00,30.7
05-08-2023 04:00:00,18.4
05-08-2023 04:30:00,18.4
05-08-2023 05:00:00,18.4
05-08-2023 05:30:00,18.4
05-08-2023 06:00:00,18.4
05-08-2023 06:30:00,18.4
05-08-2023 07:00:00,30.7
05-08-2023 07:30:00,30.7
05-08-2023 08:00:00,30.7
05-08-2023 08:30:00,30.7
05-08-2023 09:00:00,30.7
05-08-2023 09:30:00,30.7
05-08-2023 10:00:00,30.7
05-08-2023 10:30:00,30.7
05-08-2023 11:00:00,30.7
05-08-2023 11:30:00,30.7
05-08-2023 12:00:00,30.7
05-08-2023 12:30:00,30.7
05-08-2023 13:00:00,18.4
05-08-2023 13:30:00,18.4
05-08-2023 14:00:00,18.4
05-08-2023 14:30:00,18.4
05-08-2023 15:00:00,18.4
05-08-2023 15:30:00,18.4
05-08-2023 16:00:00,49.2
05-08-2023 16:30:00,49.2
05-08-2023 17:00:00,49.2
05-08-2023 17:30:00,49.2
05-08-2023 18:00:00,49.2
05-08-2023 18:30:00,49.2
05-08-2023 19:00:00,30.7
05-08-2023 19:30:00,30.7
05-08-2023 20:00:00,30.7
05-08-2023 20:30:00,30.7
05-08-2023 21:00:00,30.7
05-08-2023 21:30:00,30.7
05-08-2023 22:00:00,30.7
05-08-2023 22:30:00,30.7
05-08-2023 23:00:00,30.7
05-08-2023 23:30:00,30.7
06-08-2023 00:00:00,30.7
06-08-2023 00:30:00,30.7
06-08-2023 01:00:00,30.7
06-08-2023 01:30:00,30.7
06-08-2023 02:00:00,30.7
06-08-2023 02:30:00,30.7
06-08-2023 03:00:00,30.7
06-08-2023 03:30:00,30.7
06-08-2023 04:00:00,18.4
06-08-2023 04:30:00,18.4
06-08-2023 05:00:00,18.4
06-08-2023 05:30:00,18.4
06-08-2023 06:00:00,18.4
06-08-2023 06:30:00,18.4
06-08-2023 07:00:00,30.7
06-08-2023 07:30:00,30.7
06-08-2023 08:00:00,30.7
06-08-2023 08:30:00,30.7
06-08-2023 09:00:00,30.7
06-08-2023 09:30:00,30.7
06-08-2023 10:00:00,30.7
06-08-2023 10:30:00,30.7
06-08-2023 11:00:00,30.7
06-08-2023 11:30:00,30.7
06-08-2023 12:00:00,30.7
06-08-2023 12:30:00,30.7
06-08-2023 13:00:00,18.4
06-08-2023 13:30:00,18.4
06-08-2023 14:00:00,18.4
06-08-2023 14:30:00,18.4
06-08-2023 15:00:00,18.4
06-08-2023 15:30:00,18.4
06-08-2023 16:00:00,49.2
06-08-2023 16:30:00,49.2
06-08-2023 17:00:00,49.2
06-08-2023 17:30:00,49.2
06-08-2023 18:00:00,49.2
06-08-2023 18:30:00,49.2
06-08-2023 19:00:00,30.7
06-08-2023 19:30:00,30.7
06-08-2023 20:00:00,30.7
06-08-2023 20:30:00,30.7
06-08-2023 21:00:00,30.7
06-08-2023 21:30:00,30.7
06-08-2023 22:00:00,30.7
06-08-2023 22:30:00,30.7
06-08-2023 23:00:00,30.7
06-08-2023 23:30:00,30.7
07-08-2023 00:00:00,30.7
07-08-2023 00:30:00,30.7
07-08-2023 01:00:00,30.7
07-08-2023 01:30:00,30.7
07-08-2023 02:00:00,30.7
07-08-2023 02:30:00,30.7
07-08-2023 03:00:00,30.7
07-08-2023 03:30:00,30.7
07-08-2023 04:00:00,18.4
07-08-2023 04:30:00,18.4
07-08-2023 05:00:00,18.4
07-08-2023 05:30:00,18.4
07-08-2023 06:00:00,18.4
07-08-2023 06:30:00,18.4
07-08-2023 07:00:00,30.7
07-08-2023 07:30:00,30.7
07-08-2023 08:00:00,30.7
07-08-2023 08:30:00,30.7
07-08-2023 09:00:00,30.7
07-08-2023 09:30:00,30.7
07-08-2023 10:00:00,30.7
07-08-2023 10:30:00,30.7
07-08-2023 11:00:00,30.7
07-08-2023 11:30:00,30.7
07-08-2023 12:00:00,30.7
07-08-2023 12:30:00,30.7
07-08-2023 13:00:00,18.4
07-08-2023 13:30:00,18.4
07-08-2023 14:00:00,18.4
07-08-2023 14:30:00,18.4
07-08-2023 15:00:00,18.4
07-08-2023 15:30:00,18.4
07-08-2023 16:00:00,49.2
07-08-2023 16:30:00,49.2
07-08-2023 17:00:00,49.2
07-08-2023 17:30:00,49.2
07-08-2023 18:00:00,49.2
07-08-2023 18:30:00,49.2
07-08-2023 19:00:00,30.7
07-08-2023 19:30:00,30.7
07-08-2023 20:00:00,30.7
07-08-2023 20:30:00,30.7
07-08-2023 21:00:00,30.7
07-08-2023 21:30:00,30.7
07-08-2023 22:00:00,30.7
07-08-2023 22:30:00,30.7
07-08-2023 23:00:00,30.7
07-08-2023 23:30:00,30.7
08-08-2023 00:00:00,30.7
08-08-2023 00:30:00,30.7
08-08-2023 01:00:00,30.7
08-08-2023 01:30:00,30.7
08-08-2023 02:00:00,30.7
08-08-2023 02:30:00,30.7
08-08-2023 03:00:00,30.7
08-08-2023 03:30:00,30.7
08-08-2023 04:00:00,18.4
08-08-2023 04:30:00,18.4
08-08-2023 05:00:00,18.4
08-08-2023 05:30:00,18.4
08-08-2023 06:00:00,18.4
08-08-2023 06:30:00,18.4
08-08-2023 07:00:00,30.7
08-08-2023 07:30:00,30.7
08-08-2023 08:00:00,30.7
08-08-2023 08:30:00,30.7
08-08-2023 09:00:00,30.7
08-08-2023 09:30:00,30.7
08-08-2023 10:00:00,30.7
08-08-2023 10:30:00,30.7
08-08-2023 11:00:00,30.7
08-08-2023 11:30:00,30.7
08-08-2023 12:00:00,30.7
08-08-2023 12:30:00,30.7
08-08-2023 13:00:00,18.4
08-08-2023 13:30:00,18.4
08-08-2023 14:00:00,18.4
08-08-2023 14:30:00,18.4
08-08-2023 15:00:00,18.4
08-08-2023 15:30:00,18.4
08-08-2023 16:00:00,49.2
08-08-2023 16:30:00,49.2
08-08-2023 17:00:00,49.2
08-08-2023 17:30:00,49.2
08-08-2023 18:00:00,49.2
08-08-2023 18:30:00,49.2
08-08-2023 19:00:00,30.7
08-08-2023 19:30:00,30.7
08-08-2023 20:00:00,30.7
08-08-2023 20:30:00,30.7
08-08-2023 21:00:00,30.7
08-08-2023 21:30:00,30.7
08-08-2023 22:00:00,30.7
08-08-2023 22:30:00,30.7
08-08-2023 23:00:00,30.7
08-08-2023 23:30:00,30.7
09-08-2023 00:00:00,30.7
09-08-2023 00:30:00,30.7
09-08-2023 01:00:00,30.7
09-08-2023 01:30:00,30.7
09-08-2023 02:00:00,30.7
09-08-2023 02:30:00,30.7
09-08-2023 03:00:00,30.7
09-08-2023 03:30:00,30.7
09-08-2023 04:00:00,18.4
09-08-2023 04:30:00,18.4
09-08-2023 05:00:00,18.4
09-08-2023 05:30:00,18.4
09-08-2023 06:00:00,18.4
09-08-2023 06:30:00,18.4
09-08-2023 07:00:00,30.7
09-08-2023 07:30:00,30.7
09-08-2023 08:00:00,30.7
09-08-2023 08:30:00,30.7
09-08-2023 09:00:00,30.7
09-08-2023 09:30:00,30.7
09-08-2023 10:00:00,30.7
09-08-2023 10:30:00,30.7
09-08-2023 11:00:00,30.7
09-08-2023 11:30:00,30.7
09-08-2023 12:00:00,30.7
09-08-2023 12:30:00,30.7
09-08-2023 13:00:00,18.4
09-08-2023 13:30:00,18.4
09-08-2023 14:00:00,18.4
09-08-2023 14:30:00,18.4
09-08-2023 15:00:00,18.4
09-08-2023 15:30:00,18.4
09-08-2023 16:00:00,49.2
09-08-2023 16:30:00,49.2
09-08-2023 17:00:00,49.2
09-08-2023 17:30:00,49.2
09-08-2023 18:00:00,49.2
09-08-2023 18:30:00,49.2
09-08-2023 19:00:00,30.7
09-08-2023 19:30:00,30.7
09-08-2023 20:00:00,30.7
09-08-2023 20:30:00,30.7
09-08-2023 21:00:00,30.7
09-08-2023 21:30:00,30.7
09-08-2023 22:00:00,30.7
09-08-2023 22:30:00,30.7
09-08-2023 23:00:00,30.7
09-08-2023 23:30:00,30.7
10-08-2023 00:00:00,30.7
10-08-2023 00:30:00,30.7
10-08-2023 01:00:00,30.7
10-08-2023 01:30:00,30.7
10-08-2023 02:00:00,30.7
10-08-2023 02:30:00,30.7
10-08-2023 03:00:00,30.7
10-08-2023 03:30:00,30.7
10-08-2023 04:00:00,18.4
10-08-2023 04:30:00,18.4
10-08-2023 05:00:00,18.4
10-08-2023 05:30:00,18.4
10-08-2023 06:00:00,18.4
10-08-2023 06:30:00,18.4
10-08-2023 07:00:00,30.7
10-08-2023 07:30:00,30.7
10-08-2023 08:00:00,30.7
10-08-2023 08:30:00,30.7
10-08-2023 09:00:00,30.7
10-08-2023 09:30:00,30.7
10-08-2023 10:00:00,30.7
10-08-2023 10:30:00,30.7
10-08-2023 11:00:00,30.7
10-08-2023 11:30:00,30.7
10-08-2023 12:00:00,30.7
10-08-2023 12:30:00,30.7
10-08-2023 13:00:00,18.4
10-08-2023 13:30:00,18.4
10-08-2023 14:00:00,18.4
10-08-2023 14:30:00,18.4
10-08-2023 15:00:00,18.4
10-08-2023 15:30:00,18.4
10-08-2023 16:00:00,49.2
10-08-2023 16:30:00,49.2
10-08-2023 17:00:00,49.2
10-08-2023 17:30:00,49.2
10-08-2023 18:00:00,49.2
10-08-2023 18:30:00,49.2
10-08-2023 19:00:00,30.7
10-08-2023 19:30:00,30.7
10-08-2023 20:00:00,30.7
10-08-2023 20:30:00,30.7
10-08-2023 21:00:00,30.7
10-08-2023 21:30:00,30.7
10-08-2023 22:00:00,30.7
10-08-2023 22:30:00,30.7
10-08-2023 23:00:00,30.7
10-08-2023 23:30:00,30.7
11-08-2023 00:00:00,30.7
11-08-2023 00:30:00,30.7
11-08-2023 01:00:00,30.7
11-08-2023 01:30:00,30.7
11-08-2023 02:00:00,30.7
11-08-2023 02:30:00,30.7
11-08-2023 03:00:00,30.7
11-08-2023 03:30:00,30.7
11-08-2023 04:00:00,18.4
11-08-2023 04:30:00,18.4
11-08-2023 05:00:00,18.4
11-08-2023 05:30:00,18.4
11-08-2023 06:00:00,18.4
11-08-2023 06:30:00,18.4
11-08-2023 07:00:00,30.7
11-08-2023 07:30:00,30.7
11-08-2023 08:00:00,30.7
11-08-2023 08:30:00,30.7
11-08-2023 09:00:00,30.7
11-08-2023 09:30:00,30.7
11-08-2023 10:00:00,30.7
11-08-2023 10:30:00,30.7
11-08-2023 11:00:00,30.7
11-08-2023 11:30:00,30.7
11-08-2023 12:00:00,30.7
11-08-2023 12:30:00,30.7
11-08-2023 13:00:00,18.4
11-08-2023 13:30:00,18.4
11-08-2023 14:00:00,18.4
11-08-2023 14:30:00,18.4
11-08-2023 15:00:00,18.4
11-08-2023 15:30:00,18.4
11-08-2023 16:00:00,49.2
11-08-2023 16:30:00,49.2
11-08-2023 17:00:00,49.2
11-08-2023 17:30:00,49.2
11-08-2023 18:00:00,49.2
11-08-2023 18:30:00,49.2
11-08-2023 19:00:00,30.7
11-08-2023 19:30:00,30.7
11-08-2023 20:00:00,30.7
11-08-2023 20:30:00,30.7
11-08-2023 21:00:00,30.7
11-08-2023 21:30:00,30.7
11-08-2023 22:00:00,30.7
11-08-2023 22:30:00,30.7
11-08-2023 23:00:00,30.7
11-08-2023 23:30:00,30.7
12-08-2023 00:00:00,30.7
12-08-2023 00:30:00,30.7
12-08-2023 01:00:00,30.7
12-08-2023 01:30:00,30.7
12-08-2023 02:00:00,30.7
12-08-2023 02:30:00,30.7
12-08-2023 03:00:00,30.7
12-08-2023 03:30:00,30.7
12-08-2023 04:00:00,18.4
12-08-2023 04:30:00,18.4
12-08-2023 05:00:00,18.4
12-08-2023 05:30:00,18.4
12-08-2023 06:00:00,18.4
12-08-2023 06:30:00,18.4
12-08-2023 07:00:00,30.7
12-08-2023 07:30:00,30.7
12-08-2023 08:00:00,30.7
12-08-2023 08:30:00,30.7
12-08-2023 09:00:00,30.7
12-08-2023 09:30:00,30.7
12-08-2023 10:00:00,30.7
12-08-2023 10:30:00,30.7
12-08-2023 11:00:00,30.7
12-08-2023 11:30:00,30.7
12-08-2023 12:00:00,30.7
12-08-2023 12:30:00,30.7
12-08-2023 13:00:00,18.4
12-08-2023 13:30:00,18.4
12-08-2023 14:00:00,18.4
12-08-2023 14:30:00,18.4
12-08-2023 15:00:00,18.4
12-08-2023 15:30:00,18.4
12-08-2023 16:00:00,49.2
12-08-2023 16:30:00,49.2
12-08-2023 17:00:00,49.2
12-08-2023 17:30:00,49.2
12-08-2023 18:00:00,49.2
12-08-2023 18:30:00,49.2
12-08-2023 19:00:00,30.7
12-08-2023 19:30:00,30.7
12-08-2023 20:00:00,30.7
12-08-2023 20:30:00,30.7
12-08-2023 21:00:00,30.7
12-08-2023 21:30:00,30.7
12-08-2023 22:00:00,30.7
12-08-2023 22:30:00,30.7
12-08-2023 23:00:00,30.7
12-08-2023 23:30:00,30.7
13-08-2023 00:00:00,30.7
13-08-2023 00:30:00,30.7
13-08-2023 01:00:00,30.7
13-08-2023 01:30:00,30.7
13-08-2023 02:00:00,30.7
13-08-2023 02:30:00,30.7
13-08-2023 03:00:00,30.7
13-08-2023 03:30:00,30.7
13-08-2023 04:00:00,18.4
13-08-2023 04:30:00,18.4
13-08-2023 05:00:00,18.4
13-08-2023 05:30:00,18.4
13-08-2023 06:00:00,18.4
13-08-2023 06:30:00,18.4
13-08-2023 07:00:00,30.7
13-08-2023 07:30:00,30.7
13-08-2023 08:00:00,30.7
13-08-2023 08:30:00,30.7
13-08-2023 09:00:00,30.7
13-08-2023 09:30:00,30.7
13-08-2023 10:00:00,30.7
13-08-2023 10:30:00,30.7
13-08-2023 11:00:00,30.7
13-08-2023 11:30:00,30.7
13-08-2023 12:00:00,30.7
13-08-2023 12:30:00,30.7
13-08-2023 13:00:00,18.4
13-08-2023 13:30:00,18.4
13-08-2023 14:00:00,18.4
13-08-2023 14:30:00,18.4
13-08-2023 15:00:00,18.4
13-08-2023 15:30:00,18.4
13-08-2023 16:00:00,49.2
13-08-2023 16:30:00,49.2
13-08-2023 17:00:00,49.2
13-08-2023 17:30:00,49.2
13-08-2023 18:00:00,49.2
13-08-2023 18:30:00,49.2
13-08-2023 19:00:00,30.7
13-08-2023 19:30:00,30.7
13-08-2023 20:00:00,30.7
13-08-2023 20:30:00,30.7
13-08-2023 21:00:00,30.7
13-08-2023 21:30:00,30.7
13-08-2023 22:00:00,30.7
13-08-2023 22:30:00,30.7
13-08-2023 23:00:00,30.7
13-08-2023 23:30:00,30.7
14-08-2023 00:00:00,30.7
14-08-2023 00:30:00,30.7
14-08-2023 01:00:00,30.7
14-08-2023 01:30:00,30.7
14-08-2023 02:00:00,30.7
14-08-2023 02:30:00,30.7
14-08-2023 03:00:00,30.7
14-08-2023 03:30:00,30.7
14-08-2023 04:00:00,18.4
14-08-2023 04:30:00,18.4
14-08-2023 05:00:00,18.4
14-08-2023 05:30:00,18.4
14-08-2023 06:00:00,18.4
14-08-2023 06:30:00,18.4
14-08-2023 07:00:00,30.7
14-08-2023 07:30:00,30.7
14-08-2023 08:00:00,30.7
14-08-2023 08:30:00,30.7
14-08-2023 09:00:00,30.7
14-08-2023 09:30:00,30.7
14-08-2023 10:00:00,30.7
14-08-2023 10:30:00,30.7
14-08-2023 11:00:00,30.7
14-08-2023 11:30:00,30.7
14-08-2023 12:00:00,30.7
14-08-2023 12:30:00,30.7
14-08-2023 13:00:00,18.4
14-08-2023 13:30:00,18.4
14-08-2023 14:00:00,18.4
14-08-2023 14:30:00,18.4
14-08-2023 15:00:00,18.4
14-08-2023 15:30:00,18.4
14-08-2023 16:00:00,49.2
14-08-2023 16:30:00,49.2
14-08-2023 17:00:00,49.2
14-08-2023 17:30:00,49.2
14-08-2023 18:00:00,49.2
14-08-2023 18:30:00,49.2
14-08-2023 19:00:00,30.7
14-08-2023 19:30:00,30.7
14-08-2023 20:00:00,30.7
14-08-2023 20:30:00,30.7
14-08-2023 21:00:00,30.7
14-08-2023 21:30:00,30.7
14-08-2023 22:00:00,30.7
14-08-2023 22:30:00,30.7
14-08-2023 23:00:00,30.7
14-08-2023 23:30:00,30.7
15-08-2023 00:00:00,30.7
15-08-2023 00:30:00,30.7
15-08-2023 01:00:00,30.7
15-08-2023 01:30:00,30.7
15-08-2023 02:00:00,30.7
15-08-2023 02:30:00,30.7
15-08-2023 03:00:00,30.7
15-08-2023 03:30:00,30.7
15-08-2023 04:00:00,18.4
15-08-2023 04:30:00,18.4
15-08-2023 05:00:00,18.4
15-08-2023 05:30:00,18.4
15-08-2023 06:00:00,18.4
15-08-2023 06:30:00,18.4
15-08-2023 07:00:00,30.7
15-08-2023 07:30:00,30.7
15-08-2023 08:00:00,30.7
15-08-2023 08:30:00,30.7
15-08-2023 09:00:00,30.7
15-08-2023 09:30:00,30.7
15-08-2023 10:00:00,30.7
15-08-2023 10:30:00,30.7
15-08-2023 11:00:00,30.7
15-08-2023 11:30:00,30.7
15-08-2023 12:00:00,30.7
15-08-2023 12:30:00,30.7
15-08-2023 13:00:00,18.4
15-08-2023 13:30:00,18.4
15-08-2023 14:00:00,18.4
15-08-2023 14:30:00,18.4
15-08-2023 15:00:00,18.4
15-08-2023 15:30:00,18.4
15-08-2023 16:00:00,49.2
15-08-2023 16:30:00,49.2
15-08-2023 17:00:00,49.2
15-08-2023 17:30:00,49.2
15-08-2023 18:00:00,49.2
15-08-2023 18:30:00,49.2
15-08-2023 19:00:00,30.7
15-08-2023 19:30:00,30.7
15-08-2023 20:00:00,30.7
15-08-2023 20:30:00,30.7
15-08-2023 21:00:00,30.7
15-08-2023 21:30:00,30.7
15-08-2023 22:00:00,30.7
15-08-2023 22:30:00,30.7
15-08-2023 23:00:00,30.7
15-08-2023 23:30:00,30.7
16-08-2023 00:00:00,30.7
16-08-2023 00:30:00,30.7
16-08-2023 01:00:00,30.7
16-08-2023 01:30:00,30.7
16-08-2023 02:00:00,30.7
16-08-2023 02:30:00,30.7
16-08-2023 03:00:00,30.7
16-08-2023 03:30:00,30.7
16-08-2023 04:00:00,18.4
16-08-2023 04:30:00,18.4
16-08-2023 05:00:00,18.4
16-08-2023 05:30:00,18.4
16-08-2023 06:00:00,18.4
16-08-2023 06:30:00,18.4
16-08-2023 07:00:00,30.7
16-08-2023 07:30:00,30.7
16-08-2023 08:00:00,30.7
16-08-2023 08:30:00,30.7
16-08-2023 09:00:00,30.7
16-08-2023 09:30:00,30.7
16-08-2023 10:00:00,30.7
16-08-2023 10:30:00,30.7
16-08-2023 11:00:00,30.7
16-08-2023 11:30:00,30.7
16-08-2023 12:00:00,30.7
16-08-2023 12:30:00,30.7
16-08-2023 13:00:00,18.4
16-08-2023 13:30:00,18.4
16-08-2023 14:00:00,18.4
16-08-2023 14:30:00,18.4
16-08-2023 15:00:00,18.4
16-08-2023 15:30:00,18.4
16-08-2023 16:00:00,49.2
16-08-2023 16:30:00,49.2
16-08-2023 17:00:00,49.2
16-08-2023 17:30:00,49.2
16-08-2023 18:00:00,49.2
16-08-2023 18:30:00,49.2
16-08-2023 19:00:00,30.7
16-08-2023 19:30:00,30.7
16-08-2023 20:00:00,30.7
16-08-2023 20:30:00,30.7
16-08-2023 21:00:00,30.7
16-08-2023 21:30:00,30.7
16-08-2023 22:00:00,30.7
16-08-2023 22:30:00,30.7
16-08-2023 23:00:00,30.7
16-08-2023 23:30:00,30.7
17-08-2023 00:00:00,30.7
17-08-2023 00:30:00,30.7
17-08-2023 01:00:00,30.7
17-08-2023 01:30:00,30.7
17-08-2023 02:00:00,30.7
17-08-2023 02:30:00,30.7
17-08-2023 03:00:00,30.7
17-08-2023 03:30:00,30.7
17-08-2023 04:00:00,18.4
17-08-2023 04:30:00,18.4
17-08-2023 05:00:00,18.4
17-08-2023 05:30:00,18.4
17-08-2023 06:00:00,18.4
17-08-2023 06:30:00,18.4
17-08-2023 07:00:00,30.7
17-08-2023 07:30:00,30.7
17-08-2023 08:00:00,30.7
17-08-2023 08:30:00,30.7
17-08-2023 09:00:00,30.7
17-08-2023 09:30:00,30.7
17-08-2023 10:00:00,30.7
17-08-2023 10:30:00,30.7
17-08-2023 11:00:00,30.7
17-08-2023 11:30:00,30.7
17-08-2023 12:00:00,30.7
17-08-2023 12:30:00,30.7
17-08-2023 13:00:00,18.4
17-08-2023 13:30:00,18.4
17-08-2023 14:00:00,18.4
17-08-2023 14:30:00,18.4
17-08-2023 15:00:00,18.4
17-08-2023 15:30:00,18.4
17-08-2023 16:00:00,49.2
17-08-2023 16:30:00,49.2
17-08-2023 17:00:00,49.2
17-08-2023 17:30:00,49.2
17-08-2023 18:00:00,49.2
17-08-2023 18:30:00,49.2
17-08-2023 19:00:00,30.7
17-08-2023 19:30:00,30.7
17-08-2023 20:00:00,30.7
17-08-2023 20:30:00,30.7
17-08-2023 21:00:00,30.7
17-08-2023 21:30:00,30.7
17-08-2023 22:00:00,30.7
17-08-2023 22:30:00,30.7
17-08-2023 23:00:00,30.7
17-08-2023 23:30:00,30.7
18-08-2023 00:00:00,30.7
18-08-2023 00:30:00,30.7
18-08-2023 01:00:00,30.7
18-08-2023 01:30:00,30.7
18-08-2023 02:00:00,30.7
18-08-2023 02:30:00,30.7
18-08-2023 03:00:00,30.7
18-08-2023 03:30:00,30.7
18-08-2023 04:00:00,18.4
18-08-2023 04:30:00,18.4
18-08-2023 05:00:00,18.4
18-08-2023 05:30:00,18.4
18-08-2023 06:00:00,18.4
18-08-2023 06:30:00,18.4
18-08-2023 07:00:00,30.7
18-08-2023 07:30:00,30.7
18-08-2023 08:00:00,30.7
18-08-2023 08:30:00,30.7
18-08-2023 09:00:00,30.7
18-08-2023 09:30:00,30.7
18-08-2023 10:00:00,30.7
18-08-2023 10:30:00,30.7
18-08-2023 11:00:00,30.7
18-08-2023 11:30:00,30.7
18-08-2023 12:00:00,30.7
18-08-2023 12:30:00,30.7
18-08-2023 13:00:00,18.4
18-08-2023 13:30:00,18.4
18-08-2023 14:00:00,18.4
18-08-2023 14:30:00,18.4
18-08-2023 15:00:00,18.4
18-08-2023 15:30:00,18.4
18-08-2023 16:00:00,49.2
18-08-2023 16:30:00,49.2
18-08-2023 17:00:00,49.2
18-08-2023 17:30:00,49.2
18-08-2023 18:00:00,49.2
18-08-2023 18:30:00,49.2
18-08-2023 19:00:00,30.7
18-08-2023 19:30:00,30.7
18-08-2023 20:00:00,30.7
18-08-2023 20:30:00,30.7
18-08-2023 21:00:00,30.7
18-08-2023 21:30:00,30.7
18-08-2023 22:00:00,30.7
18-08-2023 22:30:00,30.7
18-08-2023 23:00:00,30.7
18-08-2023 23:30:00,30.7
19-08-2023 00:00:00,30.7
19-08-2023 00:30:00,30.7
19-08-2023 01:00:00,30.7
19-08-2023 01:30:00,30.7
19-08-2023 02:00:00,30.7
19-08-2023 02:30:00,30.7
19-08-2023 03:00:00,30.7
19-08-2023 03:30:00,30.7
19-08-2023 04:00:00,18.4
19-08-2023 04:30:00,18.4
19-08-2023 05:00:00,18.4
19-08-2023 05:30:00,18.4
19-08-2023 06:00:00,18.4
19-08-2023 06:30:00,18.4
19-08-2023 07:00:00,30.7
19-08-2023 07:30:00,30.7
19-08-2023 08:00:00,30.7
19-08-2023 08:30:00,30.7
19-08-2023 09:00:00,30.7
19-08-2023 09:30:00,30.7
19-08-2023 10:00:00,30.7
19-08-2023 10:30:00,30.7
19-08-2023 11:00:00,30.7
19-08-2023 11:30:00,30.7
19-08-2023 12:00:00,30.7
19-08-2023 12:30:00,30.7
19-08-2023 13:00:00,18.4
19-08-2023 13:30:00,18.4
19-08-2023 14:00:00,18.4
19-08-2023 14:30:00,18.4
19-08-2023 15:00:00,18.4
19-08-2023 15:30:00,18.4
19-08-2023 16:00:00,49.2
19-08-2023 16:30:00,49.2
19-08-2023 17:00:00,49.2
19-08-2023 17:30:00,49.2
19-08-2023 18:00:00,49.2
19-08-2023 18:30:00,49.2
19-08-2023 19:00:00,30.7
19-08-2023 19:30:00,30.7
19-08-2023 20:00:00,30.7
19-08-2023 20:30:00,30.7
19-08-2023 21:00:00,30.7
19-08-2023 21:30:00,30.7
19-08-2023 22:00:00,30.7
19-08-2023 22:30:00,30.7
19-08-2023 23:00:00,30.7
19-08-2023 23:30:00,30.7
20-08-2023 00:00:00,30.7
20-08-2023 00:30:00,30.7
20-08-2023 01:00:00,30.7
20-08-2023 01:30:00,30.7
20-08-2023 02:00:00,30.7
20-08-2023 02:30:00,30.7
20-08-2023 03:00:00,30.7
20-08-2023 03:30:00,30.7
20-08-2023 04:00:00,18.4
20-08-2023 04:30:00,18.4
20-08-2023 05:00:00,18.4
20-08-2023 05:30:00,18.4
20-08-2023 06:00:00,18.4
20-08-2023 06:30:00,18.4
20-08-2023 07:00:00,30.7
20-08-2023 07:30:00,30.7
20-08-2023 08:00:00,30.7
20-08-2023 08:30:00,30.7
20-08-2023 09:00:00,30.7
20-08-2023 09:30:00,30.7
20-08-2023 10:00:00,30.7
20-08-2023 10:30:00,30.7
20-08-2023 11:00:00,30.7
20-08-2023 11:30:00,30.7
20-08-2023 12:00:00,30.7
20-08-2023 12:30:00,30.7
20-08-2023 13:00:00,18.4
20-08-2023 13:30:00,18.4
20-08-2023 14:00:00,18.4
20-08-2023 14:30:00,18.4
20-08-2023 15:00:00,18.4
20-08-2023 15:30:00,18.4
20-08-2023 16:00:00,49.2
20-08-2023 16:30:00,49.2
20-08-2023 17:00:00,49.2
20-08-2023 17:30:00,49.2
20-08-2023 18:00:00,49.2
20-08-2023 18:30:00,49.2
20-08-2023 19:00:00,30.7
20-08-2023 19:30:00,30.7
20-08-2023 20:00:00,30.7
20-08-2023 20:30:00,30.7
20-08-2023 21:00:00,30.7
20-08-2023 21:30:00,30.7
20-08-2023 22:00:00,30.7
20-08-2023 22:30:00,30.7
20-08-2023 23:00:00,30.7
20-08-2023 23:30:00,30.7
21-08-2023 00:00:00,30.7
21-08-2023 00:30:00,30.7
21-08-2023 01:00:00,30.7
21-08-2023 01:30:00,30.7
21-08-2023 02:00:00,30.7
21-08-2023 02:30:00,30.7
21-08-2023 03:00:00,30.7
21-08-2023 03:30:00,30.7
21-08-2023 04:00:00,18.4
21-08-2023 04:30:00,18.4
21-08-2023 05:00:00,18.4
21-08-2023 05:30:00,18.4
21-08-2023 06:00:00,18.4
21-08-2023 06:30:00,18.4
21-08-2023 07:00:00,30.7
21-08-2023 07:30:00,30.7
21-08-2023 08:00:00,30.7
21-08-2023 08:30:00,30.7
21-08-2023 09:00:00,30.7
21-08-2023 09:30:00,30.7
21-08-2023 10:00:00,30.7
21-08-2023 10:30:00,30.7
21-08-2023 11:00:00,30.7
21-08-2023 11:30:00,30.7
21-08-2023 12:00:00,30.7
21-08-2023 12:30:00,30.7
21-08-2023 13:00:00,18.4
21-08-2023 13:30:00,18.4
21-08-2023 14:00:00,18.4
21-08-2023 14:30:00,18.4
21-08-2023 15:00:00,18.4
21-08-2023 15:30:00,18.4
21-08-2023 16:00:00,49.2
21-08-2023 16:30:00,49.2
21-08-2023 17:00:00,49.2
21-08-2023 17:30:00,49.2
21-08-2023 18:00:00,49.2
21-08-2023 18:30:00,49.2
21-08-2023 19:00:00,30.7
21-08-2023 19:30:00,30.7
21-08-2023 20:00:00,30.7
21-08-2023 20:30:00,30.7
21-08-2023 21:00:00,30.7
21-08-2023 21:30:00,30.7
21-08-2023 22:00:00,30.7
21-08-2023 22:30:00,30.7
21-08-2023 23:00:00,30.7
21-08-2023 23:30:00,30.7
22-08-2023 00:00:00,30.7
22-08-2023 00:30:00,30.7
22-08-2023 01:00:00,30.7
22-08-2023 01:30:00,30.7
22-08-2023 02:00:00,30.7
22-08-2023 02:30:00,30.7
22-08-2023 03:00:00,30.7
22-08-2023 03:30:00,30.7
22-08-2023 04:00:00,18.4
22-08-2023 04:30:00,18.4
22-08-2023 05:00:00,18.4
22-08-2023 05:30:00,18.4
22-08-2023 06:00:00,18.4
22-08-2023 06:30:00,18.4
22-08-2023 07:00:00,30.7
22-08-2023 07:30:00,30.7
22-08-2023 08:00:00,30.7
22-08-2023 08:30:00,30.7
22-08-2023 09:00:00,30.7
22-08-2023 09:30:00,30.7
22-08-2023 10:00:00,30.7
22-08-2023 10:30:00,30.7
22-08-2023 11:00:00,30.7
22-08-2023 11:30:00,30.7
22-08-2023 12:00:00,30.7
22-08-2023 12:30:00,30.7
22-08-2023 13:00:00,18.4
22-08-2023 13:30:00,18.4
22-08-2023 14:00:00,18.4
22-08-2023 14:30:00,18.4
22-08-2023 15:00:00,18.4
22-08-2023 15:30:00,18.4
22-08-2023 16:00:00,49.2
22-08-2023 16:30:00,49.2
22-08-2023 17:00:00,49.2
22-08-2023 17:30:00,49.2
22-08-2023 18:00:00,49.2
22-08-2023 18:30:00,49.2
22-08-2023 19:00:00,30.7
22-08-2023 19:30:00,30.7
22-08-2023 20:00:00,30.7
22-08-2023 20:30:00,30.7
22-08-2023 21:00:00,30.7
22-08-2023 21:30:00,30.7
22-08-2023 22:00:00,30.7
22-08-2023 22:30:00,30.7
22-08-2023 23:00:00,30.7
22-08-2023 23:30:00,30.7
23-08-2023 00:00:00,30.7
23-08-2023 00:30:00,30.7
23-08-2023 01:00:00,30.7
23-08-2023 01:30:00,30.7
23-08-2023 02:00:00,30.7
23-08-2023 02:30:00,30.7
23-08-2023 03:00:00,30.7
23-08-2023 03:30:00,30.7
23-08-2023 04:00:00,18.4
23-08-2023 04:30:00,18.4
23-08-2023 05:00:00,18.4
23-08-2023 05:30:00,18.4
23-08-2023 06:00:00,18.4
23-08-2023 06:30:00,18.4
23-08-2023 07:00:00,30.7
23-08-2023 07:30:00,30.7
23-08-2023 08:00:00,30.7
23-08-2023 08:30:00,30.7
23-08-2023 09:00:00,30.7
23-08-2023 09:30:00,30.7
23-08-2023 10:00:00,30.7
23-08-2023 10:30:00,30.7
23-08-2023 11:00:00,30.7
23-08-2023 11:30:00,30.7
23-08-2023 12:00:00,30.7
23-08-2023 12:30:00,30.7
23-08-2023 13:00:00,18.4
23-08-2023 13:30:00,18.4
23-08-2023 14:00:00,18.4
23-08-2023 14:30:00,18.4
23-08-2023 15:00:00,18.4
23-08-2023 15:30:00,18.4
23-08-2023 16:00:00,49.2
23-08-2023 16:30:00,49.2
23-08-2023 17:00:00,49.2
23-08-2023 17:30:00,49.2
23-08-2023 18:00:00,49.2
23-08-2023 18:30:00,49.2
23-08-2023 19:00:00,30.7
23-08-2023 19:30:00,30.7
23-08-2023 20:00:00,30.7
23-08-2023 20:30:00,30.7
23-08-2023 21:00:00,30.7
23-08-2023 21:30:00,30.7
23-08-2023 22:00:00,30.7
23-08-2023 22:30:00,30.7
23-08-2023 23:00:00,30.7
23-08-2023 23:30:00,30.7
24-08-2023 00:00:00,30.7
24-08-2023 00:30:00,30.7
24-08-2023 01:00:00,30.7
24-08-2023 01:30:00,30.7
24-08-2023 02:00:00,30.7
24-08-2023 02:30:00,30.7
24-08-2023 03:00:00,30.7
24-08-2023 03:30:00,30.7
24-08-2023 04:00:00,18.4
24-08-2023 04:30:00,18.4
24-08-2023 05:00:00,18.4
24-08-2023 05:30:00,18.4
24-08-2023 06:00:00,18.4
24-08-2023 06:30:00,18.4
24-08-2023 07:00:00,30.7
24-08-2023 07:30:00,30.7
24-08-2023 08:00:00,30.7
24-08-2023 08:30:00,30.7
24-08-2023 09:00:00,30.7
24-08-2023 09:30:00,30.7
24-08-2023 10:00:00,30.7
24-08-2023 10:30:00,30.7
24-08-2023 11:00:00,30.7
24-08-2023 11:30:00,30.7
24-08-2023 12:00:00,30.7
24-08-2023 12:30:00,30.7
24-08-2023 13:00:00,18.4
24-08-2023 13:30:00,18.4
24-08-2023 14:00:00,18.4
24-08-2023 14:30:00,18.4
24-08-2023 15:00:00,18.4
24-08-2023 15:30:00,18.4
24-08-2023 16:00:00,49.2
24-08-2023 16:30:00,49.2
24-08-2023 17:00:00,49.2
24-08-2023 17:30:00,49.2
24-08-2023 18:00:00,49.2
24-08-2023 18:30:00,49.2
24-08-2023 19:00:00,30.7
24-08-2023 19:30:00,30.7
24-08-2023 20:00:00,30.7
24-08-2023 20:30:00,30.7
24-08-2023 21:00:00,30.7
24-08-2023 21:30:00,30.7
24-08-2023 22:00:00,30.7
24-08-2023 22:30:00,30.7
24-08-2023 23:00:00,30.7
24-08-2023 23:30:00,30.7
25-08-2023 00:00:00,30.7
25-08-2023 00:30:00,30.7
25-08-2023 01:00:00,30.7
25-08-2023 01:30:00,30.7
25-08-2023 02:00:00,30.7
25-08-2023 02:30:00,30.7
25-08-2023 03:00:00,30.7
25-08-2023 03:30:00,30.7
25-08-2023 04:00:00,18.4
25-08-2023 04:30:00,18.4
25-08-2023 05:00:00,18.4
25-08-2023 05:30:00,18.4
25-08-2023 06:00:00,18.4
25-08-2023 06:30:00,18.4
25-08-2023 07:00:00,30.7
25-08-2023 07:30:00,30.7
25-08-2023 08:00:00,30.7
25-08-2023 08:30:00,30.7
25-08-2023 09:00:00,30.7
25-08-2023 09:30:00,30.7
25-08-2023 10:00:00,30.7
25-08-2023 10:30:00,30.7
25-08-2023 11:00:00,30.7
25-08-2023 11:30:00,30.7
25-08-2023 12:00:00,30.7
25-08-2023 12:30:00,30.7
25-08-2023 13:00:00,18.4
25-08-2023 13:30:00,18.4
25-08-2023 14:00:00,18.4
25-08-2023 14:30:00,18.4
25-08-2023 15:00:00,18.4
25-08-2023 15:30:00,18.4
25-08-2023 16:00:00,49.2
25-08-2023 16:30:00,49.2
25-08-2023 17:00:00,49.2
25-08-2023 17:30:00,49.2
25-08-2023 18:00:00,49.2
25-08-2023 18:30:00,49.2
25-08-2023 19:00:00,30.7
25-08-2023 19:30:00,30.7
25-08-2023 20:00:00,30.7
25-08-2023 20:30:00,30.7
25-08-2023 21:00:00,30.7
25-08-2023 21:30:00,30.7
25-08-2023 22:00:00,30.7
25-08-2023 22:30:00,30.7
25-08-2023 23:00:00,30.7
25-08-2023 23:30:00,30.7
26-08-2023 00:00:00,30.7
26-08-2023 00:30:00,30.7
26-08-2023 01:00:00,30.7
26-08-2023 01:30:00,30.7
26-08-2023 02:00:00,30.7
26-08-2023 02:30:00,30.7
26-08-2023 03:00:00,30.7
26-08-2023 03:30:00,30.7
26-08-2023 04:00:00,18.4
26-08-2023 04:30:00,18.4
26-08-2023 05:00:00,18.4
26-08-2023 05:30:00,18.4
26-08-2023 06:00:00,18.4
26-08-2023 06:30:00,18.4
26-08-2023 07:00:00,30.7
26-08-2023 07:30:00,30.7
26-08-2023 08:00:00,30.7
26-08-2023 08:30:00,30.7
26-08-2023 09:00:00,30.7
26-08-2023 09:30:00,30.7
26-08-2023 10:00:00,30.7
26-08-2023 10:30:00,30.7
26-08-2023 11:00:00,30.7
26-08-2023 11:30:00,30.7
26-08-2023 12:00:00,30.7
26-08-2023 12:30:00,30.7
26-08-2023 13:00:00,18.4
26-08-2023 13:30:00,18.4
26-08-2023 14:00:00,18.4
26-08-2023 14:30:00,18.4
26-08-2023 15:00:00,18.4
26-08-2023 15:30:00,18.4
26-08-2023 16:00:00,49.2
26-08-2023 16:30:00,49.2
26-08-2023 17:00:00,49.2
26-08-2023 17:30:00,49.2
26-08-2023 18:00:00,49.2
26-08-2023 18:30:00,49.2
26-08-2023 19:00:00,30.7
26-08-2023 19:30:00,30.7
26-08-2023 20:00:00,30.7
26-08-2023 20:30:00,30.7
26-08-2023 21:00:00,30.7
26-08-2023 21:30:00,30.7
26-08-2023 22:00:00,30.7
26-08-2023 22:30:00,30.7
26-08-2023 23:00:00,30.7
26-08-2023 23:30:00,30.7
27-08-2023 00:00:00,30.7
27-08-2023 00:30:00,30.7
27-08-2023 01:00:00,30.7
27-08-2023 01:30:00,30.7
27-08-2023 02:00:00,30.7
27-08-2023 02:30:00,30.7
27-08-2023 03:00:00,30.7
27-08-2023 03:30:00,30.7
27-08-2023 04:00:00,18.4
27-08-2023 04:30:00,18.4
27-08-2023 05:00:00,18.4
27-08-2023 05:30:00,18.4
27-08-2023 06:00:00,18.4
27-08-2023 06:30:00,18.4
27-08-2023 07:00:00,30.7
27-08-2023 07:30:00,30.7
27-08-2023 08:00:00,30.7
27-08-2023 08:30:00,30.7
27-08-2023 09:00:00,30.7
27-08-2023 09:30:00,30.7
27-08-2023 10:00:00,30.7
27-08-2023 10:30:00,30.7
27-08-2023 11:00:00,30.7
27-08-2023 11:30:00,30.7
27-08-2023 12:00:00,30.7
27-08-2023 12:30:00,30.7
27-08-2023 13:00:00,18.4
27-08-2023 13:30:00,18.4
27-08-2023 14:00:00,18.4
27-08-2023 14:30:00,18.4
27-08-2023 15:00:00,18.4
27-08-2023 15:30:00,18.4
27-08-2023 16:00:00,49.2
27-08-2023 16:30:00,49.2
27-08-2023 17:00:00,49.2
27-08-2023 17:30:00,49.2
27-08-2023 18:00:00,49.2
27-08-2023 18:30:00,49.2
27-08-2023 19:00:00,30.7
27-08-2023 19:30:00,30.7
27-08-2023 20:00:00,30.7
27-08-2023 20:30:00,30.7
27-08-2023 21:00:00,30.7
27-08-2023 21:30:00,30.7
27-08-2023 22:00:00,30.7
27-08-2023 22:30:00,30.7
27-08-2023 23:00:00,30.7
27-08-2023 23:30:00,30.7
28-08-2023 00:00:00,30.7
28-08-2023 00:30:00,30.7
28-08-2023 01:00:00,30.7
28-08-2023 01:30:00,30.7
28-08-2023 02:00:00,30.7
28-08-2023 02:30:00,30.7
28-08-2023 03:00:00,30.7
28-08-2023 03:30:00,30.7
28-08-2023 04:00:00,18.4
28-08-2023 04:30:00,18.4
28-08-2023 05:00:00,18.4
28-08-2023 05:30:00,18.4
28-08-2023 06:00:00,18.4
28-08-2023 06:30:00,18.4
28-08-2023 07:00:00,30.7
28-08-2023 07:30:00,30.7
28-08-2023 08:00:00,30.7
28-08-2023 08:30:00,30.7
28-08-2023 09:00:00,30.7
28-08-2023 09:30:00,30.7
28-08-2023 10:00:00,30.7
28-08-2023 10:30:00,30.7
28-08-2023 11:00:00,30.7
28-08-2023 11:30:00,30.7
28-08-2023 12:00:00,30.7
28-08-2023 12:30:00,30.7
28-08-2023 13:00:00,18.4
28-08-2023 13:30:00,18.4
28-08-2023 14:00:00,18.4
28-08-2023 14:30:00,18.4
28-08-2023 15:00:00,18.4
28-08-2023 15:30:00,18.4
28-08-2023 16:00:00,49.2
28-08-2023 16:30:00,49.2
28-08-2023 17:00:00,49.2
28-08-2023 17:30:00,49.2
28-08-2023 18:00:00,49.2
28-08-2023 18:30:00,49.2
28-08-2023 19:00:00,30.7
28-08-2023 19:30:00,30.7
28-08-2023 20:00:00,30.7
28-08-2023 20:30:00,30.7
28-08-2023 21:00:00,30.7
28-08-2023 21:30:00,30.7
28-08-2023 22:00:00,30.7
28-08-2023 22:30:00,30.7
28-08-2023 23:00:00,30.7
28-08-2023 23:30:00,30.7
29-08-2023 00:00:00,30.7
29-08-2023 00:30:00,30.7
29-08-2023 01:00:00,30.7
29-08-2023 01:30:00,30.7
29-08-2023 02:00:00,30.7
29-08-2023 02:30:00,30.7
29-08-2023 03:00:00,30.7
29-08-2023 03:30:00,30.7
29-08-2023 04:00:00,18.4
29-08-2023 04:30:00,18.4
29-08-2023 05:00:00,18.4
29-08-2023 05:30:00,18.4
29-08-2023 06:00:00,18.4
29-08-2023 06:30:00,18.4
29-08-2023 07:00:00,30.7
29-08-2023 07:30:00,30.7
29-08-2023 08:00:00,30.7
29-08-2023 08:30:00,30.7
29-08-2023 09:00:00,30.7
29-08-2023 09:30:00,30.7
29-08-2023 10:00:00,30.7
29-08-2023 10:30:00,30.7
29-08-2023 11:00:00,30.7
29-08-2023 11:30:00,30.7
29-08-2023 12:00:00,30.7
29-08-2023 12:30:00,30.7
29-08-2023 13:00:00,18.4
29-08-2023 13:30:00,18.4
29-08-2023 14:00:00,18.4
29-08-2023 14:30:00,18.4
29-08-2023 15:00:00,18.4
29-08-2023 15:30:00,18.4
29-08-2023 16:00:00,49.2
29-08-2023 16:30:00,49.2
29-08-2023 17:00:00,49.2
29-08-2023 17:30:00,49.2
29-08-2023 18:00:00,49.2
29-08-2023 18:30:00,49.2
29-08-2023 19:00:00,30.7
29-08-2023 19:30:00,30.7
29-08-2023 20:00:00,30.7
29-08-2023 20:30:00,30.7
29-08-2023 21:00:00,30.7
29-08-2023 21:30:00,30.7
29-08-2023 22:00:00,30.7
29-08-2023 22:30:00,30.7
29-08-2023 23:00:00,30.7
29-08-2023 23:30:00,30.7
30-08-2023 00:00:00,30.7
30-08-2023 00:30:00,30.7
30-08-2023 01:00:00,30.7
30-08-2023 01:30:00,30.7
30-08-2023 02:00:00,30.7
30-08-2023 02:30:00,30.7
30-08-2023 03:00:00,30.7
30-08-2023 03:30:00,30.7
30-08-2023 04:00:00,18.4
30-08-2023 04:30:00,18.4
30-08-2023 05:00:00,18.4
30-08-2023 05:30:00,18.4
30-08-2023 06:00:00,18.4
30-08-2023 06:30:00,18.4
30-08-2023 07:00:00,30.7
30-08-2023 07:30:00,30.7
30-08-2023 08:00:00,30.7
30-08-2023 08:30:00,30.7
30-08-2023 09:00:00,30.7
30-08-2023 09:30:00,30.7
30-08-2023 10:00:00,30.7
30-08-2023 10:30:00,30.7
30-08-2023 11:00:00,30.7
30-08-2023 11:30:00,30.7
30-08-2023 12:00:00,30.7
30-08-2023 12:30:00,30.7
30-08-2023 13:00:00,18.4
30-08-2023 13:30:00,18.4
30-08-2023 14:00:00,18.4
30-08-2023 14:30:00,18.4
30-08-2023 15:00:00,18.4
30-08-2023 15:30:00,18.4
30-08-2023 16:00:00,49.2
30-08-2023 16:30:00,49.2
30-08-2023 17:00:00,49.2
30-08-2023 17:30:00,49.2
30-08-2023 18:00:00,49.2
30-08-2023 18:30:00,49.2
30-08-2023 19:00:00,30.7
30-08-2023 19:30:00,30.7
30-08-2023 20:00:00,30.7
30-08-2023 20:30:00,30.7
30-08-2023 21:00:00,30.7
30-08-2023 21:30:00,30.7
30-08-2023 22:00:00,30.7
30-08-2023 22:30:00,30.7
30-08-2023 23:00:00,30.7
30-08-2023 23:30:00,30.7
31-08-2023 00:00:00,30.7
31-08-2023 00:30:00,30.7
31-08-2023 01:00:00,30.7
31-08-2023 01:30:00,30.7
31-08-2023 02:00:00,30.7
31-08-2023 02:30:00,30.7
31-08-2023 03:00:00,30.7
31-08-2023 03:30:00,30.7
31-08-2023 04:00:00,18.4
31-08-2023 04:30:00,18.4
31-08-2023 05:00:00,18.4
31-08-2023 05:30:00,18.4
31-08-2023 06:00:00,18.4
31-08-2023 06:30:00,18.4
31-08-2023 07:00:00,30.7
31-08-2023 07:30:00,30.7
31-08-2023 08:00:00,30.7
31-08-2023 08:30:00,30.7
31-08-2023 09:00:00,30.7
31-08-2023 09:30:00,30.7
31-08-2023 10:00:00,30.7
31-08-2023 10:30:00,30.7
31-08-2023 11:00:00,30.7
31-08-2023 11:30:00,30.7
31-08-2023 12:00:00,30.7
31-08-2023 12:30:00,30.7
31-08-2023 13:00:00,18.4
31-08-2023 13:30:00,18.4
31-08-2023 14:00:00,18.4
31-08-2023 14:30:00,18.4
31-08-2023 15:00:00,18.4
31-08-2023 15:30:00,18.4
31-08-2023 16:00:00,49.2
31-08-2023 16:30:00,49.2
31-08-2023 17:00:00,49.2
31-08-2023 17:30:00,49.2
31-08-2023 18:00:00,49.2
31-08-2023 18:30:00,49.2
31-08-2023 19:00:00,30.7
31-08-2023 19:30:00,30.7
31-08-2023 20:00:00,30.7
31-08-2023 20:30:00,30.7
31-08-2023 21:00:00,30.7
31-08-2023 21:30:00,30.7
31-08-2023 22:00:00,30.7
31-08-2023 22:30:00,30.7
31-08-2023 23:00:00,30.7
31-08-2023 23:30:00,30.7
01-09-2023 00:00:00,30.7
01-09-2023 00:30:00,30.7
01-09-2023 01:00:00,30.7
01-09-2023 01:30:00,30.7
01-09-2023 02:00:00,30.7
01-09-2023 02:30:00,30.7
01-09-2023 03:00:00,30.7
01-09-2023 03:30:00,30.7
01-09-2023 04:00:00,18.4
01-09-2023 04:30:00,18.4
01-09-2023 05:00:00,18.4
01-09-2023 05:30:00,18.4
01-09-2023 06:00:00,18.4
01-09-2023 06:30:00,18.4
01-09-2023 07:00:00,30.7
01-09-2023 07:30:00,30.7
01-09-2023 08:00:00,30.7
01-09-2023 08:30:00,30.7
01-09-2023 09:00:00,30.7
01-09-2023 09:30:00,30.7
01-09-2023 10:00:00,30.7
01-09-2023 10:30:00,30.7
01-09-2023 11:00:00,30.7
01-09-2023 11:30:00,30.7
01-09-2023 12:00:00,30.7
01-09-2023 12:30:00,30.7
01-09-2023 13:00:00,18.4
01-09-2023 13:30:00,18.4
01-09-2023 14:00:00,18.4
01-09-2023 14:30:00,18.4
01-09-2023 15:00:00,18.4
01-09-2023 15:30:00,18.4
01-09-2023 16:00:00,49.2
01-09-2023 16:30:00,49.2
01-09-2023 17:00:00,49.2
01-09-2023 17:30:00,49.2
01-09-2023 18:00:00,49.2
01-09-2023 18:30:00,49.2
01-09-2023 19:00:00,30.7
01-09-2023 19:30:00,30.7
01-09-2023 20:00:00,30.7
01-09-2023 20:30:00,30.7
01-09-2023 21:00:00,30.7
01-09-2023 21:30:00,30.7
01-09-2023 22:00:00,30.7
01-09-2023 22:30:00,30.7
01-09-2023 23:00:00,30.7
01-09-2023 23:30:00,30.7
02-09-2023 00:00:00,30.7
02-09-2023 00:30:00,30.7
02-09-2023 01:00:00,30.7
02-09-2023 01:30:00,30.7
02-09-2023 02:00:00,30.7
02-09-2023 02:30:00,30.7
02-09-2023 03:00:00,30.7
02-09-2023 03:30:00,30.7
02-09-2023 04:00:00,18.4
02-09-2023 04:30:00,18.4
02-09-2023 05:00:00,18.4
02-09-2023 05:30:00,18.4
02-09-2023 06:00:00,18.4
02-09-2023 06:30:00,18.4
02-09-2023 07:00:00,30.7
02-09-2023 07:30:00,30.7
02-09-2023 08:00:00,30.7
02-09-2023 08:30:00,30.7
02-09-2023 09:00:00,30.7
02-09-2023 09:30:00,30.7
02-09-2023 10:00:00,30.7
02-09-2023 10:30:00,30.7
02-09-2023 11:00:00,30.7
02-09-2023 11:30:00,30.7
02-09-2023 12:00:00,30.7
02-09-2023 12:30:00,30.7
02-09-2023 13:00:00,18.4
02-09-2023 13:30:00,18.4
02-09-2023 14:00:00,18.4
02-09-2023 14:30:00,18.4
02-09-2023 15:00:00,18.4
02-09-2023 15:30:00,18.4
02-09-2023 16:00:00,49.2
02-09-2023 16:30:00,49.2
02-09-2023 17:00:00,49.2
02-09-2023 17:30:00,49.2
02-09-2023 18:00:00,49.2
02-09-2023 18:30:00,49.2
02-09-2023 19:00:00,30.7
02-09-2023 19:30:00,30.7
02-09-2023 20:00:00,30.7
02-09-2023 20:30:00,30.7
02-09-2023 21:00:00,30.7
02-09-2023 21:30:00,30.7
02-09-2023 22:00:00,30.7
02-09-2023 22:30:00,30.7
02-09-2023 23:00:00,30.7
02-09-2023 23:30:00,30.7
03-09-2023 00:00:00,30.7
03-09-2023 00:30:00,30.7
03-09-2023 01:00:00,30.7
03-09-2023 01:30:00,30.7
03-09-2023 02:00:00,30.7
03-09-2023 02:30:00,30.7
03-09-2023 03:00:00,30.7
03-09-2023 03:30:00,30.7
03-09-2023 04:00:00,18.4
03-09-2023 04:30:00,18.4
03-09-2023 05:00:00,18.4
03-09-2023 05:30:00,18.4
03-09-2023 06:00:00,18.4
03-09-2023 06:30:00,18.4
03-09-2023 07:00:00,30.7
03-09-2023 07:30:00,30.7
03-09-2023 08:00:00,30.7
03-09-2023 08:30:00,30.7
03-09-2023 09:00:00,30.7
03-09-2023 09:30:00,30.7
03-09-2023 10:00:00,30.7
03-09-2023 10:30:00,30.7
03-09-2023 11:00:00,30.7
03-09-2023 11:30:00,30.7
03-09-2023 12:00:00,30.7
03-09-2023 12:30:00,30.7
03-09-2023 13:00:00,18.4
03-09-2023 13:30:00,18.4
03-09-2023 14:00:00,18.4
03-09-2023 14:30:00,18.4
03-09-2023 15:00:00,18.4
03-09-2023 15:30:00,18.4
03-09-2023 16:00:00,49.2
03-09-2023 16:30:00,49.2
03-09-2023 17:00:00,49.2
03-09-2023 17:30:00,49.2
03-09-2023 18:00:00,49.2
03-09-2023 18:30:00,49.2
03-09-2023 19:00:00,30.7
03-09-2023 19:30:00,30.7
03-09-2023 20:00:00,30.7
03-09-2023 20:30:00,30.7
03-09-2023 21:00:00,30.7
03-09-2023 21:30:00,30.7
03-09-2023 22:00:00,30.7
03-09-2023 22:30:00,30.7
03-09-2023 23:00:00,30.7
03-09-2023 23:30:00,30.7
04-09-2023 00:00:00,30.7
04-09-2023 00:30:00,30.7
04-09-2023 01:00:00,30.7
04-09-2023 01:30:00,30.7
04-09-2023 02:00:00,30.7
04-09-2023 02:30:00,30.7
04-09-2023 03:00:00,30.7
04-09-2023 03:30:00,30.7
04-09-2023 04:00:00,18.4
04-09-2023 04:30:00,18.4
04-09-2023 05:00:00,18.4
04-09-2023 05:30:00,18.4
04-09-2023 06:00:00,18.4
04-09-2023 06:30:00,18.4
04-09-2023 07:00:00,30.7
04-09-2023 07:30:00,30.7
04-09-2023 08:00:00,30.7
04-09-2023 08:30:00,30.7
04-09-2023 09:00:00,30.7
04-09-2023 09:30:00,30.7
04-09-2023 10:00:00,30.7
04-09-2023 10:30:00,30.7
04-09-2023 11:00:00,30.7
04-09-2023 11:30:00,30.7
04-09-2023 12:00:00,30.7
04-09-2023 12:30:00,30.7
04-09-2023 13:00:00,18.4
04-09-2023 13:30:00,18.4
04-09-2023 14:00:00,18.4
04-09-2023 14:30:00,18.4
04-09-2023 15:00:00,18.4
04-09-2023 15:30:00,18.4
04-09-2023 16:00:00,49.2
04-09-2023 16:30:00,49.2
04-09-2023 17:00:00,49.2
04-09-2023 17:30:00,49.2
04-09-2023 18:00:00,49.2
04-09-2023 18:30:00,49.2
04-09-2023 19:00:00,30.7
04-09-2023 19:30:00,30.7
04-09-2023 20:00:00,30.7
04-09-2023 20:30:00,30.7
04-09-2023 21:00:00,30.7
04-09-2023 21:30:00,30.7
04-09-2023 22:00:00,30.7
04-09-2023 22:30:00,30.7
04-09-2023 23:00:00,30.7
04-09-2023 23:30:00,30.7
05-09-2023 00:00:00,30.7
05-09-2023 00:30:00,30.7
05-09-2023 01:00:00,30.7
05-09-2023 01:30:00,30.7
05-09-2023 02:00:00,30.7
05-09-2023 02:30:00,30.7
05-09-2023 03:00:00,30.7
05-09-2023 03:30:00,30.7
05-09-2023 04:00:00,18.4
05-09-2023 04:30:00,18.4
05-09-2023 05:00:00,18.4
05-09-2023 05:30:00,18.4
05-09-2023 06:00:00,18.4
05-09-2023 06:30:00,18.4
05-09-2023 07:00:00,30.7
05-09-2023 07:30:00,30.7
05-09-2023 08:00:00,30.7
05-09-2023 08:30:00,30.7
05-09-2023 09:00:00,30.7
05-09-2023 09:30:00,30.7
05-09-2023 10:00:00,30.7
05-09-2023 10:30:00,30.7
05-09-2023 11:00:00,30.7
05-09-2023 11:30:00,30.7
05-09-2023 12:00:00,30.7
05-09-2023 12:30:00,30.7
05-09-2023 13:00:00,18.4
05-09-2023 13:30:00,18.4
05-09-2023 14:00:00,18.4
05-09-2023 14:30:00,18.4
05-09-2023 15:00:00,18.4
05-09-2023 15:30:00,18.4
05-09-2023 16:00:00,49.2
05-09-2023 16:30:00,49.2
05-09-2023 17:00:00,49.2
05-09-2023 17:30:00,49.2
05-09-2023 18:00:00,49.2
05-09-2023 18:30:00,49.2
05-09-2023 19:00:00,30.7
05-09-2023 19:30:00,30.7
05-09-2023 20:00:00,30.7
05-09-2023 20:30:00,30.7
05-09-2023 21:00:00,30.7
05-09-2023 21:30:00,30.7
05-09-2023 22:00:00,30.7
05-09-2023 22:30:00,30.7
05-09-2023 23:00:00,30.7
05-09-2023 23:30:00,30.7
06-09-2023 00:00:00,30.7
06-09-2023 00:30:00,30.7
06-09-2023 01:00:00,30.7
06-09-2023 01:30:00,30.7
06-09-2023 02:00:00,30.7
06-09-2023 02:30:00,30.7
06-09-2023 03:00:00,30.7
06-09-2023 03:30:00,30.7
06-09-2023 04:00:00,18.4
06-09-2023 04:30:00,18.4
06-09-2023 05:00:00,18.4
06-09-2023 05:30:00,18.4
06-09-2023 06:00:00,18.4
06-09-2023 06:30:00,18.4
06-09-2023 07:00:00,30.7
06-09-2023 07:30:00,30.7
06-09-2023 08:00:00,30.7
06-09-2023 08:30:00,30.7
06-09-2023 09:00:00,30.7
06-09-2023 09:30:00,30.7
06-09-2023 10:00:00,30.7
06-09-2023 10:30:00,30.7
06-09-2023 11:00:00,30.7
06-09-2023 11:30:00,30.7
06-09-2023 12:00:00,30.7
06-09-2023 12:30:00,30.7
06-09-2023 13:00:00,18.4
06-09-2023 13:30:00,18.4
06-09-2023 14:00:00,18.4
06-09-2023 14:30:00,18.4
06-09-2023 15:00:00,18.4
06-09-2023 15:30:00,18.4
06-09-2023 16:00:00,49.2
06-09-2023 16:30:00,49.2
06-09-2023 17:00:00,49.2
06-09-2023 17:30:00,49.2
06-09-2023 18:00:00,49.2
06-09-2023 18:30:00,49.2
06-09-2023 19:00:00,30.7
06-09-2023 19:30:00,30.7
06-09-2023 20:00:00,30.7
06-09-2023 20:30:00,30.7
06-09-2023 21:00:00,30.7
06-09-2023 21:30:00,30.7
06-09-2023 22:00:00,30.7
06-09-2023 22:30:00,30.7
06-09-2023 23:00:00,30.7
06-09-2023 23:30:00,30.7
07-09-2023 00:00:00,30.7
07-09-2023 00:30:00,30.7
07-09-2023 01:00:00,30.7
07-09-2023 01:30:00,30.7
07-09-2023 02:00:00,30.7
07-09-2023 02:30:00,30.7
07-09-2023 03:00:00,30.7
07-09-2023 03:30:00,30.7
07-09-2023 04:00:00,18.4
07-09-2023 04:30:00,18.4
07-09-2023 05:00:00,18.4
07-09-2023 05:30:00,18.4
07-09-2023 06:00:00,18.4
07-09-2023 06:30:00,18.4
07-09-2023 07:00:00,30.7
07-09-2023 07:30:00,30.7
07-09-2023 08:00:00,30.7
07-09-2023 08:30:00,30.7
07-09-2023 09:00:00,30.7
07-09-2023 09:30:00,30.7
07-09-2023 10:00:00,30.7
07-09-2023 10:30:00,30.7
07-09-2023 11:00:00,30.7
07-09-2023 11:30:00,30.7
07-09-2023 12:00:00,30.7
07-09-2023 12:30:00,30.7
07-09-2023 13:00:00,18.4
07-09-2023 13:30:00,18.4
07-09-2023 14:00:00,18.4
07-09-2023 14:30:00,18.4
07-09-2023 15:00:00,18.4
07-09-2023 15:30:00,18.4
07-09-2023 16:00:00,49.2
07-09-2023 16:30:00,49.2
07-09-2023 17:00:00,49.2
07-09-2023 17:30:00,49.2
07-09-2023 18:00:00,49.2
07-09-2023 18:30:00,49.2
07-09-2023 19:00:00,30.7
07-09-2023 19:30:00,30.7
07-09-2023 20:00:00,30.7
07-09-2023 20:30:00,30.7
07-09-2023 21:00:00,30.7
07-09-2023 21:30:00,30.7
07-09-2023 22:00:00,30.7
07-09-2023 22:30:00,30.7
07-09-2023 23:00:00,30.7
07-09-2023 23:30:00,30.7
08-09-2023 00:00:00,30.7
08-09-2023 00:30:00,30.7
08-09-2023 01:00:00,30.7
08-09-2023 01:30:00,30.7
08-09-2023 02:00:00,30.7
08-09-2023 02:30:00,30.7
08-09-2023 03:00:00,30.7
08-09-2023 03:30:00,30.7
08-09-2023 04:00:00,18.4
08-09-2023 04:30:00,18.4
08-09-2023 05:00:00,18.4
08-09-2023 05:30:00,18.4
08-09-2023 06:00:00,18.4
08-09-2023 06:30:00,18.4
08-09-2023 07:00:00,30.7
08-09-2023 07:30:00,30.7
08-09-2023 08:00:00,30.7
08-09-2023 08:30:00,30.7
08-09-2023 09:00:00,30.7
08-09-2023 09:30:00,30.7
08-09-2023 10:00:00,30.7
08-09-2023 10:30:00,30.7
08-09-2023 11:00:00,30.7
08-09-2023 11:30:00,30.7
08-09-2023 12:00:00,30.7
08-09-2023 12:30:00,30.7
08-09-2023 13:00:00,18.4
08-09-2023 13:30:00,18.4
08-09-2023 14:00:00,18.4
08-09-2023 14:30:00,18.4
08-09-2023 15:00:00,18.4
08-09-2023 15:30:00,18.4
08-09-2023 16:00:00,49.2
08-09-2023 16:30:00,49.2
08-09-2023 17:00:00,49.2
08-09-2023 17:30:00,49.2
08-09-2023 18:00:00,49.2
08-09-2023 18:30:00,49.2
08-09-2023 19:00:00,30.7
08-09-2023 19:30:00,30.7
08-09-2023 20:00:00,30.7
08-09-2023 20:30:00,30.7
08-09-2023 21:00:00,30.7
08-09-2023 21:30:00,30.7
08-09-2023 22:00:00,30.7
08-09-2023 22:30:00,30.7
08-09-2023 23:00:00,30.7
08-09-2023 23:30:00,30.7
09-09-2023 00:00:00,30.7
09-09-2023 00:30:00,30.7
09-09-2023 01:00:00,30.7
09-09-2023 01:30:00,30.7
09-09-2023 02:00:00,30.7
09-09-2023 02:30:00,30.7
09-09-2023 03:00:00,30.7
09-09-2023 03:30:00,30.7
09-09-2023 04:00:00,18.4
09-09-2023 04:30:00,18.4
09-09-2023 05:00:00,18.4
09-09-2023 05:30:00,18.4
09-09-2023 06:00:00,18.4
09-09-2023 06:30:00,18.4
09-09-2023 07:00:00,30.7
09-09-2023 07:30:00,30.7
09-09-2023 08:00:00,30.7
09-09-2023 08:30:00,30.7
09-09-2023 09:00:00,30.7
09-09-2023 09:30:00,30.7
09-09-2023 10:00:00,30.7
09-09-2023 10:30:00,30.7
09-09-2023 11:00:00,30.7
09-09-2023 11:30:00,30.7
09-09-2023 12:00:00,30.7
09-09-2023 12:30:00,30.7
09-09-2023 13:00:00,18.4
09-09-2023 13:30:00,18.4
09-09-2023 14:00:00,18.4
09-09-2023 14:30:00,18.4
09-09-2023 15:00:00,18.4
09-09-2023 15:30:00,18.4
09-09-2023 16:00:00,49.2
09-09-2023 16:30:00,49.2
09-09-2023 17:00:00,49.2
09-09-2023 17:30:00,49.2
09-09-2023 18:00:00,49.2
09-09-2023 18:30:00,49.2
09-09-2023 19:00:00,30.7
09-09-2023 19:30:00,30.7
09-09-2023 20:00:00,30.7
09-09-2023 20:30:00,30.7
09-09-2023 21:00:00,30.7
09-09-2023 21:30:00,30.7
09-09-2023 22:00:00,30.7
09-09-2023 22:30:00,30.7
09-09-2023 23:00:00,30.7
09-09-2023 23:30:00,30.7
10-09-2023 00:00:00,30.7
10-09-2023 00:30:00,30.7
10-09-2023 01:00:00,30.7
10-09-2023 01:30:00,30.7
10-09-2023 02:00:00,30.7
10-09-2023 02:30:00,30.7
10-09-2023 03:00:00,30.7
10-09-2023 03:30:00,30.7
10-09-2023 04:00:00,18.4
10-09-2023 04:30:00,18.4
10-09-2023 05:00:00,18.4
10-09-2023 05:30:00,18.4
10-09-2023 06:00:00,18.4
10-09-2023 06:30:00,18.4
10-09-2023 07:00:00,30.7
10-09-2023 07:30:00,30.7
10-09-2023 08:00:00,30.7
10-09-2023 08:30:00,30.7
10-09-2023 09:00:00,30.7
10-09-2023 09:30:00,30.7
10-09-2023 10:00:00,30.7
10-09-2023 10:30:00,30.7
10-09-2023 11:00:00,30.7
10-09-2023 11:30:00,30.7
10-09-2023 12:00:00,30.7
10-09-2023 12:30:00,30.7
10-09-2023 13:00:00,18.4
10-09-2023 13:30:00,18.4
10-09-2023 14:00:00,18.4
10-09-2023 14:30:00,18.4
10-09-2023 15:00:00,18.4
10-09-2023 15:30:00,18.4
10-09-2023 16:00:00,49.2
10-09-2023 16:30:00,49.2
10-09-2023 17:00:00,49.2
10-09-2023 17:30:00,49.2
10-09-2023 18:00:00,49.2
10-09-2023 18:30:00,49.2
10-09-2023 19:00:00,30.7
10-09-2023 19:30:00,30.7
10-09-2023 20:00:00,30.7
10-09-2023 20:30:00,30.7
10-09-2023 21:00:00,30.7
10-09-2023 21:30:00,30.7
10-09-2023 22:00:00,30.7
10-09-2023 22:30:00,30.7
10-09-2023 23:00:00,30.7
10-09-2023 23:30:00,30.7
11-09-2023 00:00:00,30.7
11-09-2023 00:30:00,30.7
11-09-2023 01:00:00,30.7
11-09-2023 01:30:00,30.7
11-09-2023 02:00:00,30.7
11-09-2023 02:30:00,30.7
11-09-2023 03:00:00,30.7
11-09-2023 03:30:00,30.7
11-09-2023 04:00:00,18.4
11-09-2023 04:30:00,18.4
11-09-2023 05:00:00,18.4
11-09-2023 05:30:00,18.4
11-09-2023 06:00:00,18.4
11-09-2023 06:30:00,18.4
11-09-2023 07:00:00,30.7
11-09-2023 07:30:00,30.7
11-09-2023 08:00:00,30.7
11-09-2023 08:30:00,30.7
11-09-2023 09:00:00,30.7
11-09-2023 09:30:00,30.7
11-09-2023 10:00:00,30.7
11-09-2023 10:30:00,30.7
11-09-2023 11:00:00,30.7
11-09-2023 11:30:00,30.7
11-09-2023 12:00:00,30.7
11-09-2023 12:30:00,30.7
11-09-2023 13:00:00,18.4
11-09-2023 13:30:00,18.4
11-09-2023 14:00:00,18.4
11-09-2023 14:30:00,18.4
11-09-2023 15:00:00,18.4
11-09-2023 15:30:00,18.4
11-09-2023 16:00:00,49.2
11-09-2023 16:30:00,49.2
11-09-2023 17:00:00,49.2
11-09-2023 17:30:00,49.2
11-09-2023 18:00:00,49.2
11-09-2023 18:30:00,49.2
11-09-2023 19:00:00,30.7
11-09-2023 19:30:00,30.7
11-09-2023 20:00:00,30.7
11-09-2023 20:30:00,30.7
11-09-2023 21:00:00,30.7
11-09-2023 21:30:00,30.7
11-09-2023 22:00:00,30.7
11-09-2023 22:30:00,30.7
11-09-2023 23:00:00,30.7
11-09-2023 23:30:00,30.7
12-09-2023 00:00:00,30.7
12-09-2023 00:30:00,30.7
12-09-2023 01:00:00,30.7
12-09-2023 01:30:00,30.7
12-09-2023 02:00:00,30.7
12-09-2023 02:30:00,30.7
12-09-2023 03:00:00,30.7
12-09-2023 03:30:00,30.7
12-09-2023 04:00:00,18.4
12-09-2023 04:30:00,18.4
12-09-2023 05:00:00,18.4
12-09-2023 05:30:00,18.4
12-09-2023 06:00:00,18.4
12-09-2023 06:30:00,18.4
12-09-2023 07:00:00,30.7
12-09-2023 07:30:00,30.7
12-09-2023 08:00:00,30.7
12-09-2023 08:30:00,30.7
12-09-2023 09:00:00,30.7
12-09-2023 09:30:00,30.7
12-09-2023 10:00:00,30.7
12-09-2023 10:30:00,30.7
12-09-2023 11:00:00,30.7
12-09-2023 11:30:00,30.7
12-09-2023 12:00:00,30.7
12-09-2023 12:30:00,30.7
12-09-2023 13:00:00,18.4
12-09-2023 13:30:00,18.4
12-09-2023 14:00:00,18.4
12-09-2023 14:30:00,18.4
12-09-2023 15:00:00,18.4
12-09-2023 15:30:00,18.4
12-09-2023 16:00:00,49.2
12-09-2023 16:30:00,49.2
12-09-2023 17:00:00,49.2
12-09-2023 17:30:00,49.2
12-09-2023 18:00:00,49.2
12-09-2023 18:30:00,49.2
12-09-2023 19:00:00,30.7
12-09-2023 19:30:00,30.7
12-09-2023 20:00:00,30.7
12-09-2023 20:30:00,30.7
12-09-2023 21:00:00,30.7
12-09-2023 21:30:00,30.7
12-09-2023 22:00:00,30.7
12-09-2023 22:30:00,30.7
12-09-2023 23:00:00,30.7
12-09-2023 23:30:00,30.7
13-09-2023 00:00:00,30.7
13-09-2023 00:30:00,30.7
13-09-2023 01:00:00,30.7
13-09-2023 01:30:00,30.7
13-09-2023 02:00:00,30.7
13-09-2023 02:30:00,30.7
13-09-2023 03:00:00,30.7
13-09-2023 03:30:00,30.7
13-09-2023 04:00:00,18.4
13-09-2023 04:30:00,18.4
13-09-2023 05:00:00,18.4
13-09-2023 05:30:00,18.4
13-09-2023 06:00:00,18.4
13-09-2023 06:30:00,18.4
13-09-2023 07:00:00,30.7
13-09-2023 07:30:00,30.7
13-09-2023 08:00:00,30.7
13-09-2023 08:30:00,30.7
13-09-2023 09:00:00,30.7
13-09-2023 09:30:00,30.7
13-09-2023 10:00:00,30.7
13-09-2023 10:30:00,30.7
13-09-2023 11:00:00,30.7
13-09-2023 11:30:00,30.7
13-09-2023 12:00:00,30.7
13-09-2023 12:30:00,30.7
13-09-2023 13:00:00,18.4
13-09-2023 13:30:00,18.4
13-09-2023 14:00:00,18.4
13-09-2023 14:30:00,18.4
13-09-2023 15:00:00,18.4
13-09-2023 15:30:00,18.4
13-09-2023 16:00:00,49.2
13-09-2023 16:30:00,49.2
13-09-2023 17:00:00,49.2
13-09-2023 17:30:00,49.2
13-09-2023 18:00:00,49.2
13-09-2023 18:30:00,49.2
13-09-2023 19:00:00,30.7
13-09-2023 19:30:00,30.7
13-09-2023 20:00:00,30.7
13-09-2023 20:30:00,30.7
13-09-2023 21:00:00,30.7
13-09-2023 21:30:00,30.7
13-09-2023 22:00:00,30.7
13-09-2023 22:30:00,30.7
13-09-2023 23:00:00,30.7
13-09-2023 23:30:00,30.7
14-09-2023 00:00:00,30.7
14-09-2023 00:30:00,30.7
14-09-2023 01:00:00,30.7
14-09-2023 01:30:00,30.7
14-09-2023 02:00:00,30.7
14-09-2023 02:30:00,30.7
14-09-2023 03:00:00,30.7
14-09-2023 03:30:00,30.7
14-09-2023 04:00:00,18.4
14-09-2023 04:30:00,18.4
14-09-2023 05:00:00,18.4
14-09-2023 05:30:00,18.4
14-09-2023 06:00:00,18.4
14-09-2023 06:30:00,18.4
14-09-2023 07:00:00,30.7
14-09-2023 07:30:00,30.7
14-09-2023 08:00:00,30.7
14-09-2023 08:30:00,30.7
14-09-2023 09:00:00,30.7
14-09-2023 09:30:00,30.7
14-09-2023 10:00:00,30.7
14-09-2023 10:30:00,30.7
14-09-2023 11:00:00,30.7
14-09-2023 11:30:00,30.7
14-09-2023 12:00:00,30.7
14-09-2023 12:30:00,30.7
14-09-2023 13:00:00,18.4
14-09-2023 13:30:00,18.4
14-09-2023 14:00:00,18.4
14-09-2023 14:30:00,18.4
14-09-2023 15:00:00,18.4
14-09-2023 15:30:00,18.4
14-09-2023 16:00:00,49.2
14-09-2023 16:30:00,49.2
14-09-2023 17:00:00,49.2
14-09-2023 17:30:00,49.2
14-09-2023 18:00:00,49.2
14-09-2023 18:30:00,49.2
14-09-2023 19:00:00,30.7
14-09-2023 19:30:00,30.7
14-09-2023 20:00:00,30.7
14-09-2023 20:30:00,30.7
14-09-2023 21:00:00,30.7
14-09-2023 21:30:00,30.7
14-09-2023 22:00:00,30.7
14-09-2023 22:30:00,30.7
14-09-2023 23:00:00,30.7
14-09-2023 23:30:00,30.7
15-09-2023 00:00:00,30.7
15-09-2023 00:30:00,30.7
15-09-2023 01:00:00,30.7
15-09-2023 01:30:00,30.7
15-09-2023 02:00:00,30.7
15-09-2023 02:30:00,30.7
15-09-2023 03:00:00,30.7
15-09-2023 03:30:00,30.7
15-09-2023 04:00:00,18.4
15-09-2023 04:30:00,18.4
15-09-2023 05:00:00,18.4
15-09-2023 05:30:00,18.4
15-09-2023 06:00:00,18.4
15-09-2023 06:30:00,18.4
15-09-2023 07:00:00,30.7
15-09-2023 07:30:00,30.7
15-09-2023 08:00:00,30.7
15-09-2023 08:30:00,30.7
15-09-2023 09:00:00,30.7
15-09-2023 09:30:00,30.7
15-09-2023 10:00:00,30.7
15-09-2023 10:30:00,30.7
15-09-2023 11:00:00,30.7
15-09-2023 11:30:00,30.7
15-09-2023 12:00:00,30.7
15-09-2023 12:30:00,30.7
15-09-2023 13:00:00,18.4
15-09-2023 13:30:00,18.4
15-09-2023 14:00:00,18.4
15-09-2023 14:30:00,18.4
15-09-2023 15:00:00,18.4
15-09-2023 15:30:00,18.4
15-09-2023 16:00:00,49.2
15-09-2023 16:30:00,49.2
15-09-2023 17:00:00,49.2
15-09-2023 17:30:00,49.2
15-09-2023 18:00:00,49.2
15-09-2023 18:30:00,49.2
15-09-2023 19:00:00,30.7
15-09-2023 19:30:00,30.7
15-09-2023 20:00:00,30.7
15-09-2023 20:30:00,30.7
15-09-2023 21:00:00,30.7
15-09-2023 21:30:00,30.7
15-09-2023 22:00:00,30.7
15-09-2023 22:30:00,30.7
15-09-2023 23:00:00,30.7
15-09-2023 23:30:00,30.7
16-09-2023 00:00:00,30.7
16-09-2023 00:30:00,30.7
16-09-2023 01:00:00,30.7
16-09-2023 01:30:00,30.7
16-09-2023 02:00:00,30.7
16-09-2023 02:30:00,30.7
16-09-2023 03:00:00,30.7
16-09-2023 03:30:00,30.7
16-09-2023 04:00:00,18.4
16-09-2023 04:30:00,18.4
16-09-2023 05:00:00,18.4
16-09-2023 05:30:00,18.4
16-09-2023 06:00:00,18.4
16-09-2023 06:30:00,18.4
16-09-2023 07:00:00,30.7
16-09-2023 07:30:00,30.7
16-09-2023 08:00:00,30.7
16-09-2023 08:30:00,30.7
16-09-2023 09:00:00,30.7
16-09-2023 09:30:00,30.7
16-09-2023 10:00:00,30.7
16-09-2023 10:30:00,30.7
16-09-2023 11:00:00,30.7
16-09-2023 11:30:00,30.7
16-09-2023 12:00:00,30.7
16-09-2023 12:30:00,30.7
16-09-2023 13:00:00,18.4
16-09-2023 13:30:00,18.4
16-09-2023 14:00:00,18.4
16-09-2023 14:30:00,18.4
16-09-2023 15:00:00,18.4
16-09-2023 15:30:00,18.4
16-09-2023 16:00:00,49.2
16-09-2023 16:30:00,49.2
16-09-2023 17:00:00,49.2
16-09-2023 17:30:00,49.2
16-09-2023 18:00:00,49.2
16-09-2023 18:30:00,49.2
16-09-2023 19:00:00,30.7
16-09-2023 19:30:00,30.7
16-09-2023 20:00:00,30.7
16-09-2023 20:30:00,30.7
16-09-2023 21:00:00,30.7
16-09-2023 21:30:00,30.7
16-09-2023 22:00:00,30.7
16-09-2023 22:30:00,30.7
16-09-2023 23:00:00,30.7
16-09-2023 23:30:00,30.7
17-09-2023 00:00:00,30.7
17-09-2023 00:30:00,30.7
17-09-2023 01:00:00,30.7
17-09-2023 01:30:00,30.7
17-09-2023 02:00:00,30.7
17-09-2023 02:30:00,30.7
17-09-2023 03:00:00,30.7
17-09-2023 03:30:00,30.7
17-09-2023 04:00:00,18.4
17-09-2023 04:30:00,18.4
17-09-2023 05:00:00,18.4
17-09-2023 05:30:00,18.4
17-09-2023 06:00:00,18.4
17-09-2023 06:30:00,18.4
17-09-2023 07:00:00,30.7
17-09-2023 07:30:00,30.7
17-09-2023 08:00:00,30.7
17-09-2023 08:30:00,30.7
17-09-2023 09:00:00,30.7
17-09-2023 09:30:00,30.7
17-09-2023 10:00:00,30.7
17-09-2023 10:30:00,30.7
17-09-2023 11:00:00,30.7
17-09-2023 11:30:00,30.7
17-09-2023 12:00:00,30.7
17-09-2023 12:30:00,30.7
17-09-2023 13:00:00,18.4
17-09-2023 13:30:00,18.4
17-09-2023 14:00:00,18.4
17-09-2023 14:30:00,18.4
17-09-2023 15:00:00,18.4
17-09-2023 15:30:00,18.4
17-09-2023 16:00:00,49.2
17-09-2023 16:30:00,49.2
17-09-2023 17:00:00,49.2
17-09-2023 17:30:00,49.2
17-09-2023 18:00:00,49.2
17-09-2023 18:30:00,49.2
17-09-2023 19:00:00,30.7
17-09-2023 19:30:00,30.7
17-09-2023 20:00:00,30.7
17-09-2023 20:30:00,30.7
17-09-2023 21:00:00,30.7
17-09-2023 21:30:00,30.7
17-09-2023 22:00:00,30.7
17-09-2023 22:30:00,30.7
17-09-2023 23:00:00,30.7
17-09-2023 23:30:00,30.7
18-09-2023 00:00:00,30.7
18-09-2023 00:30:00,30.7
18-09-2023 01:00:00,30.7
18-09-2023 01:30:00,30.7
18-09-2023 02:00:00,30.7
18-09-2023 02:30:00,30.7
18-09-2023 03:00:00,30.7
18-09-2023 03:30:00,30.7
18-09-2023 04:00:00,18.4
18-09-2023 04:30:00,18.4
18-09-2023 05:00:00,18.4
18-09-2023 05:30:00,18.4
18-09-2023 06:00:00,18.4
18-09-2023 06:30:00,18.4
18-09-2023 07:00:00,30.7
18-09-2023 07:30:00,30.7
18-09-2023 08:00:00,30.7
18-09-2023 08:30:00,30.7
18-09-2023 09:00:00,30.7
18-09-2023 09:30:00,30.7
18-09-2023 10:00:00,30.7
18-09-2023 10:30:00,30.7
18-09-2023 11:00:00,30.7
18-09-2023 11:30:00,30.7
18-09-2023 12:00:00,30.7
18-09-2023 12:30:00,30.7
18-09-2023 13:00:00,18.4
18-09-2023 13:30:00,18.4
18-09-2023 14:00:00,18.4
18-09-2023 14:30:00,18.4
18-09-2023 15:00:00,18.4
18-09-2023 15:30:00,18.4
18-09-2023 16:00:00,49.2
18-09-2023 16:30:00,49.2
18-09-2023 17:00:00,49.2
18-09-2023 17:30:00,49.2
18-09-2023 18:00:00,49.2
18-09-2023 18:30:00,49.2
18-09-2023 19:00:00,30.7
18-09-2023 19:30:00,30.7
18-09-2023 20:00:00,30.7
18-09-2023 20:30:00,30.7
18-09-2023 21:00:00,30.7
18-09-2023 21:30:00,30.7
18-09-2023 22:00:00,30.7
18-09-2023 22:30:00,30.7
18-09-2023 23:00:00,30.7
18-09-2023 23:30:00,30.7
19-09-2023 00:00:00,30.7
19-09-2023 00:30:00,30.7
19-09-2023 01:00:00,30.7
19-09-2023 01:30:00,30.7
19-09-2023 02:00:00,30.7
19-09-2023 02:30:00,30.7
19-09-2023 03:00:00,30.7
19-09-2023 03:30:00,30.7
19-09-2023 04:00:00,18.4
19-09-2023 04:30:00,18.4
19-09-2023 05:00:00,18.4
19-09-2023 05:30:00,18.4
19-09-2023 06:00:00,18.4
19-09-2023 06:30:00,18.4
19-09-2023 07:00:00,30.7
19-09-2023 07:30:00,30.7
19-09-2023 08:00:00,30.7
19-09-2023 08:30:00,30.7
19-09-2023 09:00:00,30.7
19-09-2023 09:30:00,30.7
19-09-2023 10:00:00,30.7
19-09-2023 10:30:00,30.7
19-09-2023 11:00:00,30.7
19-09-2023 11:30:00,30.7
19-09-2023 12:00:00,30.7
19-09-2023 12:30:00,30.7
19-09-2023 13:00:00,18.4
19-09-2023 13:30:00,18.4
19-09-2023 14:00:00,18.4
19-09-2023 14:30:00,18.4
19-09-2023 15:00:00,18.4
19-09-2023 15:30:00,18.4
19-09-2023 16:00:00,49.2
19-09-2023 16:30:00,49.2
19-09-2023 17:00:00,49.2
19-09-2023 17:30:00,49.2
19-09-2023 18:00:00,49.2
19-09-2023 18:30:00,49.2
19-09-2023 19:00:00,30.7
19-09-2023 19:30:00,30.7
19-09-2023 20:00:00,30.7
19-09-2023 20:30:00,30.7
19-09-2023 21:00:00,30.7
19-09-2023 21:30:00,30.7
19-09-2023 22:00:00,30.7
19-09-2023 22:30:00,30.7
19-09-2023 23:00:00,30.7
19-09-2023 23:30:00,30.7
20-09-2023 00:00:00,30.7
20-09-2023 00:30:00,30.7
20-09-2023 01:00:00,30.7
20-09-2023 01:30:00,30.7
20-09-2023 02:00:00,30.7
20-09-2023 02:30:00,30.7
20-09-2023 03:00:00,30.7
20-09-2023 03:30:00,30.7
20-09-2023 04:00:00,18.4
20-09-2023 04:30:00,18.4
20-09-2023 05:00:00,18.4
20-09-2023 05:30:00,18.4
20-09-2023 06:00:00,18.4
20-09-2023 06:30:00,18.4
20-09-2023 07:00:00,30.7
20-09-2023 07:30:00,30.7
20-09-2023 08:00:00,30.7
20-09-2023 08:30:00,30.7
20-09-2023 09:00:00,30.7
20-09-2023 09:30:00,30.7
20-09-2023 10:00:00,30.7
20-09-2023 10:30:00,30.7
20-09-2023 11:00:00,30.7
20-09-2023 11:30:00,30.7
20-09-2023 12:00:00,30.7
20-09-2023 12:30:00,30.7
20-09-2023 13:00:00,18.4
20-09-2023 13:30:00,18.4
20-09-2023 14:00:00,18.4
20-09-2023 14:30:00,18.4
20-09-2023 15:00:00,18.4
20-09-2023 15:30:00,18.4
20-09-2023 16:00:00,49.2
20-09-2023 16:30:00,49.2
20-09-2023 17:00:00,49.2
20-09-2023 17:30:00,49.2
20-09-2023 18:00:00,49.2
20-09-2023 18:30:00,49.2
20-09-2023 19:00:00,30.7
20-09-2023 19:30:00,30.7
20-09-2023 20:00:00,30.7
20-09-2023 20:30:00,30.7
20-09-2023 21:00:00,30.7
20-09-2023 21:30:00,30.7
20-09-2023 22:00:00,30.7
20-09-2023 22:30:00,30.7
20-09-2023 23:00:00,30.7
20-09-2023 23:30:00,30.7
21-09-2023 00:00:00,30.7
21-09-2023 00:30:00,30.7
21-09-2023 01:00:00,30.7
21-09-2023 01:30:00,30.7
21-09-2023 02:00:00,30.7
21-09-2023 02:30:00,30.7
21-09-2023 03:00:00,30.7
21-09-2023 03:30:00,30.7
21-09-2023 04:00:00,18.4
21-09-2023 04:30:00,18.4
21-09-2023 05:00:00,18.4
21-09-2023 05:30:00,18.4
21-09-2023 06:00:00,18.4
21-09-2023 06:30:00,18.4
21-09-2023 07:00:00,30.7
21-09-2023 07:30:00,30.7
21-09-2023 08:00:00,30.7
21-09-2023 08:30:00,30.7
21-09-2023 09:00:00,30.7
21-09-2023 09:30:00,30.7
21-09-2023 10:00:00,30.7
21-09-2023 10:30:00,30.7
21-09-2023 11:00:00,30.7
21-09-2023 11:30:00,30.7
21-09-2023 12:00:00,30.7
21-09-2023 12:30:00,30.7
21-09-2023 13:00:00,18.4
21-09-2023 13:30:00,18.4
21-09-2023 14:00:00,18.4
21-09-2023 14:30:00,18.4
21-09-2023 15:00:00,18.4
21-09-2023 15:30:00,18.4
21-09-2023 16:00:00,49.2
21-09-2023 16:30:00,49.2
21-09-2023 17:00:00,49.2
21-09-2023 17:30:00,49.2
21-09-2023 18:00:00,49.2
21-09-2023 18:30:00,49.2
21-09-2023 19:00:00,30.7
21-09-2023 19:30:00,30.7
21-09-2023 20:00:00,30.7
21-09-2023 20:30:00,30.7
21-09-2023 21:00:00,30.7
21-09-2023 21:30:00,30.7
21-09-2023 22:00:00,30.7
21-09-2023 22:30:00,30.7
21-09-2023 23:00:00,30.7
21-09-2023 23:30:00,30.7
22-09-2023 00:00:00,30.7
22-09-2023 00:30:00,30.7
22-09-2023 01:00:00,30.7
22-09-2023 01:30:00,30.7
22-09-2023 02:00:00,30.7
22-09-2023 02:30:00,30.7
22-09-2023 03:00:00,30.7
22-09-2023 03:30:00,30.7
22-09-2023 04:00:00,18.4
22-09-2023 04:30:00,18.4
22-09-2023 05:00:00,18.4
22-09-2023 05:30:00,18.4
22-09-2023 06:00:00,18.4
22-09-2023 06:30:00,18.4
22-09-2023 07:00:00,30.7
22-09-2023 07:30:00,30.7
22-09-2023 08:00:00,30.7
22-09-2023 08:30:00,30.7
22-09-2023 09:00:00,30.7
22-09-2023 09:30:00,30.7
22-09-2023 10:00:00,30.7
22-09-2023 10:30:00,30.7
22-09-2023 11:00:00,30.7
22-09-2023 11:30:00,30.7
22-09-2023 12:00:00,30.7
22-09-2023 12:30:00,30.7
22-09-2023 13:00:00,18.4
22-09-2023 13:30:00,18.4
22-09-2023 14:00:00,18.4
22-09-2023 14:30:00,18.4
22-09-2023 15:00:00,18.4
22-09-2023 15:30:00,18.4
22-09-2023 16:00:00,49.2
22-09-2023 16:30:00,49.2
22-09-2023 17:00:00,49.2
22-09-2023 17:30:00,49.2
22-09-2023 18:00:00,49.2
22-09-2023 18:30:00,49.2
22-09-2023 19:00:00,30.7
22-09-2023 19:30:00,30.7
22-09-2023 20:00:00,30.7
22-09-2023 20:30:00,30.7
22-09-2023 21:00:00,30.7
22-09-2023 21:30:00,30.7
22-09-2023 22:00:00,30.7
22-09-2023 22:30:00,30.7
22-09-2023 23:00:00,30.7
22-09-2023 23:30:00,30.7
23-09-2023 00:00:00,30.7
23-09-2023 00:30:00,30.7
23-09-2023 01:00:00,30.7
23-09-2023 01:30:00,30.7
23-09-2023 02:00:00,30.7
23-09-2023 02:30:00,30.7
23-09-2023 03:00:00,30.7
23-09-2023 03:30:00,30.7
23-09-2023 04:00:00,18.4
23-09-2023 04:30:00,18.4
23-09-2023 05:00:00,18.4
23-09-2023 05:30:00,18.4
23-09-2023 06:00:00,18.4
23-09-2023 06:30:00,18.4
23-09-2023 07:00:00,30.7
23-09-2023 07:30:00,30.7
23-09-2023 08:00:00,30.7
23-09-2023 08:30:00,30.7
23-09-2023 09:00:00,30.7
23-09-2023 09:30:00,30.7
23-09-2023 10:00:00,30.7
23-09-2023 10:30:00,30.7
23-09-2023 11:00:00,30.7
23-09-2023 11:30:00,30.7
23-09-2023 12:00:00,30.7
23-09-2023 12:30:00,30.7
23-09-2023 13:00:00,18.4
23-09-2023 13:30:00,18.4
23-09-2023 14:00:00,18.4
23-09-2023 14:30:00,18.4
23-09-2023 15:00:00,18.4
23-09-2023 15:30:00,18.4
23-09-2023 16:00:00,49.2
23-09-2023 16:30:00,49.2
23-09-2023 17:00:00,49.2
23-09-2023 17:30:00,49.2
23-09-2023 18:00:00,49.2
23-09-2023 18:30:00,49.2
23-09-2023 19:00:00,30.7
23-09-2023 19:30:00,30.7
23-09-2023 20:00:00,30.7
23-09-2023 20:30:00,30.7
23-09-2023 21:00:00,30.7
23-09-2023 21:30:00,30.7
23-09-2023 22:00:00,30.7
23-09-2023 22:30:00,30.7
23-09-2023 23:00:00,30.7
23-09-2023 23:30:00,30.7
24-09-2023 00:00:00,30.7
24-09-2023 00:30:00,30.7
24-09-2023 01:00:00,30.7
24-09-2023 01:30:00,30.7
24-09-2023 02:00:00,30.7
24-09-2023 02:30:00,30.7
24-09-2023 03:00:00,30.7
24-09-2023 03:30:00,30.7
24-09-2023 04:00:00,18.4
24-09-2023 04:30:00,18.4
24-09-2023 05:00:00,18.4
24-09-2023 05:30:00,18.4
24-09-2023 06:00:00,18.4
24-09-2023 06:30:00,18.4
24-09-2023 07:00:00,30.7
24-09-2023 07:30:00,30.7
24-09-2023 08:00:00,30.7
24-09-2023 08:30:00,30.7
24-09-2023 09:00:00,30.7
24-09-2023 09:30:00,30.7
24-09-2023 10:00:00,30.7
24-09-2023 10:30:00,30.7
24-09-2023 11:00:00,30.7
24-09-2023 11:30:00,30.7
24-09-2023 12:00:00,30.7
24-09-2023 12:30:00,30.7
24-09-2023 13:00:00,18.4
24-09-2023 13:30:00,18.4
24-09-2023 14:00:00,18.4
24-09-2023 14:30:00,18.4
24-09-2023 15:00:00,18.4
24-09-2023 15:30:00,18.4
24-09-2023 16:00:00,49.2
24-09-2023 16:30:00,49.2
24-09-2023 17:00:00,49.2
24-09-2023 17:30:00,49.2
24-09-2023 18:00:00,49.2
24-09-2023 18:30:00,49.2
24-09-2023 19:00:00,30.7
24-09-2023 19:30:00,30.7
24-09-2023 20:00:00,30.7
24-09-2023 20:30:00,30.7
24-09-2023 21:00:00,30.7
24-09-2023 21:30:00,30.7
24-09-2023 22:00:00,30.7
24-09-2023 22:30:00,30.7
24-09-2023 23:00:00,30.7
24-09-2023 23:30:00,30.7
25-09-2023 00:00:00,30.7
25-09-2023 00:30:00,30.7
25-09-2023 01:00:00,30.7
25-09-2023 01:30:00,30.7
25-09-2023 02:00:00,30.7
25-09-2023 02:30:00,30.7
25-09-2023 03:00:00,30.7
25-09-2023 03:30:00,30.7
25-09-2023 04:00:00,18.4
25-09-2023 04:30:00,18.4
25-09-2023 05:00:00,18.4
25-09-2023 05:30:00,18.4
25-09-2023 06:00:00,18.4
25-09-2023 06:30:00,18.4
25-09-2023 07:00:00,30.7
25-09-2023 07:30:00,30.7
25-09-2023 08:00:00,30.7
25-09-2023 08:30:00,30.7
25-09-2023 09:00:00,30.7
25-09-2023 09:30:00,30.7
25-09-2023 10:00:00,30.7
25-09-2023 10:30:00,30.7
25-09-2023 11:00:00,30.7
25-09-2023 11:30:00,30.7
25-09-2023 12:00:00,30.7
25-09-2023 12:30:00,30.7
25-09-2023 13:00:00,18.4
25-09-2023 13:30:00,18.4
25-09-2023 14:00:00,18.4
25-09-2023 14:30:00,18.4
25-09-2023 15:00:00,18.4
25-09-2023 15:30:00,18.4
25-09-2023 16:00:00,49.2
25-09-2023 16:30:00,49.2
25-09-2023 17:00:00,49.2
25-09-2023 17:30:00,49.2
25-09-2023 18:00:00,49.2
25-09-2023 18:30:00,49.2
25-09-2023 19:00:00,30.7
25-09-2023 19:30:00,30.7
25-09-2023 20:00:00,30.7
25-09-2023 20:30:00,30.7
25-09-2023 21:00:00,30.7
25-09-2023 21:30:00,30.7
25-09-2023 22:00:00,30.7
25-09-2023 22:30:00,30.7
25-09-2023 23:00:00,30.7
25-09-2023 23:30:00,30.7
26-09-2023 00:00:00,30.7
26-09-2023 00:30:00,30.7
26-09-2023 01:00:00,30.7
26-09-2023 01:30:00,30.7
26-09-2023 02:00:00,30.7
26-09-2023 02:30:00,30.7
26-09-2023 03:00:00,30.7
26-09-2023 03:30:00,30.7
26-09-2023 04:00:00,18.4
26-09-2023 04:30:00,18.4
26-09-2023 05:00:00,18.4
26-09-2023 05:30:00,18.4
26-09-2023 06:00:00,18.4
26-09-2023 06:30:00,18.4
26-09-2023 07:00:00,30.7
26-09-2023 07:30:00,30.7
26-09-2023 08:00:00,30.7
26-09-2023 08:30:00,30.7
26-09-2023 09:00:00,30.7
26-09-2023 09:30:00,30.7
26-09-2023 10:00:00,30.7
26-09-2023 10:30:00,30.7
26-09-2023 11:00:00,30.7
26-09-2023 11:30:00,30.7
26-09-2023 12:00:00,30.7
26-09-2023 12:30:00,30.7
26-09-2023 13:00:00,18.4
26-09-2023 13:30:00,18.4
26-09-2023 14:00:00,18.4
26-09-2023 14:30:00,18.4
26-09-2023 15:00:00,18.4
26-09-2023 15:30:00,18.4
26-09-2023 16:00:00,49.2
26-09-2023 16:30:00,49.2
26-09-2023 17:00:00,49.2
26-09-2023 17:30:00,49.2
26-09-2023 18:00:00,49.2
26-09-2023 18:30:00,49.2
26-09-2023 19:00:00,30.7
26-09-2023 19:30:00,30.7
26-09-2023 20:00:00,30.7
26-09-2023 20:30:00,30.7
26-09-2023 21:00:00,30.7
26-09-2023 21:30:00,30.7
26-09-2023 22:00:00,30.7
26-09-2023 22:30:00,30.7
26-09-2023 23:00:00,30.7
26-09-2023 23:30:00,30.7
27-09-2023 00:00:00,30.7
27-09-2023 00:30:00,30.7
27-09-2023 01:00:00,30.7
27-09-2023 01:30:00,30.7
27-09-2023 02:00:00,30.7
27-09-2023 02:30:00,30.7
27-09-2023 03:00:00,30.7
27-09-2023 03:30:00,30.7
27-09-2023 04:00:00,18.4
27-09-2023 04:30:00,18.4
27-09-2023 05:00:00,18.4
27-09-2023 05:30:00,18.4
27-09-2023 06:00:00,18.4
27-09-2023 06:30:00,18.4
27-09-2023 07:00:00,30.7
27-09-2023 07:30:00,30.7
27-09-2023 08:00:00,30.7
27-09-2023 08:30:00,30.7
27-09-2023 09:00:00,30.7
27-09-2023 09:30:00,30.7
27-09-2023 10:00:00,30.7
27-09-2023 10:30:00,30.7
27-09-2023 11:00:00,30.7
27-09-2023 11:30:00,30.7
27-09-2023 12:00:00,30.7
27-09-2023 12:30:00,30.7
27-09-2023 13:00:00,18.4
27-09-2023 13:30:00,18.4
27-09-2023 14:00:00,18.4
27-09-2023 14:30:00,18.4
27-09-2023 15:00:00,18.4
27-09-2023 15:30:00,18.4
27-09-2023 16:00:00,49.2
27-09-2023 16:30:00,49.2
27-09-2023 17:00:00,49.2
27-09-2023 17:30:00,49.2
27-09-2023 18:00:00,49.2
27-09-2023 18:30:00,49.2
27-09-2023 19:00:00,30.7
27-09-2023 19:30:00,30.7
27-09-2023 20:00:00,30.7
27-09-2023 20:30:00,30.7
27-09-2023 21:00:00,30.7
27-09-2023 21:30:00,30.7
27-09-2023 22:00:00,30.7
27-09-2023 22:30:00,30.7
27-09-2023 23:00:00,30.7
27-09-2023 23:30:00,30.7
28-09-2023 00:00:00,30.7
28-09-2023 00:30:00,30.7
28-09-2023 01:00:00,30.7
28-09-2023 01:30:00,30.7
28-09-2023 02:00:00,30.7
28-09-2023 02:30:00,30.7
28-09-2023 03:00:00,30.7
28-09-2023 03:30:00,30.7
28-09-2023 04:00:00,18.4
28-09-2023 04:30:00,18.4
28-09-2023 05:00:00,18.4
28-09-2023 05:30:00,18.4
28-09-2023 06:00:00,18.4
28-09-2023 06:30:00,18.4
28-09-2023 07:00:00,30.7
28-09-2023 07:30:00,30.7
28-09-2023 08:00:00,30.7
28-09-2023 08:30:00,30.7
28-09-2023 09:00:00,30.7
28-09-2023 09:30:00,30.7
28-09-2023 10:00:00,30.7
28-09-2023 10:30:00,30.7
28-09-2023 11:00:00,30.7
28-09-2023 11:30:00,30.7
28-09-2023 12:00:00,30.7
28-09-2023 12:30:00,30.7
28-09-2023 13:00:00,18.4
28-09-2023 13:30:00,18.4
28-09-2023 14:00:00,18.4
28-09-2023 14:30:00,18.4
28-09-2023 15:00:00,18.4
28-09-2023 15:30:00,18.4
28-09-2023 16:00:00,49.2
28-09-2023 16:30:00,49.2
28-09-2023 17:00:00,49.2
28-09-2023 17:30:00,49.2
28-09-2023 18:00:00,49.2
28-09-2023 18:30:00,49.2
28-09-2023 19:00:00,30.7
28-09-2023 19:30:00,30.7
28-09-2023 20:00:00,30.7
28-09-2023 20:30:00,30.7
28-09-2023 21:00:00,30.7
28-09-2023 21:30:00,30.7
28-09-2023 22:00:00,30.7
28-09-2023 22:30:00,30.7
28-09-2023 23:00:00,30.7
28-09-2023 23:30:00,30.7
29-09-2023 00:00:00,30.7
29-09-2023 00:30:00,30.7
29-09-2023 01:00:00,30.7
29-09-2023 01:30:00,30.7
29-09-2023 02:00:00,30.7
29-09-2023 02:30:00,30.7
29-09-2023 03:00:00,30.7
29-09-2023 03:30:00,30.7
29-09-2023 04:00:00,18.4
29-09-2023 04:30:00,18.4
29-09-2023 05:00:00,18.4
29-09-2023 05:30:00,18.4
29-09-2023 06:00:00,18.4
29-09-2023 06:30:00,18.4
29-09-2023 07:00:00,30.7
29-09-2023 07:30:00,30.7
29-09-2023 08:00:00,30.7
29-09-2023 08:30:00,30.7
29-09-2023 09:00:00,30.7
29-09-2023 09:30:00,30.7
29-09-2023 10:00:00,30.7
29-09-2023 10:30:00,30.7
29-09-2023 11:00:00,30.7
29-09-2023 11:30:00,30.7
29-09-2023 12:00:00,30.7
29-09-2023 12:30:00,30.7
29-09-2023 13:00:00,18.4
29-09-2023 13:30:00,18.4
29-09-2023 14:00:00,18.4
29-09-2023 14:30:00,18.4
29-09-2023 15:00:00,18.4
29-09-2023 15:30:00,18.4
29-09-2023 16:00:00,49.2
29-09-2023 16:30:00,49.2
29-09-2023 17:00:00,49.2
29-09-2023 17:30:00,49.2
29-09-2023 18:00:00,49.2
29-09-2023 18:30:00,49.2
29-09-2023 19:00:00,30.7
29-09-2023 19:30:00,30.7
29-09-2023 20:00:00,30.7
29-09-2023 20:30:00,30.7
29-09-2023 21:00:00,30.7
29-09-2023 21:30:00,30.7
29-09-2023 22:00:00,30.7
29-09-2023 22:30:00,30.7
29-09-2023 23:00:00,30.7
29-09-2023 23:30:00,30.7
30-09-2023 00:00:00,30.7
30-09-2023 00:30:00,30.7
30-09-2023 01:00:00,30.7
30-09-2023 01:30:00,30.7
30-09-2023 02:00:00,30.7
30-09-2023 02:30:00,30.7
30-09-2023 03:00:00,30.7
30-09-2023 03:30:00,30.7
30-09-2023 04:00:00,18.4
30-09-2023 04:30:00,18.4
30-09-2023 05:00:00,18.4
30-09-2023 05:30:00,18.4
30-09-2023 06:00:00,18.4
30-09-2023 06:30:00,18.4
30-09-2023 07:00:00,30.7
30-09-2023 07:30:00,30.7
30-09-2023 08:00:00,30.7
30-09-2023 08:30:00,30.7
30-09-2023 09:00:00,30.7
30-09-2023 09:30:00,30.7
30-09-2023 10:00:00,30.7
30-09-2023 10:30:00,30.7
30-09-2023 11:00:00,30.7
30-09-2023 11:30:00,30.7
30-09-2023 12:00:00,30.7
30-09-2023 12:30:00,30.7
30-09-2023 13:00:00,18.4
30-09-2023 13:30:00,18.4
30-09-2023 14:00:00,18.4
30-09-2023 14:30:00,18.4
30-09-2023 15:00:00,18.4
30-09-2023 15:30:00,18.4
30-09-2023 16:00:00,49.2
30-09-2023 16:30:00,49.2
30-09-2023 17:00:00,49.2
30-09-2023 17:30:00,49.2
30-09-2023 18:00:00,49.2
30-09-2023 18:30:00,49.2
30-09-2023 19:00:00,30.7
30-09-2023 19:30:00,30.7
30-09-2023 20:00:00,30.7
30-09-2023 20:30:00,30.7
30-09-2023 21:00:00,30.7
30-09-2023 21:30:00,30.7
30-09-2023 22:00:00,30.7
30-09-2023 22:30:00,30.7
30-09-2023 23:00:00,30.7
30-09-2023 23:30:00,30.7
01-10-2023 00:00:00,27.9
01-10-2023 00:30:00,27.9
01-10-2023 01:00:00,27.9
01-10-2023 01:30:00,27.9
01-10-2023 02:00:00,27.9
01-10-2023 02:30:00,27.9
01-10-2023 03:00:00,27.9
01-10-2023 03:30:00,27.9
01-10-2023 04:00:00,16.8
01-10-2023 04:30:00,16.8
01-10-2023 05:00:00,16.8
01-10-2023 05:30:00,16.8
01-10-2023 06:00:00,16.8
01-10-2023 06:30:00,16.8
01-10-2023 07:00:00,27.9
01-10-2023 07:30:00,27.9
01-10-2023 08:00:00,27.9
01-10-2023 08:30:00,27.9
01-10-2023 09:00:00,27.9
01-10-2023 09:30:00,27.9
01-10-2023 10:00:00,27.9
01-10-2023 10:30:00,27.9
01-10-2023 11:00:00,27.9
01-10-2023 11:30:00,27.9
01-10-2023 12:00:00,27.9
01-10-2023 12:30:00,27.9
01-10-2023 13:00:00,16.8
01-10-2023 13:30:00,16.8
01-10-2023 14:00:00,16.8
01-10-2023 14:30:00,16.8
01-10-2023 15:00:00,16.8
01-10-2023 15:30:00,16.8
01-10-2023 16:00:00,44.7
01-10-2023 16:30:00,44.7
01-10-2023 17:00:00,44.7
01-10-2023 17:30:00,44.7
01-10-2023 18:00:00,44.7
01-10-2023 18:30:00,44.7
01-10-2023 19:00:00,27.9
01-10-2023 19:30:00,27.9
01-10-2023 20:00:00,27.9
01-10-2023 20:30:00,27.9
01-10-2023 21:00:00,27.9
01-10-2023 21:30:00,27.9
01-10-2023 22:00:00,27.9
01-10-2023 22:30:00,27.9
01-10-2023 23:00:00,27.9
01-10-2023 23:30:00,27.9
02-10-2023 00:00:00,27.9
02-10-2023 00:30:00,27.9
02-10-2023 01:00:00,27.9
02-10-2023 01:30:00,27.9
02-10-2023 02:00:00,27.9
02-10-2023 02:30:00,27.9
02-10-2023 03:00:00,27.9
02-10-2023 03:30:00,27.9
02-10-2023 04:00:00,16.8
02-10-2023 04:30:00,16.8
02-10-2023 05:00:00,16.8
02-10-2023 05:30:00,16.8
02-10-2023 06:00:00,16.8
02-10-2023 06:30:00,16.8
02-10-2023 07:00:00,27.9
02-10-2023 07:30:00,27.9
02-10-2023 08:00:00,27.9
02-10-2023 08:30:00,27.9
02-10-2023 09:00:00,27.9
02-10-2023 09:30:00,27.9
02-10-2023 10:00:00,27.9
02-10-2023 10:30:00,27.9
02-10-2023 11:00:00,27.9
02-10-2023 11:30:00,27.9
02-10-2023 12:00:00,27.9
02-10-2023 12:30:00,27.9
02-10-2023 13:00:00,16.8
02-10-2023 13:30:00,16.8
02-10-2023 14:00:00,16.8
02-10-2023 14:30:00,16.8
02-10-2023 15:00:00,16.8
02-10-2023 15:30:00,16.8
02-10-2023 16:00:00,44.7
02-10-2023 16:30:00,44.7
02-10-2023 17:00:00,44.7
02-10-2023 17:30:00,44.7
02-10-2023 18:00:00,44.7
02-10-2023 18:30:00,44.7
02-10-2023 19:00:00,27.9
02-10-2023 19:30:00,27.9
02-10-2023 20:00:00,27.9
02-10-2023 20:30:00,27.9
02-10-2023 21:00:00,27.9
02-10-2023 21:30:00,27.9
02-10-2023 22:00:00,27.9
02-10-2023 22:30:00,27.9
02-10-2023 23:00:00,27.9
02-10-2023 23:30:00,27.9
03-10-2023 00:00:00,27.9
03-10-2023 00:30:00,27.9
03-10-2023 01:00:00,27.9
03-10-2023 01:30:00,27.9
03-10-2023 02:00:00,27.9
03-10-2023 02:30:00,27.9
03-10-2023 03:00:00,27.9
03-10-2023 03:30:00,27.9
03-10-2023 04:00:00,16.8
03-10-2023 04:30:00,16.8
03-10-2023 05:00:00,16.8
03-10-2023 05:30:00,16.8
03-10-2023 06:00:00,16.8
03-10-2023 06:30:00,16.8
03-10-2023 07:00:00,27.9
03-10-2023 07:30:00,27.9
03-10-2023 08:00:00,27.9
03-10-2023 08:30:00,27.9
03-10-2023 09:00:00,27.9
03-10-2023 09:30:00,27.9
03-10-2023 10:00:00,27.9
03-10-2023 10:30:00,27.9
03-10-2023 11:00:00,27.9
03-10-2023 11:30:00,27.9
03-10-2023 12:00:00,27.9
03-10-2023 12:30:00,27.9
03-10-2023 13:00:00,16.8
03-10-2023 13:30:00,16.8
03-10-2023 14:00:00,16.8
03-10-2023 14:30:00,16.8
03-10-2023 15:00:00,16.8
03-10-2023 15:30:00,16.8
03-10-2023 16:00:00,44.7
03-10-2023 16:30:00,44.7
03-10-2023 17:00:00,44.7
03-10-2023 17:30:00,44.7
03-10-2023 18:00:00,44.7
03-10-2023 18:30:00,44.7
03-10-2023 19:00:00,27.9
03-10-2023 19:30:00,27.9
03-10-2023 20:00:00,27.9
03-10-2023 20:30:00,27.9
03-10-2023 21:00:00,27.9
03-10-2023 21:30:00,27.9
03-10-2023 22:00:00,27.9
03-10-2023 22:30:00,27.9
03-10-2023 23:00:00,27.9
03-10-2023 23:30:00,27.9
04-10-2023 00:00:00,27.9
04-10-2023 00:30:00,27.9
04-10-2023 01:00:00,27.9
04-10-2023 01:30:00,27.9
04-10-2023 02:00:00,27.9
04-10-2023 02:30:00,27.9
04-10-2023 03:00:00,27.9
04-10-2023 03:30:00,27.9
04-10-2023 04:00:00,16.8
04-10-2023 04:30:00,16.8
04-10-2023 05:00:00,16.8
04-10-2023 05:30:00,16.8
04-10-2023 06:00:00,16.8
04-10-2023 06:30:00,16.8
04-10-2023 07:00:00,27.9
04-10-2023 07:30:00,27.9
04-10-2023 08:00:00,27.9
04-10-2023 08:30:00,27.9
04-10-2023 09:00:00,27.9
04-10-2023 09:30:00,27.9
04-10-2023 10:00:00,27.9
04-10-2023 10:30:00,27.9
04-10-2023 11:00:00,27.9
04-10-2023 11:30:00,27.9
04-10-2023 12:00:00,27.9
04-10-2023 12:30:00,27.9
04-10-2023 13:00:00,16.8
04-10-2023 13:30:00,16.8
04-10-2023 14:00:00,16.8
04-10-2023 14:30:00,16.8
04-10-2023 15:00:00,16.8
04-10-2023 15:30:00,16.8
04-10-2023 16:00:00,44.7
04-10-2023 16:30:00,44.7
04-10-2023 17:00:00,44.7
04-10-2023 17:30:00,44.7
04-10-2023 18:00:00,44.7
04-10-2023 18:30:00,44.7
04-10-2023 19:00:00,27.9
04-10-2023 19:30:00,27.9
04-10-2023 20:00:00,27.9
04-10-2023 20:30:00,27.9
04-10-2023 21:00:00,27.9
04-10-2023 21:30:00,27.9
04-10-2023 22:00:00,27.9
04-10-2023 22:30:00,27.9
04-10-2023 23:00:00,27.9
04-10-2023 23:30:00,27.9
05-10-2023 00:00:00,27.9
05-10-2023 00:30:00,27.9
05-10-2023 01:00:00,27.9
05-10-2023 01:30:00,27.9
05-10-2023 02:00:00,27.9
05-10-2023 02:30:00,27.9
05-10-2023 03:00:00,27.9
05-10-2023 03:30:00,27.9
05-10-2023 04:00:00,16.8
05-10-2023 04:30:00,16.8
05-10-2023 05:00:00,16.8
05-10-2023 05:30:00,16.8
05-10-2023 06:00:00,16.8
05-10-2023 06:30:00,16.8
05-10-2023 07:00:00,27.9
05-10-2023 07:30:00,27.9
05-10-2023 08:00:00,27.9
05-10-2023 08:30:00,27.9
05-10-2023 09:00:00,27.9
05-10-2023 09:30:00,27.9
05-10-2023 10:00:00,27.9
05-10-2023 10:30:00,27.9
05-10-2023 11:00:00,27.9
05-10-2023 11:30:00,27.9
05-10-2023 12:00:00,27.9
05-10-2023 12:30:00,27.9
05-10-2023 13:00:00,16.8
05-10-2023 13:30:00,16.8
05-10-2023 14:00:00,16.8
05-10-2023 14:30:00,16.8
05-10-2023 15:00:00,16.8
05-10-2023 15:30:00,16.8
05-10-2023 16:00:00,44.7
05-10-2023 16:30:00,44.7
05-10-2023 17:00:00,44.7
05-10-2023 17:30:00,44.7
05-10-2023 18:00:00,44.7
05-10-2023 18:30:00,44.7
05-10-2023 19:00:00,27.9
05-10-2023 19:30:00,27.9
05-10-2023 20:00:00,27.9
05-10-2023 20:30:00,27.9
05-10-2023 21:00:00,27.9
05-10-2023 21:30:00,27.9
05-10-2023 22:00:00,27.9
05-10-2023 22:30:00,27.9
05-10-2023 23:00:00,27.9
05-10-2023 23:30:00,27.9
06-10-2023 00:00:00,27.9
06-10-2023 00:30:00,27.9
06-10-2023 01:00:00,27.9
06-10-2023 01:30:00,27.9
06-10-2023 02:00:00,27.9
06-10-2023 02:30:00,27.9
06-10-2023 03:00:00,27.9
06-10-2023 03:30:00,27.9
06-10-2023 04:00:00,16.8
06-10-2023 04:30:00,16.8
06-10-2023 05:00:00,16.8
06-10-2023 05:30:00,16.8
06-10-2023 06:00:00,16.8
06-10-2023 06:30:00,16.8
06-10-2023 07:00:00,27.9
06-10-2023 07:30:00,27.9
06-10-2023 08:00:00,27.9
06-10-2023 08:30:00,27.9
06-10-2023 09:00:00,27.9
06-10-2023 09:30:00,27.9
06-10-2023 10:00:00,27.9
06-10-2023 10:30:00,27.9
06-10-2023 11:00:00,27.9
06-10-2023 11:30:00,27.9
06-10-2023 12:00:00,27.9
06-10-2023 12:30:00,27.9
06-10-2023 13:00:00,16.8
06-10-2023 13:30:00,16.8
06-10-2023 14:00:00,16.8
06-10-2023 14:30:00,16.8
06-10-2023 15:00:00,16.8
06-10-2023 15:30:00,16.8
06-10-2023 16:00:00,44.7
06-10-2023 16:30:00,44.7
06-10-2023 17:00:00,44.7
06-10-2023 17:30:00,44.7
06-10-2023 18:00:00,44.7
06-10-2023 18:30:00,44.7
06-10-2023 19:00:00,27.9
06-10-2023 19:30:00,27.9
06-10-2023 20:00:00,27.9
06-10-2023 20:30:00,27.9
06-10-2023 21:00:00,27.9
06-10-2023 21:30:00,27.9
06-10-2023 22:00:00,27.9
06-10-2023 22:30:00,27.9
06-10-2023 23:00:00,27.9
06-10-2023 23:30:00,27.9
07-10-2023 00:00:00,27.9
07-10-2023 00:30:00,27.9
07-10-2023 01:00:00,27.9
07-10-2023 01:30:00,27.9
07-10-2023 02:00:00,27.9
07-10-2023 02:30:00,27.9
07-10-2023 03:00:00,27.9
07-10-2023 03:30:00,27.9
07-10-2023 04:00:00,16.8
07-10-2023 04:30:00,16.8
07-10-2023 05:00:00,16.8
07-10-2023 05:30:00,16.8
07-10-2023 06:00:00,16.8
07-10-2023 06:30:00,16.8
07-10-2023 07:00:00,27.9
07-10-2023 07:30:00,27.9
07-10-2023 08:00:00,27.9
07-10-2023 08:30:00,27.9
07-10-2023 09:00:00,27.9
07-10-2023 09:30:00,27.9
07-10-2023 10:00:00,27.9
07-10-2023 10:30:00,27.9
07-10-2023 11:00:00,27.9
07-10-2023 11:30:00,27.9
07-10-2023 12:00:00,27.9
07-10-2023 12:30:00,27.9
07-10-2023 13:00:00,16.8
07-10-2023 13:30:00,16.8
07-10-2023 14:00:00,16.8
07-10-2023 14:30:00,16.8
07-10-2023 15:00:00,16.8
07-10-2023 15:30:00,16.8
07-10-2023 16:00:00,44.7
07-10-2023 16:30:00,44.7
07-10-2023 17:00:00,44.7
07-10-2023 17:30:00,44.7
07-10-2023 18:00:00,44.7
07-10-2023 18:30:00,44.7
07-10-2023 19:00:00,27.9
07-10-2023 19:30:00,27.9
07-10-2023 20:00:00,27.9
07-10-2023 20:30:00,27.9
07-10-2023 21:00:00,27.9
07-10-2023 21:30:00,27.9
07-10-2023 22:00:00,27.9
07-10-2023 22:30:00,27.9
07-10-2023 23:00:00,27.9
07-10-2023 23:30:00,27.9
08-10-2023 00:00:00,27.9
08-10-2023 00:30:00,27.9
08-10-2023 01:00:00,27.9
08-10-2023 01:30:00,27.9
08-10-2023 02:00:00,27.9
08-10-2023 02:30:00,27.9
08-10-2023 03:00:00,27.9
08-10-2023 03:30:00,27.9
08-10-2023 04:00:00,16.8
08-10-2023 04:30:00,16.8
08-10-2023 05:00:00,16.8
08-10-2023 05:30:00,16.8
08-10-2023 06:00:00,16.8
08-10-2023 06:30:00,16.8
08-10-2023 07:00:00,27.9
08-10-2023 07:30:00,27.9
08-10-2023 08:00:00,27.9
08-10-2023 08:30:00,27.9
08-10-2023 09:00:00,27.9
08-10-2023 09:30:00,27.9
08-10-2023 10:00:00,27.9
08-10-2023 10:30:00,27.9
08-10-2023 11:00:00,27.9
08-10-2023 11:30:00,27.9
08-10-2023 12:00:00,27.9
08-10-2023 12:30:00,27.9
08-10-2023 13:00:00,16.8
08-10-2023 13:30:00,16.8
08-10-2023 14:00:00,16.8
08-10-2023 14:30:00,16.8
08-10-2023 15:00:00,16.8
08-10-2023 15:30:00,16.8
08-10-2023 16:00:00,44.7
08-10-2023 16:30:00,44.7
08-10-2023 17:00:00,44.7
08-10-2023 17:30:00,44.7
08-10-2023 18:00:00,44.7
08-10-2023 18:30:00,44.7
08-10-2023 19:00:00,27.9
08-10-2023 19:30:00,27.9
08-10-2023 20:00:00,27.9
08-10-2023 20:30:00,27.9
08-10-2023 21:00:00,27.9
08-10-2023 21:30:00,27.9
08-10-2023 22:00:00,27.9
08-10-2023 22:30:00,27.9
08-10-2023 23:00:00,27.9
08-10-2023 23:30:00,27.9
09-10-2023 00:00:00,27.9
09-10-2023 00:30:00,27.9
09-10-2023 01:00:00,27.9
09-10-2023 01:30:00,27.9
09-10-2023 02:00:00,27.9
09-10-2023 02:30:00,27.9
09-10-2023 03:00:00,27.9
09-10-2023 03:30:00,27.9
09-10-2023 04:00:00,16.8
09-10-2023 04:30:00,16.8
09-10-2023 05:00:00,16.8
09-10-2023 05:30:00,16.8
09-10-2023 06:00:00,16.8
09-10-2023 06:30:00,16.8
09-10-2023 07:00:00,27.9
09-10-2023 07:30:00,27.9
09-10-2023 08:00:00,27.9
09-10-2023 08:30:00,27.9
09-10-2023 09:00:00,27.9
09-10-2023 09:30:00,27.9
09-10-2023 10:00:00,27.9
09-10-2023 10:30:00,27.9
09-10-2023 11:00:00,27.9
09-10-2023 11:30:00,27.9
09-10-2023 12:00:00,27.9
09-10-2023 12:30:00,27.9
09-10-2023 13:00:00,16.8
09-10-2023 13:30:00,16.8
09-10-2023 14:00:00,16.8
09-10-2023 14:30:00,16.8
09-10-2023 15:00:00,16.8
09-10-2023 15:30:00,16.8
09-10-2023 16:00:00,44.7
09-10-2023 16:30:00,44.7
09-10-2023 17:00:00,44.7
09-10-2023 17:30:00,44.7
09-10-2023 18:00:00,44.7
09-10-2023 18:30:00,44.7
09-10-2023 19:00:00,27.9
09-10-2023 19:30:00,27.9
09-10-2023 20:00:00,27.9
09-10-2023 20:30:00,27.9
09-10-2023 21:00:00,27.9
09-10-2023 21:30:00,27.9
09-10-2023 22:00:00,27.9
09-10-2023 22:30:00,27.9
09-10-2023 23:00:00,27.9
09-10-2023 23:30:00,27.9
10-10-2023 00:00:00,27.9
10-10-2023 00:30:00,27.9
10-10-2023 01:00:00,27.9
10-10-2023 01:30:00,27.9
10-10-2023 02:00:00,27.9
10-10-2023 02:30:00,27.9
10-10-2023 03:00:00,27.9
10-10-2023 03:30:00,27.9
10-10-2023 04:00:00,16.8
10-10-2023 04:30:00,16.8
10-10-2023 05:00:00,16.8
10-10-2023 05:30:00,16.8
10-10-2023 06:00:00,16.8
10-10-2023 06:30:00,16.8
10-10-2023 07:00:00,27.9
10-10-2023 07:30:00,27.9
10-10-2023 08:00:00,27.9
10-10-2023 08:30:00,27.9
10-10-2023 09:00:00,27.9
10-10-2023 09:30:00,27.9
10-10-2023 10:00:00,27.9
10-10-2023 10:30:00,27.9
10-10-2023 11:00:00,27.9
10-10-2023 11:30:00,27.9
10-10-2023 12:00:00,27.9
10-10-2023 12:30:00,27.9
10-10-2023 13:00:00,16.8
10-10-2023 13:30:00,16.8
10-10-2023 14:00:00,16.8
10-10-2023 14:30:00,16.8
10-10-2023 15:00:00,16.8
10-10-2023 15:30:00,16.8
10-10-2023 16:00:00,44.7
10-10-2023 16:30:00,44.7
10-10-2023 17:00:00,44.7
10-10-2023 17:30:00,44.7
10-10-2023 18:00:00,44.7
10-10-2023 18:30:00,44.7
10-10-2023 19:00:00,27.9
10-10-2023 19:30:00,27.9
10-10-2023 20:00:00,27.9
10-10-2023 20:30:00,27.9
10-10-2023 21:00:00,27.9
10-10-2023 21:30:00,27.9
10-10-2023 22:00:00,27.9
10-10-2023 22:30:00,27.9
10-10-2023 23:00:00,27.9
10-10-2023 23:30:00,27.9
11-10-2023 00:00:00,27.9
11-10-2023 00:30:00,27.9
11-10-2023 01:00:00,27.9
11-10-2023 01:30:00,27.9
11-10-2023 02:00:00,27.9
11-10-2023 02:30:00,27.9
11-10-2023 03:00:00,27.9
11-10-2023 03:30:00,27.9
11-10-2023 04:00:00,16.8
11-10-2023 04:30:00,16.8
11-10-2023 05:00:00,16.8
11-10-2023 05:30:00,16.8
11-10-2023 06:00:00,16.8
11-10-2023 06:30:00,16.8
11-10-2023 07:00:00,27.9
11-10-2023 07:30:00,27.9
11-10-2023 08:00:00,27.9
11-10-2023 08:30:00,27.9
11-10-2023 09:00:00,27.9
11-10-2023 09:30:00,27.9
11-10-2023 10:00:00,27.9
11-10-2023 10:30:00,27.9
11-10-2023 11:00:00,27.9
11-10-2023 11:30:00,27.9
11-10-2023 12:00:00,27.9
11-10-2023 12:30:00,27.9
11-10-2023 13:00:00,16.8
11-10-2023 13:30:00,16.8
11-10-2023 14:00:00,16.8
11-10-2023 14:30:00,16.8
11-10-2023 15:00:00,16.8
11-10-2023 15:30:00,16.8
11-10-2023 16:00:00,44.7
11-10-2023 16:30:00,44.7
11-10-2023 17:00:00,44.7
11-10-2023 17:30:00,44.7
11-10-2023 18:00:00,44.7
11-10-2023 18:30:00,44.7
11-10-2023 19:00:00,27.9
11-10-2023 19:30:00,27.9
11-10-2023 20:00:00,27.9
11-10-2023 20:30:00,27.9
11-10-2023 21:00:00,27.9
11-10-2023 21:30:00,27.9
11-10-2023 22:00:00,27.9
11-10-2023 22:30:00,27.9
11-10-2023 23:00:00,27.9
11-10-2023 23:30:00,27.9
12-10-2023 00:00:00,27.9
12-10-2023 00:30:00,27.9
12-10-2023 01:00:00,27.9
12-10-2023 01:30:00,27.9
12-10-2023 02:00:00,27.9
12-10-2023 02:30:00,27.9
12-10-2023 03:00:00,27.9
12-10-2023 03:30:00,27.9
12-10-2023 04:00:00,16.8
12-10-2023 04:30:00,16.8
12-10-2023 05:00:00,16.8
12-10-2023 05:30:00,16.8
12-10-2023 06:00:00,16.8
12-10-2023 06:30:00,16.8
12-10-2023 07:00:00,27.9
12-10-2023 07:30:00,27.9
12-10-2023 08:00:00,27.9
12-10-2023 08:30:00,27.9
12-10-2023 09:00:00,27.9
12-10-2023 09:30:00,27.9
12-10-2023 10:00:00,27.9
12-10-2023 10:30:00,27.9
12-10-2023 11:00:00,27.9
12-10-2023 11:30:00,27.9
12-10-2023 12:00:00,27.9
12-10-2023 12:30:00,27.9
12-10-2023 13:00:00,16.8
12-10-2023 13:30:00,16.8
12-10-2023 14:00:00,16.8
12-10-2023 14:30:00,16.8
12-10-2023 15:00:00,16.8
12-10-2023 15:30:00,16.8
12-10-2023 16:00:00,44.7
12-10-2023 16:30:00,44.7
12-10-2023 17:00:00,44.7
12-10-2023 17:30:00,44.7
12-10-2023 18:00:00,44.7
12-10-2023 18:30:00,44.7
12-10-2023 19:00:00,27.9
12-10-2023 19:30:00,27.9
12-10-2023 20:00:00,27.9
12-10-2023 20:30:00,27.9
12-10-2023 21:00:00,27.9
12-10-2023 21:30:00,27.9
12-10-2023 22:00:00,27.9
12-10-2023 22:30:00,27.9
12-10-2023 23:00:00,27.9
12-10-2023 23:30:00,27.9
13-10-2023 00:00:00,27.9
13-10-2023 00:30:00,27.9
13-10-2023 01:00:00,27.9
13-10-2023 01:30:00,27.9
13-10-2023 02:00:00,27.9
13-10-2023 02:30:00,27.9
13-10-2023 03:00:00,27.9
13-10-2023 03:30:00,27.9
13-10-2023 04:00:00,16.8
13-10-2023 04:30:00,16.8
13-10-2023 05:00:00,16.8
13-10-2023 05:30:00,16.8
13-10-2023 06:00:00,16.8
13-10-2023 06:30:00,16.8
13-10-2023 07:00:00,27.9
13-10-2023 07:30:00,27.9
13-10-2023 08:00:00,27.9
13-10-2023 08:30:00,27.9
13-10-2023 09:00:00,27.9
13-10-2023 09:30:00,27.9
13-10-2023 10:00:00,27.9
13-10-2023 10:30:00,27.9
13-10-2023 11:00:00,27.9
13-10-2023 11:30:00,27.9
13-10-2023 12:00:00,27.9
13-10-2023 12:30:00,27.9
13-10-2023 13:00:00,16.8
13-10-2023 13:30:00,16.8
13-10-2023 14:00:00,16.8
13-10-2023 14:30:00,16.8
13-10-2023 15:00:00,16.8
13-10-2023 15:30:00,16.8
13-10-2023 16:00:00,44.7
13-10-2023 16:30:00,44.7
13-10-2023 17:00:00,44.7
13-10-2023 17:30:00,44.7
13-10-2023 18:00:00,44.7
13-10-2023 18:30:00,44.7
13-10-2023 19:00:00,27.9
13-10-2023 19:30:00,27.9
13-10-2023 20:00:00,27.9
13-10-2023 20:30:00,27.9
13-10-2023 21:00:00,27.9
13-10-2023 21:30:00,27.9
13-10-2023 22:00:00,27.9
13-10-2023 22:30:00,27.9
13-10-2023 23:00:00,27.9
13-10-2023 23:30:00,27.9
14-10-2023 00:00:00,27.9
14-10-2023 00:30:00,27.9
14-10-2023 01:00:00,27.9
14-10-2023 01:30:00,27.9
14-10-2023 02:00:00,27.9
14-10-2023 02:30:00,27.9
14-10-2023 03:00:00,27.9
14-10-2023 03:30:00,27.9
14-10-2023 04:00:00,16.8
14-10-2023 04:30:00,16.8
14-10-2023 05:00:00,16.8
14-10-2023 05:30:00,16.8
14-10-2023 06:00:00,16.8
14-10-2023 06:30:00,16.8
14-10-2023 07:00:00,27.9
14-10-2023 07:30:00,27.9
14-10-2023 08:00:00,27.9
14-10-2023 08:30:00,27.9
14-10-2023 09:00:00,27.9
14-10-2023 09:30:00,27.9
14-10-2023 10:00:00,27.9
14-10-2023 10:30:00,27.9
14-10-2023 11:00:00,27.9
14-10-2023 11:30:00,27.9
14-10-2023 12:00:00,27.9
14-10-2023 12:30:00,27.9
14-10-2023 13:00:00,16.8
14-10-2023 13:30:00,16.8
14-10-2023 14:00:00,16.8
14-10-2023 14:30:00,16.8
14-10-2023 15:00:00,16.8
14-10-2023 15:30:00,16.8
14-10-2023 16:00:00,44.7
14-10-2023 16:30:00,44.7
14-10-2023 17:00:00,44.7
14-10-2023 17:30:00,44.7
14-10-2023 18:00:00,44.7
14-10-2023 18:30:00,44.7
14-10-2023 19:00:00,27.9
14-10-2023 19:30:00,27.9
14-10-2023 20:00:00,27.9
14-10-2023 20:30:00,27.9
14-10-2023 21:00:00,27.9
14-10-2023 21:30:00,27.9
14-10-2023 22:00:00,27.9
14-10-2023 22:30:00,27.9
14-10-2023 23:00:00,27.9
14-10-2023 23:30:00,27.9
15-10-2023 00:00:00,27.9
15-10-2023 00:30:00,27.9
15-10-2023 01:00:00,27.9
15-10-2023 01:30:00,27.9
15-10-2023 02:00:00,27.9
15-10-2023 02:30:00,27.9
15-10-2023 03:00:00,27.9
15-10-2023 03:30:00,27.9
15-10-2023 04:00:00,16.8
15-10-2023 04:30:00,16.8
15-10-2023 05:00:00,16.8
15-10-2023 05:30:00,16.8
15-10-2023 06:00:00,16.8
15-10-2023 06:30:00,16.8
15-10-2023 07:00:00,27.9
15-10-2023 07:30:00,27.9
15-10-2023 08:00:00,27.9
15-10-2023 08:30:00,27.9
15-10-2023 09:00:00,27.9
15-10-2023 09:30:00,27.9
15-10-2023 10:00:00,27.9
15-10-2023 10:30:00,27.9
15-10-2023 11:00:00,27.9
15-10-2023 11:30:00,27.9
15-10-2023 12:00:00,27.9
15-10-2023 12:30:00,27.9
15-10-2023 13:00:00,16.8
15-10-2023 13:30:00,16.8
15-10-2023 14:00:00,16.8
15-10-2023 14:30:00,16.8
15-10-2023 15:00:00,16.8
15-10-2023 15:30:00,16.8
15-10-2023 16:00:00,44.7
15-10-2023 16:30:00,44.7
15-10-2023 17:00:00,44.7
15-10-2023 17:30:00,44.7
15-10-2023 18:00:00,44.7
15-10-2023 18:30:00,44.7
15-10-2023 19:00:00,27.9
15-10-2023 19:30:00,27.9
15-10-2023 20:00:00,27.9
15-10-2023 20:30:00,27.9
15-10-2023 21:00:00,27.9
15-10-2023 21:30:00,27.9
15-10-2023 22:00:00,27.9
15-10-2023 22:30:00,27.9
15-10-2023 23:00:00,27.9
15-10-2023 23:30:00,27.9
16-10-2023 00:00:00,27.9
16-10-2023 00:30:00,27.9
16-10-2023 01:00:00,27.9
16-10-2023 01:30:00,27.9
16-10-2023 02:00:00,27.9
16-10-2023 02:30:00,27.9
16-10-2023 03:00:00,27.9
16-10-2023 03:30:00,27.9
16-10-2023 04:00:00,16.8
16-10-2023 04:30:00,16.8
16-10-2023 05:00:00,16.8
16-10-2023 05:30:00,16.8
16-10-2023 06:00:00,16.8
16-10-2023 06:30:00,16.8
16-10-2023 07:00:00,27.9
16-10-2023 07:30:00,27.9
16-10-2023 08:00:00,27.9
16-10-2023 08:30:00,27.9
16-10-2023 09:00:00,27.9
16-10-2023 09:30:00,27.9
16-10-2023 10:00:00,27.9
16-10-2023 10:30:00,27.9
16-10-2023 11:00:00,27.9
16-10-2023 11:30:00,27.9
16-10-2023 12:00:00,27.9
16-10-2023 12:30:00,27.9
16-10-2023 13:00:00,16.8
16-10-2023 13:30:00,16.8
16-10-2023 14:00:00,16.8
16-10-2023 14:30:00,16.8
16-10-2023 15:00:00,16.8
16-10-2023 15:30:00,16.8
16-10-2023 16:00:00,44.7
16-10-2023 16:30:00,44.7
16-10-2023 17:00:00,44.7
16-10-2023 17:30:00,44.7
16-10-2023 18:00:00,44.7
16-10-2023 18:30:00,44.7
16-10-2023 19:00:00,27.9
16-10-2023 19:30:00,27.9
16-10-2023 20:00:00,27.9
16-10-2023 20:30:00,27.9
16-10-2023 21:00:00,27.9
16-10-2023 21:30:00,27.9
16-10-2023 22:00:00,27.9
16-10-2023 22:30:00,27.9
16-10-2023 23:00:00,27.9
16-10-2023 23:30:00,27.9
17-10-2023 00:00:00,27.9
17-10-2023 00:30:00,27.9
17-10-2023 01:00:00,27.9
17-10-2023 01:30:00,27.9
17-10-2023 02:00:00,27.9
17-10-2023 02:30:00,27.9
17-10-2023 03:00:00,27.9
17-10-2023 03:30:00,27.9
17-10-2023 04:00:00,16.8
17-10-2023 04:30:00,16.8
17-10-2023 05:00:00,16.8
17-10-2023 05:30:00,16.8
17-10-2023 06:00:00,16.8
17-10-2023 06:30:00,16.8
17-10-2023 07:00:00,27.9
17-10-2023 07:30:00,27.9
17-10-2023 08:00:00,27.9
17-10-2023 08:30:00,27.9
17-10-2023 09:00:00,27.9
17-10-2023 09:30:00,27.9
17-10-2023 10:00:00,27.9
17-10-2023 10:30:00,27.9
17-10-2023 11:00:00,27.9
17-10-2023 11:30:00,27.9
17-10-2023 12:00:00,27.9
17-10-2023 12:30:00,27.9
17-10-2023 13:00:00,16.8
17-10-2023 13:30:00,16.8
17-10-2023 14:00:00,16.8
17-10-2023 14:30:00,16.8
17-10-2023 15:00:00,16.8
17-10-2023 15:30:00,16.8
17-10-2023 16:00:00,44.7
17-10-2023 16:30:00,44.7
17-10-2023 17:00:00,44.7
17-10-2023 17:30:00,44.7
17-10-2023 18:00:00,44.7
17-10-2023 18:30:00,44.7
17-10-2023 19:00:00,27.9
17-10-2023 19:30:00,27.9
17-10-2023 20:00:00,27.9
17-10-2023 20:30:00,27.9
17-10-2023 21:00:00,27.9
17-10-2023 21:30:00,27.9
17-10-2023 22:00:00,27.9
17-10-2023 22:30:00,27.9
17-10-2023 23:00:00,27.9
17-10-2023 23:30:00,27.9
18-10-2023 00:00:00,27.9
18-10-2023 00:30:00,27.9
18-10-2023 01:00:00,27.9
18-10-2023 01:30:00,27.9
18-10-2023 02:00:00,27.9
18-10-2023 02:30:00,27.9
18-10-2023 03:00:00,27.9
18-10-2023 03:30:00,27.9
18-10-2023 04:00:00,16.8
18-10-2023 04:30:00,16.8
18-10-2023 05:00:00,16.8
18-10-2023 05:30:00,16.8
18-10-2023 06:00:00,16.8
18-10-2023 06:30:00,16.8
18-10-2023 07:00:00,27.9
18-10-2023 07:30:00,27.9
18-10-2023 08:00:00,27.9
18-10-2023 08:30:00,27.9
18-10-2023 09:00:00,27.9
18-10-2023 09:30:00,27.9
18-10-2023 10:00:00,27.9
18-10-2023 10:30:00,27.9
18-10-2023 11:00:00,27.9
18-10-2023 11:30:00,27.9
18-10-2023 12:00:00,27.9
18-10-2023 12:30:00,27.9
18-10-2023 13:00:00,16.8
18-10-2023 13:30:00,16.8
18-10-2023 14:00:00,16.8
18-10-2023 14:30:00,16.8
18-10-2023 15:00:00,16.8
18-10-2023 15:30:00,16.8
18-10-2023 16:00:00,44.7
18-10-2023 16:30:00,44.7
18-10-2023 17:00:00,44.7
18-10-2023 17:30:00,44.7
18-10-2023 18:00:00,44.7
18-10-2023 18:30:00,44.7
18-10-2023 19:00:00,27.9
18-10-2023 19:30:00,27.9
18-10-2023 20:00:00,27.9
18-10-2023 20:30:00,27.9
18-10-2023 21:00:00,27.9
18-10-2023 21:30:00,27.9
18-10-2023 22:00:00,27.9
18-10-2023 22:30:00,27.9
18-10-2023 23:00:00,27.9
18-10-2023 23:30:00,27.9
19-10-2023 00:00:00,27.9
19-10-2023 00:30:00,27.9
19-10-2023 01:00:00,27.9
19-10-2023 01:30:00,27.9
19-10-2023 02:00:00,27.9
19-10-2023 02:30:00,27.9
19-10-2023 03:00:00,27.9
19-10-2023 03:30:00,27.9
19-10-2023 04:00:00,16.8
19-10-2023 04:30:00,16.8
19-10-2023 05:00:00,16.8
19-10-2023 05:30:00,16.8
19-10-2023 06:00:00,16.8
19-10-2023 06:30:00,16.8
19-10-2023 07:00:00,27.9
19-10-2023 07:30:00,27.9
19-10-2023 08:00:00,27.9
19-10-2023 08:30:00,27.9
19-10-2023 09:00:00,27.9
19-10-2023 09:30:00,27.9
19-10-2023 10:00:00,27.9
19-10-2023 10:30:00,27.9
19-10-2023 11:00:00,27.9
19-10-2023 11:30:00,27.9
19-10-2023 12:00:00,27.9
19-10-2023 12:30:00,27.9
19-10-2023 13:00:00,16.8
19-10-2023 13:30:00,16.8
19-10-2023 14:00:00,16.8
19-10-2023 14:30:00,16.8
19-10-2023 15:00:00,16.8
19-10-2023 15:30:00,16.8
19-10-2023 16:00:00,44.7
19-10-2023 16:30:00,44.7
19-10-2023 17:00:00,44.7
19-10-2023 17:30:00,44.7
19-10-2023 18:00:00,44.7
19-10-2023 18:30:00,44.7
19-10-2023 19:00:00,27.9
19-10-2023 19:30:00,27.9
19-10-2023 20:00:00,27.9
19-10-2023 20:30:00,27.9
19-10-2023 21:00:00,27.9
19-10-2023 21:30:00,27.9
19-10-2023 22:00:00,27.9
19-10-2023 22:30:00,27.9
19-10-2023 23:00:00,27.9
19-10-2023 23:30:00,27.9
20-10-2023 00:00:00,27.9
20-10-2023 00:30:00,27.9
20-10-2023 01:00:00,27.9
20-10-2023 01:30:00,27.9
20-10-2023 02:00:00,27.9
20-10-2023 02:30:00,27.9
20-10-2023 03:00:00,27.9
20-10-2023 03:30:00,27.9
20-10-2023 04:00:00,16.8
20-10-2023 04:30:00,16.8
20-10-2023 05:00:00,16.8
20-10-2023 05:30:00,16.8
20-10-2023 06:00:00,16.8
20-10-2023 06:30:00,16.8
20-10-2023 07:00:00,27.9
20-10-2023 07:30:00,27.9
20-10-2023 08:00:00,27.9
20-10-2023 08:30:00,27.9
20-10-2023 09:00:00,27.9
20-10-2023 09:30:00,27.9
20-10-2023 10:00:00,27.9
20-10-2023 10:30:00,27.9
20-10-2023 11:00:00,27.9
20-10-2023 11:30:00,27.9
20-10-2023 12:00:00,27.9
20-10-2023 12:30:00,27.9
20-10-2023 13:00:00,16.8
20-10-2023 13:30:00,16.8
20-10-2023 14:00:00,16.8
20-10-2023 14:30:00,16.8
20-10-2023 15:00:00,16.8
20-10-2023 15:30:00,16.8
20-10-2023 16:00:00,44.7
20-10-2023 16:30:00,44.7
20-10-2023 17:00:00,44.7
20-10-2023 17:30:00,44.7
20-10-2023 18:00:00,44.7
20-10-2023 18:30:00,44.7
20-10-2023 19:00:00,27.9
20-10-2023 19:30:00,27.9
20-10-2023 20:00:00,27.9
20-10-2023 20:30:00,27.9
20-10-2023 21:00:00,27.9
20-10-2023 21:30:00,27.9
20-10-2023 22:00:00,27.9
20-10-2023 22:30:00,27.9
20-10-2023 23:00:00,27.9
20-10-2023 23:30:00,27.9
21-10-2023 00:00:00,27.9
21-10-2023 00:30:00,27.9
21-10-2023 01:00:00,27.9
21-10-2023 01:30:00,27.9
21-10-2023 02:00:00,27.9
21-10-2023 02:30:00,27.9
21-10-2023 03:00:00,27.9
21-10-2023 03:30:00,27.9
21-10-2023 04:00:00,16.8
21-10-2023 04:30:00,16.8
21-10-2023 05:00:00,16.8
21-10-2023 05:30:00,16.8
21-10-2023 06:00:00,16.8
21-10-2023 06:30:00,16.8
21-10-2023 07:00:00,27.9
21-10-2023 07:30:00,27.9
21-10-2023 08:00:00,27.9
21-10-2023 08:30:00,27.9
21-10-2023 09:00:00,27.9
21-10-2023 09:30:00,27.9
21-10-2023 10:00:00,27.9
21-10-2023 10:30:00,27.9
21-10-2023 11:00:00,27.9
21-10-2023 11:30:00,27.9
21-10-2023 12:00:00,27.9
21-10-2023 12:30:00,27.9
21-10-2023 13:00:00,16.8
21-10-2023 13:30:00,16.8
21-10-2023 14:00:00,16.8
21-10-2023 14:30:00,16.8
21-10-2023 15:00:00,16.8
21-10-2023 15:30:00,16.8
21-10-2023 16:00:00,44.7
21-10-2023 16:30:00,44.7
21-10-2023 17:00:00,44.7
21-10-2023 17:30:00,44.7
21-10-2023 18:00:00,44.7
21-10-2023 18:30:00,44.7
21-10-2023 19:00:00,27.9
21-10-2023 19:30:00,27.9
21-10-2023 20:00:00,27.9
21-10-2023 20:30:00,27.9
21-10-2023 21:00:00,27.9
21-10-2023 21:30:00,27.9
21-10-2023 22:00:00,27.9
21-10-2023 22:30:00,27.9
21-10-2023 23:00:00,27.9
21-10-2023 23:30:00,27.9
22-10-2023 00:00:00,27.9
22-10-2023 00:30:00,27.9
22-10-2023 01:00:00,27.9
22-10-2023 01:30:00,27.9
22-10-2023 02:00:00,27.9
22-10-2023 02:30:00,27.9
22-10-2023 03:00:00,27.9
22-10-2023 03:30:00,27.9
22-10-2023 04:00:00,16.8
22-10-2023 04:30:00,16.8
22-10-2023 05:00:00,16.8
22-10-2023 05:30:00,16.8
22-10-2023 06:00:00,16.8
22-10-2023 06:30:00,16.8
22-10-2023 07:00:00,27.9
22-10-2023 07:30:00,27.9
22-10-2023 08:00:00,27.9
22-10-2023 08:30:00,27.9
22-10-2023 09:00:00,27.9
22-10-2023 09:30:00,27.9
22-10-2023 10:00:00,27.9
22-10-2023 10:30:00,27.9
22-10-2023 11:00:00,27.9
22-10-2023 11:30:00,27.9
22-10-2023 12:00:00,27.9
22-10-2023 12:30:00,27.9
22-10-2023 13:00:00,16.8
22-10-2023 13:30:00,16.8
22-10-2023 14:00:00,16.8
22-10-2023 14:30:00,16.8
22-10-2023 15:00:00,16.8
22-10-2023 15:30:00,16.8
22-10-2023 16:00:00,44.7
22-10-2023 16:30:00,44.7
22-10-2023 17:00:00,44.7
22-10-2023 17:30:00,44.7
22-10-2023 18:00:00,44.7
22-10-2023 18:30:00,44.7
22-10-2023 19:00:00,27.9
22-10-2023 19:30:00,27.9
22-10-2023 20:00:00,27.9
22-10-2023 20:30:00,27.9
22-10-2023 21:00:00,27.9
22-10-2023 21:30:00,27.9
22-10-2023 22:00:00,27.9
22-10-2023 22:30:00,27.9
22-10-2023 23:00:00,27.9
22-10-2023 23:30:00,27.9
23-10-2023 00:00:00,27.9
23-10-2023 00:30:00,27.9
23-10-2023 01:00:00,27.9
23-10-2023 01:30:00,27.9
23-10-2023 02:00:00,27.9
23-10-2023 02:30:00,27.9
23-10-2023 03:00:00,27.9
23-10-2023 03:30:00,27.9
23-10-2023 04:00:00,16.8
23-10-2023 04:30:00,16.8
23-10-2023 05:00:00,16.8
23-10-2023 05:30:00,16.8
23-10-2023 06:00:00,16.8
23-10-2023 06:30:00,16.8
23-10-2023 07:00:00,27.9
23-10-2023 07:30:00,27.9
23-10-2023 08:00:00,27.9
23-10-2023 08:30:00,27.9
23-10-2023 09:00:00,27.9
23-10-2023 09:30:00,27.9
23-10-2023 10:00:00,27.9
23-10-2023 10:30:00,27.9
23-10-2023 11:00:00,27.9
23-10-2023 11:30:00,27.9
23-10-2023 12:00:00,27.9
23-10-2023 12:30:00,27.9
23-10-2023 13:00:00,16.8
23-10-2023 13:30:00,16.8
23-10-2023 14:00:00,16.8
23-10-2023 14:30:00,16.8
23-10-2023 15:00:00,16.8
23-10-2023 15:30:00,16.8
23-10-2023 16:00:00,44.7
23-10-2023 16:30:00,44.7
23-10-2023 17:00:00,44.7
23-10-2023 17:30:00,44.7
23-10-2023 18:00:00,44.7
23-10-2023 18:30:00,44.7
23-10-2023 19:00:00,27.9
23-10-2023 19:30:00,27.9
23-10-2023 20:00:00,27.9
23-10-2023 20:30:00,27.9
23-10-2023 21:00:00,27.9
23-10-2023 21:30:00,27.9
23-10-2023 22:00:00,27.9
23-10-2023 22:30:00,27.9
23-10-2023 23:00:00,27.9
23-10-2023 23:30:00,27.9
24-10-2023 00:00:00,27.9
24-10-2023 00:30:00,27.9
24-10-2023 01:00:00,27.9
24-10-2023 01:30:00,27.9
24-10-2023 02:00:00,27.9
24-10-2023 02:30:00,27.9
24-10-2023 03:00:00,27.9
24-10-2023 03:30:00,27.9
24-10-2023 04:00:00,16.8
24-10-2023 04:30:00,16.8
24-10-2023 05:00:00,16.8
24-10-2023 05:30:00,16.8
24-10-2023 06:00:00,16.8
24-10-2023 06:30:00,16.8
24-10-2023 07:00:00,27.9
24-10-2023 07:30:00,27.9
24-10-2023 08:00:00,27.9
24-10-2023 08:30:00,27.9
24-10-2023 09:00:00,27.9
24-10-2023 09:30:00,27.9
24-10-2023 10:00:00,27.9
24-10-2023 10:30:00,27.9
24-10-2023 11:00:00,27.9
24-10-2023 11:30:00,27.9
24-10-2023 12:00:00,27.9
24-10-2023 12:30:00,27.9
24-10-2023 13:00:00,16.8
24-10-2023 13:30:00,16.8
24-10-2023 14:00:00,16.8
24-10-2023 14:30:00,16.8
24-10-2023 15:00:00,16.8
24-10-2023 15:30:00,16.8
24-10-2023 16:00:00,44.7
24-10-2023 16:30:00,44.7
24-10-2023 17:00:00,44.7
24-10-2023 17:30:00,44.7
24-10-2023 18:00:00,44.7
24-10-2023 18:30:00,44.7
24-10-2023 19:00:00,27.9
24-10-2023 19:30:00,27.9
24-10-2023 20:00:00,27.9
24-10-2023 20:30:00,27.9
24-10-2023 21:00:00,27.9
24-10-2023 21:30:00,27.9
24-10-2023 22:00:00,27.9
24-10-2023 22:30:00,27.9
24-10-2023 23:00:00,27.9
24-10-2023 23:30:00,27.9
25-10-2023 00:00:00,27.9
25-10-2023 00:30:00,27.9
25-10-2023 01:00:00,27.9
25-10-2023 01:30:00,27.9
25-10-2023 02:00:00,27.9
25-10-2023 02:30:00,27.9
25-10-2023 03:00:00,27.9
25-10-2023 03:30:00,27.9
25-10-2023 04:00:00,16.8
25-10-2023 04:30:00,16.8
25-10-2023 05:00:00,16.8
25-10-2023 05:30:00,16.8
25-10-2023 06:00:00,16.8
25-10-2023 06:30:00,16.8
25-10-2023 07:00:00,27.9
25-10-2023 07:30:00,27.9
25-10-2023 08:00:00,27.9
25-10-2023 08:30:00,27.9
25-10-2023 09:00:00,27.9
25-10-2023 09:30:00,27.9
25-10-2023 10:00:00,27.9
25-10-2023 10:30:00,27.9
25-10-2023 11:00:00,27.9
25-10-2023 11:30:00,27.9
25-10-2023 12:00:00,27.9
25-10-2023 12:30:00,27.9
25-10-2023 13:00:00,16.8
25-10-2023 13:30:00,16.8
25-10-2023 14:00:00,16.8
25-10-2023 14:30:00,16.8
25-10-2023 15:00:00,16.8
25-10-2023 15:30:00,16.8
25-10-2023 16:00:00,44.7
25-10-2023 16:30:00,44.7
25-10-2023 17:00:00,44.7
25-10-2023 17:30:00,44.7
25-10-2023 18:00:00,44.7
25-10-2023 18:30:00,44.7
25-10-2023 19:00:00,27.9
25-10-2023 19:30:00,27.9
25-10-2023 20:00:00,27.9
25-10-2023 20:30:00,27.9
25-10-2023 21:00:00,27.9
25-10-2023 21:30:00,27.9
25-10-2023 22:00:00,27.9
25-10-2023 22:30:00,27.9
25-10-2023 23:00:00,27.9
25-10-2023 23:30:00,27.9
26-10-2023 00:00:00,27.9
26-10-2023 00:30:00,27.9
26-10-2023 01:00:00,27.9
26-10-2023 01:30:00,27.9
26-10-2023 02:00:00,27.9
26-10-2023 02:30:00,27.9
26-10-2023 03:00:00,27.9
26-10-2023 03:30:00,27.9
26-10-2023 04:00:00,16.8
26-10-2023 04:30:00,16.8
26-10-2023 05:00:00,16.8
26-10-2023 05:30:00,16.8
26-10-2023 06:00:00,16.8
26-10-2023 06:30:00,16.8
26-10-2023 07:00:00,27.9
26-10-2023 07:30:00,27.9
26-10-2023 08:00:00,27.9
26-10-2023 08:30:00,27.9
26-10-2023 09:00:00,27.9
26-10-2023 09:30:00,27.9
26-10-2023 10:00:00,27.9
26-10-2023 10:30:00,27.9
26-10-2023 11:00:00,27.9
26-10-2023 11:30:00,27.9
26-10-2023 12:00:00,27.9
26-10-2023 12:30:00,27.9
26-10-2023 13:00:00,16.8
26-10-2023 13:30:00,16.8
26-10-2023 14:00:00,16.8
26-10-2023 14:30:00,16.8
26-10-2023 15:00:00,16.8
26-10-2023 15:30:00,16.8
26-10-2023 16:00:00,44.7
26-10-2023 16:30:00,44.7
26-10-2023 17:00:00,44.7
26-10-2023 17:30:00,44.7
26-10-2023 18:00:00,44.7
26-10-2023 18:30:00,44.7
26-10-2023 19:00:00,27.9
26-10-2023 19:30:00,27.9
26-10-2023 20:00:00,27.9
26-10-2023 20:30:00,27.9
26-10-2023 21:00:00,27.9
26-10-2023 21:30:00,27.9
26-10-2023 22:00:00,27.9
26-10-2023 22:30:00,27.9
26-10-2023 23:00:00,27.9
26-10-2023 23:30:00,27.9
27-10-2023 00:00:00,27.9
27-10-2023 00:30:00,27.9
27-10-2023 01:00:00,27.9
27-10-2023 01:30:00,27.9
27-10-2023 02:00:00,27.9
27-10-2023 02:30:00,27.9
27-10-2023 03:00:00,27.9
27-10-2023 03:30:00,27.9
27-10-2023 04:00:00,16.8
27-10-2023 04:30:00,16.8
27-10-2023 05:00:00,16.8
27-10-2023 05:30:00,16.8
27-10-2023 06:00:00,16.8
27-10-2023 06:30:00,16.8
27-10-2023 07:00:00,27.9
27-10-2023 07:30:00,27.9
27-10-2023 08:00:00,27.9
27-10-2023 08:30:00,27.9
27-10-2023 09:00:00,27.9
27-10-2023 09:30:00,27.9
27-10-2023 10:00:00,27.9
27-10-2023 10:30:00,27.9
27-10-2023 11:00:00,27.9
27-10-2023 11:30:00,27.9
27-10-2023 12:00:00,27.9
27-10-2023 12:30:00,27.9
27-10-2023 13:00:00,16.8
27-10-2023 13:30:00,16.8
27-10-2023 14:00:00,16.8
27-10-2023 14:30:00,16.8
27-10-2023 15:00:00,16.8
27-10-2023 15:30:00,16.8
27-10-2023 16:00:00,44.7
27-10-2023 16:30:00,44.7
27-10-2023 17:00:00,44.7
27-10-2023 17:30:00,44.7
27-10-2023 18:00:00,44.7
27-10-2023 18:30:00,44.7
27-10-2023 19:00:00,27.9
27-10-2023 19:30:00,27.9
27-10-2023 20:00:00,27.9
27-10-2023 20:30:00,27.9
27-10-2023 21:00:00,27.9
27-10-2023 21:30:00,27.9
27-10-2023 22:00:00,27.9
27-10-2023 22:30:00,27.9
27-10-2023 23:00:00,27.9
27-10-2023 23:30:00,27.9
28-10-2023 00:00:00,27.9
28-10-2023 00:30:00,27.9
28-10-2023 01:00:00,27.9
28-10-2023 01:30:00,27.9
28-10-2023 02:00:00,27.9
28-10-2023 02:30:00,27.9
28-10-2023 03:00:00,27.9
28-10-2023 03:30:00,27.9
28-10-2023 04:00:00,16.8
28-10-2023 04:30:00,16.8
28-10-2023 05:00:00,16.8
28-10-2023 05:30:00,16.8
28-10-2023 06:00:00,16.8
28-10-2023 06:30:00,16.8
28-10-2023 07:00:00,27.9
28-10-2023 07:30:00,27.9
28-10-2023 08:00:00,27.9
28-10-2023 08:30:00,27.9
28-10-2023 09:00:00,27.9
28-10-2023 09:30:00,27.9
28-10-2023 10:00:00,27.9
28-10-2023 10:30:00,27.9
28-10-2023 11:00:00,27.9
28-10-2023 11:30:00,27.9
28-10-2023 12:00:00,27.9
28-10-2023 12:30:00,27.9
28-10-2023 13:00:00,16.8
28-10-2023 13:30:00,16.8
28-10-2023 14:00:00,16.8
28-10-2023 14:30:00,16.8
28-10-2023 15:00:00,16.8
28-10-2023 15:30:00,16.8
28-10-2023 16:00:00,44.7
28-10-2023 16:30:00,44.7
28-10-2023 17:00:00,44.7
28-10-2023 17:30:00,44.7
28-10-2023 18:00:00,44.7
28-10-2023 18:30:00,44.7
28-10-2023 19:00:00,27.9
28-10-2023 19:30:00,27.9
28-10-2023 20:00:00,27.9
28-10-2023 20:30:00,27.9
28-10-2023 21:00:00,27.9
28-10-2023 21:30:00,27.9
28-10-2023 22:00:00,27.9
28-10-2023 22:30:00,27.9
28-10-2023 23:00:00,27.9
28-10-2023 23:30:00,27.9
29-10-2023 00:00:00,27.9
29-10-2023 00:30:00,27.9
29-10-2023 01:00:00,27.9
29-10-2023 01:30:00,27.9
29-10-2023 01:00:00,27.9
29-10-2023 01:30:00,27.9
29-10-2023 02:00:00,27.9
29-10-2023 02:30:00,27.9
29-10-2023 03:00:00,27.9
29-10-2023 03:30:00,27.9
29-10-2023 04:00:00,16.8
29-10-2023 04:30:00,16.8
29-10-2023 05:00:00,16.8
29-10-2023 05:30:00,16.8
29-10-2023 06:00:00,16.8
29-10-2023 06:30:00,16.8
29-10-2023 07:00:00,27.9
29-10-2023 07:30:00,27.9
29-10-2023 08:00:00,27.9
29-10-2023 08:30:00,27.9
29-10-2023 09:00:00,27.9
29-10-2023 09:30:00,27.9
29-10-2023 10:00:00,27.9
29-10-2023 10:30:00,27.9
29-10-2023 11:00:00,27.9
29-10-2023 11:30:00,27.9
29-10-2023 12:00:00,27.9
29-10-2023 12:30:00,27.9
29-10-2023 13:00:00,16.8
29-10-2023 13:30:00,16.8
29-10-2023 14:00:00,16.8
29-10-2023 14:30:00,16.8
29-10-2023 15:00:00,16.8
29-10-2023 15:30:00,16.8
29-10-2023 16:00:00,44.7
29-10-2023 16:30:00,44.7
29-10-2023 17:00:00,44.7
29-10-2023 17:30:00,44.7
29-10-2023 18:00:00,44.7
29-10-2023 18:30:00,44.7
29-10-2023 19:00:00,27.9
29-10-2023 19:30:00,27.9
29-10-2023 20:00:00,27.9
29-10-2023 20:30:00,27.9
29-10-2023 21:00:00,27.9
29-10-2023 21:30:00,27.9
29-10-2023 22:00:00,27.9
29-10-2023 22:30:00,27.9
29-10-2023 23:00:00,27.9
29-10-2023 23:30:00,27.9
30-10-2023 00:00:00,27.9
30-10-2023 00:30:00,27.9
30-10-2023 01:00:00,27.9
30-10-2023 01:30:00,27.9
30-10-2023 02:00:00,27.9
30-10-2023 02:30:00,27.9
30-10-2023 03:00:00,27.9
30-10-2023 03:30:00,27.9
30-10-2023 04:00:00,16.8
30-10-2023 04:30:00,16.8
30-10-2023 05:00:00,16.8
30-10-2023 05:30:00,16.8
30-10-2023 06:00:00,16.8
30-10-2023 06:30:00,16.8
30-10-2023 07:00:00,27.9
30-10-2023 07:30:00,27.9
30-10-2023 08:00:00,27.9
30-10-2023 08:30:00,27.9
30-10-2023 09:00:00,27.9
30-10-2023 09:30:00,27.9
30-10-2023 10:00:00,27.9
30-10-2023 10:30:00,27.9
30-10-2023 11:00:00,27.9
30-10-2023 11:30:00,27.9
30-10-2023 12:00:00,27.9
30-10-2023 12:30:00,27.9
30-10-2023 13:00:00,16.8
30-10-2023 13:30:00,16.8
30-10-2023 14:00:00,16.8
30-10-2023 14:30:00,16.8
30-10-2023 15:00:00,16.8
30-10-2023 15:30:00,16.8
30-10-2023 16:00:00,44.7
30-10-2023 16:30:00,44.7
30-10-2023 17:00:00,44.7
30-10-2023 17:30:00,44.7
30-10-2023 18:00:00,44.7
30-10-2023 18:30:00,44.7
30-10-2023 19:00:00,27.9
30-10-2023 19:30:00,27.9
30-10-2023 20:00:00,27.9
30-10-2023 20:30:00,27.9
30-10-2023 21:00:00,27.9
30-10-2023 21:30:00,27.9
30-10-2023 22:00:00,27.9
30-10-2023 22:30:00,27.9
30-10-2023 23:00:00,27.9
30-10-2023 23:30:00,27.9
31-10-2023 00:00:00,27.9
31-10-2023 00:30:00,27.9
31-10-2023 01:00:00,27.9
31-10-2023 01:30:00,27.9
31-10-2023 02:00:00,27.9
31-10-2023 02:30:00,27.9
31-10-2023 03:00:00,27.9
31-10-2023 03:30:00,27.9
31-10-2023 04:00:00,16.8
31-10-2023 04:30:00,16.8
31-10-2023 05:00:00,16.8
31-10-2023 05:30:00,16.8
31-10-2023 06:00:00,16.8
31-10-2023 06:30:00,16.8
31-10-2023 07:00:00,27.9
31-10-2023 07:30:00,27.9
31-10-2023 08:00:00,27.9
31-10-2023 08:30:00,27.9
31-10-2023 09:00:00,27.9
31-10-2023 09:30:00,27.9
31-10-2023 10:00:00,27.9
31-10-2023 10:30:00,27.9
31-10-2023 11:00:00,27.9
31-10-2023 11:30:00,27.9
31-10-2023 12:00:00,27.9
31-10-2023 12:30:00,27.9
31-10-2023 13:00:00,16.8
31-10-2023 13:30:00,16.8
31-10-2023 14:00:00,16.8
31-10-2023 14:30:00,16.8
31-10-2023 15:00:00,16.8
31-10-2023 15:30:00,16.8
31-10-2023 16:00:00,44.7
31-10-2023 16:30:00,44.7
31-10-2023 17:00:00,44.7
31-10-2023 17:30:00,44.7
31-10-2023 18:00:00,44.7
31-10-2023 18:30:00,44.7
31-10-2023 19:00:00,27.9
31-10-2023 19:30:00,27.9
31-10-2023 20:00:00,27.9
31-10-2023 20:30:00,27.9
31-10-2023 21:00:00,27.9
31-10-2023 21:30:00,27.9
31-10-2023 22:00:00,27.9
31-10-2023 22:30:00,27.9
31-10-2023 23:00:00,27.9
31-10-2023 23:30:00,27.9
01-11-2023 00:00:00,27.9
01-11-2023 00:30:00,27.9
01-11-2023 01:00:00,27.9
01-11-2023 01:30:00,27.9
01-11-2023 02:00:00,27.9
01-11-2023 02:30:00,27.9
01-11-2023 03:00:00,27.9
01-11-2023 03:30:00,27.9
01-11-2023 04:00:00,16.8
01-11-2023 04:30:00,16.8
01-11-2023 05:00:00,16.8
01-11-2023 05:30:00,16.8
01-11-2023 06:00:00,16.8
01-11-2023 06:30:00,16.8
01-11-2023 07:00:00,27.9
01-11-2023 07:30:00,27.9
01-11-2023 08:00:00,27.9
01-11-2023 08:30:00,27.9
01-11-2023 09:00:00,27.9
01-11-2023 09:30:00,27.9
01-11-2023 10:00:00,27.9
01-11-2023 10:30:00,27.9
01-11-2023 11:00:00,27.9
01-11-2023 11:30:00,27.9
01-11-2023 12:00:00,27.9
01-11-2023 12:30:00,27.9
01-11-2023 13:00:00,16.8
01-11-2023 13:30:00,16.8
01-11-2023 14:00:00,16.8
01-11-2023 14:30:00,16.8
01-11-2023 15:00:00,16.8
01-11-2023 15:30:00,16.8
01-11-2023 16:00:00,44.7
01-11-2023 16:30:00,44.7
01-11-2023 17:00:00,44.7
01-11-2023 17:30:00,44.7
01-11-2023 18:00:00,44.7
01-11-2023 18:30:00,44.7
01-11-2023 19:00:00,27.9
01-11-2023 19:30:00,27.9
01-11-2023 20:00:00,27.9
01-11-2023 20:30:00,27.9
01-11-2023 21:00:00,27.9
01-11-2023 21:30:00,27.9
01-11-2023 22:00:00,27.9
01-11-2023 22:30:00,27.9
01-11-2023 23:00:00,27.9
01-11-2023 23:30:00,27.9
02-11-2023 00:00:00,27.9
02-11-2023 00:30:00,27.9
02-11-2023 01:00:00,27.9
02-11-2023 01:30:00,27.9
02-11-2023 02:00:00,27.9
02-11-2023 02:30:00,27.9
02-11-2023 03:00:00,27.9
02-11-2023 03:30:00,27.9
02-11-2023 04:00:00,16.8
02-11-2023 04:30:00,16.8
02-11-2023 05:00:00,16.8
02-11-2023 05:30:00,16.8
02-11-2023 06:00:00,16.8
02-11-2023 06:30:00,16.8
02-11-2023 07:00:00,27.9
02-11-2023 07:30:00,27.9
02-11-2023 08:00:00,27.9
02-11-2023 08:30:00,27.9
02-11-2023 09:00:00,27.9
02-11-2023 09:30:00,27.9
02-11-2023 10:00:00,27.9
02-11-2023 10:30:00,27.9
02-11-2023 11:00:00,27.9
02-11-2023 11:30:00,27.9
02-11-2023 12:00:00,27.9
02-11-2023 12:30:00,27.9
02-11-2023 13:00:00,16.8
02-11-2023 13:30:00,16.8
02-11-2023 14:00:00,16.8
02-11-2023 14:30:00,16.8
02-11-2023 15:00:00,16.8
02-11-2023 15:30:00,16.8
02-11-2023 16:00:00,44.7
02-11-2023 16:30:00,44.7
02-11-2023 17:00:00,44.7
02-11-2023 17:30:00,44.7
02-11-2023 18:00:00,44.7
02-11-2023 18:30:00,44.7
02-11-2023 19:00:00,27.9
02-11-2023 19:30:00,27.9
02-11-2023 20:00:00,27.9
02-11-2023 20:30:00,27.9
02-11-2023 21:00:00,27.9
02-11-2023 21:30:00,27.9
02-11-2023 22:00:00,27.9
02-11-2023 22:30:00,27.9
02-11-2023 23:00:00,27.9
02-11-2023 23:30:00,27.9
03-11-2023 00:00:00,27.9
03-11-2023 00:30:00,27.9
03-11-2023 01:00:00,27.9
03-11-2023 01:30:00,27.9
03-11-2023 02:00:00,27.9
03-11-2023 02:30:00,27.9
03-11-2023 03:00:00,27.9
03-11-2023 03:30:00,27.9
03-11-2023 04:00:00,16.8
03-11-2023 04:30:00,16.8
03-11-2023 05:00:00,16.8
03-11-2023 05:30:00,16.8
03-11-2023 06:00:00,16.8
03-11-2023 06:30:00,16.8
03-11-2023 07:00:00,27.9
03-11-2023 07:30:00,27.9
03-11-2023 08:00:00,27.9
03-11-2023 08:30:00,27.9
03-11-2023 09:00:00,27.9
03-11-2023 09:30:00,27.9
03-11-2023 10:00:00,27.9
03-11-2023 10:30:00,27.9
03-11-2023 11:00:00,27.9
03-11-2023 11:30:00,27.9
03-11-2023 12:00:00,27.9
03-11-2023 12:30:00,27.9
03-11-2023 13:00:00,16.8
03-11-2023 13:30:00,16.8
03-11-2023 14:00:00,16.8
03-11-2023 14:30:00,16.8
03-11-2023 15:00:00,16.8
03-11-2023 15:30:00,16.8
03-11-2023 16:00:00,44.7
03-11-2023 16:30:00,44.7
03-11-2023 17:00:00,44.7
03-11-2023 17:30:00,44.7
03-11-2023 18:00:00,44.7
03-11-2023 18:30:00,44.7
03-11-2023 19:00:00,27.9
03-11-2023 19:30:00,27.9
03-11-2023 20:00:00,27.9
03-11-2023 20:30:00,27.9
03-11-2023 21:00:00,27.9
03-11-2023 21:30:00,27.9
03-11-2023 22:00:00,27.9
03-11-2023 22:30:00,27.9
03-11-2023 23:00:00,27.9
03-11-2023 23:30:00,27.9
04-11-2023 00:00:00,27.9
04-11-2023 00:30:00,27.9
04-11-2023 01:00:00,27.9
04-11-2023 01:30:00,27.9
04-11-2023 02:00:00,27.9
04-11-2023 02:30:00,27.9
04-11-2023 03:00:00,27.9
04-11-2023 03:30:00,27.9
04-11-2023 04:00:00,16.8
04-11-2023 04:30:00,16.8
04-11-2023 05:00:00,16.8
04-11-2023 05:30:00,16.8
04-11-2023 06:00:00,16.8
04-11-2023 06:30:00,16.8
04-11-2023 07:00:00,27.9
04-11-2023 07:30:00,27.9
04-11-2023 08:00:00,27.9
04-11-2023 08:30:00,27.9
04-11-2023 09:00:00,27.9
04-11-2023 09:30:00,27.9
04-11-2023 10:00:00,27.9
04-11-2023 10:30:00,27.9
04-11-2023 11:00:00,27.9
04-11-2023 11:30:00,27.9
04-11-2023 12:00:00,27.9
04-11-2023 12:30:00,27.9
04-11-2023 13:00:00,16.8
04-11-2023 13:30:00,16.8
04-11-2023 14:00:00,16.8
04-11-2023 14:30:00,16.8
04-11-2023 15:00:00,16.8
04-11-2023 15:30:00,16.8
04-11-2023 16:00:00,44.7
04-11-2023 16:30:00,44.7
04-11-2023 17:00:00,44.7
04-11-2023 17:30:00,44.7
04-11-2023 18:00:00,44.7
04-11-2023 18:30:00,44.7
04-11-2023 19:00:00,27.9
04-11-2023 19:30:00,27.9
04-11-2023 20:00:00,27.9
04-11-2023 20:30:00,27.9
04-11-2023 21:00:00,27.9
04-11-2023 21:30:00,27.9
04-11-2023 22:00:00,27.9
04-11-2023 22:30:00,27.9
04-11-2023 23:00:00,27.9
04-11-2023 23:30:00,27.9
05-11-2023 00:00:00,27.9
05-11-2023 00:30:00,27.9
05-11-2023 01:00:00,27.9
05-11-2023 01:30:00,27.9
05-11-2023 02:00:00,27.9
05-11-2023 02:30:00,27.9
05-11-2023 03:00:00,27.9
05-11-2023 03:30:00,27.9
05-11-2023 04:00:00,16.8
05-11-2023 04:30:00,16.8
05-11-2023 05:00:00,16.8
05-11-2023 05:30:00,16.8
05-11-2023 06:00:00,16.8
05-11-2023 06:30:00,16.8
05-11-2023 07:00:00,27.9
05-11-2023 07:30:00,27.9
05-11-2023 08:00:00,27.9
05-11-2023 08:30:00,27.9
05-11-2023 09:00:00,27.9
05-11-2023 09:30:00,27.9
05-11-2023 10:00:00,27.9
05-11-2023 10:30:00,27.9
05-11-2023 11:00:00,27.9
05-11-2023 11:30:00,27.9
05-11-2023 12:00:00,27.9
05-11-2023 12:30:00,27.9
05-11-2023 13:00:00,16.8
05-11-2023 13:30:00,16.8
05-11-2023 14:00:00,16.8
05-11-2023 14:30:00,16.8
05-11-2023 15:00:00,16.8
05-11-2023 15:30:00,16.8
05-11-2023 16:00:00,44.7
05-11-2023 16:30:00,44.7
05-11-2023 17:00:00,44.7
05-11-2023 17:30:00,44.7
05-11-2023 18:00:00,44.7
05-11-2023 18:30:00,44.7
05-11-2023 19:00:00,27.9
05-11-2023 19:30:00,27.9
05-11-2023 20:00:00,27.9
05-11-2023 20:30:00,27.9
05-11-2023 21:00:00,27.9
05-11-2023 21:30:00,27.9
05-11-2023 22:00:00,27.9
05-11-2023 22:30:00,27.9
05-11-2023 23:00:00,27.9
05-11-2023 23:30:00,27.9
06-11-2023 00:00:00,27.9
06-11-2023 00:30:00,27.9
06-11-2023 01:00:00,27.9
06-11-2023 01:30:00,27.9
06-11-2023 02:00:00,27.9
06-11-2023 02:30:00,27.9
06-11-2023 03:00:00,27.9
06-11-2023 03:30:00,27.9
06-11-2023 04:00:00,16.8
06-11-2023 04:30:00,16.8
06-11-2023 05:00:00,16.8
06-11-2023 05:30:00,16.8
06-11-2023 06:00:00,16.8
06-11-2023 06:30:00,16.8
06-11-2023 07:00:00,27.9
06-11-2023 07:30:00,27.9
06-11-2023 08:00:00,27.9
06-11-2023 08:30:00,27.9
06-11-2023 09:00:00,27.9
06-11-2023 09:30:00,27.9
06-11-2023 10:00:00,27.9
06-11-2023 10:30:00,27.9
06-11-2023 11:00:00,27.9
06-11-2023 11:30:00,27.9
06-11-2023 12:00:00,27.9
06-11-2023 12:30:00,27.9
06-11-2023 13:00:00,16.8
06-11-2023 13:30:00,16.8
06-11-2023 14:00:00,16.8
06-11-2023 14:30:00,16.8
06-11-2023 15:00:00,16.8
06-11-2023 15:30:00,16.8
06-11-2023 16:00:00,44.7
06-11-2023 16:30:00,44.7
06-11-2023 17:00:00,44.7
06-11-2023 17:30:00,44.7
06-11-2023 18:00:00,44.7
06-11-2023 18:30:00,44.7
06-11-2023 19:00:00,27.9
06-11-2023 19:30:00,27.9
06-11-2023 20:00:00,27.9
06-11-2023 20:30:00,27.9
06-11-2023 21:00:00,27.9
06-11-2023 21:30:00,27.9
06-11-2023 22:00:00,27.9
06-11-2023 22:30:00,27.9
06-11-2023 23:00:00,27.9
06-11-2023 23:30:00,27.9
07-11-2023 00:00:00,27.9
07-11-2023 00:30:00,27.9
07-11-2023 01:00:00,27.9
07-11-2023 01:30:00,27.9
07-11-2023 02:00:00,27.9
07-11-2023 02:30:00,27.9
07-11-2023 03:00:00,27.9
07-11-2023 03:30:00,27.9
07-11-2023 04:00:00,16.8
07-11-2023 04:30:00,16.8
07-11-2023 05:00:00,16.8
07-11-2023 05:30:00,16.8
07-11-2023 06:00:00,16.8
07-11-2023 06:30:00,16.8
07-11-2023 07:00:00,27.9
07-11-2023 07:30:00,27.9
07-11-2023 08:00:00,27.9
07-11-2023 08:30:00,27.9
07-11-2023 09:00:00,27.9
07-11-2023 09:30:00,27.9
07-11-2023 10:00:00,27.9
07-11-2023 10:30:00,27.9
07-11-2023 11:00:00,27.9
07-11-2023 11:30:00,27.9
07-11-2023 12:00:00,27.9
07-11-2023 12:30:00,27.9
07-11-2023 13:00:00,16.8
07-11-2023 13:30:00,16.8
07-11-2023 14:00:00,16.8
07-11-2023 14:30:00,16.8
07-11-2023 15:00:00,16.8
07-11-2023 15:30:00,16.8
07-11-2023 16:00:00,44.7
07-11-2023 16:30:00,44.7
07-11-2023 17:00:00,44.7
07-11-2023 17:30:00,44.7
07-11-2023 18:00:00,44.7
07-11-2023 18:30:00,44.7
07-11-2023 19:00:00,27.9
07-11-2023 19:30:00,27.9
07-11-2023 20:00:00,27.9
07-11-2023 20:30:00,27.9
07-11-2023 21:00:00,27.9
07-11-2023 21:30:00,27.9
07-11-2023 22:00:00,27.9
07-11-2023 22:30:00,27.9
07-11-2023 23:00:00,27.9
07-11-2023 23:30:00,27.9
08-11-2023 00:00:00,27.9
08-11-2023 00:30:00,27.9
08-11-2023 01:00:00,27.9
08-11-2023 01:30:00,27.9
08-11-2023 02:00:00,27.9
08-11-2023 02:30:00,27.9
08-11-2023 03:00:00,27.9
08-11-2023 03:30:00,27.9
08-11-2023 04:00:00,16.8
08-11-2023 04:30:00,16.8
08-11-2023 05:00:00,16.8
08-11-2023 05:30:00,16.8
08-11-2023 06:00:00,16.8
08-11-2023 06:30:00,16.8
08-11-2023 07:00:00,27.9
08-11-2023 07:30:00,27.9
08-11-2023 08:00:00,27.9
08-11-2023 08:30:00,27.9
08-11-2023 09:00:00,27.9
08-11-2023 09:30:00,27.9
08-11-2023 10:00:00,27.9
08-11-2023 10:30:00,27.9
08-11-2023 11:00:00,27.9
08-11-2023 11:30:00,27.9
08-11-2023 12:00:00,27.9
08-11-2023 12:30:00,27.9
08-11-2023 13:00:00,16.8
08-11-2023 13:30:00,16.8
08-11-2023 14:00:00,16.8
08-11-2023 14:30:00,16.8
08-11-2023 15:00:00,16.8
08-11-2023 15:30:00,16.8
08-11-2023 16:00:00,44.7
08-11-2023 16:30:00,44.7
08-11-2023 17:00:00,44.7
08-11-2023 17:30:00,44.7
08-11-2023 18:00:00,44.7
08-11-2023 18:30:00,44.7
08-11-2023 19:00:00,27.9
08-11-2023 19:30:00,27.9
08-11-2023 20:00:00,27.9
08-11-2023 20:30:00,27.9
08-11-2023 21:00:00,27.9
08-11-2023 21:30:00,27.9
08-11-2023 22:00:00,27.9
08-11-2023 22:30:00,27.9
08-11-2023 23:00:00,27.9
08-11-2023 23:30:00,27.9
09-11-2023 00:00:00,27.9
09-11-2023 00:30:00,27.9
09-11-2023 01:00:00,27.9
09-11-2023 01:30:00,27.9
09-11-2023 02:00:00,27.9
09-11-2023 02:30:00,27.9
09-11-2023 03:00:00,27.9
09-11-2023 03:30:00,27.9
09-11-2023 04:00:00,16.8
09-11-2023 04:30:00,16.8
09-11-2023 05:00:00,16.8
09-11-2023 05:30:00,16.8
09-11-2023 06:00:00,16.8
09-11-2023 06:30:00,16.8
09-11-2023 07:00:00,27.9
09-11-2023 07:30:00,27.9
09-11-2023 08:00:00,27.9
09-11-2023 08:30:00,27.9
09-11-2023 09:00:00,27.9
09-11-2023 09:30:00,27.9
09-11-2023 10:00:00,27.9
09-11-2023 10:30:00,27.9
09-11-2023 11:00:00,27.9
09-11-2023 11:30:00,27.9
09-11-2023 12:00:00,27.9
09-11-2023 12:30:00,27.9
09-11-2023 13:00:00,16.8
09-11-2023 13:30:00,16.8
09-11-2023 14:00:00,16.8
09-11-2023 14:30:00,16.8
09-11-2023 15:00:00,16.8
09-11-2023 15:30:00,16.8
09-11-2023 16:00:00,44.7
09-11-2023 16:30:00,44.7
09-11-2023 17:00:00,44.7
09-11-2023 17:30:00,44.7
09-11-2023 18:00:00,44.7
09-11-2023 18:30:00,44.7
09-11-2023 19:00:00,27.9
09-11-2023 19:30:00,27.9
09-11-2023 20:00:00,27.9
09-11-2023 20:30:00,27.9
09-11-2023 21:00:00,27.9
09-11-2023 21:30:00,27.9
09-11-2023 22:00:00,27.9
09-11-2023 22:30:00,27.9
09-11-2023 23:00:00,27.9
09-11-2023 23:30:00,27.9
10-11-2023 00:00:00,27.9
10-11-2023 00:30:00,27.9
10-11-2023 01:00:00,27.9
10-11-2023 01:30:00,27.9
10-11-2023 02:00:00,27.9
10-11-2023 02:30:00,27.9
10-11-2023 03:00:00,27.9
10-11-2023 03:30:00,27.9
10-11-2023 04:00:00,16.8
10-11-2023 04:30:00,16.8
10-11-2023 05:00:00,16.8
10-11-2023 05:30:00,16.8
10-11-2023 06:00:00,16.8
10-11-2023 06:30:00,16.8
10-11-2023 07:00:00,27.9
10-11-2023 07:30:00,27.9
10-11-2023 08:00:00,27.9
10-11-2023 08:30:00,27.9
10-11-2023 09:00:00,27.9
10-11-2023 09:30:00,27.9
10-11-2023 10:00:00,27.9
10-11-2023 10:30:00,27.9
10-11-2023 11:00:00,27.9
10-11-2023 11:30:00,27.9
10-11-2023 12:00:00,27.9
10-11-2023 12:30:00,27.9
10-11-2023 13:00:00,16.8
10-11-2023 13:30:00,16.8
10-11-2023 14:00:00,16.8
10-11-2023 14:30:00,16.8
10-11-2023 15:00:00,16.8
10-11-2023 15:30:00,16.8
10-11-2023 16:00:00,44.7
10-11-2023 16:30:00,44.7
10-11-2023 17:00:00,44.7
10-11-2023 17:30:00,44.7
10-11-2023 18:00:00,44.7
10-11-2023 18:30:00,44.7
10-11-2023 19:00:00,27.9
10-11-2023 19:30:00,27.9
10-11-2023 20:00:00,27.9
10-11-2023 20:30:00,27.9
10-11-2023 21:00:00,27.9
10-11-2023 21:30:00,27.9
10-11-2023 22:00:00,27.9
10-11-2023 22:30:00,27.9
10-11-2023 23:00:00,27.9
10-11-2023 23:30:00,27.9
11-11-2023 00:00:00,27.9
11-11-2023 00:30:00,27.9
11-11-2023 01:00:00,27.9
11-11-2023 01:30:00,27.9
11-11-2023 02:00:00,27.9
11-11-2023 02:30:00,27.9
11-11-2023 03:00:00,27.9
11-11-2023 03:30:00,27.9
11-11-2023 04:00:00,16.8
11-11-2023 04:30:00,16.8
11-11-2023 05:00:00,16.8
11-11-2023 05:30:00,16.8
11-11-2023 06:00:00,16.8
11-11-2023 06:30:00,16.8
11-11-2023 07:00:00,27.9
11-11-2023 07:30:00,27.9
11-11-2023 08:00:00,27.9
11-11-2023 08:30:00,27.9
11-11-2023 09:00:00,27.9
11-11-2023 09:30:00,27.9
11-11-2023 10:00:00,27.9
11-11-2023 10:30:00,27.9
11-11-2023 11:00:00,27.9
11-11-2023 11:30:00,27.9
11-11-2023 12:00:00,27.9
11-11-2023 12:30:00,27.9
11-11-2023 13:00:00,16.8
11-11-2023 13:30:00,16.8
11-11-2023 14:00:00,16.8
11-11-2023 14:30:00,16.8
11-11-2023 15:00:00,16.8
11-11-2023 15:30:00,16.8
11-11-2023 16:00:00,44.7
11-11-2023 16:30:00,44.7
11-11-2023 17:00:00,44.7
11-11-2023 17:30:00,44.7
11-11-2023 18:00:00,44.7
11-11-2023 18:30:00,44.7
11-11-2023 19:00:00,27.9
11-11-2023 19:30:00,27.9
11-11-2023 20:00:00,27.9
11-11-2023 20:30:00,27.9
11-11-2023 21:00:00,27.9
11-11-2023 21:30:00,27.9
11-11-2023 22:00:00,27.9
11-11-2023 22:30:00,27.9
11-11-2023 23:00:00,27.9
11-11-2023 23:30:00,27.9
12-11-2023 00:00:00,27.9
12-11-2023 00:30:00,27.9
12-11-2023 01:00:00,27.9
12-11-2023 01:30:00,27.9
12-11-2023 02:00:00,27.9
12-11-2023 02:30:00,27.9
12-11-2023 03:00:00,27.9
12-11-2023 03:30:00,27.9
12-11-2023 04:00:00,16.8
12-11-2023 04:30:00,16.8
12-11-2023 05:00:00,16.8
12-11-2023 05:30:00,16.8
12-11-2023 06:00:00,16.8
12-11-2023 06:30:00,16.8
12-11-2023 07:00:00,27.9
12-11-2023 07:30:00,27.9
12-11-2023 08:00:00,27.9
12-11-2023 08:30:00,27.9
12-11-2023 09:00:00,27.9
12-11-2023 09:30:00,27.9
12-11-2023 10:00:00,27.9
12-11-2023 10:30:00,27.9
12-11-2023 11:00:00,27.9
12-11-2023 11:30:00,27.9
12-11-2023 12:00:00,27.9
12-11-2023 12:30:00,27.9
12-11-2023 13:00:00,16.8
12-11-2023 13:30:00,16.8
12-11-2023 14:00:00,16.8
12-11-2023 14:30:00,16.8
12-11-2023 15:00:00,16.8
12-11-2023 15:30:00,16.8
12-11-2023 16:00:00,44.7
12-11-2023 16:30:00,44.7
12-11-2023 17:00:00,44.7
12-11-2023 17:30:00,44.7
12-11-2023 18:00:00,44.7
12-11-2023 18:30:00,44.7
12-11-2023 19:00:00,27.9
12-11-2023 19:30:00,27.9
12-11-2023 20:00:00,27.9
12-11-2023 20:30:00,27.9
12-11-2023 21:00:00,27.9
12-11-2023 21:30:00,27.9
12-11-2023 22:00:00,27.9
12-11-2023 22:30:00,27.9
12-11-2023 23:00:00,27.9
12-11-2023 23:30:00,27.9
13-11-2023 00:00:00,27.9
13-11-2023 00:30:00,27.9
13-11-2023 01:00:00,27.9
13-11-2023 01:30:00,27.9
13-11-2023 02:00:00,27.9
13-11-2023 02:30:00,27.9
13-11-2023 03:00:00,27.9
13-11-2023 03:30:00,27.9
13-11-2023 04:00:00,16.8
13-11-2023 04:30:00,16.8
13-11-2023 05:00:00,16.8
13-11-2023 05:30:00,16.8
13-11-2023 06:00:00,16.8
13-11-2023 06:30:00,16.8
13-11-2023 07:00:00,27.9
13-11-2023 07:30:00,27.9
13-11-2023 08:00:00,27.9
13-11-2023 08:30:00,27.9
13-11-2023 09:00:00,27.9
13-11-2023 09:30:00,27.9
13-11-2023 10:00:00,27.9
13-11-2023 10:30:00,27.9
13-11-2023 11:00:00,27.9
13-11-2023 11:30:00,27.9
13-11-2023 12:00:00,27.9
13-11-2023 12:30:00,27.9
13-11-2023 13:00:00,16.8
13-11-2023 13:30:00,16.8
13-11-2023 14:00:00,16.8
13-11-2023 14:30:00,16.8
13-11-2023 15:00:00,16.8
13-11-2023 15:30:00,16.8
13-11-2023 16:00:00,44.7
13-11-2023 16:30:00,44.7
13-11-2023 17:00:00,44.7
13-11-2023 17:30:00,44.7
13-11-2023 18:00:00,44.7
13-11-2023 18:30:00,44.7
13-11-2023 19:00:00,27.9
13-11-2023 19:30:00,27.9
13-11-2023 20:00:00,27.9
13-11-2023 20:30:00,27.9
13-11-2023 21:00:00,27.9
13-11-2023 21:30:00,27.9
13-11-2023 22:00:00,27.9
13-11-2023 22:30:00,27.9
13-11-2023 23:00:00,27.9
13-11-2023 23:30:00,27.9
14-11-2023 00:00:00,27.9
14-11-2023 00:30:00,27.9
14-11-2023 01:00:00,27.9
14-11-2023 01:30:00,27.9
14-11-2023 02:00:00,27.9
14-11-2023 02:30:00,27.9
14-11-2023 03:00:00,27.9
14-11-2023 03:30:00,27.9
14-11-2023 04:00:00,16.8
14-11-2023 04:30:00,16.8
14-11-2023 05:00:00,16.8
14-11-2023 05:30:00,16.8
14-11-2023 06:00:00,16.8
14-11-2023 06:30:00,16.8
14-11-2023 07:00:00,27.9
14-11-2023 07:30:00,27.9
14-11-2023 08:00:00,27.9
14-11-2023 08:30:00,27.9
14-11-2023 09:00:00,27.9
14-11-2023 09:30:00,27.9
14-11-2023 10:00:00,27.9
14-11-2023 10:30:00,27.9
14-11-2023 11:00:00,27.9
14-11-2023 11:30:00,27.9
14-11-2023 12:00:00,27.9
14-11-2023 12:30:00,27.9
14-11-2023 13:00:00,16.8
14-11-2023 13:30:00,16.8
14-11-2023 14:00:00,16.8
14-11-2023 14:30:00,16.8
14-11-2023 15:00:00,16.8
14-11-2023 15:30:00,16.8
14-11-2023 16:00:00,44.7
14-11-2023 16:30:00,44.7
14-11-2023 17:00:00,44.7
14-11-2023 17:30:00,44.7
14-11-2023 18:00:00,44.7
14-11-2023 18:30:00,44.7
14-11-2023 19:00:00,27.9
14-11-2023 19:30:00,27.9
14-11-2023 20:00:00,27.9
14-11-2023 20:30:00,27.9
14-11-2023 21:00:00,27.9
14-11-2023 21:30:00,27.9
14-11-2023 22:00:00,27.9
14-11-2023 22:30:00,27.9
14-11-2023 23:00:00,27.9
14-11-2023 23:30:00,27.9
15-11-2023 00:00:00,27.9
15-11-2023 00:30:00,27.9
15-11-2023 01:00:00,27.9
15-11-2023 01:30:00,27.9
15-11-2023 02:00:00,27.9
15-11-2023 02:30:00,27.9
15-11-2023 03:00:00,27.9
15-11-2023 03:30:00,27.9
15-11-2023 04:00:00,16.8
15-11-2023 04:30:00,16.8
15-11-2023 05:00:00,16.8
15-11-2023 05:30:00,16.8
15-11-2023 06:00:00,16.8
15-11-2023 06:30:00,16.8
15-11-2023 07:00:00,27.9
15-11-2023 07:30:00,27.9
15-11-2023 08:00:00,27.9
15-11-2023 08:30:00,27.9
15-11-2023 09:00:00,27.9
15-11-2023 09:30:00,27.9
15-11-2023 10:00:00,27.9
15-11-2023 10:30:00,27.9
15-11-2023 11:00:00,27.9
15-11-2023 11:30:00,27.9
15-11-2023 12:00:00,27.9
15-11-2023 12:30:00,27.9
15-11-2023 13:00:00,16.8
15-11-2023 13:30:00,16.8
15-11-2023 14:00:00,16.8
15-11-2023 14:30:00,16.8
15-11-2023 15:00:00,16.8
15-11-2023 15:30:00,16.8
15-11-2023 16:00:00,44.7
15-11-2023 16:30:00,44.7
15-11-2023 17:00:00,44.7
15-11-2023 17:30:00,44.7
15-11-2023 18:00:00,44.7
15-11-2023 18:30:00,44.7
15-11-2023 19:00:00,27.9
15-11-2023 19:30:00,27.9
15-11-2023 20:00:00,27.9
15-11-2023 20:30:00,27.9
15-11-2023 21:00:00,27.9
15-11-2023 21:30:00,27.9
15-11-2023 22:00:00,27.9
15-11-2023 22:30:00,27.9
15-11-2023 23:00:00,27.9
15-11-2023 23:30:00,27.9
16-11-2023 00:00:00,27.9
16-11-2023 00:30:00,27.9
16-11-2023 01:00:00,27.9
16-11-2023 01:30:00,27.9
16-11-2023 02:00:00,27.9
16-11-2023 02:30:00,27.9
16-11-2023 03:00:00,27.9
16-11-2023 03:30:00,27.9
16-11-2023 04:00:00,16.8
16-11-2023 04:30:00,16.8
16-11-2023 05:00:00,16.8
16-11-2023 05:30:00,16.8
16-11-2023 06:00:00,16.8
16-11-2023 06:30:00,16.8
16-11-2023 07:00:00,27.9
16-11-2023 07:30:00,27.9
16-11-2023 08:00:00,27.9
16-11-2023 08:30:00,27.9
16-11-2023 09:00:00,27.9
16-11-2023 09:30:00,27.9
16-11-2023 10:00:00,27.9
16-11-2023 10:30:00,27.9
16-11-2023 11:00:00,27.9
16-11-2023 11:30:00,27.9
16-11-2023 12:00:00,27.9
16-11-2023 12:30:00,27.9
16-11-2023 13:00:00,16.8
16-11-2023 13:30:00,16.8
16-11-2023 14:00:00,16.8
16-11-2023 14:30:00,16.8
16-11-2023 15:00:00,16.8
16-11-2023 15:30:00,16.8
16-11-2023 16:00:00,44.7
16-11-2023 16:30:00,44.7
16-11-2023 17:00:00,44.7
16-11-2023 17:30:00,44.7
16-11-2023 18:00:00,44.7
16-11-2023 18:30:00,44.7
16-11-2023 19:00:00,27.9
16-11-2023 19:30:00,27.9
16-11-2023 20:00:00,27.9
16-11-2023 20:30:00,27.9
16-11-2023 21:00:00,27.9
16-11-2023 21:30:00,27.9
16-11-2023 22:00:00,27.9
16-11-2023 22:30:00,27.9
16-11-2023 23:00:00,27.9
16-11-2023 23:30:00,27.9
17-11-2023 00:00:00,27.9
17-11-2023 00:30:00,27.9
17-11-2023 01:00:00,27.9
17-11-2023 01:30:00,27.9
17-11-2023 02:00:00,27.9
17-11-2023 02:30:00,27.9
17-11-2023 03:00:00,27.9
17-11-2023 03:30:00,27.9
17-11-2023 04:00:00,16.8
17-11-2023 04:30:00,16.8
17-11-2023 05:00:00,16.8
17-11-2023 05:30:00,16.8
17-11-2023 06:00:00,16.8
17-11-2023 06:30:00,16.8
17-11-2023 07:00:00,27.9
17-11-2023 07:30:00,27.9
17-11-2023 08:00:00,27.9
17-11-2023 08:30:00,27.9
17-11-2023 09:00:00,27.9
17-11-2023 09:30:00,27.9
17-11-2023 10:00:00,27.9
17-11-2023 10:30:00,27.9
17-11-2023 11:00:00,27.9
17-11-2023 11:30:00,27.9
17-11-2023 12:00:00,27.9
17-11-2023 12:30:00,27.9
17-11-2023 13:00:00,16.8
17-11-2023 13:30:00,16.8
17-11-2023 14:00:00,16.8
17-11-2023 14:30:00,16.8
17-11-2023 15:00:00,16.8
17-11-2023 15:30:00,16.8
17-11-2023 16:00:00,44.7
17-11-2023 16:30:00,44.7
17-11-2023 17:00:00,44.7
17-11-2023 17:30:00,44.7
17-11-2023 18:00:00,44.7
17-11-2023 18:30:00,44.7
17-11-2023 19:00:00,27.9
17-11-2023 19:30:00,27.9
17-11-2023 20:00:00,27.9
17-11-2023 20:30:00,27.9
17-11-2023 21:00:00,27.9
17-11-2023 21:30:00,27.9
17-11-2023 22:00:00,27.9
17-11-2023 22:30:00,27.9
17-11-2023 23:00:00,27.9
17-11-2023 23:30:00,27.9
18-11-2023 00:00:00,27.9
18-11-2023 00:30:00,27.9
18-11-2023 01:00:00,27.9
18-11-2023 01:30:00,27.9
18-11-2023 02:00:00,27.9
18-11-2023 02:30:00,27.9
18-11-2023 03:00:00,27.9
18-11-2023 03:30:00,27.9
18-11-2023 04:00:00,16.8
18-11-2023 04:30:00,16.8
18-11-2023 05:00:00,16.8
18-11-2023 05:30:00,16.8
18-11-2023 06:00:00,16.8
18-11-2023 06:30:00,16.8
18-11-2023 07:00:00,27.9
18-11-2023 07:30:00,27.9
18-11-2023 08:00:00,27.9
18-11-2023 08:30:00,27.9
18-11-2023 09:00:00,27.9
18-11-2023 09:30:00,27.9
18-11-2023 10:00:00,27.9
18-11-2023 10:30:00,27.9
18-11-2023 11:00:00,27.9
18-11-2023 11:30:00,27.9
18-11-2023 12:00:00,27.9
18-11-2023 12:30:00,27.9
18-11-2023 13:00:00,16.8
18-11-2023 13:30:00,16.8
18-11-2023 14:00:00,16.8
18-11-2023 14:30:00,16.8
18-11-2023 15:00:00,16.8
18-11-2023 15:30:00,16.8
18-11-2023 16:00:00,44.7
18-11-2023 16:30:00,44.7
18-11-2023 17:00:00,44.7
18-11-2023 17:30:00,44.7
18-11-2023 18:00:00,44.7
18-11-2023 18:30:00,44.7
18-11-2023 19:00:00,27.9
18-11-2023 19:30:00,27.9
18-11-2023 20:00:00,27.9
18-11-2023 20:30:00,27.9
18-11-2023 21:00:00,27.9
18-11-2023 21:30:00,27.9
18-11-2023 22:00:00,27.9
18-11-2023 22:30:00,27.9
18-11-2023 23:00:00,27.9
18-11-2023 23:30:00,27.9
19-11-2023 00:00:00,27.9
19-11-2023 00:30:00,27.9
19-11-2023 01:00:00,27.9
19-11-2023 01:30:00,27.9
19-11-2023 02:00:00,27.9
19-11-2023 02:30:00,27.9
19-11-2023 03:00:00,27.9
19-11-2023 03:30:00,27.9
19-11-2023 04:00:00,16.8
19-11-2023 04:30:00,16.8
19-11-2023 05:00:00,16.8
19-11-2023 05:30:00,16.8
19-11-2023 06:00:00,16.8
19-11-2023 06:30:00,16.8
19-11-2023 07:00:00,27.9
19-11-2023 07:30:00,27.9
19-11-2023 08:00:00,27.9
19-11-2023 08:30:00,27.9
19-11-2023 09:00:00,27.9
19-11-2023 09:30:00,27.9
19-11-2023 10:00:00,27.9
19-11-2023 10:30:00,27.9
19-11-2023 11:00:00,27.9
19-11-2023 11:30:00,27.9
19-11-2023 12:00:00,27.9
19-11-2023 12:30:00,27.9
19-11-2023 13:00:00,16.8
19-11-2023 13:30:00,16.8
19-11-2023 14:00:00,16.8
19-11-2023 14:30:00,16.8
19-11-2023 15:00:00,16.8
19-11-2023 15:30:00,16.8
19-11-2023 16:00:00,44.7
19-11-2023 16:30:00,44.7
19-11-2023 17:00:00,44.7
19-11-2023 17:30:00,44.7
19-11-2023 18:00:00,44.7
19-11-2023 18:30:00,44.7
19-11-2023 19:00:00,27.9
19-11-2023 19:30:00,27.9
19-11-2023 20:00:00,27.9
19-11-2023 20:30:00,27.9
19-11-2023 21:00:00,27.9
19-11-2023 21:30:00,27.9
19-11-2023 22:00:00,27.9
19-11-2023 22:30:00,27.9
19-11-2023 23:00:00,27.9
19-11-2023 23:30:00,27.9
20-11-2023 00:00:00,27.9
20-11-2023 00:30:00,27.9
20-11-2023 01:00:00,27.9
20-11-2023 01:30:00,27.9
20-11-2023 02:00:00,27.9
20-11-2023 02:30:00,27.9
20-11-2023 03:00:00,27.9
20-11-2023 03:30:00,27.9
20-11-2023 04:00:00,16.8
20-11-2023 04:30:00,16.8
20-11-2023 05:00:00,16.8
20-11-2023 05:30:00,16.8
20-11-2023 06:00:00,16.8
20-11-2023 06:30:00,16.8
20-11-2023 07:00:00,27.9
20-11-2023 07:30:00,27.9
20-11-2023 08:00:00,27.9
20-11-2023 08:30:00,27.9
20-11-2023 09:00:00,27.9
20-11-2023 09:30:00,27.9
20-11-2023 10:00:00,27.9
20-11-2023 10:30:00,27.9
20-11-2023 11:00:00,27.9
20-11-2023 11:30:00,27.9
20-11-2023 12:00:00,27.9
20-11-2023 12:30:00,27.9
20-11-2023 13:00:00,16.8
20-11-2023 13:30:00,16.8
20-11-2023 14:00:00,16.8
20-11-2023 14:30:00,16.8
20-11-2023 15:00:00,16.8
20-11-2023 15:30:00,16.8
20-11-2023 16:00:00,44.7
20-11-2023 16:30:00,44.7
20-11-2023 17:00:00,44.7
20-11-2023 17:30:00,44.7
20-11-2023 18:00:00,44.7
20-11-2023 18:30:00,44.7
20-11-2023 19:00:00,27.9
20-11-2023 19:30:00,27.9
20-11-2023 20:00:00,27.9
20-11-2023 20:30:00,27.9
20-11-2023 21:00:00,27.9
20-11-2023 21:30:00,27.9
20-11-2023 22:00:00,27.9
20-11-2023 22:30:00,27.9
20-11-2023 23:00:00,27.9
20-11-2023 23:30:00,27.9
21-11-2023 00:00:00,27.9
21-11-2023 00:30:00,27.9
21-11-2023 01:00:00,27.9
21-11-2023 01:30:00,27.9
21-11-2023 02:00:00,27.9
21-11-2023 02:30:00,27.9
21-11-2023 03:00:00,27.9
21-11-2023 03:30:00,27.9
21-11-2023 04:00:00,16.8
21-11-2023 04:30:00,16.8
21-11-2023 05:00:00,16.8
21-11-2023 05:30:00,16.8
21-11-2023 06:00:00,16.8
21-11-2023 06:30:00,16.8
21-11-2023 07:00:00,27.9
21-11-2023 07:30:00,27.9
21-11-2023 08:00:00,27.9
21-11-2023 08:30:00,27.9
21-11-2023 09:00:00,27.9
21-11-2023 09:30:00,27.9
21-11-2023 10:00:00,27.9
21-11-2023 10:30:00,27.9
21-11-2023 11:00:00,27.9
21-11-2023 11:30:00,27.9
21-11-2023 12:00:00,27.9
21-11-2023 12:30:00,27.9
21-11-2023 13:00:00,16.8
21-11-2023 13:30:00,16.8
21-11-2023 14:00:00,16.8
21-11-2023 14:30:00,16.8
21-11-2023 15:00:00,16.8
21-11-2023 15:30:00,16.8
21-11-2023 16:00:00,44.7
21-11-2023 16:30:00,44.7
21-11-2023 17:00:00,44.7
21-11-2023 17:30:00,44.7
21-11-2023 18:00:00,44.7
21-11-2023 18:30:00,44.7
21-11-2023 19:00:00,27.9
21-11-2023 19:30:00,27.9
21-11-2023 20:00:00,27.9
21-11-2023 20:30:00,27.9
21-11-2023 21:00:00,27.9
21-11-2023 21:30:00,27.9
21-11-2023 22:00:00,27.9
21-11-2023 22:30:00,27.9
21-11-2023 23:00:00,27.9
21-11-2023 23:30:00,27.9
22-11-2023 00:00:00,27.9
22-11-2023 00:30:00,27.9
22-11-2023 01:00:00,27.9
22-11-2023 01:30:00,27.9
22-11-2023 02:00:00,27.9
22-11-2023 02:30:00,27.9
22-11-2023 03:00:00,27.9
22-11-2023 03:30:00,27.9
22-11-2023 04:00:00,16.8
22-11-2023 04:30:00,16.8
22-11-2023 05:00:00,16.8
22-11-2023 05:30:00,16.8
22-11-2023 06:00:00,16.8
22-11-2023 06:30:00,16.8
22-11-2023 07:00:00,27.9
22-11-2023 07:30:00,27.9
22-11-2023 08:00:00,27.9
22-11-2023 08:30:00,27.9
22-11-2023 09:00:00,27.9
22-11-2023 09:30:00,27.9
22-11-2023 10:00:00,27.9
22-11-2023 10:30:00,27.9
22-11-2023 11:00:00,27.9
22-11-2023 11:30:00,27.9
22-11-2023 12:00:00,27.9
22-11-2023 12:30:00,27.9
22-11-2023 13:00:00,16.8
22-11-2023 13:30:00,16.8
22-11-2023 14:00:00,16.8
22-11-2023 14:30:00,16.8
22-11-2023 15:00:00,16.8
22-11-2023 15:30:00,16.8
22-11-2023 16:00:00,44.7
22-11-2023 16:30:00,44.7
22-11-2023 17:00:00,44.7
22-11-2023 17:30:00,44.7
22-11-2023 18:00:00,44.7
22-11-2023 18:30:00,44.7
22-11-2023 19:00:00,27.9
22-11-2023 19:30:00,27.9
22-11-2023 20:00:00,27.9
22-11-2023 20:30:00,27.9
22-11-2023 21:00:00,27.9
22-11-2023 21:30:00,27.9
22-11-2023 22:00:00,27.9
22-11-2023 22:30:00,27.9
22-11-2023 23:00:00,27.9
22-11-2023 23:30:00,27.9
23-11-2023 00:00:00,27.9
23-11-2023 00:30:00,27.9
23-11-2023 01:00:00,27.9
23-11-2023 01:30:00,27.9
23-11-2023 02:00:00,27.9
23-11-2023 02:30:00,27.9
23-11-2023 03:00:00,27.9
23-11-2023 03:30:00,27.9
23-11-2023 04:00:00,16.8
23-11-2023 04:30:00,16.8
23-11-2023 05:00:00,16.8
23-11-2023 05:30:00,16.8
23-11-2023 06:00:00,16.8
23-11-2023 06:30:00,16.8
23-11-2023 07:00:00,27.9
23-11-2023 07:30:00,27.9
23-11-2023 08:00:00,27.9
23-11-2023 08:30:00,27.9
23-11-2023 09:00:00,27.9
23-11-2023 09:30:00,27.9
23-11-2023 10:00:00,27.9
23-11-2023 10:30:00,27.9
23-11-2023 11:00:00,27.9
23-11-2023 11:30:00,27.9
23-11-2023 12:00:00,27.9
23-11-2023 12:30:00,27.9
23-11-2023 13:00:00,16.8
23-11-2023 13:30:00,16.8
23-11-2023 14:00:00,16.8
23-11-2023 14:30:00,16.8
23-11-2023 15:00:00,16.8
23-11-2023 15:30:00,16.8
23-11-2023 16:00:00,44.7
23-11-2023 16:30:00,44.7
23-11-2023 17:00:00,44.7
23-11-2023 17:30:00,44.7
23-11-2023 18:00:00,44.7
23-11-2023 18:30:00,44.7
23-11-2023 19:00:00,27.9
23-11-2023 19:30:00,27.9
23-11-2023 20:00:00,27.9
23-11-2023 20:30:00,27.9
23-11-2023 21:00:00,27.9
23-11-2023 21:30:00,27.9
23-11-2023 22:00:00,27.9
23-11-2023 22:30:00,27.9
23-11-2023 23:00:00,27.9
23-11-2023 23:30:00,27.9
24-11-2023 00:00:00,27.9
24-11-2023 00:30:00,27.9
24-11-2023 01:00:00,27.9
24-11-2023 01:30:00,27.9
24-11-2023 02:00:00,27.9
24-11-2023 02:30:00,27.9
24-11-2023 03:00:00,27.9
24-11-2023 03:30:00,27.9
24-11-2023 04:00:00,16.8
24-11-2023 04:30:00,16.8
24-11-2023 05:00:00,16.8
24-11-2023 05:30:00,16.8
24-11-2023 06:00:00,16.8
24-11-2023 06:30:00,16.8
24-11-2023 07:00:00,27.9
24-11-2023 07:30:00,27.9
24-11-2023 08:00:00,27.9
24-11-2023 08:30:00,27.9
24-11-2023 09:00:00,27.9
24-11-2023 09:30:00,27.9
24-11-2023 10:00:00,27.9
24-11-2023 10:30:00,27.9
24-11-2023 11:00:00,27.9
24-11-2023 11:30:00,27.9
24-11-2023 12:00:00,27.9
24-11-2023 12:30:00,27.9
24-11-2023 13:00:00,16.8
24-11-2023 13:30:00,16.8
24-11-2023 14:00:00,16.8
24-11-2023 14:30:00,16.8
24-11-2023 15:00:00,16.8
24-11-2023 15:30:00,16.8
24-11-2023 16:00:00,44.7
24-11-2023 16:30:00,44.7
24-11-2023 17:00:00,44.7
24-11-2023 17:30:00,44.7
24-11-2023 18:00:00,44.7
24-11-2023 18:30:00,44.7
24-11-2023 19:00:00,27.9
24-11-2023 19:30:00,27.9
24-11-2023 20:00:00,27.9
24-11-2023 20:30:00,27.9
24-11-2023 21:00:00,27.9
24-11-2023 21:30:00,27.9
24-11-2023 22:00:00,27.9
24-11-2023 22:30:00,27.9
24-11-2023 23:00:00,27.9
24-11-2023 23:30:00,27.9
25-11-2023 00:00:00,27.9
25-11-2023 00:30:00,27.9
25-11-2023 01:00:00,27.9
25-11-2023 01:30:00,27.9
25-11-2023 02:00:00,27.9
25-11-2023 02:30:00,27.9
25-11-2023 03:00:00,27.9
25-11-2023 03:30:00,27.9
25-11-2023 04:00:00,16.8
25-11-2023 04:30:00,16.8
25-11-2023 05:00:00,16.8
25-11-2023 05:30:00,16.8
25-11-2023 06:00:00,16.8
25-11-2023 06:30:00,16.8
25-11-2023 07:00:00,27.9
25-11-2023 07:30:00,27.9
25-11-2023 08:00:00,27.9
25-11-2023 08:30:00,27.9
25-11-2023 09:00:00,27.9
25-11-2023 09:30:00,27.9
25-11-2023 10:00:00,27.9
25-11-2023 10:30:00,27.9
25-11-2023 11:00:00,27.9
25-11-2023 11:30:00,27.9
25-11-2023 12:00:00,27.9
25-11-2023 12:30:00,27.9
25-11-2023 13:00:00,16.8
25-11-2023 13:30:00,16.8
25-11-2023 14:00:00,16.8
25-11-2023 14:30:00,16.8
25-11-2023 15:00:00,16.8
25-11-2023 15:30:00,16.8
25-11-2023 16:00:00,44.7
25-11-2023 16:30:00,44.7
25-11-2023 17:00:00,44.7
25-11-2023 17:30:00,44.7
25-11-2023 18:00:00,44.7
25-11-2023 18:30:00,44.7
25-11-2023 19:00:00,27.9
25-11-2023 19:30:00,27.9
25-11-2023 20:00:00,27.9
25-11-2023 20:30:00,27.9
25-11-2023 21:00:00,27.9
25-11-2023 21:30:00,27.9
25-11-2023 22:00:00,27.9
25-11-2023 22:30:00,27.9
25-11-2023 23:00:00,27.9
25-11-2023 23:30:00,27.9
26-11-2023 00:00:00,27.9
26-11-2023 00:30:00,27.9
26-11-2023 01:00:00,27.9
26-11-2023 01:30:00,27.9
26-11-2023 02:00:00,27.9
26-11-2023 02:30:00,27.9
26-11-2023 03:00:00,27.9
26-11-2023 03:30:00,27.9
26-11-2023 04:00:00,16.8
26-11-2023 04:30:00,16.8
26-11-2023 05:00:00,16.8
26-11-2023 05:30:00,16.8
26-11-2023 06:00:00,16.8
26-11-2023 06:30:00,16.8
26-11-2023 07:00:00,27.9
26-11-2023 07:30:00,27.9
26-11-2023 08:00:00,27.9
26-11-2023 08:30:00,27.9
26-11-2023 09:00:00,27.9
26-11-2023 09:30:00,27.9
26-11-2023 10:00:00,27.9
26-11-2023 10:30:00,27.9
26-11-2023 11:00:00,27.9
26-11-2023 11:30:00,27.9
26-11-2023 12:00:00,27.9
26-11-2023 12:30:00,27.9
26-11-2023 13:00:00,16.8
26-11-2023 13:30:00,16.8
26-11-2023 14:00:00,16.8
26-11-2023 14:30:00,16.8
26-11-2023 15:00:00,16.8
26-11-2023 15:30:00,16.8
26-11-2023 16:00:00,44.7
26-11-2023 16:30:00,44.7
26-11-2023 17:00:00,44.7
26-11-2023 17:30:00,44.7
26-11-2023 18:00:00,44.7
26-11-2023 18:30:00,44.7
26-11-2023 19:00:00,27.9
26-11-2023 19:30:00,27.9
26-11-2023 20:00:00,27.9
26-11-2023 20:30:00,27.9
26-11-2023 21:00:00,27.9
26-11-2023 21:30:00,27.9
26-11-2023 22:00:00,27.9
26-11-2023 22:30:00,27.9
26-11-2023 23:00:00,27.9
26-11-2023 23:30:00,27.9
27-11-2023 00:00:00,27.9
27-11-2023 00:30:00,27.9
27-11-2023 01:00:00,27.9
27-11-2023 01:30:00,27.9
27-11-2023 02:00:00,27.9
27-11-2023 02:30:00,27.9
27-11-2023 03:00:00,27.9
27-11-2023 03:30:00,27.9
27-11-2023 04:00:00,16.8
27-11-2023 04:30:00,16.8
27-11-2023 05:00:00,16.8
27-11-2023 05:30:00,16.8
27-11-2023 06:00:00,16.8
27-11-2023 06:30:00,16.8
27-11-2023 07:00:00,27.9
27-11-2023 07:30:00,27.9
27-11-2023 08:00:00,27.9
27-11-2023 08:30:00,27.9
27-11-2023 09:00:00,27.9
27-11-2023 09:30:00,27.9
27-11-2023 10:00:00,27.9
27-11-2023 10:30:00,27.9
27-11-2023 11:00:00,27.9
27-11-2023 11:30:00,27.9
27-11-2023 12:00:00,27.9
27-11-2023 12:30:00,27.9
27-11-2023 13:00:00,16.8
27-11-2023 13:30:00,16.8
27-11-2023 14:00:00,16.8
27-11-2023 14:30:00,16.8
27-11-2023 15:00:00,16.8
27-11-2023 15:30:00,16.8
27-11-2023 16:00:00,44.7
27-11-2023 16:30:00,44.7
27-11-2023 17:00:00,44.7
27-11-2023 17:30:00,44.7
27-11-2023 18:00:00,44.7
27-11-2023 18:30:00,44.7
27-11-2023 19:00:00,27.9
27-11-2023 19:30:00,27.9
27-11-2023 20:00:00,27.9
27-11-2023 20:30:00,27.9
27-11-2023 21:00:00,27.9
27-11-2023 21:30:00,27.9
27-11-2023 22:00:00,27.9
27-11-2023 22:30:00,27.9
27-11-2023 23:00:00,27.9
27-11-2023 23:30:00,27.9
28-11-2023 00:00:00,27.9
28-11-2023 00:30:00,27.9
28-11-2023 01:00:00,27.9
28-11-2023 01:30:00,27.9
28-11-2023 02:00:00,27.9
28-11-2023 02:30:00,27.9
28-11-2023 03:00:00,27.9
28-11-2023 03:30:00,27.9
28-11-2023 04:00:00,16.8
28-11-2023 04:30:00,16.8
28-11-2023 05:00:00,16.8
28-11-2023 05:30:00,16.8
28-11-2023 06:00:00,16.8
28-11-2023 06:30:00,16.8
28-11-2023 07:00:00,27.9
28-11-2023 07:30:00,27.9
28-11-2023 08:00:00,27.9
28-11-2023 08:30:00,27.9
28-11-2023 09:00:00,27.9
28-11-2023 09:30:00,27.9
28-11-2023 10:00:00,27.9
28-11-2023 10:30:00,27.9
28-11-2023 11:00:00,27.9
28-11-2023 11:30:00,27.9
28-11-2023 12:00:00,27.9
28-11-2023 12:30:00,27.9
28-11-2023 13:00:00,16.8
28-11-2023 13:30:00,16.8
28-11-2023 14:00:00,16.8
28-11-2023 14:30:00,16.8
28-11-2023 15:00:00,16.8
28-11-2023 15:30:00,16.8
28-11-2023 16:00:00,44.7
28-11-2023 16:30:00,44.7
28-11-2023 17:00:00,44.7
28-11-2023 17:30:00,44.7
28-11-2023 18:00:00,44.7
28-11-2023 18:30:00,44.7
28-11-2023 19:00:00,27.9
28-11-2023 19:30:00,27.9
28-11-2023 20:00:00,27.9
28-11-2023 20:30:00,27.9
28-11-2023 21:00:00,27.9
28-11-2023 21:30:00,27.9
28-11-2023 22:00:00,27.9
28-11-2023 22:30:00,27.9
28-11-2023 23:00:00,27.9
28-11-2023 23:30:00,27.9
29-11-2023 00:00:00,27.9
29-11-2023 00:30:00,27.9
29-11-2023 01:00:00,27.9
29-11-2023 01:30:00,27.9
29-11-2023 02:00:00,27.9
29-11-2023 02:30:00,27.9
29-11-2023 03:00:00,27.9
29-11-2023 03:30:00,27.9
29-11-2023 04:00:00,16.8
29-11-2023 04:30:00,16.8
29-11-2023 05:00:00,16.8
29-11-2023 05:30:00,16.8
29-11-2023 06:00:00,16.8
29-11-2023 06:30:00,16.8
29-11-2023 07:00:00,27.9
29-11-2023 07:30:00,27.9
29-11-2023 08:00:00,27.9
29-11-2023 08:30:00,27.9
29-11-2023 09:00:00,27.9
29-11-2023 09:30:00,27.9
29-11-2023 10:00:00,27.9
29-11-2023 10:30:00,27.9
29-11-2023 11:00:00,27.9
29-11-2023 11:30:00,27.9
29-11-2023 12:00:00,27.9
29-11-2023 12:30:00,27.9
29-11-2023 13:00:00,16.8
29-11-2023 13:30:00,16.8
29-11-2023 14:00:00,16.8
29-11-2023 14:30:00,16.8
29-11-2023 15:00:00,16.8
29-11-2023 15:30:00,16.8
29-11-2023 16:00:00,44.7
29-11-2023 16:30:00,44.7
29-11-2023 17:00:00,44.7
29-11-2023 17:30:00,44.7
29-11-2023 18:00:00,44.7
29-11-2023 18:30:00,44.7
29-11-2023 19:00:00,27.9
29-11-2023 19:30:00,27.9
29-11-2023 20:00:00,27.9
29-11-2023 20:30:00,27.9
29-11-2023 21:00:00,27.9
29-11-2023 21:30:00,27.9
29-11-2023 22:00:00,27.9
29-11-2023 22:30:00,27.9
29-11-2023 23:00:00,27.9
29-11-2023 23:30:00,27.9
30-11-2023 00:00:00,27.9
30-11-2023 00:30:00,27.9
30-11-2023 01:00:00,27.9
30-11-2023 01:30:00,27.9
30-11-2023 02:00:00,27.9
30-11-2023 02:30:00,27.9
30-11-2023 03:00:00,27.9
30-11-2023 03:30:00,27.9
30-11-2023 04:00:00,16.8
30-11-2023 04:30:00,16.8
30-11-2023 05:00:00,16.8
30-11-2023 05:30:00,16.8
30-11-2023 06:00:00,16.8
30-11-2023 06:30:00,16.8
30-11-2023 07:00:00,27.9
30-11-2023 07:30:00,27.9
30-11-2023 08:00:00,27.9
30-11-2023 08:30:00,27.9
30-11-2023 09:00:00,27.9
30-11-2023 09:30:00,27.9
30-11-2023 10:00:00,27.9
30-11-2023 10:30:00,27.9
30-11-2023 11:00:00,27.9
30-11-2023 11:30:00,27.9
30-11-2023 12:00:00,27.9
30-11-2023 12:30:00,27.9
30-11-2023 13:00:00,16.8
30-11-2023 13:30:00,16.8
30-11-2023 14:00:00,16.8
30-11-2023 14:30:00,16.8
30-11-2023 15:00:00,16.8
30-11-2023 15:30:00,16.8
30-11-2023 16:00:00,44.7
30-11-2023 16:30:00,44.7
30-11-2023 17:00:00,44.7
30-11-2023 17:30:00,44.7
30-11-2023 18:00:00,44.7
30-11-2023 18:30:00,44.7
30-11-2023 19:00:00,27.9
30-11-2023 19:30:00,27.9
30-11-2023 20:00:00,27.9
30-11-2023 20:30:00,27.9
30-11-2023 21:00:00,27.9
30-11-2023 21:30:00,27.9
30-11-2023 22:00:00,27.9
30-11-2023 22:30:00,27.9
30-11-2023 23:00:00,27.9
30-11-2023 23:30:00,27.9
01-12-2023 00:00:00,27.9
01-12-2023 00:30:00,27.9
01-12-2023 01:00:00,27.9
01-12-2023 01:30:00,27.9
01-12-2023 02:00:00,27.9
01-12-2023 02:30:00,27.9
01-12-2023 03:00:00,27.9
01-12-2023 03:30:00,27.9
01-12-2023 04:00:00,16.8
01-12-2023 04:30:00,16.8
01-12-2023 05:00:00,16.8
01-12-2023 05:30:00,16.8
01-12-2023 06:00:00,16.8
01-12-2023 06:30:00,16.8
01-12-2023 07:00:00,27.9
01-12-2023 07:30:00,27.9
01-12-2023 08:00:00,27.9
01-12-2023 08:30:00,27.9
01-12-2023 09:00:00,27.9
01-12-2023 09:30:00,27.9
01-12-2023 10:00:00,27.9
01-12-2023 10:30:00,27.9
01-12-2023 11:00:00,27.9
01-12-2023 11:30:00,27.9
01-12-2023 12:00:00,27.9
01-12-2023 12:30:00,27.9
01-12-2023 13:00:00,16.8
01-12-2023 13:30:00,16.8
01-12-2023 14:00:00,16.8
01-12-2023 14:30:00,16.8
01-12-2023 15:00:00,16.8
01-12-2023 15:30:00,16.8
01-12-2023 16:00:00,44.7
01-12-2023 16:30:00,44.7
01-12-2023 17:00:00,44.7
01-12-2023 17:30:00,44.7
01-12-2023 18:00:00,44.7
01-12-2023 18:30:00,44.7
01-12-2023 19:00:00,27.9
01-12-2023 19:30:00,27.9
01-12-2023 20:00:00,27.9
01-12-2023 20:30:00,27.9
01-12-2023 21:00:00,27.9
01-12-2023 21:30:00,27.9
01-12-2023 22:00:00,27.9
01-12-2023 22:30:00,27.9
01-12-2023 23:00:00,27.9
01-12-2023 23:30:00,27.9
02-12-2023 00:00:00,27.9
02-12-2023 00:30:00,27.9
02-12-2023 01:00:00,27.9
02-12-2023 01:30:00,27.9
02-12-2023 02:00:00,27.9
02-12-2023 02:30:00,27.9
02-12-2023 03:00:00,27.9
02-12-2023 03:30:00,27.9
02-12-2023 04:00:00,16.8
02-12-2023 04:30:00,16.8
02-12-2023 05:00:00,16.8
02-12-2023 05:30:00,16.8
02-12-2023 06:00:00,16.8
02-12-2023 06:30:00,16.8
02-12-2023 07:00:00,27.9
02-12-2023 07:30:00,27.9
02-12-2023 08:00:00,27.9
02-12-2023 08:30:00,27.9
02-12-2023 09:00:00,27.9
02-12-2023 09:30:00,27.9
02-12-2023 10:00:00,27.9
02-12-2023 10:30:00,27.9
02-12-2023 11:00:00,27.9
02-12-2023 11:30:00,27.9
02-12-2023 12:00:00,27.9
02-12-2023 12:30:00,27.9
02-12-2023 13:00:00,16.8
02-12-2023 13:30:00,16.8
02-12-2023 14:00:00,16.8
02-12-2023 14:30:00,16.8
02-12-2023 15:00:00,16.8
02-12-2023 15:30:00,16.8
02-12-2023 16:00:00,44.7
02-12-2023 16:30:00,44.7
02-12-2023 17:00:00,44.7
02-12-2023 17:30:00,44.7
02-12-2023 18:00:00,44.7
02-12-2023 18:30:00,44.7
02-12-2023 19:00:00,27.9
02-12-2023 19:30:00,27.9
02-12-2023 20:00:00,27.9
02-12-2023 20:30:00,27.9
02-12-2023 21:00:00,27.9
02-12-2023 21:30:00,27.9
02-12-2023 22:00:00,27.9
02-12-2023 22:30:00,27.9
02-12-2023 23:00:00,27.9
02-12-2023 23:30:00,27.9
03-12-2023 00:00:00,27.9
03-12-2023 00:30:00,27.9
03-12-2023 01:00:00,27.9
03-12-2023 01:30:00,27.9
03-12-2023 02:00:00,27.9
03-12-2023 02:30:00,27.9
03-12-2023 03:00:00,27.9
03-12-2023 03:30:00,27.9
03-12-2023 04:00:00,16.8
03-12-2023 04:30:00,16.8
03-12-2023 05:00:00,16.8
03-12-2023 05:30:00,16.8
03-12-2023 06:00:00,16.8
03-12-2023 06:30:00,16.8
03-12-2023 07:00:00,27.9
03-12-2023 07:30:00,27.9
03-12-2023 08:00:00,27.9
03-12-2023 08:30:00,27.9
03-12-2023 09:00:00,27.9
03-12-2023 09:30:00,27.9
03-12-2023 10:00:00,27.9
03-12-2023 10:30:00,27.9
03-12-2023 11:00:00,27.9
03-12-2023 11:30:00,27.9
03-12-2023 12:00:00,27.9
03-12-2023 12:30:00,27.9
03-12-2023 13:00:00,16.8
03-12-2023 13:30:00,16.8
03-12-2023 14:00:00,16.8
03-12-2023 14:30:00,16.8
03-12-2023 15:00:00,16.8
03-12-2023 15:30:00,16.8
03-12-2023 16:00:00,44.7
03-12-2023 16:30:00,44.7
03-12-2023 17:00:00,44.7
03-12-2023 17:30:00,44.7
03-12-2023 18:00:00,44.7
03-12-2023 18:30:00,44.7
03-12-2023 19:00:00,27.9
03-12-2023 19:30:00,27.9
03-12-2023 20:00:00,27.9
03-12-2023 20:30:00,27.9
03-12-2023 21:00:00,27.9
03-12-2023 21:30:00,27.9
03-12-2023 22:00:00,27.9
03-12-2023 22:30:00,27.9
03-12-2023 23:00:00,27.9
03-12-2023 23:30:00,27.9
04-12-2023 00:00:00,27.9
04-12-2023 00:30:00,27.9
04-12-2023 01:00:00,27.9
04-12-2023 01:30:00,27.9
04-12-2023 02:00:00,27.9
04-12-2023 02:30:00,27.9
04-12-2023 03:00:00,27.9
04-12-2023 03:30:00,27.9
04-12-2023 04:00:00,16.8
04-12-2023 04:30:00,16.8
04-12-2023 05:00:00,16.8
04-12-2023 05:30:00,16.8
04-12-2023 06:00:00,16.8
04-12-2023 06:30:00,16.8
04-12-2023 07:00:00,27.9
04-12-2023 07:30:00,27.9
04-12-2023 08:00:00,27.9
04-12-2023 08:30:00,27.9
04-12-2023 09:00:00,27.9
04-12-2023 09:30:00,27.9
04-12-2023 10:00:00,27.9
04-12-2023 10:30:00,27.9
04-12-2023 11:00:00,27.9
04-12-2023 11:30:00,27.9
04-12-2023 12:00:00,27.9
04-12-2023 12:30:00,27.9
04-12-2023 13:00:00,16.8
04-12-2023 13:30:00,16.8
04-12-2023 14:00:00,16.8
04-12-2023 14:30:00,16.8
04-12-2023 15:00:00,16.8
04-12-2023 15:30:00,16.8
04-12-2023 16:00:00,44.7
04-12-2023 16:30:00,44.7
04-12-2023 17:00:00,44.7
04-12-2023 17:30:00,44.7
04-12-2023 18:00:00,44.7
04-12-2023 18:30:00,44.7
04-12-2023 19:00:00,27.9
04-12-2023 19:30:00,27.9
04-12-2023 20:00:00,27.9
04-12-2023 20:30:00,27.9
04-12-2023 21:00:00,27.9
04-12-2023 21:30:00,27.9
04-12-2023 22:00:00,27.9
04-12-2023 22:30:00,27.9
04-12-2023 23:00:00,27.9
04-12-2023 23:30:00,27.9
05-12-2023 00:00:00,27.9
05-12-2023 00:30:00,27.9
05-12-2023 01:00:00,27.9
05-12-2023 01:30:00,27.9
05-12-2023 02:00:00,27.9
05-12-2023 02:30:00,27.9
05-12-2023 03:00:00,27.9
05-12-2023 03:30:00,27.9
05-12-2023 04:00:00,16.8
05-12-2023 04:30:00,16.8
05-12-2023 05:00:00,16.8
05-12-2023 05:30:00,16.8
05-12-2023 06:00:00,16.8
05-12-2023 06:30:00,16.8
05-12-2023 07:00:00,27.9
05-12-2023 07:30:00,27.9
05-12-2023 08:00:00,27.9
05-12-2023 08:30:00,27.9
05-12-2023 09:00:00,27.9
05-12-2023 09:30:00,27.9
05-12-2023 10:00:00,27.9
05-12-2023 10:30:00,27.9
05-12-2023 11:00:00,27.9
05-12-2023 11:30:00,27.9
05-12-2023 12:00:00,27.9
05-12-2023 12:30:00,27.9
05-12-2023 13:00:00,16.8
05-12-2023 13:30:00,16.8
05-12-2023 14:00:00,16.8
05-12-2023 14:30:00,16.8
05-12-2023 15:00:00,16.8
05-12-2023 15:30:00,16.8
05-12-2023 16:00:00,44.7
05-12-2023 16:30:00,44.7
05-12-2023 17:00:00,44.7
05-12-2023 17:30:00,44.7
05-12-2023 18:00:00,44.7
05-12-2023 18:30:00,44.7
05-12-2023 19:00:00,27.9
05-12-2023 19:30:00,27.9
05-12-2023 20:00:00,27.9
05-12-2023 20:30:00,27.9
05-12-2023 21:00:00,27.9
05-12-2023 21:30:00,27.9
05-12-2023 22:00:00,27.9
05-12-2023 22:30:00,27.9
05-12-2023 23:00:00,27.9
05-12-2023 23:30:00,27.9
06-12-2023 00:00:00,27.9
06-12-2023 00:30:00,27.9
06-12-2023 01:00:00,27.9
06-12-2023 01:30:00,27.9
06-12-2023 02:00:00,27.9
06-12-2023 02:30:00,27.9
06-12-2023 03:00:00,27.9
06-12-2023 03:30:00,27.9
06-12-2023 04:00:00,16.8
06-12-2023 04:30:00,16.8
06-12-2023 05:00:00,16.8
06-12-2023 05:30:00,16.8
06-12-2023 06:00:00,16.8
06-12-2023 06:30:00,16.8
06-12-2023 07:00:00,27.9
06-12-2023 07:30:00,27.9
06-12-2023 08:00:00,27.9
06-12-2023 08:30:00,27.9
06-12-2023 09:00:00,27.9
06-12-2023 09:30:00,27.9
06-12-2023 10:00:00,27.9
06-12-2023 10:30:00,27.9
06-12-2023 11:00:00,27.9
06-12-2023 11:30:00,27.9
06-12-2023 12:00:00,27.9
06-12-2023 12:30:00,27.9
06-12-2023 13:00:00,16.8
06-12-2023 13:30:00,16.8
06-12-2023 14:00:00,16.8
06-12-2023 14:30:00,16.8
06-12-2023 15:00:00,16.8
06-12-2023 15:30:00,16.8
06-12-2023 16:00:00,44.7
06-12-2023 16:30:00,44.7
06-12-2023 17:00:00,44.7
06-12-2023 17:30:00,44.7
06-12-2023 18:00:00,44.7
06-12-2023 18:30:00,44.7
06-12-2023 19:00:00,27.9
06-12-2023 19:30:00,27.9
06-12-2023 20:00:00,27.9
06-12-2023 20:30:00,27.9
06-12-2023 21:00:00,27.9
06-12-2023 21:30:00,27.9
06-12-2023 22:00:00,27.9
06-12-2023 22:30:00,27.9
06-12-2023 23:00:00,27.9
06-12-2023 23:30:00,27.9
07-12-2023 00:00:00,27.9
07-12-2023 00:30:00,27.9
07-12-2023 01:00:00,27.9
07-12-2023 01:30:00,27.9
07-12-2023 02:00:00,27.9
07-12-2023 02:30:00,27.9
07-12-2023 03:00:00,27.9
07-12-2023 03:30:00,27.9
07-12-2023 04:00:00,16.8
07-12-2023 04:30:00,16.8
07-12-2023 05:00:00,16.8
07-12-2023 05:30:00,16.8
07-12-2023 06:00:00,16.8
07-12-2023 06:30:00,16.8
07-12-2023 07:00:00,27.9
07-12-2023 07:30:00,27.9
07-12-2023 08:00:00,27.9
07-12-2023 08:30:00,27.9
07-12-2023 09:00:00,27.9
07-12-2023 09:30:00,27.9
07-12-2023 10:00:00,27.9
07-12-2023 10:30:00,27.9
07-12-2023 11:00:00,27.9
07-12-2023 11:30:00,27.9
07-12-2023 12:00:00,27.9
07-12-2023 12:30:00,27.9
07-12-2023 13:00:00,16.8
07-12-2023 13:30:00,16.8
07-12-2023 14:00:00,16.8
07-12-2023 14:30:00,16.8
07-12-2023 15:00:00,16.8
07-12-2023 15:30:00,16.8
07-12-2023 16:00:00,44.7
07-12-2023 16:30:00,44.7
07-12-2023 17:00:00,44.7
07-12-2023 17:30:00,44.7
07-12-2023 18:00:00,44.7
07-12-2023 18:30:00,44.7
07-12-2023 19:00:00,27.9
07-12-2023 19:30:00,27.9
07-12-2023 20:00:00,27.9
07-12-2023 20:30:00,27.9
07-12-2023 21:00:00,27.9
07-12-2023 21:30:00,27.9
07-12-2023 22:00:00,27.9
07-12-2023 22:30:00,27.9
07-12-2023 23:00:00,27.9
07-12-2023 23:30:00,27.9
08-12-2023 00:00:00,27.9
08-12-2023 00:30:00,27.9
08-12-2023 01:00:00,27.9
08-12-2023 01:30:00,27.9
08-12-2023 02:00:00,27.9
08-12-2023 02:30:00,27.9
08-12-2023 03:00:00,27.9
08-12-2023 03:30:00,27.9
08-12-2023 04:00:00,16.8
08-12-2023 04:30:00,16.8
08-12-2023 05:00:00,16.8
08-12-2023 05:30:00,16.8
08-12-2023 06:00:00,16.8
08-12-2023 06:30:00,16.8
08-12-2023 07:00:00,27.9
08-12-2023 07:30:00,27.9
08-12-2023 08:00:00,27.9
08-12-2023 08:30:00,27.9
08-12-2023 09:00:00,27.9
08-12-2023 09:30:00,27.9
08-12-2023 10:00:00,27.9
08-12-2023 10:30:00,27.9
08-12-2023 11:00:00,27.9
08-12-2023 11:30:00,27.9
08-12-2023 12:00:00,27.9
08-12-2023 12:30:00,27.9
08-12-2023 13:00:00,16.8
08-12-2023 13:30:00,16.8
08-12-2023 14:00:00,16.8
08-12-2023 14:30:00,16.8
08-12-2023 15:00:00,16.8
08-12-2023 15:30:00,16.8
08-12-2023 16:00:00,44.7
08-12-2023 16:30:00,44.7
08-12-2023 17:00:00,44.7
08-12-2023 17:30:00,44.7
08-12-2023 18:00:00,44.7
08-12-2023 18:30:00,44.7
08-12-2023 19:00:00,27.9
08-12-2023 19:30:00,27.9
08-12-2023 20:00:00,27.9
08-12-2023 20:30:00,27.9
08-12-2023 21:00:00,27.9
08-12-2023 21:30:00,27.9
08-12-2023 22:00:00,27.9
08-12-2023 22:30:00,27.9
08-12-2023 23:00:00,27.9
08-12-2023 23:30:00,27.9
09-12-2023 00:00:00,27.9
09-12-2023 00:30:00,27.9
09-12-2023 01:00:00,27.9
09-12-2023 01:30:00,27.9
09-12-2023 02:00:00,27.9
09-12-2023 02:30:00,27.9
09-12-2023 03:00:00,27.9
09-12-2023 03:30:00,27.9
09-12-2023 04:00:00,16.8
09-12-2023 04:30:00,16.8
09-12-2023 05:00:00,16.8
09-12-2023 05:30:00,16.8
09-12-2023 06:00:00,16.8
09-12-2023 06:30:00,16.8
09-12-2023 07:00:00,27.9
09-12-2023 07:30:00,27.9
09-12-2023 08:00:00,27.9
09-12-2023 08:30:00,27.9
09-12-2023 09:00:00,27.9
09-12-2023 09:30:00,27.9
09-12-2023 10:00:00,27.9
09-12-2023 10:30:00,27.9
09-12-2023 11:00:00,27.9
09-12-2023 11:30:00,27.9
09-12-2023 12:00:00,27.9
09-12-2023 12:30:00,27.9
09-12-2023 13:00:00,16.8
09-12-2023 13:30:00,16.8
09-12-2023 14:00:00,16.8
09-12-2023 14:30:00,16.8
09-12-2023 15:00:00,16.8
09-12-2023 15:30:00,16.8
09-12-2023 16:00:00,44.7
09-12-2023 16:30:00,44.7
09-12-2023 17:00:00,44.7
09-12-2023 17:30:00,44.7
09-12-2023 18:00:00,44.7
09-12-2023 18:30:00,44.7
09-12-2023 19:00:00,27.9
09-12-2023 19:30:00,27.9
09-12-2023 20:00:00,27.9
09-12-2023 20:30:00,27.9
09-12-2023 21:00:00,27.9
09-12-2023 21:30:00,27.9
09-12-2023 22:00:00,27.9
09-12-2023 22:30:00,27.9
09-12-2023 23:00:00,27.9
09-12-2023 23:30:00,27.9
10-12-2023 00:00:00,27.9
10-12-2023 00:30:00,27.9
10-12-2023 01:00:00,27.9
10-12-2023 01:30:00,27.9
10-12-2023 02:00:00,27.9
10-12-2023 02:30:00,27.9
10-12-2023 03:00:00,27.9
10-12-2023 03:30:00,27.9
10-12-2023 04:00:00,16.8
10-12-2023 04:30:00,16.8
10-12-2023 05:00:00,16.8
10-12-2023 05:30:00,16.8
10-12-2023 06:00:00,16.8
10-12-2023 06:30:00,16.8
10-12-2023 07:00:00,27.9
10-12-2023 07:30:00,27.9
10-12-2023 08:00:00,27.9
10-12-2023 08:30:00,27.9
10-12-2023 09:00:00,27.9
10-12-2023 09:30:00,27.9
10-12-2023 10:00:00,27.9
10-12-2023 10:30:00,27.9
10-12-2023 11:00:00,27.9
10-12-2023 11:30:00,27.9
10-12-2023 12:00:00,27.9
10-12-2023 12:30:00,27.9
10-12-2023 13:00:00,16.8
10-12-2023 13:30:00,16.8
10-12-2023 14:00:00,16.8
10-12-2023 14:30:00,16.8
10-12-2023 15:00:00,16.8
10-12-2023 15:30:00,16.8
10-12-2023 16:00:00,44.7
10-12-2023 16:30:00,44.7
10-12-2023 17:00:00,44.7
10-12-2023 17:30:00,44.7
10-12-2023 18:00:00,44.7
10-12-2023 18:30:00,44.7
10-12-2023 19:00:00,27.9
10-12-2023 19:30:00,27.9
10-12-2023 20:00:00,27.9
10-12-2023 20:30:00,27.9
10-12-2023 21:00:00,27.9
10-12-2023 21:30:00,27.9
10-12-2023 22:00:00,27.9
10-12-2023 22:30:00,27.9
10-12-2023 23:00:00,27.9
10-12-2023 23:30:00,27.9
11-12-2023 00:00:00,27.9
11-12-2023 00:30:00,27.9
11-12-2023 01:00:00,27.9
11-12-2023 01:30:00,27.9
11-12-2023 02:00:00,27.9
11-12-2023 02:30:00,27.9
11-12-2023 03:00:00,27.9
11-12-2023 03:30:00,27.9
11-12-2023 04:00:00,16.8
11-12-2023 04:30:00,16.8
11-12-2023 05:00:00,16.8
11-12-2023 05:30:00,16.8
11-12-2023 06:00:00,16.8
11-12-2023 06:30:00,16.8
11-12-2023 07:00:00,27.9
11-12-2023 07:30:00,27.9
11-12-2023 08:00:00,27.9
11-12-2023 08:30:00,27.9
11-12-2023 09:00:00,27.9
11-12-2023 09:30:00,27.9
11-12-2023 10:00:00,27.9
11-12-2023 10:30:00,27.9
11-12-2023 11:00:00,27.9
11-12-2023 11:30:00,27.9
11-12-2023 12:00:00,27.9
11-12-2023 12:30:00,27.9
11-12-2023 13:00:00,16.8
11-12-2023 13:30:00,16.8
11-12-2023 14:00:00,16.8
11-12-2023 14:30:00,16.8
11-12-2023 15:00:00,16.8
11-12-2023 15:30:00,16.8
11-12-2023 16:00:00,44.7
11-12-2023 16:30:00,44.7
11-12-2023 17:00:00,44.7
11-12-2023 17:30:00,44.7
11-12-2023 18:00:00,44.7
11-12-2023 18:30:00,44.7
11-12-2023 19:00:00,27.9
11-12-2023 19:30:00,27.9
11-12-2023 20:00:00,27.9
11-12-2023 20:30:00,27.9
11-12-2023 21:00:00,27.9
11-12-2023 21:30:00,27.9
11-12-2023 22:00:00,27.9
11-12-2023 22:30:00,27.9
11-12-2023 23:00:00,27.9
11-12-2023 23:30:00,27.9
12-12-2023 00:00:00,27.9
12-12-2023 00:30:00,27.9
12-12-2023 01:00:00,27.9
12-12-2023 01:30:00,27.9
12-12-2023 02:00:00,27.9
12-12-2023 02:30:00,27.9
12-12-2023 03:00:00,27.9
12-12-2023 03:30:00,27.9
12-12-2023 04:00:00,16.8
12-12-2023 04:30:00,16.8
12-12-2023 05:00:00,16.8
12-12-2023 05:30:00,16.8
12-12-2023 06:00:00,16.8
12-12-2023 06:30:00,16.8
12-12-2023 07:00:00,27.9
12-12-2023 07:30:00,27.9
12-12-2023 08:00:00,27.9
12-12-2023 08:30:00,27.9
12-12-2023 09:00:00,27.9
12-12-2023 09:30:00,27.9
12-12-2023 10:00:00,27.9
12-12-2023 10:30:00,27.9
12-12-2023 11:00:00,27.9
12-12-2023 11:30:00,27.9
12-12-2023 12:00:00,27.9
12-12-2023 12:30:00,27.9
12-12-2023 13:00:00,16.8
12-12-2023 13:30:00,16.8
12-12-2023 14:00:00,16.8
12-12-2023 14:30:00,16.8
12-12-2023 15:00:00,16.8
12-12-2023 15:30:00,16.8
12-12-2023 16:00:00,44.7
12-12-2023 16:30:00,44.7
12-12-2023 17:00:00,44.7
12-12-2023 17:30:00,44.7
12-12-2023 18:00:00,44.7
12-12-2023 18:30:00,44.7
12-12-2023 19:00:00,27.9
12-12-2023 19:30:00,27.9
12-12-2023 20:00:00,27.9
12-12-2023 20:30:00,27.9
12-12-2023 21:00:00,27.9
12-12-2023 21:30:00,27.9
12-12-2023 22:00:00,27.9
12-12-2023 22:30:00,27.9
12-12-2023 23:00:00,27.9
12-12-2023 23:30:00,27.9
13-12-2023 00:00:00,27.9
13-12-2023 00:30:00,27.9
13-12-2023 01:00:00,27.9
13-12-2023 01:30:00,27.9
13-12-2023 02:00:00,27.9
13-12-2023 02:30:00,27.9
13-12-2023 03:00:00,27.9
13-12-2023 03:30:00,27.9
13-12-2023 04:00:00,16.8
13-12-2023 04:30:00,16.8
13-12-2023 05:00:00,16.8
13-12-2023 05:30:00,16.8
13-12-2023 06:00:00,16.8
13-12-2023 06:30:00,16.8
13-12-2023 07:00:00,27.9
13-12-2023 07:30:00,27.9
13-12-2023 08:00:00,27.9
13-12-2023 08:30:00,27.9
13-12-2023 09:00:00,27.9
13-12-2023 09:30:00,27.9
13-12-2023 10:00:00,27.9
13-12-2023 10:30:00,27.9
13-12-2023 11:00:00,27.9
13-12-2023 11:30:00,27.9
13-12-2023 12:00:00,27.9
13-12-2023 12:30:00,27.9
13-12-2023 13:00:00,16.8
13-12-2023 13:30:00,16.8
13-12-2023 14:00:00,16.8
13-12-2023 14:30:00,16.8
13-12-2023 15:00:00,16.8
13-12-2023 15:30:00,16.8
13-12-2023 16:00:00,44.7
13-12-2023 16:30:00,44.7
13-12-2023 17:00:00,44.7
13-12-2023 17:30:00,44.7
13-12-2023 18:00:00,44.7
13-12-2023 18:30:00,44.7
13-12-2023 19:00:00,27.9
13-12-2023 19:30:00,27.9
13-12-2023 20:00:00,27.9
13-12-2023 20:30:00,27.9
13-12-2023 21:00:00,27.9
13-12-2023 21:30:00,27.9
13-12-2023 22:00:00,27.9
13-12-2023 22:30:00,27.9
13-12-2023 23:00:00,27.9
13-12-2023 23:30:00,27.9
14-12-2023 00:00:00,27.9
14-12-2023 00:30:00,27.9
14-12-2023 01:00:00,27.9
14-12-2023 01:30:00,27.9
14-12-2023 02:00:00,27.9
14-12-2023 02:30:00,27.9
14-12-2023 03:00:00,27.9
14-12-2023 03:30:00,27.9
14-12-2023 04:00:00,16.8
14-12-2023 04:30:00,16.8
14-12-2023 05:00:00,16.8
14-12-2023 05:30:00,16.8
14-12-2023 06:00:00,16.8
14-12-2023 06:30:00,16.8
14-12-2023 07:00:00,27.9
14-12-2023 07:30:00,27.9
14-12-2023 08:00:00,27.9
14-12-2023 08:30:00,27.9
14-12-2023 09:00:00,27.9
14-12-2023 09:30:00,27.9
14-12-2023 10:00:00,27.9
14-12-2023 10:30:00,27.9
14-12-2023 11:00:00,27.9
14-12-2023 11:30:00,27.9
14-12-2023 12:00:00,27.9
14-12-2023 12:30:00,27.9
14-12-2023 13:00:00,16.8
14-12-2023 13:30:00,16.8
14-12-2023 14:00:00,16.8
14-12-2023 14:30:00,16.8
14-12-2023 15:00:00,16.8
14-12-2023 15:30:00,16.8
14-12-2023 16:00:00,44.7
14-12-2023 16:30:00,44.7
14-12-2023 17:00:00,44.7
14-12-2023 17:30:00,44.7
14-12-2023 18:00:00,44.7
14-12-2023 18:30:00,44.7
14-12-2023 19:00:00,27.9
14-12-2023 19:30:00,27.9
14-12-2023 20:00:00,27.9
14-12-2023 20:30:00,27.9
14-12-2023 21:00:00,27.9
14-12-2023 21:30:00,27.9
14-12-2023 22:00:00,27.9
14-12-2023 22:30:00,27.9
14-12-2023 23:00:00,27.9
14-12-2023 23:30:00,27.9
15-12-2023 00:00:00,27.9
15-12-2023 00:30:00,27.9
15-12-2023 01:00:00,27.9
15-12-2023 01:30:00,27.9
15-12-2023 02:00:00,27.9
15-12-2023 02:30:00,27.9
15-12-2023 03:00:00,27.9
15-12-2023 03:30:00,27.9
15-12-2023 04:00:00,16.8
15-12-2023 04:30:00,16.8
15-12-2023 05:00:00,16.8
15-12-2023 05:30:00,16.8
15-12-2023 06:00:00,16.8
15-12-2023 06:30:00,16.8
15-12-2023 07:00:00,27.9
15-12-2023 07:30:00,27.9
15-12-2023 08:00:00,27.9
15-12-2023 08:30:00,27.9
15-12-2023 09:00:00,27.9
15-12-2023 09:30:00,27.9
15-12-2023 10:00:00,27.9
15-12-2023 10:30:00,27.9
15-12-2023 11:00:00,27.9
15-12-2023 11:30:00,27.9
15-12-2023 12:00:00,27.9
15-12-2023 12:30:00,27.9
15-12-2023 13:00:00,16.8
15-12-2023 13:30:00,16.8
15-12-2023 14:00:00,16.8
15-12-2023 14:30:00,16.8
15-12-2023 15:00:00,16.8
15-12-2023 15:30:00,16.8
15-12-2023 16:00:00,44.7
15-12-2023 16:30:00,44.7
15-12-2023 17:00:00,44.7
15-12-2023 17:30:00,44.7
15-12-2023 18:00:00,44.7
15-12-2023 18:30:00,44.7
15-12-2023 19:00:00,27.9
15-12-2023 19:30:00,27.9
15-12-2023 20:00:00,27.9
15-12-2023 20:30:00,27.9
15-12-2023 21:00:00,27.9
15-12-2023 21:30:00,27.9
15-12-2023 22:00:00,27.9
15-12-2023 22:30:00,27.9
15-12-2023 23:00:00,27.9
15-12-2023 23:30:00,27.9
16-12-2023 00:00:00,27.9
16-12-2023 00:30:00,27.9
16-12-2023 01:00:00,27.9
16-12-2023 01:30:00,27.9
16-12-2023 02:00:00,27.9
16-12-2023 02:30:00,27.9
16-12-2023 03:00:00,27.9
16-12-2023 03:30:00,27.9
16-12-2023 04:00:00,16.8
16-12-2023 04:30:00,16.8
16-12-2023 05:00:00,16.8
16-12-2023 05:30:00,16.8
16-12-2023 06:00:00,16.8
16-12-2023 06:30:00,16.8
16-12-2023 07:00:00,27.9
16-12-2023 07:30:00,27.9
16-12-2023 08:00:00,27.9
16-12-2023 08:30:00,27.9
16-12-2023 09:00:00,27.9
16-12-2023 09:30:00,27.9
16-12-2023 10:00:00,27.9
16-12-2023 10:30:00,27.9
16-12-2023 11:00:00,27.9
16-12-2023 11:30:00,27.9
16-12-2023 12:00:00,27.9
16-12-2023 12:30:00,27.9
16-12-2023 13:00:00,16.8
16-12-2023 13:30:00,16.8
16-12-2023 14:00:00,16.8
16-12-2023 14:30:00,16.8
16-12-2023 15:00:00,16.8
16-12-2023 15:30:00,16.8
16-12-2023 16:00:00,44.7
16-12-2023 16:30:00,44.7
16-12-2023 17:00:00,44.7
16-12-2023 17:30:00,44.7
16-12-2023 18:00:00,44.7
16-12-2023 18:30:00,44.7
16-12-2023 19:00:00,27.9
16-12-2023 19:30:00,27.9
16-12-2023 20:00:00,27.9
16-12-2023 20:30:00,27.9
16-12-2023 21:00:00,27.9
16-12-2023 21:30:00,27.9
16-12-2023 22:00:00,27.9
16-12-2023 22:30:00,27.9
16-12-2023 23:00:00,27.9
16-12-2023 23:30:00,27.9
17-12-2023 00:00:00,27.9
17-12-2023 00:30:00,27.9
17-12-2023 01:00:00,27.9
17-12-2023 01:30:00,27.9
17-12-2023 02:00:00,27.9
17-12-2023 02:30:00,27.9
17-12-2023 03:00:00,27.9
17-12-2023 03:30:00,27.9
17-12-2023 04:00:00,16.8
17-12-2023 04:30:00,16.8
17-12-2023 05:00:00,16.8
17-12-2023 05:30:00,16.8
17-12-2023 06:00:00,16.8
17-12-2023 06:30:00,16.8
17-12-2023 07:00:00,27.9
17-12-2023 07:30:00,27.9
17-12-2023 08:00:00,27.9
17-12-2023 08:30:00,27.9
17-12-2023 09:00:00,27.9
17-12-2023 09:30:00,27.9
17-12-2023 10:00:00,27.9
17-12-2023 10:30:00,27.9
17-12-2023 11:00:00,27.9
17-12-2023 11:30:00,27.9
17-12-2023 12:00:00,27.9
17-12-2023 12:30:00,27.9
17-12-2023 13:00:00,16.8
17-12-2023 13:30:00,16.8
17-12-2023 14:00:00,16.8
17-12-2023 14:30:00,16.8
17-12-2023 15:00:00,16.8
17-12-2023 15:30:00,16.8
17-12-2023 16:00:00,44.7
17-12-2023 16:30:00,44.7
17-12-2023 17:00:00,44.7
17-12-2023 17:30:00,44.7
17-12-2023 18:00:00,44.7
17-12-2023 18:30:00,44.7
17-12-2023 19:00:00,27.9
17-12-2023 19:30:00,27.9
17-12-2023 20:00:00,27.9
17-12-2023 20:30:00,27.9
17-12-2023 21:00:00,27.9
17-12-2023 21:30:00,27.9
17-12-2023 22:00:00,27.9
17-12-2023 22:30:00,27.9
17-12-2023 23:00:00,27.9
17-12-2023 23:30:00,27.9
18-12-2023 00:00:00,27.9
18-12-2023 00:30:00,27.9
18-12-2023 01:00:00,27.9
18-12-2023 01:30:00,27.9
18-12-2023 02:00:00,27.9
18-12-2023 02:30:00,27.9
18-12-2023 03:00:00,27.9
18-12-2023 03:30:00,27.9
18-12-2023 04:00:00,16.8
18-12-2023 04:30:00,16.8
18-12-2023 05:00:00,16.8
18-12-2023 05:30:00,16.8
18-12-2023 06:00:00,16.8
18-12-2023 06:30:00,16.8
18-12-2023 07:00:00,27.9
18-12-2023 07:30:00,27.9
18-12-2023 08:00:00,27.9
18-12-2023 08:30:00,27.9
18-12-2023 09:00:00,27.9
18-12-2023 09:30:00,27.9
18-12-2023 10:00:00,27.9
18-12-2023 10:30:00,27.9
18-12-2023 11:00:00,27.9
18-12-2023 11:30:00,27.9
18-12-2023 12:00:00,27.9
18-12-2023 12:30:00,27.9
18-12-2023 13:00:00,16.8
18-12-2023 13:30:00,16.8
18-12-2023 14:00:00,16.8
18-12-2023 14:30:00,16.8
18-12-2023 15:00:00,16.8
18-12-2023 15:30:00,16.8
18-12-2023 16:00:00,44.7
18-12-2023 16:30:00,44.7
18-12-2023 17:00:00,44.7
18-12-2023 17:30:00,44.7
18-12-2023 18:00:00,44.7
18-12-2023 18:30:00,44.7
18-12-2023 19:00:00,27.9
18-12-2023 19:30:00,27.9
18-12-2023 20:00:00,27.9
18-12-2023 20:30:00,27.9
18-12-2023 21:00:00,27.9
18-12-2023 21:30:00,27.9
18-12-2023 22:00:00,27.9
18-12-2023 22:30:00,27.9
18-12-2023 23:00:00,27.9
18-12-2023 23:30:00,27.9
19-12-2023 00:00:00,27.9
19-12-2023 00:30:00,27.9
19-12-2023 01:00:00,27.9
19-12-2023 01:30:00,27.9
19-12-2023 02:00:00,27.9
19-12-2023 02:30:00,27.9
19-12-2023 03:00:00,27.9
19-12-2023 03:30:00,27.9
19-12-2023 04:00:00,16.8
19-12-2023 04:30:00,16.8
19-12-2023 05:00:00,16.8
19-12-2023 05:30:00,16.8
19-12-2023 06:00:00,16.8
19-12-2023 06:30:00,16.8
19-12-2023 07:00:00,27.9
19-12-2023 07:30:00,27.9
19-12-2023 08:00:00,27.9
19-12-2023 08:30:00,27.9
19-12-2023 09:00:00,27.9
19-12-2023 09:30:00,27.9
19-12-2023 10:00:00,27.9
19-12-2023 10:30:00,27.9
19-12-2023 11:00:00,27.9
19-12-2023 11:30:00,27.9
19-12-2023 12:00:00,27.9
19-12-2023 12:30:00,27.9
19-12-2023 13:00:00,16.8
19-12-2023 13:30:00,16.8
19-12-2023 14:00:00,16.8
19-12-2023 14:30:00,16.8
19-12-2023 15:00:00,16.8
19-12-2023 15:30:00,16.8
19-12-2023 16:00:00,44.7
19-12-2023 16:30:00,44.7
19-12-2023 17:00:00,44.7
19-12-2023 17:30:00,44.7
19-12-2023 18:00:00,44.7
19-12-2023 18:30:00,44.7
19-12-2023 19:00:00,27.9
19-12-2023 19:30:00,27.9
19-12-2023 20:00:00,27.9
19-12-2023 20:30:00,27.9
19-12-2023 21:00:00,27.9
19-12-2023 21:30:00,27.9
19-12-2023 22:00:00,27.9
19-12-2023 22:30:00,27.9
19-12-2023 23:00:00,27.9
19-12-2023 23:30:00,27.9
20-12-2023 00:00:00,27.9
20-12-2023 00:30:00,27.9
20-12-2023 01:00:00,27.9
20-12-2023 01:30:00,27.9
20-12-2023 02:00:00,27.9
20-12-2023 02:30:00,27.9
20-12-2023 03:00:00,27.9
20-12-2023 03:30:00,27.9
20-12-2023 04:00:00,16.8
20-12-2023 04:30:00,16.8
20-12-2023 05:00:00,16.8
20-12-2023 05:30:00,16.8
20-12-2023 06:00:00,16.8
20-12-2023 06:30:00,16.8
20-12-2023 07:00:00,27.9
20-12-2023 07:30:00,27.9
20-12-2023 08:00:00,27.9
20-12-2023 08:30:00,27.9
20-12-2023 09:00:00,27.9
20-12-2023 09:30:00,27.9
20-12-2023 10:00:00,27.9
20-12-2023 10:30:00,27.9
20-12-2023 11:00:00,27.9
20-12-2023 11:30:00,27.9
20-12-2023 12:00:00,27.9
20-12-2023 12:30:00,27.9
20-12-2023 13:00:00,16.8
20-12-2023 13:30:00,16.8
20-12-2023 14:00:00,16.8
20-12-2023 14:30:00,16.8
20-12-2023 15:00:00,16.8
20-12-2023 15:30:00,16.8
20-12-2023 16:00:00,44.7
20-12-2023 16:30:00,44.7
20-12-2023 17:00:00,44.7
20-12-2023 17:30:00,44.7
20-12-2023 18:00:00,44.7
20-12-2023 18:30:00,44.7
20-12-2023 19:00:00,27.9
20-12-2023 19:30:00,27.9
20-12-2023 20:00:00,27.9
20-12-2023 20:30:00,27.9
20-12-2023 21:00:00,27.9
20-12-2023 21:30:00,27.9
20-12-2023 22:00:00,27.9
20-12-2023 22:30:00,27.9
20-12-2023 23:00:00,27.9
20-12-2023 23:30:00,27.9
21-12-2023 00:00:00,27.9
21-12-2023 00:30:00,27.9
21-12-2023 01:00:00,27.9
21-12-2023 01:30:00,27.9
21-12-2023 02:00:00,27.9
21-12-2023 02:30:00,27.9
21-12-2023 03:00:00,27.9
21-12-2023 03:30:00,27.9
21-12-2023 04:00:00,16.8
21-12-2023 04:30:00,16.8
21-12-2023 05:00:00,16.8
21-12-2023 05:30:00,16.8
21-12-2023 06:00:00,16.8
21-12-2023 06:30:00,16.8
21-12-2023 07:00:00,27.9
21-12-2023 07:30:00,27.9
21-12-2023 08:00:00,27.9
21-12-2023 08:30:00,27.9
21-12-2023 09:00:00,27.9
21-12-2023 09:30:00,27.9
21-12-2023 10:00:00,27.9
21-12-2023 10:30:00,27.9
21-12-2023 11:00:00,27.9
21-12-2023 11:30:00,27.9
21-12-2023 12:00:00,27.9
21-12-2023 12:30:00,27.9
21-12-2023 13:00:00,16.8
21-12-2023 13:30:00,16.8
21-12-2023 14:00:00,16.8
21-12-2023 14:30:00,16.8
21-12-2023 15:00:00,16.8
21-12-2023 15:30:00,16.8
21-12-2023 16:00:00,44.7
21-12-2023 16:30:00,44.7
21-12-2023 17:00:00,44.7
21-12-2023 17:30:00,44.7
21-12-2023 18:00:00,44.7
21-12-2023 18:30:00,44.7
21-12-2023 19:00:00,27.9
21-12-2023 19:30:00,27.9
21-12-2023 20:00:00,27.9
21-12-2023 20:30:00,27.9
21-12-2023 21:00:00,27.9
21-12-2023 21:30:00,27.9
21-12-2023 22:00:00,27.9
21-12-2023 22:30:00,27.9
21-12-2023 23:00:00,27.9
21-12-2023 23:30:00,27.9
22-12-2023 00:00:00,27.9
22-12-2023 00:30:00,27.9
22-12-2023 01:00:00,27.9
22-12-2023 01:30:00,27.9
22-12-2023 02:00:00,27.9
22-12-2023 02:30:00,27.9
22-12-2023 03:00:00,27.9
22-12-2023 03:30:00,27.9
22-12-2023 04:00:00,16.8
22-12-2023 04:30:00,16.8
22-12-2023 05:00:00,16.8
22-12-2023 05:30:00,16.8
22-12-2023 06:00:00,16.8
22-12-2023 06:30:00,16.8
22-12-2023 07:00:00,27.9
22-12-2023 07:30:00,27.9
22-12-2023 08:00:00,27.9
22-12-2023 08:30:00,27.9
22-12-2023 09:00:00,27.9
22-12-2023 09:30:00,27.9
22-12-2023 10:00:00,27.9
22-12-2023 10:30:00,27.9
22-12-2023 11:00:00,27.9
22-12-2023 11:30:00,27.9
22-12-2023 12:00:00,27.9
22-12-2023 12:30:00,27.9
22-12-2023 13:00:00,16.8
22-12-2023 13:30:00,16.8
22-12-2023 14:00:00,16.8
22-12-2023 14:30:00,16.8
22-12-2023 15:00:00,16.8
22-12-2023 15:30:00,16.8
22-12-2023 16:00:00,44.7
22-12-2023 16:30:00,44.7
22-12-2023 17:00:00,44.7
22-12-2023 17:30:00,44.7
22-12-2023 18:00:00,44.7
22-12-2023 18:30:00,44.7
22-12-2023 19:00:00,27.9
22-12-2023 19:30:00,27.9
22-12-2023 20:00:00,27.9
22-12-2023 20:30:00,27.9
22-12-2023 21:00:00,27.9
22-12-2023 21:30:00,27.9
22-12-2023 22:00:00,27.9
22-12-2023 22:30:00,27.9
22-12-2023 23:00:00,27.9
22-12-2023 23:30:00,27.9
23-12-2023 00:00:00,27.9
23-12-2023 00:30:00,27.9
23-12-2023 01:00:00,27.9
23-12-2023 01:30:00,27.9
23-12-2023 02:00:00,27.9
23-12-2023 02:30:00,27.9
23-12-2023 03:00:00,27.9
23-12-2023 03:30:00,27.9
23-12-2023 04:00:00,16.8
23-12-2023 04:30:00,16.8
23-12-2023 05:00:00,16.8
23-12-2023 05:30:00,16.8
23-12-2023 06:00:00,16.8
23-12-2023 06:30:00,16.8
23-12-2023 07:00:00,27.9
23-12-2023 07:30:00,27.9
23-12-2023 08:00:00,27.9
23-12-2023 08:30:00,27.9
23-12-2023 09:00:00,27.9
23-12-2023 09:30:00,27.9
23-12-2023 10:00:00,27.9
23-12-2023 10:30:00,27.9
23-12-2023 11:00:00,27.9
23-12-2023 11:30:00,27.9
23-12-2023 12:00:00,27.9
23-12-2023 12:30:00,27.9
23-12-2023 13:00:00,16.8
23-12-2023 13:30:00,16.8
23-12-2023 14:00:00,16.8
23-12-2023 14:30:00,16.8
23-12-2023 15:00:00,16.8
23-12-2023 15:30:00,16.8
23-12-2023 16:00:00,44.7
23-12-2023 16:30:00,44.7
23-12-2023 17:00:00,44.7
23-12-2023 17:30:00,44.7
23-12-2023 18:00:00,44.7
23-12-2023 18:30:00,44.7
23-12-2023 19:00:00,27.9
23-12-2023 19:30:00,27.9
23-12-2023 20:00:00,27.9
23-12-2023 20:30:00,27.9
23-12-2023 21:00:00,27.9
23-12-2023 21:30:00,27.9
23-12-2023 22:00:00,27.9
23-12-2023 22:30:00,27.9
23-12-2023 23:00:00,27.9
23-12-2023 23:30:00,27.9
24-12-2023 00:00:00,27.9
24-12-2023 00:30:00,27.9
24-12-2023 01:00:00,27.9
24-12-2023 01:30:00,27.9
24-12-2023 02:00:00,27.9
24-12-2023 02:30:00,27.9
24-12-2023 03:00:00,27.9
24-12-2023 03:30:00,27.9
24-12-2023 04:00:00,16.8
24-12-2023 04:30:00,16.8
24-12-2023 05:00:00,16.8
24-12-2023 05:30:00,16.8
24-12-2023 06:00:00,16.8
24-12-2023 06:30:00,16.8
24-12-2023 07:00:00,27.9
24-12-2023 07:30:00,27.9
24-12-2023 08:00:00,27.9
24-12-2023 08:30:00,27.9
24-12-2023 09:00:00,27.9
24-12-2023 09:30:00,27.9
24-12-2023 10:00:00,27.9
24-12-2023 10:30:00,27.9
24-12-2023 11:00:00,27.9
24-12-2023 11:30:00,27.9
24-12-2023 12:00:00,27.9
24-12-2023 12:30:00,27.9
24-12-2023 13:00:00,16.8
24-12-2023 13:30:00,16.8
24-12-2023 14:00:00,16.8
24-12-2023 14:30:00,16.8
24-12-2023 15:00:00,16.8
24-12-2023 15:30:00,16.8
24-12-2023 16:00:00,44.7
24-12-2023 16:30:00,44.7
24-12-2023 17:00:00,44.7
24-12-2023 17:30:00,44.7
24-12-2023 18:00:00,44.7
24-12-2023 18:30:00,44.7
24-12-2023 19:00:00,27.9
24-12-2023 19:30:00,27.9
24-12-2023 20:00:00,27.9
24-12-2023 20:30:00,27.9
24-12-2023 21:00:00,27.9
24-12-2023 21:30:00,27.9
24-12-2023 22:00:00,27.9
24-12-2023 22:30:00,27.9
24-12-2023 23:00:00,27.9
24-12-2023 23:30:00,27.9
25-12-2023 00:00:00,27.9
25-12-2023 00:30:00,27.9
25-12-2023 01:00:00,27.9
25-12-2023 01:30:00,27.9
25-12-2023 02:00:00,27.9
25-12-2023 02:30:00,27.9
25-12-2023 03:00:00,27.9
25-12-2023 03:30:00,27.9
25-12-2023 04:00:00,16.8
25-12-2023 04:30:00,16.8
25-12-2023 05:00:00,16.8
25-12-2023 05:30:00,16.8
25-12-2023 06:00:00,16.8
25-12-2023 06:30:00,16.8
25-12-2023 07:00:00,27.9
25-12-2023 07:30:00,27.9
25-12-2023 08:00:00,27.9
25-12-2023 08:30:00,27.9
25-12-2023 09:00:00,27.9
25-12-2023 09:30:00,27.9
25-12-2023 10:00:00,27.9
25-12-2023 10:30:00,27.9
25-12-2023 11:00:00,27.9
25-12-2023 11:30:00,27.9
25-12-2023 12:00:00,27.9
25-12-2023 12:30:00,27.9
25-12-2023 13:00:00,16.8
25-12-2023 13:30:00,16.8
25-12-2023 14:00:00,16.8
25-12-2023 14:30:00,16.8
25-12-2023 15:00:00,16.8
25-12-2023 15:30:00,16.8
25-12-2023 16:00:00,44.7
25-12-2023 16:30:00,44.7
25-12-2023 17:00:00,44.7
25-12-2023 17:30:00,44.7
25-12-2023 18:00:00,44.7
25-12-2023 18:30:00,44.7
25-12-2023 19:00:00,27.9
25-12-2023 19:30:00,27.9
25-12-2023 20:00:00,27.9
25-12-2023 20:30:00,27.9
25-12-2023 21:00:00,27.9
25-12-2023 21:30:00,27.9
25-12-2023 22:00:00,27.9
25-12-2023 22:30:00,27.9
25-12-2023 23:00:00,27.9
25-12-2023 23:30:00,27.9
26-12-2023 00:00:00,27.9
26-12-2023 00:30:00,27.9
26-12-2023 01:00:00,27.9
26-12-2023 01:30:00,27.9
26-12-2023 02:00:00,27.9
26-12-2023 02:30:00,27.9
26-12-2023 03:00:00,27.9
26-12-2023 03:30:00,27.9
26-12-2023 04:00:00,16.8
26-12-2023 04:30:00,16.8
26-12-2023 05:00:00,16.8
26-12-2023 05:30:00,16.8
26-12-2023 06:00:00,16.8
26-12-2023 06:30:00,16.8
26-12-2023 07:00:00,27.9
26-12-2023 07:30:00,27.9
26-12-2023 08:00:00,27.9
26-12-2023 08:30:00,27.9
26-12-2023 09:00:00,27.9
26-12-2023 09:30:00,27.9
26-12-2023 10:00:00,27.9
26-12-2023 10:30:00,27.9
26-12-2023 11:00:00,27.9
26-12-2023 11:30:00,27.9
26-12-2023 12:00:00,27.9
26-12-2023 12:30:00,27.9
26-12-2023 13:00:00,16.8
26-12-2023 13:30:00,16.8
26-12-2023 14:00:00,16.8
26-12-2023 14:30:00,16.8
26-12-2023 15:00:00,16.8
26-12-2023 15:30:00,16.8
26-12-2023 16:00:00,44.7
26-12-2023 16:30:00,44.7
26-12-2023 17:00:00,44.7
26-12-2023 17:30:00,44.7
26-12-2023 18:00:00,44.7
26-12-2023 18:30:00,44.7
26-12-2023 19:00:00,27.9
26-12-2023 19:30:00,27.9
26-12-2023 20:00:00,27.9
26-12-2023 20:30:00,27.9
26-12-2023 21:00:00,27.9
26-12-2023 21:30:00,27.9
26-12-2023 22:00:00,27.9
26-12-2023 22:30:00,27.9
26-12-2023 23:00:00,27.9
26-12-2023 23:30:00,27.9
27-12-2023 00:00:00,27.9
27-12-2023 00:30:00,27.9
27-12-2023 01:00:00,27.9
27-12-2023 01:30:00,27.9
27-12-2023 02:00:00,27.9
27-12-2023 02:30:00,27.9
27-12-2023 03:00:00,27.9
27-12-2023 03:30:00,27.9
27-12-2023 04:00:00,16.8
27-12-2023 04:30:00,16.8
27-12-2023 05:00:00,16.8
27-12-2023 05:30:00,16.8
27-12-2023 06:00:00,16.8
27-12-2023 06:30:00,16.8
27-12-2023 07:00:00,27.9
27-12-2023 07:30:00,27.9
27-12-2023 08:00:00,27.9
27-12-2023 08:30:00,27.9
27-12-2023 09:00:00,27.9
27-12-2023 09:30:00,27.9
27-12-2023 10:00:00,27.9
27-12-2023 10:30:00,27.9
27-12-2023 11:00:00,27.9
27-12-2023 11:30:00,27.9
27-12-2023 12:00:00,27.9
27-12-2023 12:30:00,27.9
27-12-2023 13:00:00,16.8
27-12-2023 13:30:00,16.8
27-12-2023 14:00:00,16.8
27-12-2023 14:30:00,16.8
27-12-2023 15:00:00,16.8
27-12-2023 15:30:00,16.8
27-12-2023 16:00:00,44.7
27-12-2023 16:30:00,44.7
27-12-2023 17:00:00,44.7
27-12-2023 17:30:00,44.7
27-12-2023 18:00:00,44.7
27-12-2023 18:30:00,44.7
27-12-2023 19:00:00,27.9
27-12-2023 19:30:00,27.9
27-12-2023 20:00:00,27.9
27-12-2023 20:30:00,27.9
27-12-2023 21:00:00,27.9
27-12-2023 21:30:00,27.9
27-12-2023 22:00:00,27.9
27-12-2023 22:30:00,27.9
27-12-2023 23:00:00,27.9
27-12-2023 23:30:00,27.9
28-12-2023 00:00:00,27.9
28-12-2023 00:30:00,27.9
28-12-2023 01:00:00,27.9
28-12-2023 01:30:00,27.9
28-12-2023 02:00:00,27.9
28-12-2023 02:30:00,27.9
28-12-2023 03:00:00,27.9
28-12-2023 03:30:00,27.9
28-12-2023 04:00:00,16.8
28-12-2023 04:30:00,16.8
28-12-2023 05:00:00,16.8
28-12-2023 05:30:00,16.8
28-12-2023 06:00:00,16.8
28-12-2023 06:30:00,16.8
28-12-2023 07:00:00,27.9
28-12-2023 07:30:00,27.9
28-12-2023 08:00:00,27.9
28-12-2023 08:30:00,27.9
28-12-2023 09:00:00,27.9
28-12-2023 09:30:00,27.9
28-12-2023 10:00:00,27.9
28-12-2023 10:30:00,27.9
28-12-2023 11:00:00,27.9
28-12-2023 11:30:00,27.9
28-12-2023 12:00:00,27.9
28-12-2023 12:30:00,27.9
28-12-2023 13:00:00,16.8
28-12-2023 13:30:00,16.8
28-12-2023 14:00:00,16.8
28-12-2023 14:30:00,16.8
28-12-2023 15:00:00,16.8
28-12-2023 15:30:00,16.8
28-12-2023 16:00:00,44.7
28-12-2023 16:30:00,44.7
28-12-2023 17:00:00,44.7
28-12-2023 17:30:00,44.7
28-12-2023 18:00:00,44.7
28-12-2023 18:30:00,44.7
28-12-2023 19:00:00,27.9
28-12-2023 19:30:00,27.9
28-12-2023 20:00:00,27.9
28-12-2023 20:30:00,27.9
28-12-2023 21:00:00,27.9
28-12-2023 21:30:00,27.9
28-12-2023 22:00:00,27.9
28-12-2023 22:30:00,27.9
28-12-2023 23:00:00,27.9
28-12-2023 23:30:00,27.9
29-12-2023 00:00:00,27.9
29-12-2023 00:30:00,27.9
29-12-2023 01:00:00,27.9
29-12-2023 01:30:00,27.9
29-12-2023 02:00:00,27.9
29-12-2023 02:30:00,27.9
29-12-2023 03:00:00,27.9
29-12-2023 03:30:00,27.9
29-12-2023 04:00:00,16.8
29-12-2023 04:30:00,16.8
29-12-2023 05:00:00,16.8
29-12-2023 05:30:00,16.8
29-12-2023 06:00:00,16.8
29-12-2023 06:30:00,16.8
29-12-2023 07:00:00,27.9
29-12-2023 07:30:00,27.9
29-12-2023 08:00:00,27.9
29-12-2023 08:30:00,27.9
29-12-2023 09:00:00,27.9
29-12-2023 09:30:00,27.9
29-12-2023 10:00:00,27.9
29-12-2023 10:30:00,27.9
29-12-2023 11:00:00,27.9
29-12-2023 11:30:00,27.9
29-12-2023 12:00:00,27.9
29-12-2023 12:30:00,27.9
29-12-2023 13:00:00,16.8
29-12-2023 13:30:00,16.8
29-12-2023 14:00:00,16.8
29-12-2023 14:30:00,16.8
29-12-2023 15:00:00,16.8
29-12-2023 15:30:00,16.8
29-12-2023 16:00:00,44.7
29-12-2023 16:30:00,44.7
29-12-2023 17:00:00,44.7
29-12-2023 17:30:00,44.7
29-12-2023 18:00:00,44.7
29-12-2023 18:30:00,44.7
29-12-2023 19:00:00,27.9
29-12-2023 19:30:00,27.9
29-12-2023 20:00:00,27.9
29-12-2023 20:30:00,27.9
29-12-2023 21:00:00,27.9
29-12-2023 21:30:00,27.9
29-12-2023 22:00:00,27.9
29-12-2023 22:30:00,27.9
29-12-2023 23:00:00,27.9
29-12-2023 23:30:00,27.9
30-12-2023 00:00:00,27.9
30-12-2023 00:30:00,27.9
30-12-2023 01:00:00,27.9
30-12-2023 01:30:00,27.9
30-12-2023 02:00:00,27.9
30-12-2023 02:30:00,27.9
30-12-2023 03:00:00,27.9
30-12-2023 03:30:00,27.9
30-12-2023 04:00:00,16.8
30-12-2023 04:30:00,16.8
30-12-2023 05:00:00,16.8
30-12-2023 05:30:00,16.8
30-12-2023 06:00:00,16.8
30-12-2023 06:30:00,16.8
30-12-2023 07:00:00,27.9
30-12-2023 07:30:00,27.9
30-12-2023 08:00:00,27.9
30-12-2023 08:30:00,27.9
30-12-2023 09:00:00,27.9
30-12-2023 09:30:00,27.9
30-12-2023 10:00:00,27.9
30-12-2023 10:30:00,27.9
30-12-2023 11:00:00,27.9
30-12-2023 11:30:00,27.9
30-12-2023 12:00:00,27.9
30-12-2023 12:30:00,27.9
30-12-2023 13:00:00,16.8
30-12-2023 13:30:00,16.8
30-12-2023 14:00:00,16.8
30-12-2023 14:30:00,16.8
30-12-2023 15:00:00,16.8
30-12-2023 15:30:00,16.8
30-12-2023 16:00:00,44.7
30-12-2023 16:30:00,44.7
30-12-2023 17:00:00,44.7
30-12-2023 17:30:00,44.7
30-12-2023 18:00:00,44.7
30-12-2023 18:30:00,44.7
30-12-2023 19:00:00,27.9
30-12-2023 19:30:00,27.9
30-12-2023 20:00:00,27.9
30-12-2023 20:30:00,27.9
30-12-2023 21:00:00,27.9
30-12-2023 21:30:00,27.9
30-12-2023 22:00:00,27.9
30-12-2023 22:30:00,27.9
30-12-2023 23:00:00,27.9
30-12-2023 23:30:00,27.9
31-12-2023 00:00:00,27.9
31-12-2023 00:30:00,27.9
31-12-2023 01:00:00,27.9
31-12-2023 01:30:00,27.9
31-12-2023 02:00:00,27.9
31-12-2023 02:30:00,27.9
31-12-2023 03:00:00,27.9
31-12-2023 03:30:00,27.9
31-12-2023 04:00:00,16.8
31-12-2023 04:30:00,16.8
31-12-2023 05:00:00,16.8
31-12-2023 05:30:00,16.8
31-12-2023 06:00:00,16.8
31-12-2023 06:30:00,16.8
31-12-2023 07:00:00,27.9
31-12-2023 07:30:00,27.9
31-12-2023 08:00:00,27.9
31-12-2023 08:30:00,27.9
31-12-2023 09:00:00,27.9
31-12-2023 09:30:00,27.9
31-12-2023 10:00:00,27.9
31-12-2023 10:30:00,27.9
31-12-2023 11:00:00,27.9
31-12-2023 11:30:00,27.9
31-12-2023 12:00:00,27.9
31-12-2023 12:30:00,27.9
31-12-2023 13:00:00,16.8
31-12-2023 13:30:00,16.8
31-12-2023 14:00:00,16.8
31-12-2023 14:30:00,16.8
31-12-2023 15:00:00,16.8
31-12-2023 15:30:00,16.8
31-12-2023 16:00:00,44.7
31-12-2023 16:30:00,44.7
31-12-2023 17:00:00,44.7
31-12-2023 17:30:00,44.7
31-12-2023 18:00:00,44.7
31-12-2023 18:30:00,44.7
31-12-2023 19:00:00,27.9
31-12-2023 19:30:00,27.9
31-12-2023 20:00:00,27.9
31-12-2023 20:30:00,27.9
31-12-2023 21:00:00,27.9
31-12-2023 21:30:00,27.9
31-12-2023 22:00:00,27.9
31-12-2023 22:30:00,27.9
31-12-2023 23:00:00,27.9
31-12-2023 23:30:00,27.9
01-01-2024 00:00:00,29.2
