,GRID CARBON INTENSITY (gCO2/kWh)
2017-01-01 00:00:00+00:00,279.22085821437037
2017-01-01 01:00:00+00:00,287.5761852236351
2017-01-01 02:00:00+00:00,267.99562562376553
2017-01-01 03:00:00+00:00,248.5748156532141
2017-01-01 04:00:00+00:00,229.35319695349807
2017-01-01 05:00:00+00:00,219.6666728119381
2017-01-01 06:00:00+00:00,225.1802144145451
2017-01-01 07:00:00+00:00,234.47893973172825
2017-01-01 08:00:00+00:00,195.86148250290017
2017-01-01 09:00:00+00:00,215.73078260659017
2017-01-01 10:00:00+00:00,227.42312268092562
2017-01-01 11:00:00+00:00,239.0911846578623
2017-01-01 12:00:00+00:00,258.92080795389876
2017-01-01 13:00:00+00:00,268.2520758202648
2017-01-01 14:00:00+00:00,279.9399861206206
2017-01-01 15:00:00+00:00,295.63346008085654
2017-01-01 16:00:00+00:00,312.2200134852033
2017-01-01 17:00:00+00:00,314.0161199073759
2017-01-01 18:00:00+00:00,309.1685781216967
2017-01-01 19:00:00+00:00,305.7953496587383
2017-01-01 20:00:00+00:00,294.6883151945698
2017-01-01 21:00:00+00:00,283.6550547559125
2017-01-01 22:00:00+00:00,278.08723767271164
2017-01-01 23:00:00+00:00,284.99753097653326
2017-01-02 00:00:00+00:00,275.49422452312086
2017-01-02 01:00:00+00:00,282.8052261320455
2017-01-02 02:00:00+00:00,272.25780607200284
2017-01-02 03:00:00+00:00,270.8682038280041
2017-01-02 04:00:00+00:00,269.8255292004458
2017-01-02 05:00:00+00:00,276.2916983308203
2017-01-02 06:00:00+00:00,288.1430182018382
2017-01-02 07:00:00+00:00,296.665830768663
2017-01-02 08:00:00+00:00,312.7789196575104
2017-01-02 09:00:00+00:00,307.9556159887773
2017-01-02 10:00:00+00:00,310.43108143915725
2017-01-02 11:00:00+00:00,308.32521910483075
2017-01-02 12:00:00+00:00,306.03218986353863
2017-01-02 13:00:00+00:00,311.8132878302542
2017-01-02 14:00:00+00:00,319.9701062380492
2017-01-02 15:00:00+00:00,341.0877959301752
2017-01-02 16:00:00+00:00,362.29905045501096
2017-01-02 17:00:00+00:00,370.0427470470007
2017-01-02 18:00:00+00:00,375.3563044139936
2017-01-02 19:00:00+00:00,375.4970607658053
2017-01-02 20:00:00+00:00,372.53293582799483
2017-01-02 21:00:00+00:00,361.2447099678096
2017-01-02 22:00:00+00:00,320.5006114820665
2017-01-02 23:00:00+00:00,304.5887123844451
2017-01-03 00:00:00+00:00,283.00376804532675
2017-01-03 01:00:00+00:00,274.7988855804518
2017-01-03 02:00:00+00:00,266.17594448910745
2017-01-03 03:00:00+00:00,270.4533772537787
2017-01-03 04:00:00+00:00,280.3778190189347
2017-01-03 05:00:00+00:00,281.41214540601726
2017-01-03 06:00:00+00:00,299.884776483584
2017-01-03 07:00:00+00:00,332.82289824899453
2017-01-03 08:00:00+00:00,351.8305215231907
2017-01-03 09:00:00+00:00,356.47422775013456
2017-01-03 10:00:00+00:00,348.24933537828923
2017-01-03 11:00:00+00:00,337.19448169302046
2017-01-03 12:00:00+00:00,338.25212885154764
2017-01-03 13:00:00+00:00,333.83580499562873
2017-01-03 14:00:00+00:00,340.232510137847
2017-01-03 15:00:00+00:00,349.0300994643572
2017-01-03 16:00:00+00:00,356.6493797002674
2017-01-03 17:00:00+00:00,355.6014677599712
2017-01-03 18:00:00+00:00,360.3636060403079
2017-01-03 19:00:00+00:00,354.39725536320077
2017-01-03 20:00:00+00:00,348.70365618382124
2017-01-03 21:00:00+00:00,330.3523706026314
2017-01-03 22:00:00+00:00,295.86377399736244
2017-01-03 23:00:00+00:00,272.413602105194
2017-01-04 00:00:00+00:00,260.65790072635133
2017-01-04 01:00:00+00:00,265.72870849858384
2017-01-04 02:00:00+00:00,255.8339447539282
2017-01-04 03:00:00+00:00,262.3319475212034
2017-01-04 04:00:00+00:00,264.7153424739812
2017-01-04 05:00:00+00:00,268.884078966077
2017-01-04 06:00:00+00:00,297.8354662702747
2017-01-04 07:00:00+00:00,326.9573757120475
2017-01-04 08:00:00+00:00,348.63975939193136
2017-01-04 09:00:00+00:00,361.16603214955893
2017-01-04 10:00:00+00:00,377.65913841608204
2017-01-04 11:00:00+00:00,373.06326340075896
2017-01-04 12:00:00+00:00,375.67844890447924
2017-01-04 13:00:00+00:00,374.62763037721595
2017-01-04 14:00:00+00:00,379.84496118443377
2017-01-04 15:00:00+00:00,402.6814057976633
2017-01-04 16:00:00+00:00,425.63371315553593
2017-01-04 17:00:00+00:00,425.8292573470466
2017-01-04 18:00:00+00:00,433.47045548077637
2017-01-04 19:00:00+00:00,443.2181620303742
2017-01-04 20:00:00+00:00,431.37964711347956
2017-01-04 21:00:00+00:00,413.83779041161114
2017-01-04 22:00:00+00:00,374.6632008929804
2017-01-04 23:00:00+00:00,354.4401779180735
2017-01-05 00:00:00+00:00,346.3264247752362
2017-01-05 01:00:00+00:00,351.62695226432993
2017-01-05 02:00:00+00:00,348.9479724217659
2017-01-05 03:00:00+00:00,348.67218242626177
2017-01-05 04:00:00+00:00,345.4520008889203
2017-01-05 05:00:00+00:00,350.40977597327355
2017-01-05 06:00:00+00:00,365.8148803497862
2017-01-05 07:00:00+00:00,396.5505606007657
2017-01-05 08:00:00+00:00,419.4743121897363
2017-01-05 09:00:00+00:00,408.2533911334371
2017-01-05 10:00:00+00:00,404.2354262752014
2017-01-05 11:00:00+00:00,395.0140212230662
2017-01-05 12:00:00+00:00,383.9684634427826
2017-01-05 13:00:00+00:00,385.32771237748176
2017-01-05 14:00:00+00:00,403.15204817482964
2017-01-05 15:00:00+00:00,418.1742517691316
2017-01-05 16:00:00+00:00,419.39855775418835
2017-01-05 17:00:00+00:00,419.690769913836
2017-01-05 18:00:00+00:00,417.5364444949091
2017-01-05 19:00:00+00:00,412.87181728903573
2017-01-05 20:00:00+00:00,417.48511425495496
2017-01-05 21:00:00+00:00,383.7319678719207
2017-01-05 22:00:00+00:00,344.08773729759986
2017-01-05 23:00:00+00:00,324.69773083885815
2017-01-06 00:00:00+00:00,311.4856520542004
2017-01-06 01:00:00+00:00,318.9498101858397
2017-01-06 02:00:00+00:00,314.6384836413342
2017-01-06 03:00:00+00:00,309.8126339970461
2017-01-06 04:00:00+00:00,305.8178503436411
2017-01-06 05:00:00+00:00,304.5791386694987
2017-01-06 06:00:00+00:00,328.5419626567173
2017-01-06 07:00:00+00:00,358.4917599122448
2017-01-06 08:00:00+00:00,374.92904962458215
2017-01-06 09:00:00+00:00,391.04679606600433
2017-01-06 10:00:00+00:00,392.9135281536076
2017-01-06 11:00:00+00:00,395.38664504840915
2017-01-06 12:00:00+00:00,398.79490816596143
2017-01-06 13:00:00+00:00,400.9299977920511
2017-01-06 14:00:00+00:00,405.16440487470754
2017-01-06 15:00:00+00:00,405.19756072177637
2017-01-06 16:00:00+00:00,415.42891804379167
2017-01-06 17:00:00+00:00,409.71501721507616
2017-01-06 18:00:00+00:00,418.485768856069
2017-01-06 19:00:00+00:00,424.39453152855515
2017-01-06 20:00:00+00:00,411.4653676741186
2017-01-06 21:00:00+00:00,380.4311976164491
2017-01-06 22:00:00+00:00,353.4195148256141
2017-01-06 23:00:00+00:00,343.36016967738107
2017-01-07 00:00:00+00:00,342.85447752418884
2017-01-07 01:00:00+00:00,341.5506169491144
2017-01-07 02:00:00+00:00,342.8611612234563
2017-01-07 03:00:00+00:00,342.31937541757713
2017-01-07 04:00:00+00:00,344.5865489348663
2017-01-07 05:00:00+00:00,347.5951050405307
2017-01-07 06:00:00+00:00,364.08475775778925
2017-01-07 07:00:00+00:00,369.9013956172221
2017-01-07 08:00:00+00:00,381.0637093008439
2017-01-07 09:00:00+00:00,403.39797900792036
2017-01-07 10:00:00+00:00,426.265504679074
2017-01-07 11:00:00+00:00,448.3554306283802
2017-01-07 12:00:00+00:00,450.5659838620273
2017-01-07 13:00:00+00:00,452.9306983352629
2017-01-07 14:00:00+00:00,448.1830294756463
2017-01-07 15:00:00+00:00,446.2767186074521
2017-01-07 16:00:00+00:00,454.9732106666771
2017-01-07 17:00:00+00:00,438.3547324411404
2017-01-07 18:00:00+00:00,438.8905434303976
2017-01-07 19:00:00+00:00,444.864738259339
2017-01-07 20:00:00+00:00,428.23538259464755
2017-01-07 21:00:00+00:00,392.0844511364948
2017-01-07 22:00:00+00:00,354.41016129463605
2017-01-07 23:00:00+00:00,346.46230620384296
2017-01-08 00:00:00+00:00,339.79289219409185
2017-01-08 01:00:00+00:00,337.3127527554322
2017-01-08 02:00:00+00:00,330.7005735841898
2017-01-08 03:00:00+00:00,326.93121314538666
2017-01-08 04:00:00+00:00,320.8320693568884
2017-01-08 05:00:00+00:00,324.35867721676476
2017-01-08 06:00:00+00:00,332.72769363118846
2017-01-08 07:00:00+00:00,339.9893801651174
2017-01-08 08:00:00+00:00,345.52758598786284
2017-01-08 09:00:00+00:00,360.5182861940513
2017-01-08 10:00:00+00:00,386.535316674286
2017-01-08 11:00:00+00:00,395.421501641686
2017-01-08 12:00:00+00:00,395.79668988351165
2017-01-08 13:00:00+00:00,395.85655786018907
2017-01-08 14:00:00+00:00,401.16358081621945
2017-01-08 15:00:00+00:00,400.30550820054555
2017-01-08 16:00:00+00:00,401.304699471274
2017-01-08 17:00:00+00:00,396.9822310027772
2017-01-08 18:00:00+00:00,401.61722763252595
2017-01-08 19:00:00+00:00,391.85378159517865
2017-01-08 20:00:00+00:00,368.8488227019396
2017-01-08 21:00:00+00:00,340.056525102559
2017-01-08 22:00:00+00:00,300.463811695017
2017-01-08 23:00:00+00:00,274.0638821841662
2017-01-09 00:00:00+00:00,260.40663493072464
2017-01-09 01:00:00+00:00,265.5885302436922
2017-01-09 02:00:00+00:00,257.83553690563986
2017-01-09 03:00:00+00:00,249.93427343057843
2017-01-09 04:00:00+00:00,230.73992233096928
2017-01-09 05:00:00+00:00,239.05338285416784
2017-01-09 06:00:00+00:00,275.5258267850162
2017-01-09 07:00:00+00:00,317.376221262497
2017-01-09 08:00:00+00:00,341.4524587565208
2017-01-09 09:00:00+00:00,340.4773573007392
2017-01-09 10:00:00+00:00,346.74418581274404
2017-01-09 11:00:00+00:00,339.99873952727387
2017-01-09 12:00:00+00:00,339.71135925994594
2017-01-09 13:00:00+00:00,338.6316452858599
2017-01-09 14:00:00+00:00,332.59640651665666
2017-01-09 15:00:00+00:00,320.8779368200021
2017-01-09 16:00:00+00:00,334.87694573482116
2017-01-09 17:00:00+00:00,330.6509667387758
2017-01-09 18:00:00+00:00,343.138536277318
2017-01-09 19:00:00+00:00,328.2482164241866
2017-01-09 20:00:00+00:00,322.5483399775016
2017-01-09 21:00:00+00:00,294.95250584020135
2017-01-09 22:00:00+00:00,263.54417233165805
2017-01-09 23:00:00+00:00,243.53743808668054
2017-01-10 00:00:00+00:00,228.21188713926264
2017-01-10 01:00:00+00:00,245.25536533243422
2017-01-10 02:00:00+00:00,238.37532260038313
2017-01-10 03:00:00+00:00,237.21888559219636
2017-01-10 04:00:00+00:00,236.45563113738453
2017-01-10 05:00:00+00:00,233.6054757283822
2017-01-10 06:00:00+00:00,253.02853628772394
2017-01-10 07:00:00+00:00,299.1742893288817
2017-01-10 08:00:00+00:00,324.8466611451869
2017-01-10 09:00:00+00:00,332.85788435692564
2017-01-10 10:00:00+00:00,334.50308507929805
2017-01-10 11:00:00+00:00,339.4032311138238
2017-01-10 12:00:00+00:00,349.46982675822596
2017-01-10 13:00:00+00:00,353.98138590905626
2017-01-10 14:00:00+00:00,357.0656867739282
2017-01-10 15:00:00+00:00,364.27585366914735
2017-01-10 16:00:00+00:00,374.31786927363135
2017-01-10 17:00:00+00:00,375.261008132231
2017-01-10 18:00:00+00:00,374.17472852620335
2017-01-10 19:00:00+00:00,377.12255319455636
2017-01-10 20:00:00+00:00,364.8714784527223
2017-01-10 21:00:00+00:00,332.08255202728753
2017-01-10 22:00:00+00:00,305.5420360153373
2017-01-10 23:00:00+00:00,280.8114026773125
2017-01-11 00:00:00+00:00,278.0638904661423
2017-01-11 01:00:00+00:00,270.8330694021844
2017-01-11 02:00:00+00:00,259.2014916941626
2017-01-11 03:00:00+00:00,252.2845931965854
2017-01-11 04:00:00+00:00,233.98583957879694
2017-01-11 05:00:00+00:00,238.96953189145074
2017-01-11 06:00:00+00:00,269.7122411534827
2017-01-11 07:00:00+00:00,308.46567486375613
2017-01-11 08:00:00+00:00,338.7861066673826
2017-01-11 09:00:00+00:00,324.0721492044621
2017-01-11 10:00:00+00:00,317.5727161036752
2017-01-11 11:00:00+00:00,310.1277283580081
2017-01-11 12:00:00+00:00,308.770241077463
2017-01-11 13:00:00+00:00,303.26648274890994
2017-01-11 14:00:00+00:00,303.847153151541
2017-01-11 15:00:00+00:00,313.40190026130176
2017-01-11 16:00:00+00:00,338.74276877456657
2017-01-11 17:00:00+00:00,349.0428849100371
2017-01-11 18:00:00+00:00,336.9471827874752
2017-01-11 19:00:00+00:00,346.1895383173817
2017-01-11 20:00:00+00:00,339.48028219824823
2017-01-11 21:00:00+00:00,323.0992261129216
2017-01-11 22:00:00+00:00,287.51356056672756
2017-01-11 23:00:00+00:00,271.0236170203374
2017-01-12 00:00:00+00:00,271.63441237015246
2017-01-12 01:00:00+00:00,282.16570699335944
2017-01-12 02:00:00+00:00,275.3083478333977
2017-01-12 03:00:00+00:00,264.132219559108
2017-01-12 04:00:00+00:00,261.66556139711975
2017-01-12 05:00:00+00:00,269.34543101050946
2017-01-12 06:00:00+00:00,304.93915587355843
2017-01-12 07:00:00+00:00,328.5837513763036
2017-01-12 08:00:00+00:00,354.38889620979097
2017-01-12 09:00:00+00:00,368.5399641196162
2017-01-12 10:00:00+00:00,381.52039719575646
2017-01-12 11:00:00+00:00,384.64861783688787
2017-01-12 12:00:00+00:00,393.9694790820443
2017-01-12 13:00:00+00:00,399.915627290124
2017-01-12 14:00:00+00:00,400.55095969442345
2017-01-12 15:00:00+00:00,404.77905466131784
2017-01-12 16:00:00+00:00,408.9482693820807
2017-01-12 17:00:00+00:00,415.9511360594513
2017-01-12 18:00:00+00:00,411.1871750189311
2017-01-12 19:00:00+00:00,384.2427900861082
2017-01-12 20:00:00+00:00,384.8555891059769
2017-01-12 21:00:00+00:00,365.71687188659246
2017-01-12 22:00:00+00:00,347.40401071524644
2017-01-12 23:00:00+00:00,314.88295188307455
2017-01-13 00:00:00+00:00,289.1280376611671
2017-01-13 01:00:00+00:00,292.9108883208186
2017-01-13 02:00:00+00:00,264.59563505105564
2017-01-13 03:00:00+00:00,254.29976906770443
2017-01-13 04:00:00+00:00,245.55975090592423
2017-01-13 05:00:00+00:00,260.9663041109454
2017-01-13 06:00:00+00:00,304.1376843674095
2017-01-13 07:00:00+00:00,350.13442310347244
2017-01-13 08:00:00+00:00,371.8866503610539
2017-01-13 09:00:00+00:00,369.8203990090302
2017-01-13 10:00:00+00:00,374.62170401025145
2017-01-13 11:00:00+00:00,368.7396453059104
2017-01-13 12:00:00+00:00,356.6031479179491
2017-01-13 13:00:00+00:00,348.46284213197026
2017-01-13 14:00:00+00:00,361.6296084350698
2017-01-13 15:00:00+00:00,375.1470768496052
2017-01-13 16:00:00+00:00,390.56061434699393
2017-01-13 17:00:00+00:00,392.09997703219244
2017-01-13 18:00:00+00:00,398.26997923784745
2017-01-13 19:00:00+00:00,392.0839335325428
2017-01-13 20:00:00+00:00,405.4500431147914
2017-01-13 21:00:00+00:00,376.59507196540625
2017-01-13 22:00:00+00:00,345.33035211478085
2017-01-13 23:00:00+00:00,321.98996155271755
2017-01-14 00:00:00+00:00,304.7218291970381
2017-01-14 01:00:00+00:00,302.0087286111699
2017-01-14 02:00:00+00:00,300.8421793657092
2017-01-14 03:00:00+00:00,303.0494486897481
2017-01-14 04:00:00+00:00,291.595571011504
2017-01-14 05:00:00+00:00,300.10778163880144
2017-01-14 06:00:00+00:00,309.83773893936564
2017-01-14 07:00:00+00:00,324.14567599709613
2017-01-14 08:00:00+00:00,337.5010131532493
2017-01-14 09:00:00+00:00,360.7513329959116
2017-01-14 10:00:00+00:00,375.59224675731855
2017-01-14 11:00:00+00:00,381.74974591068536
2017-01-14 12:00:00+00:00,379.7618241724539
2017-01-14 13:00:00+00:00,387.92629275419455
2017-01-14 14:00:00+00:00,400.60669190286575
2017-01-14 15:00:00+00:00,404.53450396617575
2017-01-14 16:00:00+00:00,424.7515585689015
2017-01-14 17:00:00+00:00,422.04537666317646
2017-01-14 18:00:00+00:00,430.5935834496982
2017-01-14 19:00:00+00:00,430.98550466183366
2017-01-14 20:00:00+00:00,417.241384820588
2017-01-14 21:00:00+00:00,406.7898417344911
2017-01-14 22:00:00+00:00,381.8368431746984
2017-01-14 23:00:00+00:00,367.5630471983996
2017-01-15 00:00:00+00:00,349.92207073580283
2017-01-15 01:00:00+00:00,349.8588938104229
2017-01-15 02:00:00+00:00,347.77958982134726
2017-01-15 03:00:00+00:00,333.56207953966134
2017-01-15 04:00:00+00:00,321.2950690120552
2017-01-15 05:00:00+00:00,307.6159392646
2017-01-15 06:00:00+00:00,304.9447087166186
2017-01-15 07:00:00+00:00,305.24137144830803
2017-01-15 08:00:00+00:00,322.61544432203743
2017-01-15 09:00:00+00:00,338.64657566727664
2017-01-15 10:00:00+00:00,379.87579328642585
2017-01-15 11:00:00+00:00,404.7421255153102
2017-01-15 12:00:00+00:00,421.82123998030073
2017-01-15 13:00:00+00:00,430.9687293445264
2017-01-15 14:00:00+00:00,426.6296624023943
2017-01-15 15:00:00+00:00,436.911202885919
2017-01-15 16:00:00+00:00,437.1691103941037
2017-01-15 17:00:00+00:00,438.1965584495004
2017-01-15 18:00:00+00:00,436.69871984812096
2017-01-15 19:00:00+00:00,445.6887471396784
2017-01-15 20:00:00+00:00,449.1511837695485
2017-01-15 21:00:00+00:00,445.14276974123385
2017-01-15 22:00:00+00:00,399.0255268971907
2017-01-15 23:00:00+00:00,385.65042164067137
2017-01-16 00:00:00+00:00,370.232582846224
2017-01-16 01:00:00+00:00,370.4334207670069
2017-01-16 02:00:00+00:00,364.71668573124083
2017-01-16 03:00:00+00:00,360.5101414950804
2017-01-16 04:00:00+00:00,360.0829706235004
2017-01-16 05:00:00+00:00,366.8038956902167
2017-01-16 06:00:00+00:00,389.5928638967391
2017-01-16 07:00:00+00:00,423.4408169963577
2017-01-16 08:00:00+00:00,443.81019320030447
2017-01-16 09:00:00+00:00,448.15647362717044
2017-01-16 10:00:00+00:00,452.204002289588
2017-01-16 11:00:00+00:00,454.83514780747674
2017-01-16 12:00:00+00:00,453.86837498786804
2017-01-16 13:00:00+00:00,462.3213057283134
2017-01-16 14:00:00+00:00,465.0913118309129
2017-01-16 15:00:00+00:00,469.57949316372134
2017-01-16 16:00:00+00:00,456.50574622001614
2017-01-16 17:00:00+00:00,458.7029587549049
2017-01-16 18:00:00+00:00,462.33327993625426
2017-01-16 19:00:00+00:00,466.92900513788436
2017-01-16 20:00:00+00:00,470.06938764170843
2017-01-16 21:00:00+00:00,470.18629461418544
2017-01-16 22:00:00+00:00,422.3470550123988
2017-01-16 23:00:00+00:00,409.3037029132627
2017-01-17 00:00:00+00:00,411.0683941611504
2017-01-17 01:00:00+00:00,410.84320992616813
2017-01-17 02:00:00+00:00,405.4203363067272
2017-01-17 03:00:00+00:00,406.20568492937565
2017-01-17 04:00:00+00:00,406.14398834514293
2017-01-17 05:00:00+00:00,405.8773961367509
2017-01-17 06:00:00+00:00,422.33014244708437
2017-01-17 07:00:00+00:00,457.9683643886061
2017-01-17 08:00:00+00:00,469.44266265700463
2017-01-17 09:00:00+00:00,475.93849277532706
2017-01-17 10:00:00+00:00,471.4293195039922
2017-01-17 11:00:00+00:00,464.9737589272125
2017-01-17 12:00:00+00:00,463.3293934405842
2017-01-17 13:00:00+00:00,460.7014825661816
2017-01-17 14:00:00+00:00,461.8656405457885
2017-01-17 15:00:00+00:00,465.7333952686202
2017-01-17 16:00:00+00:00,467.0953128564546
2017-01-17 17:00:00+00:00,456.4187047831046
2017-01-17 18:00:00+00:00,457.4357010312521
2017-01-17 19:00:00+00:00,462.6109431949591
2017-01-17 20:00:00+00:00,463.86274274729084
2017-01-17 21:00:00+00:00,443.6413539882017
2017-01-17 22:00:00+00:00,406.0689127892074
2017-01-17 23:00:00+00:00,399.20470064851963
2017-01-18 00:00:00+00:00,398.04128725407526
2017-01-18 01:00:00+00:00,395.79356395496137
2017-01-18 02:00:00+00:00,393.55482881575693
2017-01-18 03:00:00+00:00,391.8837711596525
2017-01-18 04:00:00+00:00,386.89072106029647
2017-01-18 05:00:00+00:00,388.762338200217
2017-01-18 06:00:00+00:00,403.74732457325996
2017-01-18 07:00:00+00:00,424.21751589332234
2017-01-18 08:00:00+00:00,448.4353582505537
2017-01-18 09:00:00+00:00,447.85079530059363
2017-01-18 10:00:00+00:00,444.434935397783
2017-01-18 11:00:00+00:00,425.4851397524117
2017-01-18 12:00:00+00:00,424.83362407578096
2017-01-18 13:00:00+00:00,417.7724737253319
2017-01-18 14:00:00+00:00,422.45016188972534
2017-01-18 15:00:00+00:00,433.57778669128095
2017-01-18 16:00:00+00:00,450.4980280104013
2017-01-18 17:00:00+00:00,453.046384388706
2017-01-18 18:00:00+00:00,454.9170059715322
2017-01-18 19:00:00+00:00,457.8481432862097
2017-01-18 20:00:00+00:00,461.6118186411957
2017-01-18 21:00:00+00:00,436.7641969474513
2017-01-18 22:00:00+00:00,410.3258635556869
2017-01-18 23:00:00+00:00,400.09375670178616
2017-01-19 00:00:00+00:00,391.1288249695695
2017-01-19 01:00:00+00:00,392.686028573162
2017-01-19 02:00:00+00:00,390.99112731618015
2017-01-19 03:00:00+00:00,390.5642272021941
2017-01-19 04:00:00+00:00,390.32498383847724
2017-01-19 05:00:00+00:00,388.66700546797983
2017-01-19 06:00:00+00:00,411.59304916845207
2017-01-19 07:00:00+00:00,435.86807928273527
2017-01-19 08:00:00+00:00,459.03337595922227
2017-01-19 09:00:00+00:00,470.2056347209432
2017-01-19 10:00:00+00:00,76.88560791581745
2017-01-19 11:00:00+00:00,66.00735857964902
2017-01-19 12:00:00+00:00,60.341243927257736
2017-01-19 13:00:00+00:00,434.2371597482877
2017-01-19 14:00:00+00:00,437.67718539387437
2017-01-19 15:00:00+00:00,452.42458680628937
2017-01-19 16:00:00+00:00,467.7328743658375
2017-01-19 17:00:00+00:00,461.2936162837825
2017-01-19 18:00:00+00:00,461.24016398260505
2017-01-19 19:00:00+00:00,467.39601053826505
2017-01-19 20:00:00+00:00,456.3772133788505
2017-01-19 21:00:00+00:00,438.99000382936566
2017-01-19 22:00:00+00:00,422.5150728600873
2017-01-19 23:00:00+00:00,410.95013493962716
2017-01-20 00:00:00+00:00,403.2197693836104
2017-01-20 01:00:00+00:00,418.35490587395395
2017-01-20 02:00:00+00:00,413.0417972363603
2017-01-20 03:00:00+00:00,411.66053349853564
2017-01-20 04:00:00+00:00,405.0850745943642
2017-01-20 05:00:00+00:00,404.55109404127467
2017-01-20 06:00:00+00:00,423.0412247023857
2017-01-20 07:00:00+00:00,445.0589223600936
2017-01-20 08:00:00+00:00,452.8196594088748
2017-01-20 09:00:00+00:00,451.4831504563705
2017-01-20 10:00:00+00:00,437.34260575511564
2017-01-20 11:00:00+00:00,421.1753691287552
2017-01-20 12:00:00+00:00,412.54373608107335
2017-01-20 13:00:00+00:00,409.04231503911507
2017-01-20 14:00:00+00:00,419.99506298317954
2017-01-20 15:00:00+00:00,427.8555082587652
2017-01-20 16:00:00+00:00,455.88654714469453
2017-01-20 17:00:00+00:00,458.3578558402406
2017-01-20 18:00:00+00:00,461.9370183053458
2017-01-20 19:00:00+00:00,463.85770016293367
2017-01-20 20:00:00+00:00,440.8888212533606
2017-01-20 21:00:00+00:00,412.79312265483424
2017-01-20 22:00:00+00:00,386.77119541441635
2017-01-20 23:00:00+00:00,375.8964229860201
2017-01-21 00:00:00+00:00,373.2716846297505
2017-01-21 01:00:00+00:00,378.20128770996274
2017-01-21 02:00:00+00:00,368.94117879210194
2017-01-21 03:00:00+00:00,368.22403870315867
2017-01-21 04:00:00+00:00,363.8312909402006
2017-01-21 05:00:00+00:00,360.877580065523
2017-01-21 06:00:00+00:00,361.16230932040116
2017-01-21 07:00:00+00:00,369.76453914233383
2017-01-21 08:00:00+00:00,379.01789909911747
2017-01-21 09:00:00+00:00,397.4763611349563
2017-01-21 10:00:00+00:00,394.94980433924144
2017-01-21 11:00:00+00:00,388.410639626036
2017-01-21 12:00:00+00:00,384.13647579063706
2017-01-21 13:00:00+00:00,393.1313072709841
2017-01-21 14:00:00+00:00,406.67006122145443
2017-01-21 15:00:00+00:00,419.5782944396309
2017-01-21 16:00:00+00:00,431.04003791536303
2017-01-21 17:00:00+00:00,427.6535345477503
2017-01-21 18:00:00+00:00,428.1220483991677
2017-01-21 19:00:00+00:00,433.8590291343179
2017-01-21 20:00:00+00:00,435.7348395809383
2017-01-21 21:00:00+00:00,416.13762140424745
2017-01-21 22:00:00+00:00,409.73114112494085
2017-01-21 23:00:00+00:00,406.57650737628825
2017-01-22 00:00:00+00:00,405.5688168631251
2017-01-22 01:00:00+00:00,400.9942554473215
2017-01-22 02:00:00+00:00,397.47826561056587
2017-01-22 03:00:00+00:00,400.6062034546144
2017-01-22 04:00:00+00:00,394.04157693203416
2017-01-22 05:00:00+00:00,390.94634800439457
2017-01-22 06:00:00+00:00,391.95855175548957
2017-01-22 07:00:00+00:00,397.3672395716955
2017-01-22 08:00:00+00:00,403.45190398310507
2017-01-22 09:00:00+00:00,406.84586149932596
2017-01-22 10:00:00+00:00,410.63591044433645
2017-01-22 11:00:00+00:00,410.1002720375806
2017-01-22 12:00:00+00:00,408.8785706664941
2017-01-22 13:00:00+00:00,414.4918251274134
2017-01-22 14:00:00+00:00,421.64474761964436
2017-01-22 15:00:00+00:00,429.28065678468766
2017-01-22 16:00:00+00:00,442.46824563404476
2017-01-22 17:00:00+00:00,436.68094267624974
2017-01-22 18:00:00+00:00,436.64663312593746
2017-01-22 19:00:00+00:00,444.8978543030088
2017-01-22 20:00:00+00:00,446.60782057494106
2017-01-22 21:00:00+00:00,440.158458073016
2017-01-22 22:00:00+00:00,411.2330328500812
2017-01-22 23:00:00+00:00,398.70687010089136
2017-01-23 00:00:00+00:00,391.4352093338247
2017-01-23 01:00:00+00:00,404.76039343309117
2017-01-23 02:00:00+00:00,399.35212026170115
2017-01-23 03:00:00+00:00,397.06824605623757
2017-01-23 04:00:00+00:00,396.1000057524643
2017-01-23 05:00:00+00:00,395.21982446138657
2017-01-23 06:00:00+00:00,423.7588037818035
2017-01-23 07:00:00+00:00,456.3459679717849
2017-01-23 08:00:00+00:00,472.37172058702936
2017-01-23 09:00:00+00:00,467.3060437439285
2017-01-23 10:00:00+00:00,457.07036225470165
2017-01-23 11:00:00+00:00,454.58848940207656
2017-01-23 12:00:00+00:00,451.02629304666976
2017-01-23 13:00:00+00:00,448.1257979716027
2017-01-23 14:00:00+00:00,447.3296598724198
2017-01-23 15:00:00+00:00,457.81009282291467
2017-01-23 16:00:00+00:00,465.8136898592963
2017-01-23 17:00:00+00:00,450.77103373769444
2017-01-23 18:00:00+00:00,446.41066104713923
2017-01-23 19:00:00+00:00,446.13748608750836
2017-01-23 20:00:00+00:00,440.69258322493005
2017-01-23 21:00:00+00:00,417.0955140197958
2017-01-23 22:00:00+00:00,391.8405845769042
2017-01-23 23:00:00+00:00,375.3717805990062
2017-01-24 00:00:00+00:00,376.43669156653937
2017-01-24 01:00:00+00:00,376.8076068633839
2017-01-24 02:00:00+00:00,361.1942233482133
2017-01-24 03:00:00+00:00,357.71967427204874
2017-01-24 04:00:00+00:00,352.50828497263285
2017-01-24 05:00:00+00:00,354.50659250727057
2017-01-24 06:00:00+00:00,392.74772637064615
2017-01-24 07:00:00+00:00,411.6582566936788
2017-01-24 08:00:00+00:00,430.4193559238664
2017-01-24 09:00:00+00:00,419.15948004614825
2017-01-24 10:00:00+00:00,407.1885033718988
2017-01-24 11:00:00+00:00,402.64732310882084
2017-01-24 12:00:00+00:00,393.3604094018782
2017-01-24 13:00:00+00:00,391.8991426555471
2017-01-24 14:00:00+00:00,399.9504515756387
2017-01-24 15:00:00+00:00,415.6924099685374
2017-01-24 16:00:00+00:00,418.6053182075308
2017-01-24 17:00:00+00:00,413.68046483635004
2017-01-24 18:00:00+00:00,407.0386793030777
2017-01-24 19:00:00+00:00,410.802033502675
2017-01-24 20:00:00+00:00,401.72441064063923
2017-01-24 21:00:00+00:00,389.91806544617975
2017-01-24 22:00:00+00:00,363.4922509361037
2017-01-24 23:00:00+00:00,342.9049256370443
2017-01-25 00:00:00+00:00,341.2884470357597
2017-01-25 01:00:00+00:00,359.88564069283314
2017-01-25 02:00:00+00:00,344.8358005948588
2017-01-25 03:00:00+00:00,338.47442133288604
2017-01-25 04:00:00+00:00,331.4223080412559
2017-01-25 05:00:00+00:00,333.397319432674
2017-01-25 06:00:00+00:00,363.580351654985
2017-01-25 07:00:00+00:00,388.8338581684376
2017-01-25 08:00:00+00:00,406.4489488153182
2017-01-25 09:00:00+00:00,404.0896984275846
2017-01-25 10:00:00+00:00,394.86356839483364
2017-01-25 11:00:00+00:00,380.21570383540046
2017-01-25 12:00:00+00:00,374.5551826384457
2017-01-25 13:00:00+00:00,370.0314410205877
2017-01-25 14:00:00+00:00,375.972673904488
2017-01-25 15:00:00+00:00,384.0498906311904
2017-01-25 16:00:00+00:00,399.149097867055
2017-01-25 17:00:00+00:00,403.71967932496165
2017-01-25 18:00:00+00:00,406.4800653609836
2017-01-25 19:00:00+00:00,402.2224107600612
2017-01-25 20:00:00+00:00,391.0884621489907
2017-01-25 21:00:00+00:00,369.90472801069745
2017-01-25 22:00:00+00:00,338.5254583563469
2017-01-25 23:00:00+00:00,321.12840324418136
2017-01-26 00:00:00+00:00,319.4427875109833
2017-01-26 01:00:00+00:00,337.91772194505563
2017-01-26 02:00:00+00:00,327.5257105416491
2017-01-26 03:00:00+00:00,324.48503469018397
2017-01-26 04:00:00+00:00,314.7757649263901
2017-01-26 05:00:00+00:00,317.03170565687634
2017-01-26 06:00:00+00:00,327.1333153619958
2017-01-26 07:00:00+00:00,363.4623015321122
2017-01-26 08:00:00+00:00,391.8486755266197
2017-01-26 09:00:00+00:00,392.3090166573984
2017-01-26 10:00:00+00:00,385.30764698496574
2017-01-26 11:00:00+00:00,388.00884975346054
2017-01-26 12:00:00+00:00,391.96126734488627
2017-01-26 13:00:00+00:00,397.8990899181652
2017-01-26 14:00:00+00:00,399.4075129780842
2017-01-26 15:00:00+00:00,394.8609427424562
2017-01-26 16:00:00+00:00,406.8645134375148
2017-01-26 17:00:00+00:00,405.5011773497942
2017-01-26 18:00:00+00:00,400.0530942511985
2017-01-26 19:00:00+00:00,409.0207392798178
2017-01-26 20:00:00+00:00,410.1862429352023
2017-01-26 21:00:00+00:00,389.8414221293504
2017-01-26 22:00:00+00:00,368.7797364629099
2017-01-26 23:00:00+00:00,349.430419680202
2017-01-27 00:00:00+00:00,351.9422368116768
2017-01-27 01:00:00+00:00,360.6354140110673
2017-01-27 02:00:00+00:00,347.7101313170026
2017-01-27 03:00:00+00:00,355.6139598941394
2017-01-27 04:00:00+00:00,357.9439950647119
2017-01-27 05:00:00+00:00,353.0825373475609
2017-01-27 06:00:00+00:00,367.389521763089
2017-01-27 07:00:00+00:00,386.90791316957154
2017-01-27 08:00:00+00:00,406.38390907347866
2017-01-27 09:00:00+00:00,401.542605383777
2017-01-27 10:00:00+00:00,396.5016929870467
2017-01-27 11:00:00+00:00,395.6503571068228
2017-01-27 12:00:00+00:00,398.8797059155454
2017-01-27 13:00:00+00:00,400.22789084545747
2017-01-27 14:00:00+00:00,393.73348120120346
2017-01-27 15:00:00+00:00,411.6857872313045
2017-01-27 16:00:00+00:00,414.15409993618897
2017-01-27 17:00:00+00:00,408.2695918529806
2017-01-27 18:00:00+00:00,401.377090264604
2017-01-27 19:00:00+00:00,401.8914455264949
2017-01-27 20:00:00+00:00,408.045075177218
2017-01-27 21:00:00+00:00,401.1598252392161
2017-01-27 22:00:00+00:00,379.0625972134202
2017-01-27 23:00:00+00:00,373.29903871771336
2017-01-28 00:00:00+00:00,367.112055188579
2017-01-28 01:00:00+00:00,373.3787804342999
2017-01-28 02:00:00+00:00,358.81649785736994
2017-01-28 03:00:00+00:00,361.27612733437076
2017-01-28 04:00:00+00:00,352.9893319683482
2017-01-28 05:00:00+00:00,345.41152433284714
2017-01-28 06:00:00+00:00,352.38063832829494
2017-01-28 07:00:00+00:00,359.2969698839213
2017-01-28 08:00:00+00:00,363.8548754617166
2017-01-28 09:00:00+00:00,372.00840105617704
2017-01-28 10:00:00+00:00,371.3557406636365
2017-01-28 11:00:00+00:00,360.6613136164173
2017-01-28 12:00:00+00:00,350.88034808799154
2017-01-28 13:00:00+00:00,345.8143829561118
2017-01-28 14:00:00+00:00,346.991556805273
2017-01-28 15:00:00+00:00,361.59120146520496
2017-01-28 16:00:00+00:00,370.4951737313113
2017-01-28 17:00:00+00:00,376.61168998461795
2017-01-28 18:00:00+00:00,377.75891375715776
2017-01-28 19:00:00+00:00,379.866379616845
2017-01-28 20:00:00+00:00,378.7140472571212
2017-01-28 21:00:00+00:00,361.7973100096221
2017-01-28 22:00:00+00:00,362.036071165066
2017-01-28 23:00:00+00:00,355.50600704188054
2017-01-29 00:00:00+00:00,349.2964517904977
2017-01-29 01:00:00+00:00,356.1331923269949
2017-01-29 02:00:00+00:00,345.7940152786502
2017-01-29 03:00:00+00:00,336.5081015018018
2017-01-29 04:00:00+00:00,330.83354263836964
2017-01-29 05:00:00+00:00,331.8718838628685
2017-01-29 06:00:00+00:00,340.330559692249
2017-01-29 07:00:00+00:00,351.315046792431
2017-01-29 08:00:00+00:00,356.5586459183823
2017-01-29 09:00:00+00:00,362.2301116203953
2017-01-29 10:00:00+00:00,376.1420597351555
2017-01-29 11:00:00+00:00,384.2343880652337
2017-01-29 12:00:00+00:00,378.0595644593579
2017-01-29 13:00:00+00:00,365.94276621759855
2017-01-29 14:00:00+00:00,375.3985678644911
2017-01-29 15:00:00+00:00,381.8653602210435
2017-01-29 16:00:00+00:00,398.9946045519751
2017-01-29 17:00:00+00:00,394.7909225634585
2017-01-29 18:00:00+00:00,401.47919239110917
2017-01-29 19:00:00+00:00,401.81037781168794
2017-01-29 20:00:00+00:00,399.35461855691085
2017-01-29 21:00:00+00:00,395.28469053758675
2017-01-29 22:00:00+00:00,371.6039272994002
2017-01-29 23:00:00+00:00,365.91921516978306
2017-01-30 00:00:00+00:00,359.18663583199975
2017-01-30 01:00:00+00:00,357.67110054211344
2017-01-30 02:00:00+00:00,354.5092964304108
2017-01-30 03:00:00+00:00,352.9743084513223
2017-01-30 04:00:00+00:00,354.0716100175085
2017-01-30 05:00:00+00:00,357.41599551543226
2017-01-30 06:00:00+00:00,378.20212055785044
2017-01-30 07:00:00+00:00,393.0340133821805
2017-01-30 08:00:00+00:00,407.6416952942677
2017-01-30 09:00:00+00:00,404.78295010417725
2017-01-30 10:00:00+00:00,400.92153429308036
2017-01-30 11:00:00+00:00,393.6345593273186
2017-01-30 12:00:00+00:00,387.5245299346546
2017-01-30 13:00:00+00:00,387.9420038346306
2017-01-30 14:00:00+00:00,383.16789513252263
2017-01-30 15:00:00+00:00,386.0213788829976
2017-01-30 16:00:00+00:00,391.28344012158743
2017-01-30 17:00:00+00:00,390.01787489633546
2017-01-30 18:00:00+00:00,391.93845000381
2017-01-30 19:00:00+00:00,385.66674455725456
2017-01-30 20:00:00+00:00,376.98248597114775
2017-01-30 21:00:00+00:00,357.40235355390104
2017-01-30 22:00:00+00:00,337.212619250864
2017-01-30 23:00:00+00:00,315.3191651208521
2017-01-31 00:00:00+00:00,289.48750697266286
2017-01-31 01:00:00+00:00,305.8641168812394
2017-01-31 02:00:00+00:00,291.1812319688822
2017-01-31 03:00:00+00:00,280.3144727243768
2017-01-31 04:00:00+00:00,267.1506479308835
2017-01-31 05:00:00+00:00,277.89893894016245
2017-01-31 06:00:00+00:00,299.22763730488003
2017-01-31 07:00:00+00:00,346.68316927815295
2017-01-31 08:00:00+00:00,422.7917536933672
2017-01-31 09:00:00+00:00,378.8289465614259
2017-01-31 10:00:00+00:00,387.421645018409
2017-01-31 11:00:00+00:00,392.733719500296
2017-01-31 12:00:00+00:00,393.0594816293185
2017-01-31 13:00:00+00:00,403.3857022703008
2017-01-31 14:00:00+00:00,409.4132729845509
2017-01-31 15:00:00+00:00,421.2348355469043
2017-01-31 16:00:00+00:00,426.38000451153897
2017-01-31 17:00:00+00:00,429.2742496890269
2017-01-31 18:00:00+00:00,436.63940026903305
2017-01-31 19:00:00+00:00,442.46936592835146
2017-01-31 20:00:00+00:00,448.3862002560086
2017-01-31 21:00:00+00:00,448.94852252251366
2017-01-31 22:00:00+00:00,439.10727972688386
2017-01-31 23:00:00+00:00,429.56075262691513
2017-02-01 00:00:00+00:00,434.087924564235
2017-02-01 01:00:00+00:00,437.50757834181877
2017-02-01 02:00:00+00:00,423.09688803623885
2017-02-01 03:00:00+00:00,404.7799537551949
2017-02-01 04:00:00+00:00,409.77580054991984
2017-02-01 05:00:00+00:00,411.91238975793226
2017-02-01 06:00:00+00:00,424.9335742424441
2017-02-01 07:00:00+00:00,434.8296902050073
2017-02-01 08:00:00+00:00,432.78741263853226
2017-02-01 09:00:00+00:00,415.3807784731267
2017-02-01 10:00:00+00:00,405.5679246735572
2017-02-01 11:00:00+00:00,397.98171458661017
2017-02-01 12:00:00+00:00,393.59732300296685
2017-02-01 13:00:00+00:00,389.6965328415235
2017-02-01 14:00:00+00:00,379.5756080930992
2017-02-01 15:00:00+00:00,370.74237561622914
2017-02-01 16:00:00+00:00,375.8562061897248
2017-02-01 17:00:00+00:00,378.44930437682257
2017-02-01 18:00:00+00:00,382.3844808922746
2017-02-01 19:00:00+00:00,373.2594319490441
2017-02-01 20:00:00+00:00,369.45638728313355
2017-02-01 21:00:00+00:00,342.7401461547513
2017-02-01 22:00:00+00:00,313.76981315387457
2017-02-01 23:00:00+00:00,290.4613842896595
2017-02-02 00:00:00+00:00,265.72620402140086
2017-02-02 01:00:00+00:00,288.346535372026
2017-02-02 02:00:00+00:00,274.55389360421947
2017-02-02 03:00:00+00:00,262.5973452829981
2017-02-02 04:00:00+00:00,236.10346420377007
2017-02-02 05:00:00+00:00,238.56810636720692
2017-02-02 06:00:00+00:00,258.0180580359947
2017-02-02 07:00:00+00:00,303.3052926742737
2017-02-02 08:00:00+00:00,326.38406436900095
2017-02-02 09:00:00+00:00,327.3950984537718
2017-02-02 10:00:00+00:00,323.80879413790797
2017-02-02 11:00:00+00:00,326.3336504997703
2017-02-02 12:00:00+00:00,327.2989414524491
2017-02-02 13:00:00+00:00,321.51961914827143
2017-02-02 14:00:00+00:00,316.9200236919575
2017-02-02 15:00:00+00:00,320.5363016889491
2017-02-02 16:00:00+00:00,327.5531591589696
2017-02-02 17:00:00+00:00,332.8982874391167
2017-02-02 18:00:00+00:00,333.932831010848
2017-02-02 19:00:00+00:00,337.93289699207565
2017-02-02 20:00:00+00:00,326.45087897122033
2017-02-02 21:00:00+00:00,308.15289769218094
2017-02-02 22:00:00+00:00,292.1209812464591
2017-02-02 23:00:00+00:00,247.4337990436499
2017-02-03 00:00:00+00:00,245.4398127098587
2017-02-03 01:00:00+00:00,278.44393755515983
2017-02-03 02:00:00+00:00,254.15315171005298
2017-02-03 03:00:00+00:00,245.34094413987404
2017-02-03 04:00:00+00:00,227.0885515774285
2017-02-03 05:00:00+00:00,246.08717823478713
2017-02-03 06:00:00+00:00,300.3758405050129
2017-02-03 07:00:00+00:00,327.6082006650734
2017-02-03 08:00:00+00:00,343.5879444574886
2017-02-03 09:00:00+00:00,341.5694396914881
2017-02-03 10:00:00+00:00,336.3347764783393
2017-02-03 11:00:00+00:00,336.2677755480128
2017-02-03 12:00:00+00:00,343.2482830040853
2017-02-03 13:00:00+00:00,356.97086377519827
2017-02-03 14:00:00+00:00,356.62509927767184
2017-02-03 15:00:00+00:00,373.2390442734524
2017-02-03 16:00:00+00:00,389.891019034423
2017-02-03 17:00:00+00:00,387.22041387303403
2017-02-03 18:00:00+00:00,381.1397143821269
2017-02-03 19:00:00+00:00,384.2361165478062
2017-02-03 20:00:00+00:00,372.14703196675066
2017-02-03 21:00:00+00:00,351.2811235164744
2017-02-03 22:00:00+00:00,336.8601178702003
2017-02-03 23:00:00+00:00,323.6074757909632
2017-02-04 00:00:00+00:00,306.83565685901004
2017-02-04 01:00:00+00:00,322.06465765846406
2017-02-04 02:00:00+00:00,334.6117788544238
2017-02-04 03:00:00+00:00,336.72141694935044
2017-02-04 04:00:00+00:00,311.9176766824096
2017-02-04 05:00:00+00:00,326.55809176177263
2017-02-04 06:00:00+00:00,344.3921712778868
2017-02-04 07:00:00+00:00,357.0370995272745
2017-02-04 08:00:00+00:00,362.5812581411005
2017-02-04 09:00:00+00:00,362.62330719065505
2017-02-04 10:00:00+00:00,356.37690037456304
2017-02-04 11:00:00+00:00,343.923197343198
2017-02-04 12:00:00+00:00,330.19759227492756
2017-02-04 13:00:00+00:00,337.3342214904109
2017-02-04 14:00:00+00:00,348.7704945438554
2017-02-04 15:00:00+00:00,360.8030365213107
2017-02-04 16:00:00+00:00,394.2370066018335
2017-02-04 17:00:00+00:00,410.2389956090278
2017-02-04 18:00:00+00:00,409.50782585284793
2017-02-04 19:00:00+00:00,413.5550794994088
2017-02-04 20:00:00+00:00,418.5951287469497
2017-02-04 21:00:00+00:00,419.5554388681389
2017-02-04 22:00:00+00:00,403.11904837893513
2017-02-04 23:00:00+00:00,400.75348289455684
2017-02-05 00:00:00+00:00,398.69324203347793
2017-02-05 01:00:00+00:00,406.5800181996731
2017-02-05 02:00:00+00:00,411.2876815130562
2017-02-05 03:00:00+00:00,413.79536626445156
2017-02-05 04:00:00+00:00,421.59486353732996
2017-02-05 05:00:00+00:00,422.38974603171295
2017-02-05 06:00:00+00:00,428.23052008440226
2017-02-05 07:00:00+00:00,416.033394523335
2017-02-05 08:00:00+00:00,402.352451816178
2017-02-05 09:00:00+00:00,412.249603703243
2017-02-05 10:00:00+00:00,423.9317851404198
2017-02-05 11:00:00+00:00,437.8940414958944
2017-02-05 12:00:00+00:00,442.47312210190063
2017-02-05 13:00:00+00:00,447.0075191824395
2017-02-05 14:00:00+00:00,452.2100387788156
2017-02-05 15:00:00+00:00,451.42683521628885
2017-02-05 16:00:00+00:00,458.9973540042545
2017-02-05 17:00:00+00:00,455.97911495777845
2017-02-05 18:00:00+00:00,453.9202519009731
2017-02-05 19:00:00+00:00,464.6670425534282
2017-02-05 20:00:00+00:00,460.1292153381737
2017-02-05 21:00:00+00:00,447.4365030652089
2017-02-05 22:00:00+00:00,417.99739836016
2017-02-05 23:00:00+00:00,413.61491578176225
2017-02-06 00:00:00+00:00,415.2785460310665
2017-02-06 01:00:00+00:00,419.1962034859497
2017-02-06 02:00:00+00:00,418.0144855544406
2017-02-06 03:00:00+00:00,412.4839783900183
2017-02-06 04:00:00+00:00,407.28281510576744
2017-02-06 05:00:00+00:00,412.2312242558369
2017-02-06 06:00:00+00:00,429.1227470864396
2017-02-06 07:00:00+00:00,455.6385373500006
2017-02-06 08:00:00+00:00,446.22185163985836
2017-02-06 09:00:00+00:00,426.86993307310786
2017-02-06 10:00:00+00:00,419.3298168256843
2017-02-06 11:00:00+00:00,402.9072580769934
2017-02-06 12:00:00+00:00,404.0090119325896
2017-02-06 13:00:00+00:00,394.1520440395761
2017-02-06 14:00:00+00:00,384.57844255356434
2017-02-06 15:00:00+00:00,402.1771391621517
2017-02-06 16:00:00+00:00,413.1101186308629
2017-02-06 17:00:00+00:00,413.2900866556857
2017-02-06 18:00:00+00:00,412.34407201406793
2017-02-06 19:00:00+00:00,412.248165380847
2017-02-06 20:00:00+00:00,408.33740948691167
2017-02-06 21:00:00+00:00,391.4437231887201
2017-02-06 22:00:00+00:00,376.8100153542859
2017-02-06 23:00:00+00:00,358.56377254764544
2017-02-07 00:00:00+00:00,358.2737718500817
2017-02-07 01:00:00+00:00,371.48759297278275
2017-02-07 02:00:00+00:00,363.5241777630444
2017-02-07 03:00:00+00:00,368.86643956014206
2017-02-07 04:00:00+00:00,364.7398609583821
2017-02-07 05:00:00+00:00,367.4073547858456
2017-02-07 06:00:00+00:00,399.19688242390174
2017-02-07 07:00:00+00:00,435.8031798941986
2017-02-07 08:00:00+00:00,450.98005812369064
2017-02-07 09:00:00+00:00,456.40733916338274
2017-02-07 10:00:00+00:00,438.0484252004532
2017-02-07 11:00:00+00:00,429.5461518778589
2017-02-07 12:00:00+00:00,430.0187969999194
2017-02-07 13:00:00+00:00,429.9855086420542
2017-02-07 14:00:00+00:00,442.01664366249014
2017-02-07 15:00:00+00:00,455.56139973885945
2017-02-07 16:00:00+00:00,465.2174679336925
2017-02-07 17:00:00+00:00,466.5122365537483
2017-02-07 18:00:00+00:00,460.1494299854493
2017-02-07 19:00:00+00:00,463.89349170958485
2017-02-07 20:00:00+00:00,461.3949634357654
2017-02-07 21:00:00+00:00,451.3036639554502
2017-02-07 22:00:00+00:00,438.9411945240611
2017-02-07 23:00:00+00:00,418.28157109297535
2017-02-08 00:00:00+00:00,418.32364608095855
2017-02-08 01:00:00+00:00,417.6980573578238
2017-02-08 02:00:00+00:00,420.60613282770004
2017-02-08 03:00:00+00:00,416.7280507156347
2017-02-08 04:00:00+00:00,406.95939186666004
2017-02-08 05:00:00+00:00,413.5423051556037
2017-02-08 06:00:00+00:00,436.0094992903634
2017-02-08 07:00:00+00:00,442.16509881648585
2017-02-08 08:00:00+00:00,451.4409756984776
2017-02-08 09:00:00+00:00,437.6133152962534
2017-02-08 10:00:00+00:00,427.71789989804563
2017-02-08 11:00:00+00:00,424.7750790354832
2017-02-08 12:00:00+00:00,428.56238196748757
2017-02-08 13:00:00+00:00,433.0303404629609
2017-02-08 14:00:00+00:00,431.7055733512384
2017-02-08 15:00:00+00:00,434.3677022209757
2017-02-08 16:00:00+00:00,440.9494555884386
2017-02-08 17:00:00+00:00,439.38322640984273
2017-02-08 18:00:00+00:00,430.16550804417994
2017-02-08 19:00:00+00:00,428.1851184792127
2017-02-08 20:00:00+00:00,432.3660157968741
2017-02-08 21:00:00+00:00,418.53696479333763
2017-02-08 22:00:00+00:00,378.7934545279052
2017-02-08 23:00:00+00:00,355.96604055680183
2017-02-09 00:00:00+00:00,341.12599758372363
2017-02-09 01:00:00+00:00,348.63982619195957
2017-02-09 02:00:00+00:00,340.0318713618591
2017-02-09 03:00:00+00:00,332.6796104075398
2017-02-09 04:00:00+00:00,329.8092926664533
2017-02-09 05:00:00+00:00,334.53877140760295
2017-02-09 06:00:00+00:00,369.76300740744654
2017-02-09 07:00:00+00:00,394.92386727592765
2017-02-09 08:00:00+00:00,407.0180198309117
2017-02-09 09:00:00+00:00,407.5713033116737
2017-02-09 10:00:00+00:00,407.17010670586524
2017-02-09 11:00:00+00:00,409.54973440789513
2017-02-09 12:00:00+00:00,408.54660652614234
2017-02-09 13:00:00+00:00,416.5249010022372
2017-02-09 14:00:00+00:00,423.9432385334746
2017-02-09 15:00:00+00:00,431.6954362267865
2017-02-09 16:00:00+00:00,430.1724654345803
2017-02-09 17:00:00+00:00,422.3156484496602
2017-02-09 18:00:00+00:00,424.2806655104894
2017-02-09 19:00:00+00:00,422.2025739117357
2017-02-09 20:00:00+00:00,417.82587299509413
2017-02-09 21:00:00+00:00,410.5010617458213
2017-02-09 22:00:00+00:00,391.6620130301751
2017-02-09 23:00:00+00:00,383.92481204863265
2017-02-10 00:00:00+00:00,386.46211081399815
2017-02-10 01:00:00+00:00,389.45456863422686
2017-02-10 02:00:00+00:00,382.74604479991876
2017-02-10 03:00:00+00:00,376.4429088288813
2017-02-10 04:00:00+00:00,370.9661184912651
2017-02-10 05:00:00+00:00,381.1330635605862
2017-02-10 06:00:00+00:00,397.03228130320696
2017-02-10 07:00:00+00:00,423.4295131703125
2017-02-10 08:00:00+00:00,436.1915232909779
2017-02-10 09:00:00+00:00,436.44515572335234
2017-02-10 10:00:00+00:00,431.7557635837051
2017-02-10 11:00:00+00:00,435.1063127152907
2017-02-10 12:00:00+00:00,431.6677284067199
2017-02-10 13:00:00+00:00,432.579059455189
2017-02-10 14:00:00+00:00,426.30904061005026
2017-02-10 15:00:00+00:00,432.01509280951507
2017-02-10 16:00:00+00:00,445.72643192060275
2017-02-10 17:00:00+00:00,440.95670049151727
2017-02-10 18:00:00+00:00,435.472066379381
2017-02-10 19:00:00+00:00,447.64830633927807
2017-02-10 20:00:00+00:00,441.5782602422455
2017-02-10 21:00:00+00:00,425.523912351479
2017-02-10 22:00:00+00:00,392.02164928439714
2017-02-10 23:00:00+00:00,365.69032770770616
2017-02-11 00:00:00+00:00,346.99062225538285
2017-02-11 01:00:00+00:00,343.62719859188644
2017-02-11 02:00:00+00:00,326.60780583679536
2017-02-11 03:00:00+00:00,316.1088767380359
2017-02-11 04:00:00+00:00,297.2224559429843
2017-02-11 05:00:00+00:00,298.3916015998509
2017-02-11 06:00:00+00:00,314.5546531154752
2017-02-11 07:00:00+00:00,319.9977855017045
2017-02-11 08:00:00+00:00,331.74153047520895
2017-02-11 09:00:00+00:00,353.09663640821304
2017-02-11 10:00:00+00:00,369.19203350998
2017-02-11 11:00:00+00:00,368.92055528804207
2017-02-11 12:00:00+00:00,369.5061021595818
2017-02-11 13:00:00+00:00,366.28802759372786
2017-02-11 14:00:00+00:00,345.79922898638023
2017-02-11 15:00:00+00:00,343.7725689677827
2017-02-11 16:00:00+00:00,346.4687907858934
2017-02-11 17:00:00+00:00,357.45042343041973
2017-02-11 18:00:00+00:00,358.47129704786863
2017-02-11 19:00:00+00:00,349.5810183304001
2017-02-11 20:00:00+00:00,330.1474181686673
2017-02-11 21:00:00+00:00,306.5258126765403
2017-02-11 22:00:00+00:00,290.5707737158865
2017-02-11 23:00:00+00:00,264.599060043098
2017-02-12 00:00:00+00:00,254.18659741580186
2017-02-12 01:00:00+00:00,259.1815204127451
2017-02-12 02:00:00+00:00,251.1862893536392
2017-02-12 03:00:00+00:00,243.2817083037007
2017-02-12 04:00:00+00:00,238.2405488732076
2017-02-12 05:00:00+00:00,227.395545802191
2017-02-12 06:00:00+00:00,224.27971233382192
2017-02-12 07:00:00+00:00,233.87379609024347
2017-02-12 08:00:00+00:00,235.84123309123345
2017-02-12 09:00:00+00:00,268.3488465595296
2017-02-12 10:00:00+00:00,287.08504505415635
2017-02-12 11:00:00+00:00,291.9778243868017
2017-02-12 12:00:00+00:00,291.623980268798
2017-02-12 13:00:00+00:00,291.3413517064413
2017-02-12 14:00:00+00:00,298.71007240543463
2017-02-12 15:00:00+00:00,299.80819386855075
2017-02-12 16:00:00+00:00,301.38072725607066
2017-02-12 17:00:00+00:00,314.5754606257188
2017-02-12 18:00:00+00:00,306.0859731037479
2017-02-12 19:00:00+00:00,306.31751670942293
2017-02-12 20:00:00+00:00,292.9986060205828
2017-02-12 21:00:00+00:00,270.411969053352
2017-02-12 22:00:00+00:00,251.8895489703653
2017-02-12 23:00:00+00:00,221.1526853007604
2017-02-13 00:00:00+00:00,191.5030777312285
2017-02-13 01:00:00+00:00,205.16539642031447
2017-02-13 02:00:00+00:00,208.7343405989428
2017-02-13 03:00:00+00:00,208.42378807925638
2017-02-13 04:00:00+00:00,194.10296629753722
2017-02-13 05:00:00+00:00,203.94567219241634
2017-02-13 06:00:00+00:00,221.2444506667458
2017-02-13 07:00:00+00:00,269.3794282383335
2017-02-13 08:00:00+00:00,277.6600982905819
2017-02-13 09:00:00+00:00,282.57935031273274
2017-02-13 10:00:00+00:00,278.28286673438305
2017-02-13 11:00:00+00:00,269.233058201909
2017-02-13 12:00:00+00:00,261.9873284248004
2017-02-13 13:00:00+00:00,251.47332601557784
2017-02-13 14:00:00+00:00,256.38719949010846
2017-02-13 15:00:00+00:00,265.6458361611854
2017-02-13 16:00:00+00:00,294.6457828575036
2017-02-13 17:00:00+00:00,308.5648712407408
2017-02-13 18:00:00+00:00,326.51284515461145
2017-02-13 19:00:00+00:00,325.08613722396956
2017-02-13 20:00:00+00:00,307.8771662786655
2017-02-13 21:00:00+00:00,281.5970901623411
2017-02-13 22:00:00+00:00,253.14841095816865
2017-02-13 23:00:00+00:00,232.99135609962002
2017-02-14 00:00:00+00:00,213.43483256172007
2017-02-14 01:00:00+00:00,224.7909265693948
2017-02-14 02:00:00+00:00,219.5406715338014
2017-02-14 03:00:00+00:00,215.29997345576754
2017-02-14 04:00:00+00:00,209.379356504101
2017-02-14 05:00:00+00:00,221.79136107180113
2017-02-14 06:00:00+00:00,249.58783262501137
2017-02-14 07:00:00+00:00,300.0000064020959
2017-02-14 08:00:00+00:00,315.8184281918607
2017-02-14 09:00:00+00:00,318.7618845191891
2017-02-14 10:00:00+00:00,319.7638029912369
2017-02-14 11:00:00+00:00,321.49463058294526
2017-02-14 12:00:00+00:00,325.64001080376437
2017-02-14 13:00:00+00:00,328.9697863822991
2017-02-14 14:00:00+00:00,331.3528845991678
2017-02-14 15:00:00+00:00,347.5027537766254
2017-02-14 16:00:00+00:00,366.82651855182957
2017-02-14 17:00:00+00:00,372.6466260542698
2017-02-14 18:00:00+00:00,380.7331283353267
2017-02-14 19:00:00+00:00,391.2003288017979
2017-02-14 20:00:00+00:00,388.36073541589013
2017-02-14 21:00:00+00:00,368.46823677724564
2017-02-14 22:00:00+00:00,353.1645656536514
2017-02-14 23:00:00+00:00,342.4765885811257
2017-02-15 00:00:00+00:00,342.6578991126701
2017-02-15 01:00:00+00:00,349.5365307636817
2017-02-15 02:00:00+00:00,328.85701185320625
2017-02-15 03:00:00+00:00,323.4011037166251
2017-02-15 04:00:00+00:00,316.4011645983444
2017-02-15 05:00:00+00:00,317.1458271190681
2017-02-15 06:00:00+00:00,338.41945041751273
2017-02-15 07:00:00+00:00,369.7560323659087
2017-02-15 08:00:00+00:00,372.4210095133198
2017-02-15 09:00:00+00:00,365.5137197871545
2017-02-15 10:00:00+00:00,362.76394255266314
2017-02-15 11:00:00+00:00,359.0296812884295
2017-02-15 12:00:00+00:00,351.05268275502664
2017-02-15 13:00:00+00:00,351.54692598947935
2017-02-15 14:00:00+00:00,359.6082039231527
2017-02-15 15:00:00+00:00,360.43372282185874
2017-02-15 16:00:00+00:00,368.3615735949968
2017-02-15 17:00:00+00:00,370.4954667315484
2017-02-15 18:00:00+00:00,373.1975680565052
2017-02-15 19:00:00+00:00,374.958128235317
2017-02-15 20:00:00+00:00,346.91489345137126
2017-02-15 21:00:00+00:00,318.330699184773
2017-02-15 22:00:00+00:00,289.58961095417015
2017-02-15 23:00:00+00:00,258.39936269138525
2017-02-16 00:00:00+00:00,226.99671249171124
2017-02-16 01:00:00+00:00,235.0255250103661
2017-02-16 02:00:00+00:00,224.9928317774224
2017-02-16 03:00:00+00:00,217.82182971789408
2017-02-16 04:00:00+00:00,207.7073911658039
2017-02-16 05:00:00+00:00,221.00597294331718
2017-02-16 06:00:00+00:00,249.54429788400384
2017-02-16 07:00:00+00:00,294.03963772359646
2017-02-16 08:00:00+00:00,302.52803853510716
2017-02-16 09:00:00+00:00,293.34461688723957
2017-02-16 10:00:00+00:00,296.11841146608555
2017-02-16 11:00:00+00:00,287.76716755513445
2017-02-16 12:00:00+00:00,284.10737388892085
2017-02-16 13:00:00+00:00,277.70179261012237
2017-02-16 14:00:00+00:00,285.94603652899497
2017-02-16 15:00:00+00:00,302.87412763794373
2017-02-16 16:00:00+00:00,321.9279987716501
2017-02-16 17:00:00+00:00,343.2632412849539
2017-02-16 18:00:00+00:00,342.3448464119908
2017-02-16 19:00:00+00:00,359.19149057861495
2017-02-16 20:00:00+00:00,360.8330247968591
2017-02-16 21:00:00+00:00,346.74649698112364
2017-02-16 22:00:00+00:00,335.7791014820765
2017-02-16 23:00:00+00:00,316.2638364518668
2017-02-17 00:00:00+00:00,303.4377255168207
2017-02-17 01:00:00+00:00,320.062151604206
2017-02-17 02:00:00+00:00,315.6020396947128
2017-02-17 03:00:00+00:00,317.0940217269804
2017-02-17 04:00:00+00:00,324.36146190941685
2017-02-17 05:00:00+00:00,338.9447363670982
2017-02-17 06:00:00+00:00,352.03212018368083
2017-02-17 07:00:00+00:00,377.57437692127877
2017-02-17 08:00:00+00:00,378.46325126083065
2017-02-17 09:00:00+00:00,385.2316756401589
2017-02-17 10:00:00+00:00,375.68600223388904
2017-02-17 11:00:00+00:00,365.37350252003404
2017-02-17 12:00:00+00:00,356.2391587786745
2017-02-17 13:00:00+00:00,357.0971054526097
2017-02-17 14:00:00+00:00,354.3747850306942
2017-02-17 15:00:00+00:00,364.47313270556805
2017-02-17 16:00:00+00:00,373.4526592886159
2017-02-17 17:00:00+00:00,382.3737134964926
2017-02-17 18:00:00+00:00,385.8022332979054
2017-02-17 19:00:00+00:00,391.60030231301187
2017-02-17 20:00:00+00:00,375.8487743990442
2017-02-17 21:00:00+00:00,350.73975617569056
2017-02-17 22:00:00+00:00,333.6876186644149
2017-02-17 23:00:00+00:00,297.52531889325405
2017-02-18 00:00:00+00:00,287.4956151197593
2017-02-18 01:00:00+00:00,277.54211866993836
2017-02-18 02:00:00+00:00,267.75780057828075
2017-02-18 03:00:00+00:00,261.78670554619913
2017-02-18 04:00:00+00:00,246.54062378669929
2017-02-18 05:00:00+00:00,231.800470235058
2017-02-18 06:00:00+00:00,260.97003843960334
2017-02-18 07:00:00+00:00,274.9994040971536
2017-02-18 08:00:00+00:00,273.33949920499094
2017-02-18 09:00:00+00:00,277.8789163220686
2017-02-18 10:00:00+00:00,286.65220636231425
2017-02-18 11:00:00+00:00,277.2771090875973
2017-02-18 12:00:00+00:00,260.67158090656295
2017-02-18 13:00:00+00:00,247.7414663129382
2017-02-18 14:00:00+00:00,241.2571506597096
2017-02-18 15:00:00+00:00,233.0432762947219
2017-02-18 16:00:00+00:00,256.0702195946902
2017-02-18 17:00:00+00:00,277.3276142881314
2017-02-18 18:00:00+00:00,292.97148562746105
2017-02-18 19:00:00+00:00,287.0038466230733
2017-02-18 20:00:00+00:00,282.38006759426327
2017-02-18 21:00:00+00:00,273.1493335673944
2017-02-18 22:00:00+00:00,258.2432987854196
2017-02-18 23:00:00+00:00,234.28688673786064
2017-02-19 00:00:00+00:00,216.1348349937212
2017-02-19 01:00:00+00:00,218.68624783223962
2017-02-19 02:00:00+00:00,217.70874191672024
2017-02-19 03:00:00+00:00,213.94398507160244
2017-02-19 04:00:00+00:00,212.62191231180785
2017-02-19 05:00:00+00:00,218.48446509693457
2017-02-19 06:00:00+00:00,223.82309118698012
2017-02-19 07:00:00+00:00,234.50018026660254
2017-02-19 08:00:00+00:00,243.4982162950839
2017-02-19 09:00:00+00:00,251.23795949331864
2017-02-19 10:00:00+00:00,262.830454823999
2017-02-19 11:00:00+00:00,260.4643728198239
2017-02-19 12:00:00+00:00,272.48790267806277
2017-02-19 13:00:00+00:00,266.6402306352601
2017-02-19 14:00:00+00:00,267.3212847148601
2017-02-19 15:00:00+00:00,286.553233949502
2017-02-19 16:00:00+00:00,298.4111727547708
2017-02-19 17:00:00+00:00,309.1743691729232
2017-02-19 18:00:00+00:00,313.83065945393633
2017-02-19 19:00:00+00:00,301.41297586051456
2017-02-19 20:00:00+00:00,294.92281069055304
2017-02-19 21:00:00+00:00,272.857492742666
2017-02-19 22:00:00+00:00,255.0310394204176
2017-02-19 23:00:00+00:00,226.25311778282864
2017-02-20 00:00:00+00:00,216.41576526542153
2017-02-20 01:00:00+00:00,222.20050612946252
2017-02-20 02:00:00+00:00,214.1882509431441
2017-02-20 03:00:00+00:00,210.5546512908372
2017-02-20 04:00:00+00:00,202.44181761290605
2017-02-20 05:00:00+00:00,217.19846466086238
2017-02-20 06:00:00+00:00,244.21703304681103
2017-02-20 07:00:00+00:00,282.6841738928912
2017-02-20 08:00:00+00:00,295.52462238093625
2017-02-20 09:00:00+00:00,293.48132532793613
2017-02-20 10:00:00+00:00,281.1333667630487
2017-02-20 11:00:00+00:00,264.9728601244935
2017-02-20 12:00:00+00:00,266.2641785619739
2017-02-20 13:00:00+00:00,270.15555891482654
2017-02-20 14:00:00+00:00,269.6954348644467
2017-02-20 15:00:00+00:00,267.4131417019397
2017-02-20 16:00:00+00:00,282.2871511340047
2017-02-20 17:00:00+00:00,301.35575246315267
2017-02-20 18:00:00+00:00,317.914634286647
2017-02-20 19:00:00+00:00,319.7746712851874
2017-02-20 20:00:00+00:00,311.0233067034977
2017-02-20 21:00:00+00:00,294.5825324805694
2017-02-20 22:00:00+00:00,272.21067374052456
2017-02-20 23:00:00+00:00,235.87694186717619
2017-02-21 00:00:00+00:00,214.6787324595211
2017-02-21 01:00:00+00:00,230.58840451297624
2017-02-21 02:00:00+00:00,219.86001171281907
2017-02-21 03:00:00+00:00,211.63482587057717
2017-02-21 04:00:00+00:00,196.78347179529894
2017-02-21 05:00:00+00:00,219.06843662900397
2017-02-21 06:00:00+00:00,256.2801490756359
2017-02-21 07:00:00+00:00,323.51551251052695
2017-02-21 08:00:00+00:00,335.05027726280485
2017-02-21 09:00:00+00:00,329.65503268041886
2017-02-21 10:00:00+00:00,324.1002581320646
2017-02-21 11:00:00+00:00,310.99091934201306
2017-02-21 12:00:00+00:00,304.52326602911353
2017-02-21 13:00:00+00:00,300.60778008168546
2017-02-21 14:00:00+00:00,302.4762538192911
2017-02-21 15:00:00+00:00,297.9053657517797
2017-02-21 16:00:00+00:00,293.24284741250443
2017-02-21 17:00:00+00:00,305.4375661421991
2017-02-21 18:00:00+00:00,301.10851521638534
2017-02-21 19:00:00+00:00,299.62821394599996
2017-02-21 20:00:00+00:00,285.9176514074901
2017-02-21 21:00:00+00:00,267.838823084607
2017-02-21 22:00:00+00:00,243.23621056806635
2017-02-21 23:00:00+00:00,190.54277958239902
2017-02-22 00:00:00+00:00,154.43350059455963
2017-02-22 01:00:00+00:00,176.06716052338473
2017-02-22 02:00:00+00:00,152.84376591681217
2017-02-22 03:00:00+00:00,159.50113174361883
2017-02-22 04:00:00+00:00,161.75656476148976
2017-02-22 05:00:00+00:00,161.96202337305908
2017-02-22 06:00:00+00:00,186.21521062572393
2017-02-22 07:00:00+00:00,264.2851933342063
2017-02-22 08:00:00+00:00,284.29085075153966
2017-02-22 09:00:00+00:00,280.45172381115157
2017-02-22 10:00:00+00:00,275.3381639441516
2017-02-22 11:00:00+00:00,265.3940993257134
2017-02-22 12:00:00+00:00,265.87909392980356
2017-02-22 13:00:00+00:00,263.52485831066247
2017-02-22 14:00:00+00:00,260.9062089240431
2017-02-22 15:00:00+00:00,266.70174318077653
2017-02-22 16:00:00+00:00,284.2827516057695
2017-02-22 17:00:00+00:00,319.09262160995814
2017-02-22 18:00:00+00:00,346.7074936923656
2017-02-22 19:00:00+00:00,347.5457111305819
2017-02-22 20:00:00+00:00,354.9536857494697
2017-02-22 21:00:00+00:00,346.42896952452674
2017-02-22 22:00:00+00:00,330.29290183523557
2017-02-22 23:00:00+00:00,290.8990087725609
2017-02-23 00:00:00+00:00,253.47662193157285
2017-02-23 01:00:00+00:00,245.51637736009073
2017-02-23 02:00:00+00:00,216.10527960605762
2017-02-23 03:00:00+00:00,192.30457782052554
2017-02-23 04:00:00+00:00,169.80809795162523
2017-02-23 05:00:00+00:00,170.61319063955477
2017-02-23 06:00:00+00:00,194.06637279950382
2017-02-23 07:00:00+00:00,250.91103010829758
2017-02-23 08:00:00+00:00,279.43325968959937
2017-02-23 09:00:00+00:00,265.99893820951985
2017-02-23 10:00:00+00:00,255.90259454534439
2017-02-23 11:00:00+00:00,262.13803087321963
2017-02-23 12:00:00+00:00,268.0768507201422
2017-02-23 13:00:00+00:00,276.1093824850137
2017-02-23 14:00:00+00:00,272.0892068319518
2017-02-23 15:00:00+00:00,278.8236179478596
2017-02-23 16:00:00+00:00,304.6165261905117
2017-02-23 17:00:00+00:00,333.7540231373201
2017-02-23 18:00:00+00:00,338.53202437666624
2017-02-23 19:00:00+00:00,343.1643493266051
2017-02-23 20:00:00+00:00,337.314288916389
2017-02-23 21:00:00+00:00,312.2487958144196
2017-02-23 22:00:00+00:00,291.60463548978674
2017-02-23 23:00:00+00:00,261.93339723217326
2017-02-24 00:00:00+00:00,250.86999618029373
2017-02-24 01:00:00+00:00,251.21873430739097
2017-02-24 02:00:00+00:00,258.781275813836
2017-02-24 03:00:00+00:00,259.3357742964901
2017-02-24 04:00:00+00:00,252.32205327924126
2017-02-24 05:00:00+00:00,262.8689943535736
2017-02-24 06:00:00+00:00,295.83686170752327
2017-02-24 07:00:00+00:00,327.16550693605143
2017-02-24 08:00:00+00:00,327.07749230358604
2017-02-24 09:00:00+00:00,323.12301338298874
2017-02-24 10:00:00+00:00,315.38391740557444
2017-02-24 11:00:00+00:00,315.9718127350611
2017-02-24 12:00:00+00:00,323.1218401451241
2017-02-24 13:00:00+00:00,325.7788749506451
2017-02-24 14:00:00+00:00,321.4603120999986
2017-02-24 15:00:00+00:00,328.5784843442556
2017-02-24 16:00:00+00:00,342.96627458665716
2017-02-24 17:00:00+00:00,362.08301200276316
2017-02-24 18:00:00+00:00,351.87048147782184
2017-02-24 19:00:00+00:00,340.1211102262695
2017-02-24 20:00:00+00:00,323.35863477157056
2017-02-24 21:00:00+00:00,302.7006825036968
2017-02-24 22:00:00+00:00,274.9141568877082
2017-02-24 23:00:00+00:00,233.32182818392172
2017-02-25 00:00:00+00:00,203.922070217009
2017-02-25 01:00:00+00:00,192.37428980238275
2017-02-25 02:00:00+00:00,187.31335803792706
2017-02-25 03:00:00+00:00,182.32032306896033
2017-02-25 04:00:00+00:00,166.89789805670426
2017-02-25 05:00:00+00:00,159.13301140602894
2017-02-25 06:00:00+00:00,159.01360104520623
2017-02-25 07:00:00+00:00,172.56600459031458
2017-02-25 08:00:00+00:00,189.09272238471306
2017-02-25 09:00:00+00:00,203.79391349978405
2017-02-25 10:00:00+00:00,213.29583993280033
2017-02-25 11:00:00+00:00,219.75141263682713
2017-02-25 12:00:00+00:00,221.3702751278804
2017-02-25 13:00:00+00:00,220.3939292003345
2017-02-25 14:00:00+00:00,226.22540194528753
2017-02-25 15:00:00+00:00,241.3913397776949
2017-02-25 16:00:00+00:00,255.2420848857508
2017-02-25 17:00:00+00:00,282.7915622143077
2017-02-25 18:00:00+00:00,306.49442860317356
2017-02-25 19:00:00+00:00,311.98779382354047
2017-02-25 20:00:00+00:00,296.1966220570989
2017-02-25 21:00:00+00:00,282.89033148388035
2017-02-25 22:00:00+00:00,268.2594468013894
2017-02-25 23:00:00+00:00,228.53055160547584
2017-02-26 00:00:00+00:00,212.15939358053552
2017-02-26 01:00:00+00:00,207.82387770172537
2017-02-26 02:00:00+00:00,185.8521026975793
2017-02-26 03:00:00+00:00,166.83695044995935
2017-02-26 04:00:00+00:00,151.69274491223598
2017-02-26 05:00:00+00:00,149.03560821019764
2017-02-26 06:00:00+00:00,160.84132354685852
2017-02-26 07:00:00+00:00,160.49126936571537
2017-02-26 08:00:00+00:00,168.14294946203387
2017-02-26 09:00:00+00:00,176.98102929597377
2017-02-26 10:00:00+00:00,189.65209497539263
2017-02-26 11:00:00+00:00,200.25143543230473
2017-02-26 12:00:00+00:00,198.35848693592436
2017-02-26 13:00:00+00:00,198.85001006934763
2017-02-26 14:00:00+00:00,200.29278783150127
2017-02-26 15:00:00+00:00,204.7656715171668
2017-02-26 16:00:00+00:00,211.3194392177108
2017-02-26 17:00:00+00:00,244.42191371179675
2017-02-26 18:00:00+00:00,258.04760183165155
2017-02-26 19:00:00+00:00,252.75523087248249
2017-02-26 20:00:00+00:00,247.32368872564493
2017-02-26 21:00:00+00:00,234.16282369539408
2017-02-26 22:00:00+00:00,210.31439800806714
2017-02-26 23:00:00+00:00,186.5374992009726
2017-02-27 00:00:00+00:00,180.0375727713361
2017-02-27 01:00:00+00:00,178.02915145215852
2017-02-27 02:00:00+00:00,172.95883675909207
2017-02-27 03:00:00+00:00,181.43023502314162
2017-02-27 04:00:00+00:00,190.21607160353918
2017-02-27 05:00:00+00:00,198.015741418414
2017-02-27 06:00:00+00:00,230.7674221894607
2017-02-27 07:00:00+00:00,301.02623190021365
2017-02-27 08:00:00+00:00,314.91109211993347
2017-02-27 09:00:00+00:00,327.0746683258015
2017-02-27 10:00:00+00:00,330.56521538843657
2017-02-27 11:00:00+00:00,333.0221426884772
2017-02-27 12:00:00+00:00,328.63012880723824
2017-02-27 13:00:00+00:00,333.98024509234887
2017-02-27 14:00:00+00:00,330.4580377287441
2017-02-27 15:00:00+00:00,339.8908607180024
2017-02-27 16:00:00+00:00,354.32577226544214
2017-02-27 17:00:00+00:00,372.60349689973
2017-02-27 18:00:00+00:00,364.8014141827132
2017-02-27 19:00:00+00:00,367.08249497919996
2017-02-27 20:00:00+00:00,367.34250025101414
2017-02-27 21:00:00+00:00,346.9643668175387
2017-02-27 22:00:00+00:00,312.1575739626746
2017-02-27 23:00:00+00:00,281.8917255492921
2017-02-28 00:00:00+00:00,271.69403176329945
2017-02-28 01:00:00+00:00,276.9388519207904
2017-02-28 02:00:00+00:00,276.4298591487463
2017-02-28 03:00:00+00:00,266.0712053541826
2017-02-28 04:00:00+00:00,260.1483477416967
2017-02-28 05:00:00+00:00,254.0783384715442
2017-02-28 06:00:00+00:00,278.74271451321033
2017-02-28 07:00:00+00:00,312.9596862035591
2017-02-28 08:00:00+00:00,317.4124954842685
2017-02-28 09:00:00+00:00,300.2127356220096
2017-02-28 10:00:00+00:00,297.28811265208986
2017-02-28 11:00:00+00:00,289.8589775486232
2017-02-28 12:00:00+00:00,300.8345007509858
2017-02-28 13:00:00+00:00,299.8301218813751
2017-02-28 14:00:00+00:00,303.1691386620377
2017-02-28 15:00:00+00:00,318.85585093855127
2017-02-28 16:00:00+00:00,335.7577953469299
2017-02-28 17:00:00+00:00,345.28783715420633
2017-02-28 18:00:00+00:00,348.09513205211215
2017-02-28 19:00:00+00:00,343.2945513184501
2017-02-28 20:00:00+00:00,336.43880532168487
2017-02-28 21:00:00+00:00,330.2717567196253
2017-02-28 22:00:00+00:00,303.64214232029127
2017-02-28 23:00:00+00:00,270.4274516269077
2017-03-01 00:00:00+00:00,254.6513331765743
2017-03-01 01:00:00+00:00,259.97977839585576
2017-03-01 02:00:00+00:00,257.3248005483479
2017-03-01 03:00:00+00:00,259.47847680751863
2017-03-01 04:00:00+00:00,263.21905493750023
2017-03-01 05:00:00+00:00,273.785522063332
2017-03-01 06:00:00+00:00,298.0182917044383
2017-03-01 07:00:00+00:00,328.9450243176877
2017-03-01 08:00:00+00:00,344.74710926144405
2017-03-01 09:00:00+00:00,341.769269429682
2017-03-01 10:00:00+00:00,327.2145685765534
2017-03-01 11:00:00+00:00,324.6590142662388
2017-03-01 12:00:00+00:00,329.1592938769879
2017-03-01 13:00:00+00:00,322.7001570794355
2017-03-01 14:00:00+00:00,320.7359613642622
2017-03-01 15:00:00+00:00,330.85090981526105
2017-03-01 16:00:00+00:00,352.5898545118295
2017-03-01 17:00:00+00:00,362.13515662733
2017-03-01 18:00:00+00:00,364.22438397567765
2017-03-01 19:00:00+00:00,365.3349219679373
2017-03-01 20:00:00+00:00,363.0731010879597
2017-03-01 21:00:00+00:00,340.5137854796434
2017-03-01 22:00:00+00:00,320.4764628107233
2017-03-01 23:00:00+00:00,257.08288898060016
2017-03-02 00:00:00+00:00,239.29138716707413
2017-03-02 01:00:00+00:00,225.50152774151678
2017-03-02 02:00:00+00:00,202.23729528826928
2017-03-02 03:00:00+00:00,192.8598432001242
2017-03-02 04:00:00+00:00,188.55714290167964
2017-03-02 05:00:00+00:00,207.1891654672974
2017-03-02 06:00:00+00:00,227.35780753402423
2017-03-02 07:00:00+00:00,249.2901683161662
2017-03-02 08:00:00+00:00,259.834713255527
2017-03-02 09:00:00+00:00,242.08784265686813
2017-03-02 10:00:00+00:00,226.56679021125967
2017-03-02 11:00:00+00:00,214.8835523223969
2017-03-02 12:00:00+00:00,213.04463352851582
2017-03-02 13:00:00+00:00,205.0620384850502
2017-03-02 14:00:00+00:00,198.24764188882645
2017-03-02 15:00:00+00:00,223.54709599421625
2017-03-02 16:00:00+00:00,262.3416852220737
2017-03-02 17:00:00+00:00,315.6531263228943
2017-03-02 18:00:00+00:00,325.6742347325401
2017-03-02 19:00:00+00:00,329.79583765672544
2017-03-02 20:00:00+00:00,318.72792255920365
2017-03-02 21:00:00+00:00,308.46540701727804
2017-03-02 22:00:00+00:00,301.7929765557675
2017-03-02 23:00:00+00:00,259.77995986522416
2017-03-03 00:00:00+00:00,238.53310021090184
2017-03-03 01:00:00+00:00,257.15191394277565
2017-03-03 02:00:00+00:00,252.88097113216483
2017-03-03 03:00:00+00:00,252.53636908458225
2017-03-03 04:00:00+00:00,256.29719983999763
2017-03-03 05:00:00+00:00,264.0868379761314
2017-03-03 06:00:00+00:00,284.54593509348365
2017-03-03 07:00:00+00:00,321.9716588626156
2017-03-03 08:00:00+00:00,337.88275189875657
2017-03-03 09:00:00+00:00,345.9414148278504
2017-03-03 10:00:00+00:00,339.5242853549972
2017-03-03 11:00:00+00:00,332.98181572753833
2017-03-03 12:00:00+00:00,340.5161743193585
2017-03-03 13:00:00+00:00,347.74902322799596
2017-03-03 14:00:00+00:00,338.5438327818824
2017-03-03 15:00:00+00:00,327.8574816228615
2017-03-03 16:00:00+00:00,332.27300897134467
2017-03-03 17:00:00+00:00,345.7839030829261
2017-03-03 18:00:00+00:00,339.981045819981
2017-03-03 19:00:00+00:00,337.60795661978125
2017-03-03 20:00:00+00:00,322.64716697121327
2017-03-03 21:00:00+00:00,291.7513996431516
2017-03-03 22:00:00+00:00,259.7139411930893
2017-03-03 23:00:00+00:00,228.16154814985714
2017-03-04 00:00:00+00:00,213.26024938502658
2017-03-04 01:00:00+00:00,214.26130878577948
2017-03-04 02:00:00+00:00,211.8094483555025
2017-03-04 03:00:00+00:00,197.9369983795091
2017-03-04 04:00:00+00:00,190.98057437545245
2017-03-04 05:00:00+00:00,196.76680146299748
2017-03-04 06:00:00+00:00,216.11054847934986
2017-03-04 07:00:00+00:00,225.68053858402166
2017-03-04 08:00:00+00:00,245.530203844531
2017-03-04 09:00:00+00:00,254.38850317473327
2017-03-04 10:00:00+00:00,256.4487452616963
2017-03-04 11:00:00+00:00,257.3197986733632
2017-03-04 12:00:00+00:00,253.88461598972808
2017-03-04 13:00:00+00:00,254.19650939655142
2017-03-04 14:00:00+00:00,252.31487255009287
2017-03-04 15:00:00+00:00,267.3661483677161
2017-03-04 16:00:00+00:00,283.476138105278
2017-03-04 17:00:00+00:00,307.007847444254
2017-03-04 18:00:00+00:00,309.73756825588725
2017-03-04 19:00:00+00:00,309.9394056944902
2017-03-04 20:00:00+00:00,309.4159002218265
2017-03-04 21:00:00+00:00,289.45708054024
2017-03-04 22:00:00+00:00,267.74059590029003
2017-03-04 23:00:00+00:00,248.4787410368743
2017-03-05 00:00:00+00:00,231.05591279630067
2017-03-05 01:00:00+00:00,228.14497156515222
2017-03-05 02:00:00+00:00,218.17040648558884
2017-03-05 03:00:00+00:00,199.32291370132322
2017-03-05 04:00:00+00:00,198.2821628189787
2017-03-05 05:00:00+00:00,200.97545209450158
2017-03-05 06:00:00+00:00,214.4921621061441
2017-03-05 07:00:00+00:00,202.80591063883713
2017-03-05 08:00:00+00:00,206.50764389127986
2017-03-05 09:00:00+00:00,230.35740188640492
2017-03-05 10:00:00+00:00,242.50907435703016
2017-03-05 11:00:00+00:00,244.55501518715113
2017-03-05 12:00:00+00:00,235.9380682552803
2017-03-05 13:00:00+00:00,251.84095568045885
2017-03-05 14:00:00+00:00,257.27996544679405
2017-03-05 15:00:00+00:00,269.9053379892979
2017-03-05 16:00:00+00:00,288.4418921422233
2017-03-05 17:00:00+00:00,317.66533783937706
2017-03-05 18:00:00+00:00,323.8606584965549
2017-03-05 19:00:00+00:00,325.9296763352838
2017-03-05 20:00:00+00:00,314.3637072300057
2017-03-05 21:00:00+00:00,304.6537763350154
2017-03-05 22:00:00+00:00,278.96009423414483
2017-03-05 23:00:00+00:00,256.2310931279722
2017-03-06 00:00:00+00:00,242.1174661971629
2017-03-06 01:00:00+00:00,249.47242678445144
2017-03-06 02:00:00+00:00,252.0983931837344
2017-03-06 03:00:00+00:00,257.8750117231242
2017-03-06 04:00:00+00:00,254.39321529280156
2017-03-06 05:00:00+00:00,262.5923034771978
2017-03-06 06:00:00+00:00,329.24765856163776
2017-03-06 07:00:00+00:00,346.0550682320973
2017-03-06 08:00:00+00:00,349.04868546661277
2017-03-06 09:00:00+00:00,342.02203133848917
2017-03-06 10:00:00+00:00,334.06079292662446
2017-03-06 11:00:00+00:00,315.37698590582556
2017-03-06 12:00:00+00:00,312.42041989541923
2017-03-06 13:00:00+00:00,313.668455281929
2017-03-06 14:00:00+00:00,310.75899949844455
2017-03-06 15:00:00+00:00,319.7199388104852
2017-03-06 16:00:00+00:00,345.46514389122945
2017-03-06 17:00:00+00:00,359.66205293524223
2017-03-06 18:00:00+00:00,369.6312113370098
2017-03-06 19:00:00+00:00,376.12730381241215
2017-03-06 20:00:00+00:00,367.76210235123915
2017-03-06 21:00:00+00:00,363.7171831286501
2017-03-06 22:00:00+00:00,328.1468723964673
2017-03-06 23:00:00+00:00,304.3515586080666
2017-03-07 00:00:00+00:00,305.0736380576749
2017-03-07 01:00:00+00:00,300.78786829141427
2017-03-07 02:00:00+00:00,294.49360184716176
2017-03-07 03:00:00+00:00,288.20950998787737
2017-03-07 04:00:00+00:00,281.823842402803
2017-03-07 05:00:00+00:00,289.16940780051715
2017-03-07 06:00:00+00:00,310.7152640748572
2017-03-07 07:00:00+00:00,336.0648368522963
2017-03-07 08:00:00+00:00,350.0287572450887
2017-03-07 09:00:00+00:00,331.9406765095087
2017-03-07 10:00:00+00:00,329.3736690327091
2017-03-07 11:00:00+00:00,320.98211578928976
2017-03-07 12:00:00+00:00,309.6706844132863
2017-03-07 13:00:00+00:00,307.9769815107522
2017-03-07 14:00:00+00:00,308.7729190145393
2017-03-07 15:00:00+00:00,318.68710520886174
2017-03-07 16:00:00+00:00,343.5507625494261
2017-03-07 17:00:00+00:00,357.96037603987037
2017-03-07 18:00:00+00:00,348.5017513547834
2017-03-07 19:00:00+00:00,347.0997951355756
2017-03-07 20:00:00+00:00,336.7206761474889
2017-03-07 21:00:00+00:00,316.8287296455809
2017-03-07 22:00:00+00:00,284.94014182819745
2017-03-07 23:00:00+00:00,243.5442586169705
2017-03-08 00:00:00+00:00,203.42753576408202
2017-03-08 01:00:00+00:00,205.44697453393104
2017-03-08 02:00:00+00:00,203.6794671392989
2017-03-08 03:00:00+00:00,203.4221497247754
2017-03-08 04:00:00+00:00,200.59869633874015
2017-03-08 05:00:00+00:00,200.2769464816638
2017-03-08 06:00:00+00:00,228.75860030625878
2017-03-08 07:00:00+00:00,273.9043993076301
2017-03-08 08:00:00+00:00,296.816285997192
2017-03-08 09:00:00+00:00,292.0150281221211
2017-03-08 10:00:00+00:00,278.2093233611304
2017-03-08 11:00:00+00:00,272.6339287363999
2017-03-08 12:00:00+00:00,263.9267117512183
2017-03-08 13:00:00+00:00,261.80289304939396
2017-03-08 14:00:00+00:00,265.1018242777236
2017-03-08 15:00:00+00:00,267.82854097696276
2017-03-08 16:00:00+00:00,295.124514383957
2017-03-08 17:00:00+00:00,312.07183671977606
2017-03-08 18:00:00+00:00,328.3224870402505
2017-03-08 19:00:00+00:00,327.7978528133799
2017-03-08 20:00:00+00:00,325.9691372856402
2017-03-08 21:00:00+00:00,310.61068842670716
2017-03-08 22:00:00+00:00,268.66750590530995
2017-03-08 23:00:00+00:00,239.8789846903272
2017-03-09 00:00:00+00:00,223.15487711034874
2017-03-09 01:00:00+00:00,239.67416326082605
2017-03-09 02:00:00+00:00,226.01239070846904
2017-03-09 03:00:00+00:00,222.33361537909434
2017-03-09 04:00:00+00:00,206.8372395662733
2017-03-09 05:00:00+00:00,207.76822825868646
2017-03-09 06:00:00+00:00,216.19979002358372
2017-03-09 07:00:00+00:00,262.21787973520924
2017-03-09 08:00:00+00:00,261.1381678708351
2017-03-09 09:00:00+00:00,251.1857205488548
2017-03-09 10:00:00+00:00,239.87331085758498
2017-03-09 11:00:00+00:00,227.71783776153427
2017-03-09 12:00:00+00:00,224.4427757510233
2017-03-09 13:00:00+00:00,226.44626819074313
2017-03-09 14:00:00+00:00,235.82614740834111
2017-03-09 15:00:00+00:00,270.46266112073147
2017-03-09 16:00:00+00:00,320.43132193192764
2017-03-09 17:00:00+00:00,355.39805907232625
2017-03-09 18:00:00+00:00,368.0247916446558
2017-03-09 19:00:00+00:00,367.4730970035705
2017-03-09 20:00:00+00:00,365.4720982500395
2017-03-09 21:00:00+00:00,369.80189524189205
2017-03-09 22:00:00+00:00,360.99670283997705
2017-03-09 23:00:00+00:00,332.4374457329042
2017-03-10 00:00:00+00:00,316.0741306204889
2017-03-10 01:00:00+00:00,307.63376277515624
2017-03-10 02:00:00+00:00,296.87470171909547
2017-03-10 03:00:00+00:00,287.6469020614268
2017-03-10 04:00:00+00:00,277.641816571969
2017-03-10 05:00:00+00:00,275.852439896372
2017-03-10 06:00:00+00:00,296.88838465803224
2017-03-10 07:00:00+00:00,330.8071269751506
2017-03-10 08:00:00+00:00,335.96774948797565
2017-03-10 09:00:00+00:00,336.5910878719602
2017-03-10 10:00:00+00:00,325.2316119525255
2017-03-10 11:00:00+00:00,320.6136668958363
2017-03-10 12:00:00+00:00,320.7578704434881
2017-03-10 13:00:00+00:00,319.5009177637325
2017-03-10 14:00:00+00:00,316.3479618640938
2017-03-10 15:00:00+00:00,320.19694170062667
2017-03-10 16:00:00+00:00,331.7079372766907
2017-03-10 17:00:00+00:00,335.00632576340195
2017-03-10 18:00:00+00:00,336.3187621695082
2017-03-10 19:00:00+00:00,341.30244583873554
2017-03-10 20:00:00+00:00,330.4838435993327
2017-03-10 21:00:00+00:00,330.8102631097823
2017-03-10 22:00:00+00:00,313.29066556909356
2017-03-10 23:00:00+00:00,280.18753581139555
2017-03-11 00:00:00+00:00,250.5911153977302
2017-03-11 01:00:00+00:00,252.07473477121556
2017-03-11 02:00:00+00:00,240.8033404133957
2017-03-11 03:00:00+00:00,235.60733781812044
2017-03-11 04:00:00+00:00,236.359634713311
2017-03-11 05:00:00+00:00,241.79700850322828
2017-03-11 06:00:00+00:00,255.42248501653623
2017-03-11 07:00:00+00:00,267.22852441645654
2017-03-11 08:00:00+00:00,280.3450192560615
2017-03-11 09:00:00+00:00,293.56713663601147
2017-03-11 10:00:00+00:00,296.0802602025999
2017-03-11 11:00:00+00:00,293.9118518887851
2017-03-11 12:00:00+00:00,290.4371668682268
2017-03-11 13:00:00+00:00,287.11062188911404
2017-03-11 14:00:00+00:00,290.0090009929772
2017-03-11 15:00:00+00:00,295.7104132459728
2017-03-11 16:00:00+00:00,310.3125175988247
2017-03-11 17:00:00+00:00,332.55554185086584
2017-03-11 18:00:00+00:00,336.6104181771048
2017-03-11 19:00:00+00:00,331.6870239264488
2017-03-11 20:00:00+00:00,331.32494990051083
2017-03-11 21:00:00+00:00,319.14037736154677
2017-03-11 22:00:00+00:00,297.56850661940575
2017-03-11 23:00:00+00:00,290.25386670029775
2017-03-12 00:00:00+00:00,276.8960867326498
2017-03-12 01:00:00+00:00,278.50619818408245
2017-03-12 02:00:00+00:00,278.938286525732
2017-03-12 03:00:00+00:00,276.2393470767529
2017-03-12 04:00:00+00:00,272.0456165897139
2017-03-12 05:00:00+00:00,266.8124110239956
2017-03-12 06:00:00+00:00,272.9812292951855
2017-03-12 07:00:00+00:00,278.05804061349215
2017-03-12 08:00:00+00:00,276.3758054150515
2017-03-12 09:00:00+00:00,281.32770446659663
2017-03-12 10:00:00+00:00,283.66334533102525
2017-03-12 11:00:00+00:00,270.6106329420883
2017-03-12 12:00:00+00:00,266.9698029346798
2017-03-12 13:00:00+00:00,261.5383675559835
2017-03-12 14:00:00+00:00,259.8272542483757
2017-03-12 15:00:00+00:00,263.6025631343668
2017-03-12 16:00:00+00:00,284.940959372492
2017-03-12 17:00:00+00:00,306.7227825024301
2017-03-12 18:00:00+00:00,306.11107925725804
2017-03-12 19:00:00+00:00,298.54449594844175
2017-03-12 20:00:00+00:00,304.09599128672795
2017-03-12 21:00:00+00:00,293.87247849034117
2017-03-12 22:00:00+00:00,273.9831237754112
2017-03-12 23:00:00+00:00,251.74427058256214
2017-03-13 00:00:00+00:00,234.27887038531696
2017-03-13 01:00:00+00:00,237.50124869692107
2017-03-13 02:00:00+00:00,231.8194052245696
2017-03-13 03:00:00+00:00,223.81690968355358
2017-03-13 04:00:00+00:00,216.5627619626565
2017-03-13 05:00:00+00:00,221.0930435592217
2017-03-13 06:00:00+00:00,240.65978741641104
2017-03-13 07:00:00+00:00,295.97587738100236
2017-03-13 08:00:00+00:00,287.67889590323074
2017-03-13 09:00:00+00:00,272.05435354722084
2017-03-13 10:00:00+00:00,257.708253389603
2017-03-13 11:00:00+00:00,242.3792835464071
2017-03-13 12:00:00+00:00,248.44030905695786
2017-03-13 13:00:00+00:00,253.3300271298094
2017-03-13 14:00:00+00:00,262.28297651791934
2017-03-13 15:00:00+00:00,272.78546587888803
2017-03-13 16:00:00+00:00,300.48825371100736
2017-03-13 17:00:00+00:00,331.7526400499875
2017-03-13 18:00:00+00:00,333.3312736846494
2017-03-13 19:00:00+00:00,330.61468605697553
2017-03-13 20:00:00+00:00,325.6082595892698
2017-03-13 21:00:00+00:00,306.34249358600647
2017-03-13 22:00:00+00:00,281.6394239496365
2017-03-13 23:00:00+00:00,247.56848110170452
2017-03-14 00:00:00+00:00,217.617232580132
2017-03-14 01:00:00+00:00,223.55247078767374
2017-03-14 02:00:00+00:00,202.105059881164
2017-03-14 03:00:00+00:00,192.76018168607786
2017-03-14 04:00:00+00:00,184.44981362512698
2017-03-14 05:00:00+00:00,186.84632675109205
2017-03-14 06:00:00+00:00,223.51960204028387
2017-03-14 07:00:00+00:00,261.8036396138242
2017-03-14 08:00:00+00:00,282.3861232929778
2017-03-14 09:00:00+00:00,274.01963476040555
2017-03-14 10:00:00+00:00,264.63229943436085
2017-03-14 11:00:00+00:00,246.49812443218445
2017-03-14 12:00:00+00:00,237.81648744383824
2017-03-14 13:00:00+00:00,233.1831267652024
2017-03-14 14:00:00+00:00,238.78265688552162
2017-03-14 15:00:00+00:00,248.82520896623762
2017-03-14 16:00:00+00:00,264.81643966094623
2017-03-14 17:00:00+00:00,291.75247746214336
2017-03-14 18:00:00+00:00,316.0209849127593
2017-03-14 19:00:00+00:00,318.6649898520641
2017-03-14 20:00:00+00:00,320.7702850775379
2017-03-14 21:00:00+00:00,309.2208209471238
2017-03-14 22:00:00+00:00,293.9493310180376
2017-03-14 23:00:00+00:00,268.96603660464797
2017-03-15 00:00:00+00:00,245.6365909967787
2017-03-15 01:00:00+00:00,254.8584242631719
2017-03-15 02:00:00+00:00,245.8289365997539
2017-03-15 03:00:00+00:00,242.00105822210105
2017-03-15 04:00:00+00:00,241.26514786186942
2017-03-15 05:00:00+00:00,254.79389150572774
2017-03-15 06:00:00+00:00,289.4160571062427
2017-03-15 07:00:00+00:00,320.0712398696587
2017-03-15 08:00:00+00:00,323.71028262617745
2017-03-15 09:00:00+00:00,311.2035614731054
2017-03-15 10:00:00+00:00,290.8407228291422
2017-03-15 11:00:00+00:00,262.89849444308015
2017-03-15 12:00:00+00:00,249.96948434244226
2017-03-15 13:00:00+00:00,247.35088217557154
2017-03-15 14:00:00+00:00,249.65180291012706
2017-03-15 15:00:00+00:00,262.28819635250653
2017-03-15 16:00:00+00:00,289.9700367688407
2017-03-15 17:00:00+00:00,329.3107934194382
2017-03-15 18:00:00+00:00,345.65608209353263
2017-03-15 19:00:00+00:00,344.22269869277255
2017-03-15 20:00:00+00:00,340.0689039046233
2017-03-15 21:00:00+00:00,331.76656579138853
2017-03-15 22:00:00+00:00,299.6866573539034
2017-03-15 23:00:00+00:00,268.310242475193
2017-03-16 00:00:00+00:00,241.41396129553692
2017-03-16 01:00:00+00:00,232.54417841545703
2017-03-16 02:00:00+00:00,222.51909513211032
2017-03-16 03:00:00+00:00,229.01708034927378
2017-03-16 04:00:00+00:00,213.80691339521138
2017-03-16 05:00:00+00:00,222.4279373865535
2017-03-16 06:00:00+00:00,241.9172953071096
2017-03-16 07:00:00+00:00,264.9740417878265
2017-03-16 08:00:00+00:00,278.12256315459763
2017-03-16 09:00:00+00:00,256.6434297652309
2017-03-16 10:00:00+00:00,248.48659114338955
2017-03-16 11:00:00+00:00,235.27441017231138
2017-03-16 12:00:00+00:00,229.9020819278492
2017-03-16 13:00:00+00:00,232.8691290561604
2017-03-16 14:00:00+00:00,221.80903772859998
2017-03-16 15:00:00+00:00,242.77796606288504
2017-03-16 16:00:00+00:00,268.1710762081173
2017-03-16 17:00:00+00:00,301.32071228636596
2017-03-16 18:00:00+00:00,314.89370001132653
2017-03-16 19:00:00+00:00,312.08954698803154
2017-03-16 20:00:00+00:00,299.506334510929
2017-03-16 21:00:00+00:00,278.0341054324172
2017-03-16 22:00:00+00:00,261.7903159376936
2017-03-16 23:00:00+00:00,230.56786758832507
2017-03-17 00:00:00+00:00,198.78441348927012
2017-03-17 01:00:00+00:00,210.07573730058982
2017-03-17 02:00:00+00:00,193.05269395968287
2017-03-17 03:00:00+00:00,189.95196420926436
2017-03-17 04:00:00+00:00,181.26651950242987
2017-03-17 05:00:00+00:00,185.4622359970644
2017-03-17 06:00:00+00:00,202.15047297895217
2017-03-17 07:00:00+00:00,234.87689847179288
2017-03-17 08:00:00+00:00,243.54685570318736
2017-03-17 09:00:00+00:00,234.88625247745614
2017-03-17 10:00:00+00:00,223.70585438580963
2017-03-17 11:00:00+00:00,219.2292902254439
2017-03-17 12:00:00+00:00,220.31971772305354
2017-03-17 13:00:00+00:00,230.22108402468945
2017-03-17 14:00:00+00:00,240.0563330941681
2017-03-17 15:00:00+00:00,246.791837883798
2017-03-17 16:00:00+00:00,261.0216718813286
2017-03-17 17:00:00+00:00,282.1450252364477
2017-03-17 18:00:00+00:00,287.5723826484032
2017-03-17 19:00:00+00:00,278.31627941473647
2017-03-17 20:00:00+00:00,274.2891651739849
2017-03-17 21:00:00+00:00,255.0130260998552
2017-03-17 22:00:00+00:00,209.37178900597178
2017-03-17 23:00:00+00:00,175.96901782088162
2017-03-18 00:00:00+00:00,159.40507261793158
2017-03-18 01:00:00+00:00,183.11344273314776
2017-03-18 02:00:00+00:00,163.18671449345652
2017-03-18 03:00:00+00:00,166.37579153447544
2017-03-18 04:00:00+00:00,158.40835894579553
2017-03-18 05:00:00+00:00,174.34482906620025
2017-03-18 06:00:00+00:00,193.53699526029735
2017-03-18 07:00:00+00:00,206.27718218166936
2017-03-18 08:00:00+00:00,217.0762111591028
2017-03-18 09:00:00+00:00,223.94512926256303
2017-03-18 10:00:00+00:00,229.96089309302442
2017-03-18 11:00:00+00:00,233.75277252683733
2017-03-18 12:00:00+00:00,228.67154910102934
2017-03-18 13:00:00+00:00,227.59212607315897
2017-03-18 14:00:00+00:00,225.43575333956582
2017-03-18 15:00:00+00:00,237.0130810690138
2017-03-18 16:00:00+00:00,259.9059233099073
2017-03-18 17:00:00+00:00,282.92664997137564
2017-03-18 18:00:00+00:00,299.0902402247532
2017-03-18 19:00:00+00:00,293.6091718226853
2017-03-18 20:00:00+00:00,279.81303470035544
2017-03-18 21:00:00+00:00,249.99496692936344
2017-03-18 22:00:00+00:00,220.26319417213267
2017-03-18 23:00:00+00:00,199.59171497506034
2017-03-19 00:00:00+00:00,174.20231708703164
2017-03-19 01:00:00+00:00,157.390697503752
2017-03-19 02:00:00+00:00,157.70812871429573
2017-03-19 03:00:00+00:00,137.36563753789994
2017-03-19 04:00:00+00:00,128.35595885726164
2017-03-19 05:00:00+00:00,126.5477591684799
2017-03-19 06:00:00+00:00,129.9902407980457
2017-03-19 07:00:00+00:00,144.45122538871468
2017-03-19 08:00:00+00:00,157.7977764009088
2017-03-19 09:00:00+00:00,159.09101197149477
2017-03-19 10:00:00+00:00,164.68349602981982
2017-03-19 11:00:00+00:00,163.2955814613635
2017-03-19 12:00:00+00:00,158.79818376672137
2017-03-19 13:00:00+00:00,163.18043889539481
2017-03-19 14:00:00+00:00,157.66734060279703
2017-03-19 15:00:00+00:00,181.60625312282014
2017-03-19 16:00:00+00:00,210.43969657247968
2017-03-19 17:00:00+00:00,247.46588488592633
2017-03-19 18:00:00+00:00,271.7581410855421
2017-03-19 19:00:00+00:00,286.58313693176535
2017-03-19 20:00:00+00:00,280.78094322598804
2017-03-19 21:00:00+00:00,270.47298525815177
2017-03-19 22:00:00+00:00,238.6447960280827
2017-03-19 23:00:00+00:00,219.09900563319803
2017-03-20 00:00:00+00:00,207.34039587529088
2017-03-20 01:00:00+00:00,215.46268378736082
2017-03-20 02:00:00+00:00,193.1100628328628
2017-03-20 03:00:00+00:00,164.44117710001268
2017-03-20 04:00:00+00:00,153.03896770279988
2017-03-20 05:00:00+00:00,164.66501100119152
2017-03-20 06:00:00+00:00,189.7704871299505
2017-03-20 07:00:00+00:00,218.5748508627245
2017-03-20 08:00:00+00:00,239.2410757086908
2017-03-20 09:00:00+00:00,248.59018880417005
2017-03-20 10:00:00+00:00,249.29444313441905
2017-03-20 11:00:00+00:00,233.6824631833473
2017-03-20 12:00:00+00:00,243.9634108833367
2017-03-20 13:00:00+00:00,240.40815555091282
2017-03-20 14:00:00+00:00,231.30260150180249
2017-03-20 15:00:00+00:00,224.48452020121982
2017-03-20 16:00:00+00:00,235.72094393804275
2017-03-20 17:00:00+00:00,260.7979497439603
2017-03-20 18:00:00+00:00,294.8139321226105
2017-03-20 19:00:00+00:00,311.07031443638226
2017-03-20 20:00:00+00:00,314.9455043944906
2017-03-20 21:00:00+00:00,304.5307960635189
2017-03-20 22:00:00+00:00,257.8571339811431
2017-03-20 23:00:00+00:00,233.86379358627323
2017-03-21 00:00:00+00:00,222.80071461988086
2017-03-21 01:00:00+00:00,230.36288702173297
2017-03-21 02:00:00+00:00,212.37014885930415
2017-03-21 03:00:00+00:00,199.3762560336324
2017-03-21 04:00:00+00:00,194.300981386791
2017-03-21 05:00:00+00:00,201.77972636848358
2017-03-21 06:00:00+00:00,231.96865206801505
2017-03-21 07:00:00+00:00,244.3146774770069
2017-03-21 08:00:00+00:00,255.48523060567538
2017-03-21 09:00:00+00:00,227.04731661673483
2017-03-21 10:00:00+00:00,221.369024110218
2017-03-21 11:00:00+00:00,218.65510622612206
2017-03-21 12:00:00+00:00,214.9180657026821
2017-03-21 13:00:00+00:00,227.19450462431527
2017-03-21 14:00:00+00:00,245.65604716403357
2017-03-21 15:00:00+00:00,267.9039127055369
2017-03-21 16:00:00+00:00,295.9522967833453
2017-03-21 17:00:00+00:00,326.7706689506168
2017-03-21 18:00:00+00:00,356.2205673205141
2017-03-21 19:00:00+00:00,355.21246399652955
2017-03-21 20:00:00+00:00,355.4739432766613
2017-03-21 21:00:00+00:00,356.25873981668695
2017-03-21 22:00:00+00:00,345.1081781777477
2017-03-21 23:00:00+00:00,316.1670539906386
2017-03-22 00:00:00+00:00,304.54634562947336
2017-03-22 01:00:00+00:00,299.72731611261923
2017-03-22 02:00:00+00:00,289.4579539880103
2017-03-22 03:00:00+00:00,281.02239677466633
2017-03-22 04:00:00+00:00,266.4832687182695
2017-03-22 05:00:00+00:00,262.94847106943917
2017-03-22 06:00:00+00:00,281.0732497223283
2017-03-22 07:00:00+00:00,305.9677253711602
2017-03-22 08:00:00+00:00,317.5875850364245
2017-03-22 09:00:00+00:00,311.5740668580277
2017-03-22 10:00:00+00:00,304.90594163383827
2017-03-22 11:00:00+00:00,289.7507414811442
2017-03-22 12:00:00+00:00,287.4917786751324
2017-03-22 13:00:00+00:00,281.13178429010577
2017-03-22 14:00:00+00:00,276.90062318239006
2017-03-22 15:00:00+00:00,275.3699919443895
2017-03-22 16:00:00+00:00,283.82896136904253
2017-03-22 17:00:00+00:00,300.78851493032664
2017-03-22 18:00:00+00:00,317.93212251130774
2017-03-22 19:00:00+00:00,323.67820734806736
2017-03-22 20:00:00+00:00,328.92643752609365
2017-03-22 21:00:00+00:00,309.33078311287187
2017-03-22 22:00:00+00:00,302.3267703006841
2017-03-22 23:00:00+00:00,263.82668282362044
2017-03-23 00:00:00+00:00,242.74691403634776
2017-03-23 01:00:00+00:00,258.19155493343095
2017-03-23 02:00:00+00:00,247.36786844654486
2017-03-23 03:00:00+00:00,242.3544450598401
2017-03-23 04:00:00+00:00,230.104837335208
2017-03-23 05:00:00+00:00,230.95256816476686
2017-03-23 06:00:00+00:00,258.194587395932
2017-03-23 07:00:00+00:00,283.76173102024296
2017-03-23 08:00:00+00:00,289.0493746310672
2017-03-23 09:00:00+00:00,282.7757846832305
2017-03-23 10:00:00+00:00,271.7547407180034
2017-03-23 11:00:00+00:00,267.6499341306497
2017-03-23 12:00:00+00:00,263.27806216487966
2017-03-23 13:00:00+00:00,251.16423577805466
2017-03-23 14:00:00+00:00,250.24157890199382
2017-03-23 15:00:00+00:00,248.39716829672767
2017-03-23 16:00:00+00:00,268.7126524678949
2017-03-23 17:00:00+00:00,298.4024353706937
2017-03-23 18:00:00+00:00,315.3764144557659
2017-03-23 19:00:00+00:00,313.9575675008238
2017-03-23 20:00:00+00:00,311.54837418765874
2017-03-23 21:00:00+00:00,311.69307283025785
2017-03-23 22:00:00+00:00,283.2236908612175
2017-03-23 23:00:00+00:00,259.97626296340223
2017-03-24 00:00:00+00:00,246.67852458774428
2017-03-24 01:00:00+00:00,257.42873229677
2017-03-24 02:00:00+00:00,244.88854587488018
2017-03-24 03:00:00+00:00,238.89524487528456
2017-03-24 04:00:00+00:00,230.3779350724771
2017-03-24 05:00:00+00:00,232.20427355429703
2017-03-24 06:00:00+00:00,263.155417868785
2017-03-24 07:00:00+00:00,288.3111395586051
2017-03-24 08:00:00+00:00,296.69060163884103
2017-03-24 09:00:00+00:00,294.64080388701416
2017-03-24 10:00:00+00:00,288.64713671539596
2017-03-24 11:00:00+00:00,270.7747799287439
2017-03-24 12:00:00+00:00,266.6373500028366
2017-03-24 13:00:00+00:00,263.93981606453514
2017-03-24 14:00:00+00:00,242.98284148112216
2017-03-24 15:00:00+00:00,263.43787008198973
2017-03-24 16:00:00+00:00,276.8363375681684
2017-03-24 17:00:00+00:00,303.28764349477905
2017-03-24 18:00:00+00:00,324.10183636684735
2017-03-24 19:00:00+00:00,343.69067893977723
2017-03-24 20:00:00+00:00,328.98876228598175
2017-03-24 21:00:00+00:00,324.6189110845269
2017-03-24 22:00:00+00:00,307.71508865732784
2017-03-24 23:00:00+00:00,290.03828986444677
2017-03-25 00:00:00+00:00,277.9301652743634
2017-03-25 01:00:00+00:00,279.95091620737554
2017-03-25 02:00:00+00:00,272.0868494502414
2017-03-25 03:00:00+00:00,264.99472579684465
2017-03-25 04:00:00+00:00,253.36535841928233
2017-03-25 05:00:00+00:00,252.91434874902637
2017-03-25 06:00:00+00:00,259.4769725444187
2017-03-25 07:00:00+00:00,249.7722906053192
2017-03-25 08:00:00+00:00,241.46181228585678
2017-03-25 09:00:00+00:00,223.90431581447413
2017-03-25 10:00:00+00:00,211.79799228337896
2017-03-25 11:00:00+00:00,195.2490674686712
2017-03-25 12:00:00+00:00,188.70400703716214
2017-03-25 13:00:00+00:00,177.73904277961464
2017-03-25 14:00:00+00:00,175.0046700222909
2017-03-25 15:00:00+00:00,184.28233708260225
2017-03-25 16:00:00+00:00,209.719440076168
2017-03-25 17:00:00+00:00,260.08150109775886
2017-03-25 18:00:00+00:00,289.6713199380702
2017-03-25 19:00:00+00:00,300.72644965653865
2017-03-25 20:00:00+00:00,305.81666883024064
2017-03-25 21:00:00+00:00,296.65824451622035
2017-03-25 22:00:00+00:00,279.6374046680883
2017-03-25 23:00:00+00:00,262.72826120083715
2017-03-26 00:00:00+00:00,250.36907816163296
2017-03-26 02:00:00+01:00,247.8961010131202
2017-03-26 03:00:00+01:00,245.36467167746068
2017-03-26 04:00:00+01:00,260.08028075100236
2017-03-26 05:00:00+01:00,237.10803860408907
2017-03-26 06:00:00+01:00,234.28011766134728
2017-03-26 07:00:00+01:00,245.59688558435494
2017-03-26 08:00:00+01:00,232.39349394911795
2017-03-26 09:00:00+01:00,211.72997716512907
2017-03-26 10:00:00+01:00,204.05058192064058
2017-03-26 11:00:00+01:00,198.59324806335215
2017-03-26 12:00:00+01:00,185.36722328513494
2017-03-26 13:00:00+01:00,176.60569441398624
2017-03-26 14:00:00+01:00,172.9427617384216
2017-03-26 15:00:00+01:00,178.91149436230833
2017-03-26 16:00:00+01:00,202.31360446173895
2017-03-26 17:00:00+01:00,227.19997749358473
2017-03-26 18:00:00+01:00,247.12814581686717
2017-03-26 19:00:00+01:00,263.38381218502263
2017-03-26 20:00:00+01:00,265.4187411178387
2017-03-26 21:00:00+01:00,269.57651443457746
2017-03-26 22:00:00+01:00,254.951661315866
2017-03-26 23:00:00+01:00,242.45204762354592
2017-03-27 00:00:00+01:00,225.79671312122994
2017-03-27 01:00:00+01:00,226.1488608997635
2017-03-27 02:00:00+01:00,243.45473630079525
2017-03-27 03:00:00+01:00,250.89666155096324
2017-03-27 04:00:00+01:00,250.7660903756992
2017-03-27 05:00:00+01:00,258.8714345990449
2017-03-27 06:00:00+01:00,297.1397670371844
2017-03-27 07:00:00+01:00,323.4967724121867
2017-03-27 08:00:00+01:00,332.1006628581922
2017-03-27 09:00:00+01:00,328.58940990826716
2017-03-27 10:00:00+01:00,325.60219799373505
2017-03-27 11:00:00+01:00,311.0851754873629
2017-03-27 12:00:00+01:00,301.7898535768464
2017-03-27 13:00:00+01:00,294.62690716636325
2017-03-27 14:00:00+01:00,290.272820849083
2017-03-27 15:00:00+01:00,260.18105260249473
2017-03-27 16:00:00+01:00,297.46753669628634
2017-03-27 17:00:00+01:00,316.0426633354006
2017-03-27 18:00:00+01:00,339.3834932004984
2017-03-27 19:00:00+01:00,346.37754599442695
2017-03-27 20:00:00+01:00,355.03177467304323
2017-03-27 21:00:00+01:00,360.0274859583563
2017-03-27 22:00:00+01:00,333.2045978048202
2017-03-27 23:00:00+01:00,300.12804329928673
2017-03-28 00:00:00+01:00,278.39358978462434
2017-03-28 01:00:00+01:00,265.9519121333211
2017-03-28 02:00:00+01:00,276.41837786311
2017-03-28 03:00:00+01:00,272.3291632147818
2017-03-28 04:00:00+01:00,269.9662942429393
2017-03-28 05:00:00+01:00,276.4498275764753
2017-03-28 06:00:00+01:00,299.75654701653906
2017-03-28 07:00:00+01:00,327.27644675512926
2017-03-28 08:00:00+01:00,332.225630437369
2017-03-28 09:00:00+01:00,329.4514517350945
2017-03-28 10:00:00+01:00,321.1944175554946
2017-03-28 11:00:00+01:00,312.3068147354412
2017-03-28 12:00:00+01:00,293.0807581528332
2017-03-28 13:00:00+01:00,284.5993627420915
2017-03-28 14:00:00+01:00,284.85549314153036
2017-03-28 15:00:00+01:00,283.3360824422843
2017-03-28 16:00:00+01:00,305.8830089186215
2017-03-28 17:00:00+01:00,320.5770308990939
2017-03-28 18:00:00+01:00,323.919611077032
2017-03-28 19:00:00+01:00,324.8819754159033
2017-03-28 20:00:00+01:00,321.0849280607669
2017-03-28 21:00:00+01:00,319.26418769284226
2017-03-28 22:00:00+01:00,292.4612966692324
2017-03-28 23:00:00+01:00,266.8244653847585
2017-03-29 00:00:00+01:00,249.73727434421397
2017-03-29 01:00:00+01:00,252.0206411674082
2017-03-29 02:00:00+01:00,265.9826954317312
2017-03-29 03:00:00+01:00,257.49553455621793
2017-03-29 04:00:00+01:00,249.33514209178705
2017-03-29 05:00:00+01:00,249.87342119174605
2017-03-29 06:00:00+01:00,266.122644484324
2017-03-29 07:00:00+01:00,295.6739048736314
2017-03-29 08:00:00+01:00,296.59763979194
2017-03-29 09:00:00+01:00,288.3741858095244
2017-03-29 10:00:00+01:00,280.2590323976774
2017-03-29 11:00:00+01:00,268.63067059944984
2017-03-29 12:00:00+01:00,264.4798702433615
2017-03-29 13:00:00+01:00,260.69241702485243
2017-03-29 14:00:00+01:00,257.2600129804879
2017-03-29 15:00:00+01:00,254.3532178986932
2017-03-29 16:00:00+01:00,270.0914721226562
2017-03-29 17:00:00+01:00,270.23377669318023
2017-03-29 18:00:00+01:00,275.3393575402205
2017-03-29 19:00:00+01:00,280.4704693882015
2017-03-29 20:00:00+01:00,272.9980770377501
2017-03-29 21:00:00+01:00,273.3595294213958
2017-03-29 22:00:00+01:00,251.1636122345656
2017-03-29 23:00:00+01:00,206.9773393629436
2017-03-30 00:00:00+01:00,183.03936970622996
2017-03-30 01:00:00+01:00,184.58214097721657
2017-03-30 02:00:00+01:00,175.45904803589198
2017-03-30 03:00:00+01:00,163.66109568944265
2017-03-30 04:00:00+01:00,165.13850509674472
2017-03-30 05:00:00+01:00,171.00100807972487
2017-03-30 06:00:00+01:00,194.48942311611907
2017-03-30 07:00:00+01:00,236.34786004962
2017-03-30 08:00:00+01:00,260.7830461620723
2017-03-30 09:00:00+01:00,251.17873086558623
2017-03-30 10:00:00+01:00,244.960510378695
2017-03-30 11:00:00+01:00,218.52954491954887
2017-03-30 12:00:00+01:00,202.67096460808182
2017-03-30 13:00:00+01:00,194.56124643295522
2017-03-30 14:00:00+01:00,185.65463431509997
2017-03-30 15:00:00+01:00,199.47547836954635
2017-03-30 16:00:00+01:00,225.3143363660361
2017-03-30 17:00:00+01:00,256.397247794728
2017-03-30 18:00:00+01:00,277.1368080060675
2017-03-30 19:00:00+01:00,274.3469019385244
2017-03-30 20:00:00+01:00,280.50842653424223
2017-03-30 21:00:00+01:00,276.59068504141885
2017-03-30 22:00:00+01:00,258.0427506455563
2017-03-30 23:00:00+01:00,212.4606551187551
2017-03-31 00:00:00+01:00,167.33096694608935
2017-03-31 01:00:00+01:00,167.66401599103423
2017-03-31 02:00:00+01:00,171.16842278770366
2017-03-31 03:00:00+01:00,167.85794954996462
2017-03-31 04:00:00+01:00,163.9058927006172
2017-03-31 05:00:00+01:00,163.6823162323992
2017-03-31 06:00:00+01:00,182.87891950541356
2017-03-31 07:00:00+01:00,229.0945940174489
2017-03-31 08:00:00+01:00,259.5045771072703
2017-03-31 09:00:00+01:00,245.48959001397475
2017-03-31 10:00:00+01:00,229.37904616027484
2017-03-31 11:00:00+01:00,205.08340280659647
2017-03-31 12:00:00+01:00,182.20290146521563
2017-03-31 13:00:00+01:00,163.8490883554603
2017-03-31 14:00:00+01:00,160.92562616548332
2017-03-31 15:00:00+01:00,157.25372981707528
2017-03-31 16:00:00+01:00,181.94303267169983
2017-03-31 17:00:00+01:00,209.67451231998166
2017-03-31 18:00:00+01:00,221.6689783228902
2017-03-31 19:00:00+01:00,253.86113416397566
2017-03-31 20:00:00+01:00,268.5291578966514
2017-03-31 21:00:00+01:00,271.8136833966082
2017-03-31 22:00:00+01:00,260.41070344541157
2017-03-31 23:00:00+01:00,241.84152863148188
2017-04-01 00:00:00+01:00,211.80565587726173
2017-04-01 01:00:00+01:00,216.88955781775942
2017-04-01 02:00:00+01:00,229.245635581092
2017-04-01 03:00:00+01:00,226.5464038519743
2017-04-01 04:00:00+01:00,222.16756842980368
2017-04-01 05:00:00+01:00,220.6964612677828
2017-04-01 06:00:00+01:00,230.39431204523353
2017-04-01 07:00:00+01:00,251.5787325120782
2017-04-01 08:00:00+01:00,258.42174512734965
2017-04-01 09:00:00+01:00,258.43677334262117
2017-04-01 10:00:00+01:00,249.2597315155692
2017-04-01 11:00:00+01:00,244.748320399745
2017-04-01 12:00:00+01:00,232.6419029455287
2017-04-01 13:00:00+01:00,219.3943990187352
2017-04-01 14:00:00+01:00,197.62508422092623
2017-04-01 15:00:00+01:00,194.99752969123952
2017-04-01 16:00:00+01:00,194.74267840820144
2017-04-01 17:00:00+01:00,221.5090636324373
2017-04-01 18:00:00+01:00,242.12239070622132
2017-04-01 19:00:00+01:00,255.19877800089026
2017-04-01 20:00:00+01:00,263.1103065139587
2017-04-01 21:00:00+01:00,267.59992396573375
2017-04-01 22:00:00+01:00,250.55886728502068
2017-04-01 23:00:00+01:00,237.03133132068203
2017-04-02 00:00:00+01:00,215.3946556042295
2017-04-02 01:00:00+01:00,203.48127762417556
2017-04-02 02:00:00+01:00,214.42101416741315
2017-04-02 03:00:00+01:00,211.1981765613535
2017-04-02 04:00:00+01:00,231.1647727444468
2017-04-02 05:00:00+01:00,213.0759093704958
2017-04-02 06:00:00+01:00,222.31545416924942
2017-04-02 07:00:00+01:00,225.9659641068105
2017-04-02 08:00:00+01:00,234.33186423920762
2017-04-02 09:00:00+01:00,234.67034032245488
2017-04-02 10:00:00+01:00,219.65352294447322
2017-04-02 11:00:00+01:00,214.78503776780036
2017-04-02 12:00:00+01:00,211.4807293168259
2017-04-02 13:00:00+01:00,205.63612584069577
2017-04-02 14:00:00+01:00,194.953010958833
2017-04-02 15:00:00+01:00,195.2010322357783
2017-04-02 16:00:00+01:00,208.9251256876689
2017-04-02 17:00:00+01:00,237.89206147790844
2017-04-02 18:00:00+01:00,264.5774086358401
2017-04-02 19:00:00+01:00,284.4269370592703
2017-04-02 20:00:00+01:00,283.6299235011159
2017-04-02 21:00:00+01:00,286.1345953819074
2017-04-02 22:00:00+01:00,275.10031890105176
2017-04-02 23:00:00+01:00,245.17968214440222
2017-04-03 00:00:00+01:00,213.49746952154808
2017-04-03 01:00:00+01:00,209.9568537740495
2017-04-03 02:00:00+01:00,214.43525680897974
2017-04-03 03:00:00+01:00,205.42306194720223
2017-04-03 04:00:00+01:00,196.63137821278465
2017-04-03 05:00:00+01:00,206.21176118059145
2017-04-03 06:00:00+01:00,224.33629760136736
2017-04-03 07:00:00+01:00,255.23253545298485
2017-04-03 08:00:00+01:00,263.8137181087065
2017-04-03 09:00:00+01:00,250.34042474892678
2017-04-03 10:00:00+01:00,219.49171784319321
2017-04-03 11:00:00+01:00,195.93356177410072
2017-04-03 12:00:00+01:00,181.5840930813424
2017-04-03 13:00:00+01:00,176.57808564865618
2017-04-03 14:00:00+01:00,178.06432433170986
2017-04-03 15:00:00+01:00,174.6436531972227
2017-04-03 16:00:00+01:00,199.0290011156638
2017-04-03 17:00:00+01:00,222.10859485518085
2017-04-03 18:00:00+01:00,241.73991147189847
2017-04-03 19:00:00+01:00,258.76978565274413
2017-04-03 20:00:00+01:00,260.5277250783253
2017-04-03 21:00:00+01:00,258.1485856567795
2017-04-03 22:00:00+01:00,245.5287601505943
2017-04-03 23:00:00+01:00,233.98115726841357
2017-04-04 00:00:00+01:00,218.06384053563715
2017-04-04 01:00:00+01:00,231.0102969448883
2017-04-04 02:00:00+01:00,235.18161832433847
2017-04-04 03:00:00+01:00,223.15715727787853
2017-04-04 04:00:00+01:00,219.72567608669323
2017-04-04 05:00:00+01:00,221.9911002351862
2017-04-04 06:00:00+01:00,252.81230624258944
2017-04-04 07:00:00+01:00,278.0125680039388
2017-04-04 08:00:00+01:00,280.7060911106572
2017-04-04 09:00:00+01:00,283.3206539138212
2017-04-04 10:00:00+01:00,278.48031008897414
2017-04-04 11:00:00+01:00,268.5043370833815
2017-04-04 12:00:00+01:00,259.9822481519449
2017-04-04 13:00:00+01:00,249.14321469551828
2017-04-04 14:00:00+01:00,240.744812323223
2017-04-04 15:00:00+01:00,227.00813250118784
2017-04-04 16:00:00+01:00,247.4308970864627
2017-04-04 17:00:00+01:00,269.55922541286816
2017-04-04 18:00:00+01:00,284.67106553414953
2017-04-04 19:00:00+01:00,295.95272136438234
2017-04-04 20:00:00+01:00,302.903267513531
2017-04-04 21:00:00+01:00,303.0627534708935
2017-04-04 22:00:00+01:00,276.3650233518604
2017-04-04 23:00:00+01:00,249.9985160240344
2017-04-05 00:00:00+01:00,227.73265465837147
2017-04-05 01:00:00+01:00,221.79376667401758
2017-04-05 02:00:00+01:00,220.2768620757589
2017-04-05 03:00:00+01:00,208.89162939099702
2017-04-05 04:00:00+01:00,206.09205397998164
2017-04-05 05:00:00+01:00,205.37119208255334
2017-04-05 06:00:00+01:00,240.4054118621015
2017-04-05 07:00:00+01:00,261.19712277374543
2017-04-05 08:00:00+01:00,269.67746593472936
2017-04-05 09:00:00+01:00,254.88571172687577
2017-04-05 10:00:00+01:00,18.107660195375335
2017-04-05 11:00:00+01:00,230.22506183445927
2017-04-05 12:00:00+01:00,222.3158870281719
2017-04-05 13:00:00+01:00,220.4957485345537
2017-04-05 14:00:00+01:00,215.2469803875058
2017-04-05 15:00:00+01:00,217.91516176346673
2017-04-05 16:00:00+01:00,240.22273879137808
2017-04-05 17:00:00+01:00,264.58848852461375
2017-04-05 18:00:00+01:00,299.5945018687722
2017-04-05 19:00:00+01:00,320.6724440286392
2017-04-05 20:00:00+01:00,323.43460673784045
2017-04-05 21:00:00+01:00,331.2317053092013
2017-04-05 22:00:00+01:00,316.31485027536326
2017-04-05 23:00:00+01:00,297.97362808664207
2017-04-06 00:00:00+01:00,288.70106919327674
2017-04-06 01:00:00+01:00,279.5812229176135
2017-04-06 02:00:00+01:00,283.9422310470114
2017-04-06 03:00:00+01:00,278.1436050181835
2017-04-06 04:00:00+01:00,269.9517498524405
2017-04-06 05:00:00+01:00,270.96306433219206
2017-04-06 06:00:00+01:00,289.13373207614956
2017-04-06 07:00:00+01:00,306.158200657768
2017-04-06 08:00:00+01:00,310.7433736926642
2017-04-06 09:00:00+01:00,291.1739885476947
2017-04-06 10:00:00+01:00,273.8418855430301
2017-04-06 11:00:00+01:00,259.70251900283654
2017-04-06 12:00:00+01:00,254.02673055438197
2017-04-06 13:00:00+01:00,248.38893446241482
2017-04-06 14:00:00+01:00,237.15738116144897
2017-04-06 15:00:00+01:00,230.2624666759215
2017-04-06 16:00:00+01:00,235.5373830743937
2017-04-06 17:00:00+01:00,255.66864466192865
2017-04-06 18:00:00+01:00,279.78423829743315
2017-04-06 19:00:00+01:00,299.47082502753517
2017-04-06 20:00:00+01:00,314.556796415845
2017-04-06 21:00:00+01:00,317.3387757915655
2017-04-06 22:00:00+01:00,305.2907763691795
2017-04-06 23:00:00+01:00,290.64258816107105
2017-04-07 00:00:00+01:00,282.3164937537066
2017-04-07 01:00:00+01:00,274.4286517580759
2017-04-07 02:00:00+01:00,278.8148027170847
2017-04-07 03:00:00+01:00,272.17075359495834
2017-04-07 04:00:00+01:00,273.07166697140485
2017-04-07 05:00:00+01:00,277.5154674584478
2017-04-07 06:00:00+01:00,301.48084033483025
2017-04-07 07:00:00+01:00,313.09276304786846
2017-04-07 08:00:00+01:00,317.1933900015846
2017-04-07 09:00:00+01:00,305.60779860605305
2017-04-07 10:00:00+01:00,294.5588381899641
2017-04-07 11:00:00+01:00,287.5627882998364
2017-04-07 12:00:00+01:00,281.90912330827996
2017-04-07 13:00:00+01:00,269.04803388381856
2017-04-07 14:00:00+01:00,262.1028559279319
2017-04-07 15:00:00+01:00,247.986328086988
2017-04-07 16:00:00+01:00,251.8751049536167
2017-04-07 17:00:00+01:00,272.9324908513931
2017-04-07 18:00:00+01:00,304.71715545911457
2017-04-07 19:00:00+01:00,328.18908881969827
2017-04-07 20:00:00+01:00,340.63227517012206
2017-04-07 21:00:00+01:00,340.61656555019243
2017-04-07 22:00:00+01:00,337.9054378884879
2017-04-07 23:00:00+01:00,339.3142626759263
2017-04-08 00:00:00+01:00,320.1600426907585
2017-04-08 01:00:00+01:00,313.8509684321631
2017-04-08 02:00:00+01:00,316.0736304128836
2017-04-08 03:00:00+01:00,314.93860928888546
2017-04-08 04:00:00+01:00,309.1359588508625
2017-04-08 05:00:00+01:00,304.1426976117829
2017-04-08 06:00:00+01:00,314.9079108124713
2017-04-08 07:00:00+01:00,319.9368997474281
2017-04-08 08:00:00+01:00,319.13678289521005
2017-04-08 09:00:00+01:00,290.26591281067385
2017-04-08 10:00:00+01:00,266.48294887947577
2017-04-08 11:00:00+01:00,240.11635432871412
2017-04-08 12:00:00+01:00,219.43771099951493
2017-04-08 13:00:00+01:00,203.21480251093317
2017-04-08 14:00:00+01:00,195.96729261613805
2017-04-08 15:00:00+01:00,200.18333225100625
2017-04-08 16:00:00+01:00,212.31245548465802
2017-04-08 17:00:00+01:00,242.945302217135
2017-04-08 18:00:00+01:00,276.1914910660589
2017-04-08 19:00:00+01:00,313.65442310100934
2017-04-08 20:00:00+01:00,308.9545055532561
2017-04-08 21:00:00+01:00,323.37075502134843
2017-04-08 22:00:00+01:00,313.64760132547394
2017-04-08 23:00:00+01:00,300.5245575509286
2017-04-09 00:00:00+01:00,260.4468879663151
2017-04-09 01:00:00+01:00,254.63620494595492
2017-04-09 02:00:00+01:00,258.04234409838955
2017-04-09 03:00:00+01:00,262.5736782437428
2017-04-09 04:00:00+01:00,263.21994598696773
2017-04-09 05:00:00+01:00,265.0662046021308
2017-04-09 06:00:00+01:00,273.8026607629141
2017-04-09 07:00:00+01:00,277.24624672262775
2017-04-09 08:00:00+01:00,264.2798567962677
2017-04-09 09:00:00+01:00,246.09631214824174
2017-04-09 10:00:00+01:00,222.88959047683656
2017-04-09 11:00:00+01:00,197.89018807187122
2017-04-09 12:00:00+01:00,184.60176584228896
2017-04-09 13:00:00+01:00,157.14108111785035
2017-04-09 14:00:00+01:00,137.10081114514654
2017-04-09 15:00:00+01:00,130.99485023162265
2017-04-09 16:00:00+01:00,134.25156689767064
2017-04-09 17:00:00+01:00,162.2625212516216
2017-04-09 18:00:00+01:00,182.8732950768552
2017-04-09 19:00:00+01:00,207.6572873722687
2017-04-09 20:00:00+01:00,217.775150059778
2017-04-09 21:00:00+01:00,219.2073423549522
2017-04-09 22:00:00+01:00,209.70594299967138
2017-04-09 23:00:00+01:00,188.5210838631547
2017-04-10 00:00:00+01:00,212.24337960722002
2017-04-10 01:00:00+01:00,177.62647618053398
2017-04-10 02:00:00+01:00,183.78521432258495
2017-04-10 03:00:00+01:00,185.6519423480896
2017-04-10 04:00:00+01:00,178.67492547957258
2017-04-10 05:00:00+01:00,172.72420085556647
2017-04-10 06:00:00+01:00,197.0408170921706
2017-04-10 07:00:00+01:00,235.68035805519833
2017-04-10 08:00:00+01:00,247.26121880676658
2017-04-10 09:00:00+01:00,238.5799836057838
2017-04-10 10:00:00+01:00,236.56360507881053
2017-04-10 11:00:00+01:00,241.23095882288428
2017-04-10 12:00:00+01:00,250.56782930827643
2017-04-10 13:00:00+01:00,240.24962190757168
2017-04-10 14:00:00+01:00,233.04372517538818
2017-04-10 15:00:00+01:00,223.24636607157814
2017-04-10 16:00:00+01:00,224.78037818368645
2017-04-10 17:00:00+01:00,246.0060493779085
2017-04-10 18:00:00+01:00,277.755588183409
2017-04-10 19:00:00+01:00,303.9936616847497
2017-04-10 20:00:00+01:00,325.477360127372
2017-04-10 21:00:00+01:00,314.87100013697744
2017-04-10 22:00:00+01:00,301.0589282161056
2017-04-10 23:00:00+01:00,286.2362042551439
2017-04-11 00:00:00+01:00,255.30648748014153
2017-04-11 01:00:00+01:00,252.54314187898694
2017-04-11 02:00:00+01:00,241.36559552943532
2017-04-11 03:00:00+01:00,206.1027593285941
2017-04-11 04:00:00+01:00,197.31055814319265
2017-04-11 05:00:00+01:00,237.5128897822202
2017-04-11 06:00:00+01:00,222.07559140837677
2017-04-11 07:00:00+01:00,246.46150022742646
2017-04-11 08:00:00+01:00,259.5605154285716
2017-04-11 09:00:00+01:00,243.0480718392968
2017-04-11 10:00:00+01:00,224.14230047895938
2017-04-11 11:00:00+01:00,200.64078416100645
2017-04-11 12:00:00+01:00,199.8639563374396
2017-04-11 13:00:00+01:00,183.96300668478347
2017-04-11 14:00:00+01:00,171.90066500974572
2017-04-11 15:00:00+01:00,164.17173988647562
2017-04-11 16:00:00+01:00,169.5334045987104
2017-04-11 17:00:00+01:00,188.59853386616288
2017-04-11 18:00:00+01:00,203.48915395286568
2017-04-11 19:00:00+01:00,219.0636662209207
2017-04-11 20:00:00+01:00,242.04106164126475
2017-04-11 21:00:00+01:00,247.5633348690165
2017-04-11 22:00:00+01:00,221.86724187936386
2017-04-11 23:00:00+01:00,197.16291846013672
2017-04-12 00:00:00+01:00,175.6513583785016
2017-04-12 01:00:00+01:00,184.30043050972296
2017-04-12 02:00:00+01:00,186.91966805032678
2017-04-12 03:00:00+01:00,179.81251580502718
2017-04-12 04:00:00+01:00,175.47685929207083
2017-04-12 05:00:00+01:00,174.39740128550218
2017-04-12 06:00:00+01:00,197.18296741396694
2017-04-12 07:00:00+01:00,219.69084113685778
2017-04-12 08:00:00+01:00,230.01391998898708
2017-04-12 09:00:00+01:00,224.5161392409487
2017-04-12 10:00:00+01:00,257.88756637699294
2017-04-12 11:00:00+01:00,201.58267819119018
2017-04-12 12:00:00+01:00,192.24469943301543
2017-04-12 13:00:00+01:00,187.39048801275757
2017-04-12 14:00:00+01:00,179.72811874484216
2017-04-12 15:00:00+01:00,170.47966844540022
2017-04-12 16:00:00+01:00,188.97334107418706
2017-04-12 17:00:00+01:00,208.60405534872092
2017-04-12 18:00:00+01:00,221.67511562910752
2017-04-12 19:00:00+01:00,241.92826720145118
2017-04-12 20:00:00+01:00,252.6081449709853
2017-04-12 21:00:00+01:00,255.78322832499626
2017-04-12 22:00:00+01:00,245.19709974833106
2017-04-12 23:00:00+01:00,219.3059993118208
2017-04-13 00:00:00+01:00,204.2048750123884
2017-04-13 01:00:00+01:00,207.3672842069582
2017-04-13 02:00:00+01:00,216.48425144622715
2017-04-13 03:00:00+01:00,209.15670166288925
2017-04-13 04:00:00+01:00,216.17198406780048
2017-04-13 05:00:00+01:00,210.1313985555706
2017-04-13 06:00:00+01:00,242.58398259551527
2017-04-13 07:00:00+01:00,281.10228072013916
2017-04-13 08:00:00+01:00,300.79107209202135
2017-04-13 09:00:00+01:00,297.5826569476491
2017-04-13 10:00:00+01:00,284.1650855187936
2017-04-13 11:00:00+01:00,277.6643035838972
2017-04-13 12:00:00+01:00,271.9561981405565
2017-04-13 13:00:00+01:00,273.5040643297127
2017-04-13 14:00:00+01:00,266.08536565589185
2017-04-13 15:00:00+01:00,290.84901944944346
2017-04-13 16:00:00+01:00,278.59855074798327
2017-04-13 17:00:00+01:00,285.83783637042876
2017-04-13 18:00:00+01:00,293.4830330927448
2017-04-13 19:00:00+01:00,303.05164124978535
2017-04-13 20:00:00+01:00,305.19874638530814
2017-04-13 21:00:00+01:00,319.9044700647533
2017-04-13 22:00:00+01:00,299.9714774171662
2017-04-13 23:00:00+01:00,282.60565669729084
2017-04-14 00:00:00+01:00,251.56337688486752
2017-04-14 01:00:00+01:00,251.30603186413686
2017-04-14 02:00:00+01:00,262.7205990769682
2017-04-14 03:00:00+01:00,264.5973000629478
2017-04-14 04:00:00+01:00,261.3253266453057
2017-04-14 05:00:00+01:00,260.13509316037704
2017-04-14 06:00:00+01:00,271.4595943466955
2017-04-14 07:00:00+01:00,283.4351109245897
2017-04-14 08:00:00+01:00,293.9352977344702
2017-04-14 09:00:00+01:00,279.17490907817637
2017-04-14 10:00:00+01:00,265.3123573479573
2017-04-14 11:00:00+01:00,261.1543055870504
2017-04-14 12:00:00+01:00,250.09991612338283
2017-04-14 13:00:00+01:00,241.08477837520797
2017-04-14 14:00:00+01:00,233.75370981638028
2017-04-14 15:00:00+01:00,235.96672151490674
2017-04-14 16:00:00+01:00,242.0001780207646
2017-04-14 17:00:00+01:00,244.68400213450823
2017-04-14 18:00:00+01:00,258.3723100852892
2017-04-14 19:00:00+01:00,261.17198223957524
2017-04-14 20:00:00+01:00,294.92692195837253
2017-04-14 21:00:00+01:00,265.6151399623997
2017-04-14 22:00:00+01:00,236.53413552893693
2017-04-14 23:00:00+01:00,207.68948561079398
2017-04-15 00:00:00+01:00,165.08707662350363
2017-04-15 01:00:00+01:00,143.9912328398773
2017-04-15 02:00:00+01:00,149.56574478942252
2017-04-15 03:00:00+01:00,144.15392337132184
2017-04-15 04:00:00+01:00,148.200191707172
2017-04-15 05:00:00+01:00,147.47434738071274
2017-04-15 06:00:00+01:00,159.20003123950914
2017-04-15 07:00:00+01:00,164.17896870527875
2017-04-15 08:00:00+01:00,160.62060966249447
2017-04-15 09:00:00+01:00,170.31510716701334
2017-04-15 10:00:00+01:00,158.73238529846452
2017-04-15 11:00:00+01:00,145.61036481099032
2017-04-15 12:00:00+01:00,135.73024477353064
2017-04-15 13:00:00+01:00,121.8135854919463
2017-04-15 14:00:00+01:00,107.5650697501642
2017-04-15 15:00:00+01:00,108.89768400013237
2017-04-15 16:00:00+01:00,123.29361489030751
2017-04-15 17:00:00+01:00,142.07693562911152
2017-04-15 18:00:00+01:00,179.7729426808151
2017-04-15 19:00:00+01:00,205.37963284128358
2017-04-15 20:00:00+01:00,225.93319235122172
2017-04-15 21:00:00+01:00,236.93198012348313
2017-04-15 22:00:00+01:00,244.4052008175065
2017-04-15 23:00:00+01:00,228.6015212851804
2017-04-16 00:00:00+01:00,198.20011542009476
2017-04-16 01:00:00+01:00,232.03278258746826
2017-04-16 02:00:00+01:00,204.6288430261114
2017-04-16 03:00:00+01:00,205.14562899663932
2017-04-16 04:00:00+01:00,197.10666359232857
2017-04-16 05:00:00+01:00,198.09409790486404
2017-04-16 06:00:00+01:00,210.82734520412137
2017-04-16 07:00:00+01:00,224.63373697225902
2017-04-16 08:00:00+01:00,225.88383001349135
2017-04-16 09:00:00+01:00,200.79575754985385
2017-04-16 10:00:00+01:00,209.8554235935059
2017-04-16 11:00:00+01:00,204.34451072600925
2017-04-16 12:00:00+01:00,209.6230201484192
2017-04-16 13:00:00+01:00,210.61561004440082
2017-04-16 14:00:00+01:00,222.650052727933
2017-04-16 15:00:00+01:00,225.8579787537638
2017-04-16 16:00:00+01:00,233.00470276016028
2017-04-16 17:00:00+01:00,244.67689429569825
2017-04-16 18:00:00+01:00,268.6367914025543
2017-04-16 19:00:00+01:00,279.81932293718563
2017-04-16 20:00:00+01:00,291.3865470264839
2017-04-16 21:00:00+01:00,299.07052869104507
2017-04-16 22:00:00+01:00,285.49993602510784
2017-04-16 23:00:00+01:00,260.7356634924408
2017-04-17 00:00:00+01:00,237.57378338168732
2017-04-17 01:00:00+01:00,251.52644021212717
2017-04-17 02:00:00+01:00,252.5517151322463
2017-04-17 03:00:00+01:00,241.3472327083333
2017-04-17 04:00:00+01:00,249.3792234072746
2017-04-17 05:00:00+01:00,244.5615111326758
2017-04-17 06:00:00+01:00,274.90733793021116
2017-04-17 07:00:00+01:00,279.0028610365916
2017-04-17 08:00:00+01:00,276.62971183144657
2017-04-17 09:00:00+01:00,266.95503641305584
2017-04-17 10:00:00+01:00,255.02838001048778
2017-04-17 11:00:00+01:00,252.7836212550482
2017-04-17 12:00:00+01:00,250.6304933949572
2017-04-17 13:00:00+01:00,247.0047474279287
2017-04-17 14:00:00+01:00,243.4412134755507
2017-04-17 15:00:00+01:00,241.7275394707695
2017-04-17 16:00:00+01:00,250.48911800438543
2017-04-17 17:00:00+01:00,264.76672780968926
2017-04-17 18:00:00+01:00,272.51441587242937
2017-04-17 19:00:00+01:00,287.86701482616235
2017-04-17 20:00:00+01:00,287.7475407287346
2017-04-17 21:00:00+01:00,293.6727356896094
2017-04-17 22:00:00+01:00,297.40426409759124
2017-04-17 23:00:00+01:00,271.5346482955061
2017-04-18 00:00:00+01:00,245.96014017960758
2017-04-18 01:00:00+01:00,243.1247190740413
2017-04-18 02:00:00+01:00,245.651363023523
2017-04-18 03:00:00+01:00,237.04404549165722
2017-04-18 04:00:00+01:00,228.78052493175664
2017-04-18 05:00:00+01:00,232.8885630621199
2017-04-18 06:00:00+01:00,250.92151687517003
2017-04-18 07:00:00+01:00,283.50395529544846
2017-04-18 08:00:00+01:00,285.0978852169405
2017-04-18 09:00:00+01:00,267.16486280422583
2017-04-18 10:00:00+01:00,247.91605667314337
2017-04-18 11:00:00+01:00,247.80190042940086
2017-04-18 12:00:00+01:00,228.20566218420495
2017-04-18 13:00:00+01:00,225.11861629111317
2017-04-18 14:00:00+01:00,228.0163545495105
2017-04-18 15:00:00+01:00,232.81970408962493
2017-04-18 16:00:00+01:00,246.534088825709
2017-04-18 17:00:00+01:00,266.46369170233856
2017-04-18 18:00:00+01:00,286.16151574484036
2017-04-18 19:00:00+01:00,300.40783102705103
2017-04-18 20:00:00+01:00,303.26466799259373
2017-04-18 21:00:00+01:00,310.07443417782724
2017-04-18 22:00:00+01:00,311.5742851097086
2017-04-18 23:00:00+01:00,288.45302838651025
2017-04-19 00:00:00+01:00,271.096849162034
2017-04-19 01:00:00+01:00,272.6318200117271
2017-04-19 02:00:00+01:00,276.2222465026964
2017-04-19 03:00:00+01:00,271.2128790576624
2017-04-19 04:00:00+01:00,265.9541027093984
2017-04-19 05:00:00+01:00,273.89166290593124
2017-04-19 06:00:00+01:00,299.42976287950995
2017-04-19 07:00:00+01:00,320.68952413975126
2017-04-19 08:00:00+01:00,307.95413112062687
2017-04-19 09:00:00+01:00,293.6068989300845
2017-04-19 10:00:00+01:00,280.72479061781684
2017-04-19 11:00:00+01:00,275.02930641975547
2017-04-19 12:00:00+01:00,263.39712905223564
2017-04-19 13:00:00+01:00,256.4101784022673
2017-04-19 14:00:00+01:00,253.8037782908528
2017-04-19 15:00:00+01:00,257.20209918192455
2017-04-19 16:00:00+01:00,279.155188227716
2017-04-19 17:00:00+01:00,292.6061231400309
2017-04-19 18:00:00+01:00,303.7683157888233
2017-04-19 19:00:00+01:00,309.3803734342665
2017-04-19 20:00:00+01:00,314.25996498075017
2017-04-19 21:00:00+01:00,316.7512741861047
2017-04-19 22:00:00+01:00,311.16206608404326
2017-04-19 23:00:00+01:00,286.9242551586565
2017-04-20 00:00:00+01:00,259.6993822439675
2017-04-20 01:00:00+01:00,249.8134205235204
2017-04-20 02:00:00+01:00,252.31189113766845
2017-04-20 03:00:00+01:00,245.17580840303597
2017-04-20 04:00:00+01:00,241.5995184776631
2017-04-20 05:00:00+01:00,241.28224726360122
2017-04-20 06:00:00+01:00,265.3486673980869
2017-04-20 07:00:00+01:00,279.73221221573345
2017-04-20 08:00:00+01:00,289.1905349981203
2017-04-20 09:00:00+01:00,284.9691164261208
2017-04-20 10:00:00+01:00,276.5159045482138
2017-04-20 11:00:00+01:00,269.426590843068
2017-04-20 12:00:00+01:00,262.3018590477498
2017-04-20 13:00:00+01:00,258.66507324463436
2017-04-20 14:00:00+01:00,254.0719869904561
2017-04-20 15:00:00+01:00,251.42595283671264
2017-04-20 16:00:00+01:00,261.3838530944752
2017-04-20 17:00:00+01:00,275.6795509308102
2017-04-20 18:00:00+01:00,287.31179884816703
2017-04-20 19:00:00+01:00,289.34277028427437
2017-04-20 20:00:00+01:00,304.31765559252307
2017-04-20 21:00:00+01:00,323.8401700522313
2017-04-20 22:00:00+01:00,297.3589762308031
2017-04-20 23:00:00+01:00,269.75991793217037
2017-04-21 00:00:00+01:00,249.07310569039515
2017-04-21 01:00:00+01:00,236.61677059020062
2017-04-21 02:00:00+01:00,235.28665109127613
2017-04-21 03:00:00+01:00,224.64700060150767
2017-04-21 04:00:00+01:00,219.8729051570979
2017-04-21 05:00:00+01:00,226.6957398148267
2017-04-21 06:00:00+01:00,241.84430088878648
2017-04-21 07:00:00+01:00,253.68677198887508
2017-04-21 08:00:00+01:00,259.12077170432417
2017-04-21 09:00:00+01:00,249.65511525477316
2017-04-21 10:00:00+01:00,242.24687209124863
2017-04-21 11:00:00+01:00,232.42729020620763
2017-04-21 12:00:00+01:00,229.21163732744017
2017-04-21 13:00:00+01:00,225.33063677082413
2017-04-21 14:00:00+01:00,223.13909621376828
2017-04-21 15:00:00+01:00,228.9379696751415
2017-04-21 16:00:00+01:00,237.76866629433758
2017-04-21 17:00:00+01:00,251.37839669047327
2017-04-21 18:00:00+01:00,262.9565444286402
2017-04-21 19:00:00+01:00,274.6213192257139
2017-04-21 20:00:00+01:00,279.0964785113032
2017-04-21 21:00:00+01:00,285.8964843469042
2017-04-21 22:00:00+01:00,280.42923102997906
2017-04-21 23:00:00+01:00,261.3834337693425
2017-04-22 00:00:00+01:00,241.40358280105642
2017-04-22 01:00:00+01:00,242.40530660758168
2017-04-22 02:00:00+01:00,271.97275745282394
2017-04-22 03:00:00+01:00,248.81330348376952
2017-04-22 04:00:00+01:00,247.0075230160488
2017-04-22 05:00:00+01:00,245.01969124615934
2017-04-22 06:00:00+01:00,248.9319207030616
2017-04-22 07:00:00+01:00,252.96166990782794
2017-04-22 08:00:00+01:00,267.13482659706096
2017-04-22 09:00:00+01:00,267.71091495794275
2017-04-22 10:00:00+01:00,256.96283394078114
2017-04-22 11:00:00+01:00,239.79040924356977
2017-04-22 12:00:00+01:00,234.34573553038905
2017-04-22 13:00:00+01:00,213.84965564750166
2017-04-22 14:00:00+01:00,196.99630105302165
2017-04-22 15:00:00+01:00,188.6089313455835
2017-04-22 16:00:00+01:00,198.58076700972262
2017-04-22 17:00:00+01:00,227.93422467755678
2017-04-22 18:00:00+01:00,254.35841459971778
2017-04-22 19:00:00+01:00,273.30581371254044
2017-04-22 20:00:00+01:00,297.96642203005814
2017-04-22 21:00:00+01:00,298.27364747016
2017-04-22 22:00:00+01:00,304.5283034695054
2017-04-22 23:00:00+01:00,292.66579031201286
2017-04-23 00:00:00+01:00,271.52397721166966
2017-04-23 01:00:00+01:00,277.1830287660949
2017-04-23 02:00:00+01:00,278.1468779101318
2017-04-23 03:00:00+01:00,272.74964613989215
2017-04-23 04:00:00+01:00,266.6507535878146
2017-04-23 05:00:00+01:00,261.7344738241564
2017-04-23 06:00:00+01:00,261.29194462493984
2017-04-23 07:00:00+01:00,261.23977597577755
2017-04-23 08:00:00+01:00,249.8649902286571
2017-04-23 09:00:00+01:00,239.7678054143035
2017-04-23 10:00:00+01:00,229.89220300922307
2017-04-23 11:00:00+01:00,215.45914183733657
2017-04-23 12:00:00+01:00,207.47977388283024
2017-04-23 13:00:00+01:00,199.36692479165131
2017-04-23 14:00:00+01:00,184.96443476374662
2017-04-23 15:00:00+01:00,180.67918338745216
2017-04-23 16:00:00+01:00,181.19159040716983
2017-04-23 17:00:00+01:00,195.19253412440284
2017-04-23 18:00:00+01:00,214.5094523173672
2017-04-23 19:00:00+01:00,226.9681105528269
2017-04-23 20:00:00+01:00,233.7195385938908
2017-04-23 21:00:00+01:00,231.49774100246483
2017-04-23 22:00:00+01:00,206.76903358034298
2017-04-23 23:00:00+01:00,180.45534262241353
2017-04-24 00:00:00+01:00,154.9998810971244
2017-04-24 01:00:00+01:00,169.00427170181842
2017-04-24 02:00:00+01:00,188.39312857030654
2017-04-24 03:00:00+01:00,171.13000120637557
2017-04-24 04:00:00+01:00,170.92035350124098
2017-04-24 05:00:00+01:00,183.41388537288785
2017-04-24 06:00:00+01:00,218.67789169949316
2017-04-24 07:00:00+01:00,257.21049441462037
2017-04-24 08:00:00+01:00,268.57495813835226
2017-04-24 09:00:00+01:00,250.0119102465007
2017-04-24 10:00:00+01:00,242.41350848261362
2017-04-24 11:00:00+01:00,227.82312012589745
2017-04-24 12:00:00+01:00,256.13598566006306
2017-04-24 13:00:00+01:00,212.45665814588705
2017-04-24 14:00:00+01:00,210.8953799014616
2017-04-24 15:00:00+01:00,206.25756185171952
2017-04-24 16:00:00+01:00,213.80636879275454
2017-04-24 17:00:00+01:00,224.49074404683228
2017-04-24 18:00:00+01:00,228.1526842436337
2017-04-24 19:00:00+01:00,235.11809691941514
2017-04-24 20:00:00+01:00,247.30705097253377
2017-04-24 21:00:00+01:00,247.48044174692345
2017-04-24 22:00:00+01:00,227.87264510765235
2017-04-24 23:00:00+01:00,187.64243790675434
2017-04-25 00:00:00+01:00,156.87930089695772
2017-04-25 01:00:00+01:00,142.96947309707602
2017-04-25 02:00:00+01:00,157.12398362569743
2017-04-25 03:00:00+01:00,161.26444898235061
2017-04-25 04:00:00+01:00,151.54838332310726
2017-04-25 05:00:00+01:00,156.37861056040813
2017-04-25 06:00:00+01:00,188.4502148821822
2017-04-25 07:00:00+01:00,221.41746239805718
2017-04-25 08:00:00+01:00,223.50078590814257
2017-04-25 09:00:00+01:00,205.50537491205108
2017-04-25 10:00:00+01:00,183.87805791626883
2017-04-25 11:00:00+01:00,173.8476017973531
2017-04-25 12:00:00+01:00,182.21571961988082
2017-04-25 13:00:00+01:00,181.65741262439624
2017-04-25 14:00:00+01:00,176.93648739080945
2017-04-25 15:00:00+01:00,181.46196756647493
2017-04-25 16:00:00+01:00,200.07735215349174
2017-04-25 17:00:00+01:00,259.9445949941219
2017-04-25 18:00:00+01:00,243.8279196272791
2017-04-25 19:00:00+01:00,259.9757801276533
2017-04-25 20:00:00+01:00,261.1084212559139
2017-04-25 21:00:00+01:00,263.3510843937707
2017-04-25 22:00:00+01:00,267.77925005165065
2017-04-25 23:00:00+01:00,231.47388669574298
2017-04-26 00:00:00+01:00,216.9740276308449
2017-04-26 01:00:00+01:00,217.57051345773007
2017-04-26 02:00:00+01:00,223.5211985134346
2017-04-26 03:00:00+01:00,230.27884235827258
2017-04-26 04:00:00+01:00,223.59298753701808
2017-04-26 05:00:00+01:00,233.63878316630556
2017-04-26 06:00:00+01:00,256.9029381476768
2017-04-26 07:00:00+01:00,287.99103307149176
2017-04-26 08:00:00+01:00,293.2828925984588
2017-04-26 09:00:00+01:00,284.1015240252136
2017-04-26 10:00:00+01:00,276.1288823238856
2017-04-26 11:00:00+01:00,271.916221443966
2017-04-26 12:00:00+01:00,271.81095659959067
2017-04-26 13:00:00+01:00,267.1622524933796
2017-04-26 14:00:00+01:00,270.2789661866636
2017-04-26 15:00:00+01:00,276.5189981570892
2017-04-26 16:00:00+01:00,283.7453797753701
2017-04-26 17:00:00+01:00,286.245492375118
2017-04-26 18:00:00+01:00,292.1361837746247
2017-04-26 19:00:00+01:00,312.3199285549439
2017-04-26 20:00:00+01:00,327.15334886178647
2017-04-26 21:00:00+01:00,329.1534617541841
2017-04-26 22:00:00+01:00,348.0390242483653
2017-04-26 23:00:00+01:00,299.7697264887275
2017-04-27 00:00:00+01:00,278.38515958115045
2017-04-27 01:00:00+01:00,288.7937414862671
2017-04-27 02:00:00+01:00,290.1442169413762
2017-04-27 03:00:00+01:00,274.9045247747673
2017-04-27 04:00:00+01:00,254.38117970125595
2017-04-27 05:00:00+01:00,252.71460207495997
2017-04-27 06:00:00+01:00,261.33934190657163
2017-04-27 07:00:00+01:00,276.83752337559673
2017-04-27 08:00:00+01:00,281.601688830841
2017-04-27 09:00:00+01:00,261.769986006711
2017-04-27 10:00:00+01:00,249.7161866430648
2017-04-27 11:00:00+01:00,246.39402689730116
2017-04-27 12:00:00+01:00,245.26205230194736
2017-04-27 13:00:00+01:00,244.74785625552065
2017-04-27 14:00:00+01:00,248.3297945239808
2017-04-27 15:00:00+01:00,251.43195314397965
2017-04-27 16:00:00+01:00,271.3755931992897
2017-04-27 17:00:00+01:00,287.5609879345264
2017-04-27 18:00:00+01:00,293.1198997203255
2017-04-27 19:00:00+01:00,297.3042278807556
2017-04-27 20:00:00+01:00,304.8047604250735
2017-04-27 21:00:00+01:00,306.7555569514269
2017-04-27 22:00:00+01:00,308.42938416092716
2017-04-27 23:00:00+01:00,278.67622662763335
2017-04-28 00:00:00+01:00,269.1025160628313
2017-04-28 01:00:00+01:00,262.2315099964667
2017-04-28 02:00:00+01:00,271.9313161170769
2017-04-28 03:00:00+01:00,286.50104207696245
2017-04-28 04:00:00+01:00,277.12428240772374
2017-04-28 05:00:00+01:00,284.4073419439019
2017-04-28 06:00:00+01:00,300.9514730513827
2017-04-28 07:00:00+01:00,334.5043005828361
2017-04-28 08:00:00+01:00,330.0230349274853
2017-04-28 09:00:00+01:00,323.64830446974133
2017-04-28 10:00:00+01:00,314.2394257769203
2017-04-28 11:00:00+01:00,313.1385403496069
2017-04-28 12:00:00+01:00,313.50873108306104
2017-04-28 13:00:00+01:00,317.6779628911859
2017-04-28 14:00:00+01:00,311.93150710647063
2017-04-28 15:00:00+01:00,312.00840820672073
2017-04-28 16:00:00+01:00,316.92115210124587
2017-04-28 17:00:00+01:00,316.6576387728943
2017-04-28 18:00:00+01:00,325.09249753119724
2017-04-28 19:00:00+01:00,337.3744333792055
2017-04-28 20:00:00+01:00,347.2284818200678
2017-04-28 21:00:00+01:00,342.8598240227899
2017-04-28 22:00:00+01:00,343.0724961363233
2017-04-28 23:00:00+01:00,330.09608726320573
2017-04-29 00:00:00+01:00,303.9221302749088
2017-04-29 01:00:00+01:00,288.425555605139
2017-04-29 02:00:00+01:00,288.30999812932646
2017-04-29 03:00:00+01:00,282.0631213514898
2017-04-29 04:00:00+01:00,278.2596432488117
2017-04-29 05:00:00+01:00,276.6746303937217
2017-04-29 06:00:00+01:00,258.85285580229015
2017-04-29 07:00:00+01:00,267.57021150481194
2017-04-29 08:00:00+01:00,261.9983234536583
2017-04-29 09:00:00+01:00,246.586297250099
2017-04-29 10:00:00+01:00,236.81288097467166
2017-04-29 11:00:00+01:00,221.37255481470993
2017-04-29 12:00:00+01:00,213.69144212918883
2017-04-29 13:00:00+01:00,203.9092540489319
2017-04-29 14:00:00+01:00,193.98637181293338
2017-04-29 15:00:00+01:00,183.75737403278666
2017-04-29 16:00:00+01:00,189.4230786023268
2017-04-29 17:00:00+01:00,205.02908855855694
2017-04-29 18:00:00+01:00,212.33236495622805
2017-04-29 19:00:00+01:00,221.49798015852008
2017-04-29 20:00:00+01:00,229.2156313073732
2017-04-29 21:00:00+01:00,225.60974381649862
2017-04-29 22:00:00+01:00,213.24948983217973
2017-04-29 23:00:00+01:00,185.40415030723284
2017-04-30 00:00:00+01:00,142.78164177512744
2017-04-30 01:00:00+01:00,133.41739499287857
2017-04-30 02:00:00+01:00,129.3356159935767
2017-04-30 03:00:00+01:00,121.41945831544288
2017-04-30 04:00:00+01:00,116.98846350411951
2017-04-30 05:00:00+01:00,117.17209751407013
2017-04-30 06:00:00+01:00,117.5785826331981
2017-04-30 07:00:00+01:00,111.30925841295705
2017-04-30 08:00:00+01:00,101.24362844711213
2017-04-30 09:00:00+01:00,96.57903185043374
2017-04-30 10:00:00+01:00,100.54859425913081
2017-04-30 11:00:00+01:00,95.3911674850228
2017-04-30 12:00:00+01:00,100.60914872172569
2017-04-30 13:00:00+01:00,128.10908650730033
2017-04-30 14:00:00+01:00,101.78715325028274
2017-04-30 15:00:00+01:00,114.00447905533355
2017-04-30 16:00:00+01:00,134.97901166678855
2017-04-30 17:00:00+01:00,152.7914873547725
2017-04-30 18:00:00+01:00,175.61164741493607
2017-04-30 19:00:00+01:00,191.08484227994353
2017-04-30 20:00:00+01:00,191.6859960582344
2017-04-30 21:00:00+01:00,186.0776390342526
2017-04-30 22:00:00+01:00,194.98120762518747
2017-04-30 23:00:00+01:00,181.92687132079232
2017-05-01 00:00:00+01:00,174.49369471903842
2017-05-01 01:00:00+01:00,180.72040994359767
2017-05-01 02:00:00+01:00,192.7418415893385
2017-05-01 03:00:00+01:00,192.08790388265882
2017-05-01 04:00:00+01:00,191.78937333580726
2017-05-01 05:00:00+01:00,191.16231022177152
2017-05-01 06:00:00+01:00,203.7216172143
2017-05-01 07:00:00+01:00,214.46764638581342
2017-05-01 08:00:00+01:00,202.54026775635728
2017-05-01 09:00:00+01:00,193.24614141344153
2017-05-01 10:00:00+01:00,199.33378965249884
2017-05-01 11:00:00+01:00,196.35057401819512
2017-05-01 12:00:00+01:00,182.62141341380172
2017-05-01 13:00:00+01:00,177.5006045511274
2017-05-01 14:00:00+01:00,178.27151062148846
2017-05-01 15:00:00+01:00,171.4314435895921
2017-05-01 16:00:00+01:00,182.00455169666387
2017-05-01 17:00:00+01:00,206.48768306928653
2017-05-01 18:00:00+01:00,255.51448336429831
2017-05-01 19:00:00+01:00,243.93027891160114
2017-05-01 20:00:00+01:00,256.7656136967745
2017-05-01 21:00:00+01:00,259.6303759827371
2017-05-01 22:00:00+01:00,252.73143599325445
2017-05-01 23:00:00+01:00,240.40836414836173
2017-05-02 00:00:00+01:00,220.85453782167252
2017-05-02 01:00:00+01:00,226.00716708045488
2017-05-02 02:00:00+01:00,235.8965563933915
2017-05-02 03:00:00+01:00,241.1665143428851
2017-05-02 04:00:00+01:00,250.32200201720605
2017-05-02 05:00:00+01:00,263.5772722100298
2017-05-02 06:00:00+01:00,291.9598869209294
2017-05-02 07:00:00+01:00,304.7724053475336
2017-05-02 08:00:00+01:00,304.5129275700212
2017-05-02 09:00:00+01:00,287.25900065361014
2017-05-02 10:00:00+01:00,284.2663308168894
2017-05-02 11:00:00+01:00,269.226481178162
2017-05-02 12:00:00+01:00,268.8195405479067
2017-05-02 13:00:00+01:00,268.11275740738296
2017-05-02 14:00:00+01:00,276.5177433120735
2017-05-02 15:00:00+01:00,280.557980944316
2017-05-02 16:00:00+01:00,292.55206055335316
2017-05-02 17:00:00+01:00,299.0581737162808
2017-05-02 18:00:00+01:00,298.97992966056137
2017-05-02 19:00:00+01:00,306.7978114852199
2017-05-02 20:00:00+01:00,304.3440943245524
2017-05-02 21:00:00+01:00,300.29393244556667
2017-05-02 22:00:00+01:00,294.13106700723944
2017-05-02 23:00:00+01:00,287.749835575534
2017-05-03 00:00:00+01:00,226.0037919722376
2017-05-03 01:00:00+01:00,228.18862147543544
2017-05-03 02:00:00+01:00,233.48846513657853
2017-05-03 03:00:00+01:00,217.9255121398679
2017-05-03 04:00:00+01:00,220.24225104700628
2017-05-03 05:00:00+01:00,234.83270477784112
2017-05-03 06:00:00+01:00,244.98990387628345
2017-05-03 07:00:00+01:00,261.14163016200024
2017-05-03 08:00:00+01:00,265.02610816383697
2017-05-03 09:00:00+01:00,254.61065544798527
2017-05-03 10:00:00+01:00,248.271756204953
2017-05-03 11:00:00+01:00,244.75579251402394
2017-05-03 12:00:00+01:00,242.72364574565145
2017-05-03 13:00:00+01:00,235.83801529812945
2017-05-03 14:00:00+01:00,235.2609319475537
2017-05-03 15:00:00+01:00,231.75705194122673
2017-05-03 16:00:00+01:00,234.67870824364795
2017-05-03 17:00:00+01:00,244.2354480892902
2017-05-03 18:00:00+01:00,256.1726668576275
2017-05-03 19:00:00+01:00,266.0489758372
2017-05-03 20:00:00+01:00,273.11351588077133
2017-05-03 21:00:00+01:00,268.8879216820873
2017-05-03 22:00:00+01:00,272.68055758034245
2017-05-03 23:00:00+01:00,240.77199736311525
2017-05-04 00:00:00+01:00,206.20853824748085
2017-05-04 01:00:00+01:00,221.96609790169555
2017-05-04 02:00:00+01:00,227.77597102346112
2017-05-04 03:00:00+01:00,218.44765551585778
2017-05-04 04:00:00+01:00,240.90791449835143
2017-05-04 05:00:00+01:00,212.1796778807098
2017-05-04 06:00:00+01:00,226.53510488859675
2017-05-04 07:00:00+01:00,251.31806159242373
2017-05-04 08:00:00+01:00,256.76926594501856
2017-05-04 09:00:00+01:00,250.06844379775436
2017-05-04 10:00:00+01:00,226.2689939432837
2017-05-04 11:00:00+01:00,199.297182082727
2017-05-04 12:00:00+01:00,188.93807118454166
2017-05-04 13:00:00+01:00,173.31679932641816
2017-05-04 14:00:00+01:00,175.10145599071157
2017-05-04 15:00:00+01:00,170.87930454414447
2017-05-04 16:00:00+01:00,173.76070956547525
2017-05-04 17:00:00+01:00,193.07450895924345
2017-05-04 18:00:00+01:00,201.35834705536038
2017-05-04 19:00:00+01:00,210.36200938751972
2017-05-04 20:00:00+01:00,219.49940228907803
2017-05-04 21:00:00+01:00,231.5947599748662
2017-05-04 22:00:00+01:00,240.2532308962392
2017-05-04 23:00:00+01:00,204.55250081541962
2017-05-05 00:00:00+01:00,172.10808653424587
2017-05-05 01:00:00+01:00,159.18262065450014
2017-05-05 02:00:00+01:00,166.17261864509945
2017-05-05 03:00:00+01:00,159.02766607840778
2017-05-05 04:00:00+01:00,162.51326112988784
2017-05-05 05:00:00+01:00,167.93837343109155
2017-05-05 06:00:00+01:00,194.03519094032103
2017-05-05 07:00:00+01:00,233.36831924128526
2017-05-05 08:00:00+01:00,230.76777009285067
2017-05-05 09:00:00+01:00,228.68894334345893
2017-05-05 10:00:00+01:00,202.30781083229456
2017-05-05 11:00:00+01:00,182.95601273539947
2017-05-05 12:00:00+01:00,167.06119019896028
2017-05-05 13:00:00+01:00,157.40802164343475
2017-05-05 14:00:00+01:00,145.8159580691716
2017-05-05 15:00:00+01:00,146.36851604537443
2017-05-05 16:00:00+01:00,158.61882537470456
2017-05-05 17:00:00+01:00,181.0988340849483
2017-05-05 18:00:00+01:00,200.8964599406341
2017-05-05 19:00:00+01:00,223.37801939829367
2017-05-05 20:00:00+01:00,234.50476185616273
2017-05-05 21:00:00+01:00,231.1668660039685
2017-05-05 22:00:00+01:00,233.69916701955503
2017-05-05 23:00:00+01:00,207.10112752797707
2017-05-06 00:00:00+01:00,173.52993869309023
2017-05-06 01:00:00+01:00,174.80150480735702
2017-05-06 02:00:00+01:00,172.24861082157753
2017-05-06 03:00:00+01:00,166.43144350289356
2017-05-06 04:00:00+01:00,166.09030914445842
2017-05-06 05:00:00+01:00,167.92782040914815
2017-05-06 06:00:00+01:00,164.1978963295472
2017-05-06 07:00:00+01:00,170.75791685772296
2017-05-06 08:00:00+01:00,184.71289024136237
2017-05-06 09:00:00+01:00,197.39112872679283
2017-05-06 10:00:00+01:00,195.56694069246316
2017-05-06 11:00:00+01:00,190.97301871576894
2017-05-06 12:00:00+01:00,184.50177479554725
2017-05-06 13:00:00+01:00,176.72155802606372
2017-05-06 14:00:00+01:00,175.24934097181634
2017-05-06 15:00:00+01:00,182.49286720711575
2017-05-06 16:00:00+01:00,201.21950045196476
2017-05-06 17:00:00+01:00,213.95740982983276
2017-05-06 18:00:00+01:00,237.34930196150358
2017-05-06 19:00:00+01:00,257.4469950196588
2017-05-06 20:00:00+01:00,265.43019296274014
2017-05-06 21:00:00+01:00,267.71324434934
2017-05-06 22:00:00+01:00,267.5428079990333
2017-05-06 23:00:00+01:00,263.31585122574995
2017-05-07 00:00:00+01:00,246.24861998990383
2017-05-07 01:00:00+01:00,246.12692366418128
2017-05-07 02:00:00+01:00,243.78077760662856
2017-05-07 03:00:00+01:00,238.54820612293054
2017-05-07 04:00:00+01:00,233.84759392364145
2017-05-07 05:00:00+01:00,229.6119433180968
2017-05-07 06:00:00+01:00,225.54572147078775
2017-05-07 07:00:00+01:00,216.09355666011592
2017-05-07 08:00:00+01:00,221.18325552252693
2017-05-07 09:00:00+01:00,221.45230573752877
2017-05-07 10:00:00+01:00,218.85761612087958
2017-05-07 11:00:00+01:00,212.01057578208403
2017-05-07 12:00:00+01:00,201.29531177559377
2017-05-07 13:00:00+01:00,187.90431789077232
2017-05-07 14:00:00+01:00,175.12487749854765
2017-05-07 15:00:00+01:00,171.10667461475364
2017-05-07 16:00:00+01:00,178.93172786816697
2017-05-07 17:00:00+01:00,198.613966124607
2017-05-07 18:00:00+01:00,219.8475526306775
2017-05-07 19:00:00+01:00,249.56858844155988
2017-05-07 20:00:00+01:00,242.46316957891767
2017-05-07 21:00:00+01:00,236.9255505784244
2017-05-07 22:00:00+01:00,235.77502121900653
2017-05-07 23:00:00+01:00,206.72466574376284
2017-05-08 00:00:00+01:00,172.02389354940672
2017-05-08 01:00:00+01:00,169.68559627562587
2017-05-08 02:00:00+01:00,184.60472897394192
2017-05-08 03:00:00+01:00,172.2135838923714
2017-05-08 04:00:00+01:00,167.6542300935642
2017-05-08 05:00:00+01:00,169.99207234274965
2017-05-08 06:00:00+01:00,201.61195119890965
2017-05-08 07:00:00+01:00,238.86959175619376
2017-05-08 08:00:00+01:00,255.91480738041957
2017-05-08 09:00:00+01:00,249.32420147623884
2017-05-08 10:00:00+01:00,243.6045446319964
2017-05-08 11:00:00+01:00,237.87612854641134
2017-05-08 12:00:00+01:00,233.328354306316
2017-05-08 13:00:00+01:00,228.01425416947862
2017-05-08 14:00:00+01:00,225.4749418070151
2017-05-08 15:00:00+01:00,233.0075463164977
2017-05-08 16:00:00+01:00,248.35434332108034
2017-05-08 17:00:00+01:00,277.7237678204835
2017-05-08 18:00:00+01:00,266.6768207407944
2017-05-08 19:00:00+01:00,281.4508228222786
2017-05-08 20:00:00+01:00,293.2281206820128
2017-05-08 21:00:00+01:00,296.3050386001747
2017-05-08 22:00:00+01:00,288.59995694188103
2017-05-08 23:00:00+01:00,266.5955900435974
2017-05-09 00:00:00+01:00,256.9085240295532
2017-05-09 01:00:00+01:00,261.4681824600654
2017-05-09 02:00:00+01:00,274.41520466095244
2017-05-09 03:00:00+01:00,273.618251087883
2017-05-09 04:00:00+01:00,275.231049995619
2017-05-09 05:00:00+01:00,279.6542838633607
2017-05-09 06:00:00+01:00,297.91807954344466
2017-05-09 07:00:00+01:00,323.1675772063566
2017-05-09 08:00:00+01:00,321.929110368027
2017-05-09 09:00:00+01:00,314.3621124847041
2017-05-09 10:00:00+01:00,309.7734742638037
2017-05-09 11:00:00+01:00,308.0345701194701
2017-05-09 12:00:00+01:00,300.6202394250292
2017-05-09 13:00:00+01:00,286.1683750513037
2017-05-09 14:00:00+01:00,272.7924239498867
2017-05-09 15:00:00+01:00,270.5643014168213
2017-05-09 16:00:00+01:00,276.4391302961076
2017-05-09 17:00:00+01:00,291.6695993821768
2017-05-09 18:00:00+01:00,302.1471737636634
2017-05-09 19:00:00+01:00,310.55719627189063
2017-05-09 20:00:00+01:00,326.2109844420922
2017-05-09 21:00:00+01:00,335.4764185792049
2017-05-09 22:00:00+01:00,326.691635923547
2017-05-09 23:00:00+01:00,313.4827110018773
2017-05-10 00:00:00+01:00,303.13886352688064
2017-05-10 01:00:00+01:00,294.0383813378616
2017-05-10 02:00:00+01:00,297.9402176341538
2017-05-10 03:00:00+01:00,291.8884713438278
2017-05-10 04:00:00+01:00,291.7104822413997
2017-05-10 05:00:00+01:00,304.09228438444535
2017-05-10 06:00:00+01:00,307.8883268958516
2017-05-10 07:00:00+01:00,320.11954243806207
2017-05-10 08:00:00+01:00,320.07768333622624
2017-05-10 09:00:00+01:00,299.06128117060916
2017-05-10 10:00:00+01:00,277.8177807543049
2017-05-10 11:00:00+01:00,258.68585655270914
2017-05-10 12:00:00+01:00,248.50402753041172
2017-05-10 13:00:00+01:00,235.44697086541834
2017-05-10 14:00:00+01:00,232.24651668163318
2017-05-10 15:00:00+01:00,226.20402976115042
2017-05-10 16:00:00+01:00,252.39383514985218
2017-05-10 17:00:00+01:00,280.78599975257146
2017-05-10 18:00:00+01:00,300.672659101653
2017-05-10 19:00:00+01:00,317.1858727151263
2017-05-10 20:00:00+01:00,331.9680902904475
2017-05-10 21:00:00+01:00,337.6976932651642
2017-05-10 22:00:00+01:00,325.1347842761009
2017-05-10 23:00:00+01:00,317.3579718142681
2017-05-11 00:00:00+01:00,302.8479624715561
2017-05-11 01:00:00+01:00,287.4532577487402
2017-05-11 02:00:00+01:00,288.20190981249823
2017-05-11 03:00:00+01:00,279.9390431710976
2017-05-11 04:00:00+01:00,275.65694178063643
2017-05-11 05:00:00+01:00,279.21756662556106
2017-05-11 06:00:00+01:00,290.6891342037813
2017-05-11 07:00:00+01:00,302.01201595969786
2017-05-11 08:00:00+01:00,299.422285710711
2017-05-11 09:00:00+01:00,283.4250899328225
2017-05-11 10:00:00+01:00,276.13284688692465
2017-05-11 11:00:00+01:00,262.08074757991477
2017-05-11 12:00:00+01:00,259.2733780837696
2017-05-11 13:00:00+01:00,255.9303047640854
2017-05-11 14:00:00+01:00,250.06776467977298
2017-05-11 15:00:00+01:00,247.3268859503357
2017-05-11 16:00:00+01:00,263.1583126200153
2017-05-11 17:00:00+01:00,269.77421559656375
2017-05-11 18:00:00+01:00,277.494923494564
2017-05-11 19:00:00+01:00,288.6575867137577
2017-05-11 20:00:00+01:00,293.59090747721257
2017-05-11 21:00:00+01:00,300.1542890546272
2017-05-11 22:00:00+01:00,291.2716062205417
2017-05-11 23:00:00+01:00,271.7857372044666
2017-05-12 00:00:00+01:00,255.5956669973463
2017-05-12 01:00:00+01:00,258.7641324738893
2017-05-12 02:00:00+01:00,264.8803185469574
2017-05-12 03:00:00+01:00,255.2154847505274
2017-05-12 04:00:00+01:00,252.07998561637288
2017-05-12 05:00:00+01:00,252.18416204680037
2017-05-12 06:00:00+01:00,260.79269073839976
2017-05-12 07:00:00+01:00,292.49016748528686
2017-05-12 08:00:00+01:00,294.772502680936
2017-05-12 09:00:00+01:00,290.91458367008937
2017-05-12 10:00:00+01:00,284.03273280847105
2017-05-12 11:00:00+01:00,281.5197098666151
2017-05-12 12:00:00+01:00,276.0142224774581
2017-05-12 13:00:00+01:00,278.2188596938228
2017-05-12 14:00:00+01:00,268.7939367131324
2017-05-12 15:00:00+01:00,269.0816515330321
2017-05-12 16:00:00+01:00,272.3339971760865
2017-05-12 17:00:00+01:00,280.41544649993864
2017-05-12 18:00:00+01:00,291.52377164921535
2017-05-12 19:00:00+01:00,306.99044880253854
2017-05-12 20:00:00+01:00,309.5081934574936
2017-05-12 21:00:00+01:00,308.7715339137751
2017-05-12 22:00:00+01:00,291.2684964727767
2017-05-12 23:00:00+01:00,273.9650199254437
2017-05-13 00:00:00+01:00,245.43829621610374
2017-05-13 01:00:00+01:00,228.92154008880567
2017-05-13 02:00:00+01:00,224.35256474775923
2017-05-13 03:00:00+01:00,214.8039683865418
2017-05-13 04:00:00+01:00,218.45493315440817
2017-05-13 05:00:00+01:00,223.0004536200258
2017-05-13 06:00:00+01:00,216.127028872374
2017-05-13 07:00:00+01:00,211.7555230008057
2017-05-13 08:00:00+01:00,216.35969586508872
2017-05-13 09:00:00+01:00,223.68164307799037
2017-05-13 10:00:00+01:00,209.58607143446534
2017-05-13 11:00:00+01:00,204.22813928145348
2017-05-13 12:00:00+01:00,197.242395377427
2017-05-13 13:00:00+01:00,175.46529553736568
2017-05-13 14:00:00+01:00,151.10919679151945
2017-05-13 15:00:00+01:00,136.65585808478775
2017-05-13 16:00:00+01:00,142.77499624556071
2017-05-13 17:00:00+01:00,168.34666944054263
2017-05-13 18:00:00+01:00,194.23076397213913
2017-05-13 19:00:00+01:00,217.89160824189773
2017-05-13 20:00:00+01:00,226.19665002563585
2017-05-13 21:00:00+01:00,228.56733628181067
2017-05-13 22:00:00+01:00,219.17551096055465
2017-05-13 23:00:00+01:00,200.92528742962705
2017-05-14 00:00:00+01:00,193.53849189584497
2017-05-14 01:00:00+01:00,193.42019895781928
2017-05-14 02:00:00+01:00,184.69952793042754
2017-05-14 03:00:00+01:00,172.65062317792288
2017-05-14 04:00:00+01:00,162.7880687045265
2017-05-14 05:00:00+01:00,173.9004628407764
2017-05-14 06:00:00+01:00,180.29620059860162
2017-05-14 07:00:00+01:00,167.5225578380403
2017-05-14 08:00:00+01:00,153.91135223336815
2017-05-14 09:00:00+01:00,163.79035802158594
2017-05-14 10:00:00+01:00,157.65812548609742
2017-05-14 11:00:00+01:00,149.32741463619533
2017-05-14 12:00:00+01:00,143.5771295217248
2017-05-14 13:00:00+01:00,139.70466247477273
2017-05-14 14:00:00+01:00,131.4757617953809
2017-05-14 15:00:00+01:00,140.1794597359536
2017-05-14 16:00:00+01:00,150.61715155631964
2017-05-14 17:00:00+01:00,188.8796018929264
2017-05-14 18:00:00+01:00,207.9191432945053
2017-05-14 19:00:00+01:00,231.7252205338871
2017-05-14 20:00:00+01:00,245.34207744366515
2017-05-14 21:00:00+01:00,245.75963882596145
2017-05-14 22:00:00+01:00,249.09293991309733
2017-05-14 23:00:00+01:00,234.6251540195077
2017-05-15 00:00:00+01:00,204.4515092281038
2017-05-15 01:00:00+01:00,196.53950388802411
2017-05-15 02:00:00+01:00,192.42977144032938
2017-05-15 03:00:00+01:00,182.60526311862392
2017-05-15 04:00:00+01:00,173.55615051663702
2017-05-15 05:00:00+01:00,173.98962055056242
2017-05-15 06:00:00+01:00,183.92835438022863
2017-05-15 07:00:00+01:00,211.2919108599822
2017-05-15 08:00:00+01:00,223.89278635477336
2017-05-15 09:00:00+01:00,219.95525433822226
2017-05-15 10:00:00+01:00,218.57886458922235
2017-05-15 11:00:00+01:00,217.83104373230464
2017-05-15 12:00:00+01:00,210.28718954411934
2017-05-15 13:00:00+01:00,203.83424296679655
2017-05-15 14:00:00+01:00,201.1613434515307
2017-05-15 15:00:00+01:00,200.4416577463728
2017-05-15 16:00:00+01:00,213.20626024282822
2017-05-15 17:00:00+01:00,213.63785978806825
2017-05-15 18:00:00+01:00,217.92620695208404
2017-05-15 19:00:00+01:00,225.38156381202
2017-05-15 20:00:00+01:00,225.92801747844223
2017-05-15 21:00:00+01:00,219.53130492096835
2017-05-15 22:00:00+01:00,201.2984388573062
2017-05-15 23:00:00+01:00,183.53670694397076
2017-05-16 00:00:00+01:00,167.30800908954018
2017-05-16 01:00:00+01:00,168.009468656741
2017-05-16 02:00:00+01:00,176.28203897204028
2017-05-16 03:00:00+01:00,164.47832642081949
2017-05-16 04:00:00+01:00,158.482712108477
2017-05-16 05:00:00+01:00,160.3388634840513
2017-05-16 06:00:00+01:00,174.34332419284723
2017-05-16 07:00:00+01:00,214.351731503842
2017-05-16 08:00:00+01:00,231.91219642032974
2017-05-16 09:00:00+01:00,221.97064014157985
2017-05-16 10:00:00+01:00,211.9874827867168
2017-05-16 11:00:00+01:00,200.6852980337813
2017-05-16 12:00:00+01:00,234.1898752495778
2017-05-16 13:00:00+01:00,201.15421513598704
2017-05-16 14:00:00+01:00,204.01570761438632
2017-05-16 15:00:00+01:00,209.42815812153123
2017-05-16 16:00:00+01:00,227.16278474797113
2017-05-16 17:00:00+01:00,239.68687531403575
2017-05-16 18:00:00+01:00,252.39615605542136
2017-05-16 19:00:00+01:00,264.4606210746839
2017-05-16 20:00:00+01:00,277.8740776208919
2017-05-16 21:00:00+01:00,285.5894558931931
2017-05-16 22:00:00+01:00,286.57066234142417
2017-05-16 23:00:00+01:00,282.9973233802485
2017-05-17 00:00:00+01:00,275.5638903751619
2017-05-17 01:00:00+01:00,274.27043481115965
2017-05-17 02:00:00+01:00,275.03358506139364
2017-05-17 03:00:00+01:00,269.2176410285837
2017-05-17 04:00:00+01:00,266.13704950994025
2017-05-17 05:00:00+01:00,266.8641153220944
2017-05-17 06:00:00+01:00,286.062064839375
2017-05-17 07:00:00+01:00,323.4199741872949
2017-05-17 08:00:00+01:00,335.39661932022005
2017-05-17 09:00:00+01:00,337.5560756397248
2017-05-17 10:00:00+01:00,329.9593839226775
2017-05-17 11:00:00+01:00,323.1349782708967
2017-05-17 12:00:00+01:00,324.952356663275
2017-05-17 13:00:00+01:00,327.9645934616293
2017-05-17 14:00:00+01:00,342.09787499672325
2017-05-17 15:00:00+01:00,357.6694359783633
2017-05-17 16:00:00+01:00,354.2028114669664
2017-05-17 17:00:00+01:00,355.90697935957917
2017-05-17 18:00:00+01:00,350.13648675212914
2017-05-17 19:00:00+01:00,359.7895722755109
2017-05-17 20:00:00+01:00,353.3572217374575
2017-05-17 21:00:00+01:00,351.45816647413994
2017-05-17 22:00:00+01:00,339.037187049957
2017-05-17 23:00:00+01:00,318.2652721144813
2017-05-18 00:00:00+01:00,297.7352234346256
2017-05-18 01:00:00+01:00,289.00246485046347
2017-05-18 02:00:00+01:00,290.97989943366133
2017-05-18 03:00:00+01:00,288.52777246508646
2017-05-18 04:00:00+01:00,283.58891240652014
2017-05-18 05:00:00+01:00,283.40491519110043
2017-05-18 06:00:00+01:00,287.64101279947425
2017-05-18 07:00:00+01:00,315.6659350245452
2017-05-18 08:00:00+01:00,319.06465969177447
2017-05-18 09:00:00+01:00,301.4126201308069
2017-05-18 10:00:00+01:00,291.37860893755175
2017-05-18 11:00:00+01:00,292.95119978078355
2017-05-18 12:00:00+01:00,293.38967318923085
2017-05-18 13:00:00+01:00,295.3443959364784
2017-05-18 14:00:00+01:00,299.1264101737303
2017-05-18 15:00:00+01:00,305.3072758036753
2017-05-18 16:00:00+01:00,318.8733592966472
2017-05-18 17:00:00+01:00,335.41733030159304
2017-05-18 18:00:00+01:00,339.36192061380245
2017-05-18 19:00:00+01:00,347.2175385953952
2017-05-18 20:00:00+01:00,347.0793582710878
2017-05-18 21:00:00+01:00,341.847637822615
2017-05-18 22:00:00+01:00,313.1631388292196
2017-05-18 23:00:00+01:00,293.8787862802792
2017-05-19 00:00:00+01:00,278.160416733908
2017-05-19 01:00:00+01:00,261.7925558359681
2017-05-19 02:00:00+01:00,256.5934243963686
2017-05-19 03:00:00+01:00,245.73215666630523
2017-05-19 04:00:00+01:00,237.66070752369808
2017-05-19 05:00:00+01:00,236.50807357717568
2017-05-19 06:00:00+01:00,244.08715572812517
2017-05-19 07:00:00+01:00,278.2267696594643
2017-05-19 08:00:00+01:00,297.46234101850405
2017-05-19 09:00:00+01:00,292.6651718944467
2017-05-19 10:00:00+01:00,293.1635789571772
2017-05-19 11:00:00+01:00,291.80856024511655
2017-05-19 12:00:00+01:00,276.4314844113436
2017-05-19 13:00:00+01:00,274.4811363730315
2017-05-19 14:00:00+01:00,267.90556770488007
2017-05-19 15:00:00+01:00,266.65303782773526
2017-05-19 16:00:00+01:00,276.44617729684734
2017-05-19 17:00:00+01:00,291.23034671498743
2017-05-19 18:00:00+01:00,303.13967400752426
2017-05-19 19:00:00+01:00,316.4563117543565
2017-05-19 20:00:00+01:00,320.64386756360835
2017-05-19 21:00:00+01:00,323.9389843882233
2017-05-19 22:00:00+01:00,313.40463359148345
2017-05-19 23:00:00+01:00,302.96348860007924
2017-05-20 00:00:00+01:00,273.48362517503773
2017-05-20 01:00:00+01:00,259.1382840805431
2017-05-20 02:00:00+01:00,261.02744664276076
2017-05-20 03:00:00+01:00,260.2765983911551
2017-05-20 04:00:00+01:00,252.4373302568448
2017-05-20 05:00:00+01:00,239.24686243108474
2017-05-20 06:00:00+01:00,235.8870819949742
2017-05-20 07:00:00+01:00,238.36980344823718
2017-05-20 08:00:00+01:00,235.45260192249702
2017-05-20 09:00:00+01:00,234.24890916912926
2017-05-20 10:00:00+01:00,225.6494523901341
2017-05-20 11:00:00+01:00,223.39750130317094
2017-05-20 12:00:00+01:00,209.5659155809633
2017-05-20 13:00:00+01:00,198.1757594083165
2017-05-20 14:00:00+01:00,191.2790550262783
2017-05-20 15:00:00+01:00,177.89338926831354
2017-05-20 16:00:00+01:00,171.70249908966198
2017-05-20 17:00:00+01:00,183.96053578549166
2017-05-20 18:00:00+01:00,199.4794906521423
2017-05-20 19:00:00+01:00,216.41926287874796
2017-05-20 20:00:00+01:00,229.9844575040467
2017-05-20 21:00:00+01:00,232.13561546626298
2017-05-20 22:00:00+01:00,235.79202238569485
2017-05-20 23:00:00+01:00,210.77391046001546
2017-05-21 00:00:00+01:00,179.2728625973971
2017-05-21 01:00:00+01:00,178.4716909959111
2017-05-21 02:00:00+01:00,182.24071444134415
2017-05-21 03:00:00+01:00,186.95268106402105
2017-05-21 04:00:00+01:00,191.05854602742653
2017-05-21 05:00:00+01:00,189.80915079847517
2017-05-21 06:00:00+01:00,183.988145853856
2017-05-21 07:00:00+01:00,180.58994131982217
2017-05-21 08:00:00+01:00,168.79052285707579
2017-05-21 09:00:00+01:00,170.51529356531842
2017-05-21 10:00:00+01:00,164.151782819868
2017-05-21 11:00:00+01:00,164.10252861414432
2017-05-21 12:00:00+01:00,158.87247464945838
2017-05-21 13:00:00+01:00,151.7539759321668
2017-05-21 14:00:00+01:00,143.96158601558872
2017-05-21 15:00:00+01:00,139.56633576589618
2017-05-21 16:00:00+01:00,145.76377738277623
2017-05-21 17:00:00+01:00,171.61946031485752
2017-05-21 18:00:00+01:00,193.53156125479578
2017-05-21 19:00:00+01:00,211.22357917358417
2017-05-21 20:00:00+01:00,227.91676779872446
2017-05-21 21:00:00+01:00,225.21579722060702
2017-05-21 22:00:00+01:00,221.1232556755994
2017-05-21 23:00:00+01:00,194.86363025073524
2017-05-22 00:00:00+01:00,173.82108047892729
2017-05-22 01:00:00+01:00,171.74677045168457
2017-05-22 02:00:00+01:00,174.8618453432863
2017-05-22 03:00:00+01:00,170.98532694448596
2017-05-22 04:00:00+01:00,180.14252603671864
2017-05-22 05:00:00+01:00,185.00189537411748
2017-05-22 06:00:00+01:00,190.4655793012476
2017-05-22 07:00:00+01:00,225.20180723590107
2017-05-22 08:00:00+01:00,240.51061026386756
2017-05-22 09:00:00+01:00,234.88333796520618
2017-05-22 10:00:00+01:00,234.2885794686044
2017-05-22 11:00:00+01:00,206.9177535095643
2017-05-22 12:00:00+01:00,190.1488853570338
2017-05-22 13:00:00+01:00,183.57158279136158
2017-05-22 14:00:00+01:00,170.40660348592488
2017-05-22 15:00:00+01:00,174.27509743323554
2017-05-22 16:00:00+01:00,187.0249446962844
2017-05-22 17:00:00+01:00,217.94865410760303
2017-05-22 18:00:00+01:00,236.0912562340801
2017-05-22 19:00:00+01:00,247.13293112291396
2017-05-22 20:00:00+01:00,252.52774308190806
2017-05-22 21:00:00+01:00,247.16724430904665
2017-05-22 22:00:00+01:00,250.20345369091902
2017-05-22 23:00:00+01:00,235.76428268126685
2017-05-23 00:00:00+01:00,208.23191393895019
2017-05-23 01:00:00+01:00,198.16047157931806
2017-05-23 02:00:00+01:00,208.93507416836087
2017-05-23 03:00:00+01:00,207.65060888688146
2017-05-23 04:00:00+01:00,203.3351434190793
2017-05-23 05:00:00+01:00,196.3910819728652
2017-05-23 06:00:00+01:00,202.8091500811996
2017-05-23 07:00:00+01:00,251.97830282767148
2017-05-23 08:00:00+01:00,272.2450097084804
2017-05-23 09:00:00+01:00,263.8750522137298
2017-05-23 10:00:00+01:00,259.7567567664956
2017-05-23 11:00:00+01:00,256.229428544478
2017-05-23 12:00:00+01:00,250.3941498160427
2017-05-23 13:00:00+01:00,243.67653548705647
2017-05-23 14:00:00+01:00,234.88033389420352
2017-05-23 15:00:00+01:00,232.33619797659262
2017-05-23 16:00:00+01:00,238.06891005144195
2017-05-23 17:00:00+01:00,253.7383034574064
2017-05-23 18:00:00+01:00,263.8530731809387
2017-05-23 19:00:00+01:00,271.9858504133684
2017-05-23 20:00:00+01:00,278.25032478313835
2017-05-23 21:00:00+01:00,276.9806464649927
2017-05-23 22:00:00+01:00,271.3327078659886
2017-05-23 23:00:00+01:00,249.47705369415257
2017-05-24 00:00:00+01:00,214.3936918280914
2017-05-24 01:00:00+01:00,209.41340171544024
2017-05-24 02:00:00+01:00,195.51764261425336
2017-05-24 03:00:00+01:00,188.51924080296465
2017-05-24 04:00:00+01:00,193.683328556721
2017-05-24 05:00:00+01:00,208.71801061898694
2017-05-24 06:00:00+01:00,229.00605167373897
2017-05-24 07:00:00+01:00,267.6691690010057
2017-05-24 08:00:00+01:00,281.06452229953203
2017-05-24 09:00:00+01:00,258.318484390997
2017-05-24 10:00:00+01:00,256.88161481088247
2017-05-24 11:00:00+01:00,245.38930349691412
2017-05-24 12:00:00+01:00,240.37634184656795
2017-05-24 13:00:00+01:00,232.19334810400778
2017-05-24 14:00:00+01:00,230.76851279251792
2017-05-24 15:00:00+01:00,247.4406459220935
2017-05-24 16:00:00+01:00,258.9522658952395
2017-05-24 17:00:00+01:00,268.3255215558426
2017-05-24 18:00:00+01:00,280.553467659942
2017-05-24 19:00:00+01:00,290.1333664550609
2017-05-24 20:00:00+01:00,300.5644435415893
2017-05-24 21:00:00+01:00,305.30298949406387
2017-05-24 22:00:00+01:00,306.5270770505833
2017-05-24 23:00:00+01:00,296.01574119321367
2017-05-25 00:00:00+01:00,273.73638862641667
2017-05-25 01:00:00+01:00,273.23617828008383
2017-05-25 02:00:00+01:00,272.33832685931395
2017-05-25 03:00:00+01:00,270.7136299496743
2017-05-25 04:00:00+01:00,264.380302473587
2017-05-25 05:00:00+01:00,256.78461907592265
2017-05-25 06:00:00+01:00,278.44869526926317
2017-05-25 07:00:00+01:00,289.536703507597
2017-05-25 08:00:00+01:00,276.5348807616864
2017-05-25 09:00:00+01:00,261.5084239789533
2017-05-25 10:00:00+01:00,245.05201314478074
2017-05-25 11:00:00+01:00,229.87096951143332
2017-05-25 12:00:00+01:00,226.75123165091213
2017-05-25 13:00:00+01:00,222.4757707117107
2017-05-25 14:00:00+01:00,221.68124537767784
2017-05-25 15:00:00+01:00,223.02807783708278
2017-05-25 16:00:00+01:00,231.6714846005474
2017-05-25 17:00:00+01:00,246.02691811892907
2017-05-25 18:00:00+01:00,257.85023008762016
2017-05-25 19:00:00+01:00,274.4052301515392
2017-05-25 20:00:00+01:00,284.8537466820615
2017-05-25 21:00:00+01:00,285.7446355564053
2017-05-25 22:00:00+01:00,281.40014258312635
2017-05-25 23:00:00+01:00,267.3549959492718
2017-05-26 00:00:00+01:00,235.38405065489175
2017-05-26 01:00:00+01:00,216.93580253757878
2017-05-26 02:00:00+01:00,218.3560702811641
2017-05-26 03:00:00+01:00,215.13698780119412
2017-05-26 04:00:00+01:00,247.06628055023864
2017-05-26 05:00:00+01:00,211.32809590463134
2017-05-26 06:00:00+01:00,204.41228137434913
2017-05-26 07:00:00+01:00,237.79943562795373
2017-05-26 08:00:00+01:00,227.5111205491648
2017-05-26 09:00:00+01:00,205.42332193305543
2017-05-26 10:00:00+01:00,195.75450183399687
2017-05-26 11:00:00+01:00,177.30255441182112
2017-05-26 12:00:00+01:00,169.12241802496544
2017-05-26 13:00:00+01:00,161.63680191911536
2017-05-26 14:00:00+01:00,159.83165813498212
2017-05-26 15:00:00+01:00,156.20243694733227
2017-05-26 16:00:00+01:00,173.39237396193107
2017-05-26 17:00:00+01:00,193.52860975541716
2017-05-26 18:00:00+01:00,208.3141821240865
2017-05-26 19:00:00+01:00,222.81281642346428
2017-05-26 20:00:00+01:00,232.0840899432489
2017-05-26 21:00:00+01:00,228.56784209864537
2017-05-26 22:00:00+01:00,229.70663908341723
2017-05-26 23:00:00+01:00,205.95425237215
2017-05-27 00:00:00+01:00,178.0202037890272
2017-05-27 01:00:00+01:00,169.9779055751997
2017-05-27 02:00:00+01:00,172.62638747097088
2017-05-27 03:00:00+01:00,189.87386519790013
2017-05-27 04:00:00+01:00,195.54238399583036
2017-05-27 05:00:00+01:00,194.06610750831396
2017-05-27 06:00:00+01:00,193.469914634277
2017-05-27 07:00:00+01:00,192.662184243458
2017-05-27 08:00:00+01:00,203.86919190719993
2017-05-27 09:00:00+01:00,213.2404593898705
2017-05-27 10:00:00+01:00,190.90979513620547
2017-05-27 11:00:00+01:00,192.10804193804788
2017-05-27 12:00:00+01:00,195.03278381161076
2017-05-27 13:00:00+01:00,179.36316413531063
2017-05-27 14:00:00+01:00,159.3448557673623
2017-05-27 15:00:00+01:00,144.7256558428046
2017-05-27 16:00:00+01:00,147.87496268328852
2017-05-27 17:00:00+01:00,173.34715872664643
2017-05-27 18:00:00+01:00,189.35953201103823
2017-05-27 19:00:00+01:00,195.68430408057583
2017-05-27 20:00:00+01:00,195.48848762778368
2017-05-27 21:00:00+01:00,201.51342778148427
2017-05-27 22:00:00+01:00,201.34155465373433
2017-05-27 23:00:00+01:00,184.01427688337344
2017-05-28 00:00:00+01:00,161.3577483957011
2017-05-28 01:00:00+01:00,138.78654741424236
2017-05-28 02:00:00+01:00,136.90606411207344
2017-05-28 03:00:00+01:00,139.78278175669263
2017-05-28 04:00:00+01:00,139.920393948394
2017-05-28 05:00:00+01:00,140.30705022338128
2017-05-28 06:00:00+01:00,148.77600485198525
2017-05-28 07:00:00+01:00,140.56668235258243
2017-05-28 08:00:00+01:00,125.06558824564999
2017-05-28 09:00:00+01:00,142.61620067146296
2017-05-28 10:00:00+01:00,145.18729186398886
2017-05-28 11:00:00+01:00,145.3945895689
2017-05-28 12:00:00+01:00,153.09312781574695
2017-05-28 13:00:00+01:00,161.57120474900805
2017-05-28 14:00:00+01:00,171.4928509984542
2017-05-28 15:00:00+01:00,174.16494568537345
2017-05-28 16:00:00+01:00,199.32686018409322
2017-05-28 17:00:00+01:00,227.90559930268225
2017-05-28 18:00:00+01:00,237.1436441008162
2017-05-28 19:00:00+01:00,241.61346105652413
2017-05-28 20:00:00+01:00,250.15225328307503
2017-05-28 21:00:00+01:00,253.7660206367823
2017-05-28 22:00:00+01:00,245.41751106223745
2017-05-28 23:00:00+01:00,240.47546608100086
2017-05-29 00:00:00+01:00,221.71824045730284
2017-05-29 01:00:00+01:00,204.45530558406924
2017-05-29 02:00:00+01:00,214.4274157136217
2017-05-29 03:00:00+01:00,198.11933980904274
2017-05-29 04:00:00+01:00,198.63169083324027
2017-05-29 05:00:00+01:00,193.87375562103182
2017-05-29 06:00:00+01:00,216.38629288108802
2017-05-29 07:00:00+01:00,227.0431129170039
2017-05-29 08:00:00+01:00,227.7481675230144
2017-05-29 09:00:00+01:00,229.34764013950488
2017-05-29 10:00:00+01:00,219.55353146555584
2017-05-29 11:00:00+01:00,222.15798690782398
2017-05-29 12:00:00+01:00,226.68758206322056
2017-05-29 13:00:00+01:00,234.27965202066576
2017-05-29 14:00:00+01:00,240.49967610666727
2017-05-29 15:00:00+01:00,248.5140932495338
2017-05-29 16:00:00+01:00,258.42056970275974
2017-05-29 17:00:00+01:00,269.9712921570594
2017-05-29 18:00:00+01:00,273.87698088805104
2017-05-29 19:00:00+01:00,290.7427439323139
2017-05-29 20:00:00+01:00,283.448369433116
2017-05-29 21:00:00+01:00,285.35695578990607
2017-05-29 22:00:00+01:00,278.22170435425556
2017-05-29 23:00:00+01:00,262.2394779423443
2017-05-30 00:00:00+01:00,229.05600730605676
2017-05-30 01:00:00+01:00,216.40487201732716
2017-05-30 02:00:00+01:00,226.67222379751638
2017-05-30 03:00:00+01:00,226.04570150213559
2017-05-30 04:00:00+01:00,228.94965929218884
2017-05-30 05:00:00+01:00,225.51967073589586
2017-05-30 06:00:00+01:00,252.35743468483716
2017-05-30 07:00:00+01:00,266.1603425189192
2017-05-30 08:00:00+01:00,263.5396492260397
2017-05-30 09:00:00+01:00,259.4739231630217
2017-05-30 10:00:00+01:00,247.98178145310715
2017-05-30 11:00:00+01:00,240.11130320649042
2017-05-30 12:00:00+01:00,229.54523230949007
2017-05-30 13:00:00+01:00,218.84877578707895
2017-05-30 14:00:00+01:00,236.35455035333723
2017-05-30 15:00:00+01:00,229.40114292221907
2017-05-30 16:00:00+01:00,229.33858345224405
2017-05-30 17:00:00+01:00,215.98393546154242
2017-05-30 18:00:00+01:00,228.78130898317335
2017-05-30 19:00:00+01:00,235.8266337211825
2017-05-30 20:00:00+01:00,243.06493726999113
2017-05-30 21:00:00+01:00,246.92020351351476
2017-05-30 22:00:00+01:00,244.84448525127962
2017-05-30 23:00:00+01:00,236.59354705026766
2017-05-31 00:00:00+01:00,227.87564515667611
2017-05-31 01:00:00+01:00,211.9747590563785
2017-05-31 02:00:00+01:00,218.59990185502355
2017-05-31 03:00:00+01:00,213.29804480596115
2017-05-31 04:00:00+01:00,218.48782649036403
2017-05-31 05:00:00+01:00,212.60963768927348
2017-05-31 06:00:00+01:00,228.9232005885919
2017-05-31 07:00:00+01:00,268.2561332077235
2017-05-31 08:00:00+01:00,278.5680051997539
2017-05-31 09:00:00+01:00,271.52833029812484
2017-05-31 10:00:00+01:00,258.5199956191876
2017-05-31 11:00:00+01:00,248.27095606141825
2017-05-31 12:00:00+01:00,243.45463266765705
2017-05-31 13:00:00+01:00,241.51537197240484
2017-05-31 14:00:00+01:00,243.67918613762328
2017-05-31 15:00:00+01:00,243.91539128416457
2017-05-31 16:00:00+01:00,239.75381966692402
2017-05-31 17:00:00+01:00,252.2026842700062
2017-05-31 18:00:00+01:00,267.34755424592475
2017-05-31 19:00:00+01:00,274.58373419051793
2017-05-31 20:00:00+01:00,292.711898578653
2017-05-31 21:00:00+01:00,291.71994845633355
2017-05-31 22:00:00+01:00,285.7282853943616
2017-05-31 23:00:00+01:00,254.84306956120125
2017-06-01 00:00:00+01:00,217.5275001782556
2017-06-01 01:00:00+01:00,201.6678043536814
2017-06-01 02:00:00+01:00,211.88637648600294
2017-06-01 03:00:00+01:00,223.3222221567083
2017-06-01 04:00:00+01:00,229.4115724153632
2017-06-01 05:00:00+01:00,226.45552827743936
2017-06-01 06:00:00+01:00,207.4045107254221
2017-06-01 07:00:00+01:00,219.28171970588963
2017-06-01 08:00:00+01:00,225.45827229134233
2017-06-01 09:00:00+01:00,222.1548848361594
2017-06-01 10:00:00+01:00,200.76153208727266
2017-06-01 11:00:00+01:00,196.71361381778385
2017-06-01 12:00:00+01:00,190.7344476753075
2017-06-01 13:00:00+01:00,194.04234573442488
2017-06-01 14:00:00+01:00,186.14511657476382
2017-06-01 15:00:00+01:00,183.5492180264242
2017-06-01 16:00:00+01:00,202.5882833272908
2017-06-01 17:00:00+01:00,222.4567250772418
2017-06-01 18:00:00+01:00,236.9063674372466
2017-06-01 19:00:00+01:00,251.45686191551744
2017-06-01 20:00:00+01:00,259.80939296559467
2017-06-01 21:00:00+01:00,258.52023544393757
2017-06-01 22:00:00+01:00,274.03811733030176
2017-06-01 23:00:00+01:00,267.2273032680034
2017-06-02 00:00:00+01:00,253.11247204176402
2017-06-02 01:00:00+01:00,244.8055073860671
2017-06-02 02:00:00+01:00,248.47518308328083
2017-06-02 03:00:00+01:00,257.6706999005992
2017-06-02 04:00:00+01:00,263.51233651864356
2017-06-02 05:00:00+01:00,267.81812139680545
2017-06-02 06:00:00+01:00,276.083646146872
2017-06-02 07:00:00+01:00,284.4263602496574
2017-06-02 08:00:00+01:00,282.79913579217356
2017-06-02 09:00:00+01:00,284.8989655400408
2017-06-02 10:00:00+01:00,280.38328969884014
2017-06-02 11:00:00+01:00,276.3029649027191
2017-06-02 12:00:00+01:00,271.7508309459211
2017-06-02 13:00:00+01:00,270.6573432694382
2017-06-02 14:00:00+01:00,269.7892804670371
2017-06-02 15:00:00+01:00,276.37230110344206
2017-06-02 16:00:00+01:00,269.9440675405488
2017-06-02 17:00:00+01:00,272.62518122713556
2017-06-02 18:00:00+01:00,282.71555606192805
2017-06-02 19:00:00+01:00,292.00692609300904
2017-06-02 20:00:00+01:00,291.9864929090243
2017-06-02 21:00:00+01:00,291.6528624430774
2017-06-02 22:00:00+01:00,293.59833299987696
2017-06-02 23:00:00+01:00,277.1055176916389
2017-06-03 00:00:00+01:00,253.33398539338282
2017-06-03 01:00:00+01:00,244.90968980275528
2017-06-03 02:00:00+01:00,236.78137629960113
2017-06-03 03:00:00+01:00,234.59974239763204
2017-06-03 04:00:00+01:00,234.91409402898012
2017-06-03 05:00:00+01:00,234.45586187004568
2017-06-03 06:00:00+01:00,225.0616943234493
2017-06-03 07:00:00+01:00,219.39979553712539
2017-06-03 08:00:00+01:00,201.4588467153844
2017-06-03 09:00:00+01:00,201.33853512913282
2017-06-03 10:00:00+01:00,187.05946611009168
2017-06-03 11:00:00+01:00,174.12282747974433
2017-06-03 12:00:00+01:00,164.75449889896285
2017-06-03 13:00:00+01:00,165.72360720878703
2017-06-03 14:00:00+01:00,158.2871860303766
2017-06-03 15:00:00+01:00,163.1973263529426
2017-06-03 16:00:00+01:00,159.22767265137898
2017-06-03 17:00:00+01:00,168.52405812419642
2017-06-03 18:00:00+01:00,184.51953338461107
2017-06-03 19:00:00+01:00,199.55817360884123
2017-06-03 20:00:00+01:00,214.17088475572004
2017-06-03 21:00:00+01:00,209.02127452554717
2017-06-03 22:00:00+01:00,217.95692662104966
2017-06-03 23:00:00+01:00,226.64359372250533
2017-06-04 00:00:00+01:00,204.9136627402544
2017-06-04 01:00:00+01:00,169.22637706514607
2017-06-04 02:00:00+01:00,165.94911937946392
2017-06-04 03:00:00+01:00,165.79171157143355
2017-06-04 04:00:00+01:00,165.59771359785447
2017-06-04 05:00:00+01:00,169.2848630057896
2017-06-04 06:00:00+01:00,164.59343536431575
2017-06-04 07:00:00+01:00,162.38144628391956
2017-06-04 08:00:00+01:00,149.7124338728093
2017-06-04 09:00:00+01:00,146.6862632163631
2017-06-04 10:00:00+01:00,146.7130511517443
2017-06-04 11:00:00+01:00,152.97212168300075
2017-06-04 12:00:00+01:00,158.77233053329257
2017-06-04 13:00:00+01:00,154.3955516365149
2017-06-04 14:00:00+01:00,145.4294489113704
2017-06-04 15:00:00+01:00,157.4229104771772
2017-06-04 16:00:00+01:00,163.95766980927078
2017-06-04 17:00:00+01:00,175.32400434740674
2017-06-04 18:00:00+01:00,191.0867041802938
2017-06-04 19:00:00+01:00,205.57905380482933
2017-06-04 20:00:00+01:00,232.42933909996407
2017-06-04 21:00:00+01:00,213.1113032813966
2017-06-04 22:00:00+01:00,210.23702608739566
2017-06-04 23:00:00+01:00,192.60220755353154
2017-06-05 00:00:00+01:00,165.34315961646496
2017-06-05 01:00:00+01:00,154.38128028998136
2017-06-05 02:00:00+01:00,158.2427906010035
2017-06-05 03:00:00+01:00,157.17780402785579
2017-06-05 04:00:00+01:00,154.86593291706495
2017-06-05 05:00:00+01:00,158.58815406518806
2017-06-05 06:00:00+01:00,163.98355082813805
2017-06-05 07:00:00+01:00,202.5491638043573
2017-06-05 08:00:00+01:00,202.9550253102559
2017-06-05 09:00:00+01:00,203.99930957708762
2017-06-05 10:00:00+01:00,214.78343944948173
2017-06-05 11:00:00+01:00,234.10397010167756
2017-06-05 12:00:00+01:00,212.10120739452847
2017-06-05 13:00:00+01:00,211.83119712864186
2017-06-05 14:00:00+01:00,218.56432370840977
2017-06-05 15:00:00+01:00,230.50294457300856
2017-06-05 16:00:00+01:00,237.21244248339738
2017-06-05 17:00:00+01:00,247.19978690796341
2017-06-05 18:00:00+01:00,261.4959405529334
2017-06-05 19:00:00+01:00,259.00921208478894
2017-06-05 20:00:00+01:00,251.45139297048854
2017-06-05 21:00:00+01:00,239.32102047301976
2017-06-05 22:00:00+01:00,212.25528983682034
2017-06-05 23:00:00+01:00,179.85739067177883
2017-06-06 00:00:00+01:00,142.85784564381512
2017-06-06 01:00:00+01:00,149.36790006228392
2017-06-06 02:00:00+01:00,125.87712089419274
2017-06-06 03:00:00+01:00,106.21246132372842
2017-06-06 04:00:00+01:00,107.30021755256021
2017-06-06 05:00:00+01:00,106.2281534825617
2017-06-06 06:00:00+01:00,116.89953648703867
2017-06-06 07:00:00+01:00,155.55587257100106
2017-06-06 08:00:00+01:00,183.23809368529606
2017-06-06 09:00:00+01:00,169.37638788686607
2017-06-06 10:00:00+01:00,170.47160223520203
2017-06-06 11:00:00+01:00,165.16278023118335
2017-06-06 12:00:00+01:00,158.6916945336692
2017-06-06 13:00:00+01:00,150.91430252379232
2017-06-06 14:00:00+01:00,134.73889047750333
2017-06-06 15:00:00+01:00,130.39832415652992
2017-06-06 16:00:00+01:00,132.46787392150767
2017-06-06 17:00:00+01:00,147.45937097225712
2017-06-06 18:00:00+01:00,153.4515262777036
2017-06-06 19:00:00+01:00,162.75168013998126
2017-06-06 20:00:00+01:00,159.73483864971573
2017-06-06 21:00:00+01:00,150.98226770487707
2017-06-06 22:00:00+01:00,143.10308554592055
2017-06-06 23:00:00+01:00,117.12823927626191
2017-06-07 00:00:00+01:00,115.19006239644487
2017-06-07 01:00:00+01:00,116.42911746377696
2017-06-07 02:00:00+01:00,106.99123437180178
2017-06-07 03:00:00+01:00,111.72366540621788
2017-06-07 04:00:00+01:00,114.29992580617612
2017-06-07 05:00:00+01:00,112.12155797232785
2017-06-07 06:00:00+01:00,146.48493592612408
2017-06-07 07:00:00+01:00,142.17240098567555
2017-06-07 08:00:00+01:00,153.63305203227165
2017-06-07 09:00:00+01:00,136.63807763559754
2017-06-07 10:00:00+01:00,128.7879779449568
2017-06-07 11:00:00+01:00,119.33783528110354
2017-06-07 12:00:00+01:00,113.98598939041739
2017-06-07 13:00:00+01:00,109.51936192524003
2017-06-07 14:00:00+01:00,112.3110745563461
2017-06-07 15:00:00+01:00,125.29939824164647
2017-06-07 16:00:00+01:00,146.5895518454138
2017-06-07 17:00:00+01:00,182.26711423620546
2017-06-07 18:00:00+01:00,206.53743245663813
2017-06-07 19:00:00+01:00,224.92330887706086
2017-06-07 20:00:00+01:00,233.84653147574278
2017-06-07 21:00:00+01:00,238.97163076404397
2017-06-07 22:00:00+01:00,228.41861866945848
2017-06-07 23:00:00+01:00,220.319608714457
2017-06-08 00:00:00+01:00,209.81936752142028
2017-06-08 01:00:00+01:00,191.17297038857274
2017-06-08 02:00:00+01:00,179.8628524184632
2017-06-08 03:00:00+01:00,189.11465591108296
2017-06-08 04:00:00+01:00,182.9725672538375
2017-06-08 05:00:00+01:00,179.42405438960537
2017-06-08 06:00:00+01:00,188.82549213999494
2017-06-08 07:00:00+01:00,226.43460182986902
2017-06-08 08:00:00+01:00,241.89999417913626
2017-06-08 09:00:00+01:00,244.49465244015929
2017-06-08 10:00:00+01:00,236.54199211179184
2017-06-08 11:00:00+01:00,219.5325732585144
2017-06-08 12:00:00+01:00,211.24132861990984
2017-06-08 13:00:00+01:00,201.43837920770835
2017-06-08 14:00:00+01:00,191.58213964551948
2017-06-08 15:00:00+01:00,184.13090343615474
2017-06-08 16:00:00+01:00,185.31084330228458
2017-06-08 17:00:00+01:00,189.1114818800391
2017-06-08 18:00:00+01:00,201.25550319591693
2017-06-08 19:00:00+01:00,202.48416725025461
2017-06-08 20:00:00+01:00,199.9120624043338
2017-06-08 21:00:00+01:00,205.58474175983932
2017-06-08 22:00:00+01:00,202.4634077830894
2017-06-08 23:00:00+01:00,190.63896576316483
2017-06-09 00:00:00+01:00,176.46860586867857
2017-06-09 01:00:00+01:00,174.93649696184588
2017-06-09 02:00:00+01:00,179.39137897765175
2017-06-09 03:00:00+01:00,166.5581037298319
2017-06-09 04:00:00+01:00,170.7317823661342
2017-06-09 05:00:00+01:00,161.7396498169581
2017-06-09 06:00:00+01:00,167.8505833885694
2017-06-09 07:00:00+01:00,199.36911641699152
2017-06-09 08:00:00+01:00,205.55211490021347
2017-06-09 09:00:00+01:00,205.177521357578
2017-06-09 10:00:00+01:00,202.6763662031264
2017-06-09 11:00:00+01:00,197.61141214853438
2017-06-09 12:00:00+01:00,194.28896449051317
2017-06-09 13:00:00+01:00,188.6240334297373
2017-06-09 14:00:00+01:00,187.20880777944996
2017-06-09 15:00:00+01:00,183.33938387600955
2017-06-09 16:00:00+01:00,195.4026028287248
2017-06-09 17:00:00+01:00,209.97551196491077
2017-06-09 18:00:00+01:00,227.8444263894084
2017-06-09 19:00:00+01:00,237.4672922980758
2017-06-09 20:00:00+01:00,241.012002431187
2017-06-09 21:00:00+01:00,241.87715453560148
2017-06-09 22:00:00+01:00,245.23241556193668
2017-06-09 23:00:00+01:00,232.7630532036981
2017-06-10 00:00:00+01:00,201.12240411700415
2017-06-10 01:00:00+01:00,199.79776284259228
2017-06-10 02:00:00+01:00,185.32139189829144
2017-06-10 03:00:00+01:00,168.64907188913293
2017-06-10 04:00:00+01:00,157.9165784446612
2017-06-10 05:00:00+01:00,139.09761616044872
2017-06-10 06:00:00+01:00,141.62622315217808
2017-06-10 07:00:00+01:00,129.9476918395908
2017-06-10 08:00:00+01:00,133.53691794247206
2017-06-10 09:00:00+01:00,146.01945847121428
2017-06-10 10:00:00+01:00,136.35326251846078
2017-06-10 11:00:00+01:00,127.78046848705392
2017-06-10 12:00:00+01:00,112.30028196792784
2017-06-10 13:00:00+01:00,110.89795251278495
2017-06-10 14:00:00+01:00,111.02103149694096
2017-06-10 15:00:00+01:00,109.49207251031055
2017-06-10 16:00:00+01:00,111.85652538804987
2017-06-10 17:00:00+01:00,135.6268532985992
2017-06-10 18:00:00+01:00,146.82527206359822
2017-06-10 19:00:00+01:00,149.38027007865762
2017-06-10 20:00:00+01:00,146.37428185913518
2017-06-10 21:00:00+01:00,150.35471947040944
2017-06-10 22:00:00+01:00,158.4788105877574
2017-06-10 23:00:00+01:00,159.50850772870396
2017-06-11 00:00:00+01:00,131.73443082819676
2017-06-11 01:00:00+01:00,134.26180580773521
2017-06-11 02:00:00+01:00,138.5375772825479
2017-06-11 03:00:00+01:00,144.31427635015578
2017-06-11 04:00:00+01:00,144.79596085928486
2017-06-11 05:00:00+01:00,135.91047517007306
2017-06-11 06:00:00+01:00,134.0253697296321
2017-06-11 07:00:00+01:00,138.6812497961411
2017-06-11 08:00:00+01:00,107.406276775722
2017-06-11 09:00:00+01:00,113.35597606910797
2017-06-11 10:00:00+01:00,113.08951172848003
2017-06-11 11:00:00+01:00,99.96177156173718
2017-06-11 12:00:00+01:00,97.16759793283595
2017-06-11 13:00:00+01:00,96.71577943640973
2017-06-11 14:00:00+01:00,91.90609865386307
2017-06-11 15:00:00+01:00,85.4903803125339
2017-06-11 16:00:00+01:00,86.0648397095234
2017-06-11 17:00:00+01:00,98.66787103847597
2017-06-11 18:00:00+01:00,111.02047337344604
2017-06-11 19:00:00+01:00,123.83702686617437
2017-06-11 20:00:00+01:00,127.99983204835678
2017-06-11 21:00:00+01:00,126.31429719647137
2017-06-11 22:00:00+01:00,132.63932507281945
2017-06-11 23:00:00+01:00,121.05929592912084
2017-06-12 00:00:00+01:00,107.83525781140962
2017-06-12 01:00:00+01:00,105.39603110391637
2017-06-12 02:00:00+01:00,126.31922385712491
2017-06-12 03:00:00+01:00,130.81878566700527
2017-06-12 04:00:00+01:00,126.81985352176545
2017-06-12 05:00:00+01:00,126.65296995213721
2017-06-12 06:00:00+01:00,133.4756983802455
2017-06-12 07:00:00+01:00,165.50379999317434
2017-06-12 08:00:00+01:00,169.5290003042646
2017-06-12 09:00:00+01:00,161.49235987593215
2017-06-12 10:00:00+01:00,165.49360413451583
2017-06-12 11:00:00+01:00,169.17537885035648
2017-06-12 12:00:00+01:00,168.99336897843386
2017-06-12 13:00:00+01:00,174.64599839757713
2017-06-12 14:00:00+01:00,176.3598762145322
2017-06-12 15:00:00+01:00,165.72938711747096
2017-06-12 16:00:00+01:00,183.4140291144017
2017-06-12 17:00:00+01:00,206.42794994320334
2017-06-12 18:00:00+01:00,220.61266924092325
2017-06-12 19:00:00+01:00,232.53978748289592
2017-06-12 20:00:00+01:00,235.19717671113486
2017-06-12 21:00:00+01:00,244.8710900635342
2017-06-12 22:00:00+01:00,247.27562478090496
2017-06-12 23:00:00+01:00,246.73265914627058
2017-06-13 00:00:00+01:00,213.2564369099683
2017-06-13 01:00:00+01:00,207.511348083018
2017-06-13 02:00:00+01:00,208.2616274690306
2017-06-13 03:00:00+01:00,205.1950188638736
2017-06-13 04:00:00+01:00,199.61955694252555
2017-06-13 05:00:00+01:00,199.3187345804474
2017-06-13 06:00:00+01:00,213.39214430435752
2017-06-13 07:00:00+01:00,260.1172823109845
2017-06-13 08:00:00+01:00,266.0438014586508
2017-06-13 09:00:00+01:00,257.39009267602074
2017-06-13 10:00:00+01:00,246.80857122517037
2017-06-13 11:00:00+01:00,233.84279909561502
2017-06-13 12:00:00+01:00,234.96592656493502
2017-06-13 13:00:00+01:00,238.7712198571222
2017-06-13 14:00:00+01:00,237.36752988417626
2017-06-13 15:00:00+01:00,239.45795599210987
2017-06-13 16:00:00+01:00,250.52373196357576
2017-06-13 17:00:00+01:00,257.1888397713736
2017-06-13 18:00:00+01:00,265.71227197278137
2017-06-13 19:00:00+01:00,269.9030525847509
2017-06-13 20:00:00+01:00,281.81343501552266
2017-06-13 21:00:00+01:00,283.8174136436207
2017-06-13 22:00:00+01:00,284.34143316301225
2017-06-13 23:00:00+01:00,264.85544945589993
2017-06-14 00:00:00+01:00,240.02700621047273
2017-06-14 01:00:00+01:00,215.97637883505882
2017-06-14 02:00:00+01:00,223.0457812108828
2017-06-14 03:00:00+01:00,225.63959212217551
2017-06-14 04:00:00+01:00,225.69580841680136
2017-06-14 05:00:00+01:00,220.683004170863
2017-06-14 06:00:00+01:00,223.26648408659224
2017-06-14 07:00:00+01:00,243.480022972641
2017-06-14 08:00:00+01:00,237.74337749796834
2017-06-14 09:00:00+01:00,226.67300067087064
2017-06-14 10:00:00+01:00,216.91743487644254
2017-06-14 11:00:00+01:00,209.922642659983
2017-06-14 12:00:00+01:00,211.14021432738386
2017-06-14 13:00:00+01:00,210.8641191150752
2017-06-14 14:00:00+01:00,208.83613391531637
2017-06-14 15:00:00+01:00,204.4318260236088
2017-06-14 16:00:00+01:00,205.2781593754023
2017-06-14 17:00:00+01:00,217.1975943047328
2017-06-14 18:00:00+01:00,224.46475897263386
2017-06-14 19:00:00+01:00,238.8922759471788
2017-06-14 20:00:00+01:00,245.7557681176529
2017-06-14 21:00:00+01:00,243.2288906155391
2017-06-14 22:00:00+01:00,228.50616289862057
2017-06-14 23:00:00+01:00,230.22348688103878
2017-06-15 00:00:00+01:00,164.76429179179013
2017-06-15 01:00:00+01:00,148.10432881716423
2017-06-15 02:00:00+01:00,159.08224772310012
2017-06-15 03:00:00+01:00,166.3801641775127
2017-06-15 04:00:00+01:00,162.95162997117288
2017-06-15 05:00:00+01:00,159.7162220836169
2017-06-15 06:00:00+01:00,166.84491708943887
2017-06-15 07:00:00+01:00,191.2251972593554
2017-06-15 08:00:00+01:00,198.63772336714993
2017-06-15 09:00:00+01:00,179.9784026543093
2017-06-15 10:00:00+01:00,169.09036461215342
2017-06-15 11:00:00+01:00,167.7261496574562
2017-06-15 12:00:00+01:00,164.3306022691772
2017-06-15 13:00:00+01:00,152.1914709092152
2017-06-15 14:00:00+01:00,143.6589262456095
2017-06-15 15:00:00+01:00,126.55739929293642
2017-06-15 16:00:00+01:00,138.5813745487949
2017-06-15 17:00:00+01:00,154.32390886581666
2017-06-15 18:00:00+01:00,166.91969110020207
2017-06-15 19:00:00+01:00,171.6132329296315
2017-06-15 20:00:00+01:00,181.2655274727114
2017-06-15 21:00:00+01:00,190.1422499669421
2017-06-15 22:00:00+01:00,184.00568883237813
2017-06-15 23:00:00+01:00,163.59446420793208
2017-06-16 00:00:00+01:00,137.68608597123844
2017-06-16 01:00:00+01:00,124.77665648754987
2017-06-16 02:00:00+01:00,125.65963292648469
2017-06-16 03:00:00+01:00,132.2100084544105
2017-06-16 04:00:00+01:00,129.98491423036887
2017-06-16 05:00:00+01:00,134.7943698166053
2017-06-16 06:00:00+01:00,144.76122656862816
2017-06-16 07:00:00+01:00,184.35414515172235
2017-06-16 08:00:00+01:00,207.297725433656
2017-06-16 09:00:00+01:00,223.37199055712233
2017-06-16 10:00:00+01:00,218.41550325216087
2017-06-16 11:00:00+01:00,216.98383002606286
2017-06-16 12:00:00+01:00,217.48963990784412
2017-06-16 13:00:00+01:00,214.7891048371844
2017-06-16 14:00:00+01:00,218.57773275752697
2017-06-16 15:00:00+01:00,210.81546008066246
2017-06-16 16:00:00+01:00,222.35823699582136
2017-06-16 17:00:00+01:00,231.86000339768833
2017-06-16 18:00:00+01:00,239.83729289395606
2017-06-16 19:00:00+01:00,251.3753667213439
2017-06-16 20:00:00+01:00,258.0003183560269
2017-06-16 21:00:00+01:00,260.73980647518067
2017-06-16 22:00:00+01:00,258.86546984536363
2017-06-16 23:00:00+01:00,247.05525315744788
2017-06-17 00:00:00+01:00,211.07247414225512
2017-06-17 01:00:00+01:00,196.8910231409065
2017-06-17 02:00:00+01:00,190.06827247001902
2017-06-17 03:00:00+01:00,191.67764296547838
2017-06-17 04:00:00+01:00,201.89765833081725
2017-06-17 05:00:00+01:00,200.5489444841721
2017-06-17 06:00:00+01:00,194.40125796212362
2017-06-17 07:00:00+01:00,208.71689217929762
2017-06-17 08:00:00+01:00,205.61000527063268
2017-06-17 09:00:00+01:00,206.5180366954146
2017-06-17 10:00:00+01:00,185.64314019982695
2017-06-17 11:00:00+01:00,174.9441878874254
2017-06-17 12:00:00+01:00,172.05894029747827
2017-06-17 13:00:00+01:00,170.7847100205557
2017-06-17 14:00:00+01:00,164.37602284026676
2017-06-17 15:00:00+01:00,165.57159984298292
2017-06-17 16:00:00+01:00,175.23237039374368
2017-06-17 17:00:00+01:00,188.4612796328455
2017-06-17 18:00:00+01:00,212.05230565406188
2017-06-17 19:00:00+01:00,226.64058313888864
2017-06-17 20:00:00+01:00,244.8611597686237
2017-06-17 21:00:00+01:00,257.1141902644133
2017-06-17 22:00:00+01:00,263.5549290329889
2017-06-17 23:00:00+01:00,267.3221746981357
2017-06-18 00:00:00+01:00,247.26542627819146
2017-06-18 01:00:00+01:00,233.13815851478697
2017-06-18 02:00:00+01:00,232.65265927186036
2017-06-18 03:00:00+01:00,235.96752739442513
2017-06-18 04:00:00+01:00,243.77985429494422
2017-06-18 05:00:00+01:00,236.38917170905182
2017-06-18 06:00:00+01:00,234.50772957685
2017-06-18 07:00:00+01:00,218.4973407329661
2017-06-18 08:00:00+01:00,209.23870642317766
2017-06-18 09:00:00+01:00,210.9537500156705
2017-06-18 10:00:00+01:00,203.78449120232986
2017-06-18 11:00:00+01:00,188.58685195283311
2017-06-18 12:00:00+01:00,189.01606727831384
2017-06-18 13:00:00+01:00,184.6664358872787
2017-06-18 14:00:00+01:00,185.43700870492845
2017-06-18 15:00:00+01:00,188.41020074177814
2017-06-18 16:00:00+01:00,209.71297728186866
2017-06-18 17:00:00+01:00,223.65423884788922
2017-06-18 18:00:00+01:00,236.3479158912076
2017-06-18 19:00:00+01:00,261.193888658
2017-06-18 20:00:00+01:00,270.1255004509523
2017-06-18 21:00:00+01:00,274.16629631186015
2017-06-18 22:00:00+01:00,290.738835270135
2017-06-18 23:00:00+01:00,313.61267948294636
2017-06-19 00:00:00+01:00,296.671766423007
2017-06-19 01:00:00+01:00,283.2792787193289
2017-06-19 02:00:00+01:00,282.966847281933
2017-06-19 03:00:00+01:00,284.6037745446226
2017-06-19 04:00:00+01:00,284.7518410734403
2017-06-19 05:00:00+01:00,280.028486615978
2017-06-19 06:00:00+01:00,299.6054566249095
2017-06-19 07:00:00+01:00,312.62011730132923
2017-06-19 08:00:00+01:00,311.67588890782895
2017-06-19 09:00:00+01:00,299.5173669579047
2017-06-19 10:00:00+01:00,282.7106177022543
2017-06-19 11:00:00+01:00,267.089416914091
2017-06-19 12:00:00+01:00,265.49074011405344
2017-06-19 13:00:00+01:00,262.71346178312064
2017-06-19 14:00:00+01:00,254.65061816108488
2017-06-19 15:00:00+01:00,261.7545599086175
2017-06-19 16:00:00+01:00,271.3503481386087
2017-06-19 17:00:00+01:00,284.6068708266657
2017-06-19 18:00:00+01:00,286.58657639629854
2017-06-19 19:00:00+01:00,308.8464535767335
2017-06-19 20:00:00+01:00,316.353341752121
2017-06-19 21:00:00+01:00,320.40149169195286
2017-06-19 22:00:00+01:00,323.2896735807416
2017-06-19 23:00:00+01:00,312.6282300486549
2017-06-20 00:00:00+01:00,299.84603219651717
2017-06-20 01:00:00+01:00,285.6170955286092
2017-06-20 02:00:00+01:00,269.5678442557137
2017-06-20 03:00:00+01:00,262.1439678711932
2017-06-20 04:00:00+01:00,264.1497756414896
2017-06-20 05:00:00+01:00,265.5317061993056
2017-06-20 06:00:00+01:00,283.5312268549429
2017-06-20 07:00:00+01:00,296.3570854820827
2017-06-20 08:00:00+01:00,294.24133072849713
2017-06-20 09:00:00+01:00,297.131745277302
2017-06-20 10:00:00+01:00,284.51534459750076
2017-06-20 11:00:00+01:00,271.2734148559527
2017-06-20 12:00:00+01:00,266.55381874701874
2017-06-20 13:00:00+01:00,265.4409172011551
2017-06-20 14:00:00+01:00,268.8678714264326
2017-06-20 15:00:00+01:00,259.91233779576385
2017-06-20 16:00:00+01:00,267.93028071622547
2017-06-20 17:00:00+01:00,274.8831236360521
2017-06-20 18:00:00+01:00,286.6595694113314
2017-06-20 19:00:00+01:00,297.84304223360886
2017-06-20 20:00:00+01:00,289.9951559163789
2017-06-20 21:00:00+01:00,290.5616425867842
2017-06-20 22:00:00+01:00,291.2408491914477
2017-06-20 23:00:00+01:00,277.3268284432842
2017-06-21 00:00:00+01:00,250.69639882891138
2017-06-21 01:00:00+01:00,221.56941290101076
2017-06-21 02:00:00+01:00,234.53693889864363
2017-06-21 03:00:00+01:00,235.68672489921303
2017-06-21 04:00:00+01:00,230.53508929224154
2017-06-21 05:00:00+01:00,229.9635782575148
2017-06-21 06:00:00+01:00,243.4551200313823
2017-06-21 07:00:00+01:00,275.19182971024196
2017-06-21 08:00:00+01:00,280.02797382038557
2017-06-21 09:00:00+01:00,269.01283493445106
2017-06-21 10:00:00+01:00,262.62392246294695
2017-06-21 11:00:00+01:00,253.670555043032
2017-06-21 12:00:00+01:00,252.11485510126698
2017-06-21 13:00:00+01:00,252.04360346749618
2017-06-21 14:00:00+01:00,252.86905329944202
2017-06-21 15:00:00+01:00,264.6301370458018
2017-06-21 16:00:00+01:00,262.6288082114445
2017-06-21 17:00:00+01:00,269.37709129141683
2017-06-21 18:00:00+01:00,277.41061670789014
2017-06-21 19:00:00+01:00,291.06995462123973
2017-06-21 20:00:00+01:00,310.4341141284042
2017-06-21 21:00:00+01:00,321.9477788197288
2017-06-21 22:00:00+01:00,319.44837068760415
2017-06-21 23:00:00+01:00,310.36745064289556
2017-06-22 00:00:00+01:00,275.9129554473833
2017-06-22 01:00:00+01:00,261.36316056797796
2017-06-22 02:00:00+01:00,253.2689562033942
2017-06-22 03:00:00+01:00,246.31970450441608
2017-06-22 04:00:00+01:00,241.8539928926926
2017-06-22 05:00:00+01:00,248.59821993239487
2017-06-22 06:00:00+01:00,252.51576936212496
2017-06-22 07:00:00+01:00,277.91377450505155
2017-06-22 08:00:00+01:00,289.17464527707585
2017-06-22 09:00:00+01:00,288.0371146437851
2017-06-22 10:00:00+01:00,287.40432636984394
2017-06-22 11:00:00+01:00,288.29129242720353
2017-06-22 12:00:00+01:00,282.95426691852634
2017-06-22 13:00:00+01:00,277.1716889803405
2017-06-22 14:00:00+01:00,276.897809993657
2017-06-22 15:00:00+01:00,263.2021365378925
2017-06-22 16:00:00+01:00,265.476171978097
2017-06-22 17:00:00+01:00,281.0509220284425
2017-06-22 18:00:00+01:00,288.71980933328604
2017-06-22 19:00:00+01:00,290.1463860073071
2017-06-22 20:00:00+01:00,291.3281148533642
2017-06-22 21:00:00+01:00,284.34662346382896
2017-06-22 22:00:00+01:00,285.9287804745505
2017-06-22 23:00:00+01:00,261.51156135983814
2017-06-23 00:00:00+01:00,220.34088785732774
2017-06-23 01:00:00+01:00,201.4365721285755
2017-06-23 02:00:00+01:00,205.70138783909835
2017-06-23 03:00:00+01:00,202.78123956152336
2017-06-23 04:00:00+01:00,180.71467227318604
2017-06-23 05:00:00+01:00,177.14500946349023
2017-06-23 06:00:00+01:00,182.38518723798015
2017-06-23 07:00:00+01:00,192.1914606578349
2017-06-23 08:00:00+01:00,209.24718853246355
2017-06-23 09:00:00+01:00,214.4331428670737
2017-06-23 10:00:00+01:00,206.0846228261398
2017-06-23 11:00:00+01:00,205.23187898049284
2017-06-23 12:00:00+01:00,197.52206827760682
2017-06-23 13:00:00+01:00,193.65342607975722
2017-06-23 14:00:00+01:00,193.3050831221243
2017-06-23 15:00:00+01:00,189.85391750779166
2017-06-23 16:00:00+01:00,200.00671501303535
2017-06-23 17:00:00+01:00,205.78694575423498
2017-06-23 18:00:00+01:00,214.26659646999587
2017-06-23 19:00:00+01:00,211.59739280925606
2017-06-23 20:00:00+01:00,216.8829300368998
2017-06-23 21:00:00+01:00,207.5495624324434
2017-06-23 22:00:00+01:00,210.03499372903414
2017-06-23 23:00:00+01:00,200.8177160706989
2017-06-24 00:00:00+01:00,178.9267322372234
2017-06-24 01:00:00+01:00,169.66983753317896
2017-06-24 02:00:00+01:00,167.45195891387155
2017-06-24 03:00:00+01:00,159.48682060134837
2017-06-24 04:00:00+01:00,167.20049042693034
2017-06-24 05:00:00+01:00,166.08881651089774
2017-06-24 06:00:00+01:00,177.5820013211773
2017-06-24 07:00:00+01:00,172.0101685576252
2017-06-24 08:00:00+01:00,180.42289836463252
2017-06-24 09:00:00+01:00,184.44311655764818
2017-06-24 10:00:00+01:00,196.71367146113334
2017-06-24 11:00:00+01:00,200.81877071556974
2017-06-24 12:00:00+01:00,187.09345524285158
2017-06-24 13:00:00+01:00,182.23205519596743
2017-06-24 14:00:00+01:00,160.65537086325983
2017-06-24 15:00:00+01:00,160.72435821166914
2017-06-24 16:00:00+01:00,158.26236345317304
2017-06-24 17:00:00+01:00,175.11089612016636
2017-06-24 18:00:00+01:00,186.54928608322936
2017-06-24 19:00:00+01:00,198.21065430113086
2017-06-24 20:00:00+01:00,198.56771204296103
2017-06-24 21:00:00+01:00,205.41038644461176
2017-06-24 22:00:00+01:00,218.83457234886373
2017-06-24 23:00:00+01:00,221.01668186785017
2017-06-25 00:00:00+01:00,195.8344945490326
2017-06-25 01:00:00+01:00,176.94670887849435
2017-06-25 02:00:00+01:00,173.4098914463869
2017-06-25 03:00:00+01:00,172.6266415606824
2017-06-25 04:00:00+01:00,175.99961738983365
2017-06-25 05:00:00+01:00,174.8173643744059
2017-06-25 06:00:00+01:00,169.96142770690952
2017-06-25 07:00:00+01:00,172.95902468791684
2017-06-25 08:00:00+01:00,186.4695552789455
2017-06-25 09:00:00+01:00,185.59280934941296
2017-06-25 10:00:00+01:00,200.8830951340428
2017-06-25 11:00:00+01:00,197.13290603447714
2017-06-25 12:00:00+01:00,197.62179165396645
2017-06-25 13:00:00+01:00,195.72206405396054
2017-06-25 14:00:00+01:00,194.97318353142023
2017-06-25 15:00:00+01:00,192.5688303553584
2017-06-25 16:00:00+01:00,190.87045868786387
2017-06-25 17:00:00+01:00,207.62064045298766
2017-06-25 18:00:00+01:00,214.39908506012225
2017-06-25 19:00:00+01:00,226.31024368793933
2017-06-25 20:00:00+01:00,237.43036389294704
2017-06-25 21:00:00+01:00,252.88895537747115
2017-06-25 22:00:00+01:00,258.0819373618323
2017-06-25 23:00:00+01:00,264.401685249638
2017-06-26 00:00:00+01:00,256.89803262769203
2017-06-26 01:00:00+01:00,250.36127716961494
2017-06-26 02:00:00+01:00,253.7298718734006
2017-06-26 03:00:00+01:00,258.9734142239778
2017-06-26 04:00:00+01:00,259.4422327488494
2017-06-26 05:00:00+01:00,266.19536890878555
2017-06-26 06:00:00+01:00,287.2705307516329
2017-06-26 07:00:00+01:00,314.91983864725995
2017-06-26 08:00:00+01:00,339.86807765901557
2017-06-26 09:00:00+01:00,311.81545105833476
2017-06-26 10:00:00+01:00,299.1120684742451
2017-06-26 11:00:00+01:00,302.2278962294316
2017-06-26 12:00:00+01:00,305.35529762715635
2017-06-26 13:00:00+01:00,311.21801978711574
2017-06-26 14:00:00+01:00,313.26756907219783
2017-06-26 15:00:00+01:00,311.2770282625511
2017-06-26 16:00:00+01:00,322.78716475262235
2017-06-26 17:00:00+01:00,335.68366327190154
2017-06-26 18:00:00+01:00,337.50693124348817
2017-06-26 19:00:00+01:00,337.93134756103643
2017-06-26 20:00:00+01:00,337.6205346348057
2017-06-26 21:00:00+01:00,328.93322874637397
2017-06-26 22:00:00+01:00,322.76304429236444
2017-06-26 23:00:00+01:00,298.0547022936648
2017-06-27 00:00:00+01:00,261.6843909774744
2017-06-27 01:00:00+01:00,245.18539782839625
2017-06-27 02:00:00+01:00,234.78985032975726
2017-06-27 03:00:00+01:00,224.5335075208101
2017-06-27 04:00:00+01:00,222.51705609464426
2017-06-27 05:00:00+01:00,221.80134187998416
2017-06-27 06:00:00+01:00,230.18446813205878
2017-06-27 07:00:00+01:00,273.3626757966875
2017-06-27 08:00:00+01:00,288.2698624630645
2017-06-27 09:00:00+01:00,281.86362684845676
2017-06-27 10:00:00+01:00,280.70142072935096
2017-06-27 11:00:00+01:00,271.42551881076974
2017-06-27 12:00:00+01:00,265.59173116813474
2017-06-27 13:00:00+01:00,274.8850508393194
2017-06-27 14:00:00+01:00,270.03773327702635
2017-06-27 15:00:00+01:00,282.75129441011717
2017-06-27 16:00:00+01:00,289.0779250902817
2017-06-27 17:00:00+01:00,287.11789013324903
2017-06-27 18:00:00+01:00,294.0683246357351
2017-06-27 19:00:00+01:00,299.2724155877943
2017-06-27 20:00:00+01:00,295.9205792474415
2017-06-27 21:00:00+01:00,293.8960542484702
2017-06-27 22:00:00+01:00,281.52864702191766
2017-06-27 23:00:00+01:00,268.46194110501517
2017-06-28 00:00:00+01:00,226.06373382836514
2017-06-28 01:00:00+01:00,215.6804480747361
2017-06-28 02:00:00+01:00,211.80568538733456
2017-06-28 03:00:00+01:00,201.89619619365297
2017-06-28 04:00:00+01:00,205.93076728043357
2017-06-28 05:00:00+01:00,205.0872233867343
2017-06-28 06:00:00+01:00,206.28123547203663
2017-06-28 07:00:00+01:00,252.22307789700136
2017-06-28 08:00:00+01:00,276.946568970978
2017-06-28 09:00:00+01:00,274.5573320720122
2017-06-28 10:00:00+01:00,266.51799215449273
2017-06-28 11:00:00+01:00,269.77443852262473
2017-06-28 12:00:00+01:00,269.4439538151966
2017-06-28 13:00:00+01:00,266.9431938542354
2017-06-28 14:00:00+01:00,262.1199178220646
2017-06-28 15:00:00+01:00,254.41050878624856
2017-06-28 16:00:00+01:00,261.0062266724044
2017-06-28 17:00:00+01:00,267.4879835059936
2017-06-28 18:00:00+01:00,267.50739952788894
2017-06-28 19:00:00+01:00,265.94312281148126
2017-06-28 20:00:00+01:00,258.2601099087315
2017-06-28 21:00:00+01:00,252.84141736032765
2017-06-28 22:00:00+01:00,249.4217641506382
2017-06-28 23:00:00+01:00,229.62401306361326
2017-06-29 00:00:00+01:00,196.71977788171617
2017-06-29 01:00:00+01:00,195.88076790421817
2017-06-29 02:00:00+01:00,198.31486360665284
2017-06-29 03:00:00+01:00,191.4287939615199
2017-06-29 04:00:00+01:00,186.92527593404512
2017-06-29 05:00:00+01:00,187.55241131479505
2017-06-29 06:00:00+01:00,205.06260230127216
2017-06-29 07:00:00+01:00,245.1394928855253
2017-06-29 08:00:00+01:00,286.3211483842511
2017-06-29 09:00:00+01:00,250.0342550942084
2017-06-29 10:00:00+01:00,243.7753885524073
2017-06-29 11:00:00+01:00,243.8372352226368
2017-06-29 12:00:00+01:00,248.3398811119895
2017-06-29 13:00:00+01:00,254.13437337708243
2017-06-29 14:00:00+01:00,252.87822062973132
2017-06-29 15:00:00+01:00,247.36286250719527
2017-06-29 16:00:00+01:00,247.68766458916173
2017-06-29 17:00:00+01:00,265.0833753606541
2017-06-29 18:00:00+01:00,266.4825278887044
2017-06-29 19:00:00+01:00,266.96417246788496
2017-06-29 20:00:00+01:00,264.13893394624455
2017-06-29 21:00:00+01:00,256.7764291455843
2017-06-29 22:00:00+01:00,247.05954856111842
2017-06-29 23:00:00+01:00,239.72810038692734
2017-06-30 00:00:00+01:00,220.634278963973
2017-06-30 01:00:00+01:00,218.01780911633415
2017-06-30 02:00:00+01:00,215.58757739354934
2017-06-30 03:00:00+01:00,209.97863419482397
2017-06-30 04:00:00+01:00,211.82546447604074
2017-06-30 05:00:00+01:00,206.70154286986818
2017-06-30 06:00:00+01:00,213.2601632211115
2017-06-30 07:00:00+01:00,242.00360232339077
2017-06-30 08:00:00+01:00,264.0418863757737
2017-06-30 09:00:00+01:00,253.67702105317574
2017-06-30 10:00:00+01:00,253.26597880764257
2017-06-30 11:00:00+01:00,255.48182833954735
2017-06-30 12:00:00+01:00,262.1065089226683
2017-06-30 13:00:00+01:00,267.92424615283056
2017-06-30 14:00:00+01:00,263.68574322813447
2017-06-30 15:00:00+01:00,265.1089518218781
2017-06-30 16:00:00+01:00,269.4445133231813
2017-06-30 17:00:00+01:00,276.7095339601688
2017-06-30 18:00:00+01:00,279.28560361486575
2017-06-30 19:00:00+01:00,284.75491722908555
2017-06-30 20:00:00+01:00,278.4713188332034
2017-06-30 21:00:00+01:00,271.9062138784358
2017-06-30 22:00:00+01:00,273.19449334060755
2017-06-30 23:00:00+01:00,254.5676436720476
2017-07-01 00:00:00+01:00,229.19756688020712
2017-07-01 01:00:00+01:00,223.41730853496946
2017-07-01 02:00:00+01:00,211.92535927371716
2017-07-01 03:00:00+01:00,207.81415753860614
2017-07-01 04:00:00+01:00,216.06001524379457
2017-07-01 05:00:00+01:00,206.17067677137618
2017-07-01 06:00:00+01:00,197.65460498433788
2017-07-01 07:00:00+01:00,198.54020457016452
2017-07-01 08:00:00+01:00,215.64479300051246
2017-07-01 09:00:00+01:00,223.07490030940318
2017-07-01 10:00:00+01:00,202.871565526149
2017-07-01 11:00:00+01:00,196.93799203932113
2017-07-01 12:00:00+01:00,181.73697849172225
2017-07-01 13:00:00+01:00,170.09575746626507
2017-07-01 14:00:00+01:00,153.1612606129292
2017-07-01 15:00:00+01:00,150.37118436055698
2017-07-01 16:00:00+01:00,159.15112645203737
2017-07-01 17:00:00+01:00,177.97389855812838
2017-07-01 18:00:00+01:00,205.3529788521411
2017-07-01 19:00:00+01:00,225.34500364101052
2017-07-01 20:00:00+01:00,238.80204916356502
2017-07-01 21:00:00+01:00,236.3493534547612
2017-07-01 22:00:00+01:00,248.81964679771298
2017-07-01 23:00:00+01:00,235.17350898117917
2017-07-02 00:00:00+01:00,202.2947177526484
2017-07-02 01:00:00+01:00,187.8832162915776
2017-07-02 02:00:00+01:00,183.24142221175777
2017-07-02 03:00:00+01:00,196.24407459673296
2017-07-02 04:00:00+01:00,179.08577003561567
2017-07-02 05:00:00+01:00,178.0846772285372
2017-07-02 06:00:00+01:00,177.0737088215506
2017-07-02 07:00:00+01:00,180.84516972881065
2017-07-02 08:00:00+01:00,154.67403233900134
2017-07-02 09:00:00+01:00,149.6955121389752
2017-07-02 10:00:00+01:00,154.19220734356657
2017-07-02 11:00:00+01:00,153.5225711546629
2017-07-02 12:00:00+01:00,154.66733249155288
2017-07-02 13:00:00+01:00,151.11967005231577
2017-07-02 14:00:00+01:00,131.26049700763178
2017-07-02 15:00:00+01:00,135.80926827658794
2017-07-02 16:00:00+01:00,157.83555398080568
2017-07-02 17:00:00+01:00,182.72113273844155
2017-07-02 18:00:00+01:00,215.02204667592537
2017-07-02 19:00:00+01:00,231.8192716428457
2017-07-02 20:00:00+01:00,246.3820847642682
2017-07-02 21:00:00+01:00,248.5195592501769
2017-07-02 22:00:00+01:00,247.5324836569248
2017-07-02 23:00:00+01:00,235.39522718645992
2017-07-03 00:00:00+01:00,206.80229073058283
2017-07-03 01:00:00+01:00,212.72297066935562
2017-07-03 02:00:00+01:00,194.36097168643053
2017-07-03 03:00:00+01:00,200.0450091290185
2017-07-03 04:00:00+01:00,204.93234100698876
2017-07-03 05:00:00+01:00,205.4901464481009
2017-07-03 06:00:00+01:00,213.0561452167092
2017-07-03 07:00:00+01:00,238.50142796487236
2017-07-03 08:00:00+01:00,260.87837948053703
2017-07-03 09:00:00+01:00,249.02144963483582
2017-07-03 10:00:00+01:00,243.1488476807395
2017-07-03 11:00:00+01:00,239.32708538901645
2017-07-03 12:00:00+01:00,235.6610278343829
2017-07-03 13:00:00+01:00,233.1671698289636
2017-07-03 14:00:00+01:00,244.01685691990855
2017-07-03 15:00:00+01:00,236.70936309958373
2017-07-03 16:00:00+01:00,247.26268927925904
2017-07-03 17:00:00+01:00,266.7591631829385
2017-07-03 18:00:00+01:00,286.0112354950264
2017-07-03 19:00:00+01:00,302.9175521661334
2017-07-03 20:00:00+01:00,315.5977604194867
2017-07-03 21:00:00+01:00,312.821886426454
2017-07-03 22:00:00+01:00,320.3857286851503
2017-07-03 23:00:00+01:00,301.18997073439186
2017-07-04 00:00:00+01:00,290.1643788766647
2017-07-04 01:00:00+01:00,281.25434442306664
2017-07-04 02:00:00+01:00,273.28314957432974
2017-07-04 03:00:00+01:00,272.3670112930103
2017-07-04 04:00:00+01:00,268.5306090781164
2017-07-04 05:00:00+01:00,271.2749070588361
2017-07-04 06:00:00+01:00,288.20129355177914
2017-07-04 07:00:00+01:00,308.8360771696007
2017-07-04 08:00:00+01:00,318.7790471092706
2017-07-04 09:00:00+01:00,315.3344365213486
2017-07-04 10:00:00+01:00,313.1846580091301
2017-07-04 11:00:00+01:00,309.9607791208157
2017-07-04 12:00:00+01:00,305.0478917115044
2017-07-04 13:00:00+01:00,301.26120952465175
2017-07-04 14:00:00+01:00,302.8000609221701
2017-07-04 15:00:00+01:00,290.26131757129417
2017-07-04 16:00:00+01:00,296.71977832014477
2017-07-04 17:00:00+01:00,310.49132657102876
2017-07-04 18:00:00+01:00,315.00804219847623
2017-07-04 19:00:00+01:00,330.98882256962537
2017-07-04 20:00:00+01:00,318.42784008337475
2017-07-04 21:00:00+01:00,308.82646960057565
2017-07-04 22:00:00+01:00,311.58011498943966
2017-07-04 23:00:00+01:00,300.28259196351127
2017-07-05 00:00:00+01:00,285.3276575637571
2017-07-05 01:00:00+01:00,284.05173475889075
2017-07-05 02:00:00+01:00,282.15753780516525
2017-07-05 03:00:00+01:00,276.8974373401973
2017-07-05 04:00:00+01:00,271.3307852312537
2017-07-05 05:00:00+01:00,270.27609986341184
2017-07-05 06:00:00+01:00,285.5207545414989
2017-07-05 07:00:00+01:00,300.12525905191313
2017-07-05 08:00:00+01:00,310.65676814272217
2017-07-05 09:00:00+01:00,287.94824730612333
2017-07-05 10:00:00+01:00,274.9520477908223
2017-07-05 11:00:00+01:00,270.682374788682
2017-07-05 12:00:00+01:00,270.91846151814553
2017-07-05 13:00:00+01:00,262.88858122115397
2017-07-05 14:00:00+01:00,262.273432775241
2017-07-05 15:00:00+01:00,265.80444357716885
2017-07-05 16:00:00+01:00,276.2939155164962
2017-07-05 17:00:00+01:00,286.7109561198945
2017-07-05 18:00:00+01:00,299.3445807061168
2017-07-05 19:00:00+01:00,311.7430342213498
2017-07-05 20:00:00+01:00,328.4858576444737
2017-07-05 21:00:00+01:00,324.2198977147492
2017-07-05 22:00:00+01:00,326.54943880569124
2017-07-05 23:00:00+01:00,312.22833330678105
2017-07-06 00:00:00+01:00,294.2366416292303
2017-07-06 01:00:00+01:00,273.672190111937
2017-07-06 02:00:00+01:00,273.5072555400702
2017-07-06 03:00:00+01:00,256.5350902843586
2017-07-06 04:00:00+01:00,259.17190804368016
2017-07-06 05:00:00+01:00,262.0695211165136
2017-07-06 06:00:00+01:00,267.84439358651423
2017-07-06 07:00:00+01:00,286.69696839811405
2017-07-06 08:00:00+01:00,305.18223580041524
2017-07-06 09:00:00+01:00,295.08482257253763
2017-07-06 10:00:00+01:00,282.19772812174216
2017-07-06 11:00:00+01:00,268.95286597337434
2017-07-06 12:00:00+01:00,255.0187556563375
2017-07-06 13:00:00+01:00,249.61258386202522
2017-07-06 14:00:00+01:00,257.86194087214506
2017-07-06 15:00:00+01:00,254.88139884602003
2017-07-06 16:00:00+01:00,262.82087272668724
2017-07-06 17:00:00+01:00,270.26212635110045
2017-07-06 18:00:00+01:00,275.94726154378276
2017-07-06 19:00:00+01:00,290.5116353028657
2017-07-06 20:00:00+01:00,307.3555976859129
2017-07-06 21:00:00+01:00,308.3899642431852
2017-07-06 22:00:00+01:00,315.05184619623697
2017-07-06 23:00:00+01:00,304.05731358345037
2017-07-07 00:00:00+01:00,274.71224243804136
2017-07-07 01:00:00+01:00,254.32268629648408
2017-07-07 02:00:00+01:00,250.66866255306383
2017-07-07 03:00:00+01:00,248.46190195789703
2017-07-07 04:00:00+01:00,237.5035632783578
2017-07-07 05:00:00+01:00,237.80977283671444
2017-07-07 06:00:00+01:00,248.06521680934222
2017-07-07 07:00:00+01:00,270.2754655780206
2017-07-07 08:00:00+01:00,276.7745088498637
2017-07-07 09:00:00+01:00,263.35717723633445
2017-07-07 10:00:00+01:00,257.9731410894331
2017-07-07 11:00:00+01:00,258.87411123372624
2017-07-07 12:00:00+01:00,263.65028766138806
2017-07-07 13:00:00+01:00,263.28606639450766
2017-07-07 14:00:00+01:00,257.5221162744076
2017-07-07 15:00:00+01:00,264.72572686951526
2017-07-07 16:00:00+01:00,270.5791510468583
2017-07-07 17:00:00+01:00,279.92871713486096
2017-07-07 18:00:00+01:00,292.1136026368137
2017-07-07 19:00:00+01:00,300.06359330789377
2017-07-07 20:00:00+01:00,309.05375350223903
2017-07-07 21:00:00+01:00,310.15750303115556
2017-07-07 22:00:00+01:00,315.89426942838503
2017-07-07 23:00:00+01:00,307.9417992398105
2017-07-08 00:00:00+01:00,284.2200223938633
2017-07-08 01:00:00+01:00,276.08810487454735
2017-07-08 02:00:00+01:00,269.04500246567665
2017-07-08 03:00:00+01:00,257.4771864834761
2017-07-08 04:00:00+01:00,257.80365249586487
2017-07-08 05:00:00+01:00,253.1598336144523
2017-07-08 06:00:00+01:00,243.7150099722435
2017-07-08 07:00:00+01:00,228.01263798501432
2017-07-08 08:00:00+01:00,225.3269639873162
2017-07-08 09:00:00+01:00,223.48656413026947
2017-07-08 10:00:00+01:00,209.8231725771753
2017-07-08 11:00:00+01:00,198.04181045091462
2017-07-08 12:00:00+01:00,192.50067669451226
2017-07-08 13:00:00+01:00,179.9335471587354
2017-07-08 14:00:00+01:00,165.6525576423024
2017-07-08 15:00:00+01:00,166.70698495967667
2017-07-08 16:00:00+01:00,181.01966662259778
2017-07-08 17:00:00+01:00,202.4395966293518
2017-07-08 18:00:00+01:00,226.17465367694885
2017-07-08 19:00:00+01:00,240.09514485826443
2017-07-08 20:00:00+01:00,244.11114393693603
2017-07-08 21:00:00+01:00,237.57650308712246
2017-07-08 22:00:00+01:00,235.38143172032733
2017-07-08 23:00:00+01:00,238.80625416585218
2017-07-09 00:00:00+01:00,219.42880965042076
2017-07-09 01:00:00+01:00,198.1055795176971
2017-07-09 02:00:00+01:00,192.28082375767485
2017-07-09 03:00:00+01:00,191.3593612567256
2017-07-09 04:00:00+01:00,204.33656442581108
2017-07-09 05:00:00+01:00,201.48444472769873
2017-07-09 06:00:00+01:00,203.9073783018631
2017-07-09 07:00:00+01:00,197.19161385490435
2017-07-09 08:00:00+01:00,187.90149939808856
2017-07-09 09:00:00+01:00,189.86832867189682
2017-07-09 10:00:00+01:00,199.63550351147745
2017-07-09 11:00:00+01:00,203.66440125951104
2017-07-09 12:00:00+01:00,203.67442731686288
2017-07-09 13:00:00+01:00,201.8135307913692
2017-07-09 14:00:00+01:00,195.68146479176158
2017-07-09 15:00:00+01:00,201.38557901856856
2017-07-09 16:00:00+01:00,221.55368591309818
2017-07-09 17:00:00+01:00,246.00627503066642
2017-07-09 18:00:00+01:00,258.9280461838059
2017-07-09 19:00:00+01:00,275.1212352183461
2017-07-09 20:00:00+01:00,288.7932961525962
2017-07-09 21:00:00+01:00,282.2531143013307
2017-07-09 22:00:00+01:00,286.5475435160218
2017-07-09 23:00:00+01:00,282.8592553541943
2017-07-10 00:00:00+01:00,271.51780212838156
2017-07-10 01:00:00+01:00,261.6176741326566
2017-07-10 02:00:00+01:00,261.8414174393423
2017-07-10 03:00:00+01:00,260.3881927365323
2017-07-10 04:00:00+01:00,267.34702347962207
2017-07-10 05:00:00+01:00,271.5066500053499
2017-07-10 06:00:00+01:00,279.25218439244054
2017-07-10 07:00:00+01:00,307.90504824733847
2017-07-10 08:00:00+01:00,306.8359429613264
2017-07-10 09:00:00+01:00,304.5894284778535
2017-07-10 10:00:00+01:00,296.0115828384665
2017-07-10 11:00:00+01:00,290.7139317162806
2017-07-10 12:00:00+01:00,293.32952374105173
2017-07-10 13:00:00+01:00,292.18721064177083
2017-07-10 14:00:00+01:00,282.608932102575
2017-07-10 15:00:00+01:00,277.3571360095049
2017-07-10 16:00:00+01:00,290.0061504380327
2017-07-10 17:00:00+01:00,296.44583024868905
2017-07-10 18:00:00+01:00,303.72011658011286
2017-07-10 19:00:00+01:00,319.9175609405166
2017-07-10 20:00:00+01:00,336.3912733497396
2017-07-10 21:00:00+01:00,326.59334401432835
2017-07-10 22:00:00+01:00,308.8671922367589
2017-07-10 23:00:00+01:00,293.59086310479256
2017-07-11 00:00:00+01:00,274.89502284620687
2017-07-11 01:00:00+01:00,263.17376762542114
2017-07-11 02:00:00+01:00,258.58982361392543
2017-07-11 03:00:00+01:00,259.28992293028693
2017-07-11 04:00:00+01:00,258.8547731175226
2017-07-11 05:00:00+01:00,255.49636250935995
2017-07-11 06:00:00+01:00,281.4305441216391
2017-07-11 07:00:00+01:00,305.94623852381505
2017-07-11 08:00:00+01:00,329.9829828846913
2017-07-11 09:00:00+01:00,329.9994624690821
2017-07-11 10:00:00+01:00,322.926265847443
2017-07-11 11:00:00+01:00,329.6597495367429
2017-07-11 12:00:00+01:00,330.06378559062466
2017-07-11 13:00:00+01:00,324.4967904587482
2017-07-11 14:00:00+01:00,320.0814356280142
2017-07-11 15:00:00+01:00,314.8146854157959
2017-07-11 16:00:00+01:00,316.33056453516
2017-07-11 17:00:00+01:00,311.19591985774156
2017-07-11 18:00:00+01:00,313.5305470718335
2017-07-11 19:00:00+01:00,319.8829309579784
2017-07-11 20:00:00+01:00,323.39734322332
2017-07-11 21:00:00+01:00,319.8729774189758
2017-07-11 22:00:00+01:00,304.74296607953687
2017-07-11 23:00:00+01:00,285.665683771904
2017-07-12 00:00:00+01:00,254.3877836387569
2017-07-12 01:00:00+01:00,236.10680643320018
2017-07-12 02:00:00+01:00,224.3992254499868
2017-07-12 03:00:00+01:00,224.586371955226
2017-07-12 04:00:00+01:00,229.4684130839448
2017-07-12 05:00:00+01:00,227.18891614667385
2017-07-12 06:00:00+01:00,228.2196018323241
2017-07-12 07:00:00+01:00,246.1162605777708
2017-07-12 08:00:00+01:00,260.7572028085626
2017-07-12 09:00:00+01:00,251.15092346174637
2017-07-12 10:00:00+01:00,244.15069355659566
2017-07-12 11:00:00+01:00,237.75267155314987
2017-07-12 12:00:00+01:00,236.37245112716437
2017-07-12 13:00:00+01:00,234.18071865087347
2017-07-12 14:00:00+01:00,235.23445030639536
2017-07-12 15:00:00+01:00,239.04409984950607
2017-07-12 16:00:00+01:00,254.53297564173866
2017-07-12 17:00:00+01:00,274.6648286171622
2017-07-12 18:00:00+01:00,281.4118894020523
2017-07-12 19:00:00+01:00,286.71223406165086
2017-07-12 20:00:00+01:00,302.88779593236234
2017-07-12 21:00:00+01:00,304.19788717126005
2017-07-12 22:00:00+01:00,300.6409945233156
2017-07-12 23:00:00+01:00,298.44849572255754
2017-07-13 00:00:00+01:00,273.68089924953387
2017-07-13 01:00:00+01:00,264.9642443659037
2017-07-13 02:00:00+01:00,254.0174290129557
2017-07-13 03:00:00+01:00,244.39248293234277
2017-07-13 04:00:00+01:00,240.83870147326562
2017-07-13 05:00:00+01:00,237.64371180034954
2017-07-13 06:00:00+01:00,247.67086424594166
2017-07-13 07:00:00+01:00,272.8396855264477
2017-07-13 08:00:00+01:00,279.78957748300144
2017-07-13 09:00:00+01:00,259.4207952312257
2017-07-13 10:00:00+01:00,243.82500178844256
2017-07-13 11:00:00+01:00,238.12302565046423
2017-07-13 12:00:00+01:00,231.79360622523072
2017-07-13 13:00:00+01:00,224.51268965290706
2017-07-13 14:00:00+01:00,221.2026945785488
2017-07-13 15:00:00+01:00,232.81713277675289
2017-07-13 16:00:00+01:00,226.60391821746018
2017-07-13 17:00:00+01:00,241.94011078865353
2017-07-13 18:00:00+01:00,255.65656851317775
2017-07-13 19:00:00+01:00,264.5803838806019
2017-07-13 20:00:00+01:00,262.0873052030276
2017-07-13 21:00:00+01:00,267.3662010621969
2017-07-13 22:00:00+01:00,264.4811829815555
2017-07-13 23:00:00+01:00,243.8614109809528
2017-07-14 00:00:00+01:00,221.57847573267418
2017-07-14 01:00:00+01:00,194.17847526480622
2017-07-14 02:00:00+01:00,185.41149117345478
2017-07-14 03:00:00+01:00,171.83537535267985
2017-07-14 04:00:00+01:00,171.94259504923073
2017-07-14 05:00:00+01:00,178.03399610759098
2017-07-14 06:00:00+01:00,182.44802838374946
2017-07-14 07:00:00+01:00,201.3539179650437
2017-07-14 08:00:00+01:00,219.5477062681377
2017-07-14 09:00:00+01:00,215.41197450363106
2017-07-14 10:00:00+01:00,205.08169615804928
2017-07-14 11:00:00+01:00,205.43043713759266
2017-07-14 12:00:00+01:00,213.07543825564196
2017-07-14 13:00:00+01:00,200.2365509431147
2017-07-14 14:00:00+01:00,193.4749111872629
2017-07-14 15:00:00+01:00,195.667448290462
2017-07-14 16:00:00+01:00,210.2542754206768
2017-07-14 17:00:00+01:00,228.51960140775998
2017-07-14 18:00:00+01:00,239.9501777301127
2017-07-14 19:00:00+01:00,255.042366152178
2017-07-14 20:00:00+01:00,267.45807453351654
2017-07-14 21:00:00+01:00,263.3850071431991
2017-07-14 22:00:00+01:00,255.7622925437934
2017-07-14 23:00:00+01:00,237.06815288027468
2017-07-15 00:00:00+01:00,207.09068423024829
2017-07-15 01:00:00+01:00,191.9711895818875
2017-07-15 02:00:00+01:00,195.706062586468
2017-07-15 03:00:00+01:00,184.62337270896992
2017-07-15 04:00:00+01:00,189.46614868501752
2017-07-15 05:00:00+01:00,186.56491335782266
2017-07-15 06:00:00+01:00,192.4715116887445
2017-07-15 07:00:00+01:00,196.65514840457422
2017-07-15 08:00:00+01:00,200.09474286941324
2017-07-15 09:00:00+01:00,206.7121677397547
2017-07-15 10:00:00+01:00,201.7372936239921
2017-07-15 11:00:00+01:00,190.59834636727064
2017-07-15 12:00:00+01:00,174.57845598207814
2017-07-15 13:00:00+01:00,169.16259743211575
2017-07-15 14:00:00+01:00,166.07304546933636
2017-07-15 15:00:00+01:00,166.79276242226624
2017-07-15 16:00:00+01:00,180.72527755415678
2017-07-15 17:00:00+01:00,191.18938429657692
2017-07-15 18:00:00+01:00,199.11242083208373
2017-07-15 19:00:00+01:00,201.7404118593157
2017-07-15 20:00:00+01:00,197.47707581064043
2017-07-15 21:00:00+01:00,193.92936946098342
2017-07-15 22:00:00+01:00,192.42701972051194
2017-07-15 23:00:00+01:00,183.4726422973882
2017-07-16 00:00:00+01:00,150.05477212371875
2017-07-16 01:00:00+01:00,155.04126056095188
2017-07-16 02:00:00+01:00,166.82930029865082
2017-07-16 03:00:00+01:00,149.6309613923034
2017-07-16 04:00:00+01:00,154.52495142529588
2017-07-16 05:00:00+01:00,160.87194760980185
2017-07-16 06:00:00+01:00,166.63496513232175
2017-07-16 07:00:00+01:00,166.7592344045079
2017-07-16 08:00:00+01:00,165.52083993587192
2017-07-16 09:00:00+01:00,173.62557474127942
2017-07-16 10:00:00+01:00,194.24756587272205
2017-07-16 11:00:00+01:00,197.24811881188606
2017-07-16 12:00:00+01:00,197.93852226800945
2017-07-16 13:00:00+01:00,200.56056481442604
2017-07-16 14:00:00+01:00,184.75890049036047
2017-07-16 15:00:00+01:00,184.61952279500207
2017-07-16 16:00:00+01:00,185.93997656207273
2017-07-16 17:00:00+01:00,209.81310899718676
2017-07-16 18:00:00+01:00,232.69214427562318
2017-07-16 19:00:00+01:00,253.61159430393872
2017-07-16 20:00:00+01:00,256.944580393232
2017-07-16 21:00:00+01:00,246.81616266186037
2017-07-16 22:00:00+01:00,250.3201005903183
2017-07-16 23:00:00+01:00,235.39463793152404
2017-07-17 00:00:00+01:00,197.0569987732379
2017-07-17 01:00:00+01:00,196.8881462625948
2017-07-17 02:00:00+01:00,189.6523928969505
2017-07-17 03:00:00+01:00,197.65817551808377
2017-07-17 04:00:00+01:00,198.06133303843012
2017-07-17 05:00:00+01:00,205.94596472523392
2017-07-17 06:00:00+01:00,219.83987600479531
2017-07-17 07:00:00+01:00,248.1529354830769
2017-07-17 08:00:00+01:00,252.15096613109898
2017-07-17 09:00:00+01:00,238.83818882704526
2017-07-17 10:00:00+01:00,233.26002587645917
2017-07-17 11:00:00+01:00,223.610876192495
2017-07-17 12:00:00+01:00,218.03257501511476
2017-07-17 13:00:00+01:00,219.4929014673289
2017-07-17 14:00:00+01:00,226.0471506222278
2017-07-17 15:00:00+01:00,225.70152654693564
2017-07-17 16:00:00+01:00,231.26456698529404
2017-07-17 17:00:00+01:00,251.79241448053276
2017-07-17 18:00:00+01:00,270.60095310052503
2017-07-17 19:00:00+01:00,289.4610400991124
2017-07-17 20:00:00+01:00,307.7652405927193
2017-07-17 21:00:00+01:00,308.2675132954454
2017-07-17 22:00:00+01:00,301.568919699914
2017-07-17 23:00:00+01:00,293.73360265453186
2017-07-18 00:00:00+01:00,274.1031095762265
2017-07-18 01:00:00+01:00,270.77327640989375
2017-07-18 02:00:00+01:00,264.8825041494919
2017-07-18 03:00:00+01:00,257.97412969076413
2017-07-18 04:00:00+01:00,256.804775289642
2017-07-18 05:00:00+01:00,255.50016963352041
2017-07-18 06:00:00+01:00,251.99349182253633
2017-07-18 07:00:00+01:00,269.04764702087175
2017-07-18 08:00:00+01:00,270.629654478337
2017-07-18 09:00:00+01:00,255.63921825224185
2017-07-18 10:00:00+01:00,237.46469302853868
2017-07-18 11:00:00+01:00,221.02486509389718
2017-07-18 12:00:00+01:00,214.2475389406545
2017-07-18 13:00:00+01:00,207.63769576413125
2017-07-18 14:00:00+01:00,212.25052284390983
2017-07-18 15:00:00+01:00,206.30048668096327
2017-07-18 16:00:00+01:00,219.58000783841266
2017-07-18 17:00:00+01:00,229.3453970479847
2017-07-18 18:00:00+01:00,230.38319155056018
2017-07-18 19:00:00+01:00,236.31217409839383
2017-07-18 20:00:00+01:00,229.64308833378678
2017-07-18 21:00:00+01:00,219.72565732448516
2017-07-18 22:00:00+01:00,221.85459616240146
2017-07-18 23:00:00+01:00,191.76580193080338
2017-07-19 00:00:00+01:00,154.56155244296798
2017-07-19 01:00:00+01:00,144.7262499926984
2017-07-19 02:00:00+01:00,142.70883570332808
2017-07-19 03:00:00+01:00,141.97296563175897
2017-07-19 04:00:00+01:00,159.77626215342644
2017-07-19 05:00:00+01:00,165.52176836882634
2017-07-19 06:00:00+01:00,174.72022888208383
2017-07-19 07:00:00+01:00,208.35982084901795
2017-07-19 08:00:00+01:00,228.3165215356759
2017-07-19 09:00:00+01:00,230.415075844641
2017-07-19 10:00:00+01:00,229.83739146051195
2017-07-19 11:00:00+01:00,228.3830698183237
2017-07-19 12:00:00+01:00,230.45631615195697
2017-07-19 13:00:00+01:00,231.30109648924784
2017-07-19 14:00:00+01:00,245.04620761441655
2017-07-19 15:00:00+01:00,257.06835244754006
2017-07-19 16:00:00+01:00,274.36283528294695
2017-07-19 17:00:00+01:00,277.33413944874576
2017-07-19 18:00:00+01:00,260.14539254756215
2017-07-19 19:00:00+01:00,254.96325199316945
2017-07-19 20:00:00+01:00,265.3611661579816
2017-07-19 21:00:00+01:00,264.3749201930713
2017-07-19 22:00:00+01:00,265.57490914836
2017-07-19 23:00:00+01:00,243.99889645570934
2017-07-20 00:00:00+01:00,230.53801605114424
2017-07-20 01:00:00+01:00,221.58699049597837
2017-07-20 02:00:00+01:00,210.67256717238436
2017-07-20 03:00:00+01:00,200.90246922889918
2017-07-20 04:00:00+01:00,213.99928774344946
2017-07-20 05:00:00+01:00,216.6014982475279
2017-07-20 06:00:00+01:00,230.28574325725006
2017-07-20 07:00:00+01:00,264.1977934522017
2017-07-20 08:00:00+01:00,269.4264857565367
2017-07-20 09:00:00+01:00,254.11792363879658
2017-07-20 10:00:00+01:00,27.5692629122807
2017-07-20 11:00:00+01:00,23.276114723990606
2017-07-20 12:00:00+01:00,234.65751343882118
2017-07-20 13:00:00+01:00,217.00249432736715
2017-07-20 14:00:00+01:00,207.22325745117428
2017-07-20 15:00:00+01:00,203.6862508825333
2017-07-20 16:00:00+01:00,214.00060182605256
2017-07-20 17:00:00+01:00,245.3689303256882
2017-07-20 18:00:00+01:00,253.27995372848176
2017-07-20 19:00:00+01:00,259.71919674137433
2017-07-20 20:00:00+01:00,270.59736554331954
2017-07-20 21:00:00+01:00,263.9720462586608
2017-07-20 22:00:00+01:00,261.587123515957
2017-07-20 23:00:00+01:00,251.2909028646389
2017-07-21 00:00:00+01:00,230.29915626529618
2017-07-21 01:00:00+01:00,226.1748052420554
2017-07-21 02:00:00+01:00,211.2886996670626
2017-07-21 03:00:00+01:00,190.78883542248659
2017-07-21 04:00:00+01:00,181.83394935987553
2017-07-21 05:00:00+01:00,170.14068943383182
2017-07-21 06:00:00+01:00,173.8354558302115
2017-07-21 07:00:00+01:00,181.58389720920806
2017-07-21 08:00:00+01:00,191.41897013267013
2017-07-21 09:00:00+01:00,187.36852833677216
2017-07-21 10:00:00+01:00,180.61025924062753
2017-07-21 11:00:00+01:00,174.21508951495716
2017-07-21 12:00:00+01:00,170.08580973256792
2017-07-21 13:00:00+01:00,172.86722703107623
2017-07-21 14:00:00+01:00,184.4086378991643
2017-07-21 15:00:00+01:00,187.3483430140514
2017-07-21 16:00:00+01:00,195.0402436326163
2017-07-21 17:00:00+01:00,208.4189186035446
2017-07-21 18:00:00+01:00,215.9180769055758
2017-07-21 19:00:00+01:00,215.02603248071242
2017-07-21 20:00:00+01:00,211.17612492064663
2017-07-21 21:00:00+01:00,211.05687779188787
2017-07-21 22:00:00+01:00,210.5651876968305
2017-07-21 23:00:00+01:00,204.48571903891226
2017-07-22 00:00:00+01:00,177.9476625253493
2017-07-22 01:00:00+01:00,181.7847001504166
2017-07-22 02:00:00+01:00,174.3287193357992
2017-07-22 03:00:00+01:00,175.93876170287234
2017-07-22 04:00:00+01:00,176.70389554987702
2017-07-22 05:00:00+01:00,182.85269438917433
2017-07-22 06:00:00+01:00,184.74364080267796
2017-07-22 07:00:00+01:00,185.57774519887826
2017-07-22 08:00:00+01:00,186.09156735193363
2017-07-22 09:00:00+01:00,209.11410922732807
2017-07-22 10:00:00+01:00,209.45984789414382
2017-07-22 11:00:00+01:00,200.21501472815618
2017-07-22 12:00:00+01:00,200.49015787448857
2017-07-22 13:00:00+01:00,193.48296039019675
2017-07-22 14:00:00+01:00,184.3938124986532
2017-07-22 15:00:00+01:00,189.16498620609494
2017-07-22 16:00:00+01:00,196.035036349438
2017-07-22 17:00:00+01:00,211.4854511973796
2017-07-22 18:00:00+01:00,216.58694980927726
2017-07-22 19:00:00+01:00,232.16958823919418
2017-07-22 20:00:00+01:00,243.53758395387464
2017-07-22 21:00:00+01:00,251.52882176872612
2017-07-22 22:00:00+01:00,255.19253787323294
2017-07-22 23:00:00+01:00,255.5248152816005
2017-07-23 00:00:00+01:00,242.0524157899619
2017-07-23 01:00:00+01:00,232.94100456471227
2017-07-23 02:00:00+01:00,226.28792213096503
2017-07-23 03:00:00+01:00,228.53847864076954
2017-07-23 04:00:00+01:00,229.7044923971511
2017-07-23 05:00:00+01:00,226.30804644149396
2017-07-23 06:00:00+01:00,226.1874752142957
2017-07-23 07:00:00+01:00,236.4381414309412
2017-07-23 08:00:00+01:00,218.24125456674653
2017-07-23 09:00:00+01:00,220.43171727575157
2017-07-23 10:00:00+01:00,220.2442122641693
2017-07-23 11:00:00+01:00,217.79167490542488
2017-07-23 12:00:00+01:00,223.27225408845928
2017-07-23 13:00:00+01:00,220.4753121602349
2017-07-23 14:00:00+01:00,209.90988744970463
2017-07-23 15:00:00+01:00,200.92846311294267
2017-07-23 16:00:00+01:00,208.26678677902362
2017-07-23 17:00:00+01:00,218.07821236690816
2017-07-23 18:00:00+01:00,229.66432463614674
2017-07-23 19:00:00+01:00,234.13025401500056
2017-07-23 20:00:00+01:00,234.78679762350689
2017-07-23 21:00:00+01:00,236.94426944961936
2017-07-23 22:00:00+01:00,234.29645130447753
2017-07-23 23:00:00+01:00,210.70946998241146
2017-07-24 00:00:00+01:00,178.22463702003438
2017-07-24 01:00:00+01:00,186.72226085663917
2017-07-24 02:00:00+01:00,188.95481087281195
2017-07-24 03:00:00+01:00,182.06336917659172
2017-07-24 04:00:00+01:00,187.26302185010533
2017-07-24 05:00:00+01:00,191.32491048137078
2017-07-24 06:00:00+01:00,194.47428091178497
2017-07-24 07:00:00+01:00,242.242118319389
2017-07-24 08:00:00+01:00,255.81062808832777
2017-07-24 09:00:00+01:00,251.65666619887338
2017-07-24 10:00:00+01:00,250.38112508684193
2017-07-24 11:00:00+01:00,239.64155979345546
2017-07-24 12:00:00+01:00,242.4020185358295
2017-07-24 13:00:00+01:00,239.7992688223109
2017-07-24 14:00:00+01:00,233.17008203030286
2017-07-24 15:00:00+01:00,232.01228883125566
2017-07-24 16:00:00+01:00,236.29094863830468
2017-07-24 17:00:00+01:00,239.37617018174973
2017-07-24 18:00:00+01:00,247.37743899892058
2017-07-24 19:00:00+01:00,260.83458988159794
2017-07-24 20:00:00+01:00,266.80791687884323
2017-07-24 21:00:00+01:00,267.87695853875687
2017-07-24 22:00:00+01:00,266.4742696152953
2017-07-24 23:00:00+01:00,252.54855237953265
2017-07-25 00:00:00+01:00,233.53121267960714
2017-07-25 01:00:00+01:00,224.44925619862127
2017-07-25 02:00:00+01:00,229.31613909431937
2017-07-25 03:00:00+01:00,226.2828654389019
2017-07-25 04:00:00+01:00,227.41364832978448
2017-07-25 05:00:00+01:00,231.68008875356884
2017-07-25 06:00:00+01:00,255.93352371650624
2017-07-25 07:00:00+01:00,276.5427204671642
2017-07-25 08:00:00+01:00,285.53395068244794
2017-07-25 09:00:00+01:00,272.26804094905606
2017-07-25 10:00:00+01:00,261.61640578261114
2017-07-25 11:00:00+01:00,256.77990301335444
2017-07-25 12:00:00+01:00,256.73084222554206
2017-07-25 13:00:00+01:00,253.1316342205779
2017-07-25 14:00:00+01:00,251.17063932181642
2017-07-25 15:00:00+01:00,250.51389946236728
2017-07-25 16:00:00+01:00,257.696543154573
2017-07-25 17:00:00+01:00,278.7498716949426
2017-07-25 18:00:00+01:00,285.42198405135963
2017-07-25 19:00:00+01:00,303.40354830117644
2017-07-25 20:00:00+01:00,312.9751857887773
2017-07-25 21:00:00+01:00,305.45032701831303
2017-07-25 22:00:00+01:00,301.72685096145665
2017-07-25 23:00:00+01:00,291.89511441167775
2017-07-26 00:00:00+01:00,266.0029820476537
2017-07-26 01:00:00+01:00,257.3493759554097
2017-07-26 02:00:00+01:00,246.02141871918494
2017-07-26 03:00:00+01:00,233.76435656130144
2017-07-26 04:00:00+01:00,219.29143794236
2017-07-26 05:00:00+01:00,207.62179292510572
2017-07-26 06:00:00+01:00,205.25654268781503
2017-07-26 07:00:00+01:00,210.35275940181162
2017-07-26 08:00:00+01:00,218.26873141050203
2017-07-26 09:00:00+01:00,224.94491815788905
2017-07-26 10:00:00+01:00,224.2919041999558
2017-07-26 11:00:00+01:00,213.60122526482172
2017-07-26 12:00:00+01:00,195.1841267502833
2017-07-26 13:00:00+01:00,191.52170081922822
2017-07-26 14:00:00+01:00,185.41467412474674
2017-07-26 15:00:00+01:00,181.9885866401122
2017-07-26 16:00:00+01:00,182.84719121670574
2017-07-26 17:00:00+01:00,195.25614874549194
2017-07-26 18:00:00+01:00,201.8875188860035
2017-07-26 19:00:00+01:00,206.26218821399087
2017-07-26 20:00:00+01:00,205.94289494264112
2017-07-26 21:00:00+01:00,205.21057734680272
2017-07-26 22:00:00+01:00,212.19692772251548
2017-07-26 23:00:00+01:00,178.37498128293808
2017-07-27 00:00:00+01:00,150.2125852260451
2017-07-27 01:00:00+01:00,144.22049064380542
2017-07-27 02:00:00+01:00,140.0739167658055
2017-07-27 03:00:00+01:00,150.46243742888768
2017-07-27 04:00:00+01:00,152.900932014408
2017-07-27 05:00:00+01:00,155.81404985453614
2017-07-27 06:00:00+01:00,179.46565789552804
2017-07-27 07:00:00+01:00,191.7646048909561
2017-07-27 08:00:00+01:00,214.62538676843982
2017-07-27 09:00:00+01:00,211.59484692784025
2017-07-27 10:00:00+01:00,215.42565740313495
2017-07-27 11:00:00+01:00,204.1576159437324
2017-07-27 12:00:00+01:00,197.14982476463828
2017-07-27 13:00:00+01:00,187.28727528927817
2017-07-27 14:00:00+01:00,188.3247300804883
2017-07-27 15:00:00+01:00,188.8547277566624
2017-07-27 16:00:00+01:00,194.8498396434842
2017-07-27 17:00:00+01:00,205.84778233460642
2017-07-27 18:00:00+01:00,205.55124435518275
2017-07-27 19:00:00+01:00,212.70854126524807
2017-07-27 20:00:00+01:00,225.59010932142593
2017-07-27 21:00:00+01:00,221.52050285167297
2017-07-27 22:00:00+01:00,214.46847053294925
2017-07-27 23:00:00+01:00,180.56277686382504
2017-07-28 00:00:00+01:00,147.3611242257499
2017-07-28 01:00:00+01:00,136.69537355830795
2017-07-28 02:00:00+01:00,135.60151320903887
2017-07-28 03:00:00+01:00,133.05545691989462
2017-07-28 04:00:00+01:00,132.89539417097353
2017-07-28 05:00:00+01:00,130.92327263854244
2017-07-28 06:00:00+01:00,134.03064881627998
2017-07-28 07:00:00+01:00,157.49697456203162
2017-07-28 08:00:00+01:00,171.06485722925552
2017-07-28 09:00:00+01:00,169.69830669598537
2017-07-28 10:00:00+01:00,194.86181805502403
2017-07-28 11:00:00+01:00,166.19211142634882
2017-07-28 12:00:00+01:00,168.81436516478811
2017-07-28 13:00:00+01:00,172.58558969075304
2017-07-28 14:00:00+01:00,175.5592404487432
2017-07-28 15:00:00+01:00,178.82756895884987
2017-07-28 16:00:00+01:00,190.88354565750856
2017-07-28 17:00:00+01:00,196.13424895255153
2017-07-28 18:00:00+01:00,204.17428649436
2017-07-28 19:00:00+01:00,218.7047929412754
2017-07-28 20:00:00+01:00,232.52413629829462
2017-07-28 21:00:00+01:00,226.29797323674836
2017-07-28 22:00:00+01:00,202.52419433012136
2017-07-28 23:00:00+01:00,169.1068884928625
2017-07-29 00:00:00+01:00,134.314964092877
2017-07-29 01:00:00+01:00,120.22778678460205
2017-07-29 02:00:00+01:00,106.56010701049738
2017-07-29 03:00:00+01:00,108.36367316875848
2017-07-29 04:00:00+01:00,108.31908979677863
2017-07-29 05:00:00+01:00,108.52480970891509
2017-07-29 06:00:00+01:00,111.23447907118972
2017-07-29 07:00:00+01:00,123.89413798764207
2017-07-29 08:00:00+01:00,128.31779582682293
2017-07-29 09:00:00+01:00,139.01052205533745
2017-07-29 10:00:00+01:00,145.80792824618305
2017-07-29 11:00:00+01:00,154.1865492564123
2017-07-29 12:00:00+01:00,156.90370589751174
2017-07-29 13:00:00+01:00,161.26231235283493
2017-07-29 14:00:00+01:00,159.0128669705054
2017-07-29 15:00:00+01:00,169.12234204663685
2017-07-29 16:00:00+01:00,185.339074930825
2017-07-29 17:00:00+01:00,205.57706933085683
2017-07-29 18:00:00+01:00,213.9330255155824
2017-07-29 19:00:00+01:00,227.29601747596635
2017-07-29 20:00:00+01:00,218.9562458534838
2017-07-29 21:00:00+01:00,217.14292106612996
2017-07-29 22:00:00+01:00,223.88126128724517
2017-07-29 23:00:00+01:00,223.7078906093193
2017-07-30 00:00:00+01:00,204.80884329913505
2017-07-30 01:00:00+01:00,188.55658497836822
2017-07-30 02:00:00+01:00,174.74195082013446
2017-07-30 03:00:00+01:00,172.04906898244892
2017-07-30 04:00:00+01:00,174.23278722181362
2017-07-30 05:00:00+01:00,184.54320919371617
2017-07-30 06:00:00+01:00,180.4519912575392
2017-07-30 07:00:00+01:00,178.44242934805712
2017-07-30 08:00:00+01:00,166.089747396947
2017-07-30 09:00:00+01:00,158.09988617586367
2017-07-30 10:00:00+01:00,146.7442475080131
2017-07-30 11:00:00+01:00,139.80590623688664
2017-07-30 12:00:00+01:00,131.96719991982198
2017-07-30 13:00:00+01:00,128.5599475690549
2017-07-30 14:00:00+01:00,112.92723226508664
2017-07-30 15:00:00+01:00,109.48568557284838
2017-07-30 16:00:00+01:00,114.9564835236432
2017-07-30 17:00:00+01:00,137.8848027552118
2017-07-30 18:00:00+01:00,158.0396710111082
2017-07-30 19:00:00+01:00,175.82135896554018
2017-07-30 20:00:00+01:00,173.2631293030868
2017-07-30 21:00:00+01:00,176.30349537478813
2017-07-30 22:00:00+01:00,179.1734058544683
2017-07-30 23:00:00+01:00,165.80767557415055
2017-07-31 00:00:00+01:00,143.74342944478573
2017-07-31 01:00:00+01:00,147.03422985520285
2017-07-31 02:00:00+01:00,146.71137828356905
2017-07-31 03:00:00+01:00,136.87912351190306
2017-07-31 04:00:00+01:00,144.1651347825236
2017-07-31 05:00:00+01:00,155.76322302848098
2017-07-31 06:00:00+01:00,164.50139946150549
2017-07-31 07:00:00+01:00,183.2994964940936
2017-07-31 08:00:00+01:00,204.70355651519216
2017-07-31 09:00:00+01:00,197.66889327634738
2017-07-31 10:00:00+01:00,187.28602281660096
2017-07-31 11:00:00+01:00,183.91174450275878
2017-07-31 12:00:00+01:00,189.298716212738
2017-07-31 13:00:00+01:00,181.42466498113083
2017-07-31 14:00:00+01:00,183.0496761599534
2017-07-31 15:00:00+01:00,179.3814718355965
2017-07-31 16:00:00+01:00,183.32814052273648
2017-07-31 17:00:00+01:00,209.7135394399415
2017-07-31 18:00:00+01:00,227.4678085388948
2017-07-31 19:00:00+01:00,245.57835392577476
2017-07-31 20:00:00+01:00,251.348108904769
2017-07-31 21:00:00+01:00,250.69345075600717
2017-07-31 22:00:00+01:00,249.8004740662418
2017-07-31 23:00:00+01:00,218.1604786951496
2017-08-01 00:00:00+01:00,182.87410757809602
2017-08-01 01:00:00+01:00,175.34216946699266
2017-08-01 02:00:00+01:00,186.29853383044392
2017-08-01 03:00:00+01:00,195.6547896472985
2017-08-01 04:00:00+01:00,200.77034312017236
2017-08-01 05:00:00+01:00,195.01888020249166
2017-08-01 06:00:00+01:00,202.3537268310085
2017-08-01 07:00:00+01:00,242.65419352166208
2017-08-01 08:00:00+01:00,258.28231581650283
2017-08-01 09:00:00+01:00,239.25965156586815
2017-08-01 10:00:00+01:00,228.94596485311737
2017-08-01 11:00:00+01:00,223.15438958891184
2017-08-01 12:00:00+01:00,214.4827510617039
2017-08-01 13:00:00+01:00,208.60732071095248
2017-08-01 14:00:00+01:00,210.60168648241586
2017-08-01 15:00:00+01:00,207.0747415095545
2017-08-01 16:00:00+01:00,211.03352090005498
2017-08-01 17:00:00+01:00,219.2089811609207
2017-08-01 18:00:00+01:00,235.7690561779415
2017-08-01 19:00:00+01:00,248.69951289024362
2017-08-01 20:00:00+01:00,257.1781298721337
2017-08-01 21:00:00+01:00,259.3489755551912
2017-08-01 22:00:00+01:00,256.22828961160354
2017-08-01 23:00:00+01:00,214.19704772662996
2017-08-02 00:00:00+01:00,186.35933687472482
2017-08-02 01:00:00+01:00,186.69483275431492
2017-08-02 02:00:00+01:00,184.3048491802398
2017-08-02 03:00:00+01:00,179.27901919976506
2017-08-02 04:00:00+01:00,178.82584646287108
2017-08-02 05:00:00+01:00,187.46852617138703
2017-08-02 06:00:00+01:00,188.24116238650973
2017-08-02 07:00:00+01:00,231.7247572676366
2017-08-02 08:00:00+01:00,253.283182306022
2017-08-02 09:00:00+01:00,252.8196259018472
2017-08-02 10:00:00+01:00,245.5650765275748
2017-08-02 11:00:00+01:00,232.39045459110673
2017-08-02 12:00:00+01:00,229.4466787440929
2017-08-02 13:00:00+01:00,227.3874635148719
2017-08-02 14:00:00+01:00,222.0906724070841
2017-08-02 15:00:00+01:00,214.77118204183657
2017-08-02 16:00:00+01:00,223.23198601956386
2017-08-02 17:00:00+01:00,228.75053628881125
2017-08-02 18:00:00+01:00,232.62111743825216
2017-08-02 19:00:00+01:00,224.52816223877593
2017-08-02 20:00:00+01:00,233.1105390698492
2017-08-02 21:00:00+01:00,219.15542412118415
2017-08-02 22:00:00+01:00,208.46251068610283
2017-08-02 23:00:00+01:00,169.20083809944083
2017-08-03 00:00:00+01:00,145.22188464487306
2017-08-03 01:00:00+01:00,136.72468995699234
2017-08-03 02:00:00+01:00,134.25991537822168
2017-08-03 03:00:00+01:00,141.60804084574957
2017-08-03 04:00:00+01:00,139.44399862367453
2017-08-03 05:00:00+01:00,146.8111815232694
2017-08-03 06:00:00+01:00,157.59434347361625
2017-08-03 07:00:00+01:00,168.37469403038276
2017-08-03 08:00:00+01:00,197.55437706411894
2017-08-03 09:00:00+01:00,193.59769787306618
2017-08-03 10:00:00+01:00,188.98659710486922
2017-08-03 11:00:00+01:00,183.89941158178542
2017-08-03 12:00:00+01:00,180.35295378568583
2017-08-03 13:00:00+01:00,168.46835111929812
2017-08-03 14:00:00+01:00,166.17547398703175
2017-08-03 15:00:00+01:00,155.02068420644062
2017-08-03 16:00:00+01:00,157.36359947608491
2017-08-03 17:00:00+01:00,170.4259488362884
2017-08-03 18:00:00+01:00,182.5986813758565
2017-08-03 19:00:00+01:00,186.05983968410166
2017-08-03 20:00:00+01:00,187.97169375811671
2017-08-03 21:00:00+01:00,188.14608428538025
2017-08-03 22:00:00+01:00,182.64396618252414
2017-08-03 23:00:00+01:00,138.53480713280317
2017-08-04 00:00:00+01:00,120.53830164852923
2017-08-04 01:00:00+01:00,121.67005413475331
2017-08-04 02:00:00+01:00,108.54596208620819
2017-08-04 03:00:00+01:00,108.76367688176009
2017-08-04 04:00:00+01:00,109.19569331823539
2017-08-04 05:00:00+01:00,116.253485106532
2017-08-04 06:00:00+01:00,115.24432401724071
2017-08-04 07:00:00+01:00,151.39812724868844
2017-08-04 08:00:00+01:00,173.34876456097822
2017-08-04 09:00:00+01:00,175.1339786208975
2017-08-04 10:00:00+01:00,180.83278181015982
2017-08-04 11:00:00+01:00,172.21208587969122
2017-08-04 12:00:00+01:00,171.86871984580443
2017-08-04 13:00:00+01:00,170.1601503878984
2017-08-04 14:00:00+01:00,159.38962497543102
2017-08-04 15:00:00+01:00,163.78875401013804
2017-08-04 16:00:00+01:00,172.72034081117715
2017-08-04 17:00:00+01:00,194.69409483842446
2017-08-04 18:00:00+01:00,206.1233986506239
2017-08-04 19:00:00+01:00,217.2275903538328
2017-08-04 20:00:00+01:00,235.47306870491374
2017-08-04 21:00:00+01:00,242.07116001718526
2017-08-04 22:00:00+01:00,249.92756581037528
2017-08-04 23:00:00+01:00,233.89267567984584
2017-08-05 00:00:00+01:00,201.0526928260852
2017-08-05 01:00:00+01:00,199.82130991662214
2017-08-05 02:00:00+01:00,207.59357914762666
2017-08-05 03:00:00+01:00,205.4742420493311
2017-08-05 04:00:00+01:00,202.61763025019013
2017-08-05 05:00:00+01:00,205.63630611425756
2017-08-05 06:00:00+01:00,195.49601870615874
2017-08-05 07:00:00+01:00,185.36034282500756
2017-08-05 08:00:00+01:00,194.54008378517045
2017-08-05 09:00:00+01:00,193.9118568560628
2017-08-05 10:00:00+01:00,186.7914440844801
2017-08-05 11:00:00+01:00,177.35737749185745
2017-08-05 12:00:00+01:00,178.93526327070418
2017-08-05 13:00:00+01:00,175.25669739506614
2017-08-05 14:00:00+01:00,173.86306388624135
2017-08-05 15:00:00+01:00,147.58880176068408
2017-08-05 16:00:00+01:00,149.97765762735116
2017-08-05 17:00:00+01:00,163.45475157934666
2017-08-05 18:00:00+01:00,181.60799783455303
2017-08-05 19:00:00+01:00,198.82131059418182
2017-08-05 20:00:00+01:00,215.27895051589638
2017-08-05 21:00:00+01:00,225.4442314756837
2017-08-05 22:00:00+01:00,223.51045477213825
2017-08-05 23:00:00+01:00,217.35148671131466
2017-08-06 00:00:00+01:00,184.34970990435264
2017-08-06 01:00:00+01:00,182.6617339543806
2017-08-06 02:00:00+01:00,181.1598055283419
2017-08-06 03:00:00+01:00,186.00552261233963
2017-08-06 04:00:00+01:00,189.1432625175879
2017-08-06 05:00:00+01:00,188.15807723658122
2017-08-06 06:00:00+01:00,189.13901726026276
2017-08-06 07:00:00+01:00,188.35050354612346
2017-08-06 08:00:00+01:00,161.5735723720811
2017-08-06 09:00:00+01:00,150.5217235238094
2017-08-06 10:00:00+01:00,147.06086007229632
2017-08-06 11:00:00+01:00,142.9070357081457
2017-08-06 12:00:00+01:00,123.97571704275819
2017-08-06 13:00:00+01:00,120.77827550579995
2017-08-06 14:00:00+01:00,113.38331577185365
2017-08-06 15:00:00+01:00,120.19693028027204
2017-08-06 16:00:00+01:00,133.13857336155576
2017-08-06 17:00:00+01:00,154.14513210064703
2017-08-06 18:00:00+01:00,170.9898085095
2017-08-06 19:00:00+01:00,184.35795853299706
2017-08-06 20:00:00+01:00,193.89555829831875
2017-08-06 21:00:00+01:00,186.57243637933908
2017-08-06 22:00:00+01:00,189.2589626467195
2017-08-06 23:00:00+01:00,167.57852525788002
2017-08-07 00:00:00+01:00,144.58867660074708
2017-08-07 01:00:00+01:00,139.61968187536726
2017-08-07 02:00:00+01:00,138.08872170912196
2017-08-07 03:00:00+01:00,137.75798759141887
2017-08-07 04:00:00+01:00,140.51830004753964
2017-08-07 05:00:00+01:00,146.60106617571364
2017-08-07 06:00:00+01:00,150.76079651532675
2017-08-07 07:00:00+01:00,211.1760711294148
2017-08-07 08:00:00+01:00,235.0455776265004
2017-08-07 09:00:00+01:00,243.97067696154767
2017-08-07 10:00:00+01:00,242.62419127303284
2017-08-07 11:00:00+01:00,237.53406201630298
2017-08-07 12:00:00+01:00,236.52376984885862
2017-08-07 13:00:00+01:00,230.06540335541573
2017-08-07 14:00:00+01:00,232.7680981791406
2017-08-07 15:00:00+01:00,227.62227646860254
2017-08-07 16:00:00+01:00,244.1291456203161
2017-08-07 17:00:00+01:00,257.29988159987965
2017-08-07 18:00:00+01:00,268.49048454671293
2017-08-07 19:00:00+01:00,280.7837630212933
2017-08-07 20:00:00+01:00,290.39565676901583
2017-08-07 21:00:00+01:00,288.6559261153809
2017-08-07 22:00:00+01:00,280.79530902876155
2017-08-07 23:00:00+01:00,259.0794533552164
2017-08-08 00:00:00+01:00,235.34919531933926
2017-08-08 01:00:00+01:00,217.90461473217076
2017-08-08 02:00:00+01:00,218.4636374712028
2017-08-08 03:00:00+01:00,216.1129975594963
2017-08-08 04:00:00+01:00,218.74053659625017
2017-08-08 05:00:00+01:00,218.07341184762674
2017-08-08 06:00:00+01:00,229.18717901068754
2017-08-08 07:00:00+01:00,260.8774361324527
2017-08-08 08:00:00+01:00,283.8672803319697
2017-08-08 09:00:00+01:00,279.37015607748543
2017-08-08 10:00:00+01:00,277.00113828496865
2017-08-08 11:00:00+01:00,277.14345836876976
2017-08-08 12:00:00+01:00,271.8237235043246
2017-08-08 13:00:00+01:00,271.8624215549149
2017-08-08 14:00:00+01:00,263.27534849386564
2017-08-08 15:00:00+01:00,256.8666551574099
2017-08-08 16:00:00+01:00,262.6606258814778
2017-08-08 17:00:00+01:00,266.3117398731289
2017-08-08 18:00:00+01:00,274.4387794477678
2017-08-08 19:00:00+01:00,275.0749274483327
2017-08-08 20:00:00+01:00,277.58708847006545
2017-08-08 21:00:00+01:00,268.29956732539836
2017-08-08 22:00:00+01:00,253.39552295366028
2017-08-08 23:00:00+01:00,206.39352721292653
2017-08-09 00:00:00+01:00,168.5759785433925
2017-08-09 01:00:00+01:00,162.12041285734207
2017-08-09 02:00:00+01:00,143.46876728224547
2017-08-09 03:00:00+01:00,126.6189628183987
2017-08-09 04:00:00+01:00,127.7057254957837
2017-08-09 05:00:00+01:00,133.81180196878904
2017-08-09 06:00:00+01:00,175.06230478167552
2017-08-09 07:00:00+01:00,202.3652832285018
2017-08-09 08:00:00+01:00,232.49927133332264
2017-08-09 09:00:00+01:00,232.4274305418375
2017-08-09 10:00:00+01:00,226.43411467601183
2017-08-09 11:00:00+01:00,228.45371821744925
2017-08-09 12:00:00+01:00,232.588303192974
2017-08-09 13:00:00+01:00,230.0258396702365
2017-08-09 14:00:00+01:00,222.5628999387119
2017-08-09 15:00:00+01:00,221.4138950332439
2017-08-09 16:00:00+01:00,225.9931975067001
2017-08-09 17:00:00+01:00,230.22990215379653
2017-08-09 18:00:00+01:00,233.86364966313695
2017-08-09 19:00:00+01:00,249.04140709325083
2017-08-09 20:00:00+01:00,254.713461190491
2017-08-09 21:00:00+01:00,252.63931662523618
2017-08-09 22:00:00+01:00,237.33146407647243
2017-08-09 23:00:00+01:00,225.67817175701808
2017-08-10 00:00:00+01:00,212.5181871322091
2017-08-10 01:00:00+01:00,203.81479444591608
2017-08-10 02:00:00+01:00,214.11099829066015
2017-08-10 03:00:00+01:00,220.74602191146778
2017-08-10 04:00:00+01:00,223.95965948521234
2017-08-10 05:00:00+01:00,223.35153279572802
2017-08-10 06:00:00+01:00,225.24081222765506
2017-08-10 07:00:00+01:00,241.18833797293448
2017-08-10 08:00:00+01:00,248.3554415898007
2017-08-10 09:00:00+01:00,236.6930696248033
2017-08-10 10:00:00+01:00,222.95583664876688
2017-08-10 11:00:00+01:00,212.04984847934674
2017-08-10 12:00:00+01:00,210.0762258961366
2017-08-10 13:00:00+01:00,230.5814345545107
2017-08-10 14:00:00+01:00,212.01512989151243
2017-08-10 15:00:00+01:00,209.0898911949978
2017-08-10 16:00:00+01:00,213.44564202032558
2017-08-10 17:00:00+01:00,232.90728700527126
2017-08-10 18:00:00+01:00,241.45322225629397
2017-08-10 19:00:00+01:00,248.269009502328
2017-08-10 20:00:00+01:00,259.10319250254986
2017-08-10 21:00:00+01:00,263.3926220870631
2017-08-10 22:00:00+01:00,260.85622910257393
2017-08-10 23:00:00+01:00,268.5360274769376
2017-08-11 00:00:00+01:00,216.53289305993172
2017-08-11 01:00:00+01:00,211.16802602770855
2017-08-11 02:00:00+01:00,199.87837859500254
2017-08-11 03:00:00+01:00,201.49273471376563
2017-08-11 04:00:00+01:00,201.2551926143417
2017-08-11 05:00:00+01:00,200.16778303045214
2017-08-11 06:00:00+01:00,207.60422253304728
2017-08-11 07:00:00+01:00,206.22309584974144
2017-08-11 08:00:00+01:00,212.20788189143235
2017-08-11 09:00:00+01:00,204.48632909759164
2017-08-11 10:00:00+01:00,199.03460274486628
2017-08-11 11:00:00+01:00,198.45332683388042
2017-08-11 12:00:00+01:00,194.71734497092862
2017-08-11 13:00:00+01:00,187.95967960972538
2017-08-11 14:00:00+01:00,183.79091416067038
2017-08-11 15:00:00+01:00,193.37248669317276
2017-08-11 16:00:00+01:00,200.90996717583695
2017-08-11 17:00:00+01:00,208.80930542831308
2017-08-11 18:00:00+01:00,212.04551393853257
2017-08-11 19:00:00+01:00,214.0915254944875
2017-08-11 20:00:00+01:00,213.93080999871287
2017-08-11 21:00:00+01:00,214.7424427349489
2017-08-11 22:00:00+01:00,209.4366454983234
2017-08-11 23:00:00+01:00,192.29371718591324
2017-08-12 00:00:00+01:00,171.2404277057388
2017-08-12 01:00:00+01:00,160.39821980135937
2017-08-12 02:00:00+01:00,164.63718619060174
2017-08-12 03:00:00+01:00,180.19371536885868
2017-08-12 04:00:00+01:00,212.807954161078
2017-08-12 05:00:00+01:00,189.36362364680133
2017-08-12 06:00:00+01:00,180.56818831469997
2017-08-12 07:00:00+01:00,200.5446007932106
2017-08-12 08:00:00+01:00,215.79464216898376
2017-08-12 09:00:00+01:00,215.72888774284385
2017-08-12 10:00:00+01:00,219.44343650833176
2017-08-12 11:00:00+01:00,211.36643614079824
2017-08-12 12:00:00+01:00,209.66802003861412
2017-08-12 13:00:00+01:00,199.9513005108962
2017-08-12 14:00:00+01:00,181.65656097828352
2017-08-12 15:00:00+01:00,178.5248343947998
2017-08-12 16:00:00+01:00,186.05394509778301
2017-08-12 17:00:00+01:00,210.01669779143276
2017-08-12 18:00:00+01:00,229.87686022722977
2017-08-12 19:00:00+01:00,241.61835950089028
2017-08-12 20:00:00+01:00,256.1256886303558
2017-08-12 21:00:00+01:00,267.35278928527106
2017-08-12 22:00:00+01:00,272.6157283989045
2017-08-12 23:00:00+01:00,251.9398839228611
2017-08-13 00:00:00+01:00,227.04903507338307
2017-08-13 01:00:00+01:00,210.57734566544806
2017-08-13 02:00:00+01:00,207.7138547453651
2017-08-13 03:00:00+01:00,208.15261574401165
2017-08-13 04:00:00+01:00,226.16043926102282
2017-08-13 05:00:00+01:00,237.47628681482215
2017-08-13 06:00:00+01:00,233.07029947365967
2017-08-13 07:00:00+01:00,240.33395340514926
2017-08-13 08:00:00+01:00,224.41205450910945
2017-08-13 09:00:00+01:00,220.1047606257404
2017-08-13 10:00:00+01:00,200.55542050913328
2017-08-13 11:00:00+01:00,198.01264242141357
2017-08-13 12:00:00+01:00,201.8951392053292
2017-08-13 13:00:00+01:00,206.9090743168453
2017-08-13 14:00:00+01:00,203.13679832801648
2017-08-13 15:00:00+01:00,206.28042419689646
2017-08-13 16:00:00+01:00,224.96598469210434
2017-08-13 17:00:00+01:00,249.01583446580676
2017-08-13 18:00:00+01:00,265.12987060984074
2017-08-13 19:00:00+01:00,275.347357665524
2017-08-13 20:00:00+01:00,275.97617812797404
2017-08-13 21:00:00+01:00,278.58583603022606
2017-08-13 22:00:00+01:00,282.8661797255643
2017-08-13 23:00:00+01:00,259.3390035775121
2017-08-14 00:00:00+01:00,225.20989867405012
2017-08-14 01:00:00+01:00,210.33580765847788
2017-08-14 02:00:00+01:00,198.78595388764876
2017-08-14 03:00:00+01:00,188.36302461829018
2017-08-14 04:00:00+01:00,180.9599129048639
2017-08-14 05:00:00+01:00,185.8681975359481
2017-08-14 06:00:00+01:00,185.73386065269182
2017-08-14 07:00:00+01:00,216.16128052154795
2017-08-14 08:00:00+01:00,227.17242123201746
2017-08-14 09:00:00+01:00,232.23366611924095
2017-08-14 10:00:00+01:00,218.58167744830507
2017-08-14 11:00:00+01:00,201.35517203700812
2017-08-14 12:00:00+01:00,197.35865292798826
2017-08-14 13:00:00+01:00,197.40147327200475
2017-08-14 14:00:00+01:00,221.61406179467912
2017-08-14 15:00:00+01:00,219.16317140472097
2017-08-14 16:00:00+01:00,236.44843506378675
2017-08-14 17:00:00+01:00,252.26663981119327
2017-08-14 18:00:00+01:00,267.38059218620685
2017-08-14 19:00:00+01:00,276.0952495372154
2017-08-14 20:00:00+01:00,276.64753306979816
2017-08-14 21:00:00+01:00,276.5705240384962
2017-08-14 22:00:00+01:00,272.73315546675036
2017-08-14 23:00:00+01:00,244.02146375323522
2017-08-15 00:00:00+01:00,220.01650825981633
2017-08-15 01:00:00+01:00,191.46084796384795
2017-08-15 02:00:00+01:00,201.39381295013172
2017-08-15 03:00:00+01:00,200.037583261449
2017-08-15 04:00:00+01:00,198.38988995164868
2017-08-15 05:00:00+01:00,202.252844875411
2017-08-15 06:00:00+01:00,210.00132121554782
2017-08-15 07:00:00+01:00,258.29733882158934
2017-08-15 08:00:00+01:00,261.2218590292575
2017-08-15 09:00:00+01:00,248.5508204805227
2017-08-15 10:00:00+01:00,237.21234257407292
2017-08-15 11:00:00+01:00,219.95689442859248
2017-08-15 12:00:00+01:00,209.29171839161523
2017-08-15 13:00:00+01:00,200.17561425629498
2017-08-15 14:00:00+01:00,186.08376983215194
2017-08-15 15:00:00+01:00,184.8419295679936
2017-08-15 16:00:00+01:00,192.01244846381172
2017-08-15 17:00:00+01:00,213.13141640471144
2017-08-15 18:00:00+01:00,233.89739028353162
2017-08-15 19:00:00+01:00,278.58258500876786
2017-08-15 20:00:00+01:00,277.76207223828897
2017-08-15 21:00:00+01:00,281.41867312984607
2017-08-15 22:00:00+01:00,279.0210388444763
2017-08-15 23:00:00+01:00,267.5261724794024
2017-08-16 00:00:00+01:00,246.266028458813
2017-08-16 01:00:00+01:00,225.5754316144361
2017-08-16 02:00:00+01:00,223.84919849376203
2017-08-16 03:00:00+01:00,217.7130778029868
2017-08-16 04:00:00+01:00,217.85082731547604
2017-08-16 05:00:00+01:00,222.14888864525702
2017-08-16 06:00:00+01:00,229.3878140057058
2017-08-16 07:00:00+01:00,225.70932455574825
2017-08-16 08:00:00+01:00,223.56097920154667
2017-08-16 09:00:00+01:00,214.37848001054564
2017-08-16 10:00:00+01:00,203.5997286306785
2017-08-16 11:00:00+01:00,184.48014463571155
2017-08-16 12:00:00+01:00,175.04724840468936
2017-08-16 13:00:00+01:00,167.73579794003325
2017-08-16 14:00:00+01:00,169.90365512811601
2017-08-16 15:00:00+01:00,165.3703380245791
2017-08-16 16:00:00+01:00,172.34443783518537
2017-08-16 17:00:00+01:00,186.688655197181
2017-08-16 18:00:00+01:00,200.64153770944927
2017-08-16 19:00:00+01:00,208.84522957997783
2017-08-16 20:00:00+01:00,211.09798364335768
2017-08-16 21:00:00+01:00,213.06156241208453
2017-08-16 22:00:00+01:00,192.59575229621467
2017-08-16 23:00:00+01:00,180.79611552038142
2017-08-17 00:00:00+01:00,187.19315179087232
2017-08-17 01:00:00+01:00,154.0186295057109
2017-08-17 02:00:00+01:00,159.84069777347193
2017-08-17 03:00:00+01:00,161.86886399522825
2017-08-17 04:00:00+01:00,165.97210420853312
2017-08-17 05:00:00+01:00,164.5344614101217
2017-08-17 06:00:00+01:00,172.21431749194727
2017-08-17 07:00:00+01:00,204.30308861979924
2017-08-17 08:00:00+01:00,225.8647212705815
2017-08-17 09:00:00+01:00,221.63348738667554
2017-08-17 10:00:00+01:00,205.4984856217017
2017-08-17 11:00:00+01:00,192.6290152165724
2017-08-17 12:00:00+01:00,183.7465080632264
2017-08-17 13:00:00+01:00,176.3665032209109
2017-08-17 14:00:00+01:00,162.98589501559664
2017-08-17 15:00:00+01:00,164.98938235709676
2017-08-17 16:00:00+01:00,170.8254325793111
2017-08-17 17:00:00+01:00,189.71025201793864
2017-08-17 18:00:00+01:00,211.39017259787312
2017-08-17 19:00:00+01:00,220.60718176552248
2017-08-17 20:00:00+01:00,225.7618344089233
2017-08-17 21:00:00+01:00,221.37170106912848
2017-08-17 22:00:00+01:00,218.45351362321495
2017-08-17 23:00:00+01:00,192.48907010875482
2017-08-18 00:00:00+01:00,163.3917030233027
2017-08-18 01:00:00+01:00,137.7961230546827
2017-08-18 02:00:00+01:00,133.96127439743324
2017-08-18 03:00:00+01:00,124.33919441224194
2017-08-18 04:00:00+01:00,135.55944441153432
2017-08-18 05:00:00+01:00,153.628375812281
2017-08-18 06:00:00+01:00,145.86832395430443
2017-08-18 07:00:00+01:00,156.00988078666757
2017-08-18 08:00:00+01:00,169.92734789624637
2017-08-18 09:00:00+01:00,168.41936417911452
2017-08-18 10:00:00+01:00,158.87766649794824
2017-08-18 11:00:00+01:00,143.82182875455482
2017-08-18 12:00:00+01:00,148.2778512067329
2017-08-18 13:00:00+01:00,148.46318684352931
2017-08-18 14:00:00+01:00,142.2929454642799
2017-08-18 15:00:00+01:00,148.54822486974592
2017-08-18 16:00:00+01:00,148.14428059975555
2017-08-18 17:00:00+01:00,157.64332408114817
2017-08-18 18:00:00+01:00,172.13259774052335
2017-08-18 19:00:00+01:00,188.20170286035034
2017-08-18 20:00:00+01:00,194.01524696100978
2017-08-18 21:00:00+01:00,203.04020818295726
2017-08-18 22:00:00+01:00,183.44685708800847
2017-08-18 23:00:00+01:00,144.9980949209914
2017-08-19 00:00:00+01:00,126.81419066705301
2017-08-19 01:00:00+01:00,134.77814120309293
2017-08-19 02:00:00+01:00,134.75969533977607
2017-08-19 03:00:00+01:00,137.68480857352083
2017-08-19 04:00:00+01:00,136.62722105398908
2017-08-19 05:00:00+01:00,127.20681026569132
2017-08-19 06:00:00+01:00,117.69157007594787
2017-08-19 07:00:00+01:00,132.77653251073318
2017-08-19 08:00:00+01:00,135.2605414206943
2017-08-19 09:00:00+01:00,136.48041454792136
2017-08-19 10:00:00+01:00,156.87655058258875
2017-08-19 11:00:00+01:00,122.93287008168136
2017-08-19 12:00:00+01:00,117.88874476623107
2017-08-19 13:00:00+01:00,105.88496757284881
2017-08-19 14:00:00+01:00,107.50852747608431
2017-08-19 15:00:00+01:00,111.75223127041284
2017-08-19 16:00:00+01:00,109.25099592521805
2017-08-19 17:00:00+01:00,133.83373949167714
2017-08-19 18:00:00+01:00,158.05614543951657
2017-08-19 19:00:00+01:00,172.68994863066737
2017-08-19 20:00:00+01:00,178.04632278174398
2017-08-19 21:00:00+01:00,196.7347901438125
2017-08-19 22:00:00+01:00,175.4949873278873
2017-08-19 23:00:00+01:00,147.4656563102639
2017-08-20 00:00:00+01:00,139.24770422501945
2017-08-20 01:00:00+01:00,138.90702317902247
2017-08-20 02:00:00+01:00,140.51436605502028
2017-08-20 03:00:00+01:00,120.75066762246097
2017-08-20 04:00:00+01:00,129.10189069911905
2017-08-20 05:00:00+01:00,140.21890404730325
2017-08-20 06:00:00+01:00,154.4655799147758
2017-08-20 07:00:00+01:00,162.89551966210144
2017-08-20 08:00:00+01:00,156.99528127736266
2017-08-20 09:00:00+01:00,167.04835880712315
2017-08-20 10:00:00+01:00,174.78365934123516
2017-08-20 11:00:00+01:00,190.21875754179928
2017-08-20 12:00:00+01:00,192.27650681615663
2017-08-20 13:00:00+01:00,195.81773819622902
2017-08-20 14:00:00+01:00,212.98257816500671
2017-08-20 15:00:00+01:00,229.8435562832857
2017-08-20 16:00:00+01:00,250.91684583729517
2017-08-20 17:00:00+01:00,277.2022910277005
2017-08-20 18:00:00+01:00,291.4717005333384
2017-08-20 19:00:00+01:00,293.00000166801107
2017-08-20 20:00:00+01:00,288.7672394265262
2017-08-20 21:00:00+01:00,289.9710074320844
2017-08-20 22:00:00+01:00,274.25077231484295
2017-08-20 23:00:00+01:00,251.007303533132
2017-08-21 00:00:00+01:00,218.68353545361424
2017-08-21 01:00:00+01:00,215.8426322195595
2017-08-21 02:00:00+01:00,217.75237331137603
2017-08-21 03:00:00+01:00,212.85617579537595
2017-08-21 04:00:00+01:00,212.6415773219695
2017-08-21 05:00:00+01:00,224.41897255198734
2017-08-21 06:00:00+01:00,235.6974540786623
2017-08-21 07:00:00+01:00,268.88040120579365
2017-08-21 08:00:00+01:00,284.9793184258602
2017-08-21 09:00:00+01:00,285.8324482563345
2017-08-21 10:00:00+01:00,281.7390498055879
2017-08-21 11:00:00+01:00,279.31356464929974
2017-08-21 12:00:00+01:00,271.9829708544878
2017-08-21 13:00:00+01:00,268.6832363948401
2017-08-21 14:00:00+01:00,267.93755545575806
2017-08-21 15:00:00+01:00,276.84856408631805
2017-08-21 16:00:00+01:00,288.82793389094394
2017-08-21 17:00:00+01:00,293.22194942432964
2017-08-21 18:00:00+01:00,298.62626252506124
2017-08-21 19:00:00+01:00,305.5772962648627
2017-08-21 20:00:00+01:00,313.8803092764084
2017-08-21 21:00:00+01:00,320.1957837628971
2017-08-21 22:00:00+01:00,303.21238640085164
2017-08-21 23:00:00+01:00,269.4318921937042
2017-08-22 00:00:00+01:00,240.57050574842532
2017-08-22 01:00:00+01:00,232.26848102779815
2017-08-22 02:00:00+01:00,234.14656896821683
2017-08-22 03:00:00+01:00,229.19745277600688
2017-08-22 04:00:00+01:00,228.02835698979695
2017-08-22 05:00:00+01:00,254.31695741544556
2017-08-22 06:00:00+01:00,274.50449814895285
2017-08-22 07:00:00+01:00,290.4940483519983
2017-08-22 08:00:00+01:00,303.47173613090894
2017-08-22 09:00:00+01:00,299.2605564968063
2017-08-22 10:00:00+01:00,289.2764210887456
2017-08-22 11:00:00+01:00,286.60078721140513
2017-08-22 12:00:00+01:00,284.01185435646534
2017-08-22 13:00:00+01:00,281.6196528286389
2017-08-22 14:00:00+01:00,273.0831010251814
2017-08-22 15:00:00+01:00,272.7928401841841
2017-08-22 16:00:00+01:00,273.7920868483609
2017-08-22 17:00:00+01:00,284.1559398691333
2017-08-22 18:00:00+01:00,288.1316078911825
2017-08-22 19:00:00+01:00,292.39520404372144
2017-08-22 20:00:00+01:00,287.8937385865614
2017-08-22 21:00:00+01:00,276.5298313487568
2017-08-22 22:00:00+01:00,231.17343411205354
2017-08-22 23:00:00+01:00,190.94835728608237
2017-08-23 00:00:00+01:00,154.50075717403863
2017-08-23 01:00:00+01:00,136.37658926231114
2017-08-23 02:00:00+01:00,132.336236789876
2017-08-23 03:00:00+01:00,124.36562969010544
2017-08-23 04:00:00+01:00,136.38963286588265
2017-08-23 05:00:00+01:00,150.76548994554096
2017-08-23 06:00:00+01:00,165.30867621679943
2017-08-23 07:00:00+01:00,216.823918979716
2017-08-23 08:00:00+01:00,244.20546035088634
2017-08-23 09:00:00+01:00,249.50438151659696
2017-08-23 10:00:00+01:00,250.94759557375036
2017-08-23 11:00:00+01:00,236.44235359350665
2017-08-23 12:00:00+01:00,236.10988399632177
2017-08-23 13:00:00+01:00,233.24689493219265
2017-08-23 14:00:00+01:00,227.76722584555597
2017-08-23 15:00:00+01:00,227.1883892584092
2017-08-23 16:00:00+01:00,243.0938436528756
2017-08-23 17:00:00+01:00,255.82796212853071
2017-08-23 18:00:00+01:00,266.28607176054544
2017-08-23 19:00:00+01:00,274.4469670636154
2017-08-23 20:00:00+01:00,273.4025705960635
2017-08-23 21:00:00+01:00,275.6844753537644
2017-08-23 22:00:00+01:00,262.46133985028933
2017-08-23 23:00:00+01:00,232.88594516114063
2017-08-24 00:00:00+01:00,196.17875126512644
2017-08-24 01:00:00+01:00,168.40675683455885
2017-08-24 02:00:00+01:00,174.94843775382697
2017-08-24 03:00:00+01:00,172.4086374164158
2017-08-24 04:00:00+01:00,178.7415152844272
2017-08-24 05:00:00+01:00,186.53920472997447
2017-08-24 06:00:00+01:00,193.32524408774358
2017-08-24 07:00:00+01:00,228.40093036928477
2017-08-24 08:00:00+01:00,252.5715151494644
2017-08-24 09:00:00+01:00,254.57174313407813
2017-08-24 10:00:00+01:00,245.19966302457516
2017-08-24 11:00:00+01:00,240.50787534210605
2017-08-24 12:00:00+01:00,236.97273191615352
2017-08-24 13:00:00+01:00,228.85588618402576
2017-08-24 14:00:00+01:00,225.44365354627894
2017-08-24 15:00:00+01:00,226.09598319582668
2017-08-24 16:00:00+01:00,232.64393361628845
2017-08-24 17:00:00+01:00,254.57833812311054
2017-08-24 18:00:00+01:00,269.9124476648653
2017-08-24 19:00:00+01:00,278.0532213726466
2017-08-24 20:00:00+01:00,279.8415435551775
2017-08-24 21:00:00+01:00,275.90312284864456
2017-08-24 22:00:00+01:00,255.1017904943254
2017-08-24 23:00:00+01:00,231.84881957206176
2017-08-25 00:00:00+01:00,204.09665972565153
2017-08-25 01:00:00+01:00,195.27695391286235
2017-08-25 02:00:00+01:00,190.23695774660223
2017-08-25 03:00:00+01:00,195.21706496556772
2017-08-25 04:00:00+01:00,193.9909991409513
2017-08-25 05:00:00+01:00,202.98482097156884
2017-08-25 06:00:00+01:00,230.10165119816045
2017-08-25 07:00:00+01:00,282.35469975667326
2017-08-25 08:00:00+01:00,278.8523507588985
2017-08-25 09:00:00+01:00,271.79613548004596
2017-08-25 10:00:00+01:00,263.6216679615855
2017-08-25 11:00:00+01:00,261.22935319801246
2017-08-25 12:00:00+01:00,257.7196396502831
2017-08-25 13:00:00+01:00,251.71797018244786
2017-08-25 14:00:00+01:00,247.36724776500438
2017-08-25 15:00:00+01:00,251.98235502455603
2017-08-25 16:00:00+01:00,251.62552039813318
2017-08-25 17:00:00+01:00,271.1968721761329
2017-08-25 18:00:00+01:00,288.5050058186574
2017-08-25 19:00:00+01:00,296.5548137926414
2017-08-25 20:00:00+01:00,292.7367870230363
2017-08-25 21:00:00+01:00,294.6327692910121
2017-08-25 22:00:00+01:00,295.52666992550496
2017-08-25 23:00:00+01:00,279.5450403600003
2017-08-26 00:00:00+01:00,261.54390771762644
2017-08-26 01:00:00+01:00,242.0277736808594
2017-08-26 02:00:00+01:00,245.16565296237223
2017-08-26 03:00:00+01:00,239.66764740395033
2017-08-26 04:00:00+01:00,240.41318403900468
2017-08-26 05:00:00+01:00,237.70403218941718
2017-08-26 06:00:00+01:00,235.34878867644926
2017-08-26 07:00:00+01:00,233.28235656155186
2017-08-26 08:00:00+01:00,231.45468160716135
2017-08-26 09:00:00+01:00,229.8266444729206
2017-08-26 10:00:00+01:00,228.3672292941603
2017-08-26 11:00:00+01:00,227.05152872551844
2017-08-26 12:00:00+01:00,224.22906457995288
2017-08-26 13:00:00+01:00,211.0485490668485
2017-08-26 14:00:00+01:00,201.5857265128874
2017-08-26 15:00:00+01:00,210.1007230510993
2017-08-26 16:00:00+01:00,227.05639163283357
2017-08-26 17:00:00+01:00,250.73956841635
2017-08-26 18:00:00+01:00,273.28856664464286
2017-08-26 19:00:00+01:00,283.0879610032278
2017-08-26 20:00:00+01:00,281.3296066615246
2017-08-26 21:00:00+01:00,284.188908682324
2017-08-26 22:00:00+01:00,289.47120703581055
2017-08-26 23:00:00+01:00,275.4468461264707
2017-08-27 00:00:00+01:00,260.53009209612657
2017-08-27 01:00:00+01:00,254.86766823810336
2017-08-27 02:00:00+01:00,244.83936538960504
2017-08-27 03:00:00+01:00,240.93304145006965
2017-08-27 04:00:00+01:00,237.09796730465047
2017-08-27 05:00:00+01:00,233.33221121854885
2017-08-27 06:00:00+01:00,229.63391066282648
2017-08-27 07:00:00+01:00,226.00126924272683
2017-08-27 08:00:00+01:00,214.75636465081607
2017-08-27 09:00:00+01:00,205.87955761609595
2017-08-27 10:00:00+01:00,195.12839074589542
2017-08-27 11:00:00+01:00,186.10440339742559
2017-08-27 12:00:00+01:00,172.32611788469774
2017-08-27 13:00:00+01:00,166.49210131961337
2017-08-27 14:00:00+01:00,157.7009125014119
2017-08-27 15:00:00+01:00,158.81083947213557
2017-08-27 16:00:00+01:00,192.17867624996836
2017-08-27 17:00:00+01:00,220.21609270591895
2017-08-27 18:00:00+01:00,240.20212457526213
2017-08-27 19:00:00+01:00,251.6021776331622
2017-08-27 20:00:00+01:00,253.22214580606433
2017-08-27 21:00:00+01:00,249.16655958465418
2017-08-27 22:00:00+01:00,254.75710064788956
2017-08-27 23:00:00+01:00,233.6772154738687
2017-08-28 00:00:00+01:00,202.2217984836142
2017-08-28 01:00:00+01:00,193.3449071538149
2017-08-28 02:00:00+01:00,190.24343233603236
2017-08-28 03:00:00+01:00,177.72370165630446
2017-08-28 04:00:00+01:00,178.4835779849377
2017-08-28 05:00:00+01:00,197.14120977386733
2017-08-28 06:00:00+01:00,203.91156170351758
2017-08-28 07:00:00+01:00,197.67567590929465
2017-08-28 08:00:00+01:00,191.87795874251492
2017-08-28 09:00:00+01:00,175.6616403091588
2017-08-28 10:00:00+01:00,157.18396876780716
2017-08-28 11:00:00+01:00,144.3980394385376
2017-08-28 12:00:00+01:00,138.92428534538328
2017-08-28 13:00:00+01:00,135.52995673564706
2017-08-28 14:00:00+01:00,143.3407299687604
2017-08-28 15:00:00+01:00,142.57086608152824
2017-08-28 16:00:00+01:00,150.30894469792523
2017-08-28 17:00:00+01:00,170.48637076274727
2017-08-28 18:00:00+01:00,198.76125295965917
2017-08-28 19:00:00+01:00,214.97615594214113
2017-08-28 20:00:00+01:00,218.55784739545095
2017-08-28 21:00:00+01:00,231.84016403073167
2017-08-28 22:00:00+01:00,221.41957406911604
2017-08-28 23:00:00+01:00,216.82558581393462
2017-08-29 00:00:00+01:00,213.3868599574454
2017-08-29 01:00:00+01:00,209.16998703474067
2017-08-29 02:00:00+01:00,197.3194478452934
2017-08-29 03:00:00+01:00,192.7740962247841
2017-08-29 04:00:00+01:00,190.45603252184515
2017-08-29 05:00:00+01:00,199.29523352087344
2017-08-29 06:00:00+01:00,232.83121242133265
2017-08-29 07:00:00+01:00,256.71707657137046
2017-08-29 08:00:00+01:00,280.87657054396277
2017-08-29 09:00:00+01:00,278.54524939890825
2017-08-29 10:00:00+01:00,269.11361224336434
2017-08-29 11:00:00+01:00,258.8469004101445
2017-08-29 12:00:00+01:00,250.94624888894688
2017-08-29 13:00:00+01:00,241.99398906276826
2017-08-29 14:00:00+01:00,245.98445681387463
2017-08-29 15:00:00+01:00,247.68420181021878
2017-08-29 16:00:00+01:00,259.8498101322859
2017-08-29 17:00:00+01:00,270.54741782387794
2017-08-29 18:00:00+01:00,281.6051958054222
2017-08-29 19:00:00+01:00,285.1900663285926
2017-08-29 20:00:00+01:00,271.3818592986273
2017-08-29 21:00:00+01:00,269.25886107054276
2017-08-29 22:00:00+01:00,258.1594898336989
2017-08-29 23:00:00+01:00,229.22196044066635
2017-08-30 00:00:00+01:00,196.13137724471105
2017-08-30 01:00:00+01:00,181.64105313431668
2017-08-30 02:00:00+01:00,167.5538791718689
2017-08-30 03:00:00+01:00,174.0546590301591
2017-08-30 04:00:00+01:00,175.7095828298718
2017-08-30 05:00:00+01:00,187.66136368462654
2017-08-30 06:00:00+01:00,206.37228200475502
2017-08-30 07:00:00+01:00,261.35645580550573
2017-08-30 08:00:00+01:00,287.40612466315275
2017-08-30 09:00:00+01:00,294.3901042599749
2017-08-30 10:00:00+01:00,288.04943207514856
2017-08-30 11:00:00+01:00,281.649280124016
2017-08-30 12:00:00+01:00,275.15980049955726
2017-08-30 13:00:00+01:00,265.70851479362597
2017-08-30 14:00:00+01:00,258.5870354570476
2017-08-30 15:00:00+01:00,262.3966729895039
2017-08-30 16:00:00+01:00,271.78235720388125
2017-08-30 17:00:00+01:00,290.763908894529
2017-08-30 18:00:00+01:00,298.9160974084145
2017-08-30 19:00:00+01:00,317.1810296842787
2017-08-30 20:00:00+01:00,318.54561118203947
2017-08-30 21:00:00+01:00,326.06387340571314
2017-08-30 22:00:00+01:00,317.0533200563056
2017-08-30 23:00:00+01:00,296.0766321864072
2017-08-31 00:00:00+01:00,275.51204487265636
2017-08-31 01:00:00+01:00,273.54262337431453
2017-08-31 02:00:00+01:00,261.20239458873283
2017-08-31 03:00:00+01:00,255.22396699271053
2017-08-31 04:00:00+01:00,261.006111656424
2017-08-31 05:00:00+01:00,263.8019085142818
2017-08-31 06:00:00+01:00,277.789587074179
2017-08-31 07:00:00+01:00,302.66943851225994
2017-08-31 08:00:00+01:00,322.0584045649198
2017-08-31 09:00:00+01:00,295.5767754729249
2017-08-31 10:00:00+01:00,286.63188847694784
2017-08-31 11:00:00+01:00,279.18567451314976
2017-08-31 12:00:00+01:00,279.5748409587662
2017-08-31 13:00:00+01:00,269.37766575229733
2017-08-31 14:00:00+01:00,272.5255369008933
2017-08-31 15:00:00+01:00,281.8306478849358
2017-08-31 16:00:00+01:00,294.07245704107095
2017-08-31 17:00:00+01:00,310.46708280962173
2017-08-31 18:00:00+01:00,322.0417119976097
2017-08-31 19:00:00+01:00,329.3937893041884
2017-08-31 20:00:00+01:00,327.9590515056812
2017-08-31 21:00:00+01:00,346.0465855845331
2017-08-31 22:00:00+01:00,332.26718163210234
2017-08-31 23:00:00+01:00,307.7762856251517
2017-09-01 00:00:00+01:00,289.5893150302375
2017-09-01 01:00:00+01:00,282.5902157529565
2017-09-01 02:00:00+01:00,285.92522268751566
2017-09-01 03:00:00+01:00,271.91160089208324
2017-09-01 04:00:00+01:00,269.4512593981138
2017-09-01 05:00:00+01:00,271.7015395869732
2017-09-01 06:00:00+01:00,292.9675837905911
2017-09-01 07:00:00+01:00,305.749940387604
2017-09-01 08:00:00+01:00,312.8638062578601
2017-09-01 09:00:00+01:00,287.6404586155626
2017-09-01 10:00:00+01:00,274.4860080143778
2017-09-01 11:00:00+01:00,261.14395054530075
2017-09-01 12:00:00+01:00,257.0045122029312
2017-09-01 13:00:00+01:00,256.29826422440544
2017-09-01 14:00:00+01:00,244.7474235416303
2017-09-01 15:00:00+01:00,250.29328666455913
2017-09-01 16:00:00+01:00,267.62309260799236
2017-09-01 17:00:00+01:00,285.6836693475968
2017-09-01 18:00:00+01:00,301.2472389821426
2017-09-01 19:00:00+01:00,309.37032542066174
2017-09-01 20:00:00+01:00,313.9547568504115
2017-09-01 21:00:00+01:00,319.3258833625212
2017-09-01 22:00:00+01:00,313.59694373614934
2017-09-01 23:00:00+01:00,284.80822534928666
2017-09-02 00:00:00+01:00,267.5495455325181
2017-09-02 01:00:00+01:00,252.5115724563897
2017-09-02 02:00:00+01:00,244.21522888174027
2017-09-02 03:00:00+01:00,232.16944498792802
2017-09-02 04:00:00+01:00,233.3849073056639
2017-09-02 05:00:00+01:00,237.1451541161014
2017-09-02 06:00:00+01:00,232.9395432363509
2017-09-02 07:00:00+01:00,243.71231679691837
2017-09-02 08:00:00+01:00,247.29583566854924
2017-09-02 09:00:00+01:00,240.17906268649307
2017-09-02 10:00:00+01:00,216.7789451172484
2017-09-02 11:00:00+01:00,215.10305213974436
2017-09-02 12:00:00+01:00,213.39553366701716
2017-09-02 13:00:00+01:00,211.65548597291237
2017-09-02 14:00:00+01:00,209.88197056711766
2017-09-02 15:00:00+01:00,208.07401250731485
2017-09-02 16:00:00+01:00,206.23059861203035
2017-09-02 17:00:00+01:00,204.3506755673018
2017-09-02 18:00:00+01:00,231.3425643332912
2017-09-02 19:00:00+01:00,245.54869567299482
2017-09-02 20:00:00+01:00,246.83920973484743
2017-09-02 21:00:00+01:00,238.8835192154742
2017-09-02 22:00:00+01:00,218.47641222946737
2017-09-02 23:00:00+01:00,188.17263058463377
2017-09-03 00:00:00+01:00,170.25365080440744
2017-09-03 01:00:00+01:00,157.4554664409188
2017-09-03 02:00:00+01:00,134.78015453496272
2017-09-03 03:00:00+01:00,131.67866518480182
2017-09-03 04:00:00+01:00,130.0357985909259
2017-09-03 05:00:00+01:00,126.24885941747807
2017-09-03 06:00:00+01:00,132.0584080738572
2017-09-03 07:00:00+01:00,131.76739371414357
2017-09-03 08:00:00+01:00,143.95444462996133
2017-09-03 09:00:00+01:00,156.98766928287083
2017-09-03 10:00:00+01:00,166.91280464801207
2017-09-03 11:00:00+01:00,162.9443090594398
2017-09-03 12:00:00+01:00,168.35117447772012
2017-09-03 13:00:00+01:00,171.81077699396587
2017-09-03 14:00:00+01:00,175.36593217466833
2017-09-03 15:00:00+01:00,177.38011064758942
2017-09-03 16:00:00+01:00,191.9369461733338
2017-09-03 17:00:00+01:00,215.15712194454912
2017-09-03 18:00:00+01:00,233.28515930068332
2017-09-03 19:00:00+01:00,236.14465679406757
2017-09-03 20:00:00+01:00,242.7573588683439
2017-09-03 21:00:00+01:00,237.26126386315283
2017-09-03 22:00:00+01:00,223.60614461353174
2017-09-03 23:00:00+01:00,197.65841070823745
2017-09-04 00:00:00+01:00,186.39297423527813
2017-09-04 01:00:00+01:00,183.17682060379633
2017-09-04 02:00:00+01:00,185.6423582966486
2017-09-04 03:00:00+01:00,184.62766265665903
2017-09-04 04:00:00+01:00,178.64925045782834
2017-09-04 05:00:00+01:00,179.63635593640905
2017-09-04 06:00:00+01:00,187.62851116907
2017-09-04 07:00:00+01:00,250.66022873892297
2017-09-04 08:00:00+01:00,291.01149002601096
2017-09-04 09:00:00+01:00,283.7892564815751
2017-09-04 10:00:00+01:00,271.6054675097565
2017-09-04 11:00:00+01:00,257.83240958172536
2017-09-04 12:00:00+01:00,265.88465972205654
2017-09-04 13:00:00+01:00,261.2206771446689
2017-09-04 14:00:00+01:00,255.74171084683087
2017-09-04 15:00:00+01:00,257.7837953970687
2017-09-04 16:00:00+01:00,266.7588173170072
2017-09-04 17:00:00+01:00,275.22716075290907
2017-09-04 18:00:00+01:00,286.23952823324476
2017-09-04 19:00:00+01:00,298.20611413860996
2017-09-04 20:00:00+01:00,300.5764177591616
2017-09-04 21:00:00+01:00,291.7139852245692
2017-09-04 22:00:00+01:00,272.58776182211733
2017-09-04 23:00:00+01:00,237.40209805086428
2017-09-05 00:00:00+01:00,203.11939773775254
2017-09-05 01:00:00+01:00,196.10230685198664
2017-09-05 02:00:00+01:00,190.4485731185599
2017-09-05 03:00:00+01:00,184.05443223550174
2017-09-05 04:00:00+01:00,194.71656360281366
2017-09-05 05:00:00+01:00,200.7659844691432
2017-09-05 06:00:00+01:00,221.52894564474315
2017-09-05 07:00:00+01:00,266.0343961891168
2017-09-05 08:00:00+01:00,292.15339553540946
2017-09-05 09:00:00+01:00,281.9959402501659
2017-09-05 10:00:00+01:00,270.2519840884088
2017-09-05 11:00:00+01:00,273.6140680792795
2017-09-05 12:00:00+01:00,268.9192596255408
2017-09-05 13:00:00+01:00,263.96644350501674
2017-09-05 14:00:00+01:00,262.0893737551147
2017-09-05 15:00:00+01:00,242.91801447652722
2017-09-05 16:00:00+01:00,244.29251505189697
2017-09-05 17:00:00+01:00,260.38818908159385
2017-09-05 18:00:00+01:00,265.5833667845928
2017-09-05 19:00:00+01:00,272.6879810618085
2017-09-05 20:00:00+01:00,278.00196944549657
2017-09-05 21:00:00+01:00,272.6742494839762
2017-09-05 22:00:00+01:00,243.75078734944657
2017-09-05 23:00:00+01:00,188.41637126202508
2017-09-06 00:00:00+01:00,157.15461349510073
2017-09-06 01:00:00+01:00,132.91064420882697
2017-09-06 02:00:00+01:00,132.39667643650182
2017-09-06 03:00:00+01:00,133.75193014913432
2017-09-06 04:00:00+01:00,132.55353995271784
2017-09-06 05:00:00+01:00,127.57331215899484
2017-09-06 06:00:00+01:00,157.74926601733154
2017-09-06 07:00:00+01:00,201.49512149064748
2017-09-06 08:00:00+01:00,219.03208180486743
2017-09-06 09:00:00+01:00,206.40575084220308
2017-09-06 10:00:00+01:00,192.82636095933282
2017-09-06 11:00:00+01:00,190.14830742848864
2017-09-06 12:00:00+01:00,191.8828935924527
2017-09-06 13:00:00+01:00,196.05688003860254
2017-09-06 14:00:00+01:00,195.25998663773078
2017-09-06 15:00:00+01:00,193.36688155290705
2017-09-06 16:00:00+01:00,203.88730843811848
2017-09-06 17:00:00+01:00,239.355473661034
2017-09-06 18:00:00+01:00,264.25722510233504
2017-09-06 19:00:00+01:00,277.77276679142807
2017-09-06 20:00:00+01:00,281.5203227510281
2017-09-06 21:00:00+01:00,284.4888873557218
2017-09-06 22:00:00+01:00,278.44852469143393
2017-09-06 23:00:00+01:00,243.53342179310025
2017-09-07 00:00:00+01:00,195.96655144881078
2017-09-07 01:00:00+01:00,187.55618087170814
2017-09-07 02:00:00+01:00,201.21804085586678
2017-09-07 03:00:00+01:00,197.49147554392778
2017-09-07 04:00:00+01:00,195.7421109753842
2017-09-07 05:00:00+01:00,210.21859349324205
2017-09-07 06:00:00+01:00,239.59139807637928
2017-09-07 07:00:00+01:00,264.6734016377476
2017-09-07 08:00:00+01:00,244.85421197041163
2017-09-07 09:00:00+01:00,223.4110434892839
2017-09-07 10:00:00+01:00,228.8905501182576
2017-09-07 11:00:00+01:00,221.99421251441498
2017-09-07 12:00:00+01:00,221.19034435853996
2017-09-07 13:00:00+01:00,221.09290555613342
2017-09-07 14:00:00+01:00,211.8885258762873
2017-09-07 15:00:00+01:00,211.4594504511931
2017-09-07 16:00:00+01:00,224.12102653245094
2017-09-07 17:00:00+01:00,240.8311938370177
2017-09-07 18:00:00+01:00,243.95741692500567
2017-09-07 19:00:00+01:00,244.6143661547281
2017-09-07 20:00:00+01:00,247.5108992828955
2017-09-07 21:00:00+01:00,228.5580325982497
2017-09-07 22:00:00+01:00,189.63506087362242
2017-09-07 23:00:00+01:00,159.29231751871131
2017-09-08 00:00:00+01:00,142.93035652450135
2017-09-08 01:00:00+01:00,126.76638305849714
2017-09-08 02:00:00+01:00,127.36793902680914
2017-09-08 03:00:00+01:00,130.38757680037136
2017-09-08 04:00:00+01:00,134.60614527409203
2017-09-08 05:00:00+01:00,132.21387392172065
2017-09-08 06:00:00+01:00,158.67729308222772
2017-09-08 07:00:00+01:00,206.80136972386367
2017-09-08 08:00:00+01:00,238.2974562011239
2017-09-08 09:00:00+01:00,238.9738792844976
2017-09-08 10:00:00+01:00,239.76000757252734
2017-09-08 11:00:00+01:00,237.55778340758147
2017-09-08 12:00:00+01:00,225.06997687149456
2017-09-08 13:00:00+01:00,234.1436624224888
2017-09-08 14:00:00+01:00,232.65308285065137
2017-09-08 15:00:00+01:00,216.79948196509278
2017-09-08 16:00:00+01:00,234.92722492674363
2017-09-08 17:00:00+01:00,250.4237257494144
2017-09-08 18:00:00+01:00,265.21160252972305
2017-09-08 19:00:00+01:00,281.42072480226807
2017-09-08 20:00:00+01:00,286.2678123047089
2017-09-08 21:00:00+01:00,290.72373309839674
2017-09-08 22:00:00+01:00,270.8254131183153
2017-09-08 23:00:00+01:00,249.26554464508098
2017-09-09 00:00:00+01:00,218.57965913658438
2017-09-09 01:00:00+01:00,203.63329806884994
2017-09-09 02:00:00+01:00,205.64198612782116
2017-09-09 03:00:00+01:00,200.49410994253068
2017-09-09 04:00:00+01:00,203.09646780520393
2017-09-09 05:00:00+01:00,204.66718839691373
2017-09-09 06:00:00+01:00,205.1589614945787
2017-09-09 07:00:00+01:00,221.43535313019092
2017-09-09 08:00:00+01:00,242.1460249121926
2017-09-09 09:00:00+01:00,234.36833021183656
2017-09-09 10:00:00+01:00,219.74029162621224
2017-09-09 11:00:00+01:00,220.80185552879232
2017-09-09 12:00:00+01:00,217.07007846614988
2017-09-09 13:00:00+01:00,213.92291092468645
2017-09-09 14:00:00+01:00,221.35283550680109
2017-09-09 15:00:00+01:00,216.78174791272448
2017-09-09 16:00:00+01:00,235.66918214208977
2017-09-09 17:00:00+01:00,269.2040492826052
2017-09-09 18:00:00+01:00,299.42508301426176
2017-09-09 19:00:00+01:00,321.7740855506723
2017-09-09 20:00:00+01:00,317.84593065601484
2017-09-09 21:00:00+01:00,318.3217941695819
2017-09-09 22:00:00+01:00,308.3706364026451
2017-09-09 23:00:00+01:00,287.8581830133465
2017-09-10 00:00:00+01:00,261.5621693904098
2017-09-10 01:00:00+01:00,250.6124779719816
2017-09-10 02:00:00+01:00,244.15737654621682
2017-09-10 03:00:00+01:00,226.28131162540376
2017-09-10 04:00:00+01:00,225.4858305799135
2017-09-10 05:00:00+01:00,214.17731707516018
2017-09-10 06:00:00+01:00,207.17709303620444
2017-09-10 07:00:00+01:00,194.19564401051375
2017-09-10 08:00:00+01:00,183.21865887908424
2017-09-10 09:00:00+01:00,184.9384282087678
2017-09-10 10:00:00+01:00,190.6083268802223
2017-09-10 11:00:00+01:00,175.24257156228992
2017-09-10 12:00:00+01:00,178.52352196778813
2017-09-10 13:00:00+01:00,171.97803315064638
2017-09-10 14:00:00+01:00,165.95872472105498
2017-09-10 15:00:00+01:00,157.08546309474912
2017-09-10 16:00:00+01:00,160.85557327616382
2017-09-10 17:00:00+01:00,173.3151464811186
2017-09-10 18:00:00+01:00,185.30624645406817
2017-09-10 19:00:00+01:00,190.94152828088687
2017-09-10 20:00:00+01:00,199.94318793603375
2017-09-10 21:00:00+01:00,197.17820207881894
2017-09-10 22:00:00+01:00,164.44230979460812
2017-09-10 23:00:00+01:00,119.21050218862065
2017-09-11 00:00:00+01:00,125.79720357320616
2017-09-11 01:00:00+01:00,122.78412642684142
2017-09-11 02:00:00+01:00,122.60571510485563
2017-09-11 03:00:00+01:00,114.48602479082446
2017-09-11 04:00:00+01:00,119.79880382520763
2017-09-11 05:00:00+01:00,127.5501110774763
2017-09-11 06:00:00+01:00,149.5753452743918
2017-09-11 07:00:00+01:00,193.72529195014127
2017-09-11 08:00:00+01:00,220.07756164120792
2017-09-11 09:00:00+01:00,204.25206693642428
2017-09-11 10:00:00+01:00,196.08764359469615
2017-09-11 11:00:00+01:00,183.74522834694324
2017-09-11 12:00:00+01:00,172.93216682209012
2017-09-11 13:00:00+01:00,168.4163018128124
2017-09-11 14:00:00+01:00,170.68893100317416
2017-09-11 15:00:00+01:00,167.56902101980458
2017-09-11 16:00:00+01:00,191.3063245706009
2017-09-11 17:00:00+01:00,212.53480364720176
2017-09-11 18:00:00+01:00,225.0275396900931
2017-09-11 19:00:00+01:00,236.32447850598524
2017-09-11 20:00:00+01:00,249.5265644259507
2017-09-11 21:00:00+01:00,236.91979339797786
2017-09-11 22:00:00+01:00,214.07639826244778
2017-09-11 23:00:00+01:00,166.0139731055719
2017-09-12 00:00:00+01:00,137.23848200788757
2017-09-12 01:00:00+01:00,134.15030684149136
2017-09-12 02:00:00+01:00,134.76061864138006
2017-09-12 03:00:00+01:00,128.70433685658512
2017-09-12 04:00:00+01:00,131.04532381565798
2017-09-12 05:00:00+01:00,136.09505739779237
2017-09-12 06:00:00+01:00,163.9310779274195
2017-09-12 07:00:00+01:00,219.23086283950872
2017-09-12 08:00:00+01:00,244.6304224747733
2017-09-12 09:00:00+01:00,216.82662883177014
2017-09-12 10:00:00+01:00,217.19899451567474
2017-09-12 11:00:00+01:00,211.96092691611815
2017-09-12 12:00:00+01:00,217.71712713539594
2017-09-12 13:00:00+01:00,217.23865387894205
2017-09-12 14:00:00+01:00,230.34881729428253
2017-09-12 15:00:00+01:00,240.94112208782153
2017-09-12 16:00:00+01:00,268.7437821303017
2017-09-12 17:00:00+01:00,288.5379253277415
2017-09-12 18:00:00+01:00,299.58383269065797
2017-09-12 19:00:00+01:00,306.8325166782148
2017-09-12 20:00:00+01:00,303.4973497254851
2017-09-12 21:00:00+01:00,300.53796823105256
2017-09-12 22:00:00+01:00,278.97290392475566
2017-09-12 23:00:00+01:00,226.48689446452053
2017-09-13 00:00:00+01:00,183.1228618337088
2017-09-13 01:00:00+01:00,153.9053521799624
2017-09-13 02:00:00+01:00,151.07416971872377
2017-09-13 03:00:00+01:00,145.0800998348736
2017-09-13 04:00:00+01:00,139.41427506640557
2017-09-13 05:00:00+01:00,147.31163960256202
2017-09-13 06:00:00+01:00,185.55146301062817
2017-09-13 07:00:00+01:00,235.8702635574943
2017-09-13 08:00:00+01:00,240.0090357855111
2017-09-13 09:00:00+01:00,226.450626008878
2017-09-13 10:00:00+01:00,213.38868852429934
2017-09-13 11:00:00+01:00,205.19747422681536
2017-09-13 12:00:00+01:00,207.52424147313468
2017-09-13 13:00:00+01:00,205.85043434745722
2017-09-13 14:00:00+01:00,216.9481100025599
2017-09-13 15:00:00+01:00,209.25319794970014
2017-09-13 16:00:00+01:00,232.5711548038727
2017-09-13 17:00:00+01:00,255.46148824708592
2017-09-13 18:00:00+01:00,291.3573310789464
2017-09-13 19:00:00+01:00,301.25424651465755
2017-09-13 20:00:00+01:00,302.281345016218
2017-09-13 21:00:00+01:00,299.8074422300619
2017-09-13 22:00:00+01:00,291.0589170576307
2017-09-13 23:00:00+01:00,244.39082731841398
2017-09-14 00:00:00+01:00,201.53080713235784
2017-09-14 01:00:00+01:00,186.56193613323248
2017-09-14 02:00:00+01:00,188.52638260480916
2017-09-14 03:00:00+01:00,177.93126024212887
2017-09-14 04:00:00+01:00,167.55337285716487
2017-09-14 05:00:00+01:00,161.66867513873032
2017-09-14 06:00:00+01:00,179.26039904564036
2017-09-14 07:00:00+01:00,221.8548021324107
2017-09-14 08:00:00+01:00,244.82283164113883
2017-09-14 09:00:00+01:00,225.3011353104438
2017-09-14 10:00:00+01:00,206.9547447689042
2017-09-14 11:00:00+01:00,195.10766352605145
2017-09-14 12:00:00+01:00,193.41076061595385
2017-09-14 13:00:00+01:00,190.25713780382785
2017-09-14 14:00:00+01:00,185.3436706517344
2017-09-14 15:00:00+01:00,188.63410428847791
2017-09-14 16:00:00+01:00,215.771792806769
2017-09-14 17:00:00+01:00,252.6710138141692
2017-09-14 18:00:00+01:00,294.0747557845142
2017-09-14 19:00:00+01:00,310.86082291890756
2017-09-14 20:00:00+01:00,312.8219036234261
2017-09-14 21:00:00+01:00,318.71655826106746
2017-09-14 22:00:00+01:00,298.1059177008861
2017-09-14 23:00:00+01:00,250.59781509658413
2017-09-15 00:00:00+01:00,231.15578070396236
2017-09-15 01:00:00+01:00,226.68833826657956
2017-09-15 02:00:00+01:00,240.41354510805866
2017-09-15 03:00:00+01:00,231.74214270957162
2017-09-15 04:00:00+01:00,237.58590336050216
2017-09-15 05:00:00+01:00,244.5395594969009
2017-09-15 06:00:00+01:00,266.98369760815234
2017-09-15 07:00:00+01:00,296.1588361624499
2017-09-15 08:00:00+01:00,302.5097729500219
2017-09-15 09:00:00+01:00,290.3500870784765
2017-09-15 10:00:00+01:00,273.2094459250123
2017-09-15 11:00:00+01:00,272.37501157977357
2017-09-15 12:00:00+01:00,268.038698412113
2017-09-15 13:00:00+01:00,272.90461913961684
2017-09-15 14:00:00+01:00,273.06499561054375
2017-09-15 15:00:00+01:00,265.66243216360414
2017-09-15 16:00:00+01:00,284.63426751754884
2017-09-15 17:00:00+01:00,298.69377085278404
2017-09-15 18:00:00+01:00,312.1575124053698
2017-09-15 19:00:00+01:00,320.1721798535901
2017-09-15 20:00:00+01:00,321.1773399594123
2017-09-15 21:00:00+01:00,320.62577753135815
2017-09-15 22:00:00+01:00,297.41166745814513
2017-09-15 23:00:00+01:00,273.70945750509725
2017-09-16 00:00:00+01:00,249.21350049856974
2017-09-16 01:00:00+01:00,248.94719059436153
2017-09-16 02:00:00+01:00,249.8800683051052
2017-09-16 03:00:00+01:00,241.59348603044566
2017-09-16 04:00:00+01:00,240.99972595180677
2017-09-16 05:00:00+01:00,252.30666951676636
2017-09-16 06:00:00+01:00,272.8103949899933
2017-09-16 07:00:00+01:00,278.4512226516725
2017-09-16 08:00:00+01:00,287.7668020833178
2017-09-16 09:00:00+01:00,278.92219571868026
2017-09-16 10:00:00+01:00,280.66917952309296
2017-09-16 11:00:00+01:00,266.2644710842174
2017-09-16 12:00:00+01:00,256.9086851627852
2017-09-16 13:00:00+01:00,252.0686202279423
2017-09-16 14:00:00+01:00,256.32319007964117
2017-09-16 15:00:00+01:00,253.80427437113818
2017-09-16 16:00:00+01:00,268.28517945962165
2017-09-16 17:00:00+01:00,294.69520011983536
2017-09-16 18:00:00+01:00,316.91169177054337
2017-09-16 19:00:00+01:00,321.18910550013743
2017-09-16 20:00:00+01:00,323.6235846148404
2017-09-16 21:00:00+01:00,325.6691937751909
2017-09-16 22:00:00+01:00,314.8541423843095
2017-09-16 23:00:00+01:00,286.30382967755264
2017-09-17 00:00:00+01:00,267.6097424811582
2017-09-17 01:00:00+01:00,262.86326906827014
2017-09-17 02:00:00+01:00,267.478041900853
2017-09-17 03:00:00+01:00,268.49622728856747
2017-09-17 04:00:00+01:00,265.46677576806775
2017-09-17 05:00:00+01:00,264.85674857740264
2017-09-17 06:00:00+01:00,271.5891394371305
2017-09-17 07:00:00+01:00,275.5113643736163
2017-09-17 08:00:00+01:00,280.1789401528873
2017-09-17 09:00:00+01:00,279.6141835004849
2017-09-17 10:00:00+01:00,276.10574631059245
2017-09-17 11:00:00+01:00,266.8857250574617
2017-09-17 12:00:00+01:00,265.9738789044892
2017-09-17 13:00:00+01:00,273.8355711234774
2017-09-17 14:00:00+01:00,271.3965976395196
2017-09-17 15:00:00+01:00,271.3523490208626
2017-09-17 16:00:00+01:00,287.0444911356325
2017-09-17 17:00:00+01:00,302.7137207735843
2017-09-17 18:00:00+01:00,322.9875055125131
2017-09-17 19:00:00+01:00,329.12765621593417
2017-09-17 20:00:00+01:00,325.9635490610608
2017-09-17 21:00:00+01:00,336.8590381626799
2017-09-17 22:00:00+01:00,309.34489046294044
2017-09-17 23:00:00+01:00,291.9968640469649
2017-09-18 00:00:00+01:00,281.3947755190825
2017-09-18 01:00:00+01:00,271.66093057499336
2017-09-18 02:00:00+01:00,269.621111213173
2017-09-18 03:00:00+01:00,265.1336889628279
2017-09-18 04:00:00+01:00,263.43455245407813
2017-09-18 05:00:00+01:00,270.02739713479195
2017-09-18 06:00:00+01:00,314.8904681115679
2017-09-18 07:00:00+01:00,347.95133088909444
2017-09-18 08:00:00+01:00,367.8464621774883
2017-09-18 09:00:00+01:00,348.9157862597503
2017-09-18 10:00:00+01:00,332.712490614423
2017-09-18 11:00:00+01:00,319.13339392343386
2017-09-18 12:00:00+01:00,317.80477649864883
2017-09-18 13:00:00+01:00,322.3850333506371
2017-09-18 14:00:00+01:00,327.74560143936736
2017-09-18 15:00:00+01:00,329.90905337499936
2017-09-18 16:00:00+01:00,359.1204644345536
2017-09-18 17:00:00+01:00,374.9845351631377
2017-09-18 18:00:00+01:00,382.691361160757
2017-09-18 19:00:00+01:00,389.19451048973434
2017-09-18 20:00:00+01:00,389.67562671689325
2017-09-18 21:00:00+01:00,388.08722105603294
2017-09-18 22:00:00+01:00,366.5503044715661
2017-09-18 23:00:00+01:00,323.2335009986631
2017-09-19 00:00:00+01:00,305.06349450717795
2017-09-19 01:00:00+01:00,288.8700192175649
2017-09-19 02:00:00+01:00,290.0676485935939
2017-09-19 03:00:00+01:00,282.2101838165508
2017-09-19 04:00:00+01:00,281.4624152039777
2017-09-19 05:00:00+01:00,290.5168253265254
2017-09-19 06:00:00+01:00,328.87801355367804
2017-09-19 07:00:00+01:00,367.3865401079362
2017-09-19 08:00:00+01:00,381.43897792557976
2017-09-19 09:00:00+01:00,357.8672371555043
2017-09-19 10:00:00+01:00,347.3992254045317
2017-09-19 11:00:00+01:00,326.65225931123615
2017-09-19 12:00:00+01:00,324.15921869493013
2017-09-19 13:00:00+01:00,316.52656350301436
2017-09-19 14:00:00+01:00,319.27376694824363
2017-09-19 15:00:00+01:00,319.4231097111813
2017-09-19 16:00:00+01:00,351.03796154450276
2017-09-19 17:00:00+01:00,383.69449755515535
2017-09-19 18:00:00+01:00,404.37108517984217
2017-09-19 19:00:00+01:00,402.36114874231436
2017-09-19 20:00:00+01:00,391.1739027624178
2017-09-19 21:00:00+01:00,381.1082708823754
2017-09-19 22:00:00+01:00,317.18785881987276
2017-09-19 23:00:00+01:00,283.27928205498563
2017-09-20 00:00:00+01:00,250.46217716926688
2017-09-20 01:00:00+01:00,235.03250324871934
2017-09-20 02:00:00+01:00,238.03308131289543
2017-09-20 03:00:00+01:00,234.28326814717704
2017-09-20 04:00:00+01:00,234.5301825823231
2017-09-20 05:00:00+01:00,236.06836562865462
2017-09-20 06:00:00+01:00,253.59485576132306
2017-09-20 07:00:00+01:00,311.83771898831844
2017-09-20 08:00:00+01:00,330.7572830921309
2017-09-20 09:00:00+01:00,317.60841349442114
2017-09-20 10:00:00+01:00,304.1738168950435
2017-09-20 11:00:00+01:00,300.3238764874654
2017-09-20 12:00:00+01:00,292.57753836362446
2017-09-20 13:00:00+01:00,292.70062343498546
2017-09-20 14:00:00+01:00,289.1757734027294
2017-09-20 15:00:00+01:00,291.2844972104287
2017-09-20 16:00:00+01:00,301.7576946486913
2017-09-20 17:00:00+01:00,331.1757251170167
2017-09-20 18:00:00+01:00,337.17479282882607
2017-09-20 19:00:00+01:00,337.9088167156194
2017-09-20 20:00:00+01:00,327.6339696806272
2017-09-20 21:00:00+01:00,307.37429130607677
2017-09-20 22:00:00+01:00,272.7186491027117
2017-09-20 23:00:00+01:00,231.9613145149779
2017-09-21 00:00:00+01:00,213.6534657747767
2017-09-21 01:00:00+01:00,206.63289651244895
2017-09-21 02:00:00+01:00,210.3093350617067
2017-09-21 03:00:00+01:00,205.30307056226903
2017-09-21 04:00:00+01:00,205.2838576216968
2017-09-21 05:00:00+01:00,201.02138918545853
2017-09-21 06:00:00+01:00,228.2595552422673
2017-09-21 07:00:00+01:00,282.9496434013188
2017-09-21 08:00:00+01:00,323.1062093553552
2017-09-21 09:00:00+01:00,311.44662175365727
2017-09-21 10:00:00+01:00,302.4663307428883
2017-09-21 11:00:00+01:00,313.43320121249315
2017-09-21 12:00:00+01:00,306.3683028937608
2017-09-21 13:00:00+01:00,302.0404219219785
2017-09-21 14:00:00+01:00,298.53736143063423
2017-09-21 15:00:00+01:00,296.47056775461573
2017-09-21 16:00:00+01:00,306.13018870779956
2017-09-21 17:00:00+01:00,321.7622817828015
2017-09-21 18:00:00+01:00,334.9220677111249
2017-09-21 19:00:00+01:00,352.55067535920784
2017-09-21 20:00:00+01:00,354.39548587615775
2017-09-21 21:00:00+01:00,352.83194534002695
2017-09-21 22:00:00+01:00,333.1308692925106
2017-09-21 23:00:00+01:00,290.4258118760747
2017-09-22 00:00:00+01:00,265.4985088258585
2017-09-22 01:00:00+01:00,257.56867322119695
2017-09-22 02:00:00+01:00,257.34344095283376
2017-09-22 03:00:00+01:00,254.83521443336727
2017-09-22 04:00:00+01:00,248.16523227529507
2017-09-22 05:00:00+01:00,248.88663217394713
2017-09-22 06:00:00+01:00,253.6328254339597
2017-09-22 07:00:00+01:00,290.88884721883306
2017-09-22 08:00:00+01:00,280.3660298004893
2017-09-22 09:00:00+01:00,260.0970980825674
2017-09-22 10:00:00+01:00,242.40632202051836
2017-09-22 11:00:00+01:00,225.2823474369607
2017-09-22 12:00:00+01:00,214.76054738961108
2017-09-22 13:00:00+01:00,204.00579905666402
2017-09-22 14:00:00+01:00,208.53859123774933
2017-09-22 15:00:00+01:00,211.3871432729353
2017-09-22 16:00:00+01:00,239.0705725973306
2017-09-22 17:00:00+01:00,272.2362727607317
2017-09-22 18:00:00+01:00,295.6836602366967
2017-09-22 19:00:00+01:00,302.4346135370242
2017-09-22 20:00:00+01:00,302.21636314777584
2017-09-22 21:00:00+01:00,300.3348996173295
2017-09-22 22:00:00+01:00,286.89477539547386
2017-09-22 23:00:00+01:00,262.5299981338341
2017-09-23 00:00:00+01:00,221.56726846276172
2017-09-23 01:00:00+01:00,213.866256678659
2017-09-23 02:00:00+01:00,211.42551995421468
2017-09-23 03:00:00+01:00,212.03641311881563
2017-09-23 04:00:00+01:00,212.3834908853369
2017-09-23 05:00:00+01:00,217.00793366392233
2017-09-23 06:00:00+01:00,222.6546429092324
2017-09-23 07:00:00+01:00,232.15371692123153
2017-09-23 08:00:00+01:00,238.0643812665288
2017-09-23 09:00:00+01:00,221.0060540297444
2017-09-23 10:00:00+01:00,215.14513119148032
2017-09-23 11:00:00+01:00,198.08155665156525
2017-09-23 12:00:00+01:00,183.59662438848756
2017-09-23 13:00:00+01:00,170.39811720787407
2017-09-23 14:00:00+01:00,171.31622176839525
2017-09-23 15:00:00+01:00,163.71020768829294
2017-09-23 16:00:00+01:00,175.22609265147835
2017-09-23 17:00:00+01:00,202.051999649107
2017-09-23 18:00:00+01:00,227.07178788566114
2017-09-23 19:00:00+01:00,236.43167352027777
2017-09-23 20:00:00+01:00,230.9925444337875
2017-09-23 21:00:00+01:00,216.29112398294765
2017-09-23 22:00:00+01:00,194.2236203611465
2017-09-23 23:00:00+01:00,171.69847628260888
2017-09-24 00:00:00+01:00,153.92609245619607
2017-09-24 01:00:00+01:00,144.88511707733457
2017-09-24 02:00:00+01:00,150.15113331434932
2017-09-24 03:00:00+01:00,142.08493003353195
2017-09-24 04:00:00+01:00,137.76108778436284
2017-09-24 05:00:00+01:00,139.43168641950047
2017-09-24 06:00:00+01:00,140.73837594087541
2017-09-24 07:00:00+01:00,170.96045733764063
2017-09-24 08:00:00+01:00,202.4538984184677
2017-09-24 09:00:00+01:00,202.12513738141925
2017-09-24 10:00:00+01:00,202.85679588596568
2017-09-24 11:00:00+01:00,199.06849906496328
2017-09-24 12:00:00+01:00,204.38643188887355
2017-09-24 13:00:00+01:00,205.98863630645852
2017-09-24 14:00:00+01:00,219.15244493675476
2017-09-24 15:00:00+01:00,233.16589185801018
2017-09-24 16:00:00+01:00,267.80876134754544
2017-09-24 17:00:00+01:00,287.80803523643914
2017-09-24 18:00:00+01:00,308.827007683516
2017-09-24 19:00:00+01:00,305.4940845742194
2017-09-24 20:00:00+01:00,297.57578407523084
2017-09-24 21:00:00+01:00,300.98899543377365
2017-09-24 22:00:00+01:00,281.6921818731128
2017-09-24 23:00:00+01:00,257.53807372656473
2017-09-25 00:00:00+01:00,229.36710743681735
2017-09-25 01:00:00+01:00,228.48360783010085
2017-09-25 02:00:00+01:00,235.37335542939434
2017-09-25 03:00:00+01:00,232.29484413220115
2017-09-25 04:00:00+01:00,237.6402667370904
2017-09-25 05:00:00+01:00,251.97084883947943
2017-09-25 06:00:00+01:00,294.2999404143512
2017-09-25 07:00:00+01:00,352.90171887820514
2017-09-25 08:00:00+01:00,368.7740884064515
2017-09-25 09:00:00+01:00,362.6046209302219
2017-09-25 10:00:00+01:00,355.3945728180812
2017-09-25 11:00:00+01:00,349.91467224545437
2017-09-25 12:00:00+01:00,345.11836166624244
2017-09-25 13:00:00+01:00,341.3563166217118
2017-09-25 14:00:00+01:00,344.88901416342566
2017-09-25 15:00:00+01:00,346.97664808174665
2017-09-25 16:00:00+01:00,370.3092332358405
2017-09-25 17:00:00+01:00,387.94809242427715
2017-09-25 18:00:00+01:00,398.7680466286534
2017-09-25 19:00:00+01:00,394.1954894487622
2017-09-25 20:00:00+01:00,392.40406312084286
2017-09-25 21:00:00+01:00,385.8617603987913
2017-09-25 22:00:00+01:00,348.0461018567473
2017-09-25 23:00:00+01:00,313.1588509095023
2017-09-26 00:00:00+01:00,301.87665289069383
2017-09-26 01:00:00+01:00,290.91107129306494
2017-09-26 02:00:00+01:00,296.53893575226994
2017-09-26 03:00:00+01:00,291.7670448556188
2017-09-26 04:00:00+01:00,287.7549584102999
2017-09-26 05:00:00+01:00,286.8949754137825
2017-09-26 06:00:00+01:00,306.769229149211
2017-09-26 07:00:00+01:00,343.07248195347324
2017-09-26 08:00:00+01:00,345.02625202080134
2017-09-26 09:00:00+01:00,337.593607705414
2017-09-26 10:00:00+01:00,331.02162656969244
2017-09-26 11:00:00+01:00,320.27304763071663
2017-09-26 12:00:00+01:00,317.0972718365092
2017-09-26 13:00:00+01:00,309.3713351604355
2017-09-26 14:00:00+01:00,309.9215844970751
2017-09-26 15:00:00+01:00,307.39585547979107
2017-09-26 16:00:00+01:00,314.6662142946369
2017-09-26 17:00:00+01:00,331.3022260029302
2017-09-26 18:00:00+01:00,347.3987245258079
2017-09-26 19:00:00+01:00,345.1477205714253
2017-09-26 20:00:00+01:00,343.9063760421346
2017-09-26 21:00:00+01:00,321.23479897135854
2017-09-26 22:00:00+01:00,292.81364834002653
2017-09-26 23:00:00+01:00,248.0035039392714
2017-09-27 00:00:00+01:00,221.01666734802063
2017-09-27 01:00:00+01:00,223.35416933275383
2017-09-27 02:00:00+01:00,227.33891927383345
2017-09-27 03:00:00+01:00,219.5516569844703
2017-09-27 04:00:00+01:00,214.46872075657046
2017-09-27 05:00:00+01:00,215.5230582559476
2017-09-27 06:00:00+01:00,235.23998521010392
2017-09-27 07:00:00+01:00,276.28499089414845
2017-09-27 08:00:00+01:00,283.9330534909276
2017-09-27 09:00:00+01:00,273.14988436826906
2017-09-27 10:00:00+01:00,267.57820641686635
2017-09-27 11:00:00+01:00,256.80182592913224
2017-09-27 12:00:00+01:00,246.87755504350508
2017-09-27 13:00:00+01:00,277.0863518127768
2017-09-27 14:00:00+01:00,244.23162714196582
2017-09-27 15:00:00+01:00,240.65251994646692
2017-09-27 16:00:00+01:00,248.75268989233751
2017-09-27 17:00:00+01:00,273.00649320247
2017-09-27 18:00:00+01:00,285.3685669698297
2017-09-27 19:00:00+01:00,285.5269203247565
2017-09-27 20:00:00+01:00,276.76222386425405
2017-09-27 21:00:00+01:00,250.84381616535782
2017-09-27 22:00:00+01:00,235.67090497211402
2017-09-27 23:00:00+01:00,206.32186134435815
2017-09-28 00:00:00+01:00,180.39934800188925
2017-09-28 01:00:00+01:00,198.46181072681742
2017-09-28 02:00:00+01:00,199.24636086056356
2017-09-28 03:00:00+01:00,197.38788169510732
2017-09-28 04:00:00+01:00,184.0498272906318
2017-09-28 05:00:00+01:00,200.34112295744382
2017-09-28 06:00:00+01:00,236.17970208384037
2017-09-28 07:00:00+01:00,296.6557233774984
2017-09-28 08:00:00+01:00,317.98061494615865
2017-09-28 09:00:00+01:00,306.02619979554856
2017-09-28 10:00:00+01:00,287.91723761511884
2017-09-28 11:00:00+01:00,282.00983824052867
2017-09-28 12:00:00+01:00,275.2219014972406
2017-09-28 13:00:00+01:00,266.22915129365776
2017-09-28 14:00:00+01:00,263.30732031554606
2017-09-28 15:00:00+01:00,268.3702645029115
2017-09-28 16:00:00+01:00,277.6808806781103
2017-09-28 17:00:00+01:00,301.85293180192264
2017-09-28 18:00:00+01:00,317.5418472512359
2017-09-28 19:00:00+01:00,312.6690599903631
2017-09-28 20:00:00+01:00,308.19701210821063
2017-09-28 21:00:00+01:00,286.1147826508984
2017-09-28 22:00:00+01:00,256.1824847620443
2017-09-28 23:00:00+01:00,236.4269661061168
2017-09-29 00:00:00+01:00,203.77640093286988
2017-09-29 01:00:00+01:00,190.28225567100444
2017-09-29 02:00:00+01:00,206.06628483563415
2017-09-29 03:00:00+01:00,186.56846876720044
2017-09-29 04:00:00+01:00,176.2126406754039
2017-09-29 05:00:00+01:00,175.43701827690984
2017-09-29 06:00:00+01:00,206.7684761417999
2017-09-29 07:00:00+01:00,249.18872973847175
2017-09-29 08:00:00+01:00,263.00475190364875
2017-09-29 09:00:00+01:00,259.50558323536916
2017-09-29 10:00:00+01:00,258.76848188908326
2017-09-29 11:00:00+01:00,252.40606508613627
2017-09-29 12:00:00+01:00,242.92436311417435
2017-09-29 13:00:00+01:00,231.15012960480234
2017-09-29 14:00:00+01:00,220.00916830815746
2017-09-29 15:00:00+01:00,221.9179821353886
2017-09-29 16:00:00+01:00,245.52626159875138
2017-09-29 17:00:00+01:00,261.2533524594902
2017-09-29 18:00:00+01:00,272.7126990806937
2017-09-29 19:00:00+01:00,279.0759089858945
2017-09-29 20:00:00+01:00,281.1770595952413
2017-09-29 21:00:00+01:00,260.87112248700896
2017-09-29 22:00:00+01:00,237.6101809748214
2017-09-29 23:00:00+01:00,219.54693554005317
2017-09-30 00:00:00+01:00,194.04983931434558
2017-09-30 01:00:00+01:00,178.56698933826442
2017-09-30 02:00:00+01:00,178.09942864918494
2017-09-30 03:00:00+01:00,184.97905775833777
2017-09-30 04:00:00+01:00,201.24856134682423
2017-09-30 05:00:00+01:00,209.2059315669367
2017-09-30 06:00:00+01:00,218.31227354125176
2017-09-30 07:00:00+01:00,252.70733379282223
2017-09-30 08:00:00+01:00,271.73944549773165
2017-09-30 09:00:00+01:00,276.4375235238388
2017-09-30 10:00:00+01:00,267.63122523501227
2017-09-30 11:00:00+01:00,253.8551856107806
2017-09-30 12:00:00+01:00,248.11698913107958
2017-09-30 13:00:00+01:00,245.8749922407538
2017-09-30 14:00:00+01:00,251.30544867973325
2017-09-30 15:00:00+01:00,264.71265425236925
2017-09-30 16:00:00+01:00,290.5894555078602
2017-09-30 17:00:00+01:00,324.74773918859853
2017-09-30 18:00:00+01:00,323.97896273652
2017-09-30 19:00:00+01:00,326.60096369176114
2017-09-30 20:00:00+01:00,316.55488267549003
2017-09-30 21:00:00+01:00,310.9274002502238
2017-09-30 22:00:00+01:00,284.618209170373
2017-09-30 23:00:00+01:00,253.71644894094567
2017-10-01 00:00:00+01:00,223.66679566119936
2017-10-01 01:00:00+01:00,198.4116552428725
2017-10-01 02:00:00+01:00,188.4047599588817
2017-10-01 03:00:00+01:00,167.98191101412982
2017-10-01 04:00:00+01:00,151.35907095069567
2017-10-01 05:00:00+01:00,129.40765803694427
2017-10-01 06:00:00+01:00,128.3501646556926
2017-10-01 07:00:00+01:00,139.58245737421845
2017-10-01 08:00:00+01:00,135.37102730793512
2017-10-01 09:00:00+01:00,143.50907050257862
2017-10-01 10:00:00+01:00,149.46006124382896
2017-10-01 11:00:00+01:00,147.9983045309805
2017-10-01 12:00:00+01:00,146.53732524776726
2017-10-01 13:00:00+01:00,143.0887930318489
2017-10-01 14:00:00+01:00,142.2940540717988
2017-10-01 15:00:00+01:00,144.25185571887727
2017-10-01 16:00:00+01:00,147.28336752135587
2017-10-01 17:00:00+01:00,161.25009388938875
2017-10-01 18:00:00+01:00,172.36640624419786
2017-10-01 19:00:00+01:00,178.65528654655316
2017-10-01 20:00:00+01:00,167.18179557719517
2017-10-01 21:00:00+01:00,151.02280218956753
2017-10-01 22:00:00+01:00,119.82785758391984
2017-10-01 23:00:00+01:00,86.52477132816708
2017-10-02 00:00:00+01:00,71.51688873270747
2017-10-02 01:00:00+01:00,66.0971102825853
2017-10-02 02:00:00+01:00,70.76625385813546
2017-10-02 03:00:00+01:00,71.5682855817362
2017-10-02 04:00:00+01:00,71.39682805522041
2017-10-02 05:00:00+01:00,75.4757356017134
2017-10-02 06:00:00+01:00,115.74656680753024
2017-10-02 07:00:00+01:00,171.59563434080528
2017-10-02 08:00:00+01:00,194.74448996730007
2017-10-02 09:00:00+01:00,183.87282738816327
2017-10-02 10:00:00+01:00,169.9097724710962
2017-10-02 11:00:00+01:00,166.39546133103264
2017-10-02 12:00:00+01:00,169.46054097521176
2017-10-02 13:00:00+01:00,173.85043756164663
2017-10-02 14:00:00+01:00,181.45867776735452
2017-10-02 15:00:00+01:00,185.80711807109108
2017-10-02 16:00:00+01:00,202.5684995825695
2017-10-02 17:00:00+01:00,217.7410649412113
2017-10-02 18:00:00+01:00,222.18998480297836
2017-10-02 19:00:00+01:00,231.87841380443965
2017-10-02 20:00:00+01:00,215.43163004605216
2017-10-02 21:00:00+01:00,196.85681204616137
2017-10-02 22:00:00+01:00,177.93565980864045
2017-10-02 23:00:00+01:00,123.94189068028093
2017-10-03 00:00:00+01:00,86.68726625549753
2017-10-03 01:00:00+01:00,78.34852579342954
2017-10-03 02:00:00+01:00,83.188125353067
2017-10-03 03:00:00+01:00,79.55799467156498
2017-10-03 04:00:00+01:00,88.54271208621377
2017-10-03 05:00:00+01:00,92.47499386361358
2017-10-03 06:00:00+01:00,132.65198523776317
2017-10-03 07:00:00+01:00,194.5101614977736
2017-10-03 08:00:00+01:00,216.60399938263794
2017-10-03 09:00:00+01:00,199.07197798937204
2017-10-03 10:00:00+01:00,186.14783073715049
2017-10-03 11:00:00+01:00,178.03880209779302
2017-10-03 12:00:00+01:00,182.9551304591215
2017-10-03 13:00:00+01:00,186.01096338215922
2017-10-03 14:00:00+01:00,190.81809939104184
2017-10-03 15:00:00+01:00,201.8793803892642
2017-10-03 16:00:00+01:00,220.63112935131053
2017-10-03 17:00:00+01:00,243.70646626354392
2017-10-03 18:00:00+01:00,261.794568745907
2017-10-03 19:00:00+01:00,271.43861259820056
2017-10-03 20:00:00+01:00,256.1590915679635
2017-10-03 21:00:00+01:00,234.73161283264955
2017-10-03 22:00:00+01:00,205.59210403944147
2017-10-03 23:00:00+01:00,166.95584440727345
2017-10-04 00:00:00+01:00,141.61783842337232
2017-10-04 01:00:00+01:00,138.06711497901674
2017-10-04 02:00:00+01:00,145.35383463973182
2017-10-04 03:00:00+01:00,140.79609714222332
2017-10-04 04:00:00+01:00,143.20380466662115
2017-10-04 05:00:00+01:00,155.2449727920561
2017-10-04 06:00:00+01:00,182.5865358393532
2017-10-04 07:00:00+01:00,218.80236253295135
2017-10-04 08:00:00+01:00,235.67216419088325
2017-10-04 09:00:00+01:00,224.6551786392676
2017-10-04 10:00:00+01:00,219.32358482710094
2017-10-04 11:00:00+01:00,210.36603884582655
2017-10-04 12:00:00+01:00,208.42357406607357
2017-10-04 13:00:00+01:00,203.04085130524916
2017-10-04 14:00:00+01:00,207.05482374120984
2017-10-04 15:00:00+01:00,211.08053370346587
2017-10-04 16:00:00+01:00,229.5954976694483
2017-10-04 17:00:00+01:00,250.02771887402017
2017-10-04 18:00:00+01:00,259.337790574562
2017-10-04 19:00:00+01:00,266.8472267622485
2017-10-04 20:00:00+01:00,265.5926207918142
2017-10-04 21:00:00+01:00,247.3420682396607
2017-10-04 22:00:00+01:00,221.2288652222408
2017-10-04 23:00:00+01:00,171.69337846932714
2017-10-05 00:00:00+01:00,140.59150795742048
2017-10-05 01:00:00+01:00,105.61159434509203
2017-10-05 02:00:00+01:00,99.99460729177103
2017-10-05 03:00:00+01:00,88.33870903662087
2017-10-05 04:00:00+01:00,81.08907358890005
2017-10-05 05:00:00+01:00,79.64598628426312
2017-10-05 06:00:00+01:00,110.5992989960869
2017-10-05 07:00:00+01:00,184.12997108860947
2017-10-05 08:00:00+01:00,203.25520577630297
2017-10-05 09:00:00+01:00,186.38981796734942
2017-10-05 10:00:00+01:00,173.40230655668927
2017-10-05 11:00:00+01:00,155.35391538368006
2017-10-05 12:00:00+01:00,145.26910873683346
2017-10-05 13:00:00+01:00,154.07827807875503
2017-10-05 14:00:00+01:00,165.93098780625888
2017-10-05 15:00:00+01:00,171.84307797619655
2017-10-05 16:00:00+01:00,202.01051390191526
2017-10-05 17:00:00+01:00,232.40081926204152
2017-10-05 18:00:00+01:00,248.0985937387692
2017-10-05 19:00:00+01:00,247.7657697558417
2017-10-05 20:00:00+01:00,249.57577102177393
2017-10-05 21:00:00+01:00,237.99221662189558
2017-10-05 22:00:00+01:00,208.47882201686284
2017-10-05 23:00:00+01:00,166.3051692840664
2017-10-06 00:00:00+01:00,143.83000049666728
2017-10-06 01:00:00+01:00,126.89047059715226
2017-10-06 02:00:00+01:00,139.30474623919807
2017-10-06 03:00:00+01:00,136.77954229388843
2017-10-06 04:00:00+01:00,139.07172175380708
2017-10-06 05:00:00+01:00,157.06553075180472
2017-10-06 06:00:00+01:00,193.3554832226505
2017-10-06 07:00:00+01:00,267.9676033060281
2017-10-06 08:00:00+01:00,287.55054068957037
2017-10-06 09:00:00+01:00,267.2874675121302
2017-10-06 10:00:00+01:00,262.56122979580834
2017-10-06 11:00:00+01:00,258.28449249482935
2017-10-06 12:00:00+01:00,257.41251387276236
2017-10-06 13:00:00+01:00,251.59004314359217
2017-10-06 14:00:00+01:00,267.84525547948175
2017-10-06 15:00:00+01:00,275.2746404247492
2017-10-06 16:00:00+01:00,284.2208247146677
2017-10-06 17:00:00+01:00,303.5352421588054
2017-10-06 18:00:00+01:00,305.5651861343263
2017-10-06 19:00:00+01:00,301.1234067790598
2017-10-06 20:00:00+01:00,303.37240513947404
2017-10-06 21:00:00+01:00,300.3394827857296
2017-10-06 22:00:00+01:00,270.9901034313263
2017-10-06 23:00:00+01:00,214.23174189027753
2017-10-07 00:00:00+01:00,149.490149739917
2017-10-07 01:00:00+01:00,126.05524696385565
2017-10-07 02:00:00+01:00,129.68545221864065
2017-10-07 03:00:00+01:00,109.10786944262206
2017-10-07 04:00:00+01:00,108.25403028256707
2017-10-07 05:00:00+01:00,109.91666073208238
2017-10-07 06:00:00+01:00,118.08100516272731
2017-10-07 07:00:00+01:00,150.36178411814146
2017-10-07 08:00:00+01:00,170.01207729759793
2017-10-07 09:00:00+01:00,170.98385517002174
2017-10-07 10:00:00+01:00,167.07594568139064
2017-10-07 11:00:00+01:00,161.35160231105763
2017-10-07 12:00:00+01:00,152.94403431972356
2017-10-07 13:00:00+01:00,156.49808372326365
2017-10-07 14:00:00+01:00,165.24270363882195
2017-10-07 15:00:00+01:00,171.10747342062143
2017-10-07 16:00:00+01:00,188.57032759158557
2017-10-07 17:00:00+01:00,213.89533807284712
2017-10-07 18:00:00+01:00,238.36978453957872
2017-10-07 19:00:00+01:00,238.2964092599155
2017-10-07 20:00:00+01:00,246.6647001820045
2017-10-07 21:00:00+01:00,235.9340444979426
2017-10-07 22:00:00+01:00,227.84756019860737
2017-10-07 23:00:00+01:00,210.85947155670473
2017-10-08 00:00:00+01:00,198.24863635352452
2017-10-08 01:00:00+01:00,191.2491746218728
2017-10-08 02:00:00+01:00,214.64732143353672
2017-10-08 03:00:00+01:00,218.84233368983766
2017-10-08 04:00:00+01:00,219.61231544169195
2017-10-08 05:00:00+01:00,218.34121374640995
2017-10-08 06:00:00+01:00,242.14448505948357
2017-10-08 07:00:00+01:00,270.5088398396361
2017-10-08 08:00:00+01:00,276.9915533272636
2017-10-08 09:00:00+01:00,284.3275276060389
2017-10-08 10:00:00+01:00,288.8864221915513
2017-10-08 11:00:00+01:00,284.4562816752612
2017-10-08 12:00:00+01:00,284.6186034567332
2017-10-08 13:00:00+01:00,281.50974989310475
2017-10-08 14:00:00+01:00,283.34088419237713
2017-10-08 15:00:00+01:00,295.0789314468109
2017-10-08 16:00:00+01:00,307.41869172594545
2017-10-08 17:00:00+01:00,333.31908902279383
2017-10-08 18:00:00+01:00,343.25319305698116
2017-10-08 19:00:00+01:00,342.28816171347864
2017-10-08 20:00:00+01:00,347.98942447013695
2017-10-08 21:00:00+01:00,350.44294401312607
2017-10-08 22:00:00+01:00,329.2373945118825
2017-10-08 23:00:00+01:00,310.5287044613313
2017-10-09 00:00:00+01:00,284.48989784778314
2017-10-09 01:00:00+01:00,280.52370206962576
2017-10-09 02:00:00+01:00,279.49644353050496
2017-10-09 03:00:00+01:00,275.9068994709998
2017-10-09 04:00:00+01:00,274.1284634318523
2017-10-09 05:00:00+01:00,291.73404886698586
2017-10-09 06:00:00+01:00,319.41238211143667
2017-10-09 07:00:00+01:00,355.3150293388987
2017-10-09 08:00:00+01:00,362.5091173588553
2017-10-09 09:00:00+01:00,360.1810083473416
2017-10-09 10:00:00+01:00,349.23171465565093
2017-10-09 11:00:00+01:00,342.9779488334633
2017-10-09 12:00:00+01:00,329.2276712092887
2017-10-09 13:00:00+01:00,345.13026774717326
2017-10-09 14:00:00+01:00,347.2646404845214
2017-10-09 15:00:00+01:00,350.8202735997662
2017-10-09 16:00:00+01:00,349.54493709798345
2017-10-09 17:00:00+01:00,347.67932354836756
2017-10-09 18:00:00+01:00,363.8107943191975
2017-10-09 19:00:00+01:00,359.3482112911324
2017-10-09 20:00:00+01:00,347.81729041910535
2017-10-09 21:00:00+01:00,333.95045413910685
2017-10-09 22:00:00+01:00,298.7125396774464
2017-10-09 23:00:00+01:00,236.27807143951824
2017-10-10 00:00:00+01:00,179.89749218935268
2017-10-10 01:00:00+01:00,159.09494970194183
2017-10-10 02:00:00+01:00,158.26812086544626
2017-10-10 03:00:00+01:00,147.90421570532808
2017-10-10 04:00:00+01:00,141.60090958542742
2017-10-10 05:00:00+01:00,163.0348508527265
2017-10-10 06:00:00+01:00,195.55931468385418
2017-10-10 07:00:00+01:00,273.28028678994036
2017-10-10 08:00:00+01:00,299.7035693769359
2017-10-10 09:00:00+01:00,308.2131469928863
2017-10-10 10:00:00+01:00,305.6649143125976
2017-10-10 11:00:00+01:00,300.76394558684336
2017-10-10 12:00:00+01:00,301.5493624940299
2017-10-10 13:00:00+01:00,295.377518177248
2017-10-10 14:00:00+01:00,291.6709476432348
2017-10-10 15:00:00+01:00,297.99834655950826
2017-10-10 16:00:00+01:00,293.2961961818746
2017-10-10 17:00:00+01:00,297.7332897537764
2017-10-10 18:00:00+01:00,295.5079556555952
2017-10-10 19:00:00+01:00,296.734834710471
2017-10-10 20:00:00+01:00,272.81770137559937
2017-10-10 21:00:00+01:00,242.47965315217746
2017-10-10 22:00:00+01:00,223.48288171982742
2017-10-10 23:00:00+01:00,181.95092833285833
2017-10-11 00:00:00+01:00,135.01934458551008
2017-10-11 01:00:00+01:00,120.24546604697069
2017-10-11 02:00:00+01:00,119.15401882593557
2017-10-11 03:00:00+01:00,104.23971538558911
2017-10-11 04:00:00+01:00,108.05567668691164
2017-10-11 05:00:00+01:00,118.60189476352558
2017-10-11 06:00:00+01:00,152.03262422988792
2017-10-11 07:00:00+01:00,217.975822883431
2017-10-11 08:00:00+01:00,258.8019409040489
2017-10-11 09:00:00+01:00,258.3466421544403
2017-10-11 10:00:00+01:00,253.40903399524896
2017-10-11 11:00:00+01:00,251.51775245292592
2017-10-11 12:00:00+01:00,253.84339255604624
2017-10-11 13:00:00+01:00,254.86376951163334
2017-10-11 14:00:00+01:00,253.80256191197546
2017-10-11 15:00:00+01:00,256.1184686829864
2017-10-11 16:00:00+01:00,265.5774862039229
2017-10-11 17:00:00+01:00,291.85836434419406
2017-10-11 18:00:00+01:00,292.12995495853323
2017-10-11 19:00:00+01:00,292.29279391361536
2017-10-11 20:00:00+01:00,287.22230154162816
2017-10-11 21:00:00+01:00,259.8396160506671
2017-10-11 22:00:00+01:00,219.09777536139117
2017-10-11 23:00:00+01:00,154.34173201713853
2017-10-12 00:00:00+01:00,101.18841020925922
2017-10-12 01:00:00+01:00,99.52633407054634
2017-10-12 02:00:00+01:00,109.46709431187871
2017-10-12 03:00:00+01:00,104.91561372530822
2017-10-12 04:00:00+01:00,101.71197498062222
2017-10-12 05:00:00+01:00,122.82063424632129
2017-10-12 06:00:00+01:00,162.12843624916457
2017-10-12 07:00:00+01:00,229.14621850051526
2017-10-12 08:00:00+01:00,259.16921759828716
2017-10-12 09:00:00+01:00,258.74822218801853
2017-10-12 10:00:00+01:00,18.53170325561657
2017-10-12 11:00:00+01:00,15.735503532573452
2017-10-12 12:00:00+01:00,15.232222255701187
2017-10-12 13:00:00+01:00,226.4615584817664
2017-10-12 14:00:00+01:00,235.14480205075253
2017-10-12 15:00:00+01:00,249.94943014814592
2017-10-12 16:00:00+01:00,270.70144507131164
2017-10-12 17:00:00+01:00,293.2763037172792
2017-10-12 18:00:00+01:00,308.6653717982224
2017-10-12 19:00:00+01:00,302.6900763861994
2017-10-12 20:00:00+01:00,288.86872744594564
2017-10-12 21:00:00+01:00,256.93850846068443
2017-10-12 22:00:00+01:00,227.06362608319205
2017-10-12 23:00:00+01:00,185.02777016715893
2017-10-13 00:00:00+01:00,131.45227859837271
2017-10-13 01:00:00+01:00,132.33096532448369
2017-10-13 02:00:00+01:00,132.472352744534
2017-10-13 03:00:00+01:00,128.973946670731
2017-10-13 04:00:00+01:00,122.71033502038041
2017-10-13 05:00:00+01:00,124.28487086839749
2017-10-13 06:00:00+01:00,153.75814294358702
2017-10-13 07:00:00+01:00,215.77830131807426
2017-10-13 08:00:00+01:00,244.16274534394276
2017-10-13 09:00:00+01:00,240.3668169491947
2017-10-13 10:00:00+01:00,236.35320278062778
2017-10-13 11:00:00+01:00,218.49857375165004
2017-10-13 12:00:00+01:00,218.99253217249674
2017-10-13 13:00:00+01:00,219.03964387832417
2017-10-13 14:00:00+01:00,213.34578557273494
2017-10-13 15:00:00+01:00,218.25218179153165
2017-10-13 16:00:00+01:00,223.899241705544
2017-10-13 17:00:00+01:00,236.7256423537816
2017-10-13 18:00:00+01:00,243.83840349624785
2017-10-13 19:00:00+01:00,248.94203684950014
2017-10-13 20:00:00+01:00,240.09391896641847
2017-10-13 21:00:00+01:00,220.71532685889775
2017-10-13 22:00:00+01:00,200.38925919787462
2017-10-13 23:00:00+01:00,175.93943024862438
2017-10-14 00:00:00+01:00,151.87446191031697
2017-10-14 01:00:00+01:00,130.098602683244
2017-10-14 02:00:00+01:00,138.87354792389624
2017-10-14 03:00:00+01:00,112.65574869719578
2017-10-14 04:00:00+01:00,106.83578952282664
2017-10-14 05:00:00+01:00,106.00250713701041
2017-10-14 06:00:00+01:00,125.94645086825878
2017-10-14 07:00:00+01:00,168.53932491571817
2017-10-14 08:00:00+01:00,202.26704558855124
2017-10-14 09:00:00+01:00,212.41917865122
2017-10-14 10:00:00+01:00,210.58926563415582
2017-10-14 11:00:00+01:00,204.30102196299964
2017-10-14 12:00:00+01:00,198.81238402123373
2017-10-14 13:00:00+01:00,193.2432801710344
2017-10-14 14:00:00+01:00,196.2866138104071
2017-10-14 15:00:00+01:00,199.3898652405232
2017-10-14 16:00:00+01:00,213.72242756484252
2017-10-14 17:00:00+01:00,236.98537767238628
2017-10-14 18:00:00+01:00,257.02448351772483
2017-10-14 19:00:00+01:00,264.16395161139144
2017-10-14 20:00:00+01:00,249.18071124541598
2017-10-14 21:00:00+01:00,221.53403809958024
2017-10-14 22:00:00+01:00,195.14099986131976
2017-10-14 23:00:00+01:00,174.0083185830267
2017-10-15 00:00:00+01:00,138.22940603424007
2017-10-15 01:00:00+01:00,128.2819469558665
2017-10-15 02:00:00+01:00,128.12852523240056
2017-10-15 03:00:00+01:00,127.234253167959
2017-10-15 04:00:00+01:00,112.47231830246677
2017-10-15 05:00:00+01:00,115.24105202063338
2017-10-15 06:00:00+01:00,125.40936210792664
2017-10-15 07:00:00+01:00,140.33239722034386
2017-10-15 08:00:00+01:00,149.04675211592564
2017-10-15 09:00:00+01:00,158.4843667304448
2017-10-15 10:00:00+01:00,168.06907929856317
2017-10-15 11:00:00+01:00,162.3545025435762
2017-10-15 12:00:00+01:00,160.54130119592202
2017-10-15 13:00:00+01:00,153.55651493218795
2017-10-15 14:00:00+01:00,143.05109359498857
2017-10-15 15:00:00+01:00,143.37887699539382
2017-10-15 16:00:00+01:00,173.76673461237058
2017-10-15 17:00:00+01:00,218.42315799282366
2017-10-15 18:00:00+01:00,268.1990231779238
2017-10-15 19:00:00+01:00,281.24743622619405
2017-10-15 20:00:00+01:00,297.6526509211189
2017-10-15 21:00:00+01:00,293.1604531278462
2017-10-15 22:00:00+01:00,288.3560055922337
2017-10-15 23:00:00+01:00,259.929810430731
2017-10-16 00:00:00+01:00,254.75338576839795
2017-10-16 01:00:00+01:00,252.75506527413964
2017-10-16 02:00:00+01:00,255.64181884672186
2017-10-16 03:00:00+01:00,241.69674824433787
2017-10-16 04:00:00+01:00,241.92403307544154
2017-10-16 05:00:00+01:00,240.35867778541433
2017-10-16 06:00:00+01:00,253.6627585194712
2017-10-16 07:00:00+01:00,298.82045665980297
2017-10-16 08:00:00+01:00,315.0534373672088
2017-10-16 09:00:00+01:00,314.9443437365039
2017-10-16 10:00:00+01:00,290.01023070319474
2017-10-16 11:00:00+01:00,273.61544962262377
2017-10-16 12:00:00+01:00,260.42899863289654
2017-10-16 13:00:00+01:00,250.12863035910027
2017-10-16 14:00:00+01:00,242.5335873366141
2017-10-16 15:00:00+01:00,247.939655566511
2017-10-16 16:00:00+01:00,252.67074082736835
2017-10-16 17:00:00+01:00,275.3504171859131
2017-10-16 18:00:00+01:00,288.63644318166286
2017-10-16 19:00:00+01:00,293.98457090168347
2017-10-16 20:00:00+01:00,271.5629650729236
2017-10-16 21:00:00+01:00,249.19898359719008
2017-10-16 22:00:00+01:00,221.14856069165893
2017-10-16 23:00:00+01:00,173.7879833814272
2017-10-17 00:00:00+01:00,145.52482562712257
2017-10-17 01:00:00+01:00,128.20419840546256
2017-10-17 02:00:00+01:00,127.84255860772934
2017-10-17 03:00:00+01:00,127.03721485047794
2017-10-17 04:00:00+01:00,118.40066940042239
2017-10-17 05:00:00+01:00,128.76446302433115
2017-10-17 06:00:00+01:00,174.24201946639386
2017-10-17 07:00:00+01:00,238.3635094329387
2017-10-17 08:00:00+01:00,267.60744853782273
2017-10-17 09:00:00+01:00,253.85349182705198
2017-10-17 10:00:00+01:00,249.59564613642678
2017-10-17 11:00:00+01:00,243.22164695209554
2017-10-17 12:00:00+01:00,247.57198751468292
2017-10-17 13:00:00+01:00,256.5285325605824
2017-10-17 14:00:00+01:00,262.58500364313886
2017-10-17 15:00:00+01:00,275.48950298664704
2017-10-17 16:00:00+01:00,316.37132066173683
2017-10-17 17:00:00+01:00,353.1590970703909
2017-10-17 18:00:00+01:00,372.52114879784386
2017-10-17 19:00:00+01:00,388.14193853082696
2017-10-17 20:00:00+01:00,391.9771024971707
2017-10-17 21:00:00+01:00,387.9742478434651
2017-10-17 22:00:00+01:00,363.71854136250215
2017-10-17 23:00:00+01:00,330.24204253307215
2017-10-18 00:00:00+01:00,310.947294659579
2017-10-18 01:00:00+01:00,287.52224872901746
2017-10-18 02:00:00+01:00,294.6512110800119
2017-10-18 03:00:00+01:00,289.84575069865025
2017-10-18 04:00:00+01:00,280.7259439462933
2017-10-18 05:00:00+01:00,297.32064440494725
2017-10-18 06:00:00+01:00,344.39832353708164
2017-10-18 07:00:00+01:00,400.85138285518826
2017-10-18 08:00:00+01:00,410.0519903796675
2017-10-18 09:00:00+01:00,409.6114979814982
2017-10-18 10:00:00+01:00,408.73388119080454
2017-10-18 11:00:00+01:00,407.89331169507096
2017-10-18 12:00:00+01:00,405.59134249740873
2017-10-18 13:00:00+01:00,396.09484439955156
2017-10-18 14:00:00+01:00,401.36119945898184
2017-10-18 15:00:00+01:00,400.63837816668155
2017-10-18 16:00:00+01:00,397.76512248046123
2017-10-18 17:00:00+01:00,406.98618913264744
2017-10-18 18:00:00+01:00,391.1497074472235
2017-10-18 19:00:00+01:00,382.49225148406657
2017-10-18 20:00:00+01:00,382.8676930177926
2017-10-18 21:00:00+01:00,379.5772843413892
2017-10-18 22:00:00+01:00,340.023539289553
2017-10-18 23:00:00+01:00,298.4380160947395
2017-10-19 00:00:00+01:00,276.71413987040836
2017-10-19 01:00:00+01:00,260.8358009967057
2017-10-19 02:00:00+01:00,253.4383815564679
2017-10-19 03:00:00+01:00,244.61508111598096
2017-10-19 04:00:00+01:00,249.03692198590093
2017-10-19 05:00:00+01:00,272.5431225159648
2017-10-19 06:00:00+01:00,305.3275829316421
2017-10-19 07:00:00+01:00,345.3854896123594
2017-10-19 08:00:00+01:00,361.22720869921227
2017-10-19 09:00:00+01:00,348.7477237173586
2017-10-19 10:00:00+01:00,343.81678982252635
2017-10-19 11:00:00+01:00,348.6339020787667
2017-10-19 12:00:00+01:00,354.8014756088287
2017-10-19 13:00:00+01:00,353.1414578406371
2017-10-19 14:00:00+01:00,346.17343456482786
2017-10-19 15:00:00+01:00,348.25417791621464
2017-10-19 16:00:00+01:00,359.9722792462495
2017-10-19 17:00:00+01:00,364.1364280433869
2017-10-19 18:00:00+01:00,363.07696321698955
2017-10-19 19:00:00+01:00,371.53916448743087
2017-10-19 20:00:00+01:00,366.52649002287933
2017-10-19 21:00:00+01:00,356.6454312948953
2017-10-19 22:00:00+01:00,318.8859589399785
2017-10-19 23:00:00+01:00,273.2464001627203
2017-10-20 00:00:00+01:00,234.25960147159364
2017-10-20 01:00:00+01:00,222.93893342892517
2017-10-20 02:00:00+01:00,225.6357813588129
2017-10-20 03:00:00+01:00,226.5377107092506
2017-10-20 04:00:00+01:00,231.70235862865772
2017-10-20 05:00:00+01:00,239.47563541290205
2017-10-20 06:00:00+01:00,270.11624829951256
2017-10-20 07:00:00+01:00,326.4093031231759
2017-10-20 08:00:00+01:00,336.3266115691273
2017-10-20 09:00:00+01:00,346.0907609354093
2017-10-20 10:00:00+01:00,338.86711556863764
2017-10-20 11:00:00+01:00,328.0554589879349
2017-10-20 12:00:00+01:00,327.44989159874365
2017-10-20 13:00:00+01:00,324.0940923293954
2017-10-20 14:00:00+01:00,318.4814259333333
2017-10-20 15:00:00+01:00,323.5198871979375
2017-10-20 16:00:00+01:00,325.61276593839517
2017-10-20 17:00:00+01:00,312.08754023267846
2017-10-20 18:00:00+01:00,306.36984432379194
2017-10-20 19:00:00+01:00,306.5104700310479
2017-10-20 20:00:00+01:00,298.400736695792
2017-10-20 21:00:00+01:00,287.42798796700185
2017-10-20 22:00:00+01:00,262.01446627854943
2017-10-20 23:00:00+01:00,213.9383103907998
2017-10-21 00:00:00+01:00,161.5687221714197
2017-10-21 01:00:00+01:00,148.67511534422397
2017-10-21 02:00:00+01:00,153.60514832627743
2017-10-21 03:00:00+01:00,143.84494227990783
2017-10-21 04:00:00+01:00,144.21078361791123
2017-10-21 05:00:00+01:00,146.7590300872831
2017-10-21 06:00:00+01:00,154.12909736347677
2017-10-21 07:00:00+01:00,165.86000426569598
2017-10-21 08:00:00+01:00,173.92368157080702
2017-10-21 09:00:00+01:00,169.9097128511268
2017-10-21 10:00:00+01:00,169.87408653366018
2017-10-21 11:00:00+01:00,161.14140741711333
2017-10-21 12:00:00+01:00,160.97654335889072
2017-10-21 13:00:00+01:00,160.60726642760704
2017-10-21 14:00:00+01:00,160.62656933289597
2017-10-21 15:00:00+01:00,172.3050560868679
2017-10-21 16:00:00+01:00,198.0136711402321
2017-10-21 17:00:00+01:00,231.71541301065187
2017-10-21 18:00:00+01:00,246.6526655092028
2017-10-21 19:00:00+01:00,246.74328046180028
2017-10-21 20:00:00+01:00,239.37600321509083
2017-10-21 21:00:00+01:00,220.3506013720593
2017-10-21 22:00:00+01:00,202.66399683755748
2017-10-21 23:00:00+01:00,162.7597997675756
2017-10-22 00:00:00+01:00,137.07558919938916
2017-10-22 01:00:00+01:00,116.58885402543292
2017-10-22 02:00:00+01:00,116.98310263177405
2017-10-22 03:00:00+01:00,100.78299136330811
2017-10-22 04:00:00+01:00,100.2189566987956
2017-10-22 05:00:00+01:00,98.80267572760567
2017-10-22 06:00:00+01:00,106.66180093272132
2017-10-22 07:00:00+01:00,102.36969594003288
2017-10-22 08:00:00+01:00,107.49709856892915
2017-10-22 09:00:00+01:00,124.87347069771188
2017-10-22 10:00:00+01:00,129.51263544898487
2017-10-22 11:00:00+01:00,131.16055392943179
2017-10-22 12:00:00+01:00,131.17488007701678
2017-10-22 13:00:00+01:00,130.8196813198772
2017-10-22 14:00:00+01:00,136.0923107574202
2017-10-22 15:00:00+01:00,143.35765937659804
2017-10-22 16:00:00+01:00,166.38685372792324
2017-10-22 17:00:00+01:00,210.92440512525752
2017-10-22 18:00:00+01:00,242.85949819812774
2017-10-22 19:00:00+01:00,244.18852510391443
2017-10-22 20:00:00+01:00,259.2357358776774
2017-10-22 21:00:00+01:00,264.3387392846619
2017-10-22 22:00:00+01:00,248.79024073049075
2017-10-22 23:00:00+01:00,218.08806038383315
2017-10-23 00:00:00+01:00,179.73665005185467
2017-10-23 01:00:00+01:00,182.03320862658697
2017-10-23 02:00:00+01:00,191.60569469630286
2017-10-23 03:00:00+01:00,191.04575078244397
2017-10-23 04:00:00+01:00,200.56390085946416
2017-10-23 05:00:00+01:00,214.03123223663493
2017-10-23 06:00:00+01:00,264.58313093622746
2017-10-23 07:00:00+01:00,309.7713962139252
2017-10-23 08:00:00+01:00,341.85945383269626
2017-10-23 09:00:00+01:00,351.37491870521467
2017-10-23 10:00:00+01:00,345.8683680135261
2017-10-23 11:00:00+01:00,341.22480197268504
2017-10-23 12:00:00+01:00,339.3820394064015
2017-10-23 13:00:00+01:00,347.19082909959644
2017-10-23 14:00:00+01:00,359.380387550634
2017-10-23 15:00:00+01:00,359.12292567503266
2017-10-23 16:00:00+01:00,357.55958744744487
2017-10-23 17:00:00+01:00,354.13615262900504
2017-10-23 18:00:00+01:00,349.11798816551754
2017-10-23 19:00:00+01:00,345.99537424009714
2017-10-23 20:00:00+01:00,344.15637436165474
2017-10-23 21:00:00+01:00,329.0331403011025
2017-10-23 22:00:00+01:00,302.84860715005465
2017-10-23 23:00:00+01:00,259.86513125709456
2017-10-24 00:00:00+01:00,226.91438636487126
2017-10-24 01:00:00+01:00,220.05145226160866
2017-10-24 02:00:00+01:00,231.33193441077404
2017-10-24 03:00:00+01:00,215.91314391682914
2017-10-24 04:00:00+01:00,191.29084446583653
2017-10-24 05:00:00+01:00,193.09067249394352
2017-10-24 06:00:00+01:00,247.92161270100536
2017-10-24 07:00:00+01:00,285.0211971434093
2017-10-24 08:00:00+01:00,293.7284949311734
2017-10-24 09:00:00+01:00,297.82903197168633
2017-10-24 10:00:00+01:00,290.18280658512316
2017-10-24 11:00:00+01:00,271.6579647426908
2017-10-24 12:00:00+01:00,263.03145903712306
2017-10-24 13:00:00+01:00,247.84057885626447
2017-10-24 14:00:00+01:00,253.64811818112062
2017-10-24 15:00:00+01:00,268.7872664548144
2017-10-24 16:00:00+01:00,277.21955236061564
2017-10-24 17:00:00+01:00,286.19859705756477
2017-10-24 18:00:00+01:00,292.34632565926256
2017-10-24 19:00:00+01:00,297.2868235724791
2017-10-24 20:00:00+01:00,304.14499052926624
2017-10-24 21:00:00+01:00,287.5742932518623
2017-10-24 22:00:00+01:00,258.9495788417888
2017-10-24 23:00:00+01:00,222.09668982241072
2017-10-25 00:00:00+01:00,176.81422791077094
2017-10-25 01:00:00+01:00,168.72075306510496
2017-10-25 02:00:00+01:00,159.01189967364323
2017-10-25 03:00:00+01:00,132.57245334742473
2017-10-25 04:00:00+01:00,136.1540568103751
2017-10-25 05:00:00+01:00,139.10927138630032
2017-10-25 06:00:00+01:00,173.58536208469906
2017-10-25 07:00:00+01:00,243.67666273566127
2017-10-25 08:00:00+01:00,281.8296504526216
2017-10-25 09:00:00+01:00,283.58836976177093
2017-10-25 10:00:00+01:00,277.53461307858794
2017-10-25 11:00:00+01:00,269.6541067795011
2017-10-25 12:00:00+01:00,266.13259454493465
2017-10-25 13:00:00+01:00,263.73996747574625
2017-10-25 14:00:00+01:00,263.9471997764007
2017-10-25 15:00:00+01:00,279.7396438205163
2017-10-25 16:00:00+01:00,305.83907493109785
2017-10-25 17:00:00+01:00,326.19690955144205
2017-10-25 18:00:00+01:00,332.7875126566894
2017-10-25 19:00:00+01:00,338.04907001257783
2017-10-25 20:00:00+01:00,336.66199425957296
2017-10-25 21:00:00+01:00,328.4761786664999
2017-10-25 22:00:00+01:00,310.6331197102993
2017-10-25 23:00:00+01:00,268.7142363921116
2017-10-26 00:00:00+01:00,240.2949816206574
2017-10-26 01:00:00+01:00,239.33841977545154
2017-10-26 02:00:00+01:00,233.60082614041247
2017-10-26 03:00:00+01:00,233.8349914550151
2017-10-26 04:00:00+01:00,228.09601609279397
2017-10-26 05:00:00+01:00,237.2032536927671
2017-10-26 06:00:00+01:00,282.62048355598
2017-10-26 07:00:00+01:00,335.8590292283414
2017-10-26 08:00:00+01:00,359.78425116830545
2017-10-26 09:00:00+01:00,363.12573654125697
2017-10-26 10:00:00+01:00,362.9229381821023
2017-10-26 11:00:00+01:00,360.1059650638811
2017-10-26 12:00:00+01:00,363.8430135934844
2017-10-26 13:00:00+01:00,363.40459698982846
2017-10-26 14:00:00+01:00,361.3786726112784
2017-10-26 15:00:00+01:00,370.37183467848644
2017-10-26 16:00:00+01:00,374.3841797919539
2017-10-26 17:00:00+01:00,387.6934297663917
2017-10-26 18:00:00+01:00,377.464107585384
2017-10-26 19:00:00+01:00,378.64556042202366
2017-10-26 20:00:00+01:00,375.0130400115795
2017-10-26 21:00:00+01:00,361.8090119646752
2017-10-26 22:00:00+01:00,338.7021827054908
2017-10-26 23:00:00+01:00,296.157482866987
2017-10-27 00:00:00+01:00,253.3282099468627
2017-10-27 01:00:00+01:00,236.55461310964256
2017-10-27 02:00:00+01:00,234.78805480848766
2017-10-27 03:00:00+01:00,230.50164619550654
2017-10-27 04:00:00+01:00,230.72501539375833
2017-10-27 05:00:00+01:00,244.70331836081925
2017-10-27 06:00:00+01:00,275.73739998406097
2017-10-27 07:00:00+01:00,330.5039334570432
2017-10-27 08:00:00+01:00,345.52107254471923
2017-10-27 09:00:00+01:00,338.96680282226976
2017-10-27 10:00:00+01:00,324.4394489139051
2017-10-27 11:00:00+01:00,304.95570320745423
2017-10-27 12:00:00+01:00,289.31278136540874
2017-10-27 13:00:00+01:00,277.7409175651708
2017-10-27 14:00:00+01:00,274.07596658429856
2017-10-27 15:00:00+01:00,281.8136580751986
2017-10-27 16:00:00+01:00,300.9425943424471
2017-10-27 17:00:00+01:00,327.6444199763802
2017-10-27 18:00:00+01:00,338.0534641642883
2017-10-27 19:00:00+01:00,327.80179055718065
2017-10-27 20:00:00+01:00,317.78351198660516
2017-10-27 21:00:00+01:00,298.8323643193096
2017-10-27 22:00:00+01:00,262.93372462207304
2017-10-27 23:00:00+01:00,203.03507992391678
2017-10-28 00:00:00+01:00,149.54656977450938
2017-10-28 01:00:00+01:00,136.12523509044883
2017-10-28 02:00:00+01:00,147.4917280412431
2017-10-28 03:00:00+01:00,131.0256945233455
2017-10-28 04:00:00+01:00,123.20061536528021
2017-10-28 05:00:00+01:00,116.86618734524892
2017-10-28 06:00:00+01:00,138.2733853878958
2017-10-28 07:00:00+01:00,156.13024968727694
2017-10-28 08:00:00+01:00,174.89148832252414
2017-10-28 09:00:00+01:00,171.87122383114195
2017-10-28 10:00:00+01:00,166.98729994945086
2017-10-28 11:00:00+01:00,156.90719679052916
2017-10-28 12:00:00+01:00,143.3787064412518
2017-10-28 13:00:00+01:00,138.76040645754608
2017-10-28 14:00:00+01:00,132.26106530736234
2017-10-28 15:00:00+01:00,131.60881237413886
2017-10-28 16:00:00+01:00,145.83752698147126
2017-10-28 17:00:00+01:00,167.77751436433527
2017-10-28 18:00:00+01:00,189.64927043362522
2017-10-28 19:00:00+01:00,182.46730669469028
2017-10-28 20:00:00+01:00,172.31667530161454
2017-10-28 21:00:00+01:00,161.35997538066877
2017-10-28 22:00:00+01:00,135.24474648870407
2017-10-28 23:00:00+01:00,108.9528168145809
2017-10-29 00:00:00+01:00,107.12134555405189
2017-10-29 01:00:00+01:00,120.85791391875726
2017-10-29 01:00:00+00:00,118.41917187974589
2017-10-29 02:00:00+00:00,99.29310402228101
2017-10-29 03:00:00+00:00,95.98676270386694
2017-10-29 04:00:00+00:00,94.73321410013288
2017-10-29 05:00:00+00:00,87.69482478910737
2017-10-29 06:00:00+00:00,93.11082960915662
2017-10-29 07:00:00+00:00,118.87579595947432
2017-10-29 08:00:00+00:00,148.28795447102885
2017-10-29 09:00:00+00:00,164.55425816511752
2017-10-29 10:00:00+00:00,169.1430648283063
2017-10-29 11:00:00+00:00,169.03361820756933
2017-10-29 12:00:00+00:00,173.08627604976041
2017-10-29 13:00:00+00:00,188.72736024552088
2017-10-29 14:00:00+00:00,192.35333756371298
2017-10-29 15:00:00+00:00,214.37417026543378
2017-10-29 16:00:00+00:00,256.17712449475596
2017-10-29 17:00:00+00:00,274.32395478895603
2017-10-29 18:00:00+00:00,279.8808419145114
2017-10-29 19:00:00+00:00,284.08757214621824
2017-10-29 20:00:00+00:00,284.6410049176913
2017-10-29 21:00:00+00:00,284.56155504005335
2017-10-29 22:00:00+00:00,277.00301699744125
2017-10-29 23:00:00+00:00,251.7222057867506
2017-10-30 00:00:00+00:00,229.67891118772096
2017-10-30 01:00:00+00:00,226.97625705708924
2017-10-30 02:00:00+00:00,229.81644765797026
2017-10-30 03:00:00+00:00,226.44496352458128
2017-10-30 04:00:00+00:00,224.66388064509596
2017-10-30 05:00:00+00:00,247.45101245571377
2017-10-30 06:00:00+00:00,287.9967716319099
2017-10-30 07:00:00+00:00,322.9800380378547
2017-10-30 08:00:00+00:00,337.9299002918018
2017-10-30 09:00:00+00:00,334.4428630056192
2017-10-30 10:00:00+00:00,328.18377605192126
2017-10-30 11:00:00+00:00,319.96921755500097
2017-10-30 12:00:00+00:00,317.16052929258274
2017-10-30 13:00:00+00:00,319.88179158519
2017-10-30 14:00:00+00:00,332.25061270924954
2017-10-30 15:00:00+00:00,350.4197188232663
2017-10-30 16:00:00+00:00,369.9173710108233
2017-10-30 17:00:00+00:00,364.2825843317348
2017-10-30 18:00:00+00:00,367.26299370697416
2017-10-30 19:00:00+00:00,372.2731472807097
2017-10-30 20:00:00+00:00,360.2986917534282
2017-10-30 21:00:00+00:00,339.34753957204885
2017-10-30 22:00:00+00:00,301.8727214372816
2017-10-30 23:00:00+00:00,257.83370294330683
2017-10-31 00:00:00+00:00,214.33902156862982
2017-10-31 01:00:00+00:00,207.57342643535404
2017-10-31 02:00:00+00:00,185.4651656477556
2017-10-31 03:00:00+00:00,181.88452030119208
2017-10-31 04:00:00+00:00,172.54880532003358
2017-10-31 05:00:00+00:00,178.70964766709238
2017-10-31 06:00:00+00:00,233.72938410389597
2017-10-31 07:00:00+00:00,289.6653997202954
2017-10-31 08:00:00+00:00,295.461085166597
2017-10-31 09:00:00+00:00,294.2918795360719
2017-10-31 10:00:00+00:00,287.05934926474225
2017-10-31 11:00:00+00:00,280.41260291268907
2017-10-31 12:00:00+00:00,276.80008663133873
2017-10-31 13:00:00+00:00,272.1039645593756
2017-10-31 14:00:00+00:00,274.75257971662927
2017-10-31 15:00:00+00:00,283.0557548347869
2017-10-31 16:00:00+00:00,306.704111204368
2017-10-31 17:00:00+00:00,312.05488049824305
2017-10-31 18:00:00+00:00,303.7677959971294
2017-10-31 19:00:00+00:00,311.3175883323697
2017-10-31 20:00:00+00:00,309.14649385965214
2017-10-31 21:00:00+00:00,287.9535592930542
2017-10-31 22:00:00+00:00,264.1755943883411
2017-10-31 23:00:00+00:00,202.80181688065818
2017-11-01 00:00:00+00:00,168.6274161929856
2017-11-01 01:00:00+00:00,180.03341416646987
2017-11-01 02:00:00+00:00,168.219010002677
2017-11-01 03:00:00+00:00,166.05061571748556
2017-11-01 04:00:00+00:00,162.47176414203906
2017-11-01 05:00:00+00:00,168.1911187969002
2017-11-01 06:00:00+00:00,205.78476255969898
2017-11-01 07:00:00+00:00,240.93852081368718
2017-11-01 08:00:00+00:00,254.8208795882451
2017-11-01 09:00:00+00:00,253.28076813330256
2017-11-01 10:00:00+00:00,248.57032468588926
2017-11-01 11:00:00+00:00,253.95843527636947
2017-11-01 12:00:00+00:00,262.90599082175436
2017-11-01 13:00:00+00:00,268.4823130826423
2017-11-01 14:00:00+00:00,272.9438447568993
2017-11-01 15:00:00+00:00,286.8743211991215
2017-11-01 16:00:00+00:00,317.7588184988195
2017-11-01 17:00:00+00:00,326.44774609054093
2017-11-01 18:00:00+00:00,327.13814860700165
2017-11-01 19:00:00+00:00,319.2598662546159
2017-11-01 20:00:00+00:00,314.4098301109971
2017-11-01 21:00:00+00:00,320.8609775945746
2017-11-01 22:00:00+00:00,306.2290576411042
2017-11-01 23:00:00+00:00,277.94264854285296
2017-11-02 00:00:00+00:00,257.5277682992145
2017-11-02 01:00:00+00:00,263.82847004412815
2017-11-02 02:00:00+00:00,253.79682893734434
2017-11-02 03:00:00+00:00,265.40549475043275
2017-11-02 04:00:00+00:00,263.8608312862756
2017-11-02 05:00:00+00:00,281.9733225256869
2017-11-02 06:00:00+00:00,324.1125894833949
2017-11-02 07:00:00+00:00,378.6217771800092
2017-11-02 08:00:00+00:00,391.3338973595503
2017-11-02 09:00:00+00:00,397.7073275701469
2017-11-02 10:00:00+00:00,399.65994527436004
2017-11-02 11:00:00+00:00,395.6246802387849
2017-11-02 12:00:00+00:00,400.8358635976503
2017-11-02 13:00:00+00:00,405.312613256646
2017-11-02 14:00:00+00:00,403.9805596107907
2017-11-02 15:00:00+00:00,426.24424190600206
2017-11-02 16:00:00+00:00,434.8513619650624
2017-11-02 17:00:00+00:00,430.9960218399909
2017-11-02 18:00:00+00:00,433.00490546335425
2017-11-02 19:00:00+00:00,436.0139518119711
2017-11-02 20:00:00+00:00,428.33685187630704
2017-11-02 21:00:00+00:00,419.87740832227803
2017-11-02 22:00:00+00:00,410.50961217891233
2017-11-02 23:00:00+00:00,400.07885815949857
2017-11-03 00:00:00+00:00,388.39334473292433
2017-11-03 01:00:00+00:00,375.2121720132218
2017-11-03 02:00:00+00:00,360.2285570334326
2017-11-03 03:00:00+00:00,343.04565807021305
2017-11-03 04:00:00+00:00,323.1409103601561
2017-11-03 05:00:00+00:00,338.0033277215678
2017-11-03 06:00:00+00:00,364.2669467239224
2017-11-03 07:00:00+00:00,405.7486419075118
2017-11-03 08:00:00+00:00,408.12773329696455
2017-11-03 09:00:00+00:00,405.7552572992192
2017-11-03 10:00:00+00:00,415.39185266005205
2017-11-03 11:00:00+00:00,413.2076123838768
2017-11-03 12:00:00+00:00,409.19538663071205
2017-11-03 13:00:00+00:00,399.19246492328324
2017-11-03 14:00:00+00:00,404.48491565185446
2017-11-03 15:00:00+00:00,411.8555771906391
2017-11-03 16:00:00+00:00,416.69688218554677
2017-11-03 17:00:00+00:00,426.75000278961943
2017-11-03 18:00:00+00:00,426.221456158463
2017-11-03 19:00:00+00:00,419.19375162476206
2017-11-03 20:00:00+00:00,411.0050860039844
2017-11-03 21:00:00+00:00,387.76143238964875
2017-11-03 22:00:00+00:00,375.94483523683095
2017-11-03 23:00:00+00:00,350.4958728564512
2017-11-04 00:00:00+00:00,303.88861527433636
2017-11-04 01:00:00+00:00,304.80379334681066
2017-11-04 02:00:00+00:00,287.8603611043625
2017-11-04 03:00:00+00:00,282.38023876048163
2017-11-04 04:00:00+00:00,267.12721741842984
2017-11-04 05:00:00+00:00,252.70666409500055
2017-11-04 06:00:00+00:00,256.21045940084184
2017-11-04 07:00:00+00:00,268.976999306471
2017-11-04 08:00:00+00:00,288.8712774456915
2017-11-04 09:00:00+00:00,309.0789623293516
2017-11-04 10:00:00+00:00,297.6814261499876
2017-11-04 11:00:00+00:00,284.23136497245997
2017-11-04 12:00:00+00:00,269.5412196224385
2017-11-04 13:00:00+00:00,265.48816003509796
2017-11-04 14:00:00+00:00,251.24298407678057
2017-11-04 15:00:00+00:00,266.7363234003888
2017-11-04 16:00:00+00:00,305.31087040014626
2017-11-04 17:00:00+00:00,326.0098267563856
2017-11-04 18:00:00+00:00,320.5098866953377
2017-11-04 19:00:00+00:00,317.674434769561
2017-11-04 20:00:00+00:00,302.98867272526843
2017-11-04 21:00:00+00:00,288.0859419151744
2017-11-04 22:00:00+00:00,262.10333943664466
2017-11-04 23:00:00+00:00,244.8709653181621
2017-11-05 00:00:00+00:00,218.4670176670599
2017-11-05 01:00:00+00:00,225.78759600572562
2017-11-05 02:00:00+00:00,215.3907743041189
2017-11-05 03:00:00+00:00,204.8737636333016
2017-11-05 04:00:00+00:00,190.55642282201893
2017-11-05 05:00:00+00:00,188.78181464107192
2017-11-05 06:00:00+00:00,190.16524209345334
2017-11-05 07:00:00+00:00,191.67287480861037
2017-11-05 08:00:00+00:00,201.63480582278225
2017-11-05 09:00:00+00:00,207.24463189019778
2017-11-05 10:00:00+00:00,206.87112245563355
2017-11-05 11:00:00+00:00,213.6731262662256
2017-11-05 12:00:00+00:00,230.96849586769875
2017-11-05 13:00:00+00:00,259.42823161570044
2017-11-05 14:00:00+00:00,266.17133138558387
2017-11-05 15:00:00+00:00,303.6449016286875
2017-11-05 16:00:00+00:00,345.44287798682234
2017-11-05 17:00:00+00:00,374.66441887387305
2017-11-05 18:00:00+00:00,373.4123917821911
2017-11-05 19:00:00+00:00,374.63650909005776
2017-11-05 20:00:00+00:00,362.7454448912045
2017-11-05 21:00:00+00:00,349.35196602491203
2017-11-05 22:00:00+00:00,326.235757776882
2017-11-05 23:00:00+00:00,312.6605443942394
2017-11-06 00:00:00+00:00,296.4054294594827
2017-11-06 01:00:00+00:00,308.47320725410566
2017-11-06 02:00:00+00:00,309.39920700317475
2017-11-06 03:00:00+00:00,305.2225826785899
2017-11-06 04:00:00+00:00,300.58538921650916
2017-11-06 05:00:00+00:00,325.2965071638894
2017-11-06 06:00:00+00:00,360.6396866883384
2017-11-06 07:00:00+00:00,393.47469982778136
2017-11-06 08:00:00+00:00,384.64060539841444
2017-11-06 09:00:00+00:00,367.41695209010305
2017-11-06 10:00:00+00:00,353.3888346909284
2017-11-06 11:00:00+00:00,342.3784024661039
2017-11-06 12:00:00+00:00,330.9904274219953
2017-11-06 13:00:00+00:00,335.8576153422214
2017-11-06 14:00:00+00:00,347.7562668678724
2017-11-06 15:00:00+00:00,360.4439557676567
2017-11-06 16:00:00+00:00,380.98877609835495
2017-11-06 17:00:00+00:00,381.72999348624467
2017-11-06 18:00:00+00:00,378.9167083491311
2017-11-06 19:00:00+00:00,370.4810688000146
2017-11-06 20:00:00+00:00,361.44747144343484
2017-11-06 21:00:00+00:00,336.1526191783242
2017-11-06 22:00:00+00:00,299.7409125639818
2017-11-06 23:00:00+00:00,272.93592801839804
2017-11-07 00:00:00+00:00,234.8562915479139
2017-11-07 01:00:00+00:00,229.99938406320007
2017-11-07 02:00:00+00:00,222.47321800033367
2017-11-07 03:00:00+00:00,216.78710764689146
2017-11-07 04:00:00+00:00,225.54412480501952
2017-11-07 05:00:00+00:00,238.66870913783038
2017-11-07 06:00:00+00:00,269.7548743516337
2017-11-07 07:00:00+00:00,334.30708772237756
2017-11-07 08:00:00+00:00,370.574277256319
2017-11-07 09:00:00+00:00,376.0544521721759
2017-11-07 10:00:00+00:00,376.010447565364
2017-11-07 11:00:00+00:00,384.51634019074936
2017-11-07 12:00:00+00:00,389.8138323482352
2017-11-07 13:00:00+00:00,401.01413186891057
2017-11-07 14:00:00+00:00,407.94092377640516
2017-11-07 15:00:00+00:00,420.69136041093344
2017-11-07 16:00:00+00:00,429.8821872278157
2017-11-07 17:00:00+00:00,437.53150548915335
2017-11-07 18:00:00+00:00,438.30438758571887
2017-11-07 19:00:00+00:00,466.5681239094455
2017-11-07 20:00:00+00:00,435.7172824977913
2017-11-07 21:00:00+00:00,409.2387023437172
2017-11-07 22:00:00+00:00,388.6209530646601
2017-11-07 23:00:00+00:00,367.37993477804883
2017-11-08 00:00:00+00:00,365.25193086135295
2017-11-08 01:00:00+00:00,363.7445288782566
2017-11-08 02:00:00+00:00,346.7145187512269
2017-11-08 03:00:00+00:00,346.5378550673722
2017-11-08 04:00:00+00:00,355.6079226124047
2017-11-08 05:00:00+00:00,359.6411152117014
2017-11-08 06:00:00+00:00,377.72273462128703
2017-11-08 07:00:00+00:00,413.2975764773856
2017-11-08 08:00:00+00:00,413.8889755579098
2017-11-08 09:00:00+00:00,397.006846689597
2017-11-08 10:00:00+00:00,388.0252576495583
2017-11-08 11:00:00+00:00,383.10255407053495
2017-11-08 12:00:00+00:00,377.2938047306566
2017-11-08 13:00:00+00:00,374.00141424174893
2017-11-08 14:00:00+00:00,377.97168068125535
2017-11-08 15:00:00+00:00,382.2127303156748
2017-11-08 16:00:00+00:00,398.1241069775316
2017-11-08 17:00:00+00:00,407.5698525836448
2017-11-08 18:00:00+00:00,398.6735519225612
2017-11-08 19:00:00+00:00,403.78436695776435
2017-11-08 20:00:00+00:00,386.1616215866381
2017-11-08 21:00:00+00:00,372.12887434568967
2017-11-08 22:00:00+00:00,335.49323594103373
2017-11-08 23:00:00+00:00,287.2045553489562
2017-11-09 00:00:00+00:00,258.35053206558615
2017-11-09 01:00:00+00:00,267.3190099668696
2017-11-09 02:00:00+00:00,264.6374992202362
2017-11-09 03:00:00+00:00,263.38501512619746
2017-11-09 04:00:00+00:00,263.0156019161949
2017-11-09 05:00:00+00:00,266.7383461393114
2017-11-09 06:00:00+00:00,296.0543608186803
2017-11-09 07:00:00+00:00,359.71279395845784
2017-11-09 08:00:00+00:00,381.7060848046519
2017-11-09 09:00:00+00:00,372.2201582595476
2017-11-09 10:00:00+00:00,366.0434402606364
2017-11-09 11:00:00+00:00,358.0229064309621
2017-11-09 12:00:00+00:00,352.3911490171879
2017-11-09 13:00:00+00:00,362.6120285352856
2017-11-09 14:00:00+00:00,378.2791672121595
2017-11-09 15:00:00+00:00,387.06737146510847
2017-11-09 16:00:00+00:00,438.4540752031254
2017-11-09 17:00:00+00:00,398.25327203396483
2017-11-09 18:00:00+00:00,394.3977313296952
2017-11-09 19:00:00+00:00,426.62339797662753
2017-11-09 20:00:00+00:00,381.63615563971905
2017-11-09 21:00:00+00:00,366.63773194890564
2017-11-09 22:00:00+00:00,332.6369442024533
2017-11-09 23:00:00+00:00,296.75696721314426
2017-11-10 00:00:00+00:00,311.3112122571761
2017-11-10 01:00:00+00:00,270.6361977378597
2017-11-10 02:00:00+00:00,240.3511795773713
2017-11-10 03:00:00+00:00,227.99637841558337
2017-11-10 04:00:00+00:00,205.03895944825902
2017-11-10 05:00:00+00:00,218.26576058609712
2017-11-10 06:00:00+00:00,238.25340501251594
2017-11-10 07:00:00+00:00,298.6216851117861
2017-11-10 08:00:00+00:00,326.5328614879635
2017-11-10 09:00:00+00:00,309.9861098657297
2017-11-10 10:00:00+00:00,295.9017564170797
2017-11-10 11:00:00+00:00,273.33665392633975
2017-11-10 12:00:00+00:00,271.40806727240397
2017-11-10 13:00:00+00:00,282.64640701858167
2017-11-10 14:00:00+00:00,296.74757560984347
2017-11-10 15:00:00+00:00,325.2945407828229
2017-11-10 16:00:00+00:00,342.7179324569851
2017-11-10 17:00:00+00:00,358.6945171093149
2017-11-10 18:00:00+00:00,355.887545292849
2017-11-10 19:00:00+00:00,418.0649786519179
2017-11-10 20:00:00+00:00,353.38033498322676
2017-11-10 21:00:00+00:00,330.6885198504199
2017-11-10 22:00:00+00:00,311.4612680357481
2017-11-10 23:00:00+00:00,295.49368042221397
2017-11-11 00:00:00+00:00,333.42207643124715
2017-11-11 01:00:00+00:00,292.5272320782731
2017-11-11 02:00:00+00:00,287.41026130330386
2017-11-11 03:00:00+00:00,297.7936466505156
2017-11-11 04:00:00+00:00,292.39945403577764
2017-11-11 05:00:00+00:00,292.03461446394437
2017-11-11 06:00:00+00:00,314.2764342528306
2017-11-11 07:00:00+00:00,343.9178410790641
2017-11-11 08:00:00+00:00,356.80759277372493
2017-11-11 09:00:00+00:00,370.4558092810648
2017-11-11 10:00:00+00:00,367.1737547103487
2017-11-11 11:00:00+00:00,358.042992133897
2017-11-11 12:00:00+00:00,354.06580394378096
2017-11-11 13:00:00+00:00,356.2235937354906
2017-11-11 14:00:00+00:00,361.46063607084744
2017-11-11 15:00:00+00:00,374.6209267277902
2017-11-11 16:00:00+00:00,385.82555823385866
2017-11-11 17:00:00+00:00,387.74639318493433
2017-11-11 18:00:00+00:00,382.03844106286533
2017-11-11 19:00:00+00:00,394.71653112046585
2017-11-11 20:00:00+00:00,390.554739006191
2017-11-11 21:00:00+00:00,386.08970913606305
2017-11-11 22:00:00+00:00,373.06599627354205
2017-11-11 23:00:00+00:00,339.0411126414727
2017-11-12 00:00:00+00:00,292.12433254883405
2017-11-12 01:00:00+00:00,272.6127113040997
2017-11-12 02:00:00+00:00,243.85828003210602
2017-11-12 03:00:00+00:00,227.25493181022307
2017-11-12 04:00:00+00:00,229.32878508468056
2017-11-12 05:00:00+00:00,166.59771899264777
2017-11-12 06:00:00+00:00,166.86918400527335
2017-11-12 07:00:00+00:00,156.56393902681
2017-11-12 08:00:00+00:00,154.76568090190418
2017-11-12 09:00:00+00:00,157.14085796243106
2017-11-12 10:00:00+00:00,159.34289889177984
2017-11-12 11:00:00+00:00,157.6563582504362
2017-11-12 12:00:00+00:00,162.9627023166383
2017-11-12 13:00:00+00:00,164.2342656109351
2017-11-12 14:00:00+00:00,171.5235693051409
2017-11-12 15:00:00+00:00,207.07869906421766
2017-11-12 16:00:00+00:00,254.50604506819633
2017-11-12 17:00:00+00:00,289.73550388916016
2017-11-12 18:00:00+00:00,290.9388335091178
2017-11-12 19:00:00+00:00,290.4842785331026
2017-11-12 20:00:00+00:00,276.5270074283934
2017-11-12 21:00:00+00:00,269.1023257061933
2017-11-12 22:00:00+00:00,248.09423072858587
2017-11-12 23:00:00+00:00,235.0017818573041
2017-11-13 00:00:00+00:00,233.73815393026945
2017-11-13 01:00:00+00:00,251.00324964813638
2017-11-13 02:00:00+00:00,244.58786727263075
2017-11-13 03:00:00+00:00,247.39159855537156
2017-11-13 04:00:00+00:00,252.89715985745616
2017-11-13 05:00:00+00:00,277.49357969961017
2017-11-13 06:00:00+00:00,332.08526914954354
2017-11-13 07:00:00+00:00,387.3662207694716
2017-11-13 08:00:00+00:00,392.52567831000755
2017-11-13 09:00:00+00:00,394.10946921353076
2017-11-13 10:00:00+00:00,392.0863288795806
2017-11-13 11:00:00+00:00,388.2939329901052
2017-11-13 12:00:00+00:00,389.54862535074193
2017-11-13 13:00:00+00:00,386.2987277964143
2017-11-13 14:00:00+00:00,388.69768416040245
2017-11-13 15:00:00+00:00,389.1695082227986
2017-11-13 16:00:00+00:00,400.0148077871765
2017-11-13 17:00:00+00:00,401.6473380971562
2017-11-13 18:00:00+00:00,391.47982571699725
2017-11-13 19:00:00+00:00,398.00901546766715
2017-11-13 20:00:00+00:00,387.1955535429952
2017-11-13 21:00:00+00:00,358.9475695459902
2017-11-13 22:00:00+00:00,325.8545735221453
2017-11-13 23:00:00+00:00,286.5396629564949
2017-11-14 00:00:00+00:00,267.19635199721506
2017-11-14 01:00:00+00:00,263.73870250416286
2017-11-14 02:00:00+00:00,249.91198673102338
2017-11-14 03:00:00+00:00,248.01997735374272
2017-11-14 04:00:00+00:00,266.37938918533507
2017-11-14 05:00:00+00:00,299.7222990623108
2017-11-14 06:00:00+00:00,349.1202791483855
2017-11-14 07:00:00+00:00,387.9462961566201
2017-11-14 08:00:00+00:00,403.32997688552086
2017-11-14 09:00:00+00:00,420.4989910234249
2017-11-14 10:00:00+00:00,434.8632140551037
2017-11-14 11:00:00+00:00,437.4134837774838
2017-11-14 12:00:00+00:00,443.8344194390036
2017-11-14 13:00:00+00:00,447.3697485530547
2017-11-14 14:00:00+00:00,445.09669891292793
2017-11-14 15:00:00+00:00,467.7315273688468
2017-11-14 16:00:00+00:00,476.4855831319562
2017-11-14 17:00:00+00:00,465.38214307814445
2017-11-14 18:00:00+00:00,464.7808884772785
2017-11-14 19:00:00+00:00,459.8164163246277
2017-11-14 20:00:00+00:00,443.5841169940933
2017-11-14 21:00:00+00:00,416.82438471817767
2017-11-14 22:00:00+00:00,388.1050198945962
2017-11-14 23:00:00+00:00,378.2375869161533
2017-11-15 00:00:00+00:00,360.25202789844235
2017-11-15 01:00:00+00:00,367.6738818872057
2017-11-15 02:00:00+00:00,365.1166546249918
2017-11-15 03:00:00+00:00,369.5570745043747
2017-11-15 04:00:00+00:00,383.363317528441
2017-11-15 05:00:00+00:00,383.38638595481547
2017-11-15 06:00:00+00:00,417.24441991189775
2017-11-15 07:00:00+00:00,443.4968866338294
2017-11-15 08:00:00+00:00,463.397148284631
2017-11-15 09:00:00+00:00,473.059064884239
2017-11-15 10:00:00+00:00,470.9451571728016
2017-11-15 11:00:00+00:00,468.8724816429727
2017-11-15 12:00:00+00:00,466.83984358368957
2017-11-15 13:00:00+00:00,464.84609399836353
2017-11-15 14:00:00+00:00,462.89012743907267
2017-11-15 15:00:00+00:00,460.97087996272944
2017-11-15 16:00:00+00:00,459.0873272012831
2017-11-15 17:00:00+00:00,457.2384825386045
2017-11-15 18:00:00+00:00,469.1083836093309
2017-11-15 19:00:00+00:00,458.5467481939819
2017-11-15 20:00:00+00:00,441.7045320195723
2017-11-15 21:00:00+00:00,409.5369824970885
2017-11-15 22:00:00+00:00,364.03727080605836
2017-11-15 23:00:00+00:00,334.632257168113
2017-11-16 00:00:00+00:00,347.08713637782853
2017-11-16 01:00:00+00:00,307.19484319314245
2017-11-16 02:00:00+00:00,290.0341136469916
2017-11-16 03:00:00+00:00,282.0471382959759
2017-11-16 04:00:00+00:00,281.57345088293596
2017-11-16 05:00:00+00:00,280.1255642007005
2017-11-16 06:00:00+00:00,308.8301236546156
2017-11-16 07:00:00+00:00,333.1179363689893
2017-11-16 08:00:00+00:00,342.49911503701907
2017-11-16 09:00:00+00:00,334.64267732120163
2017-11-16 10:00:00+00:00,331.09613364680075
2017-11-16 11:00:00+00:00,325.05155139189685
2017-11-16 12:00:00+00:00,330.16119422175996
2017-11-16 13:00:00+00:00,346.6050425502051
2017-11-16 14:00:00+00:00,351.94734648070164
2017-11-16 15:00:00+00:00,380.53387676336587
2017-11-16 16:00:00+00:00,404.0102225335814
2017-11-16 17:00:00+00:00,413.70038165034197
2017-11-16 18:00:00+00:00,410.3904556106789
2017-11-16 19:00:00+00:00,449.0292398958363
2017-11-16 20:00:00+00:00,417.2380807929318
2017-11-16 21:00:00+00:00,406.9396278003358
2017-11-16 22:00:00+00:00,386.50170686370456
2017-11-16 23:00:00+00:00,360.76005914670895
2017-11-17 00:00:00+00:00,345.86225033612453
2017-11-17 01:00:00+00:00,341.0826277474781
2017-11-17 02:00:00+00:00,332.5412667430129
2017-11-17 03:00:00+00:00,323.9936006764079
2017-11-17 04:00:00+00:00,360.9846056658024
2017-11-17 05:00:00+00:00,323.89829416570115
2017-11-17 06:00:00+00:00,348.0545312668129
2017-11-17 07:00:00+00:00,397.39294210859293
2017-11-17 08:00:00+00:00,405.5511107793808
2017-11-17 09:00:00+00:00,400.1111623269439
2017-11-17 10:00:00+00:00,376.66367544784947
2017-11-17 11:00:00+00:00,367.6757463260327
2017-11-17 12:00:00+00:00,368.94599492392393
2017-11-17 13:00:00+00:00,367.487580786603
2017-11-17 14:00:00+00:00,374.80782024510484
2017-11-17 15:00:00+00:00,377.90587443061787
2017-11-17 16:00:00+00:00,396.73672013453995
2017-11-17 17:00:00+00:00,396.4821196049533
2017-11-17 18:00:00+00:00,394.70772102504145
2017-11-17 19:00:00+00:00,452.71235606812803
2017-11-17 20:00:00+00:00,377.9987692379069
2017-11-17 21:00:00+00:00,345.78970585567623
2017-11-17 22:00:00+00:00,334.9910298910409
2017-11-17 23:00:00+00:00,312.03613352581596
2017-11-18 00:00:00+00:00,299.30672022274746
2017-11-18 01:00:00+00:00,292.6911920409306
2017-11-18 02:00:00+00:00,285.38489907343154
2017-11-18 03:00:00+00:00,276.6338786873299
2017-11-18 04:00:00+00:00,268.75817863620813
2017-11-18 05:00:00+00:00,264.4282559617247
2017-11-18 06:00:00+00:00,277.7124852365162
2017-11-18 07:00:00+00:00,292.44867125847344
2017-11-18 08:00:00+00:00,306.5679891737878
2017-11-18 09:00:00+00:00,320.9192462172588
2017-11-18 10:00:00+00:00,329.81045216324827
2017-11-18 11:00:00+00:00,325.1846942541228
2017-11-18 12:00:00+00:00,329.68808885317685
2017-11-18 13:00:00+00:00,329.84453724926755
2017-11-18 14:00:00+00:00,339.3402940952029
2017-11-18 15:00:00+00:00,349.1285744612576
2017-11-18 16:00:00+00:00,366.35620452422086
2017-11-18 17:00:00+00:00,368.5609151144581
2017-11-18 18:00:00+00:00,365.25335096092823
2017-11-18 19:00:00+00:00,370.861055986482
2017-11-18 20:00:00+00:00,364.90276834481193
2017-11-18 21:00:00+00:00,359.7419246031598
2017-11-18 22:00:00+00:00,344.4538397348748
2017-11-18 23:00:00+00:00,329.7854165087579
2017-11-19 00:00:00+00:00,315.9507605234621
2017-11-19 01:00:00+00:00,331.4169676577566
2017-11-19 02:00:00+00:00,319.6097862541189
2017-11-19 03:00:00+00:00,313.28280947345934
2017-11-19 04:00:00+00:00,349.45991695612076
2017-11-19 05:00:00+00:00,315.51244089083167
2017-11-19 06:00:00+00:00,325.6639269188951
2017-11-19 07:00:00+00:00,358.51119718844296
2017-11-19 08:00:00+00:00,371.0885445705647
2017-11-19 09:00:00+00:00,377.03664565329296
2017-11-19 10:00:00+00:00,370.01503885463126
2017-11-19 11:00:00+00:00,368.21844450297647
2017-11-19 12:00:00+00:00,371.4028914830407
2017-11-19 13:00:00+00:00,383.12828880127637
2017-11-19 14:00:00+00:00,403.1934840785556
2017-11-19 15:00:00+00:00,432.1654291965846
2017-11-19 16:00:00+00:00,444.71321680617416
2017-11-19 17:00:00+00:00,438.5318092503341
2017-11-19 18:00:00+00:00,437.31493371017893
2017-11-19 19:00:00+00:00,455.47924636098026
2017-11-19 20:00:00+00:00,428.72169605690533
2017-11-19 21:00:00+00:00,425.37829480535316
2017-11-19 22:00:00+00:00,396.3858114869727
2017-11-19 23:00:00+00:00,352.858093834721
2017-11-20 00:00:00+00:00,337.9591885592846
2017-11-20 01:00:00+00:00,343.08550903421946
2017-11-20 02:00:00+00:00,326.02491633528246
2017-11-20 03:00:00+00:00,307.5732405023895
2017-11-20 04:00:00+00:00,287.136847035852
2017-11-20 05:00:00+00:00,282.843999856723
2017-11-20 06:00:00+00:00,294.38097594938404
2017-11-20 07:00:00+00:00,324.14732366575646
2017-11-20 08:00:00+00:00,340.98279057474684
2017-11-20 09:00:00+00:00,333.1381974064585
2017-11-20 10:00:00+00:00,337.849103459165
2017-11-20 11:00:00+00:00,337.8194887354732
2017-11-20 12:00:00+00:00,346.43931715666207
2017-11-20 13:00:00+00:00,361.00741705622653
2017-11-20 14:00:00+00:00,371.4714626365354
2017-11-20 15:00:00+00:00,382.1884451062812
2017-11-20 16:00:00+00:00,392.7495404403965
2017-11-20 17:00:00+00:00,396.64798465544044
2017-11-20 18:00:00+00:00,409.375729334972
2017-11-20 19:00:00+00:00,410.43342843837746
2017-11-20 20:00:00+00:00,404.43317112415843
2017-11-20 21:00:00+00:00,396.6142391771216
2017-11-20 22:00:00+00:00,367.90861837087857
2017-11-20 23:00:00+00:00,347.71935928543814
2017-11-21 00:00:00+00:00,333.13758204544234
2017-11-21 01:00:00+00:00,334.2015606928765
2017-11-21 02:00:00+00:00,320.54456098007415
2017-11-21 03:00:00+00:00,307.27337621586787
2017-11-21 04:00:00+00:00,303.7120632808496
2017-11-21 05:00:00+00:00,321.77044791824596
2017-11-21 06:00:00+00:00,332.439300274762
2017-11-21 07:00:00+00:00,359.70539111380936
2017-11-21 08:00:00+00:00,376.0406577467083
2017-11-21 09:00:00+00:00,420.9239422549883
2017-11-21 10:00:00+00:00,404.22799439300564
2017-11-21 11:00:00+00:00,374.62185618142826
2017-11-21 12:00:00+00:00,371.5792880086795
2017-11-21 13:00:00+00:00,365.9932124918196
2017-11-21 14:00:00+00:00,362.6556879558623
2017-11-21 15:00:00+00:00,362.4014335226175
2017-11-21 16:00:00+00:00,370.32875340700116
2017-11-21 17:00:00+00:00,365.5180247940264
2017-11-21 18:00:00+00:00,357.9450588937071
2017-11-21 19:00:00+00:00,357.6589439249169
2017-11-21 20:00:00+00:00,347.0622411284446
2017-11-21 21:00:00+00:00,313.90676656162555
2017-11-21 22:00:00+00:00,280.87408121777236
2017-11-21 23:00:00+00:00,249.8455728009403
2017-11-22 00:00:00+00:00,224.9060830186562
2017-11-22 01:00:00+00:00,245.75081851796236
2017-11-22 02:00:00+00:00,237.52119057605117
2017-11-22 03:00:00+00:00,238.62231443089064
2017-11-22 04:00:00+00:00,236.60606349112956
2017-11-22 05:00:00+00:00,256.5901603674686
2017-11-22 06:00:00+00:00,306.6439586843284
2017-11-22 07:00:00+00:00,346.8689503766939
2017-11-22 08:00:00+00:00,372.07192413231724
2017-11-22 09:00:00+00:00,370.2730739291621
2017-11-22 10:00:00+00:00,374.0339625506416
2017-11-22 11:00:00+00:00,371.3260535332307
2017-11-22 12:00:00+00:00,372.46543297946886
2017-11-22 13:00:00+00:00,365.86039333025445
2017-11-22 14:00:00+00:00,372.25115909579887
2017-11-22 15:00:00+00:00,383.06881033478726
2017-11-22 16:00:00+00:00,394.72240160523944
2017-11-22 17:00:00+00:00,389.41745679571244
2017-11-22 18:00:00+00:00,402.08891023851413
2017-11-22 19:00:00+00:00,407.81629379367985
2017-11-22 20:00:00+00:00,396.5984928464968
2017-11-22 21:00:00+00:00,383.2749916646053
2017-11-22 22:00:00+00:00,349.1599159537243
2017-11-22 23:00:00+00:00,318.0854233374751
2017-11-23 00:00:00+00:00,270.5388088533245
2017-11-23 01:00:00+00:00,268.42549213854085
2017-11-23 02:00:00+00:00,243.83743255052448
2017-11-23 03:00:00+00:00,258.4150540671022
2017-11-23 04:00:00+00:00,243.76166348678888
2017-11-23 05:00:00+00:00,246.5685764580456
2017-11-23 06:00:00+00:00,272.94392756205053
2017-11-23 07:00:00+00:00,323.18004809365925
2017-11-23 08:00:00+00:00,343.43863629947685
2017-11-23 09:00:00+00:00,342.0276892248864
2017-11-23 10:00:00+00:00,334.13226942862724
2017-11-23 11:00:00+00:00,322.9404520512215
2017-11-23 12:00:00+00:00,318.52363374893713
2017-11-23 13:00:00+00:00,333.7284331690211
2017-11-23 14:00:00+00:00,346.80808575528414
2017-11-23 15:00:00+00:00,374.5759354190723
2017-11-23 16:00:00+00:00,387.45655612116997
2017-11-23 17:00:00+00:00,396.29083014108556
2017-11-23 18:00:00+00:00,404.18537567862865
2017-11-23 19:00:00+00:00,409.7875938291663
2017-11-23 20:00:00+00:00,414.7530902726224
2017-11-23 21:00:00+00:00,401.8238433163739
2017-11-23 22:00:00+00:00,396.7575370986009
2017-11-23 23:00:00+00:00,378.32638569497277
2017-11-24 00:00:00+00:00,372.46676551996507
2017-11-24 01:00:00+00:00,365.29758821905574
2017-11-24 02:00:00+00:00,357.29639118429117
2017-11-24 03:00:00+00:00,361.89268547869517
2017-11-24 04:00:00+00:00,368.48768604105356
2017-11-24 05:00:00+00:00,381.74566939881976
2017-11-24 06:00:00+00:00,418.2106615495014
2017-11-24 07:00:00+00:00,437.28672707958503
2017-11-24 08:00:00+00:00,448.7110435198702
2017-11-24 09:00:00+00:00,435.80209918674956
2017-11-24 10:00:00+00:00,419.9386150016995
2017-11-24 11:00:00+00:00,413.5973346791158
2017-11-24 12:00:00+00:00,405.55498886820715
2017-11-24 13:00:00+00:00,414.18193707834143
2017-11-24 14:00:00+00:00,419.8428443751107
2017-11-24 15:00:00+00:00,437.72372357843983
2017-11-24 16:00:00+00:00,448.80163172785933
2017-11-24 17:00:00+00:00,440.1654865828565
2017-11-24 18:00:00+00:00,442.44364975731133
2017-11-24 19:00:00+00:00,441.27167106293064
2017-11-24 20:00:00+00:00,440.325238101524
2017-11-24 21:00:00+00:00,427.7584674473742
2017-11-24 22:00:00+00:00,407.82146259897473
2017-11-24 23:00:00+00:00,392.70946109697064
2017-11-25 00:00:00+00:00,370.0787434076407
2017-11-25 01:00:00+00:00,383.81949974052054
2017-11-25 02:00:00+00:00,369.46881206863435
2017-11-25 03:00:00+00:00,342.89173231839163
2017-11-25 04:00:00+00:00,324.36922087039244
2017-11-25 05:00:00+00:00,324.8949820998631
2017-11-25 06:00:00+00:00,349.71586134419516
2017-11-25 07:00:00+00:00,354.6838223472214
2017-11-25 08:00:00+00:00,346.8077126668809
2017-11-25 09:00:00+00:00,351.68017269685845
2017-11-25 10:00:00+00:00,328.217786957365
2017-11-25 11:00:00+00:00,318.36686497679983
2017-11-25 12:00:00+00:00,304.52197219180505
2017-11-25 13:00:00+00:00,308.5782025309927
2017-11-25 14:00:00+00:00,315.86388866650657
2017-11-25 15:00:00+00:00,344.8796702225439
2017-11-25 16:00:00+00:00,345.0002810118852
2017-11-25 17:00:00+00:00,371.62553673090963
2017-11-25 18:00:00+00:00,374.8606044920722
2017-11-25 19:00:00+00:00,380.112653729565
2017-11-25 20:00:00+00:00,355.86144512784404
2017-11-25 21:00:00+00:00,337.8183242941118
2017-11-25 22:00:00+00:00,319.50300065077613
2017-11-25 23:00:00+00:00,297.4715715989247
2017-11-26 00:00:00+00:00,239.95914533265184
2017-11-26 01:00:00+00:00,246.99925541216868
2017-11-26 02:00:00+00:00,250.73550725685837
2017-11-26 03:00:00+00:00,241.33902057564197
2017-11-26 04:00:00+00:00,235.44938630275584
2017-11-26 05:00:00+00:00,224.41261746535014
2017-11-26 06:00:00+00:00,253.2910748720039
2017-11-26 07:00:00+00:00,290.5191389038897
2017-11-26 08:00:00+00:00,309.99295465975285
2017-11-26 09:00:00+00:00,317.4369877129279
2017-11-26 10:00:00+00:00,314.35876846683124
2017-11-26 11:00:00+00:00,315.5892652896079
2017-11-26 12:00:00+00:00,326.90677471246727
2017-11-26 13:00:00+00:00,338.0315663303236
2017-11-26 14:00:00+00:00,349.8468980896762
2017-11-26 15:00:00+00:00,376.601663656785
2017-11-26 16:00:00+00:00,397.1060205100512
2017-11-26 17:00:00+00:00,390.528789244809
2017-11-26 18:00:00+00:00,391.5150886231007
2017-11-26 19:00:00+00:00,389.01439380620246
2017-11-26 20:00:00+00:00,362.443534936008
2017-11-26 21:00:00+00:00,343.233415138134
2017-11-26 22:00:00+00:00,302.25540133446356
2017-11-26 23:00:00+00:00,288.89179625010183
2017-11-27 00:00:00+00:00,239.7528263497384
2017-11-27 01:00:00+00:00,255.7155856122888
2017-11-27 02:00:00+00:00,228.59124434407488
2017-11-27 03:00:00+00:00,215.63693449985124
2017-11-27 04:00:00+00:00,211.9798385102718
2017-11-27 05:00:00+00:00,214.42410866417757
2017-11-27 06:00:00+00:00,274.4657566056801
2017-11-27 07:00:00+00:00,319.9911742317214
2017-11-27 08:00:00+00:00,351.2035092074415
2017-11-27 09:00:00+00:00,357.94453929425583
2017-11-27 10:00:00+00:00,352.73641660307675
2017-11-27 11:00:00+00:00,354.8307225062741
2017-11-27 12:00:00+00:00,355.39742556932555
2017-11-27 13:00:00+00:00,354.7051179481331
2017-11-27 14:00:00+00:00,362.04661651616226
2017-11-27 15:00:00+00:00,373.99143484259935
2017-11-27 16:00:00+00:00,391.325926819171
2017-11-27 17:00:00+00:00,390.8312444763563
2017-11-27 18:00:00+00:00,395.2304628285188
2017-11-27 19:00:00+00:00,404.47005426786296
2017-11-27 20:00:00+00:00,394.56320929094
2017-11-27 21:00:00+00:00,398.3579149238001
2017-11-27 22:00:00+00:00,373.86278845376876
2017-11-27 23:00:00+00:00,344.67372947765887
2017-11-28 00:00:00+00:00,319.34352651364185
2017-11-28 01:00:00+00:00,317.7527660099736
2017-11-28 02:00:00+00:00,302.57367811048977
2017-11-28 03:00:00+00:00,304.2944932170235
2017-11-28 04:00:00+00:00,295.89338045964786
2017-11-28 05:00:00+00:00,327.8699856299432
2017-11-28 06:00:00+00:00,368.6490215833625
2017-11-28 07:00:00+00:00,398.7755866680387
2017-11-28 08:00:00+00:00,402.0439142557866
2017-11-28 09:00:00+00:00,398.63260953821896
2017-11-28 10:00:00+00:00,396.645958487843
2017-11-28 11:00:00+00:00,386.57226350962236
2017-11-28 12:00:00+00:00,381.78203623129707
2017-11-28 13:00:00+00:00,383.16630505438695
2017-11-28 14:00:00+00:00,398.611397984137
2017-11-28 15:00:00+00:00,410.98885289884765
2017-11-28 16:00:00+00:00,434.71693808903115
2017-11-28 17:00:00+00:00,434.49689236026364
2017-11-28 18:00:00+00:00,427.63626267437235
2017-11-28 19:00:00+00:00,419.92621063176534
2017-11-28 20:00:00+00:00,412.6784312574444
2017-11-28 21:00:00+00:00,405.8637205339121
2017-11-28 22:00:00+00:00,386.9511897877841
2017-11-28 23:00:00+00:00,370.2768383616604
2017-11-29 00:00:00+00:00,346.4212798107075
2017-11-29 01:00:00+00:00,349.83995143483116
2017-11-29 02:00:00+00:00,330.21349060942663
2017-11-29 03:00:00+00:00,324.3608529154704
2017-11-29 04:00:00+00:00,320.2854288634107
2017-11-29 05:00:00+00:00,340.11590695135766
2017-11-29 06:00:00+00:00,371.5948515368823
2017-11-29 07:00:00+00:00,388.8612772153905
2017-11-29 08:00:00+00:00,403.9952962752133
2017-11-29 09:00:00+00:00,394.22300964286245
2017-11-29 10:00:00+00:00,393.9067088555673
2017-11-29 11:00:00+00:00,387.95364972637
2017-11-29 12:00:00+00:00,390.986138153695
2017-11-29 13:00:00+00:00,403.3154009658871
2017-11-29 14:00:00+00:00,413.1556235963892
2017-11-29 15:00:00+00:00,430.63402828709343
2017-11-29 16:00:00+00:00,442.9178979753626
2017-11-29 17:00:00+00:00,436.137332838763
2017-11-29 18:00:00+00:00,437.9747329091509
2017-11-29 19:00:00+00:00,439.9292750945455
2017-11-29 20:00:00+00:00,427.1609303917573
2017-11-29 21:00:00+00:00,411.94775863910877
2017-11-29 22:00:00+00:00,392.63297868574057
2017-11-29 23:00:00+00:00,385.89540701341923
2017-11-30 00:00:00+00:00,374.3447962693676
2017-11-30 01:00:00+00:00,372.81411640964143
2017-11-30 02:00:00+00:00,348.0467866210982
2017-11-30 03:00:00+00:00,344.6374063040814
2017-11-30 04:00:00+00:00,333.0961262804108
2017-11-30 05:00:00+00:00,330.0594073124938
2017-11-30 06:00:00+00:00,363.404305762536
2017-11-30 07:00:00+00:00,402.66484770065784
2017-11-30 08:00:00+00:00,417.0614437058835
2017-11-30 09:00:00+00:00,402.84490359978105
2017-11-30 10:00:00+00:00,389.2819465868739
2017-11-30 11:00:00+00:00,380.80799031850705
2017-11-30 12:00:00+00:00,380.6263875582575
2017-11-30 13:00:00+00:00,384.93154177471854
2017-11-30 14:00:00+00:00,392.2933019543113
2017-11-30 15:00:00+00:00,408.4586888761293
2017-11-30 16:00:00+00:00,421.2214934573396
2017-11-30 17:00:00+00:00,421.22396461061
2017-11-30 18:00:00+00:00,419.50580055417106
2017-11-30 19:00:00+00:00,417.8427794596637
2017-11-30 20:00:00+00:00,406.96179674976963
2017-11-30 21:00:00+00:00,390.38935239976047
2017-11-30 22:00:00+00:00,359.4158378758034
2017-11-30 23:00:00+00:00,347.8486418751863
2017-12-01 00:00:00+00:00,334.0266459957941
2017-12-01 01:00:00+00:00,351.2197938945755
2017-12-01 02:00:00+00:00,342.72012729598083
2017-12-01 03:00:00+00:00,347.43610052542715
2017-12-01 04:00:00+00:00,353.0771396625043
2017-12-01 05:00:00+00:00,361.487857179946
2017-12-01 06:00:00+00:00,388.2483565190976
2017-12-01 07:00:00+00:00,425.10795061015375
2017-12-01 08:00:00+00:00,444.3909381005384
2017-12-01 09:00:00+00:00,440.2605918456495
2017-12-01 10:00:00+00:00,436.36295001970484
2017-12-01 11:00:00+00:00,430.1067685896576
2017-12-01 12:00:00+00:00,436.0056988552929
2017-12-01 13:00:00+00:00,434.7142695179373
2017-12-01 14:00:00+00:00,440.69872625888377
2017-12-01 15:00:00+00:00,468.9937645467262
2017-12-01 16:00:00+00:00,474.238677091421
2017-12-01 17:00:00+00:00,459.1345304948389
2017-12-01 18:00:00+00:00,467.7823227478449
2017-12-01 19:00:00+00:00,468.83813023260217
2017-12-01 20:00:00+00:00,463.81449471293155
2017-12-01 21:00:00+00:00,442.89119529898215
2017-12-01 22:00:00+00:00,427.34089198985043
2017-12-01 23:00:00+00:00,413.0577912592606
2017-12-02 00:00:00+00:00,404.5979877185847
2017-12-02 01:00:00+00:00,412.4400749381181
2017-12-02 02:00:00+00:00,396.47875741971075
2017-12-02 03:00:00+00:00,384.69128354083466
2017-12-02 04:00:00+00:00,386.5727359206125
2017-12-02 05:00:00+00:00,391.33168316122806
2017-12-02 06:00:00+00:00,401.8636734110791
2017-12-02 07:00:00+00:00,410.7105393344654
2017-12-02 08:00:00+00:00,419.4379811426552
2017-12-02 09:00:00+00:00,432.2766638107018
2017-12-02 10:00:00+00:00,426.4177363700821
2017-12-02 11:00:00+00:00,424.7913481185952
2017-12-02 12:00:00+00:00,424.4333331872008
2017-12-02 13:00:00+00:00,421.4583915547689
2017-12-02 14:00:00+00:00,426.8002756903071
2017-12-02 15:00:00+00:00,432.2096004714816
2017-12-02 16:00:00+00:00,441.51896844616704
2017-12-02 17:00:00+00:00,439.0008580143621
2017-12-02 18:00:00+00:00,438.4024123875327
2017-12-02 19:00:00+00:00,439.666860638047
2017-12-02 20:00:00+00:00,427.2581152671151
2017-12-02 21:00:00+00:00,409.2430745774358
2017-12-02 22:00:00+00:00,392.9214223601751
2017-12-02 23:00:00+00:00,379.8065480731329
2017-12-03 00:00:00+00:00,373.2289908864686
2017-12-03 01:00:00+00:00,369.91150190925435
2017-12-03 02:00:00+00:00,354.0711725886711
2017-12-03 03:00:00+00:00,340.1929756779122
2017-12-03 04:00:00+00:00,331.5495566564521
2017-12-03 05:00:00+00:00,331.6052758215782
2017-12-03 06:00:00+00:00,345.8313407881947
2017-12-03 07:00:00+00:00,373.65414488302343
2017-12-03 08:00:00+00:00,384.78992885316967
2017-12-03 09:00:00+00:00,404.3409226264963
2017-12-03 10:00:00+00:00,422.6550640569196
2017-12-03 11:00:00+00:00,428.2950443289476
2017-12-03 12:00:00+00:00,432.60089138732405
2017-12-03 13:00:00+00:00,427.51516778756053
2017-12-03 14:00:00+00:00,426.20520818483567
2017-12-03 15:00:00+00:00,431.7099628480294
2017-12-03 16:00:00+00:00,447.2305191950395
2017-12-03 17:00:00+00:00,455.07066919806033
2017-12-03 18:00:00+00:00,453.5338727209731
2017-12-03 19:00:00+00:00,452.2723819804036
2017-12-03 20:00:00+00:00,457.12657349083753
2017-12-03 21:00:00+00:00,445.2151213287361
2017-12-03 22:00:00+00:00,434.0579864942765
2017-12-03 23:00:00+00:00,412.47895439417624
2017-12-04 00:00:00+00:00,395.68953800601963
2017-12-04 01:00:00+00:00,410.586919672918
2017-12-04 02:00:00+00:00,388.9063198665998
2017-12-04 03:00:00+00:00,384.04343319966955
2017-12-04 04:00:00+00:00,377.70354682906446
2017-12-04 05:00:00+00:00,379.2269079971724
2017-12-04 06:00:00+00:00,401.2916102108935
2017-12-04 07:00:00+00:00,442.0062951406963
2017-12-04 08:00:00+00:00,469.06693019721007
2017-12-04 09:00:00+00:00,475.32545239176864
2017-12-04 10:00:00+00:00,464.5093805436785
2017-12-04 11:00:00+00:00,459.2997118204112
2017-12-04 12:00:00+00:00,454.3865023820856
2017-12-04 13:00:00+00:00,446.45461191184995
2017-12-04 14:00:00+00:00,459.29437568362704
2017-12-04 15:00:00+00:00,472.22050045116356
2017-12-04 16:00:00+00:00,470.69364017251837
2017-12-04 17:00:00+00:00,455.64884630576586
2017-12-04 18:00:00+00:00,463.7849372736294
2017-12-04 19:00:00+00:00,459.6324978094568
2017-12-04 20:00:00+00:00,442.073267899045
2017-12-04 21:00:00+00:00,434.8858348149651
2017-12-04 22:00:00+00:00,422.77724366101705
2017-12-04 23:00:00+00:00,408.63055849346205
2017-12-05 00:00:00+00:00,405.60204761509544
2017-12-05 01:00:00+00:00,411.475038692922
2017-12-05 02:00:00+00:00,398.88451899557083
2017-12-05 03:00:00+00:00,397.4211085971725
2017-12-05 04:00:00+00:00,386.25695603369195
2017-12-05 05:00:00+00:00,382.7531501462032
2017-12-05 06:00:00+00:00,396.7852493104987
2017-12-05 07:00:00+00:00,408.91739371154694
2017-12-05 08:00:00+00:00,418.66156396552407
2017-12-05 09:00:00+00:00,413.8590940947675
2017-12-05 10:00:00+00:00,418.4750606988695
2017-12-05 11:00:00+00:00,414.18614978396454
2017-12-05 12:00:00+00:00,410.91400897378094
2017-12-05 13:00:00+00:00,397.0540264669395
2017-12-05 14:00:00+00:00,409.04216856197405
2017-12-05 15:00:00+00:00,416.32806925656723
2017-12-05 16:00:00+00:00,425.28279004228926
2017-12-05 17:00:00+00:00,425.8036144532529
2017-12-05 18:00:00+00:00,423.7244166761474
2017-12-05 19:00:00+00:00,419.7533821649387
2017-12-05 20:00:00+00:00,399.33241902275665
2017-12-05 21:00:00+00:00,368.6141555063216
2017-12-05 22:00:00+00:00,362.8374250567823
2017-12-05 23:00:00+00:00,334.6299328920651
2017-12-06 00:00:00+00:00,311.15292071877974
2017-12-06 01:00:00+00:00,311.2881115575373
2017-12-06 02:00:00+00:00,312.0509094683814
2017-12-06 03:00:00+00:00,313.3033601710451
2017-12-06 04:00:00+00:00,287.7884977819435
2017-12-06 05:00:00+00:00,306.28141116625824
2017-12-06 06:00:00+00:00,342.8326834807136
2017-12-06 07:00:00+00:00,376.40904746233355
2017-12-06 08:00:00+00:00,388.62490319783507
2017-12-06 09:00:00+00:00,382.3875054630137
2017-12-06 10:00:00+00:00,382.68296422112627
2017-12-06 11:00:00+00:00,377.1637172617562
2017-12-06 12:00:00+00:00,368.71386345179036
2017-12-06 13:00:00+00:00,357.9517801471879
2017-12-06 14:00:00+00:00,371.49591816681965
2017-12-06 15:00:00+00:00,369.76892224008947
2017-12-06 16:00:00+00:00,388.45957971937213
2017-12-06 17:00:00+00:00,382.55883093389576
2017-12-06 18:00:00+00:00,375.0836142788341
2017-12-06 19:00:00+00:00,367.0957277116332
2017-12-06 20:00:00+00:00,364.9036514315304
2017-12-06 21:00:00+00:00,340.9146354362849
2017-12-06 22:00:00+00:00,310.4158568159403
2017-12-06 23:00:00+00:00,266.2272680773222
2017-12-07 00:00:00+00:00,235.04011123762447
2017-12-07 01:00:00+00:00,244.8713815425634
2017-12-07 02:00:00+00:00,226.03919613194842
2017-12-07 03:00:00+00:00,220.06369410343692
2017-12-07 04:00:00+00:00,202.94709806357113
2017-12-07 05:00:00+00:00,210.16421677819304
2017-12-07 06:00:00+00:00,255.65436927184444
2017-12-07 07:00:00+00:00,311.8746714433878
2017-12-07 08:00:00+00:00,344.5148497385302
2017-12-07 09:00:00+00:00,346.16109624737044
2017-12-07 10:00:00+00:00,339.78360307457024
2017-12-07 11:00:00+00:00,325.1602341235868
2017-12-07 12:00:00+00:00,322.3215159843174
2017-12-07 13:00:00+00:00,317.7360417407042
2017-12-07 14:00:00+00:00,325.21871045069327
2017-12-07 15:00:00+00:00,351.23179572419195
2017-12-07 16:00:00+00:00,378.9337298095758
2017-12-07 17:00:00+00:00,384.22097488220163
2017-12-07 18:00:00+00:00,382.35166465524526
2017-12-07 19:00:00+00:00,388.4869263480718
2017-12-07 20:00:00+00:00,385.3865698446915
2017-12-07 21:00:00+00:00,375.1080453484338
2017-12-07 22:00:00+00:00,340.1801742215854
2017-12-07 23:00:00+00:00,288.7849066403146
2017-12-08 00:00:00+00:00,248.6754205086662
2017-12-08 01:00:00+00:00,242.98085163565918
2017-12-08 02:00:00+00:00,235.44887395824134
2017-12-08 03:00:00+00:00,232.9515412241377
2017-12-08 04:00:00+00:00,229.1997038125705
2017-12-08 05:00:00+00:00,239.13698077951358
2017-12-08 06:00:00+00:00,307.65662770338935
2017-12-08 07:00:00+00:00,343.7057995036655
2017-12-08 08:00:00+00:00,376.686191081667
2017-12-08 09:00:00+00:00,369.58103160092764
2017-12-08 10:00:00+00:00,373.50834243673415
2017-12-08 11:00:00+00:00,352.25197013014053
2017-12-08 12:00:00+00:00,340.88190116337915
2017-12-08 13:00:00+00:00,350.1145857215122
2017-12-08 14:00:00+00:00,371.2794228789087
2017-12-08 15:00:00+00:00,393.07296988841836
2017-12-08 16:00:00+00:00,405.35059346938846
2017-12-08 17:00:00+00:00,408.18174163074184
2017-12-08 18:00:00+00:00,404.89366021314663
2017-12-08 19:00:00+00:00,456.7952229862768
2017-12-08 20:00:00+00:00,397.8039983968111
2017-12-08 21:00:00+00:00,394.3317790138296
2017-12-08 22:00:00+00:00,373.84154629267465
2017-12-08 23:00:00+00:00,348.87537915733975
2017-12-09 00:00:00+00:00,320.09778612570955
2017-12-09 01:00:00+00:00,324.64135676708145
2017-12-09 02:00:00+00:00,324.21714087140987
2017-12-09 03:00:00+00:00,334.09397331606243
2017-12-09 04:00:00+00:00,329.9323423755084
2017-12-09 05:00:00+00:00,339.3218697917873
2017-12-09 06:00:00+00:00,363.76969089035396
2017-12-09 07:00:00+00:00,378.9432775106384
2017-12-09 08:00:00+00:00,401.5932648465924
2017-12-09 09:00:00+00:00,423.1902252147583
2017-12-09 10:00:00+00:00,423.11612931760254
2017-12-09 11:00:00+00:00,425.39358357719277
2017-12-09 12:00:00+00:00,431.72927815300153
2017-12-09 13:00:00+00:00,433.6600078679874
2017-12-09 14:00:00+00:00,441.5785495296725
2017-12-09 15:00:00+00:00,459.40541539223136
2017-12-09 16:00:00+00:00,463.9409213738601
2017-12-09 17:00:00+00:00,471.65821284478557
2017-12-09 18:00:00+00:00,470.0186857263846
2017-12-09 19:00:00+00:00,477.12062810497747
2017-12-09 20:00:00+00:00,487.297565670415
2017-12-09 21:00:00+00:00,491.7559685755118
2017-12-09 22:00:00+00:00,477.488710390604
2017-12-09 23:00:00+00:00,464.61282333121875
2017-12-10 00:00:00+00:00,443.1979534884169
2017-12-10 01:00:00+00:00,438.7173084627149
2017-12-10 02:00:00+00:00,434.28653248064745
2017-12-10 03:00:00+00:00,412.5306307078615
2017-12-10 04:00:00+00:00,409.3767936105416
2017-12-10 05:00:00+00:00,390.6144739999654
2017-12-10 06:00:00+00:00,384.34809891812836
2017-12-10 07:00:00+00:00,397.8836836547408
2017-12-10 08:00:00+00:00,401.45043388526733
2017-12-10 09:00:00+00:00,395.8276659379599
2017-12-10 10:00:00+00:00,410.751314600806
2017-12-10 11:00:00+00:00,433.57215633734825
2017-12-10 12:00:00+00:00,441.99360577686656
2017-12-10 13:00:00+00:00,454.1028660799017
2017-12-10 14:00:00+00:00,470.1329941207557
2017-12-10 15:00:00+00:00,467.18123381455723
2017-12-10 16:00:00+00:00,470.0162158508017
2017-12-10 17:00:00+00:00,467.0249348999518
2017-12-10 18:00:00+00:00,473.8127294846977
2017-12-10 19:00:00+00:00,488.7628332427721
2017-12-10 20:00:00+00:00,486.01808839831904
2017-12-10 21:00:00+00:00,472.7088397448278
2017-12-10 22:00:00+00:00,461.74654437543325
2017-12-10 23:00:00+00:00,452.05780823396043
2017-12-11 00:00:00+00:00,444.1052365618366
2017-12-11 01:00:00+00:00,453.15828195476865
2017-12-11 02:00:00+00:00,442.6102641575333
2017-12-11 03:00:00+00:00,421.05592868174557
2017-12-11 04:00:00+00:00,387.8351160552666
2017-12-11 05:00:00+00:00,377.2840559608946
2017-12-11 06:00:00+00:00,401.0231993313284
2017-12-11 07:00:00+00:00,432.4124512695078
2017-12-11 08:00:00+00:00,462.9435771177281
2017-12-11 09:00:00+00:00,467.1535799137024
2017-12-11 10:00:00+00:00,458.31926099066186
2017-12-11 11:00:00+00:00,464.56021346890435
2017-12-11 12:00:00+00:00,461.26082657102717
2017-12-11 13:00:00+00:00,460.9276785657413
2017-12-11 14:00:00+00:00,461.27847531901875
2017-12-11 15:00:00+00:00,466.11422747321484
2017-12-11 16:00:00+00:00,470.3774830070171
2017-12-11 17:00:00+00:00,459.5953649656422
2017-12-11 18:00:00+00:00,463.2592247303889
2017-12-11 19:00:00+00:00,468.4172140411299
2017-12-11 20:00:00+00:00,472.3051236601967
2017-12-11 21:00:00+00:00,468.2604262210431
2017-12-11 22:00:00+00:00,473.06171484088003
2017-12-11 23:00:00+00:00,480.2259096273781
2017-12-12 00:00:00+00:00,490.558082103558
2017-12-12 01:00:00+00:00,487.29815461174456
2017-12-12 02:00:00+00:00,492.11963724535735
2017-12-12 03:00:00+00:00,498.9368357691796
2017-12-12 04:00:00+00:00,507.15291260691305
2017-12-12 05:00:00+00:00,505.79654229648463
2017-12-12 06:00:00+00:00,513.7810455963606
2017-12-12 07:00:00+00:00,503.9883782054102
2017-12-12 08:00:00+00:00,491.0059089971324
2017-12-12 09:00:00+00:00,471.66227775150276
2017-12-12 10:00:00+00:00,468.34272089511717
2017-12-12 11:00:00+00:00,471.7801038633207
2017-12-12 12:00:00+00:00,466.76539606726215
2017-12-12 13:00:00+00:00,459.404744802644
2017-12-12 14:00:00+00:00,464.82182066309286
2017-12-12 15:00:00+00:00,464.61117378350843
2017-12-12 16:00:00+00:00,458.2623186002774
2017-12-12 17:00:00+00:00,449.24747065805974
2017-12-12 18:00:00+00:00,438.64888584451313
2017-12-12 19:00:00+00:00,440.9538125444072
2017-12-12 20:00:00+00:00,443.2254420348619
2017-12-12 21:00:00+00:00,431.0240503544048
2017-12-12 22:00:00+00:00,422.377828911858
2017-12-12 23:00:00+00:00,411.12462258938024
2017-12-13 00:00:00+00:00,408.2312297099105
2017-12-13 01:00:00+00:00,413.25899411823184
2017-12-13 02:00:00+00:00,396.32056440181594
2017-12-13 03:00:00+00:00,371.51287901563103
2017-12-13 04:00:00+00:00,355.7959355701289
2017-12-13 05:00:00+00:00,364.8288986201299
2017-12-13 06:00:00+00:00,389.60193888566016
2017-12-13 07:00:00+00:00,405.2964045379243
2017-12-13 08:00:00+00:00,407.8683226316607
2017-12-13 09:00:00+00:00,404.58799886331667
2017-12-13 10:00:00+00:00,405.44147377915846
2017-12-13 11:00:00+00:00,401.07478378844917
2017-12-13 12:00:00+00:00,398.9350478588449
2017-12-13 13:00:00+00:00,399.9570903792191
2017-12-13 14:00:00+00:00,404.3679940252654
2017-12-13 15:00:00+00:00,419.3508403104497
2017-12-13 16:00:00+00:00,421.8466550586213
2017-12-13 17:00:00+00:00,414.90812050367055
2017-12-13 18:00:00+00:00,404.9756498075825
2017-12-13 19:00:00+00:00,404.3251057396243
2017-12-13 20:00:00+00:00,414.3434862295086
2017-12-13 21:00:00+00:00,408.36640924027614
2017-12-13 22:00:00+00:00,394.4464071342148
2017-12-13 23:00:00+00:00,387.33310776817075
2017-12-14 00:00:00+00:00,360.1389232002823
2017-12-14 01:00:00+00:00,372.48575668942505
2017-12-14 02:00:00+00:00,351.74838193152925
2017-12-14 03:00:00+00:00,336.75765106755154
2017-12-14 04:00:00+00:00,331.27229936076463
2017-12-14 05:00:00+00:00,337.9588554962646
2017-12-14 06:00:00+00:00,352.54121771872593
2017-12-14 07:00:00+00:00,392.6139616862616
2017-12-14 08:00:00+00:00,419.4777425565455
2017-12-14 09:00:00+00:00,417.5724517987998
2017-12-14 10:00:00+00:00,415.0617713572189
2017-12-14 11:00:00+00:00,412.1202541065825
2017-12-14 12:00:00+00:00,413.4379851384306
2017-12-14 13:00:00+00:00,417.0373056009466
2017-12-14 14:00:00+00:00,419.0851770367083
2017-12-14 15:00:00+00:00,426.3657450551655
2017-12-14 16:00:00+00:00,443.77969844287605
2017-12-14 17:00:00+00:00,453.54081063131855
2017-12-14 18:00:00+00:00,451.87851623518117
2017-12-14 19:00:00+00:00,448.37888671603196
2017-12-14 20:00:00+00:00,435.06001176749527
2017-12-14 21:00:00+00:00,414.94253250717077
2017-12-14 22:00:00+00:00,373.21431474439675
2017-12-14 23:00:00+00:00,346.0652018584592
2017-12-15 00:00:00+00:00,329.1219264962844
2017-12-15 01:00:00+00:00,343.47276138581697
2017-12-15 02:00:00+00:00,336.16841756494586
2017-12-15 03:00:00+00:00,307.39801453297014
2017-12-15 04:00:00+00:00,285.8006376739031
2017-12-15 05:00:00+00:00,268.2330538681515
2017-12-15 06:00:00+00:00,317.88858909299745
2017-12-15 07:00:00+00:00,355.7458610420241
2017-12-15 08:00:00+00:00,382.96491121561735
2017-12-15 09:00:00+00:00,385.8507209687509
2017-12-15 10:00:00+00:00,376.750295497832
2017-12-15 11:00:00+00:00,372.2484043075353
2017-12-15 12:00:00+00:00,368.0872533623616
2017-12-15 13:00:00+00:00,368.7914212852943
2017-12-15 14:00:00+00:00,371.26942414490037
2017-12-15 15:00:00+00:00,396.5692717228959
2017-12-15 16:00:00+00:00,415.14069584057694
2017-12-15 17:00:00+00:00,421.60790424468496
2017-12-15 18:00:00+00:00,417.97399720120313
2017-12-15 19:00:00+00:00,424.4717880787906
2017-12-15 20:00:00+00:00,412.1201425804821
2017-12-15 21:00:00+00:00,387.54803599964845
2017-12-15 22:00:00+00:00,366.36833527801804
2017-12-15 23:00:00+00:00,351.1411698119073
2017-12-16 00:00:00+00:00,338.1669588177261
2017-12-16 01:00:00+00:00,343.65123955866346
2017-12-16 02:00:00+00:00,344.8307879045047
2017-12-16 03:00:00+00:00,341.56152659723875
2017-12-16 04:00:00+00:00,345.3919386190041
2017-12-16 05:00:00+00:00,353.73000986767937
2017-12-16 06:00:00+00:00,365.620195844422
2017-12-16 07:00:00+00:00,370.99259930339736
2017-12-16 08:00:00+00:00,382.4648569556171
2017-12-16 09:00:00+00:00,385.7120317908113
2017-12-16 10:00:00+00:00,393.96154336225277
2017-12-16 11:00:00+00:00,393.64221539424506
2017-12-16 12:00:00+00:00,396.5885916570433
2017-12-16 13:00:00+00:00,405.78158332539095
2017-12-16 14:00:00+00:00,420.76706052711086
2017-12-16 15:00:00+00:00,439.37325252612504
2017-12-16 16:00:00+00:00,455.5237054278568
2017-12-16 17:00:00+00:00,442.84998118866656
2017-12-16 18:00:00+00:00,438.75597726002195
2017-12-16 19:00:00+00:00,445.5012924905749
2017-12-16 20:00:00+00:00,444.350920946448
2017-12-16 21:00:00+00:00,443.9814225411773
2017-12-16 22:00:00+00:00,421.4410440786944
2017-12-16 23:00:00+00:00,420.83691231954447
2017-12-17 00:00:00+00:00,407.19522239587036
2017-12-17 01:00:00+00:00,402.45639403478856
2017-12-17 02:00:00+00:00,387.63125918778326
2017-12-17 03:00:00+00:00,366.971919425114
2017-12-17 04:00:00+00:00,352.05257863989266
2017-12-17 05:00:00+00:00,346.1287587569299
2017-12-17 06:00:00+00:00,337.1393890210675
2017-12-17 07:00:00+00:00,327.94120809729463
2017-12-17 08:00:00+00:00,316.39964407841416
2017-12-17 09:00:00+00:00,332.99867022453117
2017-12-17 10:00:00+00:00,351.54513863161225
2017-12-17 11:00:00+00:00,356.93944634748595
2017-12-17 12:00:00+00:00,361.381222026777
2017-12-17 13:00:00+00:00,352.06186881933667
2017-12-17 14:00:00+00:00,345.4908920909262
2017-12-17 15:00:00+00:00,352.1840505321646
2017-12-17 16:00:00+00:00,373.44994639541045
2017-12-17 17:00:00+00:00,376.5445630330825
2017-12-17 18:00:00+00:00,384.98677153050403
2017-12-17 19:00:00+00:00,381.5790025559723
2017-12-17 20:00:00+00:00,396.4788915137781
2017-12-17 21:00:00+00:00,393.8055275166102
2017-12-17 22:00:00+00:00,372.8043438667456
2017-12-17 23:00:00+00:00,363.82283366077604
2017-12-18 00:00:00+00:00,353.7847775199229
2017-12-18 01:00:00+00:00,369.7907175143492
2017-12-18 02:00:00+00:00,372.98471523116666
2017-12-18 03:00:00+00:00,374.92427532999375
2017-12-18 04:00:00+00:00,376.55911750678996
2017-12-18 05:00:00+00:00,382.8527728254855
2017-12-18 06:00:00+00:00,413.8356169824602
2017-12-18 07:00:00+00:00,454.6883754016807
2017-12-18 08:00:00+00:00,470.3376390395232
2017-12-18 09:00:00+00:00,471.37404134726273
2017-12-18 10:00:00+00:00,459.4104069188594
2017-12-18 11:00:00+00:00,451.24555438516813
2017-12-18 12:00:00+00:00,434.15572666994336
2017-12-18 13:00:00+00:00,449.76656946106
2017-12-18 14:00:00+00:00,455.00250320051714
2017-12-18 15:00:00+00:00,471.74799587246014
2017-12-18 16:00:00+00:00,469.90032170322644
2017-12-18 17:00:00+00:00,465.5561426195355
2017-12-18 18:00:00+00:00,475.59847320526717
2017-12-18 19:00:00+00:00,479.07366460534394
2017-12-18 20:00:00+00:00,464.7372560729645
2017-12-18 21:00:00+00:00,460.1137297100898
2017-12-18 22:00:00+00:00,437.56858365743125
2017-12-18 23:00:00+00:00,401.1446866609295
2017-12-19 00:00:00+00:00,389.2864996352148
2017-12-19 01:00:00+00:00,393.39536998580576
2017-12-19 02:00:00+00:00,392.8959966539496
2017-12-19 03:00:00+00:00,394.58319638181933
2017-12-19 04:00:00+00:00,391.33281352468765
2017-12-19 05:00:00+00:00,401.25713031856094
2017-12-19 06:00:00+00:00,425.7126789018297
2017-12-19 07:00:00+00:00,454.2865856766405
2017-12-19 08:00:00+00:00,466.5850691437006
2017-12-19 09:00:00+00:00,465.7398594989406
2017-12-19 10:00:00+00:00,449.1179058162016
2017-12-19 11:00:00+00:00,441.1954561619368
2017-12-19 12:00:00+00:00,435.88855160364153
2017-12-19 13:00:00+00:00,436.3610661643406
2017-12-19 14:00:00+00:00,441.78520684232234
2017-12-19 15:00:00+00:00,444.0685865662615
2017-12-19 16:00:00+00:00,449.2279063192478
2017-12-19 17:00:00+00:00,455.3018353849726
2017-12-19 18:00:00+00:00,457.18224826433544
2017-12-19 19:00:00+00:00,456.2387408891039
2017-12-19 20:00:00+00:00,440.80091231379856
2017-12-19 21:00:00+00:00,400.0193373593049
2017-12-19 22:00:00+00:00,363.15803129638107
2017-12-19 23:00:00+00:00,327.34910102666197
2017-12-20 00:00:00+00:00,292.57493928230804
2017-12-20 01:00:00+00:00,302.99905402879114
2017-12-20 02:00:00+00:00,293.96878954810325
2017-12-20 03:00:00+00:00,302.00296049694487
2017-12-20 04:00:00+00:00,306.31497865470095
2017-12-20 05:00:00+00:00,316.87795926927305
2017-12-20 06:00:00+00:00,367.78101404973245
2017-12-20 07:00:00+00:00,413.1522783661745
2017-12-20 08:00:00+00:00,435.9084485861078
2017-12-20 09:00:00+00:00,449.42927514998945
2017-12-20 10:00:00+00:00,443.9706753500066
2017-12-20 11:00:00+00:00,436.55723293239004
2017-12-20 12:00:00+00:00,443.01582330440095
2017-12-20 13:00:00+00:00,447.4399801867916
2017-12-20 14:00:00+00:00,460.31960574647894
2017-12-20 15:00:00+00:00,460.6053117399286
2017-12-20 16:00:00+00:00,457.9092663571414
2017-12-20 17:00:00+00:00,457.3122094175726
2017-12-20 18:00:00+00:00,458.25674934782194
2017-12-20 19:00:00+00:00,461.3043312375559
2017-12-20 20:00:00+00:00,457.77572600099813
2017-12-20 21:00:00+00:00,439.93093887059945
2017-12-20 22:00:00+00:00,414.0347353408975
2017-12-20 23:00:00+00:00,401.34823366057685
2017-12-21 00:00:00+00:00,383.5202798115532
2017-12-21 01:00:00+00:00,388.77777771883683
2017-12-21 02:00:00+00:00,383.18125567517603
2017-12-21 03:00:00+00:00,368.4059580021274
2017-12-21 04:00:00+00:00,362.66199159277943
2017-12-21 05:00:00+00:00,380.9842138139921
2017-12-21 06:00:00+00:00,403.75543706965885
2017-12-21 07:00:00+00:00,438.2473519009616
2017-12-21 08:00:00+00:00,453.1197546000262
2017-12-21 09:00:00+00:00,456.0660125571505
2017-12-21 10:00:00+00:00,452.340498511382
2017-12-21 11:00:00+00:00,450.891864088405
2017-12-21 12:00:00+00:00,451.7172298922116
2017-12-21 13:00:00+00:00,447.6316611475329
2017-12-21 14:00:00+00:00,453.9777826029117
2017-12-21 15:00:00+00:00,448.8865104764865
2017-12-21 16:00:00+00:00,445.53173345693637
2017-12-21 17:00:00+00:00,441.4221516763458
2017-12-21 18:00:00+00:00,446.09540612933154
2017-12-21 19:00:00+00:00,453.62337512318175
2017-12-21 20:00:00+00:00,449.17912051130884
2017-12-21 21:00:00+00:00,414.1576423913639
2017-12-21 22:00:00+00:00,394.640108334345
2017-12-21 23:00:00+00:00,374.8177288411608
2017-12-22 00:00:00+00:00,342.1971956997001
2017-12-22 01:00:00+00:00,351.0940228304845
2017-12-22 02:00:00+00:00,346.2978115039076
2017-12-22 03:00:00+00:00,342.39095096894476
2017-12-22 04:00:00+00:00,323.63376731346375
2017-12-22 05:00:00+00:00,333.95123819072705
2017-12-22 06:00:00+00:00,375.2415476445263
2017-12-22 07:00:00+00:00,411.706922597075
2017-12-22 08:00:00+00:00,420.3236262045869
2017-12-22 09:00:00+00:00,417.21338601845093
2017-12-22 10:00:00+00:00,411.12946430951143
2017-12-22 11:00:00+00:00,410.9693312686252
2017-12-22 12:00:00+00:00,400.9592090315894
2017-12-22 13:00:00+00:00,398.6423325928041
2017-12-22 14:00:00+00:00,404.9948955736365
2017-12-22 15:00:00+00:00,383.77980255571197
2017-12-22 16:00:00+00:00,390.112017057208
2017-12-22 17:00:00+00:00,391.2998442320032
2017-12-22 18:00:00+00:00,390.1241365842582
2017-12-22 19:00:00+00:00,375.157702449779
2017-12-22 20:00:00+00:00,350.2865561806971
2017-12-22 21:00:00+00:00,320.8280672943046
2017-12-22 22:00:00+00:00,295.2081811945611
2017-12-22 23:00:00+00:00,240.1968314411084
2017-12-23 00:00:00+00:00,221.86654393233368
2017-12-23 01:00:00+00:00,221.54362440839407
2017-12-23 02:00:00+00:00,182.58062847642935
2017-12-23 03:00:00+00:00,178.60533354283822
2017-12-23 04:00:00+00:00,164.85110725263505
2017-12-23 05:00:00+00:00,156.5861242809006
2017-12-23 06:00:00+00:00,164.16939235923147
2017-12-23 07:00:00+00:00,177.08962531059677
2017-12-23 08:00:00+00:00,198.12928944105968
2017-12-23 09:00:00+00:00,223.6716986248001
2017-12-23 10:00:00+00:00,223.74032951119142
2017-12-23 11:00:00+00:00,219.74499363510333
2017-12-23 12:00:00+00:00,219.56726259785844
2017-12-23 13:00:00+00:00,214.1453353596115
2017-12-23 14:00:00+00:00,208.93340723927128
2017-12-23 15:00:00+00:00,219.80402909542212
2017-12-23 16:00:00+00:00,249.093888545644
2017-12-23 17:00:00+00:00,254.46301996621634
2017-12-23 18:00:00+00:00,251.5787477358
2017-12-23 19:00:00+00:00,243.44490635359872
2017-12-23 20:00:00+00:00,232.20366109085737
2017-12-23 21:00:00+00:00,202.75705389930548
2017-12-23 22:00:00+00:00,181.1061115495096
2017-12-23 23:00:00+00:00,149.8280154003845
2017-12-24 00:00:00+00:00,127.87542213967615
2017-12-24 01:00:00+00:00,130.58249628099495
2017-12-24 02:00:00+00:00,129.95987923844862
2017-12-24 03:00:00+00:00,139.7445860590928
2017-12-24 04:00:00+00:00,133.82773118872288
2017-12-24 05:00:00+00:00,126.27106909045017
2017-12-24 06:00:00+00:00,132.9744345392703
2017-12-24 07:00:00+00:00,134.2491335420053
2017-12-24 08:00:00+00:00,141.9887741189993
2017-12-24 09:00:00+00:00,166.7065937578718
2017-12-24 10:00:00+00:00,175.02250635520681
2017-12-24 11:00:00+00:00,173.1053266438419
2017-12-24 12:00:00+00:00,176.33584239806896
2017-12-24 13:00:00+00:00,177.8291237835072
2017-12-24 14:00:00+00:00,181.7928579634496
2017-12-24 15:00:00+00:00,189.71790355110915
2017-12-24 16:00:00+00:00,222.20600227159423
2017-12-24 17:00:00+00:00,232.20321433796676
2017-12-24 18:00:00+00:00,226.4584758302273
2017-12-24 19:00:00+00:00,219.79047151662337
2017-12-24 20:00:00+00:00,205.22320460421645
2017-12-24 21:00:00+00:00,176.0150548867184
2017-12-24 22:00:00+00:00,157.70236907373746
2017-12-24 23:00:00+00:00,129.1946560728703
2017-12-25 00:00:00+00:00,113.38398247653943
2017-12-25 01:00:00+00:00,119.2387527543221
2017-12-25 02:00:00+00:00,124.8331334082226
2017-12-25 03:00:00+00:00,109.42688749921903
2017-12-25 04:00:00+00:00,103.00708162357729
2017-12-25 05:00:00+00:00,109.99948120828475
2017-12-25 06:00:00+00:00,117.41484809140867
2017-12-25 07:00:00+00:00,131.3968289859156
2017-12-25 08:00:00+00:00,179.5091076377048
2017-12-25 09:00:00+00:00,231.5020118918704
2017-12-25 10:00:00+00:00,244.64746525616874
2017-12-25 11:00:00+00:00,254.19191470440737
2017-12-25 12:00:00+00:00,266.2656078097112
2017-12-25 13:00:00+00:00,272.3613895873779
2017-12-25 14:00:00+00:00,284.88081407676486
2017-12-25 15:00:00+00:00,271.91478727223097
2017-12-25 16:00:00+00:00,252.16808228839926
2017-12-25 17:00:00+00:00,242.62178642171753
2017-12-25 18:00:00+00:00,247.75395558693597
2017-12-25 19:00:00+00:00,224.01479700176105
2017-12-25 20:00:00+00:00,203.68749637112637
2017-12-25 21:00:00+00:00,194.28931678751863
2017-12-25 22:00:00+00:00,170.53090929895998
2017-12-25 23:00:00+00:00,165.69917739893188
2017-12-26 00:00:00+00:00,147.81975913725734
2017-12-26 01:00:00+00:00,144.51382328993165
2017-12-26 02:00:00+00:00,121.2897505388936
2017-12-26 03:00:00+00:00,125.40450500922478
2017-12-26 04:00:00+00:00,130.13585168948694
2017-12-26 05:00:00+00:00,128.68968961708822
2017-12-26 06:00:00+00:00,121.27094631167003
2017-12-26 07:00:00+00:00,148.00720614264213
2017-12-26 08:00:00+00:00,169.653527628321
2017-12-26 09:00:00+00:00,188.11298986287434
2017-12-26 10:00:00+00:00,202.60732057008676
2017-12-26 11:00:00+00:00,213.17420702502346
2017-12-26 12:00:00+00:00,230.34390771876718
2017-12-26 13:00:00+00:00,257.3718477387305
2017-12-26 14:00:00+00:00,284.9072529288665
2017-12-26 15:00:00+00:00,312.2227232196736
2017-12-26 16:00:00+00:00,328.49642861261043
2017-12-26 17:00:00+00:00,320.24822502168837
2017-12-26 18:00:00+00:00,316.65989655026834
2017-12-26 19:00:00+00:00,319.3532264146092
2017-12-26 20:00:00+00:00,303.5489729613235
2017-12-26 21:00:00+00:00,294.42079791474646
2017-12-26 22:00:00+00:00,258.20817177830065
2017-12-26 23:00:00+00:00,226.05344606348896
2017-12-27 00:00:00+00:00,190.58248214136637
2017-12-27 01:00:00+00:00,188.12694188494925
2017-12-27 02:00:00+00:00,172.98726146598514
2017-12-27 03:00:00+00:00,182.03797895561686
2017-12-27 04:00:00+00:00,176.67463008797046
2017-12-27 05:00:00+00:00,189.56765919287244
2017-12-27 06:00:00+00:00,198.76566071828887
2017-12-27 07:00:00+00:00,218.45361225433757
2017-12-27 08:00:00+00:00,252.62207588280896
2017-12-27 09:00:00+00:00,284.3168460366924
2017-12-27 10:00:00+00:00,283.7601590130626
2017-12-27 11:00:00+00:00,282.74095102555634
2017-12-27 12:00:00+00:00,284.94339362764305
2017-12-27 13:00:00+00:00,290.37892601664754
2017-12-27 14:00:00+00:00,281.47626614132
2017-12-27 15:00:00+00:00,293.18309340682384
2017-12-27 16:00:00+00:00,310.7245570893502
2017-12-27 17:00:00+00:00,316.16114490022255
2017-12-27 18:00:00+00:00,319.6397639809833
2017-12-27 19:00:00+00:00,324.4432468205127
2017-12-27 20:00:00+00:00,309.35782980969714
2017-12-27 21:00:00+00:00,305.8039368868009
2017-12-27 22:00:00+00:00,278.8486001314273
2017-12-27 23:00:00+00:00,232.09447026000788
2017-12-28 00:00:00+00:00,210.41970414252737
2017-12-28 01:00:00+00:00,221.3747120341351
2017-12-28 02:00:00+00:00,206.16577306597156
2017-12-28 03:00:00+00:00,206.89970962878212
2017-12-28 04:00:00+00:00,204.525240609046
2017-12-28 05:00:00+00:00,206.1904240006706
2017-12-28 06:00:00+00:00,213.20442532055264
2017-12-28 07:00:00+00:00,243.70942968786798
2017-12-28 08:00:00+00:00,287.33884346539566
2017-12-28 09:00:00+00:00,308.82528980517014
2017-12-28 10:00:00+00:00,299.6711192744413
2017-12-28 11:00:00+00:00,289.8864451234219
2017-12-28 12:00:00+00:00,290.95524265814544
2017-12-28 13:00:00+00:00,297.5201419468251
2017-12-28 14:00:00+00:00,319.77478330848555
2017-12-28 15:00:00+00:00,365.1742504104901
2017-12-28 16:00:00+00:00,387.5137560848513
2017-12-28 17:00:00+00:00,376.8460214003459
2017-12-28 18:00:00+00:00,376.7145229530938
2017-12-28 19:00:00+00:00,374.4584473749753
2017-12-28 20:00:00+00:00,386.5080761628347
2017-12-28 21:00:00+00:00,387.6079824585305
2017-12-28 22:00:00+00:00,362.5569087321775
2017-12-28 23:00:00+00:00,333.2110187754595
2017-12-29 00:00:00+00:00,319.60800043584953
2017-12-29 01:00:00+00:00,320.5891229337467
2017-12-29 02:00:00+00:00,318.8149320147483
2017-12-29 03:00:00+00:00,295.1065484700161
2017-12-29 04:00:00+00:00,270.9572244075579
2017-12-29 05:00:00+00:00,238.16469218503994
2017-12-29 06:00:00+00:00,212.6777026974089
2017-12-29 07:00:00+00:00,221.82485208645636
2017-12-29 08:00:00+00:00,249.8942288985916
2017-12-29 09:00:00+00:00,269.7596791944434
2017-12-29 10:00:00+00:00,271.68387573018896
2017-12-29 11:00:00+00:00,274.6752709256826
2017-12-29 12:00:00+00:00,273.9658578466634
2017-12-29 13:00:00+00:00,285.51159121103024
2017-12-29 14:00:00+00:00,286.004186795361
2017-12-29 15:00:00+00:00,307.26696454530486
2017-12-29 16:00:00+00:00,322.1396490395187
2017-12-29 17:00:00+00:00,328.4817490468751
2017-12-29 18:00:00+00:00,325.84710048160804
2017-12-29 19:00:00+00:00,325.0266253863406
2017-12-29 20:00:00+00:00,301.7626405335895
2017-12-29 21:00:00+00:00,297.84769153458893
2017-12-29 22:00:00+00:00,285.3005643961712
2017-12-29 23:00:00+00:00,270.5595138057568
2017-12-30 00:00:00+00:00,269.8329017631606
2017-12-30 01:00:00+00:00,291.3486270561076
2017-12-30 02:00:00+00:00,277.3842147887143
2017-12-30 03:00:00+00:00,266.0058908259396
2017-12-30 04:00:00+00:00,257.45619071964535
2017-12-30 05:00:00+00:00,262.63625910807633
2017-12-30 06:00:00+00:00,260.9754725436601
2017-12-30 07:00:00+00:00,259.9106262684751
2017-12-30 08:00:00+00:00,256.89788196706706
2017-12-30 09:00:00+00:00,266.50102271722324
2017-12-30 10:00:00+00:00,260.56753105751517
2017-12-30 11:00:00+00:00,242.20882490607215
2017-12-30 12:00:00+00:00,228.4308201813803
2017-12-30 13:00:00+00:00,221.72979706266855
2017-12-30 14:00:00+00:00,206.67054137029504
2017-12-30 15:00:00+00:00,207.40283120627583
2017-12-30 16:00:00+00:00,232.3394929651242
2017-12-30 17:00:00+00:00,258.8088625013601
2017-12-30 18:00:00+00:00,266.9424986757309
2017-12-30 19:00:00+00:00,272.2000340366061
2017-12-30 20:00:00+00:00,285.4265745161788
2017-12-30 21:00:00+00:00,277.84769709984084
2017-12-30 22:00:00+00:00,263.3885635053357
2017-12-30 23:00:00+00:00,233.80026139328677
2017-12-31 00:00:00+00:00,197.32807628394949
2017-12-31 01:00:00+00:00,194.34466954823208
2017-12-31 02:00:00+00:00,169.68840864203554
2017-12-31 03:00:00+00:00,140.2523445287591
2017-12-31 04:00:00+00:00,123.95035682913829
2017-12-31 05:00:00+00:00,131.7613951471452
2017-12-31 06:00:00+00:00,129.2572867879051
2017-12-31 07:00:00+00:00,124.5933134851673
2017-12-31 08:00:00+00:00,126.0346331544199
2017-12-31 09:00:00+00:00,148.82199134890251
2017-12-31 10:00:00+00:00,177.01089326780658
2017-12-31 11:00:00+00:00,185.68740072419618
2017-12-31 12:00:00+00:00,195.2267718300094
2017-12-31 13:00:00+00:00,195.05800311313845
2017-12-31 14:00:00+00:00,211.60496168935643
2017-12-31 15:00:00+00:00,237.43132616955398
2017-12-31 16:00:00+00:00,268.401807481151
2017-12-31 17:00:00+00:00,273.5155860242814
2017-12-31 18:00:00+00:00,264.1088664909032
2017-12-31 19:00:00+00:00,257.96208974173237
2017-12-31 20:00:00+00:00,227.71989487794326
2017-12-31 21:00:00+00:00,204.83495887825023
2017-12-31 22:00:00+00:00,187.40242165335025
2017-12-31 23:00:00+00:00,177.82777423115695
