episode_num,cost,gas_cost,electricity_cost,electricity_surplus,cumulative_reward,mean_reward,cumulative_emissions,mean_emissions,cumulative_comfort_penalty,mean_comfort_penalty,cumulative_emissions_penalty,mean_emissions_penalty,cumulative_air_quality_penalty,mean_air_quality_penalty,comfort_violation (%),mean_comfort_violation,std_comfort_violation,cumulative_comfort_violation,mean_air_quality_violation,std_air_quality_violation,cumulative_air_quality_violation,length(timesteps),time_elapsed(seconds),date,year,case,rep,zones_controlled,onoffseed,tempseed,comforttemp,setbacktemp,filename
0,10841.833306964198,0.0,61548.835378075775,50707.00207111158,-48222.04133524098,-0.9174665398637936,407.4058608367717,0.0077512530600603,-6017.1299729386665,-0.114481163868696,-12222.175825103152,-0.2325375918018103,-33335.207533874905,-0.6342314979808772,7.071917808219178,0.114481163868696,0.6260748052425468,3333520.7533874903,63.423149798087714,95.9300141451251,6017.1299729386665,52560.0,31536000.0,08-19,2023.0,13.0,0.0,0.0,15.0,15.0,20.0,17.0,Eplus-env-08-19_thermostat_rbc_eco_year_2023_case_13_rep_0_zone_0_onoffseed_15_tempseed_15_comforttemp_20_setbacktemp_17_paper2_final_runs_v4-res1
0,9142.67586787753,0.0,53219.50278890558,44076.82692102805,-52422.62845917221,-0.9973863862095168,353.9468322441677,0.0067341482542649,-11209.324712095931,-0.2132672129394203,-10618.404967325036,-0.2020244476279497,-33733.68061956567,-0.6418127971759069,9.785007610350076,0.2132672129394203,0.9677341952343576,3373368.0619565668,64.1812797175907,97.19154311419274,11209.324712095931,52560.0,31536000.0,08-19,2023.0,13.0,0.0,0.0,15.0,10.0,20.0,13.0,Eplus-env-08-19_thermostat_rbc_eco_year_2023_case_13_rep_0_zone_0_onoffseed_15_tempseed_10_comforttemp_20_setbacktemp_13_paper2_final_runs_v4-res1
0,50108.46917728014,50108.46917728014,0.0,0.0,-503218.5454250687,-9.574173238680912,1627.1528529890409,0.0309580070964429,-122249.73222783554,-2.325908147409352,-48814.58558967122,-0.928740212893288,-339975.0745633002,-6.468323336440262,43.59398782343988,2.325908147409352,4.09992406461079,33997507.45633002,646.8323336440263,709.139108985194,122249.73222783554,52560.0,31536000.0,08-19,2023.0,1.0,0.0,9.0,5.0,42.0,21.0,15.0,Eplus-env-08-19_thermostat_rbc_eco_year_2023_case_1_rep_0_zone_9_onoffseed_5_tempseed_42_comforttemp_21_setbacktemp_15_paper2_final_runs_v4-res1
0,39817.63243542198,0.0,103594.52469692638,63776.89226150439,-474490.6678843263,-9.027600226109708,500.9905230955551,0.0095317831639184,-96809.16599970804,-1.8418791095834863,-15029.715692866652,-0.2859534949175543,-345106.6967891994,-6.565956940433779,39.92579908675799,1.8418791095834863,3.4243699941622707,34510669.67891994,656.5956940433779,721.4330503187692,96809.16599970804,52560.0,31536000.0,08-19,2022.0,11.0,0.0,9.0,5.0,42.0,20.0,15.0,Eplus-env-08-19_thermostat_rbc_eco_year_2022_case_11_rep_0_zone_9_onoffseed_5_tempseed_42_comforttemp_20_setbacktemp_15_paper2_final_runs_v4-res1
0,129439.03892853975,129439.03892853975,0.0,0.0,-425419.1059728532,-8.093970813790966,2599.6170945671256,0.0494599903836972,0.0,0.0,-77988.51283701378,-1.4837997115109167,-319525.0282254148,-6.079243307180647,0.0,0.0,0.0,31952502.822541486,607.9243307180648,693.4055855361595,0.0,52560.0,31536000.0,08-19,2022.0,1.0,0.0,0.0,5.0,30.0,20.0,15.0,Eplus-env-08-19_thermostat_rbc_eco_year_2022_case_1_rep_0_zone_0_onoffseed_5_tempseed_30_comforttemp_20_setbacktemp_15_paper2_final_runs_v4-res1
0,43544.7201944123,43544.7201944123,0.0,0.0,-538299.474419389,-10.24161861528518,1404.7478386542116,0.0267265570520207,-100585.1910987733,-1.9137212918335864,-42142.43515962634,-0.8017967115606229,-402090.3477295669,-7.6501207711104815,39.81164383561644,1.9137212918335864,3.515130385766288,40209034.77295669,765.0120771110481,826.1126825805472,100585.1910987733,52560.0,31536000.0,08-19,2023.0,2.0,0.0,9.0,5.0,42.0,20.0,15.0,Eplus-env-08-19_thermostat_rbc_eco_year_2023_case_2_rep_0_zone_9_onoffseed_5_tempseed_42_comforttemp_20_setbacktemp_15_paper2_final_runs_v4-res1
0,16008.083163943404,0.0,105443.8134971742,89435.7303332308,-437156.4483062847,-8.317284024092174,682.0730878057225,0.012977037439226,-36531.21823861115,-0.69503839875592,-20462.19263417168,-0.3893111231767823,-387529.0172312516,-7.373078714445426,23.072678843226782,0.69503839875592,2.151802740254508,38752901.72312516,737.3078714445426,810.5969575049776,36531.21823861115,52560.0,31536000.0,08-19,2023.0,12.0,0.0,0.0,10.0,42.0,20.0,17.0,Eplus-env-08-19_thermostat_rbc_eco_year_2023_case_12_rep_0_zone_0_onoffseed_10_tempseed_42_comforttemp_20_setbacktemp_17_paper2_final_runs_v4-res1
0,47676.8758256144,37688.1659703896,23978.650296012293,13989.9404407875,-92401.87696186051,-1.7580265784220035,862.5068278414116,0.0164099472572566,-11766.481227443088,-0.2238676032618548,-25875.204835242344,-0.4922984177177006,-41630.94362148228,-0.7920651373950205,10.460426179604262,0.2238676032618548,1.0105373784057743,4163094.362148228,79.20651373950206,118.71543845254052,11766.481227443088,52560.0,31536000.0,08-19,2022.0,4.0,0.0,0.0,10.0,30.0,20.0,15.0,Eplus-env-08-19_thermostat_rbc_eco_year_2022_case_4_rep_0_zone_0_onoffseed_10_tempseed_30_comforttemp_20_setbacktemp_15_paper2_final_runs_v4-res1
0,23651.500409751232,23185.193925233925,14456.246925304798,13989.9404407875,-71766.9761411491,-1.3654295308437805,858.6986999897364,0.0163374942920421,-11176.657965047145,-0.2126456994871983,-25760.96099969209,-0.490124828761265,-41241.02569088448,-0.7846466075130228,10.74200913242009,0.2126456994871983,0.8987540601970035,4124102.569088448,78.46466075130228,117.74659637393802,11176.657965047145,52560.0,31536000.0,08-19,2023.0,4.0,0.0,0.0,10.0,30.0,20.0,15.0,Eplus-env-08-19_thermostat_rbc_eco_year_2023_case_4_rep_0_zone_0_onoffseed_10_tempseed_30_comforttemp_20_setbacktemp_15_paper2_final_runs_v4-res1
0,50159.85296395671,0.0,127883.1744854817,77723.32152152498,-467109.4308311159,-8.887165731185615,637.9005423589688,0.0121366161027201,-24199.81736224534,-0.4604227047611366,-19137.01627076907,-0.3640984830816033,-401873.8377590576,-7.6460014794341244,31.569634703196343,0.4604227047611366,0.9039158272847432,40187383.77590576,764.6001479434125,835.3530668950451,24199.81736224534,52560.0,31536000.0,08-19,2022.0,7.0,0.0,9.0,5.0,42.0,18.0,17.0,Eplus-env-08-19_thermostat_rbc_eco_year_2022_case_7_rep_0_zone_9_onoffseed_5_tempseed_42_comforttemp_18_setbacktemp_17_paper2_final_runs_v4-res1
0,59940.2905890202,0.0,148743.62485715767,88803.33426813745,-436997.3979094615,-8.314257951093255,743.7389678851034,0.0141502847771138,-54871.30609408828,-1.043974621272608,-22312.169036553103,-0.4245085433134152,-333088.94008449576,-6.337308601303191,16.472602739726028,1.043974621272608,3.3655536086329003,33308894.008449573,633.7308601303191,709.1791146710847,54871.30609408828,52560.0,31536000.0,08-19,2022.0,11.0,0.0,0.0,15.0,30.0,20.0,15.0,Eplus-env-08-19_thermostat_rbc_eco_year_2022_case_11_rep_0_zone_0_onoffseed_15_tempseed_30_comforttemp_20_setbacktemp_15_paper2_final_runs_v4-res1
0,30249.735426576448,0.0,196101.4648280206,165851.72940144414,-393889.8259876362,-7.494098667953505,1253.8501934351534,0.023855597287579,0.0,0.0,-37615.505803054606,-0.7156679186273708,-369142.517435154,-7.023259464139154,0.0,0.0,0.0,36914251.7435154,702.3259464139155,783.3670001831248,0.0,52560.0,31536000.0,08-19,2023.0,7.0,0.0,0.0,5.0,15.0,20.0,17.0,Eplus-env-08-19_thermostat_rbc_eco_year_2023_case_7_rep_0_zone_0_onoffseed_5_tempseed_15_comforttemp_20_setbacktemp_17_paper2_final_runs_v4-res1
0,15143.527608653229,0.0,38104.05702822012,22960.529419566898,-86086.14736932589,-1.637864295459016,188.07927766586263,0.0035783728627447,-38905.31922677483,-0.740207747845792,-5642.378329975879,-0.1073511858823416,-34791.90820591186,-0.6619465031566183,26.07496194824962,0.740207747845792,1.7523836004990792,3479190.8205911857,66.19465031566183,100.73172433435118,38905.31922677483,52560.0,31536000.0,08-19,2022.0,13.0,0.0,9.0,5.0,42.0,18.0,15.0,Eplus-env-08-19_thermostat_rbc_eco_year_2022_case_13_rep_0_zone_9_onoffseed_5_tempseed_42_comforttemp_18_setbacktemp_15_paper2_final_runs_v4-res1
0,1965.7455101182925,0.0,17968.69068905574,16002.945178937449,-84923.43654285157,-1.6157427043921533,124.40321087671302,0.0023668799634077,-48966.496125778925,-0.9316304437933586,-3732.09632630139,-0.0710063989022334,-34348.76401524489,-0.6535152970937003,28.2496194824962,0.9316304437933586,2.1515773341685622,3434876.4015244883,65.35152970937003,99.58167452702548,48966.496125778925,52560.0,31536000.0,08-19,2023.0,13.0,0.0,9.0,5.0,42.0,18.0,13.0,Eplus-env-08-19_thermostat_rbc_eco_year_2023_case_13_rep_0_zone_9_onoffseed_5_tempseed_42_comforttemp_18_setbacktemp_13_paper2_final_runs_v4-res1
0,35356.4149646626,0.0,90887.59252930184,55531.17756463922,-63620.54082355588,-1.210436469245736,441.7471745884273,0.0084046266093688,-1.4862509439308376,-2.827722496063237e-05,-13252.415237652818,-0.2521387982810658,-34693.971490021475,-0.660083171423544,0.0114155251141552,2.827722496063237e-05,0.0029539157900474,3469397.149002147,66.0083171423544,99.68390801330276,1.4862509439308376,52560.0,31536000.0,08-19,2022.0,13.0,0.0,0.0,5.0,10.0,20.0,17.0,Eplus-env-08-19_thermostat_rbc_eco_year_2022_case_13_rep_0_zone_0_onoffseed_5_tempseed_10_comforttemp_20_setbacktemp_17_paper2_final_runs_v4-res1
0,6532.912986837237,0.0,39763.20216518537,33230.28917834813,-74532.24469015068,-1.4180411851246324,267.1395792262406,0.0050825642927366,-34820.50345329761,-0.6624905527644143,-8014.187376787217,-0.1524769287821007,-34367.165122321545,-0.6538653942603033,30.574581430745813,0.6624905527644143,1.9007414691131248,3436716.5122321537,65.38653942603032,99.2831998394085,34820.50345329761,52560.0,31536000.0,08-19,2023.0,13.0,0.0,0.0,15.0,42.0,20.0,15.0,Eplus-env-08-19_thermostat_rbc_eco_year_2023_case_13_rep_0_zone_0_onoffseed_15_tempseed_42_comforttemp_20_setbacktemp_15_paper2_final_runs_v4-res1
0,16339.280337983892,0.0,110147.94207782524,93808.66173984137,-47381.29767688149,-0.901470655952844,713.3489417731016,0.0135720879332781,-3.734656206738816,-7.105510286793789e-05,-21400.46825319305,-0.4071626379983457,-34010.39777617012,-0.6470775832604665,0.0133181126331811,7.105510286793789e-05,0.0072635909180661,3401039.777617012,64.70775832604664,97.45544446530282,3.734656206738816,52560.0,31536000.0,08-19,2023.0,8.0,0.0,0.0,5.0,15.0,20.0,13.0,Eplus-env-08-19_thermostat_rbc_eco_year_2023_case_8_rep_0_zone_0_onoffseed_5_tempseed_15_comforttemp_20_setbacktemp_13_paper2_final_runs_v4-res1
0,55685.25833193808,55685.25833193808,0.0,0.0,-440846.188283895,-8.387484556390698,1802.114927974298,0.0342868136981411,-53174.39374904818,-1.0116893787870658,-54063.44783922895,-1.028604410944234,-342115.68469348823,-6.509050317608224,36.60958904109589,1.0116893787870658,1.841720703109492,34211568.46934883,650.9050317608226,720.2831701983313,53174.39374904818,52560.0,31536000.0,08-19,2023.0,1.0,0.0,9.0,5.0,42.0,19.0,17.0,Eplus-env-08-19_thermostat_rbc_eco_year_2023_case_1_rep_0_zone_9_onoffseed_5_tempseed_42_comforttemp_19_setbacktemp_17_paper2_final_runs_v4-res1
0,67493.16416404328,67493.16416404328,0.0,0.0,-539285.4923928652,-10.26037847018389,1256.9175554350782,0.0239139565341529,-77452.16015978694,-1.4735951324160377,-37707.52666305235,-0.7174186960245881,-406617.1746304744,-7.736247614735054,36.56963470319635,1.4735951324160377,2.859981703370193,40661717.463047445,773.6247614735054,836.909797574608,77452.16015978694,52560.0,31536000.0,08-19,2022.0,2.0,0.0,9.0,5.0,42.0,19.0,15.0,Eplus-env-08-19_thermostat_rbc_eco_year_2022_case_2_rep_0_zone_9_onoffseed_5_tempseed_42_comforttemp_19_setbacktemp_15_paper2_final_runs_v4-res1
0,11419.888033024758,0.0,77259.49016621259,65839.60213318783,-61341.70817539421,-1.167079683702325,516.3228972120869,0.0098234950002299,-17880.480590639876,-0.3401917920593583,-15489.686916362609,-0.2947048500068989,-34118.61718493677,-0.6491365522248244,12.431506849315069,0.3401917920593583,1.296016171857875,3411861.718493677,64.91365522248245,98.39201887086432,17880.480590639876,52560.0,31536000.0,08-19,2023.0,8.0,0.0,0.0,15.0,30.0,20.0,17.0,Eplus-env-08-19_thermostat_rbc_eco_year_2023_case_8_rep_0_zone_0_onoffseed_15_tempseed_30_comforttemp_20_setbacktemp_17_paper2_final_runs_v4-res1
0,13140.830535055073,0.0,88482.96643014665,75342.1358950916,-51359.33265598218,-0.9771562529676976,573.8518581621136,0.0109180338310904,-1.7955674290387442,-3.4162241800584935e-05,-17215.555744863406,-0.3275410149327132,-40607.02362782459,-0.7725841633908788,0.0114155251141552,3.4162241800584935e-05,0.0059733653681251,4060702.362782459,77.25841633908787,115.24543800742836,1.7955674290387442,52560.0,31536000.0,08-19,2023.0,9.0,0.0,0.0,5.0,15.0,20.0,13.0,Eplus-env-08-19_thermostat_rbc_eco_year_2023_case_9_rep_0_zone_0_onoffseed_5_tempseed_15_comforttemp_20_setbacktemp_13_paper2_final_runs_v4-res1
0,52705.17213109851,0.0,130169.76958871254,77464.59745761403,-490846.1727417251,-9.33877802020025,653.8033845615685,0.0124391815936371,-54330.26676230476,-1.033680874473074,-19614.10153684705,-0.3731754478091144,-393397.8046589687,-7.484737531563331,16.320395738203956,1.033680874473074,3.4546798371845715,39339780.46589686,748.4737531563329,818.2223440011219,54330.26676230476,52560.0,31536000.0,08-19,2022.0,12.0,0.0,0.0,15.0,30.0,20.0,13.0,Eplus-env-08-19_thermostat_rbc_eco_year_2022_case_12_rep_0_zone_0_onoffseed_15_tempseed_30_comforttemp_20_setbacktemp_13_paper2_final_runs_v4-res1
0,64976.40338869728,0.0,167954.96880323286,102978.5654145356,-490181.4947162888,-9.32613193904659,831.5869366002671,0.0158216692656063,-96162.50917655272,-1.829575897575204,-24947.60809800801,-0.474650077968189,-340861.7899274428,-6.4851938722877245,42.47146118721461,1.829575897575204,3.183676898307213,34086178.99274428,648.5193872287725,715.2233472705731,96162.50917655272,52560.0,31536000.0,08-19,2022.0,6.0,0.0,9.0,5.0,42.0,21.0,17.0,Eplus-env-08-19_thermostat_rbc_eco_year_2022_case_6_rep_0_zone_9_onoffseed_5_tempseed_42_comforttemp_21_setbacktemp_17_paper2_final_runs_v4-res1
0,65899.69083654725,55910.98098132246,23978.650296012293,13989.9404407875,-95669.79298650168,-1.820201540839073,1258.8465191177197,0.0239506567564254,-27.536013099797003,-0.000523896748474,-37765.39557353158,-0.7185197026927622,-41729.719900022574,-0.7939444425422864,0.0837138508371385,0.000523896748474,0.0269399789490043,4172971.990002257,79.39444425422865,118.37690235758718,27.536013099797003,52560.0,31536000.0,08-19,2022.0,4.0,0.0,0.0,5.0,15.0,20.0,15.0,Eplus-env-08-19_thermostat_rbc_eco_year_2022_case_4_rep_0_zone_0_onoffseed_5_tempseed_15_comforttemp_20_setbacktemp_15_paper2_final_runs_v4-res1
0,65946.23251102092,55957.52265579613,23978.650296012293,13989.9404407875,-95706.1917693136,-1.8208940595379304,1259.4692283694574,0.0239625043449287,-23.056099773320994,-0.0004386624766613,-37784.07685108372,-0.7188751303478638,-41732.52285227405,-0.7939977711619872,0.0722983257229832,0.0004386624766613,0.0237537085084499,4173252.285227405,79.39977711619873,118.3944782120162,23.056099773320994,52560.0,31536000.0,08-19,2022.0,4.0,0.0,0.0,5.0,15.0,20.0,17.0,Eplus-env-08-19_thermostat_rbc_eco_year_2022_case_4_rep_0_zone_0_onoffseed_5_tempseed_15_comforttemp_20_setbacktemp_17_paper2_final_runs_v4-res1
0,7726.066084336454,0.0,46044.487902577,38318.42181824054,-59085.01730123673,-1.124144164787609,307.5736812103668,0.0058518584705168,-18694.92821815896,-0.3556873709695388,-9227.210436311005,-0.1755557541155061,-34069.39441948212,-0.6482000460327648,12.404870624048703,0.3556873709695388,1.3875232799118782,3406939.441948212,64.82000460327647,98.30655187448956,18694.92821815896,52560.0,31536000.0,08-19,2023.0,13.0,0.0,0.0,15.0,30.0,20.0,13.0,Eplus-env-08-19_thermostat_rbc_eco_year_2023_case_13_rep_0_zone_0_onoffseed_15_tempseed_30_comforttemp_20_setbacktemp_13_paper2_final_runs_v4-res1
0,32957.2028898258,0.0,81357.85196890523,48400.64907907944,-68196.19986887163,-1.297492387155092,406.2115838541275,0.0077285308952459,-7436.760874304037,-0.1414908842143081,-12186.347515623826,-0.2318559268573787,-33797.151310401096,-0.6430203826179812,6.767503805175037,0.1414908842143081,0.9101814155656334,3379715.13104011,64.30203826179813,97.2126422426983,7436.760874304037,52560.0,31536000.0,08-19,2022.0,13.0,0.0,0.0,15.0,15.0,20.0,13.0,Eplus-env-08-19_thermostat_rbc_eco_year_2022_case_13_rep_0_zone_0_onoffseed_15_tempseed_15_comforttemp_20_setbacktemp_13_paper2_final_runs_v4-res1
0,35245.60136699652,0.0,91061.3961607338,55815.7947937373,-510818.0788380808,-9.71876101290108,440.4182969347482,0.0083793435489868,-75993.65407397623,-1.44584577766317,-13212.548908042443,-0.2513803064696051,-405989.9982857648,-7.724315035878325,36.47831050228311,1.44584577766317,2.8177050289966186,40598999.82857648,772.4315035878325,835.6849347275065,75993.65407397623,52560.0,31536000.0,08-19,2022.0,12.0,0.0,9.0,5.0,42.0,19.0,15.0,Eplus-env-08-19_thermostat_rbc_eco_year_2022_case_12_rep_0_zone_9_onoffseed_5_tempseed_42_comforttemp_19_setbacktemp_15_paper2_final_runs_v4-res1
0,20522.7130332296,20056.40654871229,14456.246925304798,13989.9404407875,-124805.89720160664,-2.374541423166032,745.1861852825386,0.0141778193546906,-74802.04442754305,-1.4231743612546242,-22355.585558476163,-0.4253345806407185,-33214.221241578474,-0.6319296278839132,35.63926940639269,1.4231743612546242,2.832009579988835,3321422.124157847,63.192962788391306,96.22030265072549,74802.04442754305,52560.0,31536000.0,08-19,2023.0,3.0,0.0,9.0,5.0,42.0,21.0,15.0,Eplus-env-08-19_thermostat_rbc_eco_year_2023_case_3_rep_0_zone_9_onoffseed_5_tempseed_42_comforttemp_21_setbacktemp_15_paper2_final_runs_v4-res1
0,112859.19384817776,0.0,288578.9927884921,175719.79894031433,-353511.32101521204,-6.7258622719789205,1442.6094184101412,0.0274469067429631,-40.53467758423128,-0.0007712077165949,-43278.28255230424,-0.8234072022888933,-261140.6798504336,-4.968429981933668,0.0932267884322678,0.0007712077165949,0.0358905357496428,26114067.985043354,496.8429981933667,588.105577424321,40.53467758423128,52560.0,31536000.0,08-19,2022.0,5.0,0.0,0.0,5.0,15.0,20.0,13.0,Eplus-env-08-19_thermostat_rbc_eco_year_2022_case_5_rep_0_zone_0_onoffseed_5_tempseed_15_comforttemp_20_setbacktemp_13_paper2_final_runs_v4-res1
0,18705.17362102551,0.0,122492.89024023002,103787.71661920453,-302046.5242633527,-5.74669947228601,791.5166411051382,0.0150592968246791,-19823.23012860331,-0.3771543022945835,-23745.49923315414,-0.4517789047403756,-266920.5915953884,-5.078397861403889,11.385083713850836,0.3771543022945835,1.4300286744783386,26692059.159538843,507.8397861403889,585.5724622425404,19823.23012860331,52560.0,31536000.0,08-19,2023.0,10.0,0.0,0.0,10.0,15.0,20.0,17.0,Eplus-env-08-19_thermostat_rbc_eco_year_2023_case_10_rep_0_zone_0_onoffseed_10_tempseed_15_comforttemp_20_setbacktemp_17_paper2_final_runs_v4-res1
0,14408.484454427571,0.0,92335.04279851644,77926.55834408886,-323882.995582916,-6.162157450207686,604.5776576575522,0.0115026190574115,-37067.63194235045,-0.7052441389336082,-18137.329729726567,-0.3450785717223472,-275027.7825083983,-5.232644263858415,13.369482496194824,0.7052441389336082,2.419772277489148,27502778.250839826,523.2644263858415,599.5927525743357,37067.63194235045,52560.0,31536000.0,08-19,2023.0,10.0,0.0,0.0,10.0,30.0,20.0,15.0,Eplus-env-08-19_thermostat_rbc_eco_year_2023_case_10_rep_0_zone_0_onoffseed_10_tempseed_30_comforttemp_20_setbacktemp_15_paper2_final_runs_v4-res1
0,95702.57980342676,95702.57980342676,0.0,0.0,-496738.85244469,-9.45089140876503,1835.0052895342897,0.034912581612144,-74353.31271395848,-1.4146368476780533,-55050.15868602869,-1.0473774483643206,-344091.2591935481,-6.546637351475421,39.33599695585997,1.4146368476780533,2.5223454078577565,34409125.91935481,654.6637351475421,722.9112560579742,74353.31271395848,52560.0,31536000.0,08-19,2022.0,1.0,0.0,9.0,5.0,42.0,20.0,17.0,Eplus-env-08-19_thermostat_rbc_eco_year_2022_case_1_rep_0_zone_9_onoffseed_5_tempseed_42_comforttemp_20_setbacktemp_17_paper2_final_runs_v4-res1
0,54746.29376568528,0.0,134901.5832101952,80155.28944450994,-364599.914999996,-6.936832477168873,679.9079693880523,0.0129358441664393,-40793.07560086473,-0.7761239650088418,-20397.239081641565,-0.3880753249931804,-279018.8964694241,-5.30857869995099,15.340563165905632,0.7761239650088418,2.4828492730325307,27901889.64694241,530.8578699950991,613.1044605744497,40793.07560086473,52560.0,31536000.0,08-19,2022.0,10.0,0.0,0.0,15.0,30.0,20.0,17.0,Eplus-env-08-19_thermostat_rbc_eco_year_2022_case_10_rep_0_zone_0_onoffseed_15_tempseed_30_comforttemp_20_setbacktemp_17_paper2_final_runs_v4-res1
0,13601.16123290957,0.0,89599.00343853189,75997.84220562232,-325112.7079655925,-6.1855538045204055,583.4938777463665,0.0111014816922824,-38438.83824716323,-0.7313325389490721,-17504.816332390998,-0.333044450768474,-275546.7597137859,-5.242518259394709,13.40372907153729,0.7313325389490721,2.554553510270885,27554675.971378587,524.2518259394708,599.8973783347683,38438.83824716323,52560.0,31536000.0,08-19,2023.0,10.0,0.0,0.0,10.0,30.0,20.0,13.0,Eplus-env-08-19_thermostat_rbc_eco_year_2023_case_10_rep_0_zone_0_onoffseed_10_tempseed_30_comforttemp_20_setbacktemp_13_paper2_final_runs_v4-res1
0,48151.25270144109,0.0,118130.59848370534,69979.34578226424,-371720.7795080136,-7.07231315654516,597.3958583605928,0.0113659790403461,-50685.205895782885,-0.9643304013657322,-17921.87575081778,-0.3409793712103839,-281643.0337771818,-5.358505208850491,15.40144596651446,0.9643304013657322,3.2326700697692843,28164303.377718177,535.850520885049,614.8377134475297,50685.205895782885,52560.0,31536000.0,08-19,2022.0,10.0,0.0,0.0,15.0,30.0,20.0,15.0,Eplus-env-08-19_thermostat_rbc_eco_year_2022_case_10_rep_0_zone_0_onoffseed_15_tempseed_30_comforttemp_20_setbacktemp_15_paper2_final_runs_v4-res1
0,35657.24145673301,35190.93497221572,14456.246925304798,13989.9404407875,-70528.77126078436,-1.3418715993299917,1269.896670490029,0.0241608955572684,-7.340074088931448,-0.0001396513335032,-38096.90011470087,-0.7248268667180531,-41350.24195094215,-0.7867245424456268,0.0247336377473363,0.0001396513335032,0.0144378580961264,4135024.195094215,78.6724542445627,117.22404751683024,7.340074088931448,52560.0,31536000.0,08-19,2023.0,4.0,0.0,0.0,5.0,15.0,20.0,13.0,Eplus-env-08-19_thermostat_rbc_eco_year_2023_case_4_rep_0_zone_0_onoffseed_5_tempseed_15_comforttemp_20_setbacktemp_13_paper2_final_runs_v4-res1
0,67224.25418523523,57235.54433001042,23978.650296012293,13989.9404407875,-99527.08230969064,-1.893589846074784,1261.4452423793196,0.0240000997408546,-9407.87505752103,-0.1789930566499435,-37843.35727137958,-0.7200029922256389,-35123.04490322867,-0.6682466686306825,8.044140030441401,0.1789930566499435,0.9114243462426228,3512304.4903228665,66.82466686306823,101.09402083467482,9407.87505752103,52560.0,31536000.0,08-19,2022.0,3.0,0.0,0.0,10.0,10.0,20.0,15.0,Eplus-env-08-19_thermostat_rbc_eco_year_2022_case_3_rep_0_zone_0_onoffseed_10_tempseed_10_comforttemp_20_setbacktemp_15_paper2_final_runs_v4-res1
0,75068.54650244868,65079.836647223885,23978.650296012293,13989.9404407875,-101946.02801930116,-1.9396124052378447,1437.3529098263714,0.0273468970667117,-5786.202229040491,-0.1100875614353213,-43120.58729479114,-0.8204069120013535,-34746.24789660741,-0.6610777758106433,6.059741248097413,0.1100875614353213,0.6893175451126612,3474624.7896607406,66.10777758106433,99.80351382904136,5786.202229040491,52560.0,31536000.0,08-19,2022.0,3.0,0.0,0.0,10.0,15.0,20.0,15.0,Eplus-env-08-19_thermostat_rbc_eco_year_2022_case_3_rep_0_zone_0_onoffseed_10_tempseed_15_comforttemp_20_setbacktemp_15_paper2_final_runs_v4-res1
0,36892.70310015368,0.0,95968.5838546768,59075.88075452313,-527842.7594151171,-10.042670460713795,464.3562844543658,0.008834784711841,-94087.30380376504,-1.7900932991583909,-13930.688533630972,-0.2650435413552315,-403573.53520511626,-7.678339710904038,39.47488584474886,1.7900932991583909,3.3580927597339816,40357353.52051164,767.833971090404,829.9204483584697,94087.30380376504,52560.0,31536000.0,08-19,2022.0,12.0,0.0,9.0,5.0,42.0,20.0,15.0,Eplus-env-08-19_thermostat_rbc_eco_year_2022_case_12_rep_0_zone_9_onoffseed_5_tempseed_42_comforttemp_20_setbacktemp_15_paper2_final_runs_v4-res1
0,16057.53922467653,0.0,95335.2744617049,79277.73523702839,-322559.9424407465,-6.136985206254691,640.9187158411496,0.0121940394946946,-36167.60482677288,-0.6881203353647809,-19227.561475234485,-0.3658211848408387,-273255.6647742658,-5.198928173026366,14.79261796042618,0.6881203353647809,2.2486319466637408,27325566.477426577,519.8928173026366,600.6886750128747,36167.60482677288,52560.0,31536000.0,08-19,2023.0,10.0,0.0,0.0,15.0,10.0,20.0,17.0,Eplus-env-08-19_thermostat_rbc_eco_year_2023_case_10_rep_0_zone_0_onoffseed_15_tempseed_10_comforttemp_20_setbacktemp_17_paper2_final_runs_v4-res1
0,21983.47834120889,0.0,135301.9153817219,113318.437040513,-335296.435634584,-6.379308136122222,880.64555026275,0.0167550523261558,-1.1958931954485583,-2.275291467748399e-05,-26419.366507882507,-0.5026515697846748,-317310.5561104456,-6.037111037108934,0.0057077625570776,2.275291467748399e-05,0.0035186626539295,31731055.61104456,603.7111037108933,687.062760922601,1.1958931954485583,52560.0,31536000.0,08-19,2023.0,11.0,0.0,0.0,5.0,30.0,20.0,13.0,Eplus-env-08-19_thermostat_rbc_eco_year_2023_case_11_rep_0_zone_0_onoffseed_5_tempseed_30_comforttemp_20_setbacktemp_13_paper2_final_runs_v4-res1
0,15946.69088648079,0.0,99383.3455291264,83436.65464264563,-316826.7236204816,-6.027905700541886,654.183740644346,0.0124464182009959,-30595.564585169344,-0.5821073931729327,-19625.512219330383,-0.3733925460298779,-273185.1712210823,-5.197586971481779,13.32572298325723,0.5821073931729327,1.9192926133107573,27318517.122108225,519.7586971481778,599.3249461286,30595.564585169344,52560.0,31536000.0,08-19,2023.0,10.0,0.0,0.0,10.0,30.0,20.0,17.0,Eplus-env-08-19_thermostat_rbc_eco_year_2023_case_10_rep_0_zone_0_onoffseed_10_tempseed_30_comforttemp_20_setbacktemp_17_paper2_final_runs_v4-res1
0,44598.72290143152,0.0,116048.4609922982,71449.73809086668,-518474.9335278309,-9.864439374578213,568.6179805137795,0.0108184547281921,-75999.3046958019,-1.445953285688773,-17058.539415413383,-0.3245536418457645,-405989.4136263679,-7.724303912221611,36.42313546423136,1.445953285688773,2.817899521815701,40598941.36263678,772.430391222161,835.6788947944881,75999.3046958019,52560.0,31536000.0,08-19,2022.0,7.0,0.0,9.0,5.0,42.0,19.0,15.0,Eplus-env-08-19_thermostat_rbc_eco_year_2022_case_7_rep_0_zone_9_onoffseed_5_tempseed_42_comforttemp_19_setbacktemp_15_paper2_final_runs_v4-res1
0,4922.571140008865,0.0,34732.873647039625,29810.302507030767,-54359.77775183842,-1.0342423468766822,225.59716841172897,0.0042921835694773,-9309.417982121608,-0.1771198246217961,-6767.915052351869,-0.1287655070843202,-41023.20432007556,-0.7805023652982412,26.56392694063927,0.1771198246217961,0.4190803272295954,4102320.4320075554,78.05023652982412,116.94944140176383,9309.417982121608,52560.0,31536000.0,08-19,2023.0,14.0,0.0,0.0,5.0,42.0,20.0,15.0,Eplus-env-08-19_thermostat_rbc_eco_year_2023_case_14_rep_0_zone_0_onoffseed_5_tempseed_42_comforttemp_20_setbacktemp_15_paper2_final_runs_v4-res1
0,44149.712062751176,44149.712062751176,0.0,0.0,-402539.9310398934,-7.658674487060377,1413.4318451259517,0.0268917778753034,-65786.89951869383,-1.2516533393967624,-42402.95535377856,-0.806753336259105,-300634.1520826628,-5.71982785545401,34.44634703196347,1.2516533393967624,2.396848569378553,30063415.20826628,571.982785545401,639.8164371496081,65786.89951869383,52560.0,31536000.0,08-18,2023.0,0.0,0.0,9.0,5.0,42.0,18.0,15.0,Eplus-env-08-18_thermostat_rbc_eco_year_2023_case_0_rep_0_zone_9_onoffseed_5_tempseed_42_comforttemp_18_setbacktemp_15_paper2_final_runs_v4-res1
0,13983.712838768924,0.0,103527.6357637747,89543.92292500577,-49097.63116447337,-0.9341254026726288,656.6805618551551,0.0124939224097251,-4160.544341108238,-0.0791579973574626,-19700.416855654646,-0.374817672291755,-33497.01134996827,-0.6373099571911771,5.57648401826484,0.0791579973574626,0.4670017239650655,3349701.1349968268,63.73099571911771,96.36775347406676,4160.544341108238,52560.0,31536000.0,08-19,2023.0,8.0,0.0,0.0,10.0,15.0,20.0,17.0,Eplus-env-08-19_thermostat_rbc_eco_year_2023_case_8_rep_0_zone_0_onoffseed_10_tempseed_15_comforttemp_20_setbacktemp_17_paper2_final_runs_v4-res1
0,50069.73271305301,0.0,126602.20363278508,76532.47091973205,-81950.32966723431,-1.5591767440493591,630.0903251034252,0.0119880198840073,-8.630895739346812,-0.0001642103451169,-18902.70975310276,-0.3596405965202198,-40979.6504389463,-0.7796737145918246,0.030441400304414,0.0001642103451169,0.0125857199473761,4097965.043894629,77.96737145918243,116.357127000027,8.630895739346812,52560.0,31536000.0,08-19,2022.0,9.0,0.0,0.0,5.0,15.0,20.0,13.0,Eplus-env-08-19_thermostat_rbc_eco_year_2022_case_9_rep_0_zone_0_onoffseed_5_tempseed_15_comforttemp_20_setbacktemp_13_paper2_final_runs_v4-res1
0,10067.887253708332,0.0,70898.5123548937,60830.625101185375,-76098.42258752952,-1.4478390903259042,476.1004974125095,0.0090582286417905,-33404.41888888319,-0.6355483045830136,-14283.014922375283,-0.2717468592537154,-34457.46513638755,-0.6555834310576019,30.91133942161339,0.6355483045830136,1.7367136614081975,3445746.513638755,65.55834310576017,99.56698507275937,33404.41888888319,52560.0,31536000.0,08-19,2023.0,8.0,0.0,0.0,15.0,42.0,20.0,17.0,Eplus-env-08-19_thermostat_rbc_eco_year_2023_case_8_rep_0_zone_0_onoffseed_15_tempseed_42_comforttemp_20_setbacktemp_17_paper2_final_runs_v4-res1
0,32165.71583928536,0.0,86337.20981709637,54171.49397781104,-89115.57722385708,-1.6955018497689702,428.5467943613326,0.0081534778227041,-21447.27741730572,-0.4080532233125137,-12856.40383083998,-0.2446043346811259,-41353.527678432,-0.7867870562867578,28.37709284627093,0.4080532233125137,1.215172194756691,4135352.7678432,78.67870562867579,117.91097171126528,21447.27741730572,52560.0,31536000.0,08-19,2022.0,9.0,0.0,0.0,10.0,42.0,20.0,15.0,Eplus-env-08-19_thermostat_rbc_eco_year_2022_case_9_rep_0_zone_0_onoffseed_10_tempseed_42_comforttemp_20_setbacktemp_15_paper2_final_runs_v4-res1
0,35392.63267616002,0.0,95254.37090983536,59861.73823367535,-80061.03669756214,-1.523231291810543,474.4672547400112,0.0090271547705481,-9968.454103947288,-0.1896585636215237,-14234.017642200335,-0.2708146431164447,-41137.86980124835,-0.7826839764316658,9.433028919330289,0.1896585636215237,0.8923206518393926,4113786.980124835,78.26839764316657,117.17353636486204,9968.454103947288,52560.0,31536000.0,08-19,2022.0,9.0,0.0,0.0,10.0,30.0,20.0,15.0,Eplus-env-08-19_thermostat_rbc_eco_year_2022_case_9_rep_0_zone_0_onoffseed_10_tempseed_30_comforttemp_20_setbacktemp_15_paper2_final_runs_v4-res1
0,11270.819987291885,0.0,83952.05728246733,72681.23729517544,-55726.59753823178,-1.0602472895401784,540.5311491974826,0.0102840781810784,-12229.540470786298,-0.2326777106313983,-16215.934475924478,-0.3085223454323531,-34276.39923584199,-0.6521384938326102,10.367199391171994,0.2326777106313983,0.950824279087631,3427639.9235841986,65.213849383261,99.01595435571724,12229.540470786298,52560.0,31536000.0,08-19,2023.0,8.0,0.0,0.0,10.0,30.0,20.0,17.0,Eplus-env-08-19_thermostat_rbc_eco_year_2023_case_8_rep_0_zone_0_onoffseed_10_tempseed_30_comforttemp_20_setbacktemp_17_paper2_final_runs_v4-res1
0,10236.168134952466,0.0,71366.11475201098,61129.94661705849,-49384.27554700322,-0.9395790629186306,466.3571321857916,0.0088728525910538,-95.93183486501373,-0.0018251871169142,-13990.713965573748,-0.2661855777316162,-40914.13456093359,-0.7784272176737745,0.6069254185692542,0.0018251871169142,0.0467254080315049,4091413.4560933593,77.84272176737745,116.55082144501908,95.93183486501373,52560.0,31536000.0,08-19,2023.0,9.0,0.0,0.0,5.0,30.0,20.0,13.0,Eplus-env-08-19_thermostat_rbc_eco_year_2023_case_9_rep_0_zone_0_onoffseed_5_tempseed_30_comforttemp_20_setbacktemp_13_paper2_final_runs_v4-res1
0,72376.978066265,72376.978066265,0.0,0.0,-487200.9637771991,-9.269424729398764,1349.949023905118,0.0256839616420304,-79457.17532088932,-1.5117423006257482,-40498.47071715354,-0.7705188492609121,-348532.1827002984,-6.631129807844338,36.99961948249619,1.5117423006257482,2.905256818943933,34853218.270029835,663.1129807844337,729.1344431054026,79457.17532088932,52560.0,31536000.0,08-19,2022.0,1.0,0.0,9.0,5.0,42.0,19.0,15.0,Eplus-env-08-19_thermostat_rbc_eco_year_2022_case_1_rep_0_zone_9_onoffseed_5_tempseed_42_comforttemp_19_setbacktemp_15_paper2_final_runs_v4-res1
0,24773.58589852682,0.0,148656.41548074863,123882.82958222182,-337476.8276970082,-6.420792003367736,975.0676474665156,0.0185515153627571,-42260.30992482569,-0.8040393821313868,-29252.029423995467,-0.5565454608827144,-274949.2471485977,-5.231150059904826,14.872526636225269,0.8040393821313868,2.979966559723489,27494924.714859765,523.1150059904826,600.7057230695445,42260.30992482569,52560.0,31536000.0,08-19,2023.0,5.0,0.0,0.0,15.0,15.0,20.0,13.0,Eplus-env-08-19_thermostat_rbc_eco_year_2023_case_5_rep_0_zone_0_onoffseed_15_tempseed_15_comforttemp_20_setbacktemp_13_paper2_final_runs_v4-res1
0,58832.67698503807,48843.96712981327,23978.650296012293,13989.9404407875,-98130.23204645335,-1.867013547306952,1066.9221297489923,0.0202991272783293,-14346.853287282527,-0.2729614400167909,-32007.66389246977,-0.6089738183498814,-35652.36571771121,-0.6783174603826334,28.80517503805175,0.2729614400167909,0.6527574117220629,3565236.5717711207,67.83174603826333,102.85637923712636,14346.853287282527,52560.0,31536000.0,08-19,2022.0,3.0,0.0,0.0,5.0,42.0,20.0,13.0,Eplus-env-08-19_thermostat_rbc_eco_year_2022_case_3_rep_0_zone_0_onoffseed_5_tempseed_42_comforttemp_20_setbacktemp_13_paper2_final_runs_v4-res1
0,72870.19752442189,72870.19752442189,0.0,0.0,-472265.7324046889,-8.98526888136775,2427.881822735696,0.0461925765360672,-31277.20426714376,-0.5950761846869056,-72836.45468207088,-1.3857772960820185,-381373.4195428156,-7.255963081103798,12.97945205479452,0.5950761846869056,2.136138462777605,38137341.95428156,725.5963081103798,795.5488425774058,31277.20426714376,52560.0,31536000.0,08-19,2023.0,2.0,0.0,0.0,10.0,10.0,20.0,15.0,Eplus-env-08-19_thermostat_rbc_eco_year_2023_case_2_rep_0_zone_0_onoffseed_10_tempseed_10_comforttemp_20_setbacktemp_15_paper2_final_runs_v4-res1
0,45525.50950616418,35536.799650939385,23978.650296012293,13989.9404407875,-96249.45627403836,-1.831230142200121,821.7768667441476,0.015635024100916,-17568.074024988622,-0.3342479837326602,-24653.30600232443,-0.4690507230274815,-41436.96292205683,-0.7883744848184329,12.496194824961949,0.3342479837326602,1.4568694574141403,4143696.2922056834,78.8374484818433,117.9567834358896,17568.074024988622,52560.0,31536000.0,08-19,2022.0,4.0,0.0,0.0,15.0,30.0,20.0,13.0,Eplus-env-08-19_thermostat_rbc_eco_year_2022_case_4_rep_0_zone_0_onoffseed_15_tempseed_30_comforttemp_20_setbacktemp_13_paper2_final_runs_v4-res1
0,54971.47103783882,44982.76118261402,23978.650296012293,13989.9404407875,-116571.83912194676,-2.2178812618330817,980.51315052341,0.0186551208242657,-36162.34760142909,-0.6880203120515429,-29415.3945157023,-0.5596536247279738,-35437.33106446172,-0.6742262379083279,30.79718417047184,0.6880203120515429,1.890003145996819,3543733.106446172,67.4226237908328,102.2202565247987,36162.34760142909,52560.0,31536000.0,08-19,2022.0,3.0,0.0,0.0,15.0,42.0,20.0,17.0,Eplus-env-08-19_thermostat_rbc_eco_year_2022_case_3_rep_0_zone_0_onoffseed_15_tempseed_42_comforttemp_20_setbacktemp_17_paper2_final_runs_v4-res1
0,28743.66422739341,28277.35774287612,14456.246925304798,13989.9404407875,-90216.06244291295,-1.7164395441954523,1015.8449281471342,0.0193273388155847,-31384.6371692826,-0.5971201896743265,-30475.347844414024,-0.5798201644675423,-35316.233569199816,-0.671922252077622,31.72184170471842,0.5971201896743265,1.448111290660518,3531623.356919981,67.19222520776219,102.23339911719016,31384.6371692826,52560.0,31536000.0,08-19,2023.0,3.0,0.0,0.0,10.0,42.0,20.0,17.0,Eplus-env-08-19_thermostat_rbc_eco_year_2023_case_3_rep_0_zone_0_onoffseed_10_tempseed_42_comforttemp_20_setbacktemp_17_paper2_final_runs_v4-res1
0,50680.76771393734,40692.05785871255,23978.650296012293,13989.9404407875,-94357.5485018114,-1.7952349410542503,938.65990847077,0.0178588262646645,-11649.642244865634,-0.2216446393619793,-28159.7972541231,-0.5357647879399372,-41245.97019017365,-0.7847406809393769,9.372146118721462,0.2216446393619793,1.1748854800745303,4124597.019017364,78.47406809393767,117.2705796539735,11649.642244865634,52560.0,31536000.0,08-19,2022.0,4.0,0.0,0.0,15.0,10.0,20.0,13.0,Eplus-env-08-19_thermostat_rbc_eco_year_2022_case_4_rep_0_zone_0_onoffseed_15_tempseed_10_comforttemp_20_setbacktemp_13_paper2_final_runs_v4-res1
0,32396.734594852784,31930.42811033548,14456.246925304798,13989.9404407875,-75316.15620841477,-1.4329557878313313,1141.7103456255488,0.0217220385392988,-13673.97543173785,-0.2601593499189089,-34251.31036876646,-0.6516611561789661,-35138.41220462788,-0.6685390449891149,11.225266362252665,0.2601593499189089,1.0500402642694813,3513841.2204627884,66.8539044989115,101.4741896477268,13673.97543173785,52560.0,31536000.0,08-19,2023.0,3.0,0.0,0.0,10.0,30.0,20.0,17.0,Eplus-env-08-19_thermostat_rbc_eco_year_2023_case_3_rep_0_zone_0_onoffseed_10_tempseed_30_comforttemp_20_setbacktemp_17_paper2_final_runs_v4-res1
0,37585.984986762254,0.0,96948.76540031465,59362.7804135524,-456635.5095794553,-8.687890212698921,467.18340461164007,0.0088885731471012,-78043.79302797739,-1.4848514655246838,-14015.502138349204,-0.2666571944130366,-347842.6222338078,-6.618010316472751,36.86073059360731,1.4848514655246838,2.8650528911644657,34784262.223380774,661.801031647275,727.7974445590808,78043.79302797739,52560.0,31536000.0,08-19,2022.0,11.0,0.0,9.0,5.0,42.0,19.0,15.0,Eplus-env-08-19_thermostat_rbc_eco_year_2022_case_11_rep_0_zone_9_onoffseed_5_tempseed_42_comforttemp_19_setbacktemp_15_paper2_final_runs_v4-res1
0,24916.449570569952,24450.14308605266,14456.246925304798,13989.9404407875,-127490.17808784074,-2.425612216283119,885.6866380815235,0.0168509634338189,-73754.28928353888,-1.4032399026548492,-26570.599142445702,-0.5055289030145682,-33351.74141061861,-0.6345460694562141,37.06050228310502,1.4032399026548492,2.665446641932604,3335174.141061861,63.45460694562141,96.5882515732711,73754.28928353888,52560.0,31536000.0,08-19,2023.0,3.0,0.0,9.0,5.0,42.0,21.0,17.0,Eplus-env-08-19_thermostat_rbc_eco_year_2023_case_3_rep_0_zone_9_onoffseed_5_tempseed_42_comforttemp_21_setbacktemp_17_paper2_final_runs_v4-res1
0,18128.976842898883,0.0,101730.13968818216,83601.16284528327,-404925.0826223321,-7.704054083377703,669.9838775447824,0.0127470296336526,-59400.59387718804,-1.130148285334628,-20099.51632634347,-0.3824108890095789,-330693.17278996843,-6.291727031772611,17.028158295281585,1.130148285334628,3.582603486791838,33069317.278996844,629.1727031772612,702.7198237357563,59400.59387718804,52560.0,31536000.0,08-19,2023.0,11.0,0.0,0.0,15.0,30.0,20.0,13.0,Eplus-env-08-19_thermostat_rbc_eco_year_2023_case_11_rep_0_zone_0_onoffseed_15_tempseed_30_comforttemp_20_setbacktemp_13_paper2_final_runs_v4-res1
0,66474.17355086272,56485.46369563791,23978.650296012293,13989.9404407875,-90150.14716622652,-1.7151854483680844,1233.2226410109793,0.0234631400496761,-155.8829571053106,-0.002965809686174,-36996.67923032938,-0.7038942014902849,-35611.74282716042,-0.6775445743371465,1.3546423135464232,0.002965809686174,0.0529406699346983,3561174.282716043,67.75445743371466,102.48030122106184,155.8829571053106,52560.0,31536000.0,08-19,2022.0,3.0,0.0,0.0,5.0,30.0,20.0,13.0,Eplus-env-08-19_thermostat_rbc_eco_year_2022_case_3_rep_0_zone_0_onoffseed_5_tempseed_30_comforttemp_20_setbacktemp_13_paper2_final_runs_v4-res1
0,16041.417665881978,0.0,96161.28305766528,80119.86539178333,-456783.19033112295,-8.690699968248154,623.6331871978019,0.0118651671841286,-101188.05330408676,-1.9251912729088043,-18708.99561593405,-0.3559550155238595,-342471.653234578,-6.515822930642656,40.22640791476408,1.9251912729088043,3.520254210628818,34247165.32345781,651.5822930642657,714.9549656071222,101188.05330408676,52560.0,31536000.0,08-19,2023.0,6.0,0.0,9.0,5.0,42.0,20.0,15.0,Eplus-env-08-19_thermostat_rbc_eco_year_2023_case_6_rep_0_zone_9_onoffseed_5_tempseed_42_comforttemp_20_setbacktemp_15_paper2_final_runs_v4-res1
0,101169.01400600016,101169.01400600016,0.0,0.0,-420080.5610665926,-7.9924003247068605,2000.0061727330933,0.0380518678221669,-52565.97446164768,-1.0001136693616377,-60000.18518199281,-1.1415560346650078,-284748.21624663624,-5.417584022957311,22.80251141552512,1.0001136693616377,3.369116384330144,28474821.62466362,541.758402295731,619.2169550560238,52565.97446164768,52560.0,31536000.0,08-18,2022.0,0.0,0.0,0.0,10.0,42.0,20.0,13.0,Eplus-env-08-18_thermostat_rbc_eco_year_2022_case_0_rep_0_zone_0_onoffseed_10_tempseed_42_comforttemp_20_setbacktemp_13_paper2_final_runs_v4-res1
0,62168.93837650174,0.0,152693.1929195233,90524.25454302155,-351977.9566671676,-6.696688673271834,777.2663468532459,0.0147881725048182,-27605.104143134733,-0.5252112660413762,-23317.99040559737,-0.4436451751445467,-273512.44403821684,-5.203813623253745,12.212709284627094,0.5252112660413762,1.9525642137851336,27351244.403821684,520.3813623253745,600.838083926658,27605.104143134733,52560.0,31536000.0,08-19,2022.0,10.0,0.0,0.0,15.0,15.0,20.0,17.0,Eplus-env-08-19_thermostat_rbc_eco_year_2022_case_10_rep_0_zone_0_onoffseed_15_tempseed_15_comforttemp_20_setbacktemp_17_paper2_final_runs_v4-res1
0,56176.57114518985,0.0,137060.50265267538,80883.93150748551,-354527.0114584725,-6.7451866715843325,704.4207461163953,0.0134022211970394,-33710.99156766621,-0.6413811181062826,-21132.62238349186,-0.4020666359111846,-274857.9670369265,-5.229413375892817,12.34779299847793,0.6413811181062826,2.611511252618136,27485796.703692645,522.9413375892817,601.5188011102221,33710.99156766621,52560.0,31536000.0,08-19,2022.0,10.0,0.0,0.0,15.0,15.0,20.0,13.0,Eplus-env-08-19_thermostat_rbc_eco_year_2022_case_10_rep_0_zone_0_onoffseed_15_tempseed_15_comforttemp_20_setbacktemp_13_paper2_final_runs_v4-res1
0,23771.38237515565,0.0,135358.27903379986,111586.89665864424,-401659.9468127084,-7.641932016984558,879.6303308440363,0.0167357368882046,-96.85659953163189,-0.0018427815740417,-26388.90992532108,-0.5020721066461393,-382115.7222920619,-7.270086040564344,15.121765601217655,0.0018427815740417,0.0069581574379473,38211572.2292062,727.0086040564345,806.3445763336822,96.85659953163189,52560.0,31536000.0,08-19,2023.0,7.0,0.0,0.0,5.0,42.0,20.0,17.0,Eplus-env-08-19_thermostat_rbc_eco_year_2023_case_7_rep_0_zone_0_onoffseed_5_tempseed_42_comforttemp_20_setbacktemp_17_paper2_final_runs_v4-res1
0,29325.814876796743,0.0,177058.5344658884,147732.71958909163,-397530.5640240702,-7.563366895435126,1143.9448707676263,0.0217645523357615,0.0,0.0,-34318.3461230288,-0.6529365700728463,-373539.1148733628,-7.106908578260327,0.0,0.0,0.0,37353911.48733628,710.6908578260327,791.3897156676619,0.0,52560.0,31536000.0,08-19,2023.0,7.0,0.0,0.0,5.0,10.0,20.0,17.0,Eplus-env-08-19_thermostat_rbc_eco_year_2023_case_7_rep_0_zone_0_onoffseed_5_tempseed_10_comforttemp_20_setbacktemp_17_paper2_final_runs_v4-res1
0,41443.37567975265,40977.06919523535,14456.246925304798,13989.9404407875,-69104.90773032332,-1.3147813495114786,1448.655780314794,0.0275619440699161,-4.203546566910902,-7.997615233848747e-05,-43459.67340944382,-0.8268583220974852,-35195.87854015078,-0.6696323923164151,0.0171232876712328,7.997615233848747e-05,0.0109124418049862,3519587.854015078,66.96323923164151,100.93759815261964,4.203546566910902,52560.0,31536000.0,08-19,2023.0,3.0,0.0,0.0,5.0,10.0,20.0,17.0,Eplus-env-08-19_thermostat_rbc_eco_year_2023_case_3_rep_0_zone_0_onoffseed_5_tempseed_10_comforttemp_20_setbacktemp_17_paper2_final_runs_v4-res1
0,67162.2586430234,57173.54878779858,23978.650296012293,13989.9404407875,-90728.7923051612,-1.7261946785609057,1244.7302651584992,0.0236820826704432,-137.88406902364392,-0.0026233650879688,-37341.90795475498,-0.7104624801132986,-35645.46444028011,-0.678186157539576,1.4307458143074585,0.0026233650879688,0.0400043168629132,3564546.444028011,67.81861575395759,102.5554020723857,137.88406902364392,52560.0,31536000.0,08-19,2022.0,3.0,0.0,0.0,5.0,30.0,20.0,17.0,Eplus-env-08-19_thermostat_rbc_eco_year_2022_case_3_rep_0_zone_0_onoffseed_5_tempseed_30_comforttemp_20_setbacktemp_17_paper2_final_runs_v4-res1
0,3072.331407630908,0.0,23942.53355366311,20870.202146032207,-79050.97618178578,-1.5040140065027736,165.8740450136002,0.0031558988777321,-42143.94944953132,-0.801825522251357,-4976.221350408006,-0.0946769663319636,-34393.55240767161,-0.6543674354579835,28.059360730593607,0.801825522251357,1.7893123680596954,3439355.240767162,65.43674354579836,99.67351008776195,42143.94944953132,52560.0,31536000.0,08-19,2023.0,13.0,0.0,9.0,5.0,42.0,18.0,15.0,Eplus-env-08-19_thermostat_rbc_eco_year_2023_case_13_rep_0_zone_9_onoffseed_5_tempseed_42_comforttemp_18_setbacktemp_15_paper2_final_runs_v4-res1
0,33166.3482416349,0.0,81903.97401649028,48737.625774855376,-68253.66850214673,-1.2985857781991386,409.2728222351572,0.007786773634611,-7316.147348112288,-0.1391961063187269,-12278.184667054717,-0.2336032090383317,-33804.13165755293,-0.6431531898316767,6.763698630136987,0.1391961063187269,0.8787416080222581,3380413.1657552924,64.31531898316766,97.2219118379296,7316.147348112288,52560.0,31536000.0,08-19,2022.0,13.0,0.0,0.0,15.0,15.0,20.0,15.0,Eplus-env-08-19_thermostat_rbc_eco_year_2022_case_13_rep_0_zone_0_onoffseed_15_tempseed_15_comforttemp_20_setbacktemp_15_paper2_final_runs_v4-res1
0,31184.49098034049,0.0,79943.40883830798,48758.91785796749,-60513.77281520095,-1.1513274888736862,386.13436241134576,0.0073465441859084,-51.272834613340905,-0.0009755105520042,-11584.030872340372,-0.2203963255772521,-34950.46790957106,-0.6649632402886427,0.5859969558599696,0.0009755105520042,0.0222658428431168,3495046.790957106,66.49632402886427,100.6658937665116,51.272834613340905,52560.0,31536000.0,08-19,2022.0,13.0,0.0,0.0,5.0,30.0,20.0,15.0,Eplus-env-08-19_thermostat_rbc_eco_year_2022_case_13_rep_0_zone_0_onoffseed_5_tempseed_30_comforttemp_20_setbacktemp_15_paper2_final_runs_v4-res1
0,127369.984118269,127369.984118269,0.0,0.0,-466536.8152724956,-8.876271219035305,2617.451699089639,0.0497993093434101,-38395.72070380292,-0.7305121899505882,-78523.5509726892,-1.493979280302306,-323939.7105615369,-6.163236502312346,13.449391171993913,0.7305121899505882,2.791545192398736,32393971.05615369,616.3236502312346,694.5658172040862,38395.72070380292,52560.0,31536000.0,08-19,2022.0,1.0,0.0,0.0,15.0,15.0,20.0,13.0,Eplus-env-08-19_thermostat_rbc_eco_year_2022_case_1_rep_0_zone_0_onoffseed_15_tempseed_15_comforttemp_20_setbacktemp_13_paper2_final_runs_v4-res1
0,3353.526787492743,0.0,24556.91280730311,21203.38601981036,-104769.0647675595,-1.9933231500677224,165.38293672510375,0.0031465551127302,-62051.207857237394,-1.180578536096602,-4961.4881017531125,-0.0943966533819085,-39974.3366454743,-0.7605467398301807,35.64497716894977,1.180578536096602,2.3017243774771208,3997433.664547429,76.05467398301806,114.14150643034309,62051.207857237394,52560.0,31536000.0,08-19,2023.0,14.0,0.0,9.0,5.0,42.0,21.0,17.0,Eplus-env-08-19_thermostat_rbc_eco_year_2023_case_14_rep_0_zone_9_onoffseed_5_tempseed_42_comforttemp_21_setbacktemp_17_paper2_final_runs_v4-res1
0,7846.543841941894,0.0,57185.96134103891,49339.41749909702,-72310.93220650323,-1.3757787710521925,384.5345327820746,0.0073161060270562,-25036.403854202563,-0.4763394949429711,-11536.03598346224,-0.2194831808116864,-40855.27083520801,-0.777307283774886,28.603500761035004,0.4763394949429711,1.3545913483251113,4085527.0835208,77.73072837748859,116.51257527803632,25036.403854202563,52560.0,31536000.0,08-19,2023.0,9.0,0.0,0.0,15.0,42.0,20.0,17.0,Eplus-env-08-19_thermostat_rbc_eco_year_2023_case_9_rep_0_zone_0_onoffseed_15_tempseed_42_comforttemp_20_setbacktemp_17_paper2_final_runs_v4-res1
0,40294.35308305236,0.0,108307.28249386912,68012.92941081677,-77421.59731506382,-1.4730136475468762,541.7881111355152,0.0103079929820303,-4519.841388251131,-0.0859939381326318,-16253.643334065458,-0.3092397894609106,-39936.94566956756,-0.7598353437893371,5.3748097412480975,0.0859939381326318,0.6155248963567097,3993694.566956756,75.98353437893371,113.74961261309764,4519.841388251131,52560.0,31536000.0,08-19,2022.0,9.0,0.0,0.0,10.0,10.0,20.0,13.0,Eplus-env-08-19_thermostat_rbc_eco_year_2022_case_9_rep_0_zone_0_onoffseed_10_tempseed_10_comforttemp_20_setbacktemp_13_paper2_final_runs_v4-res1
0,32709.568042814644,0.0,81618.90868618843,48909.34064337379,-94663.04710938963,-1.801047319432832,410.2876577746739,0.0078060817689245,-26661.39787052629,-0.5072564282824636,-12308.629733240216,-0.2341824530677362,-41241.95162303669,-0.7846642241825855,28.23820395738204,0.5072564282824636,1.5971980279193396,4124195.162303669,78.46642241825855,117.4788190494166,26661.39787052629,52560.0,31536000.0,08-19,2022.0,9.0,0.0,0.0,15.0,42.0,20.0,15.0,Eplus-env-08-19_thermostat_rbc_eco_year_2022_case_9_rep_0_zone_0_onoffseed_15_tempseed_42_comforttemp_20_setbacktemp_15_paper2_final_runs_v4-res1
0,53088.8347446768,0.0,131803.56809977043,78714.73335509363,-84730.4329281135,-1.6120706417068775,670.0713797779426,0.0127486944402196,-7468.409703177655,-0.1420930308823754,-20102.14139333828,-0.3824608332065882,-33830.047520315755,-0.6436462618020501,6.9006849315068495,0.1420930308823754,0.862388384083148,3383004.7520315764,64.36462618020504,97.29011539292968,7468.409703177655,52560.0,31536000.0,08-19,2022.0,8.0,0.0,0.0,15.0,15.0,20.0,17.0,Eplus-env-08-19_thermostat_rbc_eco_year_2022_case_8_rep_0_zone_0_onoffseed_15_tempseed_15_comforttemp_20_setbacktemp_17_paper2_final_runs_v4-res1
0,40814.61551566835,0.0,107680.21944448812,66865.60392881978,-94497.31334147848,-1.7978940894497426,536.0359063833712,0.0101985522523472,-26088.65729140352,-0.4963595375076773,-16081.077191501136,-0.3059565675704174,-35018.21909670668,-0.6662522659190768,30.07420091324201,0.4963595375076773,1.342530061693729,3501821.909670668,66.62522659190768,101.18434714179448,26088.65729140352,52560.0,31536000.0,08-19,2022.0,8.0,0.0,0.0,10.0,42.0,20.0,17.0,Eplus-env-08-19_thermostat_rbc_eco_year_2022_case_8_rep_0_zone_0_onoffseed_10_tempseed_42_comforttemp_20_setbacktemp_17_paper2_final_runs_v4-res1
0,12524.214915845709,0.0,93379.02623899738,80854.81132315166,-51566.40929539249,-0.9810960672639364,596.5002836091193,0.011348939946901,-7403.580342594136,-0.1408595955592491,-17895.008508273582,-0.3404681984070316,-33916.76873014499,-0.6452962087166094,8.063165905631658,0.1408595955592491,0.6705369601157296,3391676.873014498,64.52962087166092,97.74672630785965,7403.580342594136,52560.0,31536000.0,08-19,2023.0,8.0,0.0,0.0,10.0,10.0,20.0,17.0,Eplus-env-08-19_thermostat_rbc_eco_year_2023_case_8_rep_0_zone_0_onoffseed_10_tempseed_10_comforttemp_20_setbacktemp_17_paper2_final_runs_v4-res1
0,23611.226016551853,0.0,61956.29582302602,38345.069806474174,-63539.25898755764,-1.2088900111787984,303.53631849386454,0.0057750441113748,-3639.280319147673,-0.0692404931344686,-9106.08955481594,-0.1732513233412469,-40583.634664268895,-0.7721391678894386,4.570015220700152,0.0692404931344686,0.5476600848483238,4058363.466426889,77.21391678894385,115.3266375747894,3639.280319147673,52560.0,31536000.0,08-19,2022.0,14.0,0.0,0.0,10.0,15.0,20.0,15.0,Eplus-env-08-19_thermostat_rbc_eco_year_2022_case_14_rep_0_zone_0_onoffseed_10_tempseed_15_comforttemp_20_setbacktemp_15_paper2_final_runs_v4-res1
0,74899.64273788479,64910.93288266,23978.650296012293,13989.9404407875,-101919.2640937134,-1.939103198130012,1435.1664921237004,0.0273052985563869,-5898.770155421002,-0.1122292647530631,-43054.994763711016,-0.8191589566916099,-34745.09621442888,-0.6610558640492556,6.095890410958904,0.1122292647530631,0.7102902758755077,3474509.621442888,66.10558640492557,99.79726735955064,5898.770155421002,52560.0,31536000.0,08-19,2022.0,3.0,0.0,0.0,10.0,15.0,20.0,13.0,Eplus-env-08-19_thermostat_rbc_eco_year_2022_case_3_rep_0_zone_0_onoffseed_10_tempseed_15_comforttemp_20_setbacktemp_13_paper2_final_runs_v4-res1
0,42409.90739535621,0.0,112032.75166581172,69622.84427045549,-430018.9871427371,-8.1814875788192,549.2633971831049,0.0104502168413832,-94323.99728880344,-1.794596599863079,-16477.901915493145,-0.3135065052414982,-300999.4446137928,-5.726777865559224,37.68264840182648,1.794596599863079,3.542268267976722,30099944.46137928,572.6777865559225,639.0347145661476,94323.99728880344,52560.0,31536000.0,08-19,2022.0,5.0,0.0,9.0,5.0,42.0,19.0,13.0,Eplus-env-08-19_thermostat_rbc_eco_year_2022_case_5_rep_0_zone_9_onoffseed_5_tempseed_42_comforttemp_19_setbacktemp_13_paper2_final_runs_v4-res1
0,84765.80750106771,84765.80750106771,0.0,0.0,-382671.464272383,-7.28065951811992,2858.1898235724734,0.0543795628533575,-41849.53758614779,-0.7962240788840903,-85745.69470717422,-1.6313868856007272,-271475.0195696117,-5.165049839604484,14.579528158295282,0.7962240788840903,2.8544916699013068,27147501.95696118,516.5049839604486,598.8115982903166,41849.53758614779,52560.0,31536000.0,08-18,2023.0,0.0,0.0,0.0,15.0,15.0,20.0,13.0,Eplus-env-08-18_thermostat_rbc_eco_year_2023_case_0_rep_0_zone_0_onoffseed_15_tempseed_15_comforttemp_20_setbacktemp_13_paper2_final_runs_v4-res1
0,90987.737791186,90987.737791186,0.0,0.0,-369341.76954429416,-7.027050409899052,3063.70044642428,0.0582895823140083,-28319.562781329667,-0.5388044669202753,-91911.0133927284,-1.7486874694202512,-266585.1384759952,-5.0720155722221305,12.32496194824962,0.5388044669202753,2.022147021729857,26658513.84759952,507.2015572222131,586.8979586363998,28319.562781329667,52560.0,31536000.0,08-18,2023.0,0.0,0.0,0.0,10.0,15.0,20.0,15.0,Eplus-env-08-18_thermostat_rbc_eco_year_2023_case_0_rep_0_zone_0_onoffseed_10_tempseed_15_comforttemp_20_setbacktemp_15_paper2_final_runs_v4-res1
0,81553.12963521732,81553.12963521732,0.0,0.0,-373413.987487126,-7.104527920226903,2722.6892407183486,0.0518015456757676,-35494.80351426604,-0.6753197015651834,-81680.67722155046,-1.55404637027303,-271200.5686182888,-5.159828170058765,13.479832572298326,0.6753197015651834,2.358768588871953,27120056.861828867,515.9828170058764,595.3907207149773,35494.80351426604,52560.0,31536000.0,08-18,2023.0,0.0,0.0,0.0,10.0,10.0,20.0,15.0,Eplus-env-08-18_thermostat_rbc_eco_year_2023_case_0_rep_0_zone_0_onoffseed_10_tempseed_10_comforttemp_20_setbacktemp_15_paper2_final_runs_v4-res1
0,9015.88728124523,0.0,73417.37282754325,64401.48554629802,-70303.81007592932,-1.3375915159042868,473.0005376486144,0.0089992491942278,-28425.858262776736,-0.5408268314835757,-14190.016129458429,-0.2699774758268346,-34502.05442836584,-0.6564317813616027,30.734398782343987,0.5408268314835757,1.4739029180003178,3450205.4428365845,65.64317813616029,99.84266162821484,28425.858262776736,52560.0,31536000.0,08-19,2023.0,8.0,0.0,0.0,10.0,42.0,20.0,13.0,Eplus-env-08-19_thermostat_rbc_eco_year_2023_case_8_rep_0_zone_0_onoffseed_10_tempseed_42_comforttemp_20_setbacktemp_13_paper2_final_runs_v4-res1
0,16169.922627291951,0.0,96364.42065322305,80194.4980259311,-394731.5038830968,-7.510112326542936,633.5915646132947,0.0120546340299333,-84339.01038113577,-1.6046234851814265,-19007.74693839884,-0.3616390208979992,-297163.87980057334,-5.653802888138762,37.20509893455099,1.6046234851814265,3.0020167702324256,29716387.980057336,565.3802888138763,632.1762100878614,84339.01038113577,52560.0,31536000.0,08-19,2023.0,5.0,0.0,9.0,5.0,42.0,19.0,15.0,Eplus-env-08-19_thermostat_rbc_eco_year_2023_case_5_rep_0_zone_9_onoffseed_5_tempseed_42_comforttemp_19_setbacktemp_15_paper2_final_runs_v4-res1
0,25383.573332298824,0.0,64208.27559966684,38824.70226736802,-116180.73557349716,-2.210440174533812,317.0736709667615,0.0060326040899307,-54700.08363773101,-1.040716964188185,-9512.210129002844,-0.1809781226979232,-40714.3505926125,-0.7746261528274829,32.28310502283105,1.040716964188185,2.2596345852397257,4071435.0592612494,77.46261528274829,116.1974639150382,54700.08363773101,52560.0,31536000.0,08-19,2022.0,9.0,0.0,9.0,5.0,42.0,20.0,15.0,Eplus-env-08-19_thermostat_rbc_eco_year_2022_case_9_rep_0_zone_9_onoffseed_5_tempseed_42_comforttemp_20_setbacktemp_15_paper2_final_runs_v4-res1
0,15638.267799095276,0.0,90421.67696574496,74783.4091666497,-471032.3774260035,-8.961803223477997,599.6606460867886,0.0114090686089571,-65557.07366191712,-1.2472807013302345,-17989.81938260366,-0.342272058268715,-392681.6368776466,-7.471111812740613,26.35464231354642,1.2472807013302345,3.698016922936171,39268163.68776466,747.1111812740612,818.3276699227251,65557.07366191712,52560.0,31536000.0,08-19,2023.0,12.0,0.0,0.0,15.0,42.0,20.0,15.0,Eplus-env-08-19_thermostat_rbc_eco_year_2023_case_12_rep_0_zone_0_onoffseed_15_tempseed_42_comforttemp_20_setbacktemp_15_paper2_final_runs_v4-res1
0,3238.0315479128503,0.0,24517.502452306115,21279.470904393267,-78043.57283118814,-1.4848472760880544,166.68179358956095,0.0031712670013234,-41628.02103445257,-0.7920095326189606,-5000.453807686829,-0.0951380100397037,-33766.51818738806,-0.6424375606428474,27.71308980213089,0.7920095326189606,1.7767980132667676,3376651.8187388065,64.24375606428475,97.86367859542968,41628.02103445257,52560.0,31536000.0,08-19,2023.0,13.0,0.0,9.0,5.0,42.0,19.0,15.0,Eplus-env-08-19_thermostat_rbc_eco_year_2023_case_13_rep_0_zone_9_onoffseed_5_tempseed_42_comforttemp_19_setbacktemp_15_paper2_final_runs_v4-res1
0,31366.70993605883,30900.40345154153,14456.246925304797,13989.9404407875,-75576.28934373472,-1.4379050483967797,1110.5559753035268,0.0211292993779209,-14862.49703787022,-0.2827720136581092,-33316.679259105804,-0.6338789813376294,-35052.686907174786,-0.6669080461791246,11.18531202435312,0.2827720136581092,1.1668018398456277,3505268.690717479,66.69080461791246,101.21882771659486,14862.49703787022,52560.0,31536000.0,08-19,2023.0,3.0,0.0,0.0,10.0,30.0,20.0,13.0,Eplus-env-08-19_thermostat_rbc_eco_year_2023_case_3_rep_0_zone_0_onoffseed_10_tempseed_30_comforttemp_20_setbacktemp_13_paper2_final_runs_v4-res1
0,27140.707083772235,0.0,156073.9133255347,128933.20624176244,-337923.80164680467,-6.42929607394986,1027.799845879755,0.0195547915882754,-40548.6662310592,-0.7714738628435921,-30833.995376392653,-0.5866437476482621,-275171.32295051136,-5.235375246394812,15.937975646879757,0.7714738628435921,2.4043066000446136,27517132.29505113,523.5375246394813,605.5312125244305,40548.6662310592,52560.0,31536000.0,08-19,2023.0,5.0,0.0,0.0,15.0,10.0,20.0,17.0,Eplus-env-08-19_thermostat_rbc_eco_year_2023_case_5_rep_0_zone_0_onoffseed_15_tempseed_10_comforttemp_20_setbacktemp_17_paper2_final_runs_v4-res1
0,18364.71179426704,0.0,107668.9324743769,89304.22068010988,-477648.5192638764,-9.087681112326417,706.3327329802811,0.0134385984204771,-68919.02066727926,-1.3112446854505186,-21189.98198940843,-0.4031579526143156,-393705.3278777074,-7.49058842994116,26.74467275494673,1.3112446854505186,3.967495845423531,39370532.78777073,749.0588429941159,818.575393146157,68919.02066727926,52560.0,31536000.0,08-19,2023.0,7.0,0.0,0.0,15.0,42.0,20.0,13.0,Eplus-env-08-19_thermostat_rbc_eco_year_2023_case_7_rep_0_zone_0_onoffseed_15_tempseed_42_comforttemp_20_setbacktemp_13_paper2_final_runs_v4-res1
0,61474.79583782835,0.0,162092.93490577693,100618.1390679486,-377027.72219347634,-7.17328238572063,795.3060412159007,0.0151313934782325,-132.2215454930956,-0.0025156306220147,-23859.18123647701,-0.4539418043469751,-326602.97017305595,-6.213907347280364,16.537290715372908,0.0025156306220147,0.0248369803567219,32660297.01730559,621.3907347280364,702.5793956210676,132.2215454930956,52560.0,31536000.0,08-19,2022.0,11.0,0.0,0.0,5.0,42.0,20.0,13.0,Eplus-env-08-19_thermostat_rbc_eco_year_2022_case_11_rep_0_zone_0_onoffseed_5_tempseed_42_comforttemp_20_setbacktemp_13_paper2_final_runs_v4-res1
0,20149.165026090915,0.0,120457.09303977308,100307.92801368216,-454296.0029432732,-8.64337905143214,780.6740481164884,0.0148530070037383,-99867.68302506927,-1.9000700727752904,-23420.221443494647,-0.4455902101121508,-337944.288010359,-6.429685844945947,43.26864535768645,1.9000700727752904,3.2604839482738885,33794428.801035896,642.9685844945947,708.569998914289,99867.68302506927,52560.0,31536000.0,08-19,2023.0,6.0,0.0,9.0,5.0,42.0,21.0,17.0,Eplus-env-08-19_thermostat_rbc_eco_year_2023_case_6_rep_0_zone_9_onoffseed_5_tempseed_42_comforttemp_21_setbacktemp_17_paper2_final_runs_v4-res1
0,18757.58720858793,0.0,114232.57094816526,95474.98373957734,-432204.0484784664,-8.223060283075844,746.4380248225042,0.0142016366975362,-76142.26643761233,-1.44867325794544,-22393.140744675125,-0.4260491009260869,-340716.1999455082,-6.482423895462485,39.26940639269406,1.44867325794544,2.5648326996486337,34071619.994550824,648.2423895462485,714.9813673334339,76142.26643761233,52560.0,31536000.0,08-19,2023.0,6.0,0.0,9.0,5.0,42.0,20.0,17.0,Eplus-env-08-19_thermostat_rbc_eco_year_2023_case_6_rep_0_zone_9_onoffseed_5_tempseed_42_comforttemp_20_setbacktemp_17_paper2_final_runs_v4-res1
0,5690.735943140535,0.0,37549.89316805397,31859.157224913422,-95313.18285444524,-1.8134167209749847,248.91496302795096,0.0047358250195576,-57673.54747891832,-1.0972897161133623,-7467.448890838531,-0.14207475058673,-32984.044300443624,-0.6275503101302059,33.37328767123287,1.0972897161133623,2.210619563998017,3298404.430044362,62.75503101302058,95.62200388342517,57673.54747891832,52560.0,31536000.0,08-19,2023.0,13.0,0.0,9.0,5.0,42.0,21.0,17.0,Eplus-env-08-19_thermostat_rbc_eco_year_2023_case_13_rep_0_zone_9_onoffseed_5_tempseed_42_comforttemp_21_setbacktemp_17_paper2_final_runs_v4-res1
0,49553.24343559719,0.0,131785.3247874281,82232.08135183093,-356811.486978084,-6.788650817695661,653.4338332488106,0.0124321505564842,-37226.63769832965,-0.7082693626014013,-19603.01499746432,-0.3729645166945265,-279045.3408250923,-5.309081826961421,13.023211567732115,0.7082693626014013,2.643873750135951,27904534.082509227,530.908182696142,606.8765587239537,37226.63769832965,52560.0,31536000.0,08-19,2022.0,10.0,0.0,0.0,10.0,30.0,20.0,13.0,Eplus-env-08-19_thermostat_rbc_eco_year_2022_case_10_rep_0_zone_0_onoffseed_10_tempseed_30_comforttemp_20_setbacktemp_13_paper2_final_runs_v4-res1
0,25623.197364457534,0.0,157416.27672312254,131793.07935866504,-333249.1937943636,-6.340357568385913,1007.7320218538396,0.0191729836730182,-0.2235245668719194,-4.252750511261786e-06,-30231.96065561519,-0.5751895101905478,-312286.6325059339,-5.9415264936441,0.0019025875190258,4.252750511261786e-06,0.00097497493822,31228663.25059339,594.15264936441,679.4574641853227,0.2235245668719194,52560.0,31536000.0,08-19,2023.0,11.0,0.0,0.0,5.0,10.0,20.0,13.0,Eplus-env-08-19_thermostat_rbc_eco_year_2023_case_11_rep_0_zone_0_onoffseed_5_tempseed_10_comforttemp_20_setbacktemp_13_paper2_final_runs_v4-res1
0,46959.60205704989,0.0,125361.62278662762,78402.02072957774,-363194.24930308055,-6.910088457060132,627.0901222107688,0.0119309383982261,-42697.08034597503,-0.812349321650971,-18812.70366632306,-0.3579281519467858,-282079.51851423294,-5.366809712980079,22.31164383561644,0.812349321650971,2.804999446479894,28207951.851423297,536.680971298008,613.636965807054,42697.08034597503,52560.0,31536000.0,08-19,2022.0,10.0,0.0,0.0,10.0,42.0,20.0,15.0,Eplus-env-08-19_thermostat_rbc_eco_year_2022_case_10_rep_0_zone_0_onoffseed_10_tempseed_42_comforttemp_20_setbacktemp_15_paper2_final_runs_v4-res1
0,17351.182606562597,0.0,102821.98136788596,85470.79876132336,-313241.39309897943,-5.959691649523962,689.0659467467725,0.0131100827006615,-28589.942174228152,-0.5439486715035797,-20671.978402403176,-0.3933024810198473,-270456.44843432243,-5.14567063231207,13.352359208523591,0.5439486715035797,1.9357171852640525,27045644.843432244,514.567063231207,594.5093958191517,28589.942174228152,52560.0,31536000.0,08-19,2023.0,10.0,0.0,0.0,15.0,15.0,20.0,17.0,Eplus-env-08-19_thermostat_rbc_eco_year_2023_case_10_rep_0_zone_0_onoffseed_15_tempseed_15_comforttemp_20_setbacktemp_17_paper2_final_runs_v4-res1
0,11160.66766271616,0.0,67926.73432746393,56766.06666474777,-354396.70320256066,-6.742707442971093,462.6099345199154,0.0088015588759496,-63973.83670264628,-1.2171582325465429,-13878.298035597463,-0.2640467662784905,-281292.3242850463,-5.351832653825082,22.99657534246576,1.2171582325465429,3.683625082966999,28129232.428504627,535.1832653825081,613.5948366840962,63973.83670264628,52560.0,31536000.0,08-19,2023.0,10.0,0.0,0.0,15.0,42.0,20.0,15.0,Eplus-env-08-19_thermostat_rbc_eco_year_2023_case_10_rep_0_zone_0_onoffseed_15_tempseed_42_comforttemp_20_setbacktemp_15_paper2_final_runs_v4-res1
0,47646.95230366013,0.0,124570.98329985428,76924.03099619415,-536635.9682686287,-10.209968954882584,611.9237607592501,0.0116423850981592,-94082.17879712608,-1.789995791421729,-18357.712822777503,-0.3492715529447774,-403573.8177918783,-7.6783450873645025,39.46917808219178,1.789995791421729,3.3575696186700164,40357381.77918783,767.8345087364503,829.9091217859883,94082.17879712608,52560.0,31536000.0,08-19,2022.0,7.0,0.0,9.0,5.0,42.0,20.0,15.0,Eplus-env-08-19_thermostat_rbc_eco_year_2022_case_7_rep_0_zone_9_onoffseed_5_tempseed_42_comforttemp_20_setbacktemp_15_paper2_final_runs_v4-res1
0,153555.94669835037,153555.94669835037,0.0,0.0,-494873.3523382137,-9.415398636571798,3156.295976796133,0.060051293318039,0.0,0.0,-94688.87930388398,-1.801538799541172,-369249.23234429327,-7.025289808681379,0.0,0.0,0.0,36924923.23442932,702.5289808681378,785.8949210686625,0.0,52560.0,31536000.0,08-19,2022.0,2.0,0.0,0.0,5.0,15.0,20.0,15.0,Eplus-env-08-19_thermostat_rbc_eco_year_2022_case_2_rep_0_zone_0_onoffseed_5_tempseed_15_comforttemp_20_setbacktemp_15_paper2_final_runs_v4-res1
0,133731.29607655163,133731.29607655163,0.0,0.0,-509026.5128789389,-9.68467490256733,2728.8528188670834,0.0519188131443509,-20491.571175248,-0.3898700756325722,-81865.58456601252,-1.5575643943305273,-379129.36838346405,-7.21326804382542,10.89041095890411,0.3898700756325722,1.5192578556316907,37912936.83834641,721.326804382542,793.88196313664,20491.571175248,52560.0,31536000.0,08-19,2022.0,2.0,0.0,0.0,10.0,15.0,20.0,17.0,Eplus-env-08-19_thermostat_rbc_eco_year_2022_case_2_rep_0_zone_0_onoffseed_10_tempseed_15_comforttemp_20_setbacktemp_17_paper2_final_runs_v4-res1
0,121765.25319420386,121765.25319420386,0.0,0.0,-507560.0240966112,-9.65677367002685,2454.705223757388,0.0467029152160842,-25404.77333294065,-0.4833480466693426,-73641.15671272165,-1.4010874564825275,-382539.0971254924,-7.278141117303889,12.309741248097412,0.4833480466693426,1.7458166168100635,38253909.71254924,727.8141117303888,801.3284522995315,25404.77333294065,52560.0,31536000.0,08-19,2022.0,2.0,0.0,0.0,10.0,10.0,20.0,17.0,Eplus-env-08-19_thermostat_rbc_eco_year_2022_case_2_rep_0_zone_0_onoffseed_10_tempseed_10_comforttemp_20_setbacktemp_17_paper2_final_runs_v4-res1
0,43798.1417768608,0.0,108582.24298720082,64784.101210340006,-381225.78183045326,-7.253154144415016,548.5501324238159,0.0104366463550954,-60647.43587206192,-1.1538705455110716,-16456.503972714472,-0.3130993906528628,-284747.0861707416,-5.417562522274383,24.393074581430746,1.1538705455110716,3.6494278168835272,28474708.617074154,541.7562522274383,620.672662633217,60647.43587206192,52560.0,31536000.0,08-19,2022.0,10.0,0.0,0.0,15.0,42.0,20.0,15.0,Eplus-env-08-19_thermostat_rbc_eco_year_2022_case_10_rep_0_zone_0_onoffseed_15_tempseed_42_comforttemp_20_setbacktemp_15_paper2_final_runs_v4-res1
0,26660.55892224848,0.0,177759.59639805357,151099.0374758051,-328869.07693871844,-6.25702201177166,1140.9173956431414,0.0217069519719014,0.0,0.0,-34227.52186929424,-0.6512085591570441,-307058.0736844271,-5.842048586081185,0.0,0.0,0.0,30705807.3684427,584.2048586081183,670.8703156225414,0.0,52560.0,31536000.0,08-19,2023.0,11.0,0.0,0.0,5.0,15.0,20.0,13.0,Eplus-env-08-19_thermostat_rbc_eco_year_2023_case_11_rep_0_zone_0_onoffseed_5_tempseed_15_comforttemp_20_setbacktemp_13_paper2_final_runs_v4-res1
0,22629.085425926365,0.0,133289.57443636985,110660.48901044347,-394093.2805203111,-7.497969568499069,874.1846987448977,0.0166321289715543,-48198.53038856345,-0.9170192235267018,-26225.54096234693,-0.4989638691466311,-327381.8953447973,-6.228727080380466,15.896118721461184,0.9170192235267018,3.1350980427555832,32738189.53447973,622.8727080380465,696.5813653120302,48198.53038856345,52560.0,31536000.0,08-19,2023.0,6.0,0.0,0.0,15.0,10.0,20.0,13.0,Eplus-env-08-19_thermostat_rbc_eco_year_2023_case_6_rep_0_zone_0_onoffseed_15_tempseed_10_comforttemp_20_setbacktemp_13_paper2_final_runs_v4-res1
0,26830.868017979246,26364.56153346194,14456.246925304797,13989.9404407875,-63607.07649836,-1.2101802986750378,962.7093581832672,0.0183163880932889,-253.9919830912829,-0.004832419769621,-28881.280745498017,-0.5494916427986685,-41402.7513897599,-0.7877235804748839,1.5715372907153728,0.004832419769621,0.0770007973113809,4140275.1389759895,78.77235804748838,117.9817037160685,253.9919830912829,52560.0,31536000.0,08-19,2023.0,4.0,0.0,0.0,5.0,30.0,20.0,13.0,Eplus-env-08-19_thermostat_rbc_eco_year_2023_case_4_rep_0_zone_0_onoffseed_5_tempseed_30_comforttemp_20_setbacktemp_13_paper2_final_runs_v4-res1
0,25971.2456928586,25504.939208341293,14456.246925304797,13989.9404407875,-96636.67600174788,-1.838597336410728,927.0393702174638,0.0176377353542135,-40437.78448094463,-0.7693642405050348,-27811.18110652392,-0.5291320606264063,-34951.81541947562,-0.6649888778439045,31.714231354642315,0.7693642405050348,2.111280250256539,3495181.5419475622,66.49888778439045,100.88940387587266,40437.78448094463,52560.0,31536000.0,08-19,2023.0,3.0,0.0,0.0,15.0,42.0,20.0,15.0,Eplus-env-08-19_thermostat_rbc_eco_year_2023_case_3_rep_0_zone_0_onoffseed_15_tempseed_42_comforttemp_20_setbacktemp_15_paper2_final_runs_v4-res1
0,15693.703170779594,0.0,106999.91259667766,91306.20942589808,-394771.1753591632,-7.51086711109519,678.8637923446453,0.0129159777843349,-50898.43425817117,-0.968387257575555,-20365.91377033936,-0.3874793335300487,-331033.7225369772,-6.298206288755274,24.214231354642312,0.968387257575555,3.138464692202622,33103372.253697723,629.8206288755274,700.9462203504012,50898.43425817117,52560.0,31536000.0,08-19,2023.0,11.0,0.0,0.0,10.0,42.0,20.0,13.0,Eplus-env-08-19_thermostat_rbc_eco_year_2023_case_11_rep_0_zone_0_onoffseed_10_tempseed_42_comforttemp_20_setbacktemp_13_paper2_final_runs_v4-res1
0,9924.764330339114,0.0,75246.63646219496,65321.87213185585,-53682.17052506441,-1.0213502763520623,481.6671683082069,0.0091641394274773,-5088.41174016001,-0.0968114866849317,-14450.015049246207,-0.274924182824319,-40474.309086253976,-0.7700591530870239,6.879756468797564,0.0968114866849317,0.5041817874625142,4047430.908625397,77.00591530870237,115.27623811383091,5088.41174016001,52560.0,31536000.0,08-19,2023.0,9.0,0.0,0.0,10.0,10.0,20.0,17.0,Eplus-env-08-19_thermostat_rbc_eco_year_2023_case_9_rep_0_zone_0_onoffseed_10_tempseed_10_comforttemp_20_setbacktemp_17_paper2_final_runs_v4-res1
0,13088.583718607224,0.0,90319.00958641636,77230.42586780916,-282076.149025342,-5.366745605504986,584.5782269515952,0.0111221123849238,-93.3191845294703,-0.0017754791577144,-17537.346808547856,-0.3336633715477141,-271275.05950061994,-5.161245424288811,12.92808219178082,0.0017754791577144,0.0091810332931117,27127505.950062,516.1245424288812,601.2282564775069,93.3191845294703,52560.0,31536000.0,08-18,2023.0,10.0,0.0,0.0,5.0,42.0,20.0,13.0,Eplus-env-08-18_thermostat_rbc_eco_year_2023_case_10_rep_0_zone_0_onoffseed_5_tempseed_42_comforttemp_20_setbacktemp_13_paper2_final_runs_v4-res1
0,143281.2963122958,143281.2963122958,0.0,0.0,-416741.8730403946,-7.928878863021207,2946.5004120528465,0.0560597490877634,-28966.65888574477,-0.5511160366389797,-88395.0123615854,-1.6817924726329032,-270556.7856415606,-5.147579635493924,11.512557077625573,0.5511160366389797,2.230020296186109,27055678.564156063,514.7579635493923,594.6414827317947,28966.65888574477,52560.0,31536000.0,08-18,2022.0,0.0,0.0,0.0,10.0,15.0,20.0,13.0,Eplus-env-08-18_thermostat_rbc_eco_year_2022_case_0_rep_0_zone_0_onoffseed_10_tempseed_15_comforttemp_20_setbacktemp_13_paper2_final_runs_v4-res1
0,7476.933140913163,0.0,55237.08595027283,47760.15280935967,-73285.53423811856,-1.3943214276658782,370.5711071900791,0.0070504396345144,-26364.46482096424,-0.501607017141633,-11117.133215702372,-0.2115131890354332,-40804.19041457328,-0.7763354340672237,28.574961948249623,0.501607017141633,1.4944597929568089,4080419.041457328,77.63354340672237,116.34598297973554,26364.46482096424,52560.0,31536000.0,08-19,2023.0,9.0,0.0,0.0,15.0,42.0,20.0,13.0,Eplus-env-08-19_thermostat_rbc_eco_year_2023_case_9_rep_0_zone_0_onoffseed_15_tempseed_42_comforttemp_20_setbacktemp_13_paper2_final_runs_v4-res1
0,4933.955985159286,0.0,31917.347582600305,26983.39159744102,-62263.70103630965,-1.1846214048004118,219.61207504752048,0.0041783119301278,-23535.380201093285,-0.4477812062612877,-6588.362251425613,-0.1253493579038358,-34691.85144375755,-0.6600428356879291,25.500380517503807,0.4477812062612877,1.020183923803103,3469185.144375755,66.0042835687929,100.32586368657638,23535.380201093285,52560.0,31536000.0,08-19,2023.0,13.0,0.0,9.0,5.0,42.0,18.0,17.0,Eplus-env-08-19_thermostat_rbc_eco_year_2023_case_13_rep_0_zone_9_onoffseed_5_tempseed_42_comforttemp_18_setbacktemp_17_paper2_final_runs_v4-res1
0,3538.779394189861,0.0,28359.8244798052,24821.045085615333,-102018.0467690737,-1.9409826249823765,190.9039737852754,0.003632115178563,-65508.64125854896,-1.2463592324685877,-5727.119213558261,-0.1089634553568923,-33614.330088138006,-0.6395420488610731,33.28767123287671,1.2463592324685877,2.560626491659733,3361433.0088138003,63.95420488610731,97.40381143575604,65508.64125854896,52560.0,31536000.0,08-19,2023.0,13.0,0.0,9.0,5.0,42.0,20.0,15.0,Eplus-env-08-19_thermostat_rbc_eco_year_2023_case_13_rep_0_zone_9_onoffseed_5_tempseed_42_comforttemp_20_setbacktemp_15_paper2_final_runs_v4-res1
0,72972.31143587444,72972.31143587444,0.0,0.0,-480436.52049065125,-9.140725275697324,2423.355303494682,0.0461064555459414,-37643.8280694877,-0.7162067745336321,-72700.65910484045,-1.383193666378243,-383094.04443547456,-7.2886994755607795,15.359589041095887,0.7162067745336321,2.2903320412897763,38309404.44354746,728.8699475560779,804.9444321717378,37643.8280694877,52560.0,31536000.0,08-19,2023.0,2.0,0.0,0.0,15.0,10.0,20.0,17.0,Eplus-env-08-19_thermostat_rbc_eco_year_2023_case_2_rep_0_zone_0_onoffseed_15_tempseed_10_comforttemp_20_setbacktemp_17_paper2_final_runs_v4-res1
0,14356.413789596822,0.0,88067.10039908499,73710.68660948816,-421896.8424783953,-8.026956668158206,568.9744467069255,0.0108252368094924,-115161.6015963392,-2.191050258682253,-17069.233401207763,-0.3247571042847748,-294990.2587607869,-5.612447845524865,40.84855403348554,2.191050258682253,4.068359368114612,29499025.87607869,561.2447845524866,624.9052505630955,115161.6015963392,52560.0,31536000.0,08-19,2023.0,5.0,0.0,9.0,5.0,42.0,20.0,13.0,Eplus-env-08-19_thermostat_rbc_eco_year_2023_case_5_rep_0_zone_9_onoffseed_5_tempseed_42_comforttemp_20_setbacktemp_13_paper2_final_runs_v4-res1
0,29408.51593405209,0.0,72421.02281911607,43012.506885064,-70209.12614546056,-1.335790071260665,360.297110989693,0.0068549678651007,-11988.771387267923,-0.2280968680987047,-10808.91332969079,-0.2056490359530211,-34161.247872544605,-0.649947638366526,9.32648401826484,0.2280968680987047,1.1544447615147295,3416124.787254461,64.99476383665261,98.41468291884328,11988.771387267923,52560.0,31536000.0,08-19,2022.0,13.0,0.0,0.0,15.0,10.0,20.0,13.0,Eplus-env-08-19_thermostat_rbc_eco_year_2022_case_13_rep_0_zone_0_onoffseed_15_tempseed_10_comforttemp_20_setbacktemp_13_paper2_final_runs_v4-res1
0,33584.562299562385,0.0,89555.78248647695,55971.22018691455,-65964.93473897887,-1.255040615277376,438.2845565543281,0.0083387472708205,-4549.983792683503,-0.0865674237572964,-13148.536696629842,-0.2501624181246165,-33939.42052902338,-0.6457271790149045,5.247336377473364,0.0865674237572964,0.5960718887348747,3393942.0529023376,64.57271790149044,97.63035681542144,4549.983792683503,52560.0,31536000.0,08-19,2022.0,13.0,0.0,0.0,10.0,15.0,20.0,13.0,Eplus-env-08-19_thermostat_rbc_eco_year_2022_case_13_rep_0_zone_0_onoffseed_10_tempseed_15_comforttemp_20_setbacktemp_13_paper2_final_runs_v4-res1
0,15267.841620540772,0.0,85127.93806907238,69860.09644853162,-501710.8344448027,-9.545487717747388,553.2150006828398,0.0105253995563706,-92090.23884582962,-1.7520973905218724,-16596.450020485194,-0.3157619866911186,-397129.9743692088,-7.555745326659222,41.97869101978692,1.7520973905218724,3.041880685582815,39712997.43692088,755.5745326659222,817.1932423072701,92090.23884582962,52560.0,31536000.0,08-19,2023.0,12.0,0.0,9.0,5.0,42.0,21.0,17.0,Eplus-env-08-19_thermostat_rbc_eco_year_2023_case_12_rep_0_zone_9_onoffseed_5_tempseed_42_comforttemp_21_setbacktemp_17_paper2_final_runs_v4-res1
0,43894.12176634827,0.0,112372.17376229468,68478.05199594639,-487156.3669151799,-9.26857623506811,553.4832008739743,0.0105305022997331,-48666.75981024472,-0.9259276980640168,-16604.496026219233,-0.3159150689919945,-402579.8260878857,-7.659433525264188,35.74771689497717,0.9259276980640168,1.7336543744944546,40257982.60878857,765.9433525264188,833.5788522838462,48666.75981024472,52560.0,31536000.0,08-19,2022.0,12.0,0.0,9.0,5.0,42.0,19.0,17.0,Eplus-env-08-19_thermostat_rbc_eco_year_2022_case_12_rep_0_zone_9_onoffseed_5_tempseed_42_comforttemp_19_setbacktemp_17_paper2_final_runs_v4-res1
0,76562.60821997092,0.0,192223.78511189576,115661.1768919248,-436327.2586034758,-8.301507964297485,969.9147414973548,0.0184534768169207,-43641.54938645294,-0.830318671736167,-29097.442244920643,-0.5536043045076225,-330049.8394322647,-6.279487051603209,16.409817351598175,0.830318671736167,2.551131879057516,33004983.943226468,627.948705160321,707.6618314172091,43641.54938645294,52560.0,31536000.0,08-19,2022.0,6.0,0.0,0.0,15.0,30.0,20.0,17.0,Eplus-env-08-19_thermostat_rbc_eco_year_2022_case_6_rep_0_zone_0_onoffseed_15_tempseed_30_comforttemp_20_setbacktemp_17_paper2_final_runs_v4-res1
0,96569.43193322267,0.0,246519.030026372,149949.59809314925,-394514.0146141621,-7.505974402856965,1231.9817529161771,0.0234395310676593,-2.984405221429437,-5.678092126007301e-05,-36959.45258748532,-0.7031859320297816,-315507.5779443711,-6.002807799550439,0.0209284627092846,5.678092126007301e-05,0.004901426906272,31550757.794437114,600.2807799550441,686.4606763647399,2.984405221429437,52560.0,31536000.0,08-19,2022.0,6.0,0.0,0.0,5.0,10.0,20.0,17.0,Eplus-env-08-19_thermostat_rbc_eco_year_2022_case_6_rep_0_zone_0_onoffseed_5_tempseed_10_comforttemp_20_setbacktemp_17_paper2_final_runs_v4-res1
0,85605.7860903551,85605.7860903551,0.0,0.0,-336282.876339988,-6.398076033865829,2840.071917031676,0.0540348538248035,0.0,0.0,-85202.15751095029,-1.6210456147441077,-266248.7827394685,-5.065616109959446,0.0,0.0,0.0,26624878.27394685,506.5616109959447,597.1522241882981,0.0,52560.0,31536000.0,08-18,2023.0,0.0,0.0,0.0,5.0,30.0,20.0,13.0,Eplus-env-08-18_thermostat_rbc_eco_year_2023_case_0_rep_0_zone_0_onoffseed_5_tempseed_30_comforttemp_20_setbacktemp_13_paper2_final_runs_v4-res1
0,84558.92591507142,0.0,208316.9557853551,123758.02987028364,-389230.3861772404,-7.405448747664391,1071.3212178246931,0.0203828237790086,-41891.89722314994,-0.797030008050798,-32139.6365347408,-0.6114847133702588,-278160.8316629706,-5.292253266038253,14.36453576864536,0.797030008050798,3.062525537974096,27816083.166297056,529.2253266038252,607.4971343291488,41891.89722314994,52560.0,31536000.0,08-19,2022.0,5.0,0.0,0.0,15.0,15.0,20.0,13.0,Eplus-env-08-19_thermostat_rbc_eco_year_2022_case_5_rep_0_zone_0_onoffseed_15_tempseed_15_comforttemp_20_setbacktemp_13_paper2_final_runs_v4-res1
0,23170.922500123776,22704.61601560648,14456.246925304797,13989.9404407875,-74875.81660348934,-1.424577941466692,841.0036867225489,0.0160008311781306,-14856.791833876096,-0.282663467158982,-25230.110601676468,-0.4800249353439206,-41062.89307226199,-0.7812574785437975,12.45814307458143,0.282663467158982,1.102645300711533,4106289.307226199,78.12574785437974,116.97346531877456,14856.791833876096,52560.0,31536000.0,08-19,2023.0,4.0,0.0,0.0,15.0,30.0,20.0,17.0,Eplus-env-08-19_thermostat_rbc_eco_year_2023_case_4_rep_0_zone_0_onoffseed_15_tempseed_30_comforttemp_20_setbacktemp_17_paper2_final_runs_v4-res1
0,56806.94046249273,0.0,156289.02356691065,99482.08310441798,-418070.73305469536,-7.954161587798618,768.945119341681,0.0146298538687534,-40774.75537484152,-0.7757754066750671,-23068.35358025044,-0.4388956160626034,-330822.2196874885,-6.294182261938518,13.93455098934551,0.7757754066750671,2.784857431565291,33082221.968748845,629.4182261938518,701.4707259271892,40774.75537484152,52560.0,31536000.0,08-19,2022.0,11.0,0.0,0.0,10.0,30.0,20.0,13.0,Eplus-env-08-19_thermostat_rbc_eco_year_2022_case_11_rep_0_zone_0_onoffseed_10_tempseed_30_comforttemp_20_setbacktemp_13_paper2_final_runs_v4-res1
0,43289.76380994097,43289.76380994097,0.0,0.0,-517532.461477355,-9.846508018975552,1415.2603575245143,0.0269265669239823,-85790.24280142387,-1.6322344520818848,-42457.81072573543,-0.8077970077194716,-396326.8629030185,-7.540465428139621,37.87671232876713,1.6322344520818848,3.0212050528760312,39632686.29030184,754.046542813962,810.2829219980118,85790.24280142387,52560.0,31536000.0,08-19,2023.0,2.0,0.0,9.0,5.0,42.0,21.0,15.0,Eplus-env-08-19_thermostat_rbc_eco_year_2023_case_2_rep_0_zone_9_onoffseed_5_tempseed_42_comforttemp_21_setbacktemp_15_paper2_final_runs_v4-res1
0,21262.57090742621,0.0,132457.2269774952,111194.65607006896,-381959.2384964883,-7.267108799400463,850.8159847669881,0.0161875187360538,-37575.80537838781,-0.71491258330266,-25524.47954300965,-0.4856255620816143,-326988.5238587351,-6.22124284358324,22.741628614916287,0.71491258330266,2.1966003644849765,32698852.38587351,622.1242843583241,700.211760091201,37575.80537838781,52560.0,31536000.0,08-19,2023.0,6.0,0.0,0.0,10.0,42.0,20.0,17.0,Eplus-env-08-19_thermostat_rbc_eco_year_2023_case_6_rep_0_zone_0_onoffseed_10_tempseed_42_comforttemp_20_setbacktemp_17_paper2_final_runs_v4-res1
0,122536.63794982736,122536.63794982736,0.0,0.0,-426299.51732374943,-8.110721410269205,2431.627681512899,0.0462638447776426,-46095.32045216364,-0.877003813777847,-72948.83044538696,-1.38791534332928,-279956.9733648321,-5.326426433881889,16.769406392694066,0.877003813777847,2.653688722583964,27995697.336483207,532.6426433881888,618.3414689775407,46095.32045216364,52560.0,31536000.0,08-18,2022.0,0.0,0.0,0.0,15.0,30.0,20.0,17.0,Eplus-env-08-18_thermostat_rbc_eco_year_2022_case_0_rep_0_zone_0_onoffseed_15_tempseed_30_comforttemp_20_setbacktemp_17_paper2_final_runs_v4-res1
0,13191.89495577086,0.0,90965.07680895846,77773.18185318758,-282010.36076317943,-5.365493926240096,591.3284679158161,0.0112505416270132,-90.59414750676676,-0.0017236329434316,-17739.854037474484,-0.3375162488103973,-271127.47735235654,-5.158437544755642,12.897640791476409,0.0017236329434316,0.0074964889391864,27112747.73523565,515.8437544755641,601.2972022270409,90.59414750676676,52560.0,31536000.0,08-19,2023.0,10.0,0.0,0.0,5.0,42.0,20.0,15.0,Eplus-env-08-19_thermostat_rbc_eco_year_2023_case_10_rep_0_zone_0_onoffseed_5_tempseed_42_comforttemp_20_setbacktemp_15_paper2_final_runs_v4-res1
0,72933.40701263228,72933.40701263228,0.0,0.0,-378704.121590843,-7.205177351423954,2413.60798640183,0.0459210043074929,-43231.14660477658,-0.8225103996342575,-72408.23959205492,-1.3776301292247892,-275806.154709032,-5.247453476199238,14.427321156773212,0.8225103996342575,2.708262735028391,27580615.470903195,524.7453476199238,603.5198535929001,43231.14660477658,52560.0,31536000.0,08-18,2023.0,0.0,0.0,0.0,10.0,30.0,20.0,15.0,Eplus-env-08-18_thermostat_rbc_eco_year_2023_case_0_rep_0_zone_0_onoffseed_10_tempseed_30_comforttemp_20_setbacktemp_15_paper2_final_runs_v4-res1
0,1422.931905937069,0.0,14514.530908240911,13091.599002303845,-101539.41906223772,-1.9318763139695152,97.92788681410748,0.0018631637521709,-60079.82791346729,-1.1430713073338523,-2937.836604423224,-0.0558949125651298,-40295.4905565233,-0.7666569740586624,32.534246575342465,1.1430713073338523,2.482499702108273,4029549.05565233,76.66569740586625,115.10515764004428,60079.82791346729,52560.0,31536000.0,08-19,2023.0,14.0,0.0,9.0,5.0,42.0,20.0,13.0,Eplus-env-08-19_thermostat_rbc_eco_year_2023_case_14_rep_0_zone_9_onoffseed_5_tempseed_42_comforttemp_20_setbacktemp_13_paper2_final_runs_v4-res1
0,4972.181335699546,0.0,34767.03262670632,29794.851291006773,-54589.52356917164,-1.038613462122748,227.06961112418333,0.0043201980807493,-9477.908296801348,-0.1803255003196603,-6812.0883337255,-0.129605942422479,-41043.87372163449,-0.7808956187525588,26.60768645357686,0.1803255003196603,0.4309927602328058,4104387.372163449,78.08956187525587,117.01828465575947,9477.908296801348,52560.0,31536000.0,08-19,2023.0,14.0,0.0,0.0,5.0,42.0,20.0,17.0,Eplus-env-08-19_thermostat_rbc_eco_year_2023_case_14_rep_0_zone_0_onoffseed_5_tempseed_42_comforttemp_20_setbacktemp_17_paper2_final_runs_v4-res1
0,76304.11638391495,76304.11638391495,0.0,0.0,-445896.8754319495,-8.483578299694624,1490.1475653897396,0.0283513615941731,-93334.44334633864,-1.7757694700597153,-44704.4269616922,-0.850540847825194,-290138.03447192995,-5.520130031809931,37.79490106544901,1.7757694700597153,3.4158634961946333,29013803.447193,552.0130031809931,615.4583819326156,93334.44334633864,52560.0,31536000.0,08-18,2022.0,0.0,0.0,9.0,5.0,42.0,21.0,13.0,Eplus-env-08-18_thermostat_rbc_eco_year_2022_case_0_rep_0_zone_9_onoffseed_5_tempseed_42_comforttemp_21_setbacktemp_13_paper2_final_runs_v4-res1
0,27334.42941336028,26868.12292884298,14456.246925304797,13989.9404407875,-70082.2928663638,-1.3333769571225988,986.3197959094542,0.0187655973346547,-6643.818227231278,-0.1264044563780684,-29589.59387728363,-0.5629679200396429,-41076.177936062486,-0.7815102347043852,7.74923896499239,0.1264044563780684,0.6362137750766614,4107617.793606248,78.1510234704385,117.08593365331322,6643.818227231278,52560.0,31536000.0,08-19,2023.0,4.0,0.0,0.0,10.0,10.0,20.0,15.0,Eplus-env-08-19_thermostat_rbc_eco_year_2023_case_4_rep_0_zone_0_onoffseed_10_tempseed_10_comforttemp_20_setbacktemp_15_paper2_final_runs_v4-res1
0,35405.89485952823,25417.18500430344,23978.650296012293,13989.9404407875,-89893.85330125011,-1.7103092332810144,583.640293947986,0.0111042673886603,-19230.600839034552,-0.3658790113971566,-17509.208818439583,-0.3331280216598094,-41697.68987763553,-0.7933350433340093,22.714992389649925,0.3658790113971566,0.9070981120502144,4169768.987763552,79.33350433340091,118.89077958435176,19230.600839034552,52560.0,31536000.0,08-19,2022.0,4.0,0.0,9.0,5.0,42.0,18.0,17.0,Eplus-env-08-19_thermostat_rbc_eco_year_2022_case_4_rep_0_zone_9_onoffseed_5_tempseed_42_comforttemp_18_setbacktemp_17_paper2_final_runs_v4-res1
0,103172.01600113232,0.0,262729.4524754278,159557.4364742955,-350205.4930080033,-6.662966000913304,1316.302952429818,0.0250438156854988,-11.758370558661372,-0.0002237132906899,-39489.08857289454,-0.7513144705649647,-265788.70834691834,-5.056862791988553,0.0418569254185692,0.0002237132906899,0.0140605039536824,26578870.834691823,505.6862791988551,596.9937361440076,11.758370558661372,52560.0,31536000.0,08-19,2022.0,5.0,0.0,0.0,5.0,10.0,20.0,17.0,Eplus-env-08-19_thermostat_rbc_eco_year_2022_case_5_rep_0_zone_0_onoffseed_5_tempseed_10_comforttemp_20_setbacktemp_17_paper2_final_runs_v4-res1
0,47114.54293801954,37125.83308279475,23978.650296012293,13989.9404407875,-95158.67525448235,-1.8104770786621456,845.9528220317118,0.0160949928088225,-15150.873367689592,-0.2882586257170774,-25378.58466095136,-0.4828497842646757,-41463.394309199,-0.7888773650913052,12.233637747336378,0.2882586257170774,1.1885431751196225,4146339.4309199,78.8877365091305,118.04286848917904,15150.873367689592,52560.0,31536000.0,08-19,2022.0,4.0,0.0,0.0,15.0,30.0,20.0,17.0,Eplus-env-08-19_thermostat_rbc_eco_year_2022_case_4_rep_0_zone_0_onoffseed_15_tempseed_30_comforttemp_20_setbacktemp_17_paper2_final_runs_v4-res1
0,40714.36141011056,0.0,103452.59677626655,62738.235366155975,-74797.24938191511,-1.4230831313149754,512.1318712126094,0.0097437570626447,-164.3842216345807,-0.0031275536840673,-15363.95613637828,-0.2923127118793432,-41324.446090669095,-0.7862337536276464,0.6601978691019788,0.0031275536840673,0.0711505028055459,4132444.6090669096,78.62337536276465,117.63293422355488,164.3842216345807,52560.0,31536000.0,08-19,2022.0,9.0,0.0,0.0,5.0,30.0,20.0,13.0,Eplus-env-08-19_thermostat_rbc_eco_year_2022_case_9_rep_0_zone_0_onoffseed_5_tempseed_30_comforttemp_20_setbacktemp_13_paper2_final_runs_v4-res1
0,8650.390966478742,0.0,61226.21346852727,52575.822502048526,-61386.86322669035,-1.1679387980724951,409.3674993485702,0.0077885749495542,-13712.86283305786,-0.2608992167628969,-12281.024980457109,-0.2336572484866268,-40597.11554395623,-0.7723956534238248,11.562024353120243,0.2608992167628969,1.074199703680227,4059711.554395623,77.23956534238248,115.65501708347794,13712.86283305786,52560.0,31536000.0,08-19,2023.0,9.0,0.0,0.0,15.0,30.0,20.0,13.0,Eplus-env-08-19_thermostat_rbc_eco_year_2023_case_9_rep_0_zone_0_onoffseed_15_tempseed_30_comforttemp_20_setbacktemp_13_paper2_final_runs_v4-res1
0,101881.1910432586,101881.1910432586,0.0,0.0,-511551.1623216004,-9.732708567762565,2041.6115018297128,0.0388434456208088,-39601.82347367694,-0.7534593507168367,-61248.34505489138,-1.165303368624265,-388600.3364554336,-7.393461500293638,13.6396499238965,0.7534593507168367,2.7287686024551543,38860033.64554337,739.3461500293639,808.6049005698063,39601.82347367694,52560.0,31536000.0,08-19,2022.0,2.0,0.0,0.0,10.0,30.0,20.0,13.0,Eplus-env-08-19_thermostat_rbc_eco_year_2022_case_2_rep_0_zone_0_onoffseed_10_tempseed_30_comforttemp_20_setbacktemp_13_paper2_final_runs_v4-res1
0,147770.60526246054,147770.60526246054,0.0,0.0,-434159.3403971217,-8.260261423080703,3000.524106872509,0.0570875971627189,0.0,0.0,-90015.72320617529,-1.7126279148815693,-313268.20823190274,-5.960201830896171,0.0,0.0,0.0,31326820.82319027,596.020183089617,685.0511070639675,0.0,52560.0,31536000.0,08-19,2022.0,1.0,0.0,0.0,5.0,10.0,20.0,17.0,Eplus-env-08-19_thermostat_rbc_eco_year_2022_case_1_rep_0_zone_0_onoffseed_5_tempseed_10_comforttemp_20_setbacktemp_17_paper2_final_runs_v4-res1
0,80798.00447317482,80798.00447317482,0.0,0.0,-412978.1666292721,-7.857271054590413,2687.935713698472,0.0511403294082662,-27888.87118788103,-0.5306101824178279,-80638.07141095416,-1.5342098822479864,-318988.44798188674,-6.069034398437723,13.203957382039574,0.5306101824178279,1.7957201081982044,31898844.798188675,606.9034398437724,684.7668660099225,27888.87118788103,52560.0,31536000.0,08-19,2023.0,1.0,0.0,0.0,10.0,10.0,20.0,17.0,Eplus-env-08-19_thermostat_rbc_eco_year_2023_case_1_rep_0_zone_0_onoffseed_10_tempseed_10_comforttemp_20_setbacktemp_17_paper2_final_runs_v4-res1
0,47269.6495813077,46803.3430967904,14456.246925304798,13989.9404407875,-73690.19652349385,-1.4020204818016335,1652.329244787625,0.0314370099845438,-2.731719211964055,-5.197334878166011e-05,-49569.877343628745,-0.9431102995363156,-35016.16448181406,-0.6662131750725658,0.0114155251141552,5.197334878166011e-05,0.0095577589974914,3501616.448181406,66.62131750725659,100.0443708736324,2.731719211964055,52560.0,31536000.0,08-19,2023.0,3.0,0.0,0.0,5.0,15.0,20.0,13.0,Eplus-env-08-19_thermostat_rbc_eco_year_2023_case_3_rep_0_zone_0_onoffseed_5_tempseed_15_comforttemp_20_setbacktemp_13_paper2_final_runs_v4-res1
0,83845.59225524412,83845.59225524412,0.0,0.0,-465944.13055071904,-8.86499487349161,2811.1205170699664,0.0534840281025488,-20946.52732520429,-0.3985260145586812,-84333.615512099,-1.604520843076465,-376403.5242014995,-7.161406472631269,11.74847792998478,0.3985260145586812,1.4790182400491774,37640352.42014995,716.140647263127,788.0331777680815,20946.52732520429,52560.0,31536000.0,08-19,2023.0,2.0,0.0,0.0,10.0,15.0,20.0,17.0,Eplus-env-08-19_thermostat_rbc_eco_year_2023_case_2_rep_0_zone_0_onoffseed_10_tempseed_15_comforttemp_20_setbacktemp_17_paper2_final_runs_v4-res1
0,22039.388799661,0.0,57611.36084615899,35571.972046498006,-62467.210426430174,-1.1884933490568907,281.63811899782536,0.0053584117008718,-4501.362017069503,-0.0856423519229357,-8449.143569934762,-0.160752351026156,-39935.424432358,-0.7598064009200532,5.33675799086758,0.0856423519229357,0.6139754314255739,3993542.4432358006,75.98064009200534,113.7488145740266,4501.362017069503,52560.0,31536000.0,08-19,2022.0,14.0,0.0,0.0,10.0,10.0,20.0,13.0,Eplus-env-08-19_thermostat_rbc_eco_year_2022_case_14_rep_0_zone_0_onoffseed_10_tempseed_10_comforttemp_20_setbacktemp_13_paper2_final_runs_v4-res1
0,19356.41194139575,0.0,49696.62389163047,30340.211950234727,-66484.19951658868,-1.2649200821268771,238.82300606434063,0.0045438167059425,-9206.931150599909,-0.1751699229566192,-7164.690181930219,-0.1363145011782766,-41441.787756732905,-0.7884662815207935,25.998858447488583,0.1751699229566192,0.4289427402414511,4144178.77567329,78.84662815207935,118.11620661977304,9206.931150599909,52560.0,31536000.0,08-19,2022.0,14.0,0.0,0.0,5.0,42.0,20.0,15.0,Eplus-env-08-19_thermostat_rbc_eco_year_2022_case_14_rep_0_zone_0_onoffseed_5_tempseed_42_comforttemp_20_setbacktemp_15_paper2_final_runs_v4-res1
0,113859.38467269875,113859.38467269875,0.0,0.0,-469666.1798724573,-8.93581011933899,2312.9873825666627,0.0440066092573565,-48358.331557450205,-0.9200595806211987,-69389.62147699989,-1.320198277720698,-328159.4857142723,-6.243521417699244,15.038051750380518,0.9200595806211987,3.2525513589558326,32815948.57142722,624.3521417699243,701.9876078275587,48358.331557450205,52560.0,31536000.0,08-19,2022.0,1.0,0.0,0.0,15.0,10.0,20.0,13.0,Eplus-env-08-19_thermostat_rbc_eco_year_2022_case_1_rep_0_zone_0_onoffseed_15_tempseed_10_comforttemp_20_setbacktemp_13_paper2_final_runs_v4-res1
0,15796.25025272834,0.0,93695.4909012423,77899.24064851395,-318420.92434979015,-6.058236764645931,624.3283336795587,0.0118783929543295,-33774.57937352001,-0.6425909317640794,-18729.850010386763,-0.3563517886298851,-271723.4326445131,-5.169776115763186,13.411339421613397,0.6425909317640794,2.458408673257913,27172343.264451303,516.9776115763186,595.2797466413684,33774.57937352001,52560.0,31536000.0,08-19,2023.0,10.0,0.0,0.0,15.0,15.0,20.0,13.0,Eplus-env-08-19_thermostat_rbc_eco_year_2023_case_10_rep_0_zone_0_onoffseed_15_tempseed_15_comforttemp_20_setbacktemp_13_paper2_final_runs_v4-res1
0,12798.720887606776,0.0,76870.10336868293,64071.38248107617,-341749.0447741916,-6.502074672263919,518.6162774286656,0.0098671285659944,-53046.58779513102,-1.009257758659266,-15558.488322859968,-0.2960138569798319,-278231.8234209094,-5.293603946364335,15.95509893455099,1.009257758659266,3.2265665500742533,27823182.342090946,529.3603946364334,607.9838322425003,53046.58779513102,52560.0,31536000.0,08-19,2023.0,10.0,0.0,0.0,15.0,30.0,20.0,15.0,Eplus-env-08-19_thermostat_rbc_eco_year_2023_case_10_rep_0_zone_0_onoffseed_15_tempseed_30_comforttemp_20_setbacktemp_15_paper2_final_runs_v4-res1
0,12493.441258265428,0.0,80758.90527388826,68265.46401562283,-333678.74178090034,-6.348530094765988,532.8705200450822,0.010138328006946,-44873.762725549794,-0.8537626089335958,-15986.115601352463,-0.3041498402083802,-278584.09476196364,-5.300306216932337,20.7572298325723,0.8537626089335958,2.78752337191831,27858409.47619636,530.0306216932337,606.1051591415347,44873.762725549794,52560.0,31536000.0,08-19,2023.0,10.0,0.0,0.0,10.0,42.0,20.0,15.0,Eplus-env-08-19_thermostat_rbc_eco_year_2023_case_10_rep_0_zone_0_onoffseed_10_tempseed_42_comforttemp_20_setbacktemp_15_paper2_final_runs_v4-res1
0,41201.04075574256,31212.330900517773,23978.650296012296,13989.9404407875,-135273.04421454293,-2.5736880558322475,714.2859013342531,0.0135899144089469,-68000.64134046233,-1.2937717150011858,-21428.577040027594,-0.4076974322684093,-33565.83143180761,-0.6386193194788358,32.804414003044144,1.2937717150011858,2.8399319502925464,3356583.143180761,63.86193194788357,97.15402886983767,68000.64134046233,52560.0,31536000.0,08-19,2022.0,3.0,0.0,9.0,5.0,42.0,21.0,13.0,Eplus-env-08-19_thermostat_rbc_eco_year_2022_case_3_rep_0_zone_9_onoffseed_5_tempseed_42_comforttemp_21_setbacktemp_13_paper2_final_runs_v4-res1
0,47270.62259272661,46804.316108209314,14456.246925304798,13989.9404407875,-73690.61166078289,-1.4020283801518814,1652.3559870321296,0.0314375187791501,-2.46429607684129,-4.688538958982667e-05,-49570.67961096389,-0.9431255633745032,-35016.051021596395,-0.6662110163926255,0.0133181126331811,4.688538958982667e-05,0.0082825820351512,3501605.1021596403,66.62110163926256,100.04439585009148,2.46429607684129,52560.0,31536000.0,08-19,2023.0,3.0,0.0,0.0,5.0,15.0,20.0,15.0,Eplus-env-08-19_thermostat_rbc_eco_year_2023_case_3_rep_0_zone_0_onoffseed_5_tempseed_15_comforttemp_20_setbacktemp_15_paper2_final_runs_v4-res1
0,15746.773606121456,0.0,106620.75868512408,90873.98507900262,-278943.4919507365,-5.30714406298966,686.7037812417445,0.0130651404345841,-0.1385103901465392,-2.6352813954821006e-06,-20601.113437252337,-0.3919542130375254,-266060.9179531784,-5.062041817982847,0.0019025875190258,2.6352813954821006e-06,0.0006041580170171,26606091.79531784,506.2041817982845,593.7598850500867,0.1385103901465392,52560.0,31536000.0,08-18,2023.0,10.0,0.0,0.0,5.0,30.0,20.0,13.0,Eplus-env-08-18_thermostat_rbc_eco_year_2023_case_10_rep_0_zone_0_onoffseed_5_tempseed_30_comforttemp_20_setbacktemp_13_paper2_final_runs_v4-res1
0,69374.08468013105,69374.08468013105,0.0,0.0,-397648.8164847478,-7.565616751992919,2293.847494270928,0.0436424561314864,-61474.19207361284,-1.1696003058145517,-68815.42482812784,-1.3092736839445935,-279419.6857343196,-5.316204066482489,17.364916286149164,1.1696003058145517,3.578781390887193,27941968.573431965,531.620406648249,613.1598534716878,61474.19207361284,52560.0,31536000.0,08-18,2023.0,0.0,0.0,0.0,15.0,30.0,20.0,15.0,Eplus-env-08-18_thermostat_rbc_eco_year_2023_case_0_rep_0_zone_0_onoffseed_15_tempseed_30_comforttemp_20_setbacktemp_15_paper2_final_runs_v4-res1
0,37560.773129135945,37560.773129135945,0.0,0.0,-430612.13473338215,-8.192772730848214,1204.1154366474211,0.0229093500123177,-100917.6248784496,-1.9200461354347336,-36123.46309942264,-0.6872805003695327,-298966.0413579864,-5.688090589002785,37.80821917808219,1.9200461354347336,3.683102499818435,29896604.13579864,568.8090589002785,633.2354062510499,100917.6248784496,52560.0,31536000.0,08-18,2023.0,0.0,0.0,9.0,5.0,42.0,19.0,13.0,Eplus-env-08-18_thermostat_rbc_eco_year_2023_case_0_rep_0_zone_9_onoffseed_5_tempseed_42_comforttemp_19_setbacktemp_13_paper2_final_runs_v4-res1
0,63050.54433874581,63050.54433874581,0.0,0.0,-449493.2108502219,-8.552001728504983,1169.895878557016,0.0222582929710238,-96150.69478625996,-1.829351118460045,-35096.87635671048,-0.6677487891307168,-301760.86574043403,-5.741264568881926,37.81012176560122,1.829351118460045,3.5994217978619103,30176086.5740434,574.1264568881924,640.4360683436205,96150.69478625996,52560.0,31536000.0,08-18,2022.0,0.0,0.0,9.0,5.0,42.0,19.0,13.0,Eplus-env-08-18_thermostat_rbc_eco_year_2022_case_0_rep_0_zone_9_onoffseed_5_tempseed_42_comforttemp_19_setbacktemp_13_paper2_final_runs_v4-res1
0,59476.957235489455,0.0,152347.92537465674,92870.96813916723,-442663.1358106331,-8.422053573261664,756.9185485616063,0.0144010378341249,-49830.38907965282,-0.9480667633115072,-22707.556456848182,-0.4320311350237478,-344174.6480166264,-6.54822389681557,36.22907153729072,0.9480667633115072,1.757176318449813,34417464.801662624,654.8223896815567,725.6535056206843,49830.38907965282,52560.0,31536000.0,08-19,2022.0,6.0,0.0,9.0,5.0,42.0,19.0,17.0,Eplus-env-08-19_thermostat_rbc_eco_year_2022_case_6_rep_0_zone_9_onoffseed_5_tempseed_42_comforttemp_19_setbacktemp_17_paper2_final_runs_v4-res1
0,29731.430810245325,29265.124325728026,14456.246925304797,13989.9404407875,-70919.11278806091,-1.3492981885095303,1074.946198769058,0.0204517922140231,-5988.690608508925,-0.1139400800705655,-32248.38596307175,-0.6135537664206954,-40607.13863369029,-0.7725863514781257,6.982496194824963,0.1139400800705655,0.6838912039749956,4060713.863369029,77.25863514781257,115.32528784096034,5988.690608508925,52560.0,31536000.0,08-19,2023.0,4.0,0.0,0.0,15.0,15.0,20.0,13.0,Eplus-env-08-19_thermostat_rbc_eco_year_2023_case_4_rep_0_zone_0_onoffseed_15_tempseed_15_comforttemp_20_setbacktemp_13_paper2_final_runs_v4-res1
0,68191.71349645531,58203.003641230505,23978.650296012293,13989.9404407875,-99683.3221774094,-1.896562446297744,1276.9695834905938,0.0242954639172487,-8730.690884790914,-0.1661090350987616,-38309.08750471781,-0.7288639175174622,-35164.99048116842,-0.6690447199613474,7.907153729071538,0.1661090350987616,0.8175690964876745,3516499.0481168423,66.90447199613475,101.2483176829622,8730.690884790914,52560.0,31536000.0,08-19,2022.0,3.0,0.0,0.0,10.0,10.0,20.0,17.0,Eplus-env-08-19_thermostat_rbc_eco_year_2022_case_3_rep_0_zone_0_onoffseed_10_tempseed_10_comforttemp_20_setbacktemp_17_paper2_final_runs_v4-res1
0,61704.90096281801,51716.19110759321,23978.650296012293,13989.9404407875,-99267.25891603752,-1.88864647861563,1130.3004720623946,0.0215049557089496,-13308.588385363835,-0.2532075415784596,-33909.01416187183,-0.64514867126849,-35477.89105299227,-0.6749979271878286,10.376712328767123,0.2532075415784596,1.0838086777838534,3547789.105299228,67.49979271878287,102.40367612616464,13308.588385363835,52560.0,31536000.0,08-19,2022.0,3.0,0.0,0.0,10.0,30.0,20.0,17.0,Eplus-env-08-19_thermostat_rbc_eco_year_2022_case_3_rep_0_zone_0_onoffseed_10_tempseed_30_comforttemp_20_setbacktemp_17_paper2_final_runs_v4-res1
0,41128.46199969702,31139.752144472222,23978.650296012293,13989.9404407875,-106465.02113964682,-2.02559020433118,719.5482836927497,0.0136900358389031,-31205.74986379224,-0.5937167021269452,-21586.448510782488,-0.4107010751670945,-41612.07651390247,-0.7917061741610059,29.393074581430746,0.5937167021269452,1.77841357487932,4161207.651390245,79.17061741610055,118.5768636775276,31205.74986379224,52560.0,31536000.0,08-19,2022.0,4.0,0.0,0.0,15.0,42.0,20.0,15.0,Eplus-env-08-19_thermostat_rbc_eco_year_2022_case_4_rep_0_zone_0_onoffseed_15_tempseed_42_comforttemp_20_setbacktemp_15_paper2_final_runs_v4-res1
0,18127.478261750708,0.0,102122.32037144357,83994.84210969288,-415764.7976864114,-7.910289149284845,674.756436784026,0.0128378317500765,-68276.72053127449,-1.2990243632282057,-20242.693103520785,-0.385134952502298,-332657.98718919867,-6.3291093453043885,25.97412480974125,1.2990243632282057,3.8190722828386994,33265798.71891988,632.910934530439,708.3575193563771,68276.72053127449,52560.0,31536000.0,08-19,2023.0,11.0,0.0,0.0,15.0,42.0,20.0,15.0,Eplus-env-08-19_thermostat_rbc_eco_year_2023_case_11_rep_0_zone_0_onoffseed_15_tempseed_42_comforttemp_20_setbacktemp_15_paper2_final_runs_v4-res1
0,4352.386077313154,0.0,27334.50420594465,22982.118128631493,-70573.75067432286,-1.342727372038106,184.19980207351563,0.003504562444321,-26203.668005278192,-0.4985477169953994,-5525.994062205468,-0.1051368733296322,-40809.3956191948,-0.7764344676406925,28.574961948249623,0.4985477169953994,1.4770037250740042,4080939.56191948,77.64344676406925,116.3629351603714,26203.668005278192,52560.0,31536000.0,08-19,2023.0,14.0,0.0,0.0,15.0,42.0,20.0,15.0,Eplus-env-08-19_thermostat_rbc_eco_year_2023_case_14_rep_0_zone_0_onoffseed_15_tempseed_42_comforttemp_20_setbacktemp_15_paper2_final_runs_v4-res1
0,162671.70530947225,162671.70530947225,0.0,0.0,-440916.72586925246,-8.388826595685929,3347.099166260079,0.0636814909866834,0.0,0.0,-100412.97498780236,-1.9104447296005016,-307835.0037555733,-5.856830360646372,0.0,0.0,0.0,30783500.37555733,585.6830360646371,675.5698078321292,0.0,52560.0,31536000.0,08-19,2022.0,1.0,0.0,0.0,5.0,15.0,20.0,13.0,Eplus-env-08-19_thermostat_rbc_eco_year_2022_case_1_rep_0_zone_0_onoffseed_5_tempseed_15_comforttemp_20_setbacktemp_13_paper2_final_runs_v4-res1
0,25557.695240105888,0.0,151862.88791030593,126305.19267020002,-399696.54270494,-7.604576535482116,975.4198272554604,0.0185582158914661,-8.011212720134214,-0.0001524203333358,-29262.59481766381,-0.5567464767439843,-378779.7810162893,-7.206616838209462,0.0228310502283105,0.0001524203333358,0.0133145933541315,37877978.10162893,720.6616838209461,798.224511416614,8.011212720134214,52560.0,31536000.0,08-19,2023.0,7.0,0.0,0.0,5.0,30.0,20.0,13.0,Eplus-env-08-19_thermostat_rbc_eco_year_2023_case_7_rep_0_zone_0_onoffseed_5_tempseed_30_comforttemp_20_setbacktemp_13_paper2_final_runs_v4-res1
0,39866.95008695705,0.0,102793.90830278264,62926.95821582559,-66950.35031761779,-1.2737890090870965,499.9071645534989,0.009511171319511,-0.6268571019105167,-1.1926504983076802e-05,-14997.214936604969,-0.2853351395853304,-34334.571594376335,-0.6532452738656076,0.0038051750380517,1.1926504983076802e-05,0.0026123622972261,3433457.159437633,65.32452738656075,98.3883593835536,0.6268571019105167,52560.0,31536000.0,08-19,2022.0,13.0,0.0,0.0,5.0,15.0,20.0,15.0,Eplus-env-08-19_thermostat_rbc_eco_year_2022_case_13_rep_0_zone_0_onoffseed_5_tempseed_15_comforttemp_20_setbacktemp_15_paper2_final_runs_v4-res1
0,15288.2414987567,0.0,107429.58699197017,92141.34549321343,-439743.48569252447,-8.366504674515305,679.898603772161,0.0129356659774003,-39296.84184524441,-0.7476568083189575,-20396.95811316484,-0.3880699793220097,-387939.3334771472,-7.380885340128372,13.947869101978691,0.7476568083189575,2.55872079880436,38793933.34771472,738.0885340128372,804.8361950069698,39296.84184524441,52560.0,31536000.0,08-19,2023.0,12.0,0.0,0.0,10.0,30.0,20.0,13.0,Eplus-env-08-19_thermostat_rbc_eco_year_2023_case_12_rep_0_zone_0_onoffseed_10_tempseed_30_comforttemp_20_setbacktemp_13_paper2_final_runs_v4-res1
0,12584.578462818552,0.0,77774.27712707911,65189.69866426056,-478219.32458309695,-9.09854118308784,514.6291456496809,0.0097912698944003,-61715.37874148997,-1.1741890932551364,-15438.874369490431,-0.2937380968320097,-406208.5022011752,-7.728472264101506,33.407534246575345,1.1741890932551364,2.293334572972338,40620850.22011751,772.8472264101505,836.0818038020915,61715.37874148997,52560.0,31536000.0,08-19,2023.0,7.0,0.0,9.0,5.0,42.0,18.0,15.0,Eplus-env-08-19_thermostat_rbc_eco_year_2023_case_7_rep_0_zone_9_onoffseed_5_tempseed_42_comforttemp_18_setbacktemp_15_paper2_final_runs_v4-res1
0,71707.63538573327,0.0,178504.350270284,106796.71488455076,-492938.2747905879,-9.378582092667198,913.653815167578,0.017383063454482,-43875.78715969181,-0.8347752503746539,-27409.61445502733,-0.5214919036344622,-390398.4711218277,-7.42767258603173,15.036149162861491,0.8347752503746539,3.028142519367922,39039847.112182766,742.7672586031729,812.3024946681884,43875.78715969181,52560.0,31536000.0,08-19,2022.0,7.0,0.0,0.0,15.0,10.0,20.0,13.0,Eplus-env-08-19_thermostat_rbc_eco_year_2022_case_7_rep_0_zone_0_onoffseed_15_tempseed_10_comforttemp_20_setbacktemp_13_paper2_final_runs_v4-res1
0,120468.40727438671,120468.40727438671,0.0,0.0,-374971.6036154045,-7.134162930277864,2390.3190396339423,0.0454779117129745,-112.200211533477,-0.0021347072209565,-71709.57118901827,-1.3643373513892365,-276304.19941269525,-5.256929212570306,13.738584474885846,0.0021347072209565,0.0122452198543495,27630419.941269528,525.6929212570305,613.7954085686648,112.200211533477,52560.0,31536000.0,08-18,2022.0,0.0,0.0,0.0,5.0,42.0,20.0,13.0,Eplus-env-08-18_thermostat_rbc_eco_year_2022_case_0_rep_0_zone_0_onoffseed_5_tempseed_42_comforttemp_20_setbacktemp_13_paper2_final_runs_v4-res1
0,86158.01557415783,86158.01557415783,0.0,0.0,-336535.0681268772,-6.40287420332719,2856.778496522654,0.054352711121055,0.0,0.0,-85703.35489567961,-1.6305813336316517,-266049.1955856586,-5.06181878968148,0.0,0.0,0.0,26604919.558565862,506.18187896814806,597.263550037785,0.0,52560.0,31536000.0,08-18,2023.0,0.0,0.0,0.0,5.0,30.0,20.0,15.0,Eplus-env-08-18_thermostat_rbc_eco_year_2023_case_0_rep_0_zone_0_onoffseed_5_tempseed_30_comforttemp_20_setbacktemp_15_paper2_final_runs_v4-res1
0,69896.64529444028,69896.64529444028,0.0,0.0,-392487.94262331526,-7.467426610032635,2289.7991772402243,0.0435654333569296,-55505.091026556285,-1.0560329342952108,-68693.97531720673,-1.3069630007078905,-279800.4060813773,-5.323447604288002,23.818493150684933,1.0560329342952108,2.9370669029107086,27980040.60813773,532.3447604288002,617.2850751229282,55505.091026556285,52560.0,31536000.0,08-18,2023.0,0.0,0.0,0.0,15.0,42.0,20.0,17.0,Eplus-env-08-18_thermostat_rbc_eco_year_2023_case_0_rep_0_zone_0_onoffseed_15_tempseed_42_comforttemp_20_setbacktemp_17_paper2_final_runs_v4-res1
0,153262.95438875366,153262.95438875366,0.0,0.0,-494722.22509387,-9.412523308483069,3151.843890277409,0.0599665884755975,0.0,0.0,-94555.31670832228,-1.7989976542679278,-369337.80210843065,-7.026974925959487,0.0,0.0,0.0,36933780.21084306,702.6974925959487,785.8857519251119,0.0,52560.0,31536000.0,08-19,2022.0,2.0,0.0,0.0,5.0,15.0,20.0,13.0,Eplus-env-08-19_thermostat_rbc_eco_year_2022_case_2_rep_0_zone_0_onoffseed_5_tempseed_15_comforttemp_20_setbacktemp_13_paper2_final_runs_v4-res1
0,65418.02798646573,65418.02798646573,0.0,0.0,-440323.3432368384,-8.377536971781552,2161.3531131448094,0.0411216345727703,-58681.840510157264,-1.116473373480922,-64840.59339434428,-1.2336490371831104,-328123.0140309536,-6.242827512004444,17.073820395738203,1.116473373480922,3.455913260986621,32812301.40309536,624.2827512004444,701.7919401281974,58681.840510157264,52560.0,31536000.0,08-19,2023.0,1.0,0.0,0.0,15.0,30.0,20.0,15.0,Eplus-env-08-19_thermostat_rbc_eco_year_2023_case_1_rep_0_zone_0_onoffseed_15_tempseed_30_comforttemp_20_setbacktemp_15_paper2_final_runs_v4-res1
0,5127.015839931457,0.0,45210.67910088263,40083.66326095117,-113367.31421498112,-2.156912370909078,301.5646541436625,0.0057375314715308,-69198.03464497198,-1.316553170566438,-9046.939624309876,-0.1721259441459261,-39974.86791136123,-0.7605568476286383,35.662100456621005,1.316553170566438,2.6660003705276787,3997486.7911361214,76.05568476286382,114.178230901869,69198.03464497198,52560.0,31536000.0,08-19,2023.0,9.0,0.0,9.0,5.0,42.0,21.0,15.0,Eplus-env-08-19_thermostat_rbc_eco_year_2023_case_9_rep_0_zone_9_onoffseed_5_tempseed_42_comforttemp_21_setbacktemp_15_paper2_final_runs_v4-res1
0,28322.469205051577,0.0,70451.911147258,42129.44194220642,-82874.82544173638,-1.576766085268957,350.22636119670346,0.0066633630364669,-18176.07544077653,-0.3458157427849417,-10506.790835901103,-0.1999008910940088,-41528.13794430715,-0.7901091694122365,22.142313546423136,0.3458157427849417,0.8589412985585287,4152813.7944307146,79.01091694122364,118.41929725109456,18176.07544077653,52560.0,31536000.0,08-19,2022.0,9.0,0.0,9.0,5.0,42.0,18.0,17.0,Eplus-env-08-19_thermostat_rbc_eco_year_2022_case_9_rep_0_zone_9_onoffseed_5_tempseed_42_comforttemp_18_setbacktemp_17_paper2_final_runs_v4-res1
0,45148.69227639437,0.0,114595.349060972,69446.6567845776,-78130.14333333893,-1.4864943556571333,569.1199972944677,0.0108280060368049,-31.964655534810387,-0.0006081555467049,-17073.599918834032,-0.3248401811041482,-41162.03352648588,-0.7831437124521666,0.1027397260273972,0.0006081555467049,0.0272215491705789,4116203.3526485874,78.31437124521666,117.00056962787583,31.964655534810387,52560.0,31536000.0,08-19,2022.0,9.0,0.0,0.0,5.0,10.0,20.0,17.0,Eplus-env-08-19_thermostat_rbc_eco_year_2022_case_9_rep_0_zone_0_onoffseed_5_tempseed_10_comforttemp_20_setbacktemp_17_paper2_final_runs_v4-res1
0,5936.004370175542,0.0,47820.54818528117,41884.54381510562,-80534.01283532118,-1.532230076775517,325.22238050278816,0.0061876404205248,-34912.574490238265,-0.6642422848218847,-9756.671415083643,-0.1856292126157466,-40765.19316984232,-0.7755934773562084,28.479832572298324,0.6642422848218847,1.422709456864386,4076519.31698423,77.55934773562082,116.32897502514932,34912.574490238265,52560.0,31536000.0,08-19,2023.0,9.0,0.0,9.0,5.0,42.0,19.0,17.0,Eplus-env-08-19_thermostat_rbc_eco_year_2023_case_9_rep_0_zone_9_onoffseed_5_tempseed_42_comforttemp_19_setbacktemp_17_paper2_final_runs_v4-res1
0,33782.468973910654,0.0,84458.74800163053,50676.279027719895,-93619.88633551062,-1.7812002727456355,423.9012419822088,0.0080650921229491,-24701.562159477464,-0.4699688386506366,-12717.037259466264,-0.2419527636884753,-41280.88630847683,-0.7854049906483416,28.27054794520548,0.4699688386506366,1.4020968857943978,4128088.630847683,78.54049906483415,117.58493020111788,24701.562159477464,52560.0,31536000.0,08-19,2022.0,9.0,0.0,0.0,15.0,42.0,20.0,17.0,Eplus-env-08-19_thermostat_rbc_eco_year_2022_case_9_rep_0_zone_0_onoffseed_15_tempseed_42_comforttemp_20_setbacktemp_17_paper2_final_runs_v4-res1
0,107694.56855984134,0.0,275104.77394994523,167410.20539010386,-398829.4806550088,-7.588079921137915,1374.285839700586,0.0261469908618832,-1.1555615345858925,-2.1985569531695063e-05,-41228.57519101759,-0.784409725856499,-310723.39855466806,-5.911784599594141,0.0076103500761035,2.1985569531695063e-05,0.0027585194709858,31072339.855466805,591.1784599594141,678.0413828640485,1.1555615345858925,52560.0,31536000.0,08-19,2022.0,6.0,0.0,0.0,5.0,15.0,20.0,17.0,Eplus-env-08-19_thermostat_rbc_eco_year_2022_case_6_rep_0_zone_0_onoffseed_5_tempseed_15_comforttemp_20_setbacktemp_17_paper2_final_runs_v4-res1
0,61188.71815863132,0.0,155888.9603489573,94700.24219032598,-319529.2692739229,-6.079323996840239,771.4284909682272,0.0146771021873711,0.0,0.0,-23142.85472904681,-0.4403130656211342,-269470.7789483467,-5.12691740769305,0.0,0.0,0.0,26947077.894834667,512.6917407693049,601.2816974171872,0.0,52560.0,31536000.0,08-19,2022.0,10.0,0.0,0.0,5.0,30.0,20.0,17.0,Eplus-env-08-19_thermostat_rbc_eco_year_2022_case_10_rep_0_zone_0_onoffseed_5_tempseed_30_comforttemp_20_setbacktemp_17_paper2_final_runs_v4-res1
0,52621.33412355775,0.0,133733.35068727523,81112.01656371748,-317687.0892649359,-6.044274909911261,647.0565723503191,0.0123108175865738,-99.43588398334668,-0.0018918547181002,-19411.69717050957,-0.369324527597214,-274538.13993446995,-5.223328385359017,14.27130898021309,0.0018918547181002,0.0069751362907388,27453813.993446995,522.3328385359017,609.4218112990948,99.43588398334668,52560.0,31536000.0,08-19,2022.0,10.0,0.0,0.0,5.0,42.0,20.0,17.0,Eplus-env-08-19_thermostat_rbc_eco_year_2022_case_10_rep_0_zone_0_onoffseed_5_tempseed_42_comforttemp_20_setbacktemp_17_paper2_final_runs_v4-res1
0,91099.76850093922,91099.76850093922,0.0,0.0,-469921.4181829256,-8.940666251577731,1735.5166503249627,0.0330197231796986,-50615.46763269562,-0.9630035698762484,-52065.49950974887,-0.9905916953909604,-344777.2299396115,-6.559688545274192,36.278538812785385,0.9630035698762484,1.777978230550578,34477722.99396115,655.9688545274191,726.9310802830643,50615.46763269562,52560.0,31536000.0,08-19,2022.0,1.0,0.0,9.0,5.0,42.0,19.0,17.0,Eplus-env-08-19_thermostat_rbc_eco_year_2022_case_1_rep_0_zone_9_onoffseed_5_tempseed_42_comforttemp_19_setbacktemp_17_paper2_final_runs_v4-res1
0,68817.79981669858,0.0,184157.0772581373,115339.27744143872,-422309.2191935855,-8.034802496072784,922.1167834482468,0.0175440788327292,-35464.95038399827,-0.6747517196346703,-27663.5035034474,-0.526322364981876,-330544.4267795462,-6.288897008743269,23.932648401826484,0.6747517196346703,2.1539785005658665,33054442.67795461,628.8897008743269,707.6745545246501,35464.95038399827,52560.0,31536000.0,08-19,2022.0,6.0,0.0,0.0,10.0,42.0,20.0,17.0,Eplus-env-08-19_thermostat_rbc_eco_year_2022_case_6_rep_0_zone_0_onoffseed_10_tempseed_42_comforttemp_20_setbacktemp_17_paper2_final_runs_v4-res1
0,47782.043689028986,0.0,123985.59262558755,76203.5489365586,-532525.629394925,-10.13176616048183,606.7196001545838,0.0115433713880248,-93796.56039515173,-1.784561651353724,-18201.58800463752,-0.3463011416407442,-399638.5790577787,-7.603473726365652,42.03957382039574,1.784561651353724,3.13065353733598,39963857.90577786,760.3473726365652,824.0383852162015,93796.56039515173,52560.0,31536000.0,08-19,2022.0,12.0,0.0,9.0,5.0,42.0,21.0,17.0,Eplus-env-08-19_thermostat_rbc_eco_year_2022_case_12_rep_0_zone_9_onoffseed_5_tempseed_42_comforttemp_21_setbacktemp_17_paper2_final_runs_v4-res1
0,12365.805603735716,0.0,83086.91805242475,70721.11244868903,-55723.67710834488,-1.0601917258056486,552.1054572491066,0.0105042895214822,-11856.459941890273,-0.2255795270527068,-16563.163717473195,-0.3151286856444671,-33750.751602038414,-0.6421375875578085,9.96765601217656,0.2255795270527068,1.033637893869113,3375075.1602038424,64.21375875578087,97.24698122208096,11856.459941890273,52560.0,31536000.0,08-19,2023.0,8.0,0.0,0.0,15.0,10.0,20.0,15.0,Eplus-env-08-19_thermostat_rbc_eco_year_2023_case_8_rep_0_zone_0_onoffseed_15_tempseed_10_comforttemp_20_setbacktemp_15_paper2_final_runs_v4-res1
0,6144.478596028923,0.0,43485.41809616916,37340.93950014024,-67664.97145791166,-1.287385301710648,283.37482247576173,0.0053914540044855,-28131.481406515537,-0.5352260541574493,-8501.244674272852,-0.1617436201345672,-34506.69211198485,-0.6565200173513099,30.703957382039576,0.5352260541574493,1.4547485628586023,3450669.211198485,65.652001735131,99.83628884466948,28131.481406515537,52560.0,31536000.0,08-19,2023.0,13.0,0.0,0.0,10.0,42.0,20.0,13.0,Eplus-env-08-19_thermostat_rbc_eco_year_2023_case_13_rep_0_zone_0_onoffseed_10_tempseed_42_comforttemp_20_setbacktemp_13_paper2_final_runs_v4-res1
0,44151.35832448969,34162.64846926489,23978.650296012293,13989.9404407875,-101904.38941372806,-1.9388201943251155,775.6619026059375,0.0147576465488192,-23959.706742895803,-0.4558543900855366,-23269.857078178127,-0.4427293964645762,-41824.45642556725,-0.7957468878532582,29.42351598173516,0.4558543900855366,1.2113681590794734,4182445.642556724,79.5746887853258,119.48941602266494,23959.706742895803,52560.0,31536000.0,08-19,2022.0,4.0,0.0,0.0,10.0,42.0,20.0,17.0,Eplus-env-08-19_thermostat_rbc_eco_year_2022_case_4_rep_0_zone_0_onoffseed_10_tempseed_42_comforttemp_20_setbacktemp_17_paper2_final_runs_v4-res1
0,24073.532482506747,23607.22599798945,14456.246925304798,13989.9404407875,-71348.734927401,-1.357472125711587,871.2318366923296,0.0165759481866881,-10380.098361272432,-0.1974904558841786,-26136.955100769886,-0.4972784456006447,-41274.0796421898,-0.7852754878651027,10.540334855403348,0.1974904558841786,0.8241898288807917,4127407.9642189792,78.52754878651027,117.87041499824528,10380.098361272432,52560.0,31536000.0,08-19,2023.0,4.0,0.0,0.0,10.0,30.0,20.0,17.0,Eplus-env-08-19_thermostat_rbc_eco_year_2023_case_4_rep_0_zone_0_onoffseed_10_tempseed_30_comforttemp_20_setbacktemp_17_paper2_final_runs_v4-res1
0,14080.302288756142,13613.99580423884,14456.246925304798,13989.9404407875,-120003.18781897992,-2.283165673877092,537.7845114974358,0.0102318209950044,-68444.62497032981,-1.3022188921295623,-16133.535344923075,-0.3069546298501346,-40039.46754621874,-0.7617859122187736,35.490867579908674,1.3022188921295623,2.651223033690893,4003946.7546218736,76.17859122187735,114.34562781284548,68444.62497032981,52560.0,31536000.0,08-19,2023.0,4.0,0.0,9.0,5.0,42.0,21.0,15.0,Eplus-env-08-19_thermostat_rbc_eco_year_2023_case_4_rep_0_zone_9_onoffseed_5_tempseed_42_comforttemp_21_setbacktemp_15_paper2_final_runs_v4-res1
0,130486.6615273384,130486.6615273384,0.0,0.0,-416065.53027358936,-7.916010849954135,2645.050131713027,0.0503243936779495,-34463.073169424926,-0.6556901287942337,-79351.50395139083,-1.509731810338486,-274851.31930864893,-5.22928689704431,12.890030441400304,0.6556901287942337,2.411709766197488,27485131.930864897,522.928689704431,603.0468778600957,34463.073169424926,52560.0,31536000.0,08-18,2022.0,0.0,0.0,0.0,10.0,10.0,20.0,15.0,Eplus-env-08-18_thermostat_rbc_eco_year_2022_case_0_rep_0_zone_0_onoffseed_10_tempseed_10_comforttemp_20_setbacktemp_15_paper2_final_runs_v4-res1
0,31504.023880739624,31037.71739622232,14456.246925304797,13989.9404407875,-70145.88013952486,-1.3345867606454502,1131.9634038626757,0.0215365944418317,-3543.975099688776,-0.0674272279240634,-33958.902115880264,-0.6460978332549517,-40828.46310300302,-0.7767972432078201,5.135083713850838,0.0674272279240634,0.4190326337500465,4082846.310300301,77.67972432078199,116.10587294299263,3543.975099688776,52560.0,31536000.0,08-19,2023.0,4.0,0.0,0.0,10.0,15.0,20.0,17.0,Eplus-env-08-19_thermostat_rbc_eco_year_2023_case_4_rep_0_zone_0_onoffseed_10_tempseed_15_comforttemp_20_setbacktemp_17_paper2_final_runs_v4-res1
0,13149.255406362625,0.0,88525.31133598844,75376.05592962581,-51363.049797407926,-0.9772269748365284,574.0115622764451,0.010921072341637,-1.5386368546433893,-2.9273912759577423e-05,-17220.346868293356,-0.3276321702491125,-40604.105312608015,-0.7725286398898025,0.0095129375951293,2.9273912759577423e-05,0.0058629249892547,4060410.531260802,77.25286398898025,115.23288784220571,1.5386368546433893,52560.0,31536000.0,08-19,2023.0,9.0,0.0,0.0,5.0,15.0,20.0,17.0,Eplus-env-08-19_thermostat_rbc_eco_year_2023_case_9_rep_0_zone_0_onoffseed_5_tempseed_15_comforttemp_20_setbacktemp_17_paper2_final_runs_v4-res1
0,29785.77971224487,0.0,78626.70017922056,48840.92046697567,-527778.6652179272,-10.04145101251764,378.775079771851,0.0072065273929195,-99407.57201638864,-1.8913160581504689,-11363.25239315553,-0.2161958217875861,-404003.34681895096,-7.686517253024181,38.81278538812785,1.8913160581504689,3.62510524612276,40400334.68189509,768.6517253024181,827.9780598018999,99407.57201638864,52560.0,31536000.0,08-19,2022.0,12.0,0.0,9.0,5.0,42.0,20.0,13.0,Eplus-env-08-19_thermostat_rbc_eco_year_2022_case_12_rep_0_zone_9_onoffseed_5_tempseed_42_comforttemp_20_setbacktemp_13_paper2_final_runs_v4-res1
0,14352.996120144597,0.0,100563.95975129372,86210.96363114913,-448200.41920588224,-8.527405236032767,643.4766296694028,0.0122427060439384,-46355.39423109762,-0.8819519450361039,-19304.29889008208,-0.3672811813181522,-390102.8388488944,-7.422047923304687,24.088660578386605,0.8819519450361039,2.825629243363841,39010283.88488943,742.2047923304686,810.9887975564411,46355.39423109762,52560.0,31536000.0,08-19,2023.0,12.0,0.0,0.0,10.0,42.0,20.0,15.0,Eplus-env-08-19_thermostat_rbc_eco_year_2023_case_12_rep_0_zone_0_onoffseed_10_tempseed_42_comforttemp_20_setbacktemp_15_paper2_final_runs_v4-res1
0,75781.91696111124,75781.91696111124,0.0,0.0,-387626.44720454566,-7.374932404957109,2499.8684241461715,0.0475621846298738,-48887.969011964255,-0.9301363967268694,-74996.05272438514,-1.4268655388962166,-276741.2919266964,-5.265245280188287,17.30213089802131,0.9301363967268694,2.7151183271900217,27674129.19266964,526.5245280188286,611.4134424855204,48887.969011964255,52560.0,31536000.0,08-18,2023.0,0.0,0.0,0.0,15.0,30.0,20.0,17.0,Eplus-env-08-18_thermostat_rbc_eco_year_2023_case_0_rep_0_zone_0_onoffseed_15_tempseed_30_comforttemp_20_setbacktemp_17_paper2_final_runs_v4-res1
0,121125.49797492032,121125.49797492032,0.0,0.0,-457418.1712977125,-8.702781036866677,2462.064035766455,0.0468429230549173,-33881.02398743788,-0.6446161337031561,-73861.92107299366,-1.40528769164752,-324444.3774169923,-6.172838230916901,12.640791476407914,0.6446161337031561,2.462743554411133,32444437.74169923,617.2838230916901,692.0342368687824,33881.02398743788,52560.0,31536000.0,08-19,2022.0,1.0,0.0,0.0,10.0,10.0,20.0,13.0,Eplus-env-08-19_thermostat_rbc_eco_year_2022_case_1_rep_0_zone_0_onoffseed_10_tempseed_10_comforttemp_20_setbacktemp_13_paper2_final_runs_v4-res1
0,164568.35295678163,164568.35295678163,0.0,0.0,-442077.7534684222,-8.410916161880179,3379.2214250289726,0.0642926450728495,0.0,0.0,-101376.64275086916,-1.9287793521854864,-307444.38391447923,-5.849398476302877,0.0,0.0,0.0,30744438.39144792,584.9398476302877,675.7311520499852,0.0,52560.0,31536000.0,08-19,2022.0,1.0,0.0,0.0,5.0,15.0,20.0,17.0,Eplus-env-08-19_thermostat_rbc_eco_year_2022_case_1_rep_0_zone_0_onoffseed_5_tempseed_15_comforttemp_20_setbacktemp_17_paper2_final_runs_v4-res1
0,43557.79735052347,43557.79735052347,0.0,0.0,-465537.984339309,-8.857267586364326,1399.000612694677,0.0266172110482244,-83932.61701648403,-1.596891495747413,-41970.01838084032,-0.7985163314467337,-345970.7333103617,-6.582395991445238,37.159436834094365,1.596891495747413,2.9991433988321274,34597073.331036165,658.2395991445237,722.5228993646509,83932.61701648403,52560.0,31536000.0,08-19,2023.0,1.0,0.0,9.0,5.0,42.0,19.0,15.0,Eplus-env-08-19_thermostat_rbc_eco_year_2023_case_1_rep_0_zone_9_onoffseed_5_tempseed_42_comforttemp_19_setbacktemp_15_paper2_final_runs_v4-res1
0,76918.7074361254,76918.7074361254,0.0,0.0,-507422.6932199915,-9.654160829908514,1451.9513614849595,0.0276246453859391,-98688.6427983877,-1.8776378005781524,-43558.54084454879,-0.8287393615781734,-345806.8558681096,-6.579278079682451,40.07610350076104,1.8776378005781524,3.478686463160805,34580685.58681096,657.9278079682451,722.8088043881148,98688.6427983877,52560.0,31536000.0,08-19,2022.0,1.0,0.0,9.0,5.0,42.0,20.0,15.0,Eplus-env-08-19_thermostat_rbc_eco_year_2022_case_1_rep_0_zone_9_onoffseed_5_tempseed_42_comforttemp_20_setbacktemp_15_paper2_final_runs_v4-res1
0,20791.969421488044,0.0,117027.48260646652,96235.51318497844,-434917.96841387067,-8.274694985043201,770.053645423113,0.0146509445476239,-33126.168543962325,-0.6302543482489027,-23101.609362693394,-0.4395283364287175,-384781.88968618895,-7.3208122086413425,13.73097412480974,0.6302543482489027,2.369523998609905,38478188.96861889,732.0812208641341,800.7891326115518,33126.168543962325,52560.0,31536000.0,08-19,2023.0,12.0,0.0,0.0,15.0,15.0,20.0,13.0,Eplus-env-08-19_thermostat_rbc_eco_year_2023_case_12_rep_0_zone_0_onoffseed_15_tempseed_15_comforttemp_20_setbacktemp_13_paper2_final_runs_v4-res1
0,137622.9793041473,137622.9793041473,0.0,0.0,-382937.7146775609,-7.2857251650981905,2765.7458143753174,0.0526207346722853,0.0,0.0,-82972.37443125954,-1.5786220401685604,-270348.355308838,-5.143614065997678,0.0,0.0,0.0,27034835.5308838,514.3614065997679,605.1322108103689,0.0,52560.0,31536000.0,08-18,2022.0,0.0,0.0,0.0,5.0,30.0,20.0,15.0,Eplus-env-08-18_thermostat_rbc_eco_year_2022_case_0_rep_0_zone_0_onoffseed_5_tempseed_30_comforttemp_20_setbacktemp_15_paper2_final_runs_v4-res1
0,82864.01417110121,0.0,213407.6253977904,130543.6112266892,-448880.85353789537,-8.540351094708816,1062.797826807196,0.0202206588053119,-0.1556602392825006,-2.9615722846746694e-06,-31883.93480421588,-0.6066197641593584,-381089.64788427815,-7.250564076945931,0.0019025875190258,2.9615722846746694e-06,0.0006789626496166,38108964.78842781,725.056407694593,804.6575590245471,0.1556602392825006,52560.0,31536000.0,08-19,2022.0,7.0,0.0,0.0,5.0,30.0,20.0,17.0,Eplus-env-08-19_thermostat_rbc_eco_year_2022_case_7_rep_0_zone_0_onoffseed_5_tempseed_30_comforttemp_20_setbacktemp_17_paper2_final_runs_v4-res1
0,22250.164861801688,0.0,57280.637808093845,35030.47294629216,-59503.74885577648,-1.1321108990825053,274.9593319786723,0.0052313419326231,-131.3041010624326,-0.0024981754387829,-8248.779959360169,-0.1569402579786942,-41169.58488127409,-0.7832873835858845,0.549847792998478,0.0024981754387829,0.0601217856787717,4116958.488127409,78.32873835858844,117.180198794465,131.3041010624326,52560.0,31536000.0,08-19,2022.0,14.0,0.0,0.0,5.0,30.0,20.0,15.0,Eplus-env-08-19_thermostat_rbc_eco_year_2022_case_14_rep_0_zone_0_onoffseed_5_tempseed_30_comforttemp_20_setbacktemp_15_paper2_final_runs_v4-res1
0,30251.29155493388,0.0,76415.04183258605,46163.75027765219,-116303.03034942808,-2.212766939677094,381.2147994703968,0.0072529451954032,-51330.747226129024,-0.9766123901470516,-11436.443984111902,-0.2175883558620986,-40223.70150220766,-0.7652911244712264,32.88812785388128,0.9766123901470516,2.025622853039132,4022370.1502207657,76.52911244712264,114.78479978686111,51330.747226129024,52560.0,31536000.0,08-19,2022.0,9.0,0.0,9.0,5.0,42.0,21.0,17.0,Eplus-env-08-19_thermostat_rbc_eco_year_2022_case_9_rep_0_zone_9_onoffseed_5_tempseed_42_comforttemp_21_setbacktemp_17_paper2_final_runs_v4-res1
0,10599.343451217868,0.0,82507.21172081804,71907.86826960018,-56139.10012915573,-1.068095512350756,528.126808798726,0.0100480747488342,-13239.712093912309,-0.2518971098537349,-15843.804263961778,-0.3014422424650262,-34228.06515780209,-0.6512188956963868,10.504185692541856,0.2518971098537349,1.050809102462286,3422806.5157802086,65.12188956963867,98.85637554028418,13239.712093912309,52560.0,31536000.0,08-19,2023.0,8.0,0.0,0.0,10.0,30.0,20.0,13.0,Eplus-env-08-19_thermostat_rbc_eco_year_2023_case_8_rep_0_zone_0_onoffseed_10_tempseed_30_comforttemp_20_setbacktemp_13_paper2_final_runs_v4-res1
0,45384.63575442666,35395.92589920186,23978.650296012293,13989.9404407875,-95327.74890256574,-1.8136938527885416,771.1049194329945,0.0146709459557266,-22962.626008581552,-0.4368840564798621,-23133.14758298984,-0.4401283786718005,-35235.952383287746,-0.670394832254333,24.04870624048706,0.4368840564798621,1.041970493626325,3523595.238328775,67.03948322543332,101.78295942974307,22962.626008581552,52560.0,31536000.0,08-19,2022.0,3.0,0.0,9.0,5.0,42.0,18.0,17.0,Eplus-env-08-19_thermostat_rbc_eco_year_2022_case_3_rep_0_zone_9_onoffseed_5_tempseed_42_comforttemp_18_setbacktemp_17_paper2_final_runs_v4-res1
0,6590.903617293384,0.0,51225.99816633398,44635.09454904059,-96423.44031714744,-1.8345403408894108,342.66581415649324,0.0065195170121098,-51252.72186231311,-0.9751278893134152,-10279.974424694798,-0.1955855103632952,-39778.70020552664,-0.7568245853410699,32.897640791476405,0.9751278893134152,1.9999665360509928,3977870.020552664,75.682458534107,113.63150749723548,51252.72186231311,52560.0,31536000.0,08-19,2023.0,9.0,0.0,9.0,5.0,42.0,21.0,17.0,Eplus-env-08-19_thermostat_rbc_eco_year_2023_case_9_rep_0_zone_9_onoffseed_5_tempseed_42_comforttemp_21_setbacktemp_17_paper2_final_runs_v4-res1
0,21139.1021857727,20672.7957012554,14456.246925304797,13989.9404407875,-83400.96510147813,-1.586776352767849,769.5388634165437,0.0146411503694167,-24667.91566184112,-0.4693286845860182,-23086.165902496312,-0.4392345110825021,-41439.14994145636,-0.7884160947765669,30.01331811263318,0.4693286845860182,1.1892731445612972,4143914.994145637,78.8416094776567,118.4527520629648,24667.91566184112,52560.0,31536000.0,08-19,2023.0,4.0,0.0,0.0,10.0,42.0,20.0,17.0,Eplus-env-08-19_thermostat_rbc_eco_year_2023_case_4_rep_0_zone_0_onoffseed_10_tempseed_42_comforttemp_20_setbacktemp_17_paper2_final_runs_v4-res1
0,42664.63253800258,0.0,106423.0386670392,63758.40612903662,-89674.50241852128,-1.7061358907633426,537.0466627479881,0.0102177827767882,-20279.18725570204,-0.3858292856868729,-16111.39988243964,-0.3065334833036461,-34491.379283479335,-0.6562286773873541,12.304033485540335,0.3858292856868729,1.656646932151954,3449137.928347934,65.62286773873542,99.45964157968542,20279.18725570204,52560.0,31536000.0,08-19,2022.0,8.0,0.0,0.0,15.0,30.0,20.0,13.0,Eplus-env-08-19_thermostat_rbc_eco_year_2022_case_8_rep_0_zone_0_onoffseed_15_tempseed_30_comforttemp_20_setbacktemp_13_paper2_final_runs_v4-res1
0,38316.4333165353,0.0,103130.70001813886,64814.26670160356,-94204.04542352252,-1.792314410645406,510.5502562342271,0.009713665453467,-27935.52024940686,-0.531497721640161,-15316.507687026811,-0.2914099636040109,-34921.85107785814,-0.664418780020132,29.89535768645358,0.531497721640161,1.5743575917396724,3492185.107785814,66.4418780020132,100.87478066423029,27935.52024940686,52560.0,31536000.0,08-19,2022.0,8.0,0.0,0.0,10.0,42.0,20.0,13.0,Eplus-env-08-19_thermostat_rbc_eco_year_2022_case_8_rep_0_zone_0_onoffseed_10_tempseed_42_comforttemp_20_setbacktemp_13_paper2_final_runs_v4-res1
0,52698.27520844499,42709.5653532202,23978.650296012293,13989.9404407875,-85238.5994517564,-1.6217389545615752,962.9629019608656,0.0183212119855568,-363.08061444443285,-0.0069079264544222,-28888.88705882597,-0.5496363595667042,-41763.05988928312,-0.7945787650168021,1.5449010654490107,0.0069079264544222,0.1138617084813205,4176305.988928312,79.45787650168022,118.94956732231148,363.08061444443285,52560.0,31536000.0,08-19,2022.0,4.0,0.0,0.0,5.0,30.0,20.0,15.0,Eplus-env-08-19_thermostat_rbc_eco_year_2022_case_4_rep_0_zone_0_onoffseed_5_tempseed_30_comforttemp_20_setbacktemp_15_paper2_final_runs_v4-res1
0,42666.91339311368,32678.20353788887,23978.650296012296,13989.9404407875,-142253.53806446702,-2.706498060587272,731.524429925912,0.0139178925023955,-73604.70811089664,-1.4003939899333455,-21945.732897777365,-0.4175367750718676,-33743.02810666411,-0.6419906412987845,35.59170471841705,1.4003939899333455,2.817843126282784,3374302.8106664107,64.19906412987844,97.6368278680044,73604.70811089664,52560.0,31536000.0,08-19,2022.0,3.0,0.0,9.0,5.0,42.0,21.0,15.0,Eplus-env-08-19_thermostat_rbc_eco_year_2022_case_3_rep_0_zone_9_onoffseed_5_tempseed_42_comforttemp_21_setbacktemp_15_paper2_final_runs_v4-res1
0,35243.95604567644,34777.649561159145,14456.246925304798,13989.9404407875,-76328.60684805774,-1.452218547337476,1242.7157196792434,0.0236437541795898,-12992.021968977362,-0.247184588450863,-37281.47159037731,-0.7093126253876961,-34503.50443811247,-0.6564593690660667,10.325342465753424,0.247184588450863,1.057658975815575,3450350.443811247,65.64593690660668,99.17790203932616,12992.021968977362,52560.0,31536000.0,08-19,2023.0,3.0,0.0,0.0,15.0,10.0,20.0,17.0,Eplus-env-08-19_thermostat_rbc_eco_year_2023_case_3_rep_0_zone_0_onoffseed_15_tempseed_10_comforttemp_20_setbacktemp_17_paper2_final_runs_v4-res1
0,20506.209768198463,0.0,117638.30383565738,97132.09406745892,-339460.02874355804,-6.458524138956584,757.0683053761802,0.0144038870885879,-104.68649445640564,-0.0019917521776332,-22712.0491612854,-0.432116612657637,-322579.21203773847,-6.137351827202026,15.07800608828006,0.0019917521776332,0.0125024288551784,32257921.203773845,613.7351827202025,695.2642492993652,104.68649445640564,52560.0,31536000.0,08-19,2023.0,11.0,0.0,0.0,5.0,42.0,20.0,13.0,Eplus-env-08-19_thermostat_rbc_eco_year_2023_case_11_rep_0_zone_0_onoffseed_5_tempseed_42_comforttemp_20_setbacktemp_13_paper2_final_runs_v4-res1
0,46171.82838064845,0.0,119034.9387246272,72863.11034397874,-511303.9283283009,-9.72800472466326,583.9875379142622,0.0111108740090232,-71479.44301734693,-1.3599589615172551,-17519.626137427862,-0.3333262202706975,-402051.3125127454,-7.64937809194721,38.67579908675799,1.3599589615172551,2.456761342761969,40205131.25127454,764.9378091947211,830.0164467578741,71479.44301734693,52560.0,31536000.0,08-19,2022.0,12.0,0.0,9.0,5.0,42.0,20.0,17.0,Eplus-env-08-19_thermostat_rbc_eco_year_2022_case_12_rep_0_zone_9_onoffseed_5_tempseed_42_comforttemp_20_setbacktemp_17_paper2_final_runs_v4-res1
0,23523.569036633737,0.0,61706.724517527975,38183.155480894246,-63575.01530418266,-1.2095703063961694,302.48526085731294,0.005755046819964,-3747.510443988048,-0.0712996659815077,-9074.55782571939,-0.1726514045989229,-40582.87303132456,-0.7721246771560988,4.589041095890411,0.0712996659815077,0.568473147223446,4058287.3031324553,77.21246771560988,115.32312382306384,3747.510443988048,52560.0,31536000.0,08-19,2022.0,14.0,0.0,0.0,10.0,15.0,20.0,13.0,Eplus-env-08-19_thermostat_rbc_eco_year_2022_case_14_rep_0_zone_0_onoffseed_10_tempseed_15_comforttemp_20_setbacktemp_13_paper2_final_runs_v4-res1
0,17825.314431946423,0.0,106037.31818970104,88212.00375775463,-489009.2395052858,-9.303828757710916,693.0565535866234,0.0131860074883299,-74560.91747587328,-1.4185867099671476,-20791.6966075987,-0.3955802246498991,-399865.4322926373,-7.607789807698578,38.93645357686454,1.4185867099671476,2.5337843771728448,39986543.22926372,760.7789807698578,825.0285356776285,74560.91747587328,52560.0,31536000.0,08-19,2023.0,7.0,0.0,9.0,5.0,42.0,20.0,17.0,Eplus-env-08-19_thermostat_rbc_eco_year_2023_case_7_rep_0_zone_9_onoffseed_5_tempseed_42_comforttemp_20_setbacktemp_17_paper2_final_runs_v4-res1
0,20377.145268754288,0.0,53653.5746765214,33276.42940776711,-396538.4832324492,-7.54449169011509,265.8574394190148,0.0050581704607879,-82683.0518571787,-1.573117424984374,-7975.723182570444,-0.1517451138236386,-297184.88883090264,-5.654202603327676,34.27130898021309,1.573117424984374,3.3186030758261125,29718488.883090265,565.4202603327676,631.826961647379,82683.0518571787,52560.0,31536000.0,08-19,2022.0,10.0,0.0,9.0,5.0,42.0,19.0,13.0,Eplus-env-08-19_thermostat_rbc_eco_year_2022_case_10_rep_0_zone_9_onoffseed_5_tempseed_42_comforttemp_19_setbacktemp_13_paper2_final_runs_v4-res1
0,34127.84210424213,0.0,85590.32266691531,51462.48056267317,-343045.32099598466,-6.526737461871854,423.14174341351696,0.008050641997974,-22682.194781523714,-0.4315486069544085,-12694.252302405508,-0.241519259939222,-292443.1385889805,-5.563986655041486,29.28082191780822,0.4315486069544085,0.8919282676091402,29244313.85889805,556.3986655041487,632.1466789609385,22682.194781523714,52560.0,31536000.0,08-19,2022.0,10.0,0.0,9.0,5.0,42.0,18.0,17.0,Eplus-env-08-19_thermostat_rbc_eco_year_2022_case_10_rep_0_zone_9_onoffseed_5_tempseed_42_comforttemp_18_setbacktemp_17_paper2_final_runs_v4-res1
0,18107.117190373552,0.0,123309.93610164452,105202.818911271,-454542.5663782364,-8.64807013657223,772.938596296908,0.0147058332628787,-48740.74191211455,-0.9273352723005052,-23188.15788890724,-0.4411749978863629,-390988.3918926773,-7.438896344990055,24.5662100456621,0.9273352723005052,3.0218750283692746,39098839.189267725,743.8896344990054,810.9858992923809,48740.74191211455,52560.0,31536000.0,08-19,2023.0,7.0,0.0,0.0,10.0,42.0,20.0,13.0,Eplus-env-08-19_thermostat_rbc_eco_year_2023_case_7_rep_0_zone_0_onoffseed_10_tempseed_42_comforttemp_20_setbacktemp_13_paper2_final_runs_v4-res1
0,99159.7684142387,99159.7684142387,0.0,0.0,-525542.7072040389,-9.998909954414742,1974.682847573567,0.0375700693982794,-53582.43802674681,-1.0194527782866591,-59240.485427207,-1.1271020819483828,-390837.6626376032,-7.436028588995495,16.32420091324201,1.0194527782866591,3.3170599718234586,39083766.26376033,743.6028588995496,816.8662600263928,53582.43802674681,52560.0,31536000.0,08-19,2022.0,2.0,0.0,0.0,15.0,30.0,20.0,15.0,Eplus-env-08-19_thermostat_rbc_eco_year_2022_case_2_rep_0_zone_0_onoffseed_15_tempseed_30_comforttemp_20_setbacktemp_15_paper2_final_runs_v4-res1
0,31088.12194622769,30621.8154617104,14456.246925304797,13989.9404407875,-66842.38283325991,-1.2717348332050973,1109.6015320216443,0.0211111402591637,-28.240634185727664,-0.0005373027813114,-33288.04596064934,-0.6333342077749113,-41380.949634865305,-0.7873087830073308,0.0989345509893455,0.0005373027813114,0.0268436822685994,4138094.9634865313,78.7308783007331,117.68476081784618,28.240634185727664,52560.0,31536000.0,08-19,2023.0,4.0,0.0,0.0,5.0,10.0,20.0,17.0,Eplus-env-08-19_thermostat_rbc_eco_year_2023_case_4_rep_0_zone_0_onoffseed_5_tempseed_10_comforttemp_20_setbacktemp_17_paper2_final_runs_v4-res1
0,18827.399116656303,0.0,130226.9608595273,111399.561742871,-372538.3940817191,-7.087868989378217,815.3926282888822,0.0155135583768813,-33313.287837014286,-0.6338144565641988,-24461.778848666465,-0.4654067513064396,-323822.4110273683,-6.161004776015378,13.21156773211568,0.6338144565641988,2.290635651115727,32382241.10273683,616.1004776015378,687.1690654470724,33313.287837014286,52560.0,31536000.0,08-19,2023.0,11.0,0.0,0.0,10.0,10.0,20.0,13.0,Eplus-env-08-19_thermostat_rbc_eco_year_2023_case_11_rep_0_zone_0_onoffseed_10_tempseed_10_comforttemp_20_setbacktemp_13_paper2_final_runs_v4-res1
0,73955.72121017035,0.0,183510.834732404,109555.1135222336,-415444.102546012,-7.904187643569482,927.1403361099452,0.0176396563186823,-29832.52034336081,-0.567589808663638,-27814.21008329836,-0.529189689560471,-325108.4066806108,-6.185471968809185,13.340943683409437,0.567589808663638,2.0184980886592245,32510840.66806108,618.5471968809185,695.112308035006,29832.52034336081,52560.0,31536000.0,08-19,2022.0,11.0,0.0,0.0,15.0,15.0,20.0,17.0,Eplus-env-08-19_thermostat_rbc_eco_year_2022_case_11_rep_0_zone_0_onoffseed_15_tempseed_15_comforttemp_20_setbacktemp_17_paper2_final_runs_v4-res1
0,70996.45681816366,0.0,192513.06030581528,121516.60348765164,-409026.4013800131,-7.7820852621768095,954.569906893666,0.0181615279089358,-26059.22565660757,-0.4957995748974044,-28637.097206809984,-0.5448458372680742,-324884.97440046584,-6.181220974133673,12.539954337899545,0.4957995748974044,1.769374537565109,32488497.440046582,618.1220974133673,693.6978741048589,26059.22565660757,52560.0,31536000.0,08-19,2022.0,11.0,0.0,0.0,10.0,10.0,20.0,17.0,Eplus-env-08-19_thermostat_rbc_eco_year_2022_case_11_rep_0_zone_0_onoffseed_10_tempseed_10_comforttemp_20_setbacktemp_17_paper2_final_runs_v4-res1
0,6251.1222509057625,0.0,36728.89164000043,30477.76938909467,-53442.97075503734,-1.016799291381989,244.3181026411401,0.0046483657275711,-7974.269198431544,-0.1517174505028832,-7329.543079234205,-0.1394509718271347,-40354.65844313979,-0.7677826948846993,8.852739726027398,0.1517174505028832,0.7620326450122734,4035465.84431398,76.77826948846993,114.83577457112072,7974.269198431544,52560.0,31536000.0,08-19,2023.0,14.0,0.0,0.0,15.0,10.0,20.0,15.0,Eplus-env-08-19_thermostat_rbc_eco_year_2023_case_14_rep_0_zone_0_onoffseed_15_tempseed_10_comforttemp_20_setbacktemp_15_paper2_final_runs_v4-res1
0,7286.468156578478,0.0,41623.07318075519,34336.60502417672,-50608.992665904334,-0.9628803779662164,274.94100411852594,0.0052309932290434,-4576.708901936172,-0.0870758923503838,-8248.230123555779,-0.1569297968713047,-40071.22416507131,-0.7623901096855272,5.7724505327245055,0.0870758923503838,0.576421623517314,4007122.4165071305,76.2390109685527,113.90472029978544,4576.708901936172,52560.0,31536000.0,08-19,2023.0,14.0,0.0,0.0,15.0,15.0,20.0,15.0,Eplus-env-08-19_thermostat_rbc_eco_year_2023_case_14_rep_0_zone_0_onoffseed_15_tempseed_15_comforttemp_20_setbacktemp_15_paper2_final_runs_v4-res1
0,55845.19700217918,55845.19700217918,0.0,0.0,-452600.5788185795,-8.611122123641163,1834.8782893792447,0.034910165323045,-74231.35485637002,-1.4123164927011038,-55046.34868137736,-1.04730495969135,-332682.2682947266,-6.329571314587644,24.11529680365297,1.4123164927011038,4.2411443630881305,33268226.82947266,632.9571314587645,708.5342307740161,74231.35485637002,52560.0,31536000.0,08-19,2023.0,1.0,0.0,0.0,15.0,42.0,20.0,13.0,Eplus-env-08-19_thermostat_rbc_eco_year_2023_case_1_rep_0_zone_0_onoffseed_15_tempseed_42_comforttemp_20_setbacktemp_13_paper2_final_runs_v4-res1
0,1194.2658257476874,0.0,12288.406216574189,11094.1403908265,-90989.57881853552,-1.7311563702156685,84.60078215357603,0.0016096039222522,-49428.18692933765,-0.9404145153983572,-2538.0234646072813,-0.0482881176675662,-40584.36301715368,-0.772153025440519,29.39117199391172,0.9404145153983572,2.1400303936741767,4058436.301715368,77.21530254405191,115.95236092033792,49428.18692933765,52560.0,31536000.0,08-19,2023.0,14.0,0.0,9.0,5.0,42.0,19.0,13.0,Eplus-env-08-19_thermostat_rbc_eco_year_2023_case_14_rep_0_zone_9_onoffseed_5_tempseed_42_comforttemp_19_setbacktemp_13_paper2_final_runs_v4-res1
0,39251.43377692784,0.0,105594.26398005286,66342.83020312502,-78560.43654903679,-1.494681060674216,528.3450930879312,0.0100522277984766,-5559.2968787963255,-0.1057704885615739,-15850.352792637936,-0.3015668339542986,-40889.54169733581,-0.7779593169203921,6.742770167427701,0.1057704885615739,0.5957478689351289,4088954.1697335807,77.7959316920392,116.30751347003358,5559.2968787963255,52560.0,31536000.0,08-19,2022.0,9.0,0.0,0.0,10.0,10.0,20.0,17.0,Eplus-env-08-19_thermostat_rbc_eco_year_2022_case_9_rep_0_zone_0_onoffseed_10_tempseed_10_comforttemp_20_setbacktemp_17_paper2_final_runs_v4-res1
0,18137.878906783026,0.0,109608.5761873626,91470.69728057957,-398041.99020956457,-7.573097226209372,715.2670953893254,0.0136085824845762,-101.94730325637283,-0.0019396366677392,-21458.01286167976,-0.408257474537286,-383101.44417266897,-7.28884026203708,15.532724505327243,0.0019396366677392,0.0086171763315967,38310144.41726689,728.884026203708,805.746178619408,101.94730325637283,52560.0,31536000.0,08-19,2023.0,12.0,0.0,0.0,5.0,42.0,20.0,15.0,Eplus-env-08-19_thermostat_rbc_eco_year_2023_case_12_rep_0_zone_0_onoffseed_5_tempseed_42_comforttemp_20_setbacktemp_15_paper2_final_runs_v4-res1
0,47642.0438760643,0.0,121752.25488780365,74110.21101173933,-432972.13657439343,-8.237673831324075,598.9234943668506,0.0113950436523373,-49814.04577317605,-0.947755817602284,-17967.704831005518,-0.3418513095701202,-344182.13470620906,-6.548366337637159,36.26712328767123,0.947755817602284,1.7564530813117072,34418213.470620915,654.836633763716,725.687921900977,49814.04577317605,52560.0,31536000.0,08-19,2022.0,11.0,0.0,9.0,5.0,42.0,19.0,17.0,Eplus-env-08-19_thermostat_rbc_eco_year_2022_case_11_rep_0_zone_9_onoffseed_5_tempseed_42_comforttemp_19_setbacktemp_17_paper2_final_runs_v4-res1
0,11705.985964615733,0.0,79564.27600586416,67858.29004124842,-50353.28125422451,-0.9580152445628712,517.7669698403405,0.0098509697458207,-13.39189136985832,-0.0002547924537644,-15533.009095210213,-0.2955290923746235,-40763.22224520252,-0.7755559787900024,0.0513698630136986,0.0002547924537644,0.0190162365348036,4076322.224520252,77.55559787900023,115.91769791477168,13.39189136985832,52560.0,31536000.0,08-19,2023.0,9.0,0.0,0.0,5.0,10.0,20.0,15.0,Eplus-env-08-19_thermostat_rbc_eco_year_2023_case_9_rep_0_zone_0_onoffseed_5_tempseed_10_comforttemp_20_setbacktemp_15_paper2_final_runs_v4-res1
0,19080.73225628749,0.0,109667.23326345152,90586.50100716404,-421867.6054947279,-8.026400408956011,724.3617559791451,0.0137816163618558,-72354.77165464355,-1.37661285492092,-21730.852679374348,-0.4134484908556763,-333902.88678121555,-6.352794649566506,26.480213089802128,1.37661285492092,4.136970068032732,33390288.67812156,635.2794649566506,708.9484248988634,72354.77165464355,52560.0,31536000.0,08-19,2023.0,6.0,0.0,0.0,15.0,42.0,20.0,13.0,Eplus-env-08-19_thermostat_rbc_eco_year_2023_case_6_rep_0_zone_0_onoffseed_15_tempseed_42_comforttemp_20_setbacktemp_13_paper2_final_runs_v4-res1
0,64965.50984684924,64965.50984684924,0.0,0.0,-477484.18426103226,-9.084554495072911,2146.3460214511947,0.0408361115192388,-39199.51409234527,-0.7458050626397502,-64390.38064353584,-1.225083345577166,-385136.38656297966,-7.327556821974499,13.991628614916284,0.7458050626397502,2.5087455781178254,38513638.65629795,732.7556821974496,802.7652882403069,39199.51409234527,52560.0,31536000.0,08-19,2023.0,2.0,0.0,0.0,10.0,30.0,20.0,15.0,Eplus-env-08-19_thermostat_rbc_eco_year_2023_case_2_rep_0_zone_0_onoffseed_10_tempseed_30_comforttemp_20_setbacktemp_15_paper2_final_runs_v4-res1
0,124476.93389171864,124476.93389171864,0.0,0.0,-481183.9424662624,-9.154945632919755,2493.407660220932,0.0474392629417985,0.0,0.0,-74802.22980662795,-1.4231778882539563,-379349.3628494474,-7.217453631077767,0.0,0.0,0.0,37934936.28494474,721.7453631077767,803.1231158891516,0.0,52560.0,31536000.0,08-19,2022.0,2.0,0.0,0.0,5.0,30.0,20.0,17.0,Eplus-env-08-19_thermostat_rbc_eco_year_2022_case_2_rep_0_zone_0_onoffseed_5_tempseed_30_comforttemp_20_setbacktemp_17_paper2_final_runs_v4-res1
0,154792.5832902692,154792.5832902692,0.0,0.0,-495487.3378226771,-9.42708024776783,3177.820351976814,0.060460813393775,0.0,0.0,-95334.61055930442,-1.8138244018132497,-368851.5254329079,-7.017723086623056,0.0,0.0,0.0,36885152.54329078,701.7723086623056,785.9793447434267,0.0,52560.0,31536000.0,08-19,2022.0,2.0,0.0,0.0,5.0,15.0,20.0,17.0,Eplus-env-08-19_thermostat_rbc_eco_year_2022_case_2_rep_0_zone_0_onoffseed_5_tempseed_15_comforttemp_20_setbacktemp_17_paper2_final_runs_v4-res1
0,59223.13212554994,0.0,166487.61758545428,107264.48545990436,-432669.66286643647,-8.231919004308152,833.4057595640885,0.0158562739643091,-49613.57342216921,-0.9439416556729302,-25002.17278692265,-0.4756882189292742,-334605.64505235484,-6.366165240722124,25.540334855403344,0.9439416556729302,3.1924201833071506,33460564.50523548,636.6165240722123,708.6144945942009,49613.57342216921,52560.0,31536000.0,08-19,2022.0,6.0,0.0,0.0,10.0,42.0,20.0,13.0,Eplus-env-08-19_thermostat_rbc_eco_year_2022_case_6_rep_0_zone_0_onoffseed_10_tempseed_42_comforttemp_20_setbacktemp_13_paper2_final_runs_v4-res1
0,153970.03484562982,153970.03484562982,0.0,0.0,-390435.4946706285,-7.428376991450314,3136.8742609288824,0.059681778175968,0.0,0.0,-94106.22782786647,-1.7904533452790423,-264472.6091634188,-5.031822853185289,0.0,0.0,0.0,26447260.916341875,503.1822853185288,595.7523328993349,0.0,52560.0,31536000.0,08-18,2022.0,0.0,0.0,0.0,5.0,10.0,20.0,13.0,Eplus-env-08-18_thermostat_rbc_eco_year_2022_case_0_rep_0_zone_0_onoffseed_5_tempseed_10_comforttemp_20_setbacktemp_13_paper2_final_runs_v4-res1
0,126326.87297057998,126326.87297057998,0.0,0.0,-413351.2364229605,-7.864369033922385,2514.3142877548007,0.0478370298279071,-32617.63471098009,-0.6205790470125588,-75429.428632644,-1.4351108948372149,-277385.58693474904,-5.277503556597204,14.044901065449013,0.6205790470125588,2.057779041854314,27738558.693474907,527.7503556597204,611.0535112649076,32617.63471098009,52560.0,31536000.0,08-18,2022.0,0.0,0.0,0.0,10.0,30.0,20.0,17.0,Eplus-env-08-18_thermostat_rbc_eco_year_2022_case_0_rep_0_zone_0_onoffseed_10_tempseed_30_comforttemp_20_setbacktemp_17_paper2_final_runs_v4-res1
0,36851.505469836426,0.0,93539.41093450984,56687.9054646734,-80995.04153898053,-1.541001551350467,463.87507310394335,0.0088256292447477,-9384.13522515201,-0.1785413855622528,-13916.252193118298,-0.2647688773424334,-41462.68968895535,-0.7888639590744929,26.042617960426178,0.1785413855622528,0.4378249415892568,4146268.968895535,78.8863959074493,118.21468049161882,9384.13522515201,52560.0,31536000.0,08-19,2022.0,9.0,0.0,0.0,5.0,42.0,20.0,17.0,Eplus-env-08-19_thermostat_rbc_eco_year_2022_case_9_rep_0_zone_0_onoffseed_5_tempseed_42_comforttemp_20_setbacktemp_17_paper2_final_runs_v4-res1
0,71935.52333143333,71935.52333143333,0.0,0.0,-559174.3200067045,-10.638780822045367,1356.2051258633664,0.0258029894570655,-96095.64161000264,-1.8283036835997453,-40686.153775901,-0.7740896837119672,-404228.2267592563,-7.690795790701223,39.58904109589041,1.8283036835997453,3.4186680368975133,40422822.67592563,769.0795790701222,831.1937404989419,96095.64161000264,52560.0,31536000.0,08-19,2022.0,2.0,0.0,9.0,5.0,42.0,20.0,15.0,Eplus-env-08-19_thermostat_rbc_eco_year_2022_case_2_rep_0_zone_9_onoffseed_5_tempseed_42_comforttemp_20_setbacktemp_15_paper2_final_runs_v4-res1
0,57024.10135796657,57024.10135796657,0.0,0.0,-543981.7095768919,-10.349728112193528,1854.983611346196,0.0352926866694481,-99321.11073771903,-1.889671056653711,-55649.508340385895,-1.0587806000834454,-398009.1815182203,-7.5724730121427,42.903348554033485,1.889671056653711,3.2607223187861387,39800918.15182204,757.2473012142701,820.4796436823132,99321.11073771903,52560.0,31536000.0,08-19,2023.0,2.0,0.0,9.0,5.0,42.0,21.0,17.0,Eplus-env-08-19_thermostat_rbc_eco_year_2023_case_2_rep_0_zone_9_onoffseed_5_tempseed_42_comforttemp_21_setbacktemp_17_paper2_final_runs_v4-res1
0,52021.29290296383,52021.29290296383,0.0,0.0,-495734.7949713726,-9.431788336593849,1682.4793011251472,0.0320106411934008,-52184.2855439485,-0.9928517036519882,-50474.37903375442,-0.9603192358020248,-400991.8897035095,-7.629221645804974,36.12062404870624,0.9928517036519882,1.8224729075076087,40099188.97035094,762.9221645804975,829.5799310179245,52184.2855439485,52560.0,31536000.0,08-19,2023.0,2.0,0.0,9.0,5.0,42.0,19.0,17.0,Eplus-env-08-19_thermostat_rbc_eco_year_2023_case_2_rep_0_zone_9_onoffseed_5_tempseed_42_comforttemp_19_setbacktemp_17_paper2_final_runs_v4-res1
0,20531.03621088648,0.0,117259.49436133156,96728.45815044508,-439023.4507116175,-8.35280537883595,774.7714840734916,0.0147407055569537,-36416.84704796651,-0.6928623867573537,-23243.14452220475,-0.442221166708614,-385810.1629395248,-7.34037600722079,15.312024353120243,0.6928623867573537,2.223214765153976,38581016.29395247,734.0376007220789,806.4920041139345,36416.84704796651,52560.0,31536000.0,08-19,2023.0,12.0,0.0,0.0,15.0,10.0,20.0,17.0,Eplus-env-08-19_thermostat_rbc_eco_year_2023_case_12_rep_0_zone_0_onoffseed_15_tempseed_10_comforttemp_20_setbacktemp_17_paper2_final_runs_v4-res1
0,63356.51572709366,0.0,156349.55653710637,92993.04081001272,-472362.3160935247,-8.987106470576954,790.6821490931605,0.015043419883812,-33322.33019001152,-0.6339864952437504,-23720.46447279481,-0.451302596514361,-387208.02038717794,-7.366971468553614,13.066971080669711,0.6339864952437504,2.529335739001379,38720802.0387178,736.6971468553614,806.162071520834,33322.33019001152,52560.0,31536000.0,08-19,2022.0,12.0,0.0,0.0,15.0,15.0,20.0,13.0,Eplus-env-08-19_thermostat_rbc_eco_year_2022_case_12_rep_0_zone_0_onoffseed_15_tempseed_15_comforttemp_20_setbacktemp_13_paper2_final_runs_v4-res1
0,23177.19912977073,0.0,152829.88507097214,129652.6859412014,-434681.1895705821,-8.270190060323099,942.6424626432656,0.0179345978432889,-30996.891015526813,-0.589742979747466,-28279.273879297973,-0.5380379352986676,-384723.03194698994,-7.319692388641361,12.977549467275496,0.589742979747466,2.164301952168756,38472303.194699,731.9692388641362,798.6364866139351,30996.891015526813,52560.0,31536000.0,08-19,2023.0,7.0,0.0,0.0,10.0,10.0,20.0,13.0,Eplus-env-08-19_thermostat_rbc_eco_year_2023_case_7_rep_0_zone_0_onoffseed_10_tempseed_10_comforttemp_20_setbacktemp_13_paper2_final_runs_v4-res1
0,30856.967434379323,0.0,197338.1811751032,166481.21374072385,-331830.63514650543,-6.3133682486017015,1270.5273802960403,0.0241728953633188,0.0,0.0,-38115.8214088812,-0.7251868608995663,-306586.5500884397,-5.833077436994667,0.0,0.0,0.0,30658655.008843973,583.3077436994668,671.0613707670376,0.0,52560.0,31536000.0,08-19,2023.0,6.0,0.0,0.0,5.0,15.0,20.0,17.0,Eplus-env-08-19_thermostat_rbc_eco_year_2023_case_6_rep_0_zone_0_onoffseed_5_tempseed_15_comforttemp_20_setbacktemp_17_paper2_final_runs_v4-res1
0,27313.406072811995,26847.099588294688,14456.246925304797,13989.9404407875,-70105.68339188519,-1.3338219823418036,985.7497751100814,0.01875475219007,-6684.136645338177,-0.1271715495688389,-29572.49325330244,-0.5626425657021012,-41076.44923837952,-0.7815153964684078,7.7663622526636225,0.1271715495688389,0.6411738148814521,4107644.923837952,78.15153964684079,117.08592616139155,6684.136645338177,52560.0,31536000.0,08-19,2023.0,4.0,0.0,0.0,10.0,10.0,20.0,13.0,Eplus-env-08-19_thermostat_rbc_eco_year_2023_case_4_rep_0_zone_0_onoffseed_10_tempseed_10_comforttemp_20_setbacktemp_13_paper2_final_runs_v4-res1
0,60191.13291198189,50202.42305675708,23978.650296012293,13989.9404407875,-99465.4754732541,-1.892417722093876,1090.419525546285,0.0207461857980647,-14534.722565641914,-0.2765358174589405,-32712.58576638855,-0.6223855739419435,-35688.387072319805,-0.6790027981796005,28.78044140030441,0.2765358174589405,0.6702772548794422,3568838.7072319817,67.90027981796008,102.96509216301207,14534.722565641914,52560.0,31536000.0,08-19,2022.0,3.0,0.0,0.0,5.0,42.0,20.0,17.0,Eplus-env-08-19_thermostat_rbc_eco_year_2022_case_3_rep_0_zone_0_onoffseed_5_tempseed_42_comforttemp_20_setbacktemp_17_paper2_final_runs_v4-res1
0,13749.452691550046,0.0,91590.42531588118,77840.97262433113,-51843.809240546674,-0.9863738439982244,606.6928188985667,0.0115428618511903,-7239.047603865334,-0.1377292162074835,-18200.784566957,-0.3462858555357115,-33356.33438972425,-0.6346334549034295,7.374429223744292,0.1377292162074835,0.791358158434719,3335633.4389724247,63.46334549034294,96.0324076173214,7239.047603865334,52560.0,31536000.0,08-19,2023.0,8.0,0.0,0.0,15.0,15.0,20.0,13.0,Eplus-env-08-19_thermostat_rbc_eco_year_2023_case_8_rep_0_zone_0_onoffseed_15_tempseed_15_comforttemp_20_setbacktemp_13_paper2_final_runs_v4-res1
0,4609.316029792231,0.0,28839.57888111601,24230.262851323776,-69628.9754855318,-1.3247521972133145,194.84365348729568,0.0037070710328633,-25011.137776530744,-0.4758587857026397,-5845.309604618869,-0.1112121309858993,-40846.95626502805,-0.7771490918003815,28.603500761035004,0.4758587857026397,1.3540052154588869,4084695.626502804,77.71490918003813,116.47399060118587,25011.137776530744,52560.0,31536000.0,08-19,2023.0,14.0,0.0,0.0,15.0,42.0,20.0,17.0,Eplus-env-08-19_thermostat_rbc_eco_year_2023_case_14_rep_0_zone_0_onoffseed_15_tempseed_42_comforttemp_20_setbacktemp_17_paper2_final_runs_v4-res1
0,7229.040458286996,0.0,47158.15655240242,39929.11609411542,-46685.37253475466,-0.8882300710569762,303.76595991035623,0.0057794132403035,-12.1720585127712,-0.0002315840660725,-9112.978797310689,-0.1733823972091074,-40759.122477317294,-0.775477977117909,0.045662100456621,0.0002315840660725,0.0178409156045425,4075912.2477317294,77.54779771179089,115.89316868859598,12.1720585127712,52560.0,31536000.0,08-19,2023.0,14.0,0.0,0.0,5.0,10.0,20.0,13.0,Eplus-env-08-19_thermostat_rbc_eco_year_2023_case_14_rep_0_zone_0_onoffseed_5_tempseed_10_comforttemp_20_setbacktemp_13_paper2_final_runs_v4-res1
0,14401.69664427758,0.0,36852.788398370176,22451.0917540926,-112395.13791270106,-2.13841586591897,179.3000699052492,0.0034113407516219,-66529.82589759325,-1.2657881639572537,-5379.002097157475,-0.1023402225486582,-34083.28399042431,-0.6484643072759572,32.99086757990868,1.2657881639572537,2.7544610343340734,3408328.399042431,64.84643072759572,98.6398828962064,66529.82589759325,52560.0,31536000.0,08-19,2022.0,13.0,0.0,9.0,5.0,42.0,20.0,13.0,Eplus-env-08-19_thermostat_rbc_eco_year_2022_case_13_rep_0_zone_9_onoffseed_5_tempseed_42_comforttemp_20_setbacktemp_13_paper2_final_runs_v4-res1
0,10359.166949404038,0.0,68553.74533052451,58194.57838112048,-45826.00969041333,-0.8718799408373922,437.900816863916,0.0083314462873652,-3859.574867229033,-0.073431789711359,-13137.02450591748,-0.2499433886209566,-33491.60034187686,-0.6372070080265765,5.460426179604261,0.073431789711359,0.431081709323277,3349160.0341876857,63.720700802657646,96.339041452106,3859.574867229033,52560.0,31536000.0,08-19,2023.0,13.0,0.0,0.0,10.0,15.0,20.0,17.0,Eplus-env-08-19_thermostat_rbc_eco_year_2023_case_13_rep_0_zone_0_onoffseed_10_tempseed_15_comforttemp_20_setbacktemp_17_paper2_final_runs_v4-res1
0,116174.36945267062,116174.36945267062,0.0,0.0,-413461.728157858,-7.866471235880099,2281.891146340848,0.0434149761480374,-37141.5518146404,-0.7066505291978767,-68456.73439022542,-1.3024492844411228,-281277.92469398776,-5.351558689002811,22.35730593607306,0.7066505291978767,2.2315250814777,28127792.46939877,535.1558689002811,618.9377230129595,37141.5518146404,52560.0,31536000.0,08-18,2022.0,0.0,0.0,0.0,10.0,42.0,20.0,17.0,Eplus-env-08-18_thermostat_rbc_eco_year_2022_case_0_rep_0_zone_0_onoffseed_10_tempseed_42_comforttemp_20_setbacktemp_17_paper2_final_runs_v4-res1
0,101414.46838347315,101414.46838347315,0.0,0.0,-438769.2368989134,-8.347968738563802,1988.4361924337184,0.0378317388210372,-69200.53942065494,-1.3166008261159616,-59653.08577301156,-1.134952164631118,-286601.5208937391,-5.452844765862617,24.998097412480973,1.3166008261159616,3.954991219625625,28660152.08937392,545.2844765862617,626.9607290071002,69200.53942065494,52560.0,31536000.0,08-18,2022.0,0.0,0.0,0.0,15.0,42.0,20.0,15.0,Eplus-env-08-18_thermostat_rbc_eco_year_2022_case_0_rep_0_zone_0_onoffseed_15_tempseed_42_comforttemp_20_setbacktemp_15_paper2_final_runs_v4-res1
0,51351.630128201374,0.0,132398.55467934883,81046.92455114749,-317440.4946082757,-6.03958323075106,647.5318058086024,0.0123198593190373,-115.28624834301758,-0.0021934217721274,-19425.95417425807,-0.36959577957112,-275314.43975205114,-5.238098168798538,14.505327245053271,0.0021934217721274,0.0177135941434293,27531443.975205112,523.8098168798538,608.9737667063376,115.28624834301758,52560.0,31536000.0,08-18,2022.0,10.0,0.0,0.0,5.0,42.0,20.0,13.0,Eplus-env-08-18_thermostat_rbc_eco_year_2022_case_10_rep_0_zone_0_onoffseed_5_tempseed_42_comforttemp_20_setbacktemp_13_paper2_final_runs_v4-res1
0,27353.539070624,0.0,153572.29530309737,126218.7562324734,-294233.98105356283,-5.598059000258044,998.4316290299944,0.0189960355599314,-91.6354697787548,-0.0017434450110113,-29952.948870899825,-0.5698810667979419,-271764.4152701066,-5.1705558460826975,14.094368340943683,0.0017434450110113,0.0067520468576196,27176441.527010657,517.0555846082698,606.4311079640738,91.6354697787548,52560.0,31536000.0,08-19,2023.0,5.0,0.0,0.0,5.0,42.0,20.0,17.0,Eplus-env-08-19_thermostat_rbc_eco_year_2023_case_5_rep_0_zone_0_onoffseed_5_tempseed_42_comforttemp_20_setbacktemp_17_paper2_final_runs_v4-res1
0,107010.66495981558,0.0,273517.11462366313,166506.4496638475,-398706.4424535183,-7.585739011672723,1361.9686163763445,0.0259126449082257,-15.504401243529596,-0.000294984802959,-40859.05849129033,-0.7773793472467718,-311145.51304864965,-5.919815697272634,0.0399543378995433,0.000294984802959,0.0178021368053255,31114551.30486496,591.9815697272633,677.6962499370155,15.504401243529596,52560.0,31536000.0,08-19,2022.0,6.0,0.0,0.0,5.0,15.0,20.0,13.0,Eplus-env-08-19_thermostat_rbc_eco_year_2022_case_6_rep_0_zone_0_onoffseed_5_tempseed_15_comforttemp_20_setbacktemp_13_paper2_final_runs_v4-res1
0,6627.761303056703,0.0,46506.52534050529,39878.76403744859,-361630.5348125154,-6.880337420329441,322.1899258699681,0.0061299453171607,-59487.43152906357,-1.1318004476610268,-9665.69777609904,-0.1838983595148219,-296720.93176142115,-5.645375414030083,32.00152207001522,1.1318004476610268,2.2686136816494056,29672093.17614212,564.5375414030084,631.6719067875439,59487.43152906357,52560.0,31536000.0,08-19,2023.0,10.0,0.0,9.0,5.0,42.0,18.0,15.0,Eplus-env-08-19_thermostat_rbc_eco_year_2023_case_10_rep_0_zone_9_onoffseed_5_tempseed_42_comforttemp_18_setbacktemp_15_paper2_final_runs_v4-res1
0,51558.740984569486,0.0,127579.7779671494,76021.03698257993,-449230.9179956955,-8.547011377391467,637.7965895671551,0.0121346383098773,-69757.69815490962,-1.3272012586550537,-19133.89768701465,-0.3640391492963214,-337293.0138413095,-6.417294783890973,27.690258751902583,1.3272012586550537,4.148479633209042,33729301.384130955,641.7294783890973,715.9343922983235,69757.69815490962,52560.0,31536000.0,08-19,2022.0,11.0,0.0,0.0,15.0,42.0,20.0,13.0,Eplus-env-08-19_thermostat_rbc_eco_year_2022_case_11_rep_0_zone_0_onoffseed_15_tempseed_42_comforttemp_20_setbacktemp_13_paper2_final_runs_v4-res1
0,71407.68039265968,0.0,199258.3057621912,127850.62536953152,-476731.48620846285,-9.070233755868776,1003.975385060038,0.0191015103702442,-30961.89210126665,-0.5890770947729577,-30119.261551801133,-0.5730453111073275,-387350.9707779613,-7.369691224847057,12.570395738203958,0.5890770947729577,2.3051240861052538,38735097.07779613,736.9691224847057,804.1837678122312,30961.89210126665,52560.0,31536000.0,08-19,2022.0,7.0,0.0,0.0,10.0,10.0,20.0,13.0,Eplus-env-08-19_thermostat_rbc_eco_year_2022_case_7_rep_0_zone_0_onoffseed_10_tempseed_10_comforttemp_20_setbacktemp_13_paper2_final_runs_v4-res1
0,25799.46243511269,0.0,153923.6813342129,128124.2188991002,-335212.4259412172,-6.377709778181453,1009.7177736319549,0.0192107643385075,-39701.63381549203,-0.7553583298229077,-30291.533208958645,-0.5763229301552254,-274404.25190755946,-5.220781048469548,14.61187214611872,0.7553583298229077,2.707404689898311,27440425.19075595,522.0781048469548,600.2981722934642,39701.63381549203,52560.0,31536000.0,08-19,2023.0,5.0,0.0,0.0,15.0,15.0,20.0,15.0,Eplus-env-08-19_thermostat_rbc_eco_year_2023_case_5_rep_0_zone_0_onoffseed_15_tempseed_15_comforttemp_20_setbacktemp_15_paper2_final_runs_v4-res1
0,76033.75437394272,76033.75437394272,0.0,0.0,-468618.7740468657,-8.915882306827735,2527.2891331556484,0.0480838876171166,-26424.51499777003,-0.5027495243106931,-75818.67399466944,-1.4425166285134978,-379991.0445957732,-7.229662187895228,12.95662100456621,0.5027495243106931,1.7253830443529297,37999104.45957732,722.9662187895227,795.7418743445122,26424.51499777003,52560.0,31536000.0,08-19,2023.0,2.0,0.0,0.0,10.0,10.0,20.0,17.0,Eplus-env-08-19_thermostat_rbc_eco_year_2023_case_2_rep_0_zone_0_onoffseed_10_tempseed_10_comforttemp_20_setbacktemp_17_paper2_final_runs_v4-res1
0,7851.973283732832,0.0,57667.80820588337,49815.83492215054,-429217.8474415723,-8.166245194854875,370.93422064844265,0.0070573481858531,-83073.87638517367,-1.5805532036752985,-11128.02661945328,-0.2117204455755951,-339720.2717129769,-6.4634754892118895,35.65258751902587,1.5805532036752985,3.116498819351709,33972027.17129768,646.3475489211887,705.9069672914034,83073.87638517367,52560.0,31536000.0,08-19,2023.0,11.0,0.0,9.0,5.0,42.0,20.0,13.0,Eplus-env-08-19_thermostat_rbc_eco_year_2023_case_11_rep_0_zone_9_onoffseed_5_tempseed_42_comforttemp_20_setbacktemp_13_paper2_final_runs_v4-res1
0,73451.35631524738,0.0,203721.32695625417,130269.9706410068,-476527.7428754946,-9.066357360644874,1025.449873701847,0.0195100813109179,-29469.4490591454,-0.5606820597249885,-30763.496211055404,-0.5853024393275381,-386967.7392148452,-7.362399908958243,12.359208523592086,0.5606820597249885,2.1301483953554485,38696773.92148453,736.2399908958243,804.0507708176078,29469.4490591454,52560.0,31536000.0,08-19,2022.0,7.0,0.0,0.0,10.0,10.0,20.0,15.0,Eplus-env-08-19_thermostat_rbc_eco_year_2022_case_7_rep_0_zone_0_onoffseed_10_tempseed_10_comforttemp_20_setbacktemp_15_paper2_final_runs_v4-res1
0,23765.895279012315,0.0,154256.86379995148,130490.96852093916,-433957.68241664267,-8.25642470351299,954.7093783837784,0.0181641814760992,-30083.51600937005,-0.5723652208784257,-28641.28135151336,-0.5449254442829785,-384431.2874795126,-7.31414169481569,12.920471841704718,0.5723652208784257,2.0637701535874875,38443128.74795125,731.4141694815688,798.7896052102604,30083.51600937005,52560.0,31536000.0,08-19,2023.0,7.0,0.0,0.0,10.0,10.0,20.0,15.0,Eplus-env-08-19_thermostat_rbc_eco_year_2023_case_7_rep_0_zone_0_onoffseed_10_tempseed_10_comforttemp_20_setbacktemp_15_paper2_final_runs_v4-res1
0,16169.487315905792,0.0,105043.86172340235,88874.37440749655,-314184.8365675168,-5.9776414872054175,679.9534745033795,0.012936709941084,-29540.05694509096,-0.5620254365504368,-20398.60423510139,-0.3881012982325226,-271416.52204928326,-5.163936873083776,12.460045662100455,0.5620254365504368,2.058603554750184,27141652.204928324,516.3936873083776,592.7232549350612,29540.05694509096,52560.0,31536000.0,08-19,2023.0,10.0,0.0,0.0,10.0,10.0,20.0,15.0,Eplus-env-08-19_thermostat_rbc_eco_year_2023_case_10_rep_0_zone_0_onoffseed_10_tempseed_10_comforttemp_20_setbacktemp_15_paper2_final_runs_v4-res1
0,67058.4629103276,0.0,176170.8941265163,109112.43121618874,-344283.0286225374,-6.550285932696678,885.5362925509306,0.0168481029785184,-19380.56979774776,-0.3687323020880472,-26566.08877652792,-0.505443089355554,-270041.9303178506,-5.137784062363977,10.234018264840184,0.3687323020880472,1.4798147332619005,27004193.031785063,513.7784062363977,592.0402960137018,19380.56979774776,52560.0,31536000.0,08-19,2022.0,10.0,0.0,0.0,10.0,15.0,20.0,17.0,Eplus-env-08-19_thermostat_rbc_eco_year_2022_case_10_rep_0_zone_0_onoffseed_10_tempseed_15_comforttemp_20_setbacktemp_17_paper2_final_runs_v4-res1
0,57481.14937436955,0.0,150665.87243706084,93184.72306269128,-351811.5476151969,-6.693522595418511,755.0134464404525,0.0143647915989431,-29899.43375475624,-0.5688628948774018,-22650.40339321358,-0.4309437479682949,-274886.78555726894,-5.229961673464021,11.723744292237445,0.5688628948774018,2.2792207311415043,27488678.555726893,522.9961673464021,599.3362585235934,29899.43375475624,52560.0,31536000.0,08-19,2022.0,10.0,0.0,0.0,10.0,10.0,20.0,13.0,Eplus-env-08-19_thermostat_rbc_eco_year_2022_case_10_rep_0_zone_0_onoffseed_10_tempseed_10_comforttemp_20_setbacktemp_13_paper2_final_runs_v4-res1
0,28725.654566943536,0.0,173322.9416169816,144597.2870500381,-335802.47575939645,-6.388935992378166,1116.2754894419622,0.0212381181400677,-5.300690541919174,-0.0001008502766727,-33488.26468325887,-0.6371435442020333,-312296.717067638,-5.941718361256431,0.0171232876712328,0.0001008502766727,0.0103937431673929,31229671.706763804,594.1718361256432,679.3623023051427,5.300690541919174,52560.0,31536000.0,08-19,2023.0,6.0,0.0,0.0,5.0,10.0,20.0,13.0,Eplus-env-08-19_thermostat_rbc_eco_year_2023_case_6_rep_0_zone_0_onoffseed_5_tempseed_10_comforttemp_20_setbacktemp_13_paper2_final_runs_v4-res1
0,20333.06260386957,0.0,50719.4264222701,30386.36381840053,-89104.12923653686,-1.6952840417910362,251.927896961472,0.0047931487245333,-37854.04980018346,-0.7202064269441298,-7557.836908844159,-0.1437944617359999,-34615.6009201277,-0.6585921027421556,28.77663622526636,0.7202064269441298,1.5628070086685206,3461560.092012769,65.85921027421554,100.05687054466708,37854.04980018346,52560.0,31536000.0,08-19,2022.0,13.0,0.0,9.0,5.0,42.0,19.0,17.0,Eplus-env-08-19_thermostat_rbc_eco_year_2022_case_13_rep_0_zone_9_onoffseed_5_tempseed_42_comforttemp_19_setbacktemp_17_paper2_final_runs_v4-res1
0,7363.67615843933,0.0,49345.8070483669,41982.130889927575,-52843.85701624615,-1.0054006281629784,321.4856548584186,0.0061165459447948,-12156.825283704053,-0.2312942405575352,-9644.56964575256,-0.1834963783438462,-34662.80826732288,-0.6594902638379543,28.9117199391172,0.2312942405575352,0.5251018473711317,3466280.826732288,65.94902638379544,100.09034042247475,12156.825283704053,52560.0,31536000.0,08-19,2023.0,13.0,0.0,0.0,5.0,42.0,20.0,15.0,Eplus-env-08-19_thermostat_rbc_eco_year_2023_case_13_rep_0_zone_0_onoffseed_5_tempseed_42_comforttemp_20_setbacktemp_15_paper2_final_runs_v4-res1
0,172819.50435151544,172819.50435151544,0.0,0.0,-399583.9991068726,-7.602435295031823,3557.128393430136,0.0676774808491273,0.0,0.0,-106713.85180290409,-2.0303244254738217,-258200.3625968979,-4.912487872848134,0.0,0.0,0.0,25820036.25968979,491.2487872848133,586.4472183593649,0.0,52560.0,31536000.0,08-18,2022.0,0.0,0.0,0.0,5.0,15.0,20.0,13.0,Eplus-env-08-18_thermostat_rbc_eco_year_2022_case_0_rep_0_zone_0_onoffseed_5_tempseed_15_comforttemp_20_setbacktemp_13_paper2_final_runs_v4-res1
0,39250.29650988156,0.0,99603.94116628548,60353.64465640392,-411165.4531296868,-7.822782593791606,489.0535239687928,0.0093046713083864,-89487.06443198388,-1.7025697190255684,-14671.605719063784,-0.2791401392515941,-289567.7211229688,-5.509279321213258,39.89345509893455,1.7025697190255684,3.103390553116001,28956772.112296883,550.9279321213257,619.7997826031232,89487.06443198388,52560.0,31536000.0,08-19,2022.0,10.0,0.0,9.0,5.0,42.0,21.0,17.0,Eplus-env-08-19_thermostat_rbc_eco_year_2022_case_10_rep_0_zone_9_onoffseed_5_tempseed_42_comforttemp_21_setbacktemp_17_paper2_final_runs_v4-res1
0,45873.52169714015,35884.81184191536,23978.650296012293,13989.9404407875,-96018.19661970306,-1.826830224880195,826.2493903721563,0.015720117777248,-17052.05244260084,-0.3244302215106705,-24787.481711164684,-0.4716035333174407,-41437.01607667185,-0.7883754961315039,12.47716894977169,0.3244302215106705,1.385674830494225,4143701.607667185,78.8375496131504,117.95343473785722,17052.05244260084,52560.0,31536000.0,08-19,2022.0,4.0,0.0,0.0,15.0,30.0,20.0,15.0,Eplus-env-08-19_thermostat_rbc_eco_year_2022_case_4_rep_0_zone_0_onoffseed_15_tempseed_30_comforttemp_20_setbacktemp_15_paper2_final_runs_v4-res1
0,100976.74434771435,0.0,256524.30365569008,155547.55930797572,-349337.53805748926,-6.646452398354057,1281.445555235781,0.0243806231970277,-103.10325726357252,-0.0019616297044058,-38443.36665707344,-0.731418695910834,-266625.36024936056,-5.072780826662111,0.1864535768645357,0.0019616297044058,0.0693264215819038,26662536.024936058,507.2780826662112,596.8271979952881,103.10325726357252,52560.0,31536000.0,08-19,2022.0,5.0,0.0,0.0,5.0,10.0,20.0,13.0,Eplus-env-08-19_thermostat_rbc_eco_year_2022_case_5_rep_0_zone_0_onoffseed_5_tempseed_10_comforttemp_20_setbacktemp_13_paper2_final_runs_v4-res1
0,67317.66993439874,0.0,187210.54332674664,119892.87339234789,-380855.46246819146,-7.246108494448087,942.2546856063948,0.0179272200457837,-43823.32744467192,-0.8337771583841689,-28267.64056819184,-0.5378166013735128,-281959.54925018793,-5.364527192735691,14.720319634703197,0.8337771583841689,2.944164687297248,28195954.92501879,536.4527192735691,612.1569080899894,43823.32744467192,52560.0,31536000.0,08-19,2022.0,5.0,0.0,0.0,10.0,30.0,20.0,13.0,Eplus-env-08-19_thermostat_rbc_eco_year_2022_case_5_rep_0_zone_0_onoffseed_10_tempseed_30_comforttemp_20_setbacktemp_13_paper2_final_runs_v4-res1
0,58869.09661515817,0.0,159239.8224795902,100370.72586443204,-414230.6161895524,-7.8811000036064,789.8542288642291,0.0150276679768688,-35463.726345661256,-0.6747284312340421,-23695.626865926868,-0.4508300393060667,-330606.0819030302,-6.290070051427516,24.06392694063927,0.6747284312340421,2.154119276801853,33060608.190303024,629.0070051427516,707.7672514786879,35463.726345661256,52560.0,31536000.0,08-19,2022.0,11.0,0.0,0.0,10.0,42.0,20.0,17.0,Eplus-env-08-19_thermostat_rbc_eco_year_2022_case_11_rep_0_zone_0_onoffseed_10_tempseed_42_comforttemp_20_setbacktemp_17_paper2_final_runs_v4-res1
0,25772.27056045172,0.0,158701.0724298176,132928.80186936588,-333276.4702305478,-6.340876526456389,1017.7559554589124,0.0193636977827038,0.0,0.0,-30532.67866376737,-0.5809109334811143,-312192.1756850422,-5.939729369958947,0.0,0.0,0.0,31219217.568504225,593.9729369958947,679.5273522490982,0.0,52560.0,31536000.0,08-19,2023.0,11.0,0.0,0.0,5.0,10.0,20.0,15.0,Eplus-env-08-19_thermostat_rbc_eco_year_2023_case_11_rep_0_zone_0_onoffseed_5_tempseed_10_comforttemp_20_setbacktemp_15_paper2_final_runs_v4-res1
0,59023.078263313146,49034.36840808834,23978.650296012293,13989.9404407875,-90145.8451690322,-1.7151035991063968,1104.239216917143,0.0210091175212546,-91.9297166238628,-0.0017490433147614,-33127.17650751429,-0.6302735256376387,-41767.13512519188,-0.7946562999465729,0.2245053272450532,0.0017490433147614,0.0548581154732054,4176713.512519187,79.46562999465728,118.76384609167664,91.9297166238628,52560.0,31536000.0,08-19,2022.0,4.0,0.0,0.0,5.0,10.0,20.0,13.0,Eplus-env-08-19_thermostat_rbc_eco_year_2022_case_4_rep_0_zone_0_onoffseed_5_tempseed_10_comforttemp_20_setbacktemp_13_paper2_final_runs_v4-res1
0,11743.58185780319,11277.275373285893,14456.246925304798,13989.9404407875,-90570.73811986433,-1.7231875593581494,454.6262684600905,0.0086496626419347,-46554.83932059664,-0.8857465624162223,-13638.788053802717,-0.2594898792580425,-34408.4744813989,-0.6546513409702988,27.753044140030443,0.8857465624162223,2.066733999170689,3440847.4481398896,65.46513409702986,99.70421189524976,46554.83932059664,52560.0,31536000.0,08-19,2023.0,3.0,0.0,9.0,5.0,42.0,18.0,13.0,Eplus-env-08-19_thermostat_rbc_eco_year_2023_case_3_rep_0_zone_9_onoffseed_5_tempseed_42_comforttemp_18_setbacktemp_13_paper2_final_runs_v4-res1
0,31476.59815047444,31010.29166595713,14456.246925304797,13989.9404407875,-75544.04165807598,-1.4372915079542614,1113.7711471274858,0.0211904708357588,-14730.203055287237,-0.2802550048570631,-33413.13441382458,-0.6357141250727659,-35062.8336558856,-0.6671010969536835,11.17579908675799,0.2802550048570631,1.1520178041867637,3506283.36558856,66.71010969536835,101.2688469296394,14730.203055287237,52560.0,31536000.0,08-19,2023.0,3.0,0.0,0.0,10.0,30.0,20.0,15.0,Eplus-env-08-19_thermostat_rbc_eco_year_2023_case_3_rep_0_zone_0_onoffseed_10_tempseed_30_comforttemp_20_setbacktemp_15_paper2_final_runs_v4-res1
0,75183.23320231227,0.0,204069.05578754068,128885.82258522844,-420151.3046601991,-7.993746283489329,1021.7609435328724,0.0194398961859374,-30887.17493538603,-0.587655535300343,-30652.82830598617,-0.5831968855781235,-327756.7266420014,-6.235858573858475,13.757610350076105,0.587655535300343,1.9727505282226616,32775672.66420014,623.5858573858474,700.8484285435829,30887.17493538603,52560.0,31536000.0,08-19,2022.0,6.0,0.0,0.0,10.0,30.0,20.0,17.0,Eplus-env-08-19_thermostat_rbc_eco_year_2022_case_6_rep_0_zone_0_onoffseed_10_tempseed_30_comforttemp_20_setbacktemp_17_paper2_final_runs_v4-res1
0,26763.80812977597,0.0,158872.6816264591,132108.87349668314,-374838.66333160055,-7.131633625030452,1044.159175541192,0.0198660421526101,-30901.136797932508,-0.5879211719545758,-31324.77526623576,-0.5959812645783059,-322042.0551026984,-6.12713194639837,14.071537290715373,0.5879211719545758,2.0180083028925533,32204205.51026984,612.7131946398371,689.0127698637035,30901.136797932508,52560.0,31536000.0,08-19,2023.0,6.0,0.0,0.0,15.0,15.0,20.0,17.0,Eplus-env-08-19_thermostat_rbc_eco_year_2023_case_6_rep_0_zone_0_onoffseed_15_tempseed_15_comforttemp_20_setbacktemp_17_paper2_final_runs_v4-res1
0,61426.91611718811,0.0,155752.47967627784,94325.5635590897,-84600.78522396027,-1.6096039806689548,773.4119522282699,0.0147148392737494,-14.983315083188296,-0.000285070682709,-23202.3585668481,-0.4414451782124828,-34332.441833405486,-0.6532047532991911,0.045662100456621,0.000285070682709,0.0195698098919678,3433244.183340548,65.3204753299191,98.3645435457058,14.983315083188296,52560.0,31536000.0,08-19,2022.0,8.0,0.0,0.0,5.0,15.0,20.0,15.0,Eplus-env-08-19_thermostat_rbc_eco_year_2022_case_8_rep_0_zone_0_onoffseed_5_tempseed_15_comforttemp_20_setbacktemp_15_paper2_final_runs_v4-res1
0,49490.88059931958,0.0,125951.24642205347,76460.3658227339,-75626.6671723604,-1.4388635306765676,623.976243777487,0.0118716941357969,-178.4062807897197,-0.0033943356314634,-18719.28731332461,-0.3561508240739081,-34959.771473267334,-0.6651402487303526,0.7229832572298325,0.0033943356314634,0.0858123324776997,3495977.147326733,66.51402487303527,100.67027389530982,178.4062807897197,52560.0,31536000.0,08-19,2022.0,8.0,0.0,0.0,5.0,30.0,20.0,15.0,Eplus-env-08-19_thermostat_rbc_eco_year_2022_case_8_rep_0_zone_0_onoffseed_5_tempseed_30_comforttemp_20_setbacktemp_15_paper2_final_runs_v4-res1
0,29690.312502087785,29690.312502087785,0.0,0.0,-513072.0089109635,-9.761644005155317,944.6478379834502,0.0179727518642208,-80532.91149957756,-1.5322091228991164,-28339.435139503505,-0.5391825559266268,-408249.452753428,-7.767303134578158,34.31506849315068,1.5322091228991164,3.0776594711678094,40824945.2753428,776.7303134578158,837.2887211559485,80532.91149957756,52560.0,31536000.0,08-19,2023.0,2.0,0.0,9.0,5.0,42.0,18.0,13.0,Eplus-env-08-19_thermostat_rbc_eco_year_2023_case_2_rep_0_zone_9_onoffseed_5_tempseed_42_comforttemp_18_setbacktemp_13_paper2_final_runs_v4-res1
0,7230.789130233935,0.0,47180.7827407116,39949.99361047767,-46688.10474591396,-0.8882820537654863,304.00085660804086,0.0057838823555563,-12.11689040765475,-0.00023053444459,-9120.025698241225,-0.1735164706666899,-40760.47926806192,-0.7755037912492755,0.0418569254185692,0.00023053444459,0.0175958436360833,4076047.926806191,77.55037912492753,115.89812925857464,12.11689040765475,52560.0,31536000.0,08-19,2023.0,14.0,0.0,0.0,5.0,10.0,20.0,15.0,Eplus-env-08-19_thermostat_rbc_eco_year_2023_case_14_rep_0_zone_0_onoffseed_5_tempseed_10_comforttemp_20_setbacktemp_15_paper2_final_runs_v4-res1
0,30755.67508032857,0.0,174348.59478581196,143592.91970548342,-291787.2930040526,-5.551508618798565,1122.3045946587624,0.0213528271434315,-0.9415736784500376,-1.791426328862324e-05,-33669.13783976287,-0.6405848143029466,-266625.13364715734,-5.072776515356875,0.0076103500761035,1.791426328862324e-05,0.0025469069978292,26662513.36471574,507.2776515356876,598.0753667469585,0.9415736784500376,52560.0,31536000.0,08-19,2023.0,5.0,0.0,0.0,5.0,30.0,20.0,17.0,Eplus-env-08-19_thermostat_rbc_eco_year_2023_case_5_rep_0_zone_0_onoffseed_5_tempseed_30_comforttemp_20_setbacktemp_17_paper2_final_runs_v4-res1
0,62043.94404266338,0.0,156695.38855327156,94651.4445106082,-371109.3638030387,-7.060680437652944,779.1621229264496,0.0148242413037756,-25275.18022072068,-0.4808824242907283,-23374.863687793488,-0.4447272391132703,-295076.0329610151,-5.614079774752951,32.62747336377473,0.4808824242907283,0.923442151637384,29507603.296101514,561.4079774752952,638.7837523994992,25275.18022072068,52560.0,31536000.0,08-19,2022.0,5.0,0.0,9.0,5.0,42.0,18.0,17.0,Eplus-env-08-19_thermostat_rbc_eco_year_2022_case_5_rep_0_zone_9_onoffseed_5_tempseed_42_comforttemp_18_setbacktemp_17_paper2_final_runs_v4-res1
0,84077.88245092881,0.0,213671.04531231732,129593.16286138856,-344972.54951108404,-6.5634046710632425,1059.2526653780003,0.0201532090064307,-119.4142763403043,-0.0022719611175856,-31777.579961340016,-0.6045962701929227,-276069.0196016389,-5.252454710837879,15.639269406392694,0.0022719611175856,0.0234584138516258,27606901.960163888,525.2454710837878,614.3808402517142,119.4142763403043,52560.0,31536000.0,08-19,2022.0,5.0,0.0,0.0,5.0,42.0,20.0,17.0,Eplus-env-08-19_thermostat_rbc_eco_year_2022_case_5_rep_0_zone_0_onoffseed_5_tempseed_42_comforttemp_20_setbacktemp_17_paper2_final_runs_v4-res1
0,22136.979898472066,0.0,57886.819138160674,35749.83923968862,-62326.05525212328,-1.1858077483280685,283.01739005183947,0.005384653539799,-4283.762351614676,-0.0815023278465501,-8490.521701555186,-0.1615396061939723,-39932.0296455686,-0.7597418121303006,5.279680365296803,0.0815023278465501,0.5744710463888393,3993202.96455686,75.97418121303006,113.74188703450923,4283.762351614676,52560.0,31536000.0,08-19,2022.0,14.0,0.0,0.0,10.0,10.0,20.0,15.0,Eplus-env-08-19_thermostat_rbc_eco_year_2022_case_14_rep_0_zone_0_onoffseed_10_tempseed_10_comforttemp_20_setbacktemp_15_paper2_final_runs_v4-res1
0,4161.847094435136,0.0,37472.325172817815,33310.47807838268,-71361.6330467148,-1.35771752371984,256.1898216386803,0.0048742355715121,-27269.70585155276,-0.5188300200067114,-7685.694649160409,-0.1462270671453654,-40687.12008720466,-0.7741080686302256,23.92884322678843,0.5188300200067114,1.2524742017558352,4068712.008720466,77.41080686302256,116.25410888039222,27269.70585155276,52560.0,31536000.0,08-19,2023.0,9.0,0.0,9.0,5.0,42.0,18.0,15.0,Eplus-env-08-19_thermostat_rbc_eco_year_2023_case_9_rep_0_zone_9_onoffseed_5_tempseed_42_comforttemp_18_setbacktemp_15_paper2_final_runs_v4-res1
0,85034.54424439941,85034.54424439941,0.0,0.0,-533084.5719741238,-10.14240053223219,1675.1751671145166,0.0318716736513416,-68304.79669356771,-1.299558536787818,-50255.2550134355,-0.9561502095402492,-395213.01463421294,-7.519273489996441,25.24353120243531,1.299558536787818,4.088062489951373,39521301.4634213,751.9273489996442,823.366861974697,68304.79669356771,52560.0,31536000.0,08-19,2022.0,2.0,0.0,0.0,15.0,42.0,20.0,13.0,Eplus-env-08-19_thermostat_rbc_eco_year_2022_case_2_rep_0_zone_0_onoffseed_15_tempseed_42_comforttemp_20_setbacktemp_13_paper2_final_runs_v4-res1
0,95886.79308549812,95886.79308549812,0.0,0.0,-526326.6933777416,-10.0138259775065,1919.251073979644,0.0365154313923067,-56244.5234675308,-1.0701012836288204,-57577.53221938931,-1.095462941769203,-391637.1844869647,-7.451240191913331,16.352739726027394,1.0701012836288204,3.5716635018899727,39163718.448696464,745.124019191333,817.1711962342109,56244.5234675308,52560.0,31536000.0,08-19,2022.0,2.0,0.0,0.0,15.0,30.0,20.0,13.0,Eplus-env-08-19_thermostat_rbc_eco_year_2022_case_2_rep_0_zone_0_onoffseed_15_tempseed_30_comforttemp_20_setbacktemp_13_paper2_final_runs_v4-res1
0,72944.91703852497,72944.91703852497,0.0,0.0,-431789.8829188259,-8.215180420830022,2431.8650366694264,0.0462683606672265,-47793.856266192175,-0.9093199441817384,-72955.95110008279,-1.3880508200167958,-324319.79002341646,-6.170467846716447,15.711567732115675,0.9093199441817384,3.010549582879809,32431979.002341643,617.0467846716447,694.9954436747926,47793.856266192175,52560.0,31536000.0,08-19,2023.0,1.0,0.0,0.0,15.0,10.0,20.0,15.0,Eplus-env-08-19_thermostat_rbc_eco_year_2023_case_1_rep_0_zone_0_onoffseed_15_tempseed_10_comforttemp_20_setbacktemp_15_paper2_final_runs_v4-res1
0,94890.85865677,0.0,243120.3556922816,148229.49703551165,-454418.5300010234,-8.645710235940323,1212.03912131503,0.0230601050478506,-0.3287196646125174,-6.254179311501473e-06,-36361.1736394509,-0.6918031514355194,-376787.98981425527,-7.168721267394507,0.0038051750380517,6.254179311501473e-06,0.0013193587831778,37678798.98142552,716.8721267394506,796.6673369835315,0.3287196646125174,52560.0,31536000.0,08-19,2022.0,7.0,0.0,0.0,5.0,10.0,20.0,17.0,Eplus-env-08-19_thermostat_rbc_eco_year_2022_case_7_rep_0_zone_0_onoffseed_5_tempseed_10_comforttemp_20_setbacktemp_17_paper2_final_runs_v4-res1
0,28668.41052127508,18679.70066605028,23978.650296012296,13989.9404407875,-107741.16074591163,-2.0498698772053205,452.9459967559294,0.0086176940022056,-43183.162996519255,-0.8215974694923754,-13588.37990267788,-0.2585308200661697,-41104.371101937264,-0.782046634359537,28.68150684931507,0.8215974694923754,1.8661483472562648,4110437.110193726,78.20466343595369,117.33393960177705,43183.162996519255,52560.0,31536000.0,08-19,2022.0,4.0,0.0,9.0,5.0,42.0,19.0,15.0,Eplus-env-08-19_thermostat_rbc_eco_year_2022_case_4_rep_0_zone_9_onoffseed_5_tempseed_42_comforttemp_19_setbacktemp_15_paper2_final_runs_v4-res1
0,71754.11340892848,0.0,183632.59079244768,111878.4773835192,-385569.0572372287,-7.335788760221247,913.7428977352704,0.0173847583282966,-257.3605024249241,-0.0048965087980388,-27412.28693205811,-0.5215427498488986,-326609.6565549594,-6.214034561547934,16.55441400304414,0.0048965087980388,0.0918623657806668,32660965.65549594,621.4034561547934,702.6591759700714,257.3605024249241,52560.0,31536000.0,08-19,2022.0,6.0,0.0,0.0,5.0,42.0,20.0,13.0,Eplus-env-08-19_thermostat_rbc_eco_year_2022_case_6_rep_0_zone_0_onoffseed_5_tempseed_42_comforttemp_20_setbacktemp_13_paper2_final_runs_v4-res1
0,35029.14272574859,0.0,212086.98426855853,177057.84154280994,-284868.85392609704,-5.419879260389974,1354.335032198048,0.0257674092883951,0.0,0.0,-40630.05096594144,-0.7730222786518538,-256211.5122621621,-4.874648254607346,0.0,0.0,0.0,25621151.226216216,487.4648254607347,580.6730884105691,0.0,52560.0,31536000.0,08-19,2023.0,5.0,0.0,0.0,5.0,15.0,20.0,17.0,Eplus-env-08-19_thermostat_rbc_eco_year_2023_case_5_rep_0_zone_0_onoffseed_5_tempseed_15_comforttemp_20_setbacktemp_17_paper2_final_runs_v4-res1
0,81705.88624733844,0.0,204843.9363080841,123138.05006074566,-393076.867195384,-7.478631415437291,1036.4678498306298,0.0197197079495934,-45278.92950965772,-0.8614712615992717,-31094.03549491889,-0.5915912384878024,-280954.3521467787,-5.345402438104618,16.735159817351597,0.8614712615992717,2.614814866896197,28095435.21467788,534.5402438104618,618.2396293148544,45278.92950965772,52560.0,31536000.0,08-19,2022.0,5.0,0.0,0.0,15.0,30.0,20.0,17.0,Eplus-env-08-19_thermostat_rbc_eco_year_2022_case_5_rep_0_zone_0_onoffseed_15_tempseed_30_comforttemp_20_setbacktemp_17_paper2_final_runs_v4-res1
0,14389.969165359606,0.0,89172.27256559621,74782.30340023659,-511760.3486233697,-9.73668852023154,580.8368182208155,0.0110509288093762,-98505.13857617418,-1.8741464721494328,-17425.104546624465,-0.3315278642812874,-401482.7762730148,-7.638561192408957,39.6765601217656,1.8741464721494328,3.4531398632048806,40148277.62730147,763.8561192408955,824.9069484852301,98505.13857617418,52560.0,31536000.0,08-19,2023.0,7.0,0.0,9.0,5.0,42.0,20.0,15.0,Eplus-env-08-19_thermostat_rbc_eco_year_2023_case_7_rep_0_zone_9_onoffseed_5_tempseed_42_comforttemp_20_setbacktemp_15_paper2_final_runs_v4-res1
0,27691.860684915733,0.0,70253.11214667892,42561.25146176319,-69849.04446852425,-1.328939202216976,342.043976806098,0.0065076860122925,-12062.371179938144,-0.2294971685680773,-10261.31930418294,-0.1952305803687773,-35131.96206225655,-0.6684163253853985,28.11834094368341,0.2294971685680773,0.5381711100878982,3513196.206225655,66.84163253853986,101.38216837621836,12062.371179938144,52560.0,31536000.0,08-19,2022.0,13.0,0.0,0.0,5.0,42.0,20.0,17.0,Eplus-env-08-19_thermostat_rbc_eco_year_2022_case_13_rep_0_zone_0_onoffseed_5_tempseed_42_comforttemp_20_setbacktemp_17_paper2_final_runs_v4-res1
0,60488.67678381167,0.0,169811.90586176858,109323.22907795692,-387544.1840034841,-7.373367275560961,852.1384440428426,0.0162126796811804,-52073.24355491428,-0.9907390326277452,-25564.15332128528,-0.4863803904354124,-285985.15397173347,-5.441117845733133,25.416666666666664,0.9907390326277452,3.313855951341341,28598515.39717335,544.1117845733133,619.5335250844807,52073.24355491428,52560.0,31536000.0,08-19,2022.0,5.0,0.0,0.0,10.0,42.0,20.0,13.0,Eplus-env-08-19_thermostat_rbc_eco_year_2022_case_5_rep_0_zone_0_onoffseed_10_tempseed_42_comforttemp_20_setbacktemp_13_paper2_final_runs_v4-res1
0,21605.0282336479,0.0,126104.41404969516,104499.38581604726,-404585.0131899144,-7.697583964800502,832.0391840800977,0.0158302736697126,-57012.76284811282,-1.0847177102000156,-24961.17552240293,-0.4749082100913799,-329897.17674385424,-6.276582510347303,17.031963470319635,1.0847177102000156,3.3663210951414904,32989717.67438543,627.6582510347304,702.5883395253047,57012.76284811282,52560.0,31536000.0,08-19,2023.0,6.0,0.0,0.0,15.0,30.0,20.0,15.0,Eplus-env-08-19_thermostat_rbc_eco_year_2023_case_6_rep_0_zone_0_onoffseed_15_tempseed_30_comforttemp_20_setbacktemp_15_paper2_final_runs_v4-res1
0,81035.26572964386,81035.26572964386,0.0,0.0,-468401.6186667347,-8.911750735668468,2724.396060776641,0.0518340194211689,-24505.70352871225,-0.4662424567867627,-81731.88182329922,-1.555020582635069,-377600.96424460085,-7.184188817439133,11.765601217656013,0.4662424567867627,1.8381910334789824,37760096.42446007,718.4188817439131,787.9836155048213,24505.70352871225,52560.0,31536000.0,08-19,2023.0,2.0,0.0,0.0,10.0,15.0,20.0,13.0,Eplus-env-08-19_thermostat_rbc_eco_year_2023_case_2_rep_0_zone_0_onoffseed_10_tempseed_15_comforttemp_20_setbacktemp_13_paper2_final_runs_v4-res1
0,25643.19810521503,0.0,152666.76736629783,127023.5692610828,-338143.8362859956,-6.433482425532641,991.3593946117754,0.0188614801105741,-4.801603919153177,-9.135471687886562e-05,-29740.78183835326,-0.5658444033172234,-317160.3343122,-6.034252935924657,0.0209284627092846,9.135471687886562e-05,0.0076307202969322,31716033.43122,603.4252935924658,687.4251669789107,4.801603919153177,52560.0,31536000.0,08-19,2023.0,6.0,0.0,0.0,5.0,30.0,20.0,15.0,Eplus-env-08-19_thermostat_rbc_eco_year_2023_case_6_rep_0_zone_0_onoffseed_5_tempseed_30_comforttemp_20_setbacktemp_15_paper2_final_runs_v4-res1
0,65209.76122247976,0.0,182267.7561893868,117057.99496690702,-425489.3682747485,-8.095307615577406,912.9275370921466,0.0173692453784655,-41233.85088360011,-0.7845101005251163,-27387.826112764404,-0.5210773613539651,-330907.41173503763,-6.29580311520239,14.2941400304414,0.7845101005251163,2.808558602035244,33090741.173503764,629.5803115202391,701.452543567662,41233.85088360011,52560.0,31536000.0,08-19,2022.0,6.0,0.0,0.0,10.0,30.0,20.0,13.0,Eplus-env-08-19_thermostat_rbc_eco_year_2022_case_6_rep_0_zone_0_onoffseed_10_tempseed_30_comforttemp_20_setbacktemp_13_paper2_final_runs_v4-res1
0,10234.127953835936,0.0,71360.38818894257,61126.26023510663,-49383.92144353956,-0.9395723257903266,466.3342997031015,0.0088724181830879,-95.8863748231724,-0.001824322199832,-13990.028991093044,-0.2661725454926378,-40915.49498968322,-0.7784531010213702,0.6031202435312024,0.001824322199832,0.0461709025908449,4091549.498968322,77.84531010213702,116.56673159466212,95.8863748231724,52560.0,31536000.0,08-19,2023.0,9.0,0.0,0.0,5.0,30.0,20.0,15.0,Eplus-env-08-19_thermostat_rbc_eco_year_2023_case_9_rep_0_zone_0_onoffseed_5_tempseed_30_comforttemp_20_setbacktemp_15_paper2_final_runs_v4-res1
0,35972.23563337255,0.0,89553.97473999584,53581.739106623296,-85035.64563526494,-1.6178775805796222,452.1916029990812,0.0086033410007435,-14585.647999821278,-0.2775047184136468,-13565.748089972438,-0.2581002300223066,-41021.1116637816,-0.7804625506807763,11.474505327245051,0.2775047184136468,1.2302717292543566,4102111.16637816,78.04625506807763,116.76138325840556,14585.647999821278,52560.0,31536000.0,08-19,2022.0,9.0,0.0,0.0,15.0,30.0,20.0,15.0,Eplus-env-08-19_thermostat_rbc_eco_year_2022_case_9_rep_0_zone_0_onoffseed_15_tempseed_30_comforttemp_20_setbacktemp_15_paper2_final_runs_v4-res1
0,13061.94362567076,0.0,81935.92711694182,68873.98349127105,-495148.1808527759,-9.420627489588584,537.868686741184,0.0102334225026861,-80465.66544366567,-1.5309297078322996,-16136.060602235517,-0.3070026750805844,-403996.53932894894,-7.686387734569044,36.6324200913242,1.5309297078322996,2.909309004722322,40399653.93289489,768.6387734569043,830.8511291202115,80465.66544366567,52560.0,31536000.0,08-19,2023.0,7.0,0.0,9.0,5.0,42.0,19.0,15.0,Eplus-env-08-19_thermostat_rbc_eco_year_2023_case_7_rep_0_zone_9_onoffseed_5_tempseed_42_comforttemp_19_setbacktemp_15_paper2_final_runs_v4-res1
0,86127.87425595798,86127.87425595798,0.0,0.0,-412841.5721545642,-7.854672225162941,2896.8765216761667,0.0551156111430016,-26240.59053131838,-0.4992502003675491,-86906.29565028498,-1.6534683342900491,-316139.7676944466,-6.014835762831937,12.031963470319637,0.4992502003675491,1.906993890952876,31613976.76944466,601.4835762831937,676.5660696927368,26240.59053131838,52560.0,31536000.0,08-19,2023.0,1.0,0.0,0.0,10.0,15.0,20.0,15.0,Eplus-env-08-19_thermostat_rbc_eco_year_2023_case_1_rep_0_zone_0_onoffseed_10_tempseed_15_comforttemp_20_setbacktemp_15_paper2_final_runs_v4-res1
0,121034.48772847385,121034.48772847385,0.0,0.0,-479256.7940405231,-9.118279947498538,2431.716383290097,0.0462655324065848,-1.1130379137536508,-2.1176520429102945e-05,-72951.4914987029,-1.387965972197544,-380237.3665919449,-7.234348679451006,0.0019025875190258,2.1176520429102945e-05,0.0048548760719458,38023736.65919449,723.4348679451007,802.5269050728336,1.1130379137536508,52560.0,31536000.0,08-19,2022.0,2.0,0.0,0.0,5.0,30.0,20.0,13.0,Eplus-env-08-19_thermostat_rbc_eco_year_2022_case_2_rep_0_zone_0_onoffseed_5_tempseed_30_comforttemp_20_setbacktemp_13_paper2_final_runs_v4-res1
0,77070.98286134274,77070.98286134274,0.0,0.0,-416967.845006023,-7.933178177435749,2570.58321274678,0.0489075953718945,-33387.67328452997,-0.6352297048046037,-77117.49638240339,-1.4672278611568377,-320528.4006426285,-6.098333345559903,13.24200913242009,0.6352297048046037,2.24915395834354,32052840.06426285,609.8333345559903,684.6257908839785,33387.67328452997,52560.0,31536000.0,08-19,2023.0,1.0,0.0,0.0,10.0,10.0,20.0,15.0,Eplus-env-08-19_thermostat_rbc_eco_year_2023_case_1_rep_0_zone_0_onoffseed_10_tempseed_10_comforttemp_20_setbacktemp_15_paper2_final_runs_v4-res1
0,163057.07256660008,163057.07256660008,0.0,0.0,-441173.7538634863,-8.393716778224626,3353.062324428615,0.0637949452897377,0.0,0.0,-100591.86973285844,-1.9138483586921315,-307776.7627967508,-5.8557222754328535,0.0,0.0,0.0,30777676.279675085,585.5722275432855,675.6465439016918,0.0,52560.0,31536000.0,08-19,2022.0,1.0,0.0,0.0,5.0,15.0,20.0,15.0,Eplus-env-08-19_thermostat_rbc_eco_year_2022_case_1_rep_0_zone_0_onoffseed_5_tempseed_15_comforttemp_20_setbacktemp_15_paper2_final_runs_v4-res1
0,85956.92541346695,0.0,219253.61113781936,133296.68572435243,-390639.3137572097,-7.432254827953,1093.8062933298138,0.0208106220192125,-6.75011776416137,-0.0001284268981004,-32814.188799894415,-0.6243186605763777,-320311.2029586882,-6.094200969533642,0.0266362252663622,0.0001284268981004,0.0090905035344967,32031120.29586883,609.4200969533644,695.081731720406,6.75011776416137,52560.0,31536000.0,08-19,2022.0,6.0,0.0,0.0,5.0,30.0,20.0,17.0,Eplus-env-08-19_thermostat_rbc_eco_year_2022_case_6_rep_0_zone_0_onoffseed_5_tempseed_30_comforttemp_20_setbacktemp_17_paper2_final_runs_v4-res1
0,20398.542244312423,0.0,138752.48317793253,118353.94093362014,-272054.27162115235,-5.176070616840798,882.6225756335368,0.0167926669641083,0.0,0.0,-26478.677269006108,-0.5037800089232517,-255366.22421108035,-4.858565909647648,0.0,0.0,0.0,25536622.42110804,485.85659096476473,577.3391990756681,0.0,52560.0,31536000.0,08-19,2023.0,10.0,0.0,0.0,5.0,15.0,20.0,13.0,Eplus-env-08-19_thermostat_rbc_eco_year_2023_case_10_rep_0_zone_0_onoffseed_5_tempseed_15_comforttemp_20_setbacktemp_13_paper2_final_runs_v4-res1
0,16229.852240694134,0.0,98961.2582472266,82731.40600653246,-465068.0746965976,-8.8483271441514,655.9413773315065,0.0124798587772356,-51311.7840198106,-0.97625159855043,-19678.241319945195,-0.3743957633170699,-400478.6485586751,-7.61945678384085,36.13774733637747,0.97625159855043,1.799005258167092,40047864.85586751,761.9456783840851,828.4529235876313,51311.7840198106,52560.0,31536000.0,08-19,2023.0,7.0,0.0,9.0,5.0,42.0,19.0,17.0,Eplus-env-08-19_thermostat_rbc_eco_year_2023_case_7_rep_0_zone_9_onoffseed_5_tempseed_42_comforttemp_19_setbacktemp_17_paper2_final_runs_v4-res1
0,14760.381899060138,0.0,89312.14230568903,74551.76040662889,-437989.5029175514,-8.333133617152804,597.9237735074371,0.011376023088041,-26006.262032933315,-0.4947918956037541,-17937.713205223114,-0.3412806926412312,-399907.772452997,-7.608595366305118,32.410578386605785,0.4947918956037541,0.9435653324300884,39990777.2452997,760.8595366305117,830.6814319898007,26006.262032933315,52560.0,31536000.0,08-19,2023.0,7.0,0.0,9.0,5.0,42.0,18.0,17.0,Eplus-env-08-19_thermostat_rbc_eco_year_2023_case_7_rep_0_zone_9_onoffseed_5_tempseed_42_comforttemp_18_setbacktemp_17_paper2_final_runs_v4-res1
0,22769.34137497993,0.0,132420.74042688418,109651.39905190429,-450480.098641493,-8.570778132448497,870.3249198109072,0.0165586932992942,-44279.93580572465,-0.8424645320723868,-26109.747594327226,-0.4967607989788284,-387572.5646568973,-7.373907242330619,16.685692541856927,0.8424645320723868,2.5249267147822283,38757256.465689726,737.3907242330617,811.8274613726826,44279.93580572465,52560.0,31536000.0,08-19,2023.0,7.0,0.0,0.0,15.0,30.0,20.0,17.0,Eplus-env-08-19_thermostat_rbc_eco_year_2023_case_7_rep_0_zone_0_onoffseed_15_tempseed_30_comforttemp_20_setbacktemp_17_paper2_final_runs_v4-res1
0,35396.93147292548,0.0,91185.42585169864,55788.49437877317,-63647.32178854053,-1.2109460005430086,441.78528387502143,0.0084053516718991,-4.541275820048227,-8.640174695677753e-05,-13253.558516250643,-0.2521605501569757,-34684.55087472016,-0.6599039359726058,0.0171232876712328,8.640174695677753e-05,0.0108429708414354,3468455.0874720146,65.99039359726055,99.6541494071513,4.541275820048227,52560.0,31536000.0,08-19,2022.0,13.0,0.0,0.0,5.0,10.0,20.0,13.0,Eplus-env-08-19_thermostat_rbc_eco_year_2022_case_13_rep_0_zone_0_onoffseed_5_tempseed_10_comforttemp_20_setbacktemp_13_paper2_final_runs_v4-res1
0,7356.126158729589,0.0,48918.19861512704,41562.07245639744,-52801.6315254652,-1.0045972512455328,318.93320504827824,0.0060679833532777,-12121.511978822706,-0.2306223740263072,-9567.99615144835,-0.1820395005983323,-34662.072736185815,-0.659476269714342,28.89459665144597,0.2306223740263072,0.5256932923164616,3466207.2736185803,65.94762697143418,100.09931974324108,12121.511978822706,52560.0,31536000.0,08-19,2023.0,13.0,0.0,0.0,5.0,42.0,20.0,13.0,Eplus-env-08-19_thermostat_rbc_eco_year_2023_case_13_rep_0_zone_0_onoffseed_5_tempseed_42_comforttemp_20_setbacktemp_13_paper2_final_runs_v4-res1
0,60980.075487111775,60980.075487111775,0.0,0.0,-489886.143609753,-9.320512625756336,1985.2387532603443,0.0377709047423962,-101525.25897927534,-1.9316069059983887,-59557.16259781034,-1.1331271422718865,-338473.0848744714,-6.439746668083551,43.42275494672755,1.9316069059983887,3.303450584441724,33847308.48744715,643.9746668083552,709.6921509309128,101525.25897927534,52560.0,31536000.0,08-19,2023.0,1.0,0.0,9.0,5.0,42.0,21.0,17.0,Eplus-env-08-19_thermostat_rbc_eco_year_2023_case_1_rep_0_zone_9_onoffseed_5_tempseed_42_comforttemp_21_setbacktemp_17_paper2_final_runs_v4-res1
0,69083.82191574086,69083.82191574086,0.0,0.0,-467261.581501974,-8.890060530859476,1277.2887934588562,0.0243015371662643,-59874.382214942976,-1.1391625231153537,-38318.66380376568,-0.7290461149879314,-350869.7245777634,-6.67560358785699,33.550228310502284,1.1391625231153537,2.2790109650986587,35086972.45777634,667.560358785699,734.5947958851839,59874.382214942976,52560.0,31536000.0,08-19,2022.0,1.0,0.0,9.0,5.0,42.0,18.0,15.0,Eplus-env-08-19_thermostat_rbc_eco_year_2022_case_1_rep_0_zone_9_onoffseed_5_tempseed_42_comforttemp_18_setbacktemp_15_paper2_final_runs_v4-res1
0,40548.83812880064,0.0,100068.1734267648,59519.33529796418,-383080.7566440888,-7.288446663700319,507.4706283016069,0.0096550728367885,-64250.058200309366,-1.2224135882859468,-15224.118849048204,-0.2896521851036568,-285657.6939706076,-5.43488763262191,24.81735159817352,1.2224135882859468,3.9618256972890897,28565769.397060763,543.4887632621911,621.1856726593252,64250.058200309366,52560.0,31536000.0,08-19,2022.0,10.0,0.0,0.0,15.0,42.0,20.0,13.0,Eplus-env-08-19_thermostat_rbc_eco_year_2022_case_10_rep_0_zone_0_onoffseed_15_tempseed_42_comforttemp_20_setbacktemp_13_paper2_final_runs_v4-res1
0,67875.62468134974,0.0,174856.12716451136,106980.5024831616,-320451.62397176924,-6.096872602202611,862.5060598217624,0.0164099326450107,-0.9738439712192176,-1.852823385120277e-05,-25875.181794652868,-0.4922979793503209,-264921.6015759857,-5.0403653267881605,0.0076103500761035,1.852823385120277e-05,0.0031587404849121,26492160.15759857,504.036532678816,593.1884454276756,0.9738439712192176,52560.0,31536000.0,08-19,2022.0,10.0,0.0,0.0,5.0,10.0,20.0,13.0,Eplus-env-08-19_thermostat_rbc_eco_year_2022_case_10_rep_0_zone_0_onoffseed_5_tempseed_10_comforttemp_20_setbacktemp_13_paper2_final_runs_v4-res1
0,135684.48344430106,135684.48344430106,0.0,0.0,-464022.2632964992,-8.828429666980577,2762.382679844857,0.0525567480944607,-31190.232286241902,-0.5934214666332173,-82871.4803953457,-1.5767024428338223,-321828.55510447454,-6.123069922079043,13.426560121765602,0.5934214666332173,2.098169388729324,32182855.51044746,612.3069922079045,693.5510915344352,31190.232286241902,52560.0,31536000.0,08-19,2022.0,1.0,0.0,0.0,15.0,15.0,20.0,17.0,Eplus-env-08-19_thermostat_rbc_eco_year_2022_case_1_rep_0_zone_0_onoffseed_15_tempseed_15_comforttemp_20_setbacktemp_17_paper2_final_runs_v4-res1
0,71183.68030381002,71183.68030381002,0.0,0.0,-431065.07808407134,-8.201390374506685,2346.5820166958943,0.0446457765733617,-47170.91538371376,-0.8974679487007945,-70397.46050087684,-1.3393732972008532,-325658.7938438106,-6.195943566282546,17.031963470319635,0.8974679487007945,2.649670281410886,32565879.384381063,619.5943566282547,700.5208648215626,47170.91538371376,52560.0,31536000.0,08-19,2023.0,1.0,0.0,0.0,15.0,30.0,20.0,17.0,Eplus-env-08-19_thermostat_rbc_eco_year_2023_case_1_rep_0_zone_0_onoffseed_15_tempseed_30_comforttemp_20_setbacktemp_17_paper2_final_runs_v4-res1
0,39563.47997294205,39097.17348842476,14456.246925304797,13989.9404407875,-74713.26185261205,-1.4214851950649172,1397.0650440129957,0.0265803851600646,-8267.411655104248,-0.1572947422965039,-41911.95132038988,-0.7974115548019383,-34078.967231643925,-0.6483821771621752,8.07648401826484,0.1572947422965039,0.8224733091522204,3407896.7231643926,64.83821771621751,97.8625692200794,8267.411655104248,52560.0,31536000.0,08-19,2023.0,3.0,0.0,0.0,15.0,15.0,20.0,15.0,Eplus-env-08-19_thermostat_rbc_eco_year_2023_case_3_rep_0_zone_0_onoffseed_15_tempseed_15_comforttemp_20_setbacktemp_15_paper2_final_runs_v4-res1
0,62997.94234184011,62997.94234184011,0.0,0.0,-475396.6132274706,-9.044836629137569,2062.6784034995544,0.0392442618626247,-37269.79425574336,-0.7090904538763957,-61880.35210498663,-1.177327855878741,-386588.2023418679,-7.355178887782875,21.1910197869102,0.7090904538763957,2.1893377177078404,38658820.23418679,735.5178887782874,809.752126297716,37269.79425574336,52560.0,31536000.0,08-19,2023.0,2.0,0.0,0.0,10.0,42.0,20.0,17.0,Eplus-env-08-19_thermostat_rbc_eco_year_2023_case_2_rep_0_zone_0_onoffseed_10_tempseed_42_comforttemp_20_setbacktemp_17_paper2_final_runs_v4-res1
0,107853.46008526882,107853.46008526882,0.0,0.0,-473371.0729661411,-9.006298952932669,2132.570555339199,0.0405740212203043,-113.74974483880315,-0.0021641884482268,-63977.116660175954,-1.2172206366091316,-385022.4075255438,-7.325388271033939,14.166666666666666,0.0021641884482268,0.0101059914367813,38502240.75255439,732.5388271033939,810.5923280569563,113.74974483880315,52560.0,31536000.0,08-19,2022.0,2.0,0.0,0.0,5.0,42.0,20.0,15.0,Eplus-env-08-19_thermostat_rbc_eco_year_2022_case_2_rep_0_zone_0_onoffseed_5_tempseed_42_comforttemp_20_setbacktemp_15_paper2_final_runs_v4-res1
0,29834.123857770894,29367.8173732536,14456.246925304797,13989.9404407875,-80939.10370257676,-1.5399372850566355,1060.293522365272,0.0201730122215614,-21776.00584072994,-0.4143075692680734,-31808.805670958165,-0.6051903666468449,-34755.801133804445,-0.661259534509217,13.224885844748858,0.4143075692680734,1.5998925299244695,3475580.113380444,66.1259534509217,100.14083895951748,21776.00584072994,52560.0,31536000.0,08-19,2023.0,3.0,0.0,0.0,15.0,30.0,20.0,13.0,Eplus-env-08-19_thermostat_rbc_eco_year_2023_case_3_rep_0_zone_0_onoffseed_15_tempseed_30_comforttemp_20_setbacktemp_13_paper2_final_runs_v4-res1
0,31264.759773775368,30798.45328925807,14456.246925304797,13989.9404407875,-80522.8461250221,-1.532017620339081,1103.457828805704,0.0209942509285712,-20111.63456435788,-0.382641449093567,-33103.73486417112,-0.629827527857137,-34833.511589738584,-0.6627380439447981,13.135464231354645,0.382641449093567,1.438857794486625,3483351.1589738587,66.27380439447981,100.32885911116492,20111.63456435788,52560.0,31536000.0,08-19,2023.0,3.0,0.0,0.0,15.0,30.0,20.0,17.0,Eplus-env-08-19_thermostat_rbc_eco_year_2023_case_3_rep_0_zone_0_onoffseed_15_tempseed_30_comforttemp_20_setbacktemp_17_paper2_final_runs_v4-res1
0,8825.987390548984,0.0,67906.82902409483,59080.84163354583,-56861.65589515681,-1.0818427681726943,437.5306299916869,0.0083244031581371,-8912.985552227012,-0.1695773506892506,-13125.918899750608,-0.2497320947441135,-40728.13005872167,-0.7748883192298643,9.393074581430746,0.1695773506892506,0.7300497356707886,4072813.005872167,77.48883192298644,116.14993566733185,8912.985552227012,52560.0,31536000.0,08-19,2023.0,9.0,0.0,0.0,10.0,30.0,20.0,17.0,Eplus-env-08-19_thermostat_rbc_eco_year_2023_case_9_rep_0_zone_0_onoffseed_10_tempseed_30_comforttemp_20_setbacktemp_17_paper2_final_runs_v4-res1
0,52671.834038975336,42683.12418375054,23978.650296012293,13989.9404407875,-85215.65233876159,-1.6213023656537593,962.6058503538987,0.0183144187662461,-363.59612786321486,-0.0069177345483868,-28878.17551061697,-0.5494325629873852,-41761.22878361267,-0.794543926628856,1.5334855403348553,0.0069177345483868,0.1149877885539751,4176122.8783612666,79.4543926628856,118.9340526272534,363.59612786321486,52560.0,31536000.0,08-19,2022.0,4.0,0.0,0.0,5.0,30.0,20.0,13.0,Eplus-env-08-19_thermostat_rbc_eco_year_2022_case_4_rep_0_zone_0_onoffseed_5_tempseed_30_comforttemp_20_setbacktemp_13_paper2_final_runs_v4-res1
0,30018.69397687183,29552.387492354526,14456.246925304797,13989.9404407875,-80887.48808069949,-1.538955252676931,1065.5541177264845,0.0202730996523303,-21572.45667225,-0.4104348681934931,-31966.62353179453,-0.6081929895699112,-34756.737865970645,-0.6612773566584979,13.2058599695586,0.4104348681934931,1.5768248229007429,3475673.7865970647,66.12773566584978,100.13924654162612,21572.45667225,52560.0,31536000.0,08-19,2023.0,3.0,0.0,0.0,15.0,30.0,20.0,15.0,Eplus-env-08-19_thermostat_rbc_eco_year_2023_case_3_rep_0_zone_0_onoffseed_15_tempseed_30_comforttemp_20_setbacktemp_15_paper2_final_runs_v4-res1
0,46762.52356836672,36773.81371314192,23978.650296012293,13989.9404407875,-91449.34535303916,-1.739903830917792,832.3133950548211,0.0158354907734935,-11400.105520569075,-0.216896984790127,-24969.40185164463,-0.4750647232048065,-41792.81930118927,-0.795144963873464,26.90829528158295,0.216896984790127,0.5526233173187437,4179281.9301189273,79.51449638734641,119.16249327307422,11400.105520569075,52560.0,31536000.0,08-19,2022.0,4.0,0.0,0.0,5.0,42.0,20.0,13.0,Eplus-env-08-19_thermostat_rbc_eco_year_2022_case_4_rep_0_zone_0_onoffseed_5_tempseed_42_comforttemp_20_setbacktemp_13_paper2_final_runs_v4-res1
0,15606.058734320895,15139.752249803598,14456.246925304798,13989.9404407875,-120047.26260552816,-2.284004235264996,583.7042613866566,0.0111054844251647,-73525.6766715499,-1.398890347632228,-17511.1278415997,-0.333164532754941,-33754.26928343036,-0.6422045145249308,33.900304414003045,1.398890347632228,2.905109563086896,3375426.928343036,64.22045145249308,97.79298749054308,73525.6766715499,52560.0,31536000.0,08-19,2023.0,3.0,0.0,9.0,5.0,42.0,20.0,13.0,Eplus-env-08-19_thermostat_rbc_eco_year_2023_case_3_rep_0_zone_9_onoffseed_5_tempseed_42_comforttemp_20_setbacktemp_13_paper2_final_runs_v4-res1
0,8364.92593298345,0.0,21234.80315800468,12869.87722502123,-88966.4007124644,-1.692663636081895,104.86648425982884,0.0019951766411687,-41246.21021910211,-0.7847452476998119,-3145.994527794865,-0.0598552992350621,-40876.84458758853,-0.7777177432950634,26.619101978691017,0.7847452476998119,1.9381161739387016,4087684.458758853,77.77177432950633,116.69188293095353,41246.21021910211,52560.0,31536000.0,08-19,2022.0,14.0,0.0,9.0,5.0,42.0,19.0,13.0,Eplus-env-08-19_thermostat_rbc_eco_year_2022_case_14_rep_0_zone_9_onoffseed_5_tempseed_42_comforttemp_19_setbacktemp_13_paper2_final_runs_v4-res1
0,14897.206661549417,0.0,89637.39196918443,74740.18530763501,-439882.616974988,-8.369151768930518,588.2699358716749,0.011192350378076,-82383.60559241279,-1.5674201977247486,-17648.09807615024,-0.33577051134228,-345311.6066127616,-6.5698555291621314,36.85692541856925,1.5674201977247486,2.9566887820836447,34531160.66127616,656.9855529162131,721.2155587080755,82383.60559241279,52560.0,31536000.0,08-19,2023.0,6.0,0.0,9.0,5.0,42.0,19.0,15.0,Eplus-env-08-19_thermostat_rbc_eco_year_2023_case_6_rep_0_zone_9_onoffseed_5_tempseed_42_comforttemp_19_setbacktemp_15_paper2_final_runs_v4-res1
0,16039.195761786756,0.0,38935.016984331305,22895.82122254456,-81422.3197344819,-1.5491308929695948,193.4040914793632,0.0036796821057717,-27061.72221261751,-0.5148729492507137,-5802.122744380896,-0.1103904631731525,-41238.93146914665,-0.7846067631116181,28.234398782343987,0.5148729492507137,1.653087574322028,4123893.1469146647,78.4606763111618,117.4595071035436,27061.72221261751,52560.0,31536000.0,08-19,2022.0,14.0,0.0,0.0,15.0,42.0,20.0,13.0,Eplus-env-08-19_thermostat_rbc_eco_year_2022_case_14_rep_0_zone_0_onoffseed_15_tempseed_42_comforttemp_20_setbacktemp_13_paper2_final_runs_v4-res1
0,36883.76958175329,26895.05972652849,23978.650296012296,13989.9404407875,-104550.05654868002,-1.9891563270296808,608.9725964699596,0.0115862366147252,-40041.334135255645,-0.7618214257088213,-18269.17789409879,-0.3475870984417578,-34334.110518591995,-0.6532365014952815,26.83599695585997,0.7618214257088213,1.7785551073611294,3433411.0518592,65.32365014952816,99.37755273173605,40041.334135255645,52560.0,31536000.0,08-19,2022.0,3.0,0.0,9.0,5.0,42.0,19.0,15.0,Eplus-env-08-19_thermostat_rbc_eco_year_2022_case_3_rep_0_zone_9_onoffseed_5_tempseed_42_comforttemp_19_setbacktemp_15_paper2_final_runs_v4-res1
0,39974.42189267613,39508.11540815883,14456.246925304797,13989.9404407875,-74664.70611857057,-1.4205613797292729,1408.9408071787557,0.0268063319478454,-7861.327135681765,-0.1495686289132755,-42268.22421536267,-0.8041899584353629,-34100.30443249048,-0.6487881360823912,8.028919330289193,0.1495686289132755,0.7622516185996631,3410030.443249048,64.87881360823911,97.9380842342814,7861.327135681765,52560.0,31536000.0,08-19,2023.0,3.0,0.0,0.0,15.0,15.0,20.0,17.0,Eplus-env-08-19_thermostat_rbc_eco_year_2023_case_3_rep_0_zone_0_onoffseed_15_tempseed_15_comforttemp_20_setbacktemp_17_paper2_final_runs_v4-res1
0,31333.72855159764,30867.42206708034,14456.246925304797,13989.9404407875,-70248.87751086574,-1.3365463757775065,1127.171212253335,0.0214454188023846,-3784.254298229685,-0.0719987499663182,-33815.13636760005,-0.6433625640715382,-40830.499884574034,-0.7768359947597799,5.251141552511415,0.0719987499663182,0.4552691513641984,4083049.988457403,77.68359947597799,116.11372449198304,3784.254298229685,52560.0,31536000.0,08-19,2023.0,4.0,0.0,0.0,10.0,15.0,20.0,15.0,Eplus-env-08-19_thermostat_rbc_eco_year_2023_case_4_rep_0_zone_0_onoffseed_10_tempseed_15_comforttemp_20_setbacktemp_15_paper2_final_runs_v4-res1
0,30224.84854150087,20236.13868627607,23978.650296012296,13989.9404407875,-140876.7453292177,-2.6803033738435635,498.4978120161812,0.0094843571540369,-75594.23415014448,-1.4382464640438446,-14954.93436048544,-0.284530714621108,-40555.56258727135,-0.771605072056152,35.95890410958904,1.4382464640438446,3.0899013604323127,4055556.258727135,77.16050720561519,115.73753180788329,75594.23415014448,52560.0,31536000.0,08-19,2022.0,4.0,0.0,9.0,5.0,42.0,21.0,13.0,Eplus-env-08-19_thermostat_rbc_eco_year_2022_case_4_rep_0_zone_9_onoffseed_5_tempseed_42_comforttemp_21_setbacktemp_13_paper2_final_runs_v4-res1
0,51798.69756210166,0.0,139774.70647625712,87976.00891415548,-81633.2440265839,-1.553143912225721,700.2320747983041,0.0133225280593284,-5292.212766926135,-0.1006889795838305,-21006.962243949125,-0.399675841779854,-33964.5167841024,-0.6462046572317809,5.563165905631659,0.1006889795838305,0.7009161870409376,3396451.6784102395,64.62046572317807,97.6952191999454,5292.212766926135,52560.0,31536000.0,08-19,2022.0,8.0,0.0,0.0,10.0,15.0,20.0,15.0,Eplus-env-08-19_thermostat_rbc_eco_year_2022_case_8_rep_0_zone_0_onoffseed_10_tempseed_15_comforttemp_20_setbacktemp_15_paper2_final_runs_v4-res1
0,87878.56621821661,87878.56621821661,0.0,0.0,-487252.4850829316,-9.27040496733127,1685.71284795963,0.0320721622518955,-120812.23286006533,-2.29855846385208,-50571.3854387889,-0.9621648675568664,-294546.79719974333,-5.604010601212773,43.34855403348554,2.29855846385208,4.085801114530276,29454679.719974324,560.401060121277,627.0663555761939,120812.23286006533,52560.0,31536000.0,08-18,2022.0,0.0,0.0,9.0,5.0,42.0,21.0,15.0,Eplus-env-08-18_thermostat_rbc_eco_year_2022_case_0_rep_0_zone_9_onoffseed_5_tempseed_42_comforttemp_21_setbacktemp_15_paper2_final_runs_v4-res1
0,74790.14788422812,64801.43802900333,23978.650296012293,13989.9404407875,-96694.47507454324,-1.839697014355845,1416.1296609015826,0.0269431061815369,-14.977362751517363,-0.0002849574343895,-42483.88982704748,-0.8082931854461087,-35493.677727704715,-0.6752982824905768,0.0532724505327245,0.0002849574343895,0.0180695050529234,3549367.772770471,67.52982824905767,101.81884200783634,14.977362751517363,52560.0,31536000.0,08-19,2022.0,3.0,0.0,0.0,5.0,10.0,20.0,15.0,Eplus-env-08-19_thermostat_rbc_eco_year_2022_case_3_rep_0_zone_0_onoffseed_5_tempseed_10_comforttemp_20_setbacktemp_15_paper2_final_runs_v4-res1
0,29678.4873223321,19689.777467107306,23978.650296012296,13989.9404407875,-107045.73011993676,-2.0366387009120386,464.8518458857952,0.0088442132017845,-47865.632884765546,-0.9106855571682942,-13945.555376573857,-0.265326396053536,-34900.12675677132,-0.6640054557985411,26.72564687975647,0.9106855571682942,2.209897264304525,3490012.675677132,66.40054557985411,101.05107493203728,47865.632884765546,52560.0,31536000.0,08-19,2022.0,3.0,0.0,9.0,5.0,42.0,18.0,13.0,Eplus-env-08-19_thermostat_rbc_eco_year_2022_case_3_rep_0_zone_9_onoffseed_5_tempseed_42_comforttemp_18_setbacktemp_13_paper2_final_runs_v4-res1
0,117508.5651844292,117508.5651844292,0.0,0.0,-417131.4350289578,-7.936290620794479,2348.0928811123867,0.0446745220911793,-41589.52051000126,-0.7912770264459905,-70442.7864333716,-1.3402356627353804,-279408.157341575,-5.315984728720986,14.103881278538813,0.7912770264459905,2.7386647544672686,27940815.734157503,531.5984728720986,611.1252841242408,41589.52051000126,52560.0,31536000.0,08-18,2022.0,0.0,0.0,0.0,10.0,30.0,20.0,15.0,Eplus-env-08-18_thermostat_rbc_eco_year_2022_case_0_rep_0_zone_0_onoffseed_10_tempseed_30_comforttemp_20_setbacktemp_15_paper2_final_runs_v4-res1
0,29607.903552828782,0.0,72873.92184922077,43266.01829639198,-70166.19531632017,-1.3349732746636258,362.69091258346657,0.006900512035454,-11786.291762458077,-0.2242445160285022,-10880.727377503998,-0.2070153610636224,-34157.67765729287,-0.6498797118967441,9.278919330289192,0.2242445160285022,1.116824909102104,3415767.765729288,64.98797118967443,98.38189543343896,11786.291762458077,52560.0,31536000.0,08-19,2022.0,13.0,0.0,0.0,15.0,10.0,20.0,15.0,Eplus-env-08-19_thermostat_rbc_eco_year_2022_case_13_rep_0_zone_0_onoffseed_15_tempseed_10_comforttemp_20_setbacktemp_15_paper2_final_runs_v4-res1
0,20390.57763430009,0.0,133612.070138019,113221.4925037189,-420979.6289938304,-8.00950587887805,838.3799481272791,0.0159509122550852,-16568.720333193098,-0.3152344051216342,-25151.39844381837,-0.4785273676525565,-387729.3770980164,-7.37689073626363,9.817351598173516,0.3152344051216342,1.402231007176694,38772937.70980163,737.6890736263628,794.9534040928096,16568.720333193098,52560.0,31536000.0,08-19,2023.0,12.0,0.0,0.0,10.0,15.0,20.0,15.0,Eplus-env-08-19_thermostat_rbc_eco_year_2023_case_12_rep_0_zone_0_onoffseed_10_tempseed_15_comforttemp_20_setbacktemp_15_paper2_final_runs_v4-res1
0,84084.70705033964,0.0,215508.34764739132,131423.64059705177,-390092.18890719983,-7.421845298843223,1070.9159826232922,0.020375113824644,-38.72391595793321,-0.0007367563918937,-32127.47947869877,-0.6112534147393222,-321263.76615335915,-6.112324317986285,0.0875190258751902,0.0007367563918937,0.0361276366643645,32126376.615335908,611.2324317986283,694.8021540464298,38.72391595793321,52560.0,31536000.0,08-19,2022.0,6.0,0.0,0.0,5.0,30.0,20.0,15.0,Eplus-env-08-19_thermostat_rbc_eco_year_2022_case_6_rep_0_zone_0_onoffseed_5_tempseed_30_comforttemp_20_setbacktemp_15_paper2_final_runs_v4-res1
0,6092.932884317804,0.0,41002.66457438032,34909.73169006252,-50778.45799501722,-0.9661046041669944,264.51743826542094,0.0050326757660848,-5328.6447578250845,-0.1013821300956066,-7935.523147962628,-0.1509802729825462,-40465.18484453174,-0.7698855564028109,6.94634703196347,0.1013821300956066,0.5385590530596335,4046518.4844531743,76.98855564028109,115.263863922018,5328.6447578250845,52560.0,31536000.0,08-19,2023.0,14.0,0.0,0.0,10.0,10.0,20.0,15.0,Eplus-env-08-19_thermostat_rbc_eco_year_2023_case_14_rep_0_zone_0_onoffseed_10_tempseed_10_comforttemp_20_setbacktemp_15_paper2_final_runs_v4-res1
0,5154.687732758638,0.0,35459.42814713471,30304.740414376072,-54358.101969626885,-1.0342104636534797,230.50478032577053,0.0043855551812361,-9432.139622793778,-0.1794547112403687,-6915.143409773117,-0.1315666554370836,-40708.912312663255,-0.7745226847919189,9.509132420091325,0.1794547112403687,0.7850058917093731,4070891.231266327,77.45226847919191,116.0879041227666,9432.139622793778,52560.0,31536000.0,08-19,2023.0,14.0,0.0,0.0,10.0,30.0,20.0,15.0,Eplus-env-08-19_thermostat_rbc_eco_year_2023_case_14_rep_0_zone_0_onoffseed_10_tempseed_30_comforttemp_20_setbacktemp_15_paper2_final_runs_v4-res1
0,92934.1357442553,92934.1357442553,0.0,0.0,-385445.0569324627,-7.3334295458992145,3100.763115932192,0.0589947320382837,0.0,0.0,-93022.89347796576,-1.7698419611485114,-309415.6404800874,-5.886903357688116,0.0,0.0,0.0,30941564.048008744,588.6903357688117,678.0627426169334,0.0,52560.0,31536000.0,08-19,2023.0,1.0,0.0,0.0,5.0,10.0,20.0,17.0,Eplus-env-08-19_thermostat_rbc_eco_year_2023_case_1_rep_0_zone_0_onoffseed_5_tempseed_10_comforttemp_20_setbacktemp_17_paper2_final_runs_v4-res1
0,10105.54003706784,0.0,67950.470551254,57844.93051418617,-508258.23762585135,-9.670057793490322,446.35717720407,0.0084923359437608,-98499.95614333558,-1.874047871829064,-13390.715316122098,-0.2547700783128253,-401490.93917819066,-7.638716498824023,39.65943683409437,1.874047871829064,3.45243843417444,40149093.91781906,763.8716498824023,824.9169861387443,98499.95614333558,52560.0,31536000.0,08-19,2023.0,12.0,0.0,9.0,5.0,42.0,20.0,15.0,Eplus-env-08-19_thermostat_rbc_eco_year_2023_case_12_rep_0_zone_9_onoffseed_5_tempseed_42_comforttemp_20_setbacktemp_15_paper2_final_runs_v4-res1
0,121783.06436559893,121783.06436559893,0.0,0.0,-479654.561498134,-9.125847821501788,2444.084389794554,0.0465008445546909,0.0,0.0,-73322.53169383663,-1.3950253366407277,-380023.8365406376,-7.230286083345463,0.0,0.0,0.0,38002383.65406376,723.0286083345463,802.6576193570859,0.0,52560.0,31536000.0,08-19,2022.0,2.0,0.0,0.0,5.0,30.0,20.0,15.0,Eplus-env-08-19_thermostat_rbc_eco_year_2022_case_2_rep_0_zone_0_onoffseed_5_tempseed_30_comforttemp_20_setbacktemp_15_paper2_final_runs_v4-res1
0,18213.54588299365,17747.23939847635,14456.246925304798,13989.9404407875,-118283.00780920598,-2.2504377437063545,665.0719406778253,0.0126535757358794,-69623.51083828822,-1.3246482275168991,-19952.15822033476,-0.3796072720763843,-33758.99508404067,-0.6422944270175165,33.89079147640792,1.3246482275168991,2.690658815019005,3375899.508404068,64.22944270175167,97.79461953262272,69623.51083828822,52560.0,31536000.0,08-19,2023.0,3.0,0.0,9.0,5.0,42.0,20.0,15.0,Eplus-env-08-19_thermostat_rbc_eco_year_2023_case_3_rep_0_zone_9_onoffseed_5_tempseed_42_comforttemp_20_setbacktemp_15_paper2_final_runs_v4-res1
0,36161.13480319849,35694.82831868119,14456.246925304797,13989.9404407875,-64972.63354542795,-1.2361612166177312,1266.2753340278605,0.0240919964617172,-145.39389061613798,-0.0027662460162887,-37988.26002083582,-0.7227598938515186,-35243.815272315136,-0.670544430599603,1.5658295281582957,0.0027662460162887,0.036370857280456,3524381.527231513,67.0544430599603,101.43732019151244,145.39389061613798,52560.0,31536000.0,08-19,2023.0,3.0,0.0,0.0,5.0,30.0,20.0,17.0,Eplus-env-08-19_thermostat_rbc_eco_year_2023_case_3_rep_0_zone_0_onoffseed_5_tempseed_30_comforttemp_20_setbacktemp_17_paper2_final_runs_v4-res1
0,47337.74794589619,46871.44146137889,14456.246925304798,13989.9404407875,-73746.80409883581,-1.4030974904649127,1654.3066008647445,0.0314746309144738,-0.9925719268957778,-1.8884549598473703e-05,-49629.19802594233,-0.9442389274342148,-35018.79993237124,-0.6662633168259369,0.0019025875190258,1.8884549598473703e-05,0.0043294245757724,3501879.9932371243,66.62633168259369,100.04659461579917,0.9925719268957778,52560.0,31536000.0,08-19,2023.0,3.0,0.0,0.0,5.0,15.0,20.0,17.0,Eplus-env-08-19_thermostat_rbc_eco_year_2023_case_3_rep_0_zone_0_onoffseed_5_tempseed_15_comforttemp_20_setbacktemp_17_paper2_final_runs_v4-res1
0,72648.05993444983,0.0,197107.88448499743,124459.82455054764,-477199.3463906972,-9.079135205302457,983.8436754146418,0.0187184869751644,-29743.219502551943,-0.5658907820120233,-29515.310262439256,-0.5615546092549326,-388022.7490557719,-7.382472394516207,13.483637747336378,0.5658907820120233,1.9215358386096888,38802274.90557718,738.2472394516207,810.525549386247,29743.219502551943,52560.0,31536000.0,08-19,2022.0,7.0,0.0,0.0,10.0,30.0,20.0,17.0,Eplus-env-08-19_thermostat_rbc_eco_year_2022_case_7_rep_0_zone_0_onoffseed_10_tempseed_30_comforttemp_20_setbacktemp_17_paper2_final_runs_v4-res1
0,51719.99098845055,0.0,136661.70211466213,84941.71112621158,-428700.5732095745,-8.156403599877748,674.0552770733531,0.0128244915729328,-96325.89891209664,-1.832684530291032,-20221.6583122006,-0.384734747187987,-290062.5496698265,-5.518693867386349,37.945205479452056,1.832684530291032,3.575383832018028,29006254.96698265,551.869386738635,615.6544575510262,96325.89891209664,52560.0,31536000.0,08-19,2022.0,5.0,0.0,9.0,5.0,42.0,21.0,13.0,Eplus-env-08-19_thermostat_rbc_eco_year_2022_case_5_rep_0_zone_9_onoffseed_5_tempseed_42_comforttemp_21_setbacktemp_13_paper2_final_runs_v4-res1
0,48557.29027966932,0.0,120878.15607608872,72320.8657964194,-85458.17272067173,-1.6259165281710757,612.1167470546363,0.0116460568313286,-11538.212660612948,-0.2195245939994853,-18363.502411639096,-0.349381704939861,-34195.24088226131,-0.6505943851267372,9.377853881278538,0.2195245939994853,1.0554355236677866,3419524.088226131,65.05943851267372,98.5028806847284,11538.212660612948,52560.0,31536000.0,08-19,2022.0,8.0,0.0,0.0,15.0,10.0,20.0,17.0,Eplus-env-08-19_thermostat_rbc_eco_year_2022_case_8_rep_0_zone_0_onoffseed_15_tempseed_10_comforttemp_20_setbacktemp_17_paper2_final_runs_v4-res1
0,86105.31456354156,0.0,224141.2756418944,138035.9610783528,-443266.23628682847,-8.433528087648943,1101.58492217452,0.0209586172407633,-0.3514279972070611,-6.686225213224146e-06,-33047.5476652356,-0.6287585172228995,-372823.127014398,-7.093286282617922,0.0038051750380517,6.686225213224146e-06,0.0011087235750083,37282312.70143979,709.328628261792,788.7320985077224,0.3514279972070611,52560.0,31536000.0,08-19,2022.0,12.0,0.0,0.0,5.0,15.0,20.0,15.0,Eplus-env-08-19_thermostat_rbc_eco_year_2022_case_12_rep_0_zone_0_onoffseed_5_tempseed_15_comforttemp_20_setbacktemp_15_paper2_final_runs_v4-res1
0,13860.963033109672,0.0,83022.19952180135,69161.23648869168,-330291.4192718117,-6.284083319478914,555.4602815030646,0.0105681179890233,-43700.83173187367,-0.8314465702411278,-16663.808445091938,-0.317043539670699,-275250.933682551,-5.236889910246404,14.840182648401823,0.8314465702411278,2.905941378738845,27525093.368255105,523.6889910246405,601.744575435612,43700.83173187367,52560.0,31536000.0,08-19,2023.0,10.0,0.0,0.0,15.0,10.0,20.0,13.0,Eplus-env-08-19_thermostat_rbc_eco_year_2023_case_10_rep_0_zone_0_onoffseed_15_tempseed_10_comforttemp_20_setbacktemp_13_paper2_final_runs_v4-res1
0,10961.98606175831,0.0,72239.90842272327,61277.92236096498,-452607.39617498254,-8.611251829813215,472.1145374671185,0.0089823922653561,-101160.133077694,-1.924660066166172,-14163.436124013557,-0.269471767960684,-342479.26230016403,-6.51596769977481,40.220700152207,1.924660066166172,3.5186474104545056,34247926.2300164,651.596769977481,714.9590478319038,101160.133077694,52560.0,31536000.0,08-19,2023.0,11.0,0.0,9.0,5.0,42.0,20.0,15.0,Eplus-env-08-19_thermostat_rbc_eco_year_2023_case_11_rep_0_zone_9_onoffseed_5_tempseed_42_comforttemp_20_setbacktemp_15_paper2_final_runs_v4-res1
0,9838.731398274194,0.0,67639.9974929633,57801.26609468911,-56426.837740156174,-1.0735699722251937,451.0769926525047,0.0085821345634038,-8024.72214377887,-0.1526773619440424,-13532.30977957514,-0.2574640369021145,-40353.04943944918,-0.7677520821813011,8.904109589041095,0.1526773619440424,0.7676944196621344,4035304.943944919,76.77520821813012,114.81499928989,8024.72214377887,52560.0,31536000.0,08-19,2023.0,9.0,0.0,0.0,15.0,10.0,20.0,13.0,Eplus-env-08-19_thermostat_rbc_eco_year_2023_case_9_rep_0_zone_0_onoffseed_15_tempseed_10_comforttemp_20_setbacktemp_13_paper2_final_runs_v4-res1
0,44191.79361266141,0.0,117944.09102769932,73752.29741503792,-82835.9895093223,-1.5760271976659497,586.7535540010093,0.0111634998858639,-12008.409852453084,-0.2284705070862459,-17602.60662003028,-0.3349049965759186,-34674.27330235092,-0.6597083961634498,9.70890410958904,0.2284705070862459,0.9937967480253548,3467427.3302350924,65.97083961634499,100.02934037343036,12008.409852453084,52560.0,31536000.0,08-19,2022.0,8.0,0.0,0.0,10.0,30.0,20.0,17.0,Eplus-env-08-19_thermostat_rbc_eco_year_2022_case_8_rep_0_zone_0_onoffseed_10_tempseed_30_comforttemp_20_setbacktemp_17_paper2_final_runs_v4-res1
0,35762.312451688405,0.0,89022.7464537261,53260.43400203767,-85220.7454659923,-1.621399266856779,449.6156611777916,0.0085543314531543,-14943.25416256653,-0.2843084886333054,-13488.469835333748,-0.2566299435946299,-41020.34348669949,-0.780447935439488,11.48592085235921,0.2843084886333054,1.2818622439514509,4102034.348669949,78.0447935439488,116.7665583775973,14943.25416256653,52560.0,31536000.0,08-19,2022.0,9.0,0.0,0.0,15.0,30.0,20.0,13.0,Eplus-env-08-19_thermostat_rbc_eco_year_2022_case_9_rep_0_zone_0_onoffseed_15_tempseed_30_comforttemp_20_setbacktemp_13_paper2_final_runs_v4-res1
0,157316.0623613595,157316.0623613595,0.0,0.0,-392617.6368795102,-7.469894156763893,3195.360277111929,0.0607945258202421,0.0,0.0,-95860.80831335788,-1.823835774607265,-263917.36626168195,-5.021258871036567,0.0,0.0,0.0,26391736.626168195,502.1258871036567,596.1872379447946,0.0,52560.0,31536000.0,08-18,2022.0,0.0,0.0,0.0,5.0,10.0,20.0,17.0,Eplus-env-08-18_thermostat_rbc_eco_year_2022_case_0_rep_0_zone_0_onoffseed_5_tempseed_10_comforttemp_20_setbacktemp_17_paper2_final_runs_v4-res1
0,96987.58035423946,96987.58035423946,0.0,0.0,-339512.90938025474,-6.459530239350356,3243.3652063424524,0.0617078616122993,0.0,0.0,-97300.95619027356,-1.85123584836898,-260167.36989245145,-4.949911908151663,0.0,0.0,0.0,26016736.989245143,494.9911908151664,587.9846223422617,0.0,52560.0,31536000.0,08-18,2023.0,0.0,0.0,0.0,5.0,10.0,20.0,13.0,Eplus-env-08-18_thermostat_rbc_eco_year_2023_case_0_rep_0_zone_0_onoffseed_5_tempseed_10_comforttemp_20_setbacktemp_13_paper2_final_runs_v4-res1
0,154664.33339948676,154664.33339948676,0.0,0.0,-390898.7061723738,-7.437189995669212,3148.0980905755846,0.0598953213579829,0.0,0.0,-94442.94271726752,-1.7968596407394886,-264367.81501825363,-5.029829052858707,0.0,0.0,0.0,26436781.50182536,502.9829052858707,595.8704387295886,0.0,52560.0,31536000.0,08-18,2022.0,0.0,0.0,0.0,5.0,10.0,20.0,15.0,Eplus-env-08-18_thermostat_rbc_eco_year_2022_case_0_rep_0_zone_0_onoffseed_5_tempseed_10_comforttemp_20_setbacktemp_15_paper2_final_runs_v4-res1
0,136543.55197556067,136543.55197556067,0.0,0.0,-382233.47681205696,-7.272326423364858,2747.812398016048,0.0522795357308989,0.0,0.0,-82434.37194048143,-1.568386071926968,-270527.1969408508,-5.147016684567176,0.0,0.0,0.0,27052719.69408508,514.7016684567177,604.972669429703,0.0,52560.0,31536000.0,08-18,2022.0,0.0,0.0,0.0,5.0,30.0,20.0,13.0,Eplus-env-08-18_thermostat_rbc_eco_year_2022_case_0_rep_0_zone_0_onoffseed_5_tempseed_30_comforttemp_20_setbacktemp_13_paper2_final_runs_v4-res1
0,144231.02299956244,144231.02299956244,0.0,0.0,-423796.3593432666,-8.06309663895104,2936.1418529595453,0.0558626684353033,-33025.08662351299,-0.628331176246442,-88084.25558878637,-1.6758800530591014,-272775.8728038116,-5.189799710879216,13.75570776255708,0.628331176246442,2.1813010885014408,27277587.28038116,518.9799710879216,604.8132179362557,33025.08662351299,52560.0,31536000.0,08-18,2022.0,0.0,0.0,0.0,15.0,15.0,20.0,17.0,Eplus-env-08-18_thermostat_rbc_eco_year_2022_case_0_rep_0_zone_0_onoffseed_15_tempseed_15_comforttemp_20_setbacktemp_17_paper2_final_runs_v4-res1
0,13915.647996007736,0.0,96682.23205422722,82766.5840582195,-451140.0170036765,-8.583333656843159,614.8199522439313,0.0116974876758738,-48678.49717930888,-0.9261510117828934,-18444.598567317946,-0.3509246302762165,-391077.12819883367,-7.440584630875831,24.55098934550989,0.9261510117828934,3.0211711755244552,39107712.81988337,744.0584630875832,811.0818485719905,48678.49717930888,52560.0,31536000.0,08-19,2023.0,12.0,0.0,0.0,10.0,42.0,20.0,13.0,Eplus-env-08-19_thermostat_rbc_eco_year_2023_case_12_rep_0_zone_0_onoffseed_10_tempseed_42_comforttemp_20_setbacktemp_13_paper2_final_runs_v4-res1
0,20181.260799865668,0.0,135693.56477852954,115512.3039786639,-420922.2352497587,-8.008413912666642,851.0118065536423,0.0161912444169262,-23039.167745906296,-0.4383403300210482,-25530.35419660927,-0.4857373325077867,-381372.7780434824,-7.255950876017549,11.653348554033483,0.4383403300210482,1.743228877826626,38137277.80434823,725.5950876017548,791.7050731253051,23039.167745906296,52560.0,31536000.0,08-19,2023.0,12.0,0.0,0.0,10.0,15.0,20.0,13.0,Eplus-env-08-19_thermostat_rbc_eco_year_2023_case_12_rep_0_zone_0_onoffseed_10_tempseed_15_comforttemp_20_setbacktemp_13_paper2_final_runs_v4-res1
0,59723.74796345871,0.0,147627.29908321588,87903.55111975715,-480337.85234308086,-9.138848027836394,743.3674715044997,0.0141432167333428,-41564.67405839973,-0.790804300958899,-22301.024145134987,-0.4242965020002851,-389913.18007577554,-7.418439499158591,14.712709284627094,0.790804300958899,2.772758850834707,38991318.007577546,741.843949915859,812.1361876350096,41564.67405839973,52560.0,31536000.0,08-19,2022.0,12.0,0.0,0.0,15.0,10.0,20.0,15.0,Eplus-env-08-19_thermostat_rbc_eco_year_2022_case_12_rep_0_zone_0_onoffseed_15_tempseed_10_comforttemp_20_setbacktemp_15_paper2_final_runs_v4-res1
0,21249.239921037773,0.0,118892.08582000493,97642.84589896712,-434314.5361726529,-8.263214158536012,783.0063042092036,0.01489738021707,-32358.747211027563,-0.6156534857501439,-23490.189126276106,-0.4469214065121024,-384571.78578222427,-7.316814797987524,13.713850837138509,0.6156534857501439,2.2718984466904604,38457178.57822243,731.6814797987525,800.7572146596408,32358.747211027563,52560.0,31536000.0,08-19,2023.0,12.0,0.0,0.0,15.0,15.0,20.0,15.0,Eplus-env-08-19_thermostat_rbc_eco_year_2023_case_12_rep_0_zone_0_onoffseed_15_tempseed_15_comforttemp_20_setbacktemp_15_paper2_final_runs_v4-res1
0,50474.3822936389,0.0,130038.6346882134,79564.25239457449,-457927.10231702,-8.712463894920472,636.4069677281483,0.0121081995382067,-73143.94650936464,-1.391627597210134,-19092.20903184445,-0.3632459861462033,-343490.0636532293,-6.535199080160376,39.004946727549466,1.391627597210134,2.491374710454316,34349006.365322925,653.5199080160373,721.586524792354,73143.94650936464,52560.0,31536000.0,08-19,2022.0,11.0,0.0,9.0,5.0,42.0,20.0,17.0,Eplus-env-08-19_thermostat_rbc_eco_year_2022_case_11_rep_0_zone_9_onoffseed_5_tempseed_42_comforttemp_20_setbacktemp_17_paper2_final_runs_v4-res1
0,69306.83733571714,0.0,188324.8892162976,119018.05188058045,-458857.8809848794,-8.73017277368492,931.604372663064,0.0177245885209867,-19490.28250427818,-0.3708196823492805,-27948.13117989192,-0.5317376556296027,-382667.6748562511,-7.28058742116155,10.800989345509894,0.3708196823492805,1.452190225521572,38266767.4856251,728.0587421161549,797.274741906599,19490.28250427818,52560.0,31536000.0,08-19,2022.0,12.0,0.0,0.0,10.0,15.0,20.0,17.0,Eplus-env-08-19_thermostat_rbc_eco_year_2022_case_12_rep_0_zone_0_onoffseed_10_tempseed_15_comforttemp_20_setbacktemp_17_paper2_final_runs_v4-res1
0,59650.09838843317,0.0,152948.81991379466,93298.7215253615,-434445.7734397633,-8.265711062400367,748.0333035918406,0.0142319882722952,-106.59348060806514,-0.0020280342581443,-22440.99910775522,-0.4269596481688588,-385539.4344675781,-7.335225161103085,16.562024353120243,0.0020280342581443,0.0072801582440871,38553943.44675781,733.5225161103084,812.2476337389645,106.59348060806514,52560.0,31536000.0,08-19,2022.0,12.0,0.0,0.0,5.0,42.0,20.0,17.0,Eplus-env-08-19_thermostat_rbc_eco_year_2022_case_12_rep_0_zone_0_onoffseed_5_tempseed_42_comforttemp_20_setbacktemp_17_paper2_final_runs_v4-res1
0,24492.69237961037,0.0,61491.10915204103,36998.41677243067,-95077.30626715836,-1.808928962464961,305.17564182523745,0.005806233672474,-34226.32827145555,-0.6511858499135379,-9155.269254757124,-0.1741870101742223,-40813.50635994355,-0.7765126780811178,25.808599695586,0.6511858499135379,1.5564937942386587,4081350.635994355,77.65126780811178,116.5191719613609,34226.32827145555,52560.0,31536000.0,08-19,2022.0,9.0,0.0,9.0,5.0,42.0,19.0,15.0,Eplus-env-08-19_thermostat_rbc_eco_year_2022_case_9_rep_0_zone_9_onoffseed_5_tempseed_42_comforttemp_19_setbacktemp_15_paper2_final_runs_v4-res1
0,10973.52211091838,0.0,82935.69674043391,71962.17462951553,-52026.94659763044,-0.989858192496774,527.3891321081554,0.0100340398041886,-2865.16020919805,-0.0545121805402977,-15821.673963244664,-0.3010211941256595,-40184.34794949005,-0.764542388688928,4.383561643835616,0.0545121805402977,0.3802016217520614,4018434.794949006,76.4542388688928,114.23097652211054,2865.16020919805,52560.0,31536000.0,08-19,2023.0,9.0,0.0,0.0,10.0,15.0,20.0,15.0,Eplus-env-08-19_thermostat_rbc_eco_year_2023_case_9_rep_0_zone_0_onoffseed_10_tempseed_15_comforttemp_20_setbacktemp_15_paper2_final_runs_v4-res1
0,25954.060816789293,0.0,175284.80957733985,149330.74876055057,-319495.0864149479,-6.0786736380317326,1087.643100970356,0.0206933618906079,-27813.91486978877,-0.5291840728650831,-32629.29302911068,-0.6208008567182398,-270448.1543909438,-5.145512830877927,12.35730593607306,0.5291840728650831,2.015557443403395,27044815.43909438,514.5512830877926,590.473599862576,27813.91486978877,52560.0,31536000.0,08-19,2023.0,5.0,0.0,0.0,10.0,15.0,20.0,15.0,Eplus-env-08-19_thermostat_rbc_eco_year_2023_case_5_rep_0_zone_0_onoffseed_10_tempseed_15_comforttemp_20_setbacktemp_15_paper2_final_runs_v4-res1
0,45885.53571238153,0.0,118932.68902586904,73047.15331348752,-446482.3039230952,-8.494716589099985,584.4445761711801,0.0111195695618565,-58802.58108723191,-1.118770568630744,-17533.3372851354,-0.3335870868556963,-350140.76606956404,-6.661734514261112,33.297184170471844,1.118770568630744,2.247418651864997,35014076.6069564,666.1734514261111,733.2016087804907,58802.58108723191,52560.0,31536000.0,08-19,2022.0,6.0,0.0,9.0,5.0,42.0,18.0,15.0,Eplus-env-08-19_thermostat_rbc_eco_year_2022_case_6_rep_0_zone_9_onoffseed_5_tempseed_42_comforttemp_18_setbacktemp_15_paper2_final_runs_v4-res1
0,93647.67818308322,0.0,231756.9244569231,138109.24627383988,-384275.5832206954,-7.311179285020842,1182.7899175151383,0.0225036133469394,-31848.72315298353,-0.6059498316777688,-35483.69752545416,-0.6751084004081842,-275813.6945461315,-5.247596928198848,13.692922374429225,0.6059498316777688,2.115009428212684,27581369.45461315,524.7596928198849,606.001400454799,31848.72315298353,52560.0,31536000.0,08-19,2022.0,5.0,0.0,0.0,15.0,15.0,20.0,17.0,Eplus-env-08-19_thermostat_rbc_eco_year_2022_case_5_rep_0_zone_0_onoffseed_15_tempseed_15_comforttemp_20_setbacktemp_17_paper2_final_runs_v4-res1
0,51179.94791561764,0.0,125192.10956734212,74012.16165172448,-363084.93584510265,-6.908008672852029,639.6915727497454,0.0121706920233969,-42766.99027928687,-0.8136794193167212,-19190.747182492363,-0.3651207607019095,-278447.63017604896,-5.297709858752834,14.044901065449013,0.8136794193167212,3.0146070416135857,27844763.0176049,529.7709858752835,608.3932808777829,42766.99027928687,52560.0,31536000.0,08-19,2022.0,10.0,0.0,0.0,15.0,10.0,20.0,13.0,Eplus-env-08-19_thermostat_rbc_eco_year_2022_case_10_rep_0_zone_0_onoffseed_15_tempseed_10_comforttemp_20_setbacktemp_13_paper2_final_runs_v4-res1
0,10997.751223502666,0.0,68880.98268059414,57883.23145709148,-439182.559165323,-8.355832556417864,453.6419317364536,0.0086309347742856,-80963.468309021,-1.5404008430179037,-13609.257952093609,-0.2589280432285694,-349221.8305803545,-6.644250962335513,34.492009132420094,1.5404008430179037,3.0879033542532284,34922183.058035456,664.4250962335512,727.3936251907912,80963.468309021,52560.0,31536000.0,08-19,2023.0,6.0,0.0,9.0,5.0,42.0,18.0,13.0,Eplus-env-08-19_thermostat_rbc_eco_year_2023_case_6_rep_0_zone_9_onoffseed_5_tempseed_42_comforttemp_18_setbacktemp_13_paper2_final_runs_v4-res1
0,81381.44616148646,0.0,222004.3669945079,140622.9208330215,-417490.662708258,-7.943125241785731,1113.466260705805,0.0211846701047527,-26070.692180040765,-0.4960177355411104,-33403.98782117416,-0.6355401031425829,-324841.8094235052,-6.18039972266943,12.562785388127852,0.4960177355411104,1.7698407109952827,32484180.94235052,618.039972266943,693.6782253070878,26070.692180040765,52560.0,31536000.0,08-19,2022.0,6.0,0.0,0.0,10.0,10.0,20.0,17.0,Eplus-env-08-19_thermostat_rbc_eco_year_2022_case_6_rep_0_zone_0_onoffseed_10_tempseed_10_comforttemp_20_setbacktemp_17_paper2_final_runs_v4-res1
0,88224.62542607711,0.0,219257.3573126229,131032.7318865457,-427153.931532557,-8.126977388366761,1116.6902782244424,0.0212460098596735,-29906.53765377521,-0.5689980527735009,-33500.70834673328,-0.6373802957902069,-325070.8278177081,-6.184756998053807,13.350456621004566,0.5689980527735009,2.023471812436691,32507082.78177081,618.4756998053807,695.1903279216122,29906.53765377521,52560.0,31536000.0,08-19,2022.0,6.0,0.0,0.0,15.0,15.0,20.0,17.0,Eplus-env-08-19_thermostat_rbc_eco_year_2022_case_6_rep_0_zone_0_onoffseed_15_tempseed_15_comforttemp_20_setbacktemp_17_paper2_final_runs_v4-res1
0,74245.28540764734,0.0,187970.3057121141,113725.02030446669,-385960.8138408221,-7.343242272466173,929.4114494135038,0.0176828662369388,-106.94405851510236,-0.002034704309648,-27882.343482405115,-0.5304859871081643,-325113.8017903107,-6.185574615492974,16.03500761035008,0.002034704309648,0.0087455703512352,32511380.17903107,618.5574615492974,703.1201479937445,106.94405851510236,52560.0,31536000.0,08-19,2022.0,6.0,0.0,0.0,5.0,42.0,20.0,17.0,Eplus-env-08-19_thermostat_rbc_eco_year_2022_case_6_rep_0_zone_0_onoffseed_5_tempseed_42_comforttemp_20_setbacktemp_17_paper2_final_runs_v4-res1
0,22149.976219824093,0.0,126189.12158077076,104039.14536094668,-400108.2224243348,-7.612409102441681,836.3837173277863,0.0159129322170431,-53013.97668131692,-1.0086373036780236,-25091.511519833584,-0.4773879665112934,-328973.35019757977,-6.259005901780437,24.96765601217656,1.0086373036780236,2.8392510271849307,32897335.01975797,625.9005901780436,706.1798277456803,53013.97668131692,52560.0,31536000.0,08-19,2023.0,6.0,0.0,0.0,15.0,42.0,20.0,17.0,Eplus-env-08-19_thermostat_rbc_eco_year_2023_case_6_rep_0_zone_0_onoffseed_15_tempseed_42_comforttemp_20_setbacktemp_17_paper2_final_runs_v4-res1
0,16671.532660680892,0.0,94295.48327815958,77623.9506174787,-460257.1665821603,-8.756795406814312,623.8860124050569,0.0118699774049668,-55798.98934414978,-1.0616246070043718,-18716.580372151708,-0.3560993221490051,-390819.19636830746,-7.435677252060644,16.759893455098933,1.0616246070043718,3.389104928185505,39081919.63683075,743.5677252060644,812.8861726669105,55798.98934414978,52560.0,31536000.0,08-19,2023.0,12.0,0.0,0.0,15.0,30.0,20.0,13.0,Eplus-env-08-19_thermostat_rbc_eco_year_2023_case_12_rep_0_zone_0_onoffseed_15_tempseed_30_comforttemp_20_setbacktemp_13_paper2_final_runs_v4-res1
0,46999.76517293749,0.0,116394.87073660086,69395.10556366335,-501474.5688431043,-9.540992557897722,579.9539317687821,0.0110341311219326,-66454.17288287933,-1.2643487991415396,-17398.61795306346,-0.3310239336579806,-396569.8880722448,-7.545089194677412,27.859589041095887,1.2643487991415396,3.984023657221811,39656988.80722448,754.5089194677412,823.8950664159848,66454.17288287933,52560.0,31536000.0,08-19,2022.0,12.0,0.0,0.0,15.0,42.0,20.0,13.0,Eplus-env-08-19_thermostat_rbc_eco_year_2022_case_12_rep_0_zone_0_onoffseed_15_tempseed_42_comforttemp_20_setbacktemp_13_paper2_final_runs_v4-res1
0,23080.252733363137,13091.542878138338,23978.650296012293,13989.9404407875,-100641.29703937736,-1.914788756456952,346.26553547583285,0.0065880048606513,-40364.47202868211,-0.7679694069383963,-10387.966064274984,-0.1976401458195392,-41394.87024953088,-0.7875736348845297,25.574581430745813,0.7679694069383963,1.9339317571340988,4139487.024953088,78.75736348845297,118.21223275430684,40364.47202868211,52560.0,31536000.0,08-19,2022.0,4.0,0.0,9.0,5.0,42.0,18.0,13.0,Eplus-env-08-19_thermostat_rbc_eco_year_2022_case_4_rep_0_zone_9_onoffseed_5_tempseed_42_comforttemp_18_setbacktemp_13_paper2_final_runs_v4-res1
0,24974.260061924644,14985.550206699849,23978.650296012296,13989.9404407875,-112039.88471522566,-2.1316568629228625,385.2929919782434,0.0073305363770594,-50460.27067527508,-0.9600508119344574,-11558.789759347304,-0.2199160913117828,-41148.17188329003,-0.7828799825587905,29.130517503805176,0.9600508119344574,2.2726778300496666,4114817.188329003,78.28799825587905,117.46611896628433,50460.27067527508,52560.0,31536000.0,08-19,2022.0,4.0,0.0,9.0,5.0,42.0,19.0,13.0,Eplus-env-08-19_thermostat_rbc_eco_year_2022_case_4_rep_0_zone_9_onoffseed_5_tempseed_42_comforttemp_19_setbacktemp_13_paper2_final_runs_v4-res1
0,35948.2752128129,0.0,96323.79787062063,60375.52265780774,-79672.75871388061,-1.515843963353893,480.6396533983623,0.0091445900570464,-9114.237279319264,-0.1734063409307318,-14419.189601950866,-0.2743377017113939,-41149.23748295911,-0.7829002565250973,9.216133942161338,0.1734063409307318,0.790848668899554,4114923.748295912,78.29002565250974,117.2256852455174,9114.237279319264,52560.0,31536000.0,08-19,2022.0,9.0,0.0,0.0,10.0,30.0,20.0,17.0,Eplus-env-08-19_thermostat_rbc_eco_year_2022_case_9_rep_0_zone_0_onoffseed_10_tempseed_30_comforttemp_20_setbacktemp_17_paper2_final_runs_v4-res1
0,97836.91965463667,97836.91965463667,0.0,0.0,-445571.7331420584,-8.477392183068082,3287.933358645921,0.0625558097154855,0.0,0.0,-98638.00075937764,-1.8766742914645669,-365531.3491726,-6.954553827484778,0.0,0.0,0.0,36553134.91726,695.4553827484779,779.902797178204,0.0,52560.0,31536000.0,08-19,2023.0,2.0,0.0,0.0,5.0,15.0,20.0,17.0,Eplus-env-08-19_thermostat_rbc_eco_year_2023_case_2_rep_0_zone_0_onoffseed_5_tempseed_15_comforttemp_20_setbacktemp_17_paper2_final_runs_v4-res1
0,16652.93639964958,0.0,119097.1620384736,102444.22563882402,-382904.5048327933,-7.285093318736555,747.2546924996752,0.014217174514834,-41795.77006916413,-0.7952011048166692,-22417.640774990254,-0.42651523544502,-327484.9674950759,-6.230688118247258,14.200913242009133,0.7952011048166692,2.7026237637432247,32748496.749507584,623.0688118247257,694.2992805801417,41795.77006916413,52560.0,31536000.0,08-19,2023.0,11.0,0.0,0.0,10.0,30.0,20.0,13.0,Eplus-env-08-19_thermostat_rbc_eco_year_2023_case_11_rep_0_zone_0_onoffseed_10_tempseed_30_comforttemp_20_setbacktemp_13_paper2_final_runs_v4-res1
0,18634.39468822096,0.0,110417.95983482366,91783.5651466027,-429090.63588936994,-8.163824883739915,715.1706049138078,0.0136067466688319,-123070.7796446436,-2.341529293086827,-21455.11814741424,-0.4082024000649588,-290775.0579502928,-5.532249961002526,44.09056316590564,2.341529293086827,4.101062775034144,29077505.795029275,553.2249961002526,618.4213186605567,123070.7796446436,52560.0,31536000.0,08-19,2023.0,5.0,0.0,9.0,5.0,42.0,21.0,15.0,Eplus-env-08-19_thermostat_rbc_eco_year_2023_case_5_rep_0_zone_9_onoffseed_5_tempseed_42_comforttemp_21_setbacktemp_15_paper2_final_runs_v4-res1
0,86424.93335931415,0.0,236567.59272840427,150142.65936909014,-413723.469216276,-7.871451088589726,1193.8011636628114,0.0227131119418343,-21150.960857920003,-0.4024155414368341,-35814.034909884336,-0.6813933582550292,-321868.27037710114,-6.123825539899185,11.124429223744292,0.4024155414368341,1.5451983495902135,32186827.03771011,612.3825539899184,686.7008819533727,21150.960857920003,52560.0,31536000.0,08-19,2022.0,6.0,0.0,0.0,10.0,15.0,20.0,17.0,Eplus-env-08-19_thermostat_rbc_eco_year_2022_case_6_rep_0_zone_0_onoffseed_10_tempseed_15_comforttemp_20_setbacktemp_17_paper2_final_runs_v4-res1
0,27401.15271275503,0.0,154750.56420418335,127349.41149142831,-338665.1402189577,-6.443400689097368,1005.208056935498,0.0191249630314972,-0.2354652872631497,-4.479933167107111e-06,-30156.24170806494,-0.573748890944919,-316248.02171936544,-6.0168953903988855,0.0019025875190258,4.479933167107111e-06,0.0010270582652953,31624802.171936546,601.6895390398886,687.5406436780718,0.2354652872631497,52560.0,31536000.0,08-19,2023.0,6.0,0.0,0.0,5.0,30.0,20.0,17.0,Eplus-env-08-19_thermostat_rbc_eco_year_2023_case_6_rep_0_zone_0_onoffseed_5_tempseed_30_comforttemp_20_setbacktemp_17_paper2_final_runs_v4-res1
0,50151.06001546967,50151.06001546967,0.0,0.0,-467806.4312082049,-8.900426773367673,1620.6318106108808,0.0308339385580456,-26430.965379640005,-0.5028722484710808,-48618.95431832643,-0.9250181567413704,-400346.8836299092,-7.616949840751697,32.465753424657535,0.5028722484710808,0.9554487606687492,40034688.36299091,761.6949840751695,831.7538885042732,26430.965379640005,52560.0,31536000.0,08-19,2023.0,2.0,0.0,9.0,5.0,42.0,18.0,17.0,Eplus-env-08-19_thermostat_rbc_eco_year_2023_case_2_rep_0_zone_9_onoffseed_5_tempseed_42_comforttemp_18_setbacktemp_17_paper2_final_runs_v4-res1
0,62522.05748125125,0.0,157670.24202516273,95148.18454391148,-509476.7127259287,-9.693240348666832,794.7980309646955,0.0151217281385977,-62725.08682723719,-1.193399673273158,-23843.940928940865,-0.4536518441579312,-395602.3306732799,-7.526680568365294,27.34018264840183,1.193399673273158,3.666206946950841,39560233.06732799,752.6680568365296,823.9972513707188,62725.08682723719,52560.0,31536000.0,08-19,2022.0,7.0,0.0,0.0,15.0,42.0,20.0,15.0,Eplus-env-08-19_thermostat_rbc_eco_year_2022_case_7_rep_0_zone_0_onoffseed_15_tempseed_42_comforttemp_20_setbacktemp_15_paper2_final_runs_v4-res1
0,22500.470275553405,0.0,132169.40215011386,109668.93187456048,-401983.33719438215,-7.648084802024013,854.6683541581285,0.0162608134352764,-122.1160384930792,-0.0023233645070981,-25640.05062474385,-0.4878244030582924,-383453.5864234589,-7.295540076549827,15.656392694063928,0.0023233645070981,0.0268087470873738,38345358.64234589,729.5540076549827,805.5804282777318,122.1160384930792,52560.0,31536000.0,08-19,2023.0,7.0,0.0,0.0,5.0,42.0,20.0,13.0,Eplus-env-08-19_thermostat_rbc_eco_year_2023_case_7_rep_0_zone_0_onoffseed_5_tempseed_42_comforttemp_20_setbacktemp_13_paper2_final_runs_v4-res1
0,23380.70006147521,0.0,134873.1205630952,111492.42050162,-449441.1278987784,-8.551010804771279,883.1921437068147,0.0168035034951829,-42782.73364641263,-0.8139789506547304,-26495.76431120444,-0.5041051048554879,-387530.6435320729,-7.373109656241874,15.353881278538816,0.8139789506547304,2.747897726431817,38753064.3532073,737.3109656241876,807.0843596108741,42782.73364641263,52560.0,31536000.0,08-19,2023.0,7.0,0.0,0.0,15.0,10.0,20.0,15.0,Eplus-env-08-19_thermostat_rbc_eco_year_2023_case_7_rep_0_zone_0_onoffseed_15_tempseed_10_comforttemp_20_setbacktemp_15_paper2_final_runs_v4-res1
0,68419.6588759329,0.0,189417.2120128536,120997.55313692067,-425021.034339828,-8.086397152584247,948.6757836707488,0.0180493870561405,-38817.5598979911,-0.7385380498095719,-28460.273510122475,-0.5414816116842176,-330229.3515154363,-6.282902426092776,13.947869101978691,0.7385380498095719,2.583630524195999,33022935.151543625,628.2902426092775,701.4079441179716,38817.5598979911,52560.0,31536000.0,08-19,2022.0,6.0,0.0,0.0,10.0,30.0,20.0,15.0,Eplus-env-08-19_thermostat_rbc_eco_year_2022_case_6_rep_0_zone_0_onoffseed_10_tempseed_30_comforttemp_20_setbacktemp_15_paper2_final_runs_v4-res1
0,9552.847319859722,0.0,67610.34818962599,58057.500869766256,-77291.49253404826,-1.4705382902216184,452.8518889722543,0.008615903519259,-35105.71073438091,-0.6679168708976582,-13585.556669167629,-0.2584771055777706,-34370.597407290115,-0.6539306964857328,30.58980213089802,0.6679168708976582,1.9257581938320223,3437059.740729011,65.39306964857327,99.28146608939367,35105.71073438091,52560.0,31536000.0,08-19,2023.0,8.0,0.0,0.0,15.0,42.0,20.0,15.0,Eplus-env-08-19_thermostat_rbc_eco_year_2023_case_8_rep_0_zone_0_onoffseed_15_tempseed_42_comforttemp_20_setbacktemp_15_paper2_final_runs_v4-res1
0,9360.737899980575,0.0,73887.3137729642,64526.57587298363,-70486.8793577749,-1.3410745692118513,476.1659120175281,0.0090594732119012,-28313.6011141238,-0.5386910409840905,-14284.977360525843,-0.2717841963570366,-34515.25856767698,-0.6566830016681313,30.81430745814308,0.5386910409840905,1.452693447499765,3451525.856767698,65.66830016681313,99.91003591393354,28313.6011141238,52560.0,31536000.0,08-19,2023.0,8.0,0.0,0.0,10.0,42.0,20.0,15.0,Eplus-env-08-19_thermostat_rbc_eco_year_2023_case_8_rep_0_zone_0_onoffseed_10_tempseed_42_comforttemp_20_setbacktemp_15_paper2_final_runs_v4-res1
0,83366.78247846258,0.0,229985.4483729047,146618.66589444215,-372289.1323406479,-7.083126566602889,1166.688789158417,0.0221972752884021,-29783.992433416683,-0.5666665227057969,-35000.663674752504,-0.6659182586520644,-274302.775161601,-5.218850364566229,12.089041095890412,0.5666665227057969,2.3285139070245977,27430277.516160093,521.8850364566227,597.7583758644644,29783.992433416683,52560.0,31536000.0,08-19,2022.0,5.0,0.0,0.0,10.0,15.0,20.0,13.0,Eplus-env-08-19_thermostat_rbc_eco_year_2022_case_5_rep_0_zone_0_onoffseed_10_tempseed_15_comforttemp_20_setbacktemp_13_paper2_final_runs_v4-res1
0,99564.94576246722,99564.94576246722,0.0,0.0,-460812.4358482863,-8.767359890568612,1957.267922798132,0.0372387352130542,-47163.07972812385,-0.897318868495507,-58718.03768394394,-1.1171620563916276,-332195.27399188804,-6.320305821763471,22.60844748858448,0.897318868495507,2.97420416996758,33219527.399188794,632.0305821763469,707.4485449267853,47163.07972812385,52560.0,31536000.0,08-19,2022.0,1.0,0.0,0.0,10.0,42.0,20.0,15.0,Eplus-env-08-19_thermostat_rbc_eco_year_2022_case_1_rep_0_zone_0_onoffseed_10_tempseed_42_comforttemp_20_setbacktemp_15_paper2_final_runs_v4-res1
0,97049.14421342188,97049.14421342188,0.0,0.0,-445268.0784103889,-8.471614886042406,3263.821040971628,0.0620970517688665,0.0,0.0,-97914.63122914884,-1.8629115530659976,-365872.1735293884,-6.961038309158836,0.0,0.0,0.0,36587217.35293884,696.1038309158836,779.5861699825523,0.0,52560.0,31536000.0,08-19,2023.0,2.0,0.0,0.0,5.0,15.0,20.0,13.0,Eplus-env-08-19_thermostat_rbc_eco_year_2023_case_2_rep_0_zone_0_onoffseed_5_tempseed_15_comforttemp_20_setbacktemp_13_paper2_final_runs_v4-res1
0,136551.95954292457,136551.95954292457,0.0,0.0,-486538.0035758394,-9.256811331351589,2778.134934574194,0.0528564485269062,-0.5158242689474903,-9.814008161101414e-06,-83344.04803722583,-1.585693455807189,-374824.3296495039,-7.1313609141838645,0.0019025875190258,9.814008161101414e-06,0.0022499349480348,37482432.96495039,713.1360914183864,794.3127788366835,0.5158242689474903,52560.0,31536000.0,08-19,2022.0,2.0,0.0,0.0,5.0,10.0,20.0,13.0,Eplus-env-08-19_thermostat_rbc_eco_year_2022_case_2_rep_0_zone_0_onoffseed_5_tempseed_10_comforttemp_20_setbacktemp_13_paper2_final_runs_v4-res1
0,46784.7745786513,46784.7745786513,0.0,0.0,-421892.83210143866,-8.026880367226763,1503.7190254494678,0.028609570499419,-85809.29243439302,-1.632596888021176,-45111.57076348404,-0.858287114982573,-297808.915584251,-5.666075258452264,37.36301369863014,1.632596888021176,3.0419325043449583,29780891.558425102,566.6075258452265,633.4118992999931,85809.29243439302,52560.0,31536000.0,08-18,2023.0,0.0,0.0,9.0,5.0,42.0,19.0,15.0,Eplus-env-08-18_thermostat_rbc_eco_year_2023_case_0_rep_0_zone_9_onoffseed_5_tempseed_42_comforttemp_19_setbacktemp_15_paper2_final_runs_v4-res1
0,50541.27976557336,50541.27976557336,0.0,0.0,-526396.78047247,-10.01515944582325,920.7553380853352,0.017518176143176,-75195.87710318615,-1.4306673725872556,-27622.660142560053,-0.5255452842952826,-409853.0823930684,-7.797813591953355,33.59018264840183,1.4306673725872556,3.003880821141541,40985308.23930682,779.7813591953353,841.6436358025907,75195.87710318615,52560.0,31536000.0,08-19,2022.0,2.0,0.0,9.0,5.0,42.0,18.0,13.0,Eplus-env-08-19_thermostat_rbc_eco_year_2022_case_2_rep_0_zone_9_onoffseed_5_tempseed_42_comforttemp_18_setbacktemp_13_paper2_final_runs_v4-res1
0,41310.71824971768,41310.71824971768,0.0,0.0,-446770.20734939486,-8.50019420375561,1322.1511934046869,0.0251550835883692,-64418.9319024744,-1.2256265582662558,-39664.5358021406,-0.7546525076510768,-348554.97684682644,-6.631563486431249,34.06392694063927,1.2256265582662558,2.364618155659636,34855497.68468264,663.1563486431247,728.6496056957501,64418.9319024744,52560.0,31536000.0,08-19,2023.0,1.0,0.0,9.0,5.0,42.0,18.0,15.0,Eplus-env-08-19_thermostat_rbc_eco_year_2023_case_1_rep_0_zone_9_onoffseed_5_tempseed_42_comforttemp_18_setbacktemp_15_paper2_final_runs_v4-res1
0,20412.84150940297,0.0,119199.75247066152,98786.91096125856,-407103.765217056,-7.745505426504109,782.2429829750274,0.0148828573625385,-59692.31146099979,-1.135698467675034,-23467.289489250823,-0.4464857208761572,-330711.7081172136,-6.292079682595388,17.279299847793,1.135698467675034,3.605888228487282,33071170.81172136,629.2079682595388,702.8556517382286,59692.31146099979,52560.0,31536000.0,08-19,2023.0,6.0,0.0,0.0,15.0,30.0,20.0,13.0,Eplus-env-08-19_thermostat_rbc_eco_year_2023_case_6_rep_0_zone_0_onoffseed_15_tempseed_30_comforttemp_20_setbacktemp_13_paper2_final_runs_v4-res1
0,47344.28777834958,37355.57792312478,23978.650296012293,13989.9404407875,-92072.34216149092,-1.7517568904393248,841.9039962614601,0.0160179603550506,-11510.691922564089,-0.2190009878722239,-25257.119887843804,-0.4805388106515183,-41829.28840745904,-0.795838820537653,26.93112633181126,0.2190009878722239,0.5589696168482456,4182928.840745903,79.58388205376528,119.29661001941368,11510.691922564089,52560.0,31536000.0,08-19,2022.0,4.0,0.0,0.0,5.0,42.0,20.0,17.0,Eplus-env-08-19_thermostat_rbc_eco_year_2022_case_4_rep_0_zone_0_onoffseed_5_tempseed_42_comforttemp_20_setbacktemp_17_paper2_final_runs_v4-res1
0,76385.67035723425,76385.67035723425,0.0,0.0,-439191.9688423912,-8.356011583759345,2528.176067937123,0.0481007623275708,0.0,0.0,-75845.28203811368,-1.4430228698271248,-376700.8519231378,-7.167063392753764,0.0,0.0,0.0,37670085.192313775,716.7063392753762,796.835581975947,0.0,52560.0,31536000.0,08-19,2023.0,2.0,0.0,0.0,5.0,30.0,20.0,15.0,Eplus-env-08-19_thermostat_rbc_eco_year_2023_case_2_rep_0_zone_0_onoffseed_5_tempseed_30_comforttemp_20_setbacktemp_15_paper2_final_runs_v4-res1
0,23469.532030572267,0.0,153775.6141232152,130306.0820926429,-359564.12707658124,-6.841022204653372,967.8344204578408,0.0184138968884672,-21608.14432058349,-0.4111138569365201,-29035.032613735224,-0.5524169066540188,-318755.5586017866,-6.064603474158802,11.921613394216134,0.4111138569365201,1.5024489938274843,31875555.860178657,606.46034741588,679.7390147104494,21608.14432058349,52560.0,31536000.0,08-19,2023.0,11.0,0.0,0.0,10.0,15.0,20.0,17.0,Eplus-env-08-19_thermostat_rbc_eco_year_2023_case_11_rep_0_zone_0_onoffseed_10_tempseed_15_comforttemp_20_setbacktemp_17_paper2_final_runs_v4-res1
0,20889.38471754962,0.0,121290.75399598214,100401.3692784325,-339492.24344419804,-6.459137051830252,784.8360514545839,0.0149321927597904,-97.60788433308008,-0.0018570754249063,-23545.081543637512,-0.4479657827937122,-322305.0299224376,-6.13213527249691,14.910578386605785,0.0018570754249063,0.0078888980594653,32230502.992243763,613.2135272496911,695.5478321481356,97.60788433308008,52560.0,31536000.0,08-19,2023.0,11.0,0.0,0.0,5.0,42.0,20.0,15.0,Eplus-env-08-19_thermostat_rbc_eco_year_2023_case_11_rep_0_zone_0_onoffseed_5_tempseed_42_comforttemp_20_setbacktemp_15_paper2_final_runs_v4-res1
0,111284.83139061223,111284.83139061223,0.0,0.0,-507488.8702144479,-9.655419905145507,2212.715544510313,0.0420988497813986,-30348.188998763617,-0.5774008561408603,-66381.46633530941,-1.26296549344196,-386098.5606550244,-7.345863026161043,13.55593607305936,0.5774008561408603,1.9563283055212195,38609856.06550244,734.5863026161043,808.6431297996199,30348.188998763617,52560.0,31536000.0,08-19,2022.0,2.0,0.0,0.0,10.0,30.0,20.0,17.0,Eplus-env-08-19_thermostat_rbc_eco_year_2022_case_2_rep_0_zone_0_onoffseed_10_tempseed_30_comforttemp_20_setbacktemp_17_paper2_final_runs_v4-res1
0,122269.65121781868,122269.65121781868,0.0,0.0,-518129.3178250726,-9.85786373335374,2502.98515565351,0.047621483174534,-34178.371176108376,-0.6502734242029752,-75089.55466960529,-1.4286444952360215,-383922.14498766686,-7.304454813311774,13.093607305936072,0.6502734242029752,2.4728708437245253,38392214.49876668,730.4454813311772,804.1475561747386,34178.371176108376,52560.0,31536000.0,08-19,2022.0,2.0,0.0,0.0,15.0,15.0,20.0,15.0,Eplus-env-08-19_thermostat_rbc_eco_year_2022_case_2_rep_0_zone_0_onoffseed_15_tempseed_15_comforttemp_20_setbacktemp_15_paper2_final_runs_v4-res1
0,17862.813714781547,0.0,99019.09223535906,81156.27852057751,-458932.69796789606,-8.731596232265908,656.9859978226666,0.0124997335963216,-54020.0297266819,-1.0277783433539176,-19709.57993468,-0.3749920078896498,-390299.1003411514,-7.425781969961024,16.714231354642315,1.0277783433539176,3.2223773885902256,39029910.034115136,742.5781969961023,813.1641934914602,54020.0297266819,52560.0,31536000.0,08-19,2023.0,12.0,0.0,0.0,15.0,30.0,20.0,15.0,Eplus-env-08-19_thermostat_rbc_eco_year_2023_case_12_rep_0_zone_0_onoffseed_15_tempseed_30_comforttemp_20_setbacktemp_15_paper2_final_runs_v4-res1
0,18427.840459062296,0.0,48350.02770978068,29922.18725071838,-383159.4338072438,-7.289943565586831,238.7399524236221,0.0045422365377401,-68278.98536255192,-1.299067453625417,-7162.198572708663,-0.1362670961322044,-299804.632165133,-5.704045513035255,30.82001522070016,1.299067453625417,2.8832936274307293,29980463.2165133,570.4045513035254,637.5482067833436,68278.98536255192,52560.0,31536000.0,08-19,2022.0,10.0,0.0,9.0,5.0,42.0,18.0,13.0,Eplus-env-08-19_thermostat_rbc_eco_year_2022_case_10_rep_0_zone_9_onoffseed_5_tempseed_42_comforttemp_18_setbacktemp_13_paper2_final_runs_v4-res1
0,72646.07470767084,62657.36485244605,23978.650296012293,13989.9404407875,-102327.230956361,-1.946865124740505,1383.094675185152,0.0263145866663841,-8431.370118107392,-0.1604141955499884,-41492.84025555455,-0.7894375999915249,-34464.10711990809,-0.6557098006070794,7.446727549467276,0.1604141955499884,0.8904760505761802,3446410.711990808,65.57098006070791,98.9693382896893,8431.370118107392,52560.0,31536000.0,08-19,2022.0,3.0,0.0,0.0,15.0,15.0,20.0,17.0,Eplus-env-08-19_thermostat_rbc_eco_year_2022_case_3_rep_0_zone_0_onoffseed_15_tempseed_15_comforttemp_20_setbacktemp_17_paper2_final_runs_v4-res1
0,13740.63426429886,0.0,102910.87558500664,89170.24132070778,-49148.54139769769,-0.9350940144158616,651.888120191005,0.0124027420127664,-4423.632153004716,-0.0841634732306833,-19556.64360573015,-0.3720822603829937,-33483.696353070074,-0.6370566277220334,5.622146118721461,0.0841634732306833,0.5075303209832218,3348369.6353070075,63.70566277220334,96.32810939578538,4423.632153004716,52560.0,31536000.0,08-19,2023.0,8.0,0.0,0.0,10.0,15.0,20.0,15.0,Eplus-env-08-19_thermostat_rbc_eco_year_2023_case_8_rep_0_zone_0_onoffseed_10_tempseed_15_comforttemp_20_setbacktemp_15_paper2_final_runs_v4-res1
0,59161.06096506562,59161.06096506562,0.0,0.0,-430240.0951056468,-8.185694351325091,1944.6168986707687,0.0369980384069781,-52229.459471617694,-0.993711177161676,-58338.50696012307,-1.109941152209343,-329610.97165850893,-6.271137208114705,21.60007610350076,0.993711177161676,3.2162605038641754,32961097.165850896,627.1137208114707,699.7250458454806,52229.459471617694,52560.0,31536000.0,08-19,2023.0,1.0,0.0,0.0,10.0,42.0,20.0,13.0,Eplus-env-08-19_thermostat_rbc_eco_year_2023_case_1_rep_0_zone_0_onoffseed_10_tempseed_42_comforttemp_20_setbacktemp_13_paper2_final_runs_v4-res1
0,11206.5527782231,0.0,73718.91660046975,62512.36382224665,-389839.1883303517,-7.417031741445048,496.0830527168476,0.0094384142449932,-93879.17639371696,-1.7861334930311448,-14882.491581505426,-0.2831524273497988,-286791.9311087704,-5.456467486848752,40.20357686453577,1.7861334930311448,3.205224058701841,28679193.11087703,545.646748684875,613.1542403589632,93879.17639371696,52560.0,31536000.0,08-19,2023.0,10.0,0.0,9.0,5.0,42.0,21.0,17.0,Eplus-env-08-19_thermostat_rbc_eco_year_2023_case_10_rep_0_zone_9_onoffseed_5_tempseed_42_comforttemp_21_setbacktemp_17_paper2_final_runs_v4-res1
0,35824.68907255337,35358.382588036075,14456.246925304797,13989.9404407875,-64677.12808335129,-1.230538966578221,1256.1062692656903,0.0238985211047505,-151.11966424631,-0.0028751838707441,-37683.18807797071,-0.7169556331425172,-35217.830288849065,-0.6700500435473566,1.5182648401826484,0.0028751838707441,0.0437199787507878,3521783.028884906,67.00500435473565,101.35781809090544,151.11966424631,52560.0,31536000.0,08-19,2023.0,3.0,0.0,0.0,5.0,30.0,20.0,15.0,Eplus-env-08-19_thermostat_rbc_eco_year_2023_case_3_rep_0_zone_0_onoffseed_5_tempseed_30_comforttemp_20_setbacktemp_15_paper2_final_runs_v4-res1
0,13405.713551478486,12939.407066961188,14456.246925304798,13989.9404407875,-107532.73397088806,-2.0459043753974138,509.41656592372806,0.009692096003115,-62422.3405729436,-1.1876396608246498,-15282.496977711842,-0.2907628800934521,-34143.17914147991,-0.6496038649444427,31.38508371385084,1.1876396608246498,2.578778954283327,3414317.91414799,64.96038649444425,98.93453972519964,62422.3405729436,52560.0,31536000.0,08-19,2023.0,3.0,0.0,9.0,5.0,42.0,19.0,13.0,Eplus-env-08-19_thermostat_rbc_eco_year_2023_case_3_rep_0_zone_9_onoffseed_5_tempseed_42_comforttemp_19_setbacktemp_13_paper2_final_runs_v4-res1
0,50245.66969258725,40256.95983736245,23978.650296012296,13989.9404407875,-144509.6289867089,-2.749422164891722,873.3559717436887,0.0166163617150625,-69581.83727917074,-1.323855351582396,-26200.67915231066,-0.498490851451877,-33821.80933203255,-0.64348952305998,36.20053272450533,1.323855351582396,2.5836879249288143,3382180.933203255,64.348952305998,97.83121564216962,69581.83727917074,52560.0,31536000.0,08-19,2022.0,3.0,0.0,9.0,5.0,42.0,21.0,17.0,Eplus-env-08-19_thermostat_rbc_eco_year_2022_case_3_rep_0_zone_9_onoffseed_5_tempseed_42_comforttemp_21_setbacktemp_17_paper2_final_runs_v4-res1
0,7108.58426266083,0.0,46758.20777805977,39649.62351539894,-48836.18677796482,-0.9291511944057232,299.0134723969104,0.0056889930060294,-2851.3428761888013,-0.0542492936870015,-8970.404171907312,-0.1706697901808849,-40169.3111164932,-0.764256299781073,4.362633181126332,0.0542492936870015,0.3789359463141655,4016931.11164932,76.42562997810731,114.1807394084985,2851.3428761888013,52560.0,31536000.0,08-19,2023.0,14.0,0.0,0.0,10.0,15.0,20.0,13.0,Eplus-env-08-19_thermostat_rbc_eco_year_2023_case_14_rep_0_zone_0_onoffseed_10_tempseed_15_comforttemp_20_setbacktemp_13_paper2_final_runs_v4-res1
0,9766.64280438596,0.0,24543.92231507097,14777.27951068501,-82150.61059058814,-1.5629872639000788,121.67925309113797,0.0023150542825558,-32895.10892050721,-0.6258582366915375,-3650.377592734139,-0.0694516284766769,-41265.411191812775,-0.7851105630101365,24.74505327245053,0.6258582366915375,1.5315100753152262,4126541.1191812768,78.51105630101364,117.8203823231542,32895.10892050721,52560.0,31536000.0,08-19,2022.0,14.0,0.0,9.0,5.0,42.0,18.0,15.0,Eplus-env-08-19_thermostat_rbc_eco_year_2022_case_14_rep_0_zone_9_onoffseed_5_tempseed_42_comforttemp_18_setbacktemp_15_paper2_final_runs_v4-res1
0,26907.589241961075,0.0,70620.80010881218,43713.21086685111,-69293.51422193451,-1.318369753080946,342.94298646192453,0.0065247904577991,-12645.373422813234,-0.2405892964766597,-10288.289593857737,-0.1957437137339751,-34635.042040272936,-0.6589619870675977,9.642313546423136,0.2405892964766597,1.0772664668794842,3463504.2040272937,65.89619870675978,99.94972689621876,12645.373422813234,52560.0,31536000.0,08-19,2022.0,13.0,0.0,0.0,10.0,30.0,20.0,15.0,Eplus-env-08-19_thermostat_rbc_eco_year_2022_case_13_rep_0_zone_0_onoffseed_10_tempseed_30_comforttemp_20_setbacktemp_15_paper2_final_runs_v4-res1
0,30322.42125642185,0.0,79319.50379423518,48997.08253781332,-465139.8114110005,-8.849691997926188,383.03009612775793,0.0072874828030395,-91480.97243946866,-1.7405055639168314,-11490.902883832738,-0.218624484091186,-348852.06614165305,-6.637215870274982,37.071917808219176,1.7405055639168314,3.4681437277116363,34885206.614165306,663.7215870274982,727.3823177908075,91480.97243946866,52560.0,31536000.0,08-19,2022.0,11.0,0.0,9.0,5.0,42.0,19.0,13.0,Eplus-env-08-19_thermostat_rbc_eco_year_2022_case_11_rep_0_zone_9_onoffseed_5_tempseed_42_comforttemp_19_setbacktemp_13_paper2_final_runs_v4-res1
0,79374.0127926789,0.0,219816.3695161485,140442.35672346962,-471633.8956828031,-8.973247634756529,1106.9275520478732,0.0210602654499214,-22924.78412451508,-0.4361640815166491,-33207.826561436195,-0.6318079634976445,-383773.2316925974,-7.301621607545612,10.924657534246576,0.4361640815166491,1.8147234182572685,38377323.16925974,730.1621607545613,797.6633125559116,22924.78412451508,52560.0,31536000.0,08-19,2022.0,7.0,0.0,0.0,10.0,15.0,20.0,15.0,Eplus-env-08-19_thermostat_rbc_eco_year_2022_case_7_rep_0_zone_0_onoffseed_10_tempseed_15_comforttemp_20_setbacktemp_15_paper2_final_runs_v4-res1
0,21729.12840517556,0.0,134815.89609906648,113086.76769389091,-348833.8925096574,-6.63687010102088,854.4286678707192,0.0162562531938873,-50126.24394999858,-0.9536956611491358,-25632.86003612158,-0.4876875958166206,-280931.0486113847,-5.34495906794872,23.54642313546423,0.9536956611491358,3.0023998100911213,28093104.861138467,534.4959067948719,611.4845333933281,50126.24394999858,52560.0,31536000.0,08-19,2023.0,5.0,0.0,0.0,10.0,42.0,20.0,15.0,Eplus-env-08-19_thermostat_rbc_eco_year_2023_case_5_rep_0_zone_0_onoffseed_10_tempseed_42_comforttemp_20_setbacktemp_15_paper2_final_runs_v4-res1
0,25202.748860033465,0.0,169929.0404347053,144726.29157467184,-367615.81604368414,-6.994212634012255,1046.2243695960474,0.0199053342769415,-26669.397734785416,-0.5074086327013968,-31386.73108788142,-0.5971600283082462,-320328.0494665053,-6.094521489088762,12.106164383561644,0.5074086327013968,2.0188100522205,32032804.94665053,609.4521489088762,680.6118599278354,26669.397734785416,52560.0,31536000.0,08-19,2023.0,6.0,0.0,0.0,10.0,15.0,20.0,13.0,Eplus-env-08-19_thermostat_rbc_eco_year_2023_case_6_rep_0_zone_0_onoffseed_10_tempseed_15_comforttemp_20_setbacktemp_13_paper2_final_runs_v4-res1
0,21065.661639150618,0.0,139755.63388515986,118689.97224600925,-442756.2319295544,-8.42382480840096,872.6846822745242,0.0166035898454057,-38026.49331669729,-0.7234873157666912,-26180.54046823573,-0.4981076953621713,-387495.920825868,-7.372449026367352,13.940258751902586,0.7234873157666912,2.437887796220888,38749592.08258681,737.2449026367353,804.9716403378955,38026.49331669729,52560.0,31536000.0,08-19,2023.0,7.0,0.0,0.0,10.0,30.0,20.0,15.0,Eplus-env-08-19_thermostat_rbc_eco_year_2023_case_7_rep_0_zone_0_onoffseed_10_tempseed_30_comforttemp_20_setbacktemp_15_paper2_final_runs_v4-res1
0,20708.86068252141,0.0,117186.75247312084,96477.89179059945,-417754.5365567269,-7.948145672692673,772.6175584183926,0.0146997252362707,-68253.25766660947,-1.298577961693483,-23178.526752551777,-0.4409917570881236,-332559.35996574664,-6.327232876060629,25.87138508371385,1.298577961693483,3.816753070452281,33255935.996574663,632.7232876060629,708.2829466067576,68253.25766660947,52560.0,31536000.0,08-19,2023.0,6.0,0.0,0.0,15.0,42.0,20.0,15.0,Eplus-env-08-19_thermostat_rbc_eco_year_2023_case_6_rep_0_zone_0_onoffseed_15_tempseed_42_comforttemp_20_setbacktemp_15_paper2_final_runs_v4-res1
0,18761.98699332304,0.0,124667.044147575,105905.05715425198,-397496.8785893462,-7.562726000558337,779.5738395557556,0.0148320745729786,-51095.23985425917,-0.9721316562834698,-23387.215186672667,-0.4449622371893582,-331052.4571758494,-6.298562731656191,24.16476407914764,0.9721316562834698,3.1450177396711387,33105245.717584938,629.8562731656191,700.9308005003525,51095.23985425917,52560.0,31536000.0,08-19,2023.0,6.0,0.0,0.0,10.0,42.0,20.0,13.0,Eplus-env-08-19_thermostat_rbc_eco_year_2023_case_6_rep_0_zone_0_onoffseed_10_tempseed_42_comforttemp_20_setbacktemp_13_paper2_final_runs_v4-res1
0,7917.106275463117,0.0,55061.8264366851,47144.72016122198,-449064.5097195528,-8.543845314298949,362.5125971347535,0.0068971194279823,-96220.89035354402,-1.830686650562101,-10875.377914042609,-0.2069135828394712,-346366.6347220524,-6.589928362291712,37.212709284627095,1.830686650562101,3.5496455525813664,34636663.47220524,658.9928362291712,720.8961970537302,96220.89035354402,52560.0,31536000.0,08-19,2023.0,11.0,0.0,9.0,5.0,42.0,19.0,13.0,Eplus-env-08-19_thermostat_rbc_eco_year_2023_case_11_rep_0_zone_9_onoffseed_5_tempseed_42_comforttemp_19_setbacktemp_13_paper2_final_runs_v4-res1
0,76019.24886740893,0.0,197892.86870414665,121873.61983673772,-439605.5926716332,-8.363881139110221,967.4506650942802,0.0184065956068165,-3.181485921629722,-6.053055406449243e-05,-29023.519952828407,-0.5521978682044978,-377411.0636872844,-7.180575793137069,0.0076103500761035,6.053055406449243e-05,0.0075415205686853,37741106.36872844,718.0575793137069,796.2404394603913,3.181485921629722,52560.0,31536000.0,08-19,2022.0,12.0,0.0,0.0,5.0,10.0,20.0,13.0,Eplus-env-08-19_thermostat_rbc_eco_year_2022_case_12_rep_0_zone_0_onoffseed_5_tempseed_10_comforttemp_20_setbacktemp_13_paper2_final_runs_v4-res1
0,12827.79396520564,0.0,32667.44837502513,19839.654409819494,-100192.76927487511,-1.9062551231901657,159.16953514486062,0.0030283397097576,-55265.92665367778,-1.051482622786868,-4775.086054345818,-0.0908501912927286,-34432.42437826261,-0.6551070087188472,29.66894977168949,1.051482622786868,2.424142610193004,3443242.437826261,65.51070087188472,99.67880039080164,55265.92665367778,52560.0,31536000.0,08-19,2022.0,13.0,0.0,9.0,5.0,42.0,19.0,13.0,Eplus-env-08-19_thermostat_rbc_eco_year_2022_case_13_rep_0_zone_9_onoffseed_5_tempseed_42_comforttemp_19_setbacktemp_13_paper2_final_runs_v4-res1
0,27412.43081913206,0.0,178283.98396093876,150871.55314180668,-329402.3901169845,-6.26716876173867,1136.121609888882,0.0216157079507017,0.0,0.0,-34083.64829666646,-0.6484712385210514,-306976.28046385257,-5.840492398475125,0.0,0.0,0.0,30697628.046385262,584.0492398475126,670.7979856603314,0.0,52560.0,31536000.0,08-19,2023.0,11.0,0.0,0.0,5.0,15.0,20.0,15.0,Eplus-env-08-19_thermostat_rbc_eco_year_2023_case_11_rep_0_zone_0_onoffseed_5_tempseed_15_comforttemp_20_setbacktemp_15_paper2_final_runs_v4-res1
0,12602.796457038305,0.0,83097.44067272439,70494.64421568609,-484724.80232025846,-9.222313590568085,547.5383673378799,0.0104173966388485,-74553.18812587029,-1.418439652318689,-16426.151020136393,-0.3125218991654565,-399861.2664128851,-7.607710548190356,38.925038051750384,1.418439652318689,2.533593956565261,39986126.6412885,760.7710548190355,825.0335321480833,74553.18812587029,52560.0,31536000.0,08-19,2023.0,12.0,0.0,9.0,5.0,42.0,20.0,17.0,Eplus-env-08-19_thermostat_rbc_eco_year_2023_case_12_rep_0_zone_9_onoffseed_5_tempseed_42_comforttemp_20_setbacktemp_17_paper2_final_runs_v4-res1
0,69088.70742488146,69088.70742488146,0.0,0.0,-468180.3495548413,-8.907540897162125,1305.490380640069,0.0248380970441413,-113006.5397480932,-2.150048320930236,-39164.71141920208,-0.7451429113242404,-298652.3382624527,-5.682122113060363,40.68873668188736,2.150048320930236,4.059567260555501,29865233.826245263,568.2122113060362,633.736198192883,113006.5397480932,52560.0,31536000.0,08-18,2022.0,0.0,0.0,9.0,5.0,42.0,20.0,13.0,Eplus-env-08-18_thermostat_rbc_eco_year_2022_case_0_rep_0_zone_9_onoffseed_5_tempseed_42_comforttemp_20_setbacktemp_13_paper2_final_runs_v4-res1
0,65282.276572038536,65282.276572038536,0.0,0.0,-447107.3244383664,-8.506608151414886,2127.0357429352543,0.0404687165703054,-103731.3529748978,-1.9735797750170807,-63811.07228805764,-1.2140614971091634,-289968.5409998839,-5.516905270165219,43.87176560121765,1.9735797750170807,3.3453270728316986,28996854.09998839,551.6905270165219,620.1136144713184,103731.3529748978,52560.0,31536000.0,08-18,2023.0,0.0,0.0,9.0,5.0,42.0,21.0,17.0,Eplus-env-08-18_thermostat_rbc_eco_year_2023_case_0_rep_0_zone_9_onoffseed_5_tempseed_42_comforttemp_21_setbacktemp_17_paper2_final_runs_v4-res1
0,4985.418695790942,0.0,44608.05269170398,39622.63399591304,-104717.78846239802,-1.9923475734855027,294.9204457391929,0.0056111195916893,-60825.00614931652,-1.1572489754436173,-8847.613372175789,-0.1683335877506809,-39814.211278054914,-0.7575002145748652,33.032724505327245,1.1572489754436173,2.529690851646905,3981421.127805491,75.75002145748651,113.72717455456844,60825.00614931652,52560.0,31536000.0,08-19,2023.0,9.0,0.0,9.0,5.0,42.0,21.0,13.0,Eplus-env-08-19_thermostat_rbc_eco_year_2023_case_9_rep_0_zone_9_onoffseed_5_tempseed_42_comforttemp_21_setbacktemp_13_paper2_final_runs_v4-res1
0,58932.18023969344,0.0,153854.55408637162,94922.37384667817,-460407.7623887904,-8.759660623835435,761.5234641395434,0.0144886503831724,-118388.35777495168,-2.25244211900593,-22845.70392418629,-0.434659511495173,-293806.9879597455,-5.589935082947974,43.16019786910198,2.25244211900593,4.0120903364321086,29380698.795974545,558.9935082947973,625.4839461625247,118388.35777495168,52560.0,31536000.0,08-19,2022.0,5.0,0.0,9.0,5.0,42.0,21.0,15.0,Eplus-env-08-19_thermostat_rbc_eco_year_2022_case_5_rep_0_zone_9_onoffseed_5_tempseed_42_comforttemp_21_setbacktemp_15_paper2_final_runs_v4-res1
0,73964.29365623846,73964.29365623846,0.0,0.0,-380970.82104992354,-7.248303292426247,2429.63723033145,0.0462259747018921,-93.45835858681816,-0.0017781270659592,-72889.1169099435,-1.386779241056764,-320367.174051168,-6.095265868553425,12.553272450532724,0.0017781270659592,0.0069661087248083,32036717.405116804,609.5265868553425,695.4741599857857,93.45835858681816,52560.0,31536000.0,08-19,2023.0,1.0,0.0,0.0,5.0,42.0,20.0,17.0,Eplus-env-08-19_thermostat_rbc_eco_year_2023_case_1_rep_0_zone_0_onoffseed_5_tempseed_42_comforttemp_20_setbacktemp_17_paper2_final_runs_v4-res1
0,22419.5830912348,0.0,152824.45607638115,130404.87298514631,-375966.9357380608,-7.153099995016378,946.6232771830764,0.0180103363238789,-33746.907266129696,-0.6420644457026198,-28398.698315492293,-0.5403100897163678,-323878.567544992,-6.162073202910806,13.384703196347033,0.6420644457026198,2.3330670694514364,32387856.7544992,616.2073202910806,687.5252095654313,33746.907266129696,52560.0,31536000.0,08-19,2023.0,6.0,0.0,0.0,10.0,10.0,20.0,13.0,Eplus-env-08-19_thermostat_rbc_eco_year_2023_case_6_rep_0_zone_0_onoffseed_10_tempseed_10_comforttemp_20_setbacktemp_13_paper2_final_runs_v4-res1
0,23598.69226257097,23132.38577805367,14456.246925304798,13989.9404407875,-111572.94742276764,-2.1227729722748787,840.8717172845882,0.0159983203440751,-58446.06865912933,-1.1119876076698885,-25226.151518537645,-0.4799496103222535,-33820.788623628985,-0.6434701031892881,33.62062404870624,1.1119876076698885,2.1864391233760467,3382078.8623628984,64.34701031892881,97.90804750198214,58446.06865912933,52560.0,31536000.0,08-19,2023.0,3.0,0.0,9.0,5.0,42.0,20.0,17.0,Eplus-env-08-19_thermostat_rbc_eco_year_2023_case_3_rep_0_zone_9_onoffseed_5_tempseed_42_comforttemp_20_setbacktemp_17_paper2_final_runs_v4-res1
0,58423.53692104732,0.0,151074.67009322272,92651.13317217544,-434336.21341555926,-8.26362658705402,739.2239272552492,0.0140643821776112,-111.827037733949,-0.0021276072628224,-22176.717817657474,-0.4219314653283385,-386428.0908227165,-7.352132626002977,16.847412480974125,0.0021276072628224,0.0094062010658201,38642809.08227164,735.2132626002976,811.4770930941355,111.827037733949,52560.0,31536000.0,08-19,2022.0,12.0,0.0,0.0,5.0,42.0,20.0,15.0,Eplus-env-08-19_thermostat_rbc_eco_year_2022_case_12_rep_0_zone_0_onoffseed_5_tempseed_42_comforttemp_20_setbacktemp_15_paper2_final_runs_v4-res1
0,37159.83531381877,0.0,97676.65903362684,60516.82371980809,-457641.8693951219,-8.707037088948285,477.749305644599,0.0090895986614269,-75860.04476227515,-1.443303743574489,-14332.479169337972,-0.2726879598428077,-351381.3633626116,-6.685337963520007,33.97640791476408,1.443303743574489,3.0118766389533005,35138136.33626116,668.5337963520008,733.2100343876666,75860.04476227515,52560.0,31536000.0,08-19,2022.0,6.0,0.0,9.0,5.0,42.0,18.0,13.0,Eplus-env-08-19_thermostat_rbc_eco_year_2022_case_6_rep_0_zone_9_onoffseed_5_tempseed_42_comforttemp_18_setbacktemp_13_paper2_final_runs_v4-res1
0,83387.92300582909,0.0,207842.78767424505,124454.86466841596,-432731.7005356861,-8.23309932526039,1059.7602564250942,0.0201628663703404,-36843.40809699602,-0.700978084037215,-31792.807692752827,-0.6048859911102136,-327668.6326276213,-6.234182508135871,14.918188736681886,0.700978084037215,2.3026246373768893,32766863.26276213,623.418250813587,701.5440280144356,36843.40809699602,52560.0,31536000.0,08-19,2022.0,6.0,0.0,0.0,15.0,10.0,20.0,17.0,Eplus-env-08-19_thermostat_rbc_eco_year_2022_case_6_rep_0_zone_0_onoffseed_15_tempseed_10_comforttemp_20_setbacktemp_17_paper2_final_runs_v4-res1
0,26024.333507013776,0.0,150450.04963749528,124425.71613048144,-384484.5981012883,-7.315155976051908,989.7858996732904,0.0188315429922619,-38568.5675628548,-0.7338007527179375,-29693.57699019871,-0.5649462897678598,-324625.52329634555,-6.176284689808705,15.624048706240488,0.7338007527179375,2.3207022735786884,32462552.329634555,617.6284689808705,695.0625914758049,38568.5675628548,52560.0,31536000.0,08-19,2023.0,6.0,0.0,0.0,15.0,10.0,20.0,17.0,Eplus-env-08-19_thermostat_rbc_eco_year_2023_case_6_rep_0_zone_0_onoffseed_15_tempseed_10_comforttemp_20_setbacktemp_17_paper2_final_runs_v4-res1
0,16184.524476667675,0.0,98337.13318567304,82152.60870900535,-380144.1814230985,-7.232575750058952,661.7716318657201,0.012590784472331,-26500.03615207976,-0.5041863803668143,-19853.1489559716,-0.3777235341699315,-340403.58579665696,-6.476476137683732,32.87100456621005,0.5041863803668143,0.9532001344767248,34040358.57966569,647.6476137683732,720.9758176812737,26500.03615207976,52560.0,31536000.0,08-19,2023.0,6.0,0.0,9.0,5.0,42.0,18.0,17.0,Eplus-env-08-19_thermostat_rbc_eco_year_2023_case_6_rep_0_zone_9_onoffseed_5_tempseed_42_comforttemp_18_setbacktemp_17_paper2_final_runs_v4-res1
1,,,,,,,,,,,,,,,,,,,,,,,,,,,,,,,,,
0,39154.082098226005,0.0,103066.95625423137,63912.87415600536,-413955.1559592949,-7.875859131645642,504.3564789152848,0.0095958234192405,-78114.00869941857,-1.486187380125924,-15130.694367458544,-0.2878747025772173,-303809.1926953177,-5.780235781874385,34.47678843226789,1.486187380125924,3.0704778297385538,30380919.269531768,578.0235781874385,645.2423379957846,78114.00869941857,52560.0,31536000.0,08-19,2022.0,5.0,0.0,9.0,5.0,42.0,18.0,13.0,Eplus-env-08-19_thermostat_rbc_eco_year_2022_case_5_rep_0_zone_9_onoffseed_5_tempseed_42_comforttemp_18_setbacktemp_13_paper2_final_runs_v4-res1
0,11732.934432729897,0.0,73212.69737791126,61479.762945181385,-393990.6820415886,-7.496017542648184,483.2990696555432,0.0091951877788345,-83149.53314582056,-1.5819926397606652,-14498.972089666291,-0.275855633365036,-301242.4352363517,-5.731400974816432,34.94292237442922,1.5819926397606652,3.146510268817872,30124243.523635164,573.1400974816431,638.3022986661186,83149.53314582056,52560.0,31536000.0,08-19,2023.0,5.0,0.0,9.0,5.0,42.0,18.0,13.0,Eplus-env-08-19_thermostat_rbc_eco_year_2023_case_5_rep_0_zone_9_onoffseed_5_tempseed_42_comforttemp_18_setbacktemp_13_paper2_final_runs_v4-res1
0,13309.59777730619,0.0,32597.11008142324,19287.512304117045,-70596.83382955375,-1.3431665492685263,163.73572990241786,0.0031152155613093,-18179.239752239555,-0.3458759465799002,-4912.071897072536,-0.0934564668392795,-41529.0121357,-0.7901258016685693,22.14421613394216,0.3458759465799002,0.8592079242791854,4152901.21357,79.01258016685692,118.42405961262206,18179.239752239555,52560.0,31536000.0,08-19,2022.0,14.0,0.0,9.0,5.0,42.0,18.0,17.0,Eplus-env-08-19_thermostat_rbc_eco_year_2022_case_14_rep_0_zone_9_onoffseed_5_tempseed_42_comforttemp_18_setbacktemp_17_paper2_final_runs_v4-res1
0,90147.91568872472,90147.91568872472,0.0,0.0,-481202.2056211621,-9.15529310542546,1777.418192822805,0.0338169366975419,-71413.66243010417,-1.3587074282744325,-53322.54578468413,-1.0145081009262582,-336038.5333661121,-6.393427194941251,25.235920852359207,1.3587074282744325,4.240607844225201,33603853.33661122,639.3427194941252,715.36989866729,71413.66243010417,52560.0,31536000.0,08-19,2022.0,1.0,0.0,0.0,15.0,42.0,20.0,13.0,Eplus-env-08-19_thermostat_rbc_eco_year_2022_case_1_rep_0_zone_0_onoffseed_15_tempseed_42_comforttemp_20_setbacktemp_13_paper2_final_runs_v4-res1
0,16310.58222055962,0.0,109912.31928967145,93601.73706911184,-47336.50380052814,-0.9006184132520574,711.598805263138,0.0135387900544737,-3.535804652777898,-6.727177802088848e-05,-21347.96415789415,-0.4061637016342113,-33989.280681235534,-0.6466758120478603,0.0133181126331811,6.727177802088848e-05,0.0067722118718928,3398928.068123554,64.66758120478603,97.3874450178878,3.535804652777898,52560.0,31536000.0,08-19,2023.0,8.0,0.0,0.0,5.0,15.0,20.0,15.0,Eplus-env-08-19_thermostat_rbc_eco_year_2023_case_8_rep_0_zone_0_onoffseed_5_tempseed_15_comforttemp_20_setbacktemp_15_paper2_final_runs_v4-res1
0,60575.97370934983,0.0,165369.26778221488,104793.29407286509,-465788.0707141285,-8.862025698518426,818.6807863244551,0.0155761184612719,-29291.26196156093,-0.557291894245832,-24560.42358973365,-0.4672835538381593,-386939.6046609485,-7.361864624447269,12.277397260273974,0.557291894245832,2.11168918765417,38693960.46609485,736.1864624447269,803.994611832655,29291.26196156093,52560.0,31536000.0,08-19,2022.0,12.0,0.0,0.0,10.0,10.0,20.0,15.0,Eplus-env-08-19_thermostat_rbc_eco_year_2022_case_12_rep_0_zone_0_onoffseed_10_tempseed_10_comforttemp_20_setbacktemp_15_paper2_final_runs_v4-res1
0,108930.71363105383,108930.71363105383,0.0,0.0,-454989.2447315674,-8.656568583172895,2138.12786537118,0.0406797539073664,-36075.015480425296,-0.686358742017224,-64143.83596113541,-1.2203926172209931,-329798.01242957683,-6.274695822480533,22.40677321156773,0.686358742017224,2.185675234049336,32979801.24295769,627.4695822480535,707.3402405726592,36075.015480425296,52560.0,31536000.0,08-19,2022.0,1.0,0.0,0.0,10.0,42.0,20.0,17.0,Eplus-env-08-19_thermostat_rbc_eco_year_2022_case_1_rep_0_zone_0_onoffseed_10_tempseed_42_comforttemp_20_setbacktemp_17_paper2_final_runs_v4-res1
0,36534.38688783669,0.0,92513.5118406608,55979.1249528241,-369028.4823731467,-7.021089847282091,460.818446832516,0.0087674742548043,-45886.085630903646,-0.8730229381830983,-13824.55340497548,-0.2630242276441301,-293253.614829304,-5.57940667483455,33.67009132420091,0.8730229381830983,1.7138074834993575,29325361.482930392,557.940667483455,630.206802989937,45886.085630903646,52560.0,31536000.0,08-19,2022.0,10.0,0.0,9.0,5.0,42.0,19.0,17.0,Eplus-env-08-19_thermostat_rbc_eco_year_2022_case_10_rep_0_zone_9_onoffseed_5_tempseed_42_comforttemp_19_setbacktemp_17_paper2_final_runs_v4-res1
0,11543.681019514548,0.0,79431.2035880315,67887.52256851696,-56633.49369633343,-1.0775017826547455,522.802488122964,0.0099467748881842,-12477.766814304803,-0.2374004340621157,-15684.074643688917,-0.2984032466455273,-34711.841439963784,-0.6604231628608026,28.99923896499239,0.2374004340621157,0.5451710732150123,3471184.143996378,66.04231628608025,100.23989125887398,12477.766814304803,52560.0,31536000.0,08-19,2023.0,8.0,0.0,0.0,5.0,42.0,20.0,17.0,Eplus-env-08-19_thermostat_rbc_eco_year_2023_case_8_rep_0_zone_0_onoffseed_5_tempseed_42_comforttemp_20_setbacktemp_17_paper2_final_runs_v4-res1
0,20274.025726095373,0.0,130232.77640406876,109958.7506779734,-394647.5263382127,-7.508514580255188,823.0062540168709,0.0156584142697273,-48182.56122246733,-0.9167153961656644,-24690.187620506123,-0.4697524280918212,-329878.78466922673,-6.27623258503095,23.613013698630137,0.9167153961656644,2.910909409488029,32987878.46692267,627.6232585030949,700.5512569383174,48182.56122246733,52560.0,31536000.0,08-19,2023.0,6.0,0.0,0.0,10.0,42.0,20.0,15.0,Eplus-env-08-19_thermostat_rbc_eco_year_2023_case_6_rep_0_zone_0_onoffseed_10_tempseed_42_comforttemp_20_setbacktemp_15_paper2_final_runs_v4-res1
0,72913.14780331033,0.0,185321.96820334555,112408.82040003524,-445271.0016975334,-8.471670504138764,921.4947851179312,0.017532244770128,-106.4367818997919,-0.0020250529280782,-27644.84355353793,-0.525967343103842,-385514.3186977455,-7.334747311600941,16.497336377473363,0.0020250529280782,0.0073686647924963,38551431.86977454,733.474731160094,812.2908515323672,106.4367818997919,52560.0,31536000.0,08-19,2022.0,7.0,0.0,0.0,5.0,42.0,20.0,17.0,Eplus-env-08-19_thermostat_rbc_eco_year_2022_case_7_rep_0_zone_0_onoffseed_5_tempseed_42_comforttemp_20_setbacktemp_17_paper2_final_runs_v4-res1
0,8529.827949512888,0.0,54187.89434930173,45658.06639978884,-47563.66329656532,-0.9049403214719428,346.601564405264,0.0065943981051229,-1.2949546030877457,-2.463764465539851e-05,-10398.046932157924,-0.1978319431536895,-40584.11609646575,-0.7721483275583285,0.0057077625570776,2.463764465539851e-05,0.0047720535664518,4058411.609646575,77.21483275583284,115.1777616901606,1.2949546030877457,52560.0,31536000.0,08-19,2023.0,14.0,0.0,0.0,5.0,15.0,20.0,13.0,Eplus-env-08-19_thermostat_rbc_eco_year_2023_case_14_rep_0_zone_0_onoffseed_5_tempseed_15_comforttemp_20_setbacktemp_13_paper2_final_runs_v4-res1
0,24971.69406158109,0.0,64596.61404969091,39624.91998810982,-61612.70624291298,-1.1722356591117389,311.2892284870856,0.0059225500092672,-36.8305765790341,-0.0007007339531779,-9338.676854612568,-0.1776765002780169,-41146.532754554464,-0.7828487967000469,0.1141552511415525,0.0007007339531779,0.0306436494756421,4114653.275455446,78.28487967000468,116.93577281625412,36.8305765790341,52560.0,31536000.0,08-19,2022.0,14.0,0.0,0.0,5.0,10.0,20.0,13.0,Eplus-env-08-19_thermostat_rbc_eco_year_2022_case_14_rep_0_zone_0_onoffseed_5_tempseed_10_comforttemp_20_setbacktemp_13_paper2_final_runs_v4-res1
0,6749.563063734953,0.0,45806.1935203264,39056.63045659144,-67436.11577148673,-1.2830311219841464,301.150289533167,0.0057296478221683,-27291.367063029906,-0.5192421435127454,-9034.50868599501,-0.1718894346650496,-34622.931166015274,-0.6587315670855265,31.03120243531202,0.5192421435127454,1.325474562187194,3462293.1166015263,65.87315670855263,100.24586710800696,27291.367063029906,52560.0,31536000.0,08-19,2023.0,13.0,0.0,0.0,10.0,42.0,20.0,17.0,Eplus-env-08-19_thermostat_rbc_eco_year_2023_case_13_rep_0_zone_0_onoffseed_10_tempseed_42_comforttemp_20_setbacktemp_17_paper2_final_runs_v4-res1
0,34132.08867073666,0.0,90919.64698405744,56787.55831332081,-66051.49400030158,-1.2566874809798627,444.9068797794878,0.0084647427659719,-4178.002049894953,-0.0794901455459466,-13347.206393384631,-0.2539422829791596,-33950.03020887696,-0.6459290374596073,5.180745814307458,0.0794901455459466,0.515347628816984,3395003.020887696,64.59290374596074,97.68183158454292,4178.002049894953,52560.0,31536000.0,08-19,2022.0,13.0,0.0,0.0,10.0,15.0,20.0,17.0,Eplus-env-08-19_thermostat_rbc_eco_year_2022_case_13_rep_0_zone_0_onoffseed_10_tempseed_15_comforttemp_20_setbacktemp_17_paper2_final_runs_v4-res1
0,4265.532106203073,0.0,36020.58520780661,31755.05310160353,-387277.90138141706,-7.368301015628178,246.8175790920752,0.0046959204545676,-88804.71586392862,-1.6895874403334974,-7404.527372762253,-0.1408776136370291,-294983.5537014037,-5.612320275901897,34.64992389649924,1.6895874403334974,3.401128648278178,29498355.370140366,561.2320275901897,625.4111707503961,88804.71586392862,52560.0,31536000.0,08-19,2023.0,10.0,0.0,9.0,5.0,42.0,19.0,13.0,Eplus-env-08-19_thermostat_rbc_eco_year_2023_case_10_rep_0_zone_9_onoffseed_5_tempseed_42_comforttemp_19_setbacktemp_13_paper2_final_runs_v4-res1
0,19127.25377238761,0.0,46815.5693447691,27688.315572381485,-69286.2166346054,-1.318230910095232,232.460298158566,0.0044227606194552,-12673.113001208012,-0.2411170662330291,-6973.808944756981,-0.1326828185836564,-40965.09732220709,-0.7793968288091151,11.082572298325722,0.2411170662330291,1.037972847206905,4096509.732220709,77.9396828809115,116.61648769076596,12673.113001208012,52560.0,31536000.0,08-19,2022.0,14.0,0.0,0.0,15.0,30.0,20.0,17.0,Eplus-env-08-19_thermostat_rbc_eco_year_2022_case_14_rep_0_zone_0_onoffseed_15_tempseed_30_comforttemp_20_setbacktemp_17_paper2_final_runs_v4-res1
0,7255.367202069151,0.0,41563.89770217743,34308.53050010828,-50593.09905953341,-0.96257798819508,274.6356355200416,0.0052251833242017,-4587.58650748813,-0.0872828483159842,-8239.069065601248,-0.1567554997260511,-40069.8966440325,-0.7623648524359304,5.762937595129376,0.0872828483159842,0.5774948976645385,4006989.6644032495,76.23648524359305,113.9036656521074,4587.58650748813,52560.0,31536000.0,08-19,2023.0,14.0,0.0,0.0,15.0,15.0,20.0,13.0,Eplus-env-08-19_thermostat_rbc_eco_year_2023_case_14_rep_0_zone_0_onoffseed_15_tempseed_15_comforttemp_20_setbacktemp_13_paper2_final_runs_v4-res1
0,6960.946741382044,0.0,50796.85978465743,43835.91304327538,-504170.3224386654,-9.59228162935056,335.349892970857,0.0063803252087301,-93432.21765611904,-1.7776297118744109,-10060.496789125713,-0.1914097562619047,-405043.3542534217,-7.706304304669363,36.75038051750381,1.7776297118744109,3.471373861056628,40504335.42534217,770.6304304669363,830.2873469781769,93432.21765611904,52560.0,31536000.0,08-19,2023.0,12.0,0.0,9.0,5.0,42.0,19.0,13.0,Eplus-env-08-19_thermostat_rbc_eco_year_2023_case_12_rep_0_zone_9_onoffseed_5_tempseed_42_comforttemp_19_setbacktemp_13_paper2_final_runs_v4-res1
0,64561.35068677388,0.0,176342.48585809185,111781.13517131796,-460063.8821918322,-8.753118002127705,877.7876530330799,0.0167006783301575,-23360.78504798773,-0.4444593806694774,-26333.6295909924,-0.501020349904726,-383885.45614699466,-7.30375677600827,10.869482496194824,0.4444593806694774,1.901356598717844,38388545.61469947,730.375677600827,797.2840247994253,23360.78504798773,52560.0,31536000.0,08-19,2022.0,12.0,0.0,0.0,10.0,15.0,20.0,13.0,Eplus-env-08-19_thermostat_rbc_eco_year_2022_case_12_rep_0_zone_0_onoffseed_10_tempseed_15_comforttemp_20_setbacktemp_13_paper2_final_runs_v4-res1
0,53975.95247867134,0.0,145156.78257807353,91180.83009940216,-469228.8710373927,-8.927489936023454,716.9195429503918,0.0136400217456315,-34487.07855427876,-0.656146852250357,-21507.58628851176,-0.4092006523689451,-390584.0657603129,-7.43120368645953,24.374048706240487,0.656146852250357,2.1141144815792616,39058406.57603129,743.120368645953,816.689336272668,34487.07855427876,52560.0,31536000.0,08-19,2022.0,12.0,0.0,0.0,10.0,42.0,20.0,17.0,Eplus-env-08-19_thermostat_rbc_eco_year_2022_case_12_rep_0_zone_0_onoffseed_10_tempseed_42_comforttemp_20_setbacktemp_17_paper2_final_runs_v4-res1
0,73438.54327520457,0.0,204705.49087713857,131266.947601934,-420908.3413509521,-8.00814956908204,1035.1117633046606,0.0196939072166031,-33646.388930966976,-0.6401519964034813,-31053.35289913982,-0.5908172164980939,-327181.88016654016,-6.2249216165627885,13.046042617960426,0.6401519964034813,2.464798975231331,32718188.016654026,622.492161656279,694.2511771239343,33646.388930966976,52560.0,31536000.0,08-19,2022.0,6.0,0.0,0.0,10.0,10.0,20.0,13.0,Eplus-env-08-19_thermostat_rbc_eco_year_2022_case_6_rep_0_zone_0_onoffseed_10_tempseed_10_comforttemp_20_setbacktemp_13_paper2_final_runs_v4-res1
0,17727.95378140033,0.0,117436.07533910975,99708.1215577094,-304945.67121666786,-5.801858280378004,754.6919222980904,0.0143586743207399,-22767.191769865407,-0.4331657490461454,-22640.75766894271,-0.4307602296221977,-267675.2404582389,-5.092755716480954,11.40220700152207,0.4331657490461454,1.7299996825151025,26767524.045823887,509.2755716480953,585.444710724231,22767.191769865407,52560.0,31536000.0,08-19,2023.0,10.0,0.0,0.0,10.0,15.0,20.0,15.0,Eplus-env-08-19_thermostat_rbc_eco_year_2023_case_10_rep_0_zone_0_onoffseed_10_tempseed_15_comforttemp_20_setbacktemp_15_paper2_final_runs_v4-res1
0,73540.4189069723,73540.4189069723,0.0,0.0,-416319.1353552662,-7.920835908585735,2426.620476998459,0.0461685783294988,-33278.14488185334,-0.6331458310854897,-72798.61430995374,-1.3850573498849648,-322877.5737656189,-6.143028420198228,14.162861491628616,0.6331458310854897,2.0254885012477017,32287757.376561884,614.3028420198227,692.4506709078067,33278.14488185334,52560.0,31536000.0,08-19,2023.0,1.0,0.0,0.0,10.0,30.0,20.0,17.0,Eplus-env-08-19_thermostat_rbc_eco_year_2023_case_1_rep_0_zone_0_onoffseed_10_tempseed_30_comforttemp_20_setbacktemp_17_paper2_final_runs_v4-res1
0,70451.68701598601,0.0,180960.1870466304,110508.50003064435,-448591.2993851603,-8.534842073538059,899.4946031984114,0.0171136720547642,-98415.90752988742,-1.8724487733996849,-26984.838095952346,-0.513410161642929,-292538.8667074948,-5.5658079662765365,42.85197869101979,1.8724487733996849,3.230754582948028,29253886.67074948,556.5807966276537,626.024626398315,98415.90752988742,52560.0,31536000.0,08-19,2022.0,5.0,0.0,9.0,5.0,42.0,21.0,17.0,Eplus-env-08-19_thermostat_rbc_eco_year_2022_case_5_rep_0_zone_9_onoffseed_5_tempseed_42_comforttemp_21_setbacktemp_17_paper2_final_runs_v4-res1
0,24405.47196987507,0.0,163434.46481940284,139028.9928495278,-389500.81248688855,-7.410593844879919,1042.36759524288,0.0198319557694611,0.0,0.0,-31271.0278572864,-0.5949586730838357,-369534.6958683338,-7.030721002061146,0.0,0.0,0.0,36953469.58683337,703.0721002061144,782.9662429743703,0.0,52560.0,31536000.0,08-19,2023.0,12.0,0.0,0.0,5.0,15.0,20.0,13.0,Eplus-env-08-19_thermostat_rbc_eco_year_2023_case_12_rep_0_zone_0_onoffseed_5_tempseed_15_comforttemp_20_setbacktemp_13_paper2_final_runs_v4-res1
0,105784.4946963567,105784.4946963567,0.0,0.0,-419335.8533997835,-7.978231609584922,2080.8040734951487,0.0395891185977007,-48957.5842084562,-0.9314608867666704,-62424.12220485447,-1.1876735579310211,-283835.9740802379,-5.400227817356124,22.62937595129376,0.9314608867666704,3.06053195489987,28383597.408023786,540.0227817356124,619.2716788996871,48957.5842084562,52560.0,31536000.0,08-18,2022.0,0.0,0.0,0.0,10.0,42.0,20.0,15.0,Eplus-env-08-18_thermostat_rbc_eco_year_2022_case_0_rep_0_zone_0_onoffseed_10_tempseed_42_comforttemp_20_setbacktemp_15_paper2_final_runs_v4-res1
0,8529.827949512888,0.0,54187.89434930173,45658.06639978884,-47563.66329656532,-0.9049403214719428,346.601564405264,0.0065943981051229,-1.2949546030877457,-2.463764465539851e-05,-10398.046932157924,-0.1978319431536895,-40584.11609646575,-0.7721483275583285,0.0057077625570776,2.463764465539851e-05,0.0047720535664518,4058411.609646575,77.21483275583284,115.1777616901606,1.2949546030877457,52560.0,31536000.0,08-19,2023.0,14.0,0.0,0.0,5.0,15.0,20.0,15.0,Eplus-env-08-19_thermostat_rbc_eco_year_2023_case_14_rep_0_zone_0_onoffseed_5_tempseed_15_comforttemp_20_setbacktemp_15_paper2_final_runs_v4-res1
0,64449.63505432018,0.0,159634.0240188862,95184.38896456602,-427289.2528696373,-8.129551995236632,806.5221561619148,0.0153447898813149,-44699.96549324706,-0.8504559644833916,-24195.66468485745,-0.4603436964394491,-329863.0409384509,-6.27593304677418,14.963850837138509,0.8504559644833916,2.9382288641095453,32986304.093845088,627.5933046774179,702.6688316753363,44699.96549324706,52560.0,31536000.0,08-19,2022.0,11.0,0.0,0.0,15.0,10.0,20.0,15.0,Eplus-env-08-19_thermostat_rbc_eco_year_2022_case_11_rep_0_zone_0_onoffseed_15_tempseed_10_comforttemp_20_setbacktemp_15_paper2_final_runs_v4-res1
0,94369.13041721228,0.0,245214.1588934267,150845.02847621447,-388359.1539311744,-7.38887279168901,1210.0723673939608,0.0230226858332184,-0.5482410760449099,-1.0430766287003611e-05,-36302.17102181882,-0.690680574996553,-311155.2200957769,-5.920000382339744,0.0019025875190258,1.0430766287003611e-05,0.0023913313723268,31115522.00957769,592.0000382339745,677.9419083649391,0.5482410760449099,52560.0,31536000.0,08-19,2022.0,11.0,0.0,0.0,5.0,15.0,20.0,15.0,Eplus-env-08-19_thermostat_rbc_eco_year_2022_case_11_rep_0_zone_0_onoffseed_5_tempseed_15_comforttemp_20_setbacktemp_15_paper2_final_runs_v4-res1
0,20423.401392951862,0.0,121391.70370923246,100968.3023162806,-457565.5285724575,-8.705584637984352,803.3422856062666,0.015284290061002,-51447.94492166089,-0.9788421788748268,-24100.268568188,-0.4585287018300609,-389409.1989712227,-7.40885081756512,25.300608828006087,0.9788421788748268,2.780060588595905,38940919.89712226,740.8850817565119,816.4361229117302,51447.94492166089,52560.0,31536000.0,08-19,2023.0,7.0,0.0,0.0,15.0,42.0,20.0,17.0,Eplus-env-08-19_thermostat_rbc_eco_year_2023_case_7_rep_0_zone_0_onoffseed_15_tempseed_42_comforttemp_20_setbacktemp_17_paper2_final_runs_v4-res1
0,66553.50921755383,56564.79936232903,23978.650296012293,13989.9404407875,-90217.20320323452,-1.7164612481589523,1234.308170379899,0.0234837931959645,-148.47141354748985,-0.0028247985834758,-37029.24511139696,-0.7045137958789376,-35621.30589880626,-0.6777265201447158,1.3812785388127853,0.0028247985834758,0.0476140327949547,3562130.589880626,67.77265201447157,102.50598412637686,148.47141354748985,52560.0,31536000.0,08-19,2022.0,3.0,0.0,0.0,5.0,30.0,20.0,15.0,Eplus-env-08-19_thermostat_rbc_eco_year_2022_case_3_rep_0_zone_0_onoffseed_5_tempseed_30_comforttemp_20_setbacktemp_15_paper2_final_runs_v4-res1
0,43426.31284164091,0.0,107297.87067257984,63871.55783093894,-81969.84854134455,-1.5595481077120348,546.0504455865539,0.0103890876253149,-5945.374941406041,-0.1131159615944832,-16381.513367596615,-0.3116726287594485,-40497.40706419209,-0.7704986123324218,5.949391171993912,0.1131159615944832,0.8197713502905496,4049740.706419209,77.04986123324218,115.12261016498512,5945.374941406041,52560.0,31536000.0,08-19,2022.0,9.0,0.0,0.0,15.0,15.0,20.0,15.0,Eplus-env-08-19_thermostat_rbc_eco_year_2022_case_9_rep_0_zone_0_onoffseed_15_tempseed_15_comforttemp_20_setbacktemp_15_paper2_final_runs_v4-res1
0,25969.10295552121,0.0,66241.67848751845,40272.57553199725,-373461.99267106055,-7.105441260864927,325.9995291288304,0.0062024263532882,-53480.53488292484,-1.0175139817908074,-9779.985873864907,-0.1860727905986474,-298736.1346602238,-5.683716412865749,30.38432267884323,1.0175139817908074,2.180936593444327,29873613.466022376,568.3716412865749,637.6450702628831,53480.53488292484,52560.0,31536000.0,08-19,2022.0,10.0,0.0,9.0,5.0,42.0,18.0,15.0,Eplus-env-08-19_thermostat_rbc_eco_year_2022_case_10_rep_0_zone_9_onoffseed_5_tempseed_42_comforttemp_18_setbacktemp_15_paper2_final_runs_v4-res1
0,73253.66937647943,0.0,189581.900541386,116328.2311649065,-381271.80197553977,-7.25402971795167,935.3827095238536,0.0177964746865268,-3.227053235908997,-6.139751209872521e-05,-28061.481285715607,-0.5338942405958068,-321339.74800540606,-6.113769939220054,0.015220700152207,6.139751209872521e-05,0.0061516782460385,32133974.800540604,611.3769939220055,694.9113110270932,3.227053235908997,52560.0,31536000.0,08-19,2022.0,11.0,0.0,0.0,5.0,30.0,20.0,15.0,Eplus-env-08-19_thermostat_rbc_eco_year_2022_case_11_rep_0_zone_0_onoffseed_5_tempseed_30_comforttemp_20_setbacktemp_15_paper2_final_runs_v4-res1
0,59952.71362331438,59952.71362331438,0.0,0.0,-495954.0157434305,-9.435959203642131,1983.9611592155752,0.0377465973975566,-58014.7716841126,-1.103781805253284,-59518.83477646725,-1.132397921926698,-388891.9290440843,-7.39900930449171,16.805555555555557,1.103781805253284,3.525565579988066,38889192.90440843,739.9009304491711,811.7986523393566,58014.7716841126,52560.0,31536000.0,08-19,2023.0,2.0,0.0,0.0,15.0,30.0,20.0,13.0,Eplus-env-08-19_thermostat_rbc_eco_year_2023_case_2_rep_0_zone_0_onoffseed_15_tempseed_30_comforttemp_20_setbacktemp_13_paper2_final_runs_v4-res1
0,68830.14561047408,68830.14561047408,0.0,0.0,-422357.22837056656,-8.035715912682011,2275.9241961491707,0.0433014496984241,-41195.24153560918,-0.7837755238890636,-68277.72588447513,-1.299043490952723,-324852.0447110285,-6.180594457972385,14.227549467275496,0.7837755238890636,2.6085424883272923,32485204.471102856,618.0594457972385,692.424817749149,41195.24153560918,52560.0,31536000.0,08-19,2023.0,1.0,0.0,0.0,10.0,30.0,20.0,15.0,Eplus-env-08-19_thermostat_rbc_eco_year_2023_case_1_rep_0_zone_0_onoffseed_10_tempseed_30_comforttemp_20_setbacktemp_15_paper2_final_runs_v4-res1
0,82391.28970651208,82391.28970651208,0.0,0.0,-527830.3607990382,-10.042434566191746,1579.110524411493,0.0300439597490771,-117574.56077347856,-2.2369589188256955,-47373.3157323448,-0.9013187924723136,-342851.4859166621,-6.5230495798451695,42.75114155251142,2.2369589188256955,4.008488604373709,34285148.591666214,652.304957984517,716.0394762147021,117574.56077347856,52560.0,31536000.0,08-19,2022.0,1.0,0.0,9.0,5.0,42.0,21.0,15.0,Eplus-env-08-19_thermostat_rbc_eco_year_2022_case_1_rep_0_zone_9_onoffseed_5_tempseed_42_comforttemp_21_setbacktemp_15_paper2_final_runs_v4-res1
0,9801.612903054754,0.0,74934.57028688576,65132.957383831,-53847.20574020661,-1.0244902157573557,479.0784978725732,0.0091148877068602,-5355.52784926808,-0.1018936044381293,-14372.354936177191,-0.2734466312058066,-40472.97837494944,-0.7700338351398295,6.967275494672755,0.1018936044381293,0.5414175463595817,4047297.837494944,77.00338351398295,115.27819933649756,5355.52784926808,52560.0,31536000.0,08-19,2023.0,9.0,0.0,0.0,10.0,10.0,20.0,13.0,Eplus-env-08-19_thermostat_rbc_eco_year_2023_case_9_rep_0_zone_0_onoffseed_10_tempseed_10_comforttemp_20_setbacktemp_13_paper2_final_runs_v4-res1
0,24560.860888725707,0.0,137074.07289998568,112513.21201126,-342413.42153631867,-6.514715021619457,881.7820895058056,0.016776675979943,-105.59552700023906,-0.0020090473173561,-26453.46268517417,-0.503300279398291,-322214.5857162519,-6.13041449231834,14.836377473363774,0.0020090473173561,0.0144019989719607,32221458.57162519,613.0414492318339,695.4087320452354,105.59552700023906,52560.0,31536000.0,08-19,2023.0,6.0,0.0,0.0,5.0,42.0,20.0,15.0,Eplus-env-08-19_thermostat_rbc_eco_year_2023_case_6_rep_0_zone_0_onoffseed_5_tempseed_42_comforttemp_20_setbacktemp_15_paper2_final_runs_v4-res1
0,22925.84560942501,0.0,131258.68330825272,108332.8376988277,-359402.80016154895,-6.837952818903139,865.0022430077516,0.0164574247147593,-59826.29135056585,-1.1382475523319229,-25950.06729023255,-0.4937227414427806,-280820.8745179125,-5.342862909397118,17.408675799086758,1.1382475523319229,3.4912974172319693,28082087.45179125,534.2862909397118,613.4808793712367,59826.29135056585,52560.0,31536000.0,08-19,2023.0,5.0,0.0,0.0,15.0,30.0,20.0,15.0,Eplus-env-08-19_thermostat_rbc_eco_year_2023_case_5_rep_0_zone_0_onoffseed_15_tempseed_30_comforttemp_20_setbacktemp_15_paper2_final_runs_v4-res1
0,25689.222106328085,0.0,159088.1039345108,133398.88182818273,-329767.5233181852,-6.274115740452534,1014.9647048395676,0.0193105917967954,-33862.19860374878,-0.6442579643026785,-30448.94114518704,-0.5793177539038629,-274888.9721092494,-5.230003274529098,14.320776255707765,0.6442579643026785,2.046454478259493,27488897.21092494,523.0003274529098,604.0921797202411,33862.19860374878,52560.0,31536000.0,08-19,2023.0,5.0,0.0,0.0,10.0,30.0,20.0,17.0,Eplus-env-08-19_thermostat_rbc_eco_year_2023_case_5_rep_0_zone_0_onoffseed_10_tempseed_30_comforttemp_20_setbacktemp_17_paper2_final_runs_v4-res1
0,57753.85573504157,0.0,152144.8992353741,94391.04350033254,-350722.2441104501,-6.672797642892886,760.5509481988222,0.0144701474162637,-28748.01594691318,-0.5469561633735385,-22816.52844596467,-0.4341044224879122,-274725.79878669936,-5.226898759259881,11.657153729071537,0.5469561633735385,2.1313506915219103,27472579.878669944,522.6898759259883,599.5557798723768,28748.01594691318,52560.0,31536000.0,08-19,2022.0,10.0,0.0,0.0,10.0,10.0,20.0,15.0,Eplus-env-08-19_thermostat_rbc_eco_year_2022_case_10_rep_0_zone_0_onoffseed_10_tempseed_10_comforttemp_20_setbacktemp_15_paper2_final_runs_v4-res1
0,36776.1922282627,36309.8857437454,14456.246925304797,13989.9404407875,-73597.93368249555,-1.4002651005041011,1294.0438848319095,0.0246203174435294,-8694.329837291416,-0.1654172343472491,-38821.31654495729,-0.7386095233058846,-34817.00098326243,-0.6624239152066672,8.462709284627094,0.1654172343472491,0.7637036956714429,3481700.098326242,66.2423915206667,100.29120022013107,8694.329837291416,52560.0,31536000.0,08-19,2023.0,3.0,0.0,0.0,10.0,10.0,20.0,17.0,Eplus-env-08-19_thermostat_rbc_eco_year_2023_case_3_rep_0_zone_0_onoffseed_10_tempseed_10_comforttemp_20_setbacktemp_17_paper2_final_runs_v4-res1
0,72829.76531269128,0.0,182789.83743144287,109960.07211875156,-401385.6323688698,-7.6367129446132,932.158741094225,0.0177351358655674,-57574.17157377496,-1.0953990025451856,-27964.76223282676,-0.5320540759670235,-284229.4297927821,-5.407713656635885,16.969178082191778,1.0953990025451856,3.4867087755762416,28422942.97927821,540.7713656635884,620.288196438064,57574.17157377496,52560.0,31536000.0,08-19,2022.0,5.0,0.0,0.0,15.0,30.0,20.0,15.0,Eplus-env-08-19_thermostat_rbc_eco_year_2022_case_5_rep_0_zone_0_onoffseed_15_tempseed_30_comforttemp_20_setbacktemp_15_paper2_final_runs_v4-res1
0,65570.23130627941,0.0,183213.2410780085,117643.00977172908,-483120.79760937183,-9.191795997134168,915.1452525340084,0.0174114393556698,-38679.63240810026,-0.7359138586016031,-27454.357576020248,-0.522343180670096,-390798.1589696044,-7.435276997138591,13.8603500761035,0.7359138586016031,2.667553733089944,39079815.89696043,743.527699713859,810.9138829075929,38679.63240810026,52560.0,31536000.0,08-19,2022.0,7.0,0.0,0.0,10.0,30.0,20.0,13.0,Eplus-env-08-19_thermostat_rbc_eco_year_2022_case_7_rep_0_zone_0_onoffseed_10_tempseed_30_comforttemp_20_setbacktemp_13_paper2_final_runs_v4-res1
0,82450.15367106366,0.0,212465.79330197207,130015.63963090844,-389033.42445892654,-7.401701378594493,1058.122666796786,0.0201317097944594,-97.00638770927978,-0.0018456314252146,-31743.680003903584,-0.6039512938337821,-321483.94735292014,-6.116513458008374,0.1788432267884322,0.0018456314252146,0.0650772800286927,32148394.735292006,611.6513458008372,694.6537500438396,97.00638770927978,52560.0,31536000.0,08-19,2022.0,6.0,0.0,0.0,5.0,30.0,20.0,13.0,Eplus-env-08-19_thermostat_rbc_eco_year_2022_case_6_rep_0_zone_0_onoffseed_5_tempseed_30_comforttemp_20_setbacktemp_13_paper2_final_runs_v4-res1
0,137737.72624767965,137737.72624767965,0.0,0.0,-413886.4076079797,-7.874551134093982,2778.1169755375404,0.0528561068405163,-27925.56621350836,-0.5313083373955167,-83343.50926612622,-1.5856832052154912,-273277.60755124467,-5.199345653562494,12.857686453576864,0.5313083373955167,1.867107323092534,27327760.755124465,519.9345653562493,603.0232123528092,27925.56621350836,52560.0,31536000.0,08-18,2022.0,0.0,0.0,0.0,10.0,10.0,20.0,17.0,Eplus-env-08-18_thermostat_rbc_eco_year_2022_case_0_rep_0_zone_0_onoffseed_10_tempseed_10_comforttemp_20_setbacktemp_17_paper2_final_runs_v4-res1
0,3476.617514393652,0.0,35771.86551752069,32295.24800312704,-92852.03384268166,-1.766591207052543,242.47231033006392,0.0046132479134334,-49424.29317356979,-0.9403404332870964,-7274.169309901916,-0.1383974374030044,-40583.51988058644,-0.7721369840294223,29.39117199391172,0.9403404332870964,2.140310023192873,4058351.988058643,77.21369840294221,115.94757281404956,49424.29317356979,52560.0,31536000.0,08-19,2023.0,9.0,0.0,9.0,5.0,42.0,19.0,13.0,Eplus-env-08-19_thermostat_rbc_eco_year_2023_case_9_rep_0_zone_9_onoffseed_5_tempseed_42_comforttemp_19_setbacktemp_13_paper2_final_runs_v4-res1
0,43136.86734571922,0.0,115980.12184213968,72843.25449642047,-79153.38784520907,-1.505962478029092,581.890491577629,0.0110709758671542,-3270.476137133144,-0.0622236707978147,-17456.714747328868,-0.3321292760146284,-40592.640532543046,-0.7723105124152025,4.450152207001522,0.0622236707978147,0.4707483813275446,4059264.053254304,77.23105124152023,115.35184208571582,3270.476137133144,52560.0,31536000.0,08-19,2022.0,9.0,0.0,0.0,10.0,15.0,20.0,17.0,Eplus-env-08-19_thermostat_rbc_eco_year_2022_case_9_rep_0_zone_0_onoffseed_10_tempseed_15_comforttemp_20_setbacktemp_17_paper2_final_runs_v4-res1
0,25622.29289319638,25155.98640867908,14456.246925304797,13989.9404407875,-96597.39320308628,-1.8378499467862688,916.9473929389752,0.01744572665409,-40699.18717117822,-0.774337655463817,-27508.421788169257,-0.5233717996227027,-34936.6082159841,-0.664699547488282,31.6837899543379,0.774337655463817,2.1483154018495263,3493660.8215984106,66.46995474882821,100.84629472046818,40699.18717117822,52560.0,31536000.0,08-19,2023.0,3.0,0.0,0.0,15.0,42.0,20.0,13.0,Eplus-env-08-19_thermostat_rbc_eco_year_2023_case_3_rep_0_zone_0_onoffseed_15_tempseed_42_comforttemp_20_setbacktemp_13_paper2_final_runs_v4-res1
0,23599.26126127447,23132.95477675717,14456.246925304798,13989.9404407875,-71850.83609877672,-1.367025039931064,857.2350589923149,0.0163096472411018,-11303.199447032372,-0.2150532619298396,-25717.051769769445,-0.4892894172330564,-41241.08101389571,-0.7846476600817296,10.776255707762555,0.2150532619298396,0.9110480879978076,4124108.101389571,78.46476600817297,117.74557288930777,11303.199447032372,52560.0,31536000.0,08-19,2023.0,4.0,0.0,0.0,10.0,30.0,20.0,13.0,Eplus-env-08-19_thermostat_rbc_eco_year_2023_case_4_rep_0_zone_0_onoffseed_10_tempseed_30_comforttemp_20_setbacktemp_13_paper2_final_runs_v4-res1
0,24461.81315670818,0.0,142113.05252944853,117651.23937274034,-346799.9518202417,-6.598172599319667,935.2931080300606,0.0177947699396891,-49200.471249945454,-0.9360820253033764,-28058.793240901818,-0.5338430981906739,-277587.2712267933,-5.281340776765473,16.086377473363775,0.9360820253033764,3.072190847530292,27758727.12267933,528.1340776765473,606.9153582629071,49200.471249945454,52560.0,31536000.0,08-19,2023.0,5.0,0.0,0.0,15.0,10.0,20.0,15.0,Eplus-env-08-19_thermostat_rbc_eco_year_2023_case_5_rep_0_zone_0_onoffseed_15_tempseed_10_comforttemp_20_setbacktemp_15_paper2_final_runs_v4-res1
0,12993.279937529782,0.0,88794.91762371312,75801.63768618334,-43397.92945633412,-0.8256835893518668,580.0231930095317,0.0110354488776547,-42.92117214811532,-0.0008166128643096,-17400.695790285954,-0.3310634663296414,-32725.20596729289,-0.6226256843092255,0.1331811263318112,0.0008166128643096,0.0385528195230354,3272520.596729289,62.26256843092254,95.05942724648702,42.92117214811532,52560.0,31536000.0,08-19,2023.0,8.0,0.0,0.0,5.0,30.0,20.0,15.0,Eplus-env-08-19_thermostat_rbc_eco_year_2023_case_8_rep_0_zone_0_onoffseed_5_tempseed_30_comforttemp_20_setbacktemp_15_paper2_final_runs_v4-res1
0,8321.906095637005,7855.5996111197055,14456.246925304798,13989.9404407875,-82506.90105421086,-1.569766001792444,347.2841908366516,0.0066073856704081,-34832.38122947038,-0.6627165378514152,-10418.525725099547,-0.198221570112244,-40866.36844789985,-0.7775184255688707,24.83637747336377,0.6627165378514152,1.6643767095611155,4086636.8447899856,77.7518425568871,116.75394750903769,34832.38122947038,52560.0,31536000.0,08-19,2023.0,4.0,0.0,9.0,5.0,42.0,18.0,13.0,Eplus-env-08-19_thermostat_rbc_eco_year_2023_case_4_rep_0_zone_9_onoffseed_5_tempseed_42_comforttemp_18_setbacktemp_13_paper2_final_runs_v4-res1
0,53725.066585679175,43736.35673045438,23978.650296012293,13989.9404407875,-92099.59522314036,-1.7522754037888195,994.2194567814088,0.0189158952964499,-6680.60174214375,-0.1271042949418521,-29826.58370344228,-0.5674768588934983,-41466.51650725248,-0.78893676764179,7.332572298325724,0.1271042949418521,0.6752935491011554,4146651.650725248,78.893676764179,118.0151273850704,6680.60174214375,52560.0,31536000.0,08-19,2022.0,4.0,0.0,0.0,10.0,10.0,20.0,17.0,Eplus-env-08-19_thermostat_rbc_eco_year_2022_case_4_rep_0_zone_0_onoffseed_10_tempseed_10_comforttemp_20_setbacktemp_17_paper2_final_runs_v4-res1
0,29755.20880798548,29288.902323468174,14456.246925304797,13989.9404407875,-70913.97362235954,-1.349200411384314,1075.5696741337,0.020463654378495,-5964.319994056365,-0.1134764078016812,-32267.090224011,-0.6139096313548515,-40606.91730249026,-0.7725821404583383,6.976788432267885,0.1134764078016812,0.6801375091098674,4060691.730249027,77.25821404583384,115.325449588928,5964.319994056365,52560.0,31536000.0,08-19,2023.0,4.0,0.0,0.0,15.0,15.0,20.0,15.0,Eplus-env-08-19_thermostat_rbc_eco_year_2023_case_4_rep_0_zone_0_onoffseed_15_tempseed_15_comforttemp_20_setbacktemp_15_paper2_final_runs_v4-res1
0,57442.02718977767,47453.31733455287,23978.650296012293,13989.9404407875,-93569.88191044284,-1.7802488947953354,1084.3133521177883,0.0206300105045241,-5668.665326569086,-0.1078513189986507,-32529.40056353365,-0.618900315135724,-40907.89413991664,-0.7783084882023713,6.381278538812786,0.1078513189986507,0.6623648928065803,4090789.413991663,77.83084882023711,116.2278708423152,5668.665326569086,52560.0,31536000.0,08-19,2022.0,4.0,0.0,0.0,15.0,15.0,20.0,17.0,Eplus-env-08-19_thermostat_rbc_eco_year_2022_case_4_rep_0_zone_0_onoffseed_15_tempseed_15_comforttemp_20_setbacktemp_17_paper2_final_runs_v4-res1
0,9267.039383022213,0.0,63008.36659225867,53741.327209236464,-492049.1478939942,-9.361665675304303,416.5540818618504,0.0079253059714963,-80471.46918559776,-1.531040129101936,-12496.622455855511,-0.2377591791448918,-403996.313789146,-7.686383443476902,36.64003044140031,1.531040129101936,2.909451343610805,40399631.37891459,768.63834434769,830.8540978246461,80471.46918559776,52560.0,31536000.0,08-19,2023.0,12.0,0.0,9.0,5.0,42.0,19.0,15.0,Eplus-env-08-19_thermostat_rbc_eco_year_2023_case_12_rep_0_zone_9_onoffseed_5_tempseed_42_comforttemp_19_setbacktemp_15_paper2_final_runs_v4-res1
0,110366.24909645946,110366.24909645946,0.0,0.0,-343613.1720697626,-6.537541325528208,3715.941326927732,0.0706990359004515,0.0,0.0,-111478.23980783195,-2.1209710770135457,-253322.5436839492,-4.819683099009687,0.0,0.0,0.0,25332254.36839491,481.9683099009686,578.5481038099991,0.0,52560.0,31536000.0,08-18,2023.0,0.0,0.0,0.0,5.0,15.0,20.0,17.0,Eplus-env-08-18_thermostat_rbc_eco_year_2023_case_0_rep_0_zone_0_onoffseed_5_tempseed_15_comforttemp_20_setbacktemp_17_paper2_final_runs_v4-res1
0,123175.92047354594,123175.92047354594,0.0,0.0,-457142.48805979546,-8.69753592199002,2495.699730788933,0.0474828715903526,-32480.272029525,-0.6179656017793949,-74870.99192366797,-1.424486147710578,-323891.99549086246,-6.162328681332999,12.621765601217655,0.6179656017793949,2.3038908416446864,32389199.54908625,616.2328681333001,691.9080328051353,32480.272029525,52560.0,31536000.0,08-19,2022.0,1.0,0.0,0.0,10.0,10.0,20.0,15.0,Eplus-env-08-19_thermostat_rbc_eco_year_2022_case_1_rep_0_zone_0_onoffseed_10_tempseed_10_comforttemp_20_setbacktemp_15_paper2_final_runs_v4-res1
0,50963.01873182083,40974.30887659604,23978.650296012293,13989.9404407875,-94205.70563041852,-1.792345997534599,942.3072138134772,0.0179282194408956,-11265.622437480486,-0.2143383264360823,-28269.21641440432,-0.5378465832268706,-41247.23756843542,-0.7847647939200042,9.347412480974125,0.2143383264360823,1.1120707630118107,4124723.756843543,78.47647939200043,117.26929985090749,11265.622437480486,52560.0,31536000.0,08-19,2022.0,4.0,0.0,0.0,15.0,10.0,20.0,15.0,Eplus-env-08-19_thermostat_rbc_eco_year_2022_case_4_rep_0_zone_0_onoffseed_15_tempseed_10_comforttemp_20_setbacktemp_15_paper2_final_runs_v4-res1
0,19438.739017928165,18972.432533410865,14456.246925304797,13989.9404407875,-88122.28384841813,-1.676603573980558,715.6242078421028,0.0136153768615316,-31026.874506709937,-0.5903134419084843,-21468.72623526309,-0.4084613058459492,-41192.57695114116,-0.783724827837541,30.001902587519027,0.5903134419084843,1.6638490535158623,4119257.695114116,78.37248278375411,117.46595172173636,31026.874506709937,52560.0,31536000.0,08-19,2023.0,4.0,0.0,0.0,15.0,42.0,20.0,15.0,Eplus-env-08-19_thermostat_rbc_eco_year_2023_case_4_rep_0_zone_0_onoffseed_15_tempseed_42_comforttemp_20_setbacktemp_15_paper2_final_runs_v4-res1
0,9849.096374425166,0.0,67659.20626737994,57810.109892954766,-56427.33836003013,-1.0735794969564332,451.1123386827736,0.0085828070525641,-8012.789764241442,-0.1524503379802405,-13533.37016048321,-0.2574842115769256,-40357.00285187145,-0.7678272993126228,8.898401826484019,0.1524503379802405,0.7646746335032628,4035700.2851871457,76.78272993126228,114.8352188419811,8012.789764241442,52560.0,31536000.0,08-19,2023.0,9.0,0.0,0.0,15.0,10.0,20.0,15.0,Eplus-env-08-19_thermostat_rbc_eco_year_2023_case_9_rep_0_zone_0_onoffseed_15_tempseed_10_comforttemp_20_setbacktemp_15_paper2_final_runs_v4-res1
0,31232.5699080396,0.0,79881.83404265105,48649.26413461147,-60556.65926039907,-1.1521434410273796,385.4927587481435,0.0073343371146907,-53.75723046147422,-0.0010227783573339,-11564.782762444303,-0.2200301134407211,-34951.53658817041,-0.6649835728342924,0.5669710806697108,0.0010227783573339,0.0266405685921527,3495153.6588170417,66.49835728342926,100.65060171183616,53.75723046147422,52560.0,31536000.0,08-19,2022.0,13.0,0.0,0.0,5.0,30.0,20.0,13.0,Eplus-env-08-19_thermostat_rbc_eco_year_2022_case_13_rep_0_zone_0_onoffseed_5_tempseed_30_comforttemp_20_setbacktemp_13_paper2_final_runs_v4-res1
0,17179.901281461545,0.0,110507.62844171235,93327.7271602508,-309380.7049423067,-5.886238678506595,722.2189468274387,0.0137408475423789,-25231.41543835776,-0.4800497610037625,-21666.56840482316,-0.4122254262713691,-270094.41226558527,-5.138782577351318,12.414383561643834,0.4800497610037625,1.6796340654352997,27009441.226558525,513.8782577351318,592.3843750365777,25231.41543835776,52560.0,31536000.0,08-19,2023.0,10.0,0.0,0.0,10.0,10.0,20.0,17.0,Eplus-env-08-19_thermostat_rbc_eco_year_2023_case_10_rep_0_zone_0_onoffseed_10_tempseed_10_comforttemp_20_setbacktemp_17_paper2_final_runs_v4-res1
0,5830.885967824355,0.0,46477.51005620342,40646.62408837906,-411583.1106670577,-7.830728893969895,307.09344974264457,0.0058427216465495,-118301.57784517804,-2.250791054893037,-9212.803492279338,-0.1752816493964866,-288511.28501160257,-5.489179699611921,40.433789954337904,2.250791054893037,4.219597869611399,28851128.501160257,548.9179699611921,612.1329658382283,118301.57784517804,52560.0,31536000.0,08-19,2023.0,10.0,0.0,9.0,5.0,42.0,21.0,13.0,Eplus-env-08-19_thermostat_rbc_eco_year_2023_case_10_rep_0_zone_9_onoffseed_5_tempseed_42_comforttemp_21_setbacktemp_13_paper2_final_runs_v4-res1
0,21070.6549201471,0.0,139923.56198205292,118852.90706190582,-272437.96239427815,-5.183370669601944,895.7119548369986,0.0170417038591514,0.0,0.0,-26871.35864510996,-0.5112511157745426,-255200.05960410583,-4.855404482574312,0.0,0.0,0.0,25520005.960410587,485.5404482574313,577.3406205872735,0.0,52560.0,31536000.0,08-19,2023.0,10.0,0.0,0.0,5.0,15.0,20.0,17.0,Eplus-env-08-19_thermostat_rbc_eco_year_2023_case_10_rep_0_zone_0_onoffseed_5_tempseed_15_comforttemp_20_setbacktemp_17_paper2_final_runs_v4-res1
0,19264.100077370123,18797.793592852828,14456.246925304797,13989.9404407875,-88276.41417740012,-1.6795360383828029,710.7290253618808,0.0135222417306293,-31329.16133151536,-0.5960647133088919,-21321.870760856425,-0.4056672519188817,-41187.29257258827,-0.7836242879107357,30.00570776255708,0.5960647133088919,1.6945499538954116,4118729.257258826,78.36242879107355,117.4524868298002,31329.16133151536,52560.0,31536000.0,08-19,2023.0,4.0,0.0,0.0,15.0,42.0,20.0,13.0,Eplus-env-08-19_thermostat_rbc_eco_year_2023_case_4_rep_0_zone_0_onoffseed_15_tempseed_42_comforttemp_20_setbacktemp_13_paper2_final_runs_v4-res1
0,65899.19247179996,55910.48261657517,23978.650296012293,13989.9404407875,-95669.9978041697,-1.8202054376744616,1258.8356598101789,0.0239504501485954,-27.48871983223717,-0.0005229969526681,-37765.06979430536,-0.7185135044578645,-41730.37972315792,-0.7939569962549072,0.0837138508371385,0.0005229969526681,0.0269032678783533,4173037.972315792,79.39569962549072,118.38119817452709,27.48871983223717,52560.0,31536000.0,08-19,2022.0,4.0,0.0,0.0,5.0,15.0,20.0,13.0,Eplus-env-08-19_thermostat_rbc_eco_year_2022_case_4_rep_0_zone_0_onoffseed_5_tempseed_15_comforttemp_20_setbacktemp_13_paper2_final_runs_v4-res1
0,75719.12343547767,65730.41358025289,23978.650296012293,13989.9404407875,-102076.33270485191,-1.94209156592184,1447.0298823818953,0.0275310099387727,-5373.403999597709,-0.1022337138431832,-43410.89647145687,-0.8259302981631823,-34757.11382268993,-0.6612845095641158,5.979832572298325,0.1022337138431832,0.6113600230506672,3475711.382268992,66.12845095641157,99.83340239981294,5373.403999597709,52560.0,31536000.0,08-19,2022.0,3.0,0.0,0.0,10.0,15.0,20.0,17.0,Eplus-env-08-19_thermostat_rbc_eco_year_2022_case_3_rep_0_zone_0_onoffseed_10_tempseed_15_comforttemp_20_setbacktemp_17_paper2_final_runs_v4-res1
0,12641.63442033043,0.0,81168.93312206777,68527.29870173735,-432979.21831957554,-8.23780856772404,519.6822159443836,0.0098874089791549,-82945.12935565364,-1.5781036787605336,-15590.466478331507,-0.2966222693746481,-339691.9678446496,-6.462936983345692,35.667808219178085,1.5781036787605336,3.112734249745907,33969196.78446496,646.2936983345693,705.8161614234853,82945.12935565364,52560.0,31536000.0,08-19,2023.0,6.0,0.0,9.0,5.0,42.0,20.0,13.0,Eplus-env-08-19_thermostat_rbc_eco_year_2023_case_6_rep_0_zone_9_onoffseed_5_tempseed_42_comforttemp_20_setbacktemp_13_paper2_final_runs_v4-res1
0,51542.5224381372,0.0,139152.86220466398,87610.33976652675,-81717.57986910192,-1.5547484754395342,697.3961378142894,0.0132685718762231,-5586.490810773241,-0.1062878769172991,-20921.88413442868,-0.3980571562866948,-33964.15145168863,-0.6461977064628734,5.67351598173516,0.1062878769172991,0.7565369699396648,3396415.1451688623,64.61977064628734,97.69475753217912,5586.490810773241,52560.0,31536000.0,08-19,2022.0,8.0,0.0,0.0,10.0,15.0,20.0,13.0,Eplus-env-08-19_thermostat_rbc_eco_year_2022_case_8_rep_0_zone_0_onoffseed_10_tempseed_15_comforttemp_20_setbacktemp_13_paper2_final_runs_v4-res1
0,14580.171438091427,0.0,86172.04602252087,71591.87458442943,-329267.7624867087,-6.264607353247882,578.3880349294519,0.0110043385641067,-42436.03234790369,-0.8073826550209986,-17351.641047883557,-0.3301301569232031,-274903.6918853024,-5.230283331151112,14.82115677321157,0.8073826550209986,2.768934799659144,27490369.188530248,523.0283331151113,601.5638480994435,42436.03234790369,52560.0,31536000.0,08-19,2023.0,10.0,0.0,0.0,15.0,10.0,20.0,15.0,Eplus-env-08-19_thermostat_rbc_eco_year_2023_case_10_rep_0_zone_0_onoffseed_15_tempseed_10_comforttemp_20_setbacktemp_15_paper2_final_runs_v4-res1
0,79116.13933279428,0.0,217746.4685320205,138630.32919922617,-375809.01194611273,-7.150095356661201,1100.4249623857008,0.0209365479905955,-33675.10183097399,-0.640698284455365,-33012.74887157102,-0.6280964397178657,-277408.9965269798,-5.277948944577241,13.084094368340942,0.640698284455365,2.360462878291981,27740899.652697973,527.794894457724,604.6244507855458,33675.10183097399,52560.0,31536000.0,08-19,2022.0,5.0,0.0,0.0,10.0,10.0,20.0,15.0,Eplus-env-08-19_thermostat_rbc_eco_year_2022_case_5_rep_0_zone_0_onoffseed_10_tempseed_10_comforttemp_20_setbacktemp_15_paper2_final_runs_v4-res1
0,5170.948973545661,0.0,35423.38310183073,30252.43412828506,-54426.999376520405,-1.035521297117968,230.18355063447012,0.004379443505222,-9485.696724953244,-0.1804736819816066,-6905.506519034105,-0.131383305156661,-40710.94929630946,-0.7745614401885361,9.512937595129376,0.1804736819816066,0.790726569603942,4071094.9296309454,77.45614401885362,116.08745138216476,9485.696724953244,52560.0,31536000.0,08-19,2023.0,14.0,0.0,0.0,10.0,30.0,20.0,13.0,Eplus-env-08-19_thermostat_rbc_eco_year_2023_case_14_rep_0_zone_0_onoffseed_10_tempseed_30_comforttemp_20_setbacktemp_13_paper2_final_runs_v4-res1
0,9438.966595533471,0.0,54360.0020580088,44921.03546247533,-52170.85540866148,-0.9925961835742292,361.9506521629528,0.006886427933085,-10695.625763668118,-0.2034936408612655,-10858.519564888582,-0.2065928379925529,-33753.21107318743,-0.6421843811489236,9.764079147640793,0.2034936408612655,0.8973469011830915,3375321.1073187427,64.21843811489236,97.2302121393306,10695.625763668118,52560.0,31536000.0,08-19,2023.0,13.0,0.0,0.0,15.0,10.0,20.0,17.0,Eplus-env-08-19_thermostat_rbc_eco_year_2023_case_13_rep_0_zone_0_onoffseed_15_tempseed_10_comforttemp_20_setbacktemp_17_paper2_final_runs_v4-res1
0,85965.9143988939,85965.9143988939,0.0,0.0,-382124.6784922874,-7.270256440112013,2893.892927593082,0.0550588456543584,-40698.27718246339,-0.7743203421321041,-86816.78782779245,-1.6517653696307544,-271097.68674008886,-5.157870752284795,14.575722983257233,0.7743203421321041,2.7261882638680204,27109768.67400889,515.7870752284797,598.6627999752455,40698.27718246339,52560.0,31536000.0,08-18,2023.0,0.0,0.0,0.0,15.0,15.0,20.0,15.0,Eplus-env-08-18_thermostat_rbc_eco_year_2023_case_0_rep_0_zone_0_onoffseed_15_tempseed_15_comforttemp_20_setbacktemp_15_paper2_final_runs_v4-res1
0,24809.67406057079,0.0,163380.5662878174,138570.89222724657,-389732.9958403562,-7.415011336384251,1043.44680688729,0.0198524887155116,0.0,0.0,-31303.404206618703,-0.5955746614653482,-369436.2014914032,-7.028847060338721,0.0,0.0,0.0,36943620.14914033,702.8847060338722,783.0161773527739,0.0,52560.0,31536000.0,08-19,2023.0,12.0,0.0,0.0,5.0,15.0,20.0,15.0,Eplus-env-08-19_thermostat_rbc_eco_year_2023_case_12_rep_0_zone_0_onoffseed_5_tempseed_15_comforttemp_20_setbacktemp_15_paper2_final_runs_v4-res1
0,29074.877951168462,0.0,186860.385294225,157785.50734305655,-315847.84655946685,-6.009281707752414,1169.6449414316098,0.0222535186725953,-23205.50794569146,-0.4415050979012835,-35089.34824294829,-0.6676055601778594,-268856.18096192455,-5.115224143111198,12.226027397260273,0.4415050979012835,1.586984581818078,26885618.09619245,511.5224143111196,589.877506719978,23205.50794569146,52560.0,31536000.0,08-19,2023.0,5.0,0.0,0.0,10.0,15.0,20.0,17.0,Eplus-env-08-19_thermostat_rbc_eco_year_2023_case_5_rep_0_zone_0_onoffseed_10_tempseed_15_comforttemp_20_setbacktemp_17_paper2_final_runs_v4-res1
0,85636.00800427927,0.0,231305.522650153,145669.51464587377,-372839.3102893056,-7.093594183586483,1164.93318916278,0.0221638734620011,-27330.26844018468,-0.5199822762592214,-34947.9956748834,-0.6649162038600342,-275450.2237008201,-5.2406815772606565,12.846270928462708,0.5199822762592214,1.830218385256268,27545022.370082013,524.0681577260657,603.9841249400238,27330.26844018468,52560.0,31536000.0,08-19,2022.0,5.0,0.0,0.0,10.0,10.0,20.0,17.0,Eplus-env-08-19_thermostat_rbc_eco_year_2022_case_5_rep_0_zone_0_onoffseed_10_tempseed_10_comforttemp_20_setbacktemp_17_paper2_final_runs_v4-res1
0,74062.90103805011,0.0,188672.9420434313,114610.04100538124,-387000.6428355323,-7.363025929138742,934.9951399741298,0.0177891008366463,-155.03434005627014,-0.0029496640041147,-28049.854199223893,-0.5336730250993892,-326254.7491562472,-6.207282137675936,16.38888888888889,0.0029496640041147,0.0446389848561315,32625474.91562472,620.7282137675936,702.8438564334274,155.03434005627014,52560.0,31536000.0,08-19,2022.0,6.0,0.0,0.0,5.0,42.0,20.0,15.0,Eplus-env-08-19_thermostat_rbc_eco_year_2022_case_6_rep_0_zone_0_onoffseed_5_tempseed_42_comforttemp_20_setbacktemp_15_paper2_final_runs_v4-res1
0,18183.36590883349,0.0,107019.36997307307,88836.00406423962,-408838.6789181843,-7.778513678047647,705.1435974657122,0.0134159740765926,-52356.33699079635,-0.9961251330060188,-21154.30792397137,-0.4024792222977809,-341606.5302773713,-6.499363209234613,36.65715372907154,0.9961251330060188,1.8198733231964368,34160653.027737126,649.9363209234613,719.2567594833854,52356.33699079635,52560.0,31536000.0,08-19,2023.0,6.0,0.0,9.0,5.0,42.0,19.0,17.0,Eplus-env-08-19_thermostat_rbc_eco_year_2023_case_6_rep_0_zone_9_onoffseed_5_tempseed_42_comforttemp_19_setbacktemp_17_paper2_final_runs_v4-res1
0,17435.7030118283,0.0,116055.66190832264,98619.95889649435,-305410.9523650642,-5.810710661435772,743.7258182453618,0.0141500345937093,-23292.86653937412,-0.4431671716014863,-22311.77454736085,-0.4245010378112795,-267853.9371917133,-5.096155578228944,11.404109589041097,0.4431671716014863,1.7970898661514312,26785393.71917133,509.6155578228944,585.5991076817334,23292.86653937412,52560.0,31536000.0,08-19,2023.0,10.0,0.0,0.0,10.0,15.0,20.0,13.0,Eplus-env-08-19_thermostat_rbc_eco_year_2023_case_10_rep_0_zone_0_onoffseed_10_tempseed_15_comforttemp_20_setbacktemp_13_paper2_final_runs_v4-res1
0,50609.48903316332,0.0,129992.8372924794,79383.34825931609,-316632.67156356305,-6.024213690326542,634.3037859406834,0.012068184664016,-102.49696215845589,-0.0019500944094074,-19029.113578220506,-0.3620455399204814,-275126.55162337364,-5.234523432712589,14.398782343987824,0.0019500944094074,0.0083469185060856,27512655.162337363,523.4523432712588,608.9854066436445,102.49696215845589,52560.0,31536000.0,08-19,2022.0,10.0,0.0,0.0,5.0,42.0,20.0,15.0,Eplus-env-08-19_thermostat_rbc_eco_year_2022_case_10_rep_0_zone_0_onoffseed_5_tempseed_42_comforttemp_20_setbacktemp_15_paper2_final_runs_v4-res1
0,94632.68189419582,0.0,246837.86853103785,152205.18663684203,-388649.381944664,-7.394394633650379,1222.046316503949,0.0232505006945195,-1.5368492329748094,-2.9239901692823617e-05,-36661.38949511846,-0.6975150208355871,-311228.84803778934,-5.921401218374988,0.0095129375951293,2.9239901692823617e-05,0.0040576344169168,31122884.80377893,592.1401218374988,678.0336816309288,1.5368492329748094,52560.0,31536000.0,08-19,2022.0,11.0,0.0,0.0,5.0,15.0,20.0,13.0,Eplus-env-08-19_thermostat_rbc_eco_year_2022_case_11_rep_0_zone_0_onoffseed_5_tempseed_15_comforttemp_20_setbacktemp_13_paper2_final_runs_v4-res1
0,73826.95445935753,73826.95445935753,0.0,0.0,-425049.64283190167,-8.086941454183822,1366.106942297302,0.0259913801806944,-61336.148114235264,-1.1669738986726648,-40983.20826891905,-0.7797414054208343,-303315.66327446606,-5.770845952710541,34.103881278538815,1.1669738986726648,2.311217935695562,30331566.3274466,577.0845952710541,646.73807702813,61336.148114235264,52560.0,31536000.0,08-18,2022.0,0.0,0.0,9.0,5.0,42.0,18.0,15.0,Eplus-env-08-18_thermostat_rbc_eco_year_2022_case_0_rep_0_zone_9_onoffseed_5_tempseed_42_comforttemp_18_setbacktemp_15_paper2_final_runs_v4-res1
0,77686.72478170528,77686.72478170528,0.0,0.0,-445679.3738631804,-8.479440141993539,1451.298580118888,0.0276122256491417,-81470.82217207532,-1.5500536942936705,-43538.95740356663,-0.8283667694742509,-300653.04214719206,-5.72018725546408,37.43150684931506,1.5500536942936705,2.9496679250719624,30065304.21471921,572.0187255464081,640.6864810481608,81470.82217207532,52560.0,31536000.0,08-18,2022.0,0.0,0.0,9.0,5.0,42.0,19.0,15.0,Eplus-env-08-18_thermostat_rbc_eco_year_2022_case_0_rep_0_zone_9_onoffseed_5_tempseed_42_comforttemp_19_setbacktemp_15_paper2_final_runs_v4-res1
0,8841.438589530519,0.0,57294.99891356516,48453.56032403464,-41795.52442284883,-0.7951964311805333,371.8705979309531,0.0070751635831612,-54.62064096372538,-0.0010392054977877,-11156.117937928591,-0.2122549074948362,-34507.7228717902,-0.6565396284587176,0.5974124809741248,0.0010392054977877,0.0266834499892799,3450772.28717902,65.65396284587175,99.44218954043372,54.62064096372538,52560.0,31536000.0,08-19,2023.0,13.0,0.0,0.0,5.0,30.0,20.0,13.0,Eplus-env-08-19_thermostat_rbc_eco_year_2023_case_13_rep_0_zone_0_onoffseed_5_tempseed_30_comforttemp_20_setbacktemp_13_paper2_final_runs_v4-res1
0,17005.36364650269,0.0,115912.2773875654,98906.91374106272,-378558.6037232935,-7.202408746638005,753.8944187898874,0.014343501118529,-37580.09515311783,-0.7149942000212677,-22616.83256369662,-0.4303050335558717,-327066.42057097174,-6.222724896707986,22.79680365296804,0.7149942000212677,2.196809310988688,32706642.05709717,622.2724896707987,700.2573365126035,37580.09515311783,52560.0,31536000.0,08-19,2023.0,11.0,0.0,0.0,10.0,42.0,20.0,17.0,Eplus-env-08-19_thermostat_rbc_eco_year_2023_case_11_rep_0_zone_0_onoffseed_10_tempseed_42_comforttemp_20_setbacktemp_17_paper2_final_runs_v4-res1
0,16048.653021285383,0.0,113104.76602552897,97056.1130042436,-391195.5115603696,-7.442836977937017,722.8899755819689,0.0137536144517117,-48177.25062879693,-0.9166143574733052,-21686.699267459066,-0.412608433551352,-329888.8578948592,-6.276424236964596,23.683409436834093,0.9166143574733052,2.9129817133454194,32988885.78948591,627.6424236964594,700.5881756594982,48177.25062879693,52560.0,31536000.0,08-19,2023.0,11.0,0.0,0.0,10.0,42.0,20.0,15.0,Eplus-env-08-19_thermostat_rbc_eco_year_2023_case_11_rep_0_zone_0_onoffseed_10_tempseed_42_comforttemp_20_setbacktemp_15_paper2_final_runs_v4-res1
0,94276.78254924976,94276.78254924976,0.0,0.0,-398412.05321015074,-7.580137998671057,1794.4654046347423,0.0341412748218177,-25618.783291671098,-0.4874197734336206,-53833.96213904228,-1.0242382446545335,-295665.4341149384,-5.625293647544491,32.70928462709284,0.4874197734336206,0.9324063210320178,29566543.41149385,562.5293647544491,640.145600285672,25618.783291671098,52560.0,31536000.0,08-18,2022.0,0.0,0.0,9.0,5.0,42.0,18.0,17.0,Eplus-env-08-18_thermostat_rbc_eco_year_2022_case_0_rep_0_zone_9_onoffseed_5_tempseed_42_comforttemp_18_setbacktemp_17_paper2_final_runs_v4-res1
0,57776.76061923004,57776.76061923004,0.0,0.0,-431461.3840041956,-8.20893044148013,1054.916925076866,0.0200707177526039,-79593.9170789746,-1.5143439322483752,-31647.507752305984,-0.60212153257812,-304600.2990626289,-5.795287272881067,34.63660578386606,1.5143439322483752,3.115404072405892,30460029.90626289,579.5287272881067,646.7088195743486,79593.9170789746,52560.0,31536000.0,08-18,2022.0,0.0,0.0,9.0,5.0,42.0,18.0,13.0,Eplus-env-08-18_thermostat_rbc_eco_year_2022_case_0_rep_0_zone_9_onoffseed_5_tempseed_42_comforttemp_18_setbacktemp_13_paper2_final_runs_v4-res1
0,96619.83728891818,0.0,250671.8142643876,154051.97697546938,-389794.8416039527,-7.416188006163483,1240.9899269079397,0.0236109194617187,0.0,0.0,-37229.69780723819,-0.7083275838515637,-310750.1527178887,-5.912293620964397,0.0,0.0,0.0,31075015.27178887,591.2293620964397,678.0556656694173,0.0,52560.0,31536000.0,08-19,2022.0,11.0,0.0,0.0,5.0,15.0,20.0,17.0,Eplus-env-08-19_thermostat_rbc_eco_year_2022_case_11_rep_0_zone_0_onoffseed_5_tempseed_15_comforttemp_20_setbacktemp_17_paper2_final_runs_v4-res1
0,22618.861197551098,0.0,139050.3375680607,116431.4763705096,-335619.8186063048,-6.3854607801808365,899.2819941213962,0.0171096269810006,-0.1403699432210814,-2.670661020188003e-06,-26978.45982364189,-0.5132888094300208,-317115.18789064506,-6.033393985742866,0.0019025875190258,2.670661020188003e-06,0.0006122690612273,31711518.789064504,603.3393985742866,687.2443548810395,0.1403699432210814,52560.0,31536000.0,08-19,2023.0,11.0,0.0,0.0,5.0,30.0,20.0,15.0,Eplus-env-08-19_thermostat_rbc_eco_year_2023_case_11_rep_0_zone_0_onoffseed_5_tempseed_30_comforttemp_20_setbacktemp_15_paper2_final_runs_v4-res1
0,20992.495147517373,0.0,121212.2684910285,100219.77334351111,-390212.82446068095,-7.424140495827263,799.6584021044615,0.0152142009532812,-46167.13602685424,-0.878370167938627,-23989.75206313385,-0.456426028598437,-326871.72815364273,-6.219020703075395,16.93683409436834,0.878370167938627,2.602685626196648,32687172.815364275,621.9020703075395,700.9677226555178,46167.13602685424,52560.0,31536000.0,08-19,2023.0,11.0,0.0,0.0,15.0,30.0,20.0,17.0,Eplus-env-08-19_thermostat_rbc_eco_year_2023_case_11_rep_0_zone_0_onoffseed_15_tempseed_30_comforttemp_20_setbacktemp_17_paper2_final_runs_v4-res1
0,61618.315742212304,0.0,161132.32713531156,99514.01139309924,-376714.5103894884,-7.167323257029841,791.07121267557,0.015050822158972,-110.46816755782818,-0.0021017535684518,-23732.136380267097,-0.4515246647691609,-326194.09811322665,-6.206128198501268,16.404109589041095,0.0021017535684518,0.0093246232051829,32619409.81132267,620.6128198501269,702.7240672559102,110.46816755782818,52560.0,31536000.0,08-19,2022.0,11.0,0.0,0.0,5.0,42.0,20.0,15.0,Eplus-env-08-19_thermostat_rbc_eco_year_2022_case_11_rep_0_zone_0_onoffseed_5_tempseed_42_comforttemp_20_setbacktemp_15_paper2_final_runs_v4-res1
0,62657.94429488105,62657.94429488105,0.0,0.0,-423170.2866889095,-8.051185058769207,2034.0418089127388,0.0386994255881419,-78868.12967607389,-1.5005351917061245,-61021.25426738216,-1.1609827676442572,-293041.6927851934,-5.575374672473238,40.21689497716895,1.5005351917061245,2.6238200183363176,29304169.27851934,557.5374672473238,626.9828872831816,78868.12967607389,52560.0,31536000.0,08-18,2023.0,0.0,0.0,9.0,5.0,42.0,20.0,17.0,Eplus-env-08-18_thermostat_rbc_eco_year_2023_case_0_rep_0_zone_9_onoffseed_5_tempseed_42_comforttemp_20_setbacktemp_17_paper2_final_runs_v4-res1
0,59456.7776236491,49468.06776842429,23978.650296012293,13989.9404407875,-94038.25950749338,-1.7891601884987325,1126.2834102191985,0.0214285275916894,-4200.483614001025,-0.0799178769787105,-33788.50230657596,-0.6428558277506842,-41196.18611958506,-0.7837934954258953,5.270167427701674,0.0799178769787105,0.5407468957931693,4119618.611958506,78.37934954258954,117.09460754970208,4200.483614001025,52560.0,31536000.0,08-19,2022.0,4.0,0.0,0.0,10.0,15.0,20.0,17.0,Eplus-env-08-19_thermostat_rbc_eco_year_2022_case_4_rep_0_zone_0_onoffseed_10_tempseed_15_comforttemp_20_setbacktemp_17_paper2_final_runs_v4-res1
0,14150.05727102484,0.0,86215.18491373751,72065.12764271267,-405543.0220551573,-7.715810921901775,569.9265626312302,0.0108433516482349,-52350.99041064134,-0.9960234096392948,-17097.796878936908,-0.3253005494470492,-341615.86979109055,-6.499540901656974,36.65715372907154,0.9960234096392948,1.819929701452681,34161586.97910906,649.9540901656974,719.2459500418611,52350.99041064134,52560.0,31536000.0,08-19,2023.0,11.0,0.0,9.0,5.0,42.0,19.0,17.0,Eplus-env-08-19_thermostat_rbc_eco_year_2023_case_11_rep_0_zone_9_onoffseed_5_tempseed_42_comforttemp_19_setbacktemp_17_paper2_final_runs_v4-res1
0,8871.72877542127,0.0,62289.09327720917,53417.3645017879,-60708.02506266011,-1.1550233078892715,417.1181723512132,0.007936038286743,-12840.768953509283,-0.2443068674564171,-12513.545170536394,-0.2380811486022906,-40609.2947979787,-0.7726273743907667,11.396499238964992,0.2443068674564171,0.9781097847230362,4060929.4797978695,77.26273743907666,115.68994795585216,12840.768953509283,52560.0,31536000.0,08-19,2023.0,9.0,0.0,0.0,15.0,30.0,20.0,17.0,Eplus-env-08-19_thermostat_rbc_eco_year_2023_case_9_rep_0_zone_0_onoffseed_15_tempseed_30_comforttemp_20_setbacktemp_17_paper2_final_runs_v4-res1
0,16592.641648695615,16126.335164178316,14456.246925304798,13989.9404407875,-104799.51421540794,-1.9939024774621,610.2455518701094,0.0116104557052912,-57071.86298059014,-1.0858421419442568,-18307.366556103283,-0.3483136711587382,-34153.211102019915,-0.6497947317735905,31.32990867579909,1.0858421419442568,2.294003249226072,3415321.110201991,64.97947317735904,98.94745296256391,57071.86298059014,52560.0,31536000.0,08-19,2023.0,3.0,0.0,9.0,5.0,42.0,19.0,15.0,Eplus-env-08-19_thermostat_rbc_eco_year_2023_case_3_rep_0_zone_9_onoffseed_5_tempseed_42_comforttemp_19_setbacktemp_15_paper2_final_runs_v4-res1
0,51791.95936281002,0.0,134404.60238435943,82612.6430215494,-422395.77495517366,-8.036449295189758,660.7601621715166,0.0125715403761704,-80101.7545762874,-1.524005985089182,-19822.8048651455,-0.3771462112851122,-299923.0184241714,-5.706297915223961,37.20890410958904,1.524005985089182,2.911431701936808,29992301.842417136,570.6297915223961,639.2880130110124,80101.7545762874,52560.0,31536000.0,08-19,2022.0,5.0,0.0,9.0,5.0,42.0,19.0,15.0,Eplus-env-08-19_thermostat_rbc_eco_year_2022_case_5_rep_0_zone_9_onoffseed_5_tempseed_42_comforttemp_19_setbacktemp_15_paper2_final_runs_v4-res1
0,84838.15391968454,84838.15391968454,0.0,0.0,-420369.3611303528,-7.997894998674901,2844.4203336505493,0.0541175862566695,-32263.25699152989,-0.6138367007520908,-85332.61000951647,-1.6235275877000852,-318700.010417129,-6.06354662133046,14.147640791476409,0.6138367007520908,2.0933097905002445,31870001.04171289,606.354662133046,687.1082311425464,32263.25699152989,52560.0,31536000.0,08-19,2023.0,1.0,0.0,0.0,15.0,15.0,20.0,17.0,Eplus-env-08-19_thermostat_rbc_eco_year_2023_case_1_rep_0_zone_0_onoffseed_15_tempseed_15_comforttemp_20_setbacktemp_17_paper2_final_runs_v4-res1
0,67239.15665294879,67239.15665294879,0.0,0.0,-423582.98758575175,-8.059037054523435,2227.6551942735528,0.0423830896931802,-43083.851117088605,-0.8197079740694179,-66829.6558282066,-1.2714926907954072,-325490.7824108858,-6.192747001729182,14.246575342465754,0.8197079740694179,2.783851808723306,32549078.241088577,619.2747001729181,692.4806399900871,43083.851117088605,52560.0,31536000.0,08-19,2023.0,1.0,0.0,0.0,10.0,30.0,20.0,13.0,Eplus-env-08-19_thermostat_rbc_eco_year_2023_case_1_rep_0_zone_0_onoffseed_10_tempseed_30_comforttemp_20_setbacktemp_13_paper2_final_runs_v4-res1
0,77607.09539202371,77607.09539202371,0.0,0.0,-425454.4132029486,-8.094642564744074,2579.25412897607,0.0490725671418582,-39705.15019149412,-0.7554252319538455,-77377.6238692821,-1.4721770142557478,-322258.8982712398,-6.131257577458901,15.66780821917808,0.7554252319538455,2.380542757921012,32225889.827123985,613.1257577458902,694.1144612512852,39705.15019149412,52560.0,31536000.0,08-19,2023.0,1.0,0.0,0.0,15.0,10.0,20.0,17.0,Eplus-env-08-19_thermostat_rbc_eco_year_2023_case_1_rep_0_zone_0_onoffseed_15_tempseed_10_comforttemp_20_setbacktemp_17_paper2_final_runs_v4-res1
0,56164.494060368605,46175.78420514381,23978.650296012293,13989.9404407875,-111577.48035816278,-2.1228592153379524,1006.4897909489534,0.0191493491428644,-29952.94940613413,-0.569881076981243,-30194.693728468606,-0.5744804742859324,-35676.35836124109,-0.6787739414239172,30.795281582952818,0.569881076981243,1.461626484345237,3567635.836124109,67.87739414239172,103.181917806145,29952.94940613413,52560.0,31536000.0,08-19,2022.0,3.0,0.0,0.0,10.0,42.0,20.0,17.0,Eplus-env-08-19_thermostat_rbc_eco_year_2022_case_3_rep_0_zone_0_onoffseed_10_tempseed_42_comforttemp_20_setbacktemp_17_paper2_final_runs_v4-res1
0,15388.771853283548,14922.465368766249,14456.246925304798,13989.9404407875,-91269.50597810486,-1.736482229415998,569.963103903508,0.0108440468779206,-44135.43526287857,-0.8397152827792727,-17098.893117105243,-0.3253214063376187,-34544.51646205503,-0.6572396587148978,28.531202435312025,0.8397152827792727,1.8550074706708053,3454451.646205504,65.7239658714898,100.07530587751904,44135.43526287857,52560.0,31536000.0,08-19,2023.0,3.0,0.0,9.0,5.0,42.0,18.0,15.0,Eplus-env-08-19_thermostat_rbc_eco_year_2023_case_3_rep_0_zone_9_onoffseed_5_tempseed_42_comforttemp_18_setbacktemp_15_paper2_final_runs_v4-res1
0,58696.42755974626,58696.42755974626,0.0,0.0,-466663.80517438345,-8.878687313059046,1904.436952059222,0.0362335797575955,-77329.85277701008,-1.4712681274164778,-57133.108561776666,-1.0870073927278665,-341314.40501074493,-6.493805270371859,39.61567732115677,1.4712681274164778,2.594977782623056,34131440.50107449,649.380527037186,716.257664082092,77329.85277701008,52560.0,31536000.0,08-19,2023.0,1.0,0.0,9.0,5.0,42.0,20.0,17.0,Eplus-env-08-19_thermostat_rbc_eco_year_2023_case_1_rep_0_zone_9_onoffseed_5_tempseed_42_comforttemp_20_setbacktemp_17_paper2_final_runs_v4-res1
0,68814.07708793369,0.0,176856.0615940608,108041.9845061271,-437410.87015532906,-8.322124622437768,869.7264611945203,0.0165473071003523,0.0,0.0,-26091.793835835604,-0.4964192130105708,-381114.07368969056,-7.251028799271129,0.0,0.0,0.0,38111407.36896905,725.1028799271129,804.7708855956364,0.0,52560.0,31536000.0,08-19,2022.0,12.0,0.0,0.0,5.0,30.0,20.0,17.0,Eplus-env-08-19_thermostat_rbc_eco_year_2022_case_12_rep_0_zone_0_onoffseed_5_tempseed_30_comforttemp_20_setbacktemp_17_paper2_final_runs_v4-res1
0,32810.90435670303,0.0,86869.81285055637,54058.90849385333,-541437.4820734998,-10.301321957258368,418.4510248150153,0.0079613969713663,-113629.3550535019,-2.1618979271975247,-12553.53074445046,-0.2388419091409905,-400965.5261657792,-7.628720056426546,41.289954337899545,2.1618979271975247,3.9813410171202728,40096552.61657792,762.8720056426544,821.247628551459,113629.3550535019,52560.0,31536000.0,08-19,2022.0,12.0,0.0,9.0,5.0,42.0,21.0,13.0,Eplus-env-08-19_thermostat_rbc_eco_year_2022_case_12_rep_0_zone_9_onoffseed_5_tempseed_42_comforttemp_21_setbacktemp_13_paper2_final_runs_v4-res1
0,66416.48981970872,0.0,173120.53655254203,106704.04673283332,-436283.68705365335,-8.300678977428717,852.0622010941736,0.0162112290923549,-1.4655829755002792,-2.788399877283636e-05,-25561.866032825204,-0.4863368727706469,-381946.8911491741,-7.2668738803115325,0.0076103500761035,2.788399877283636e-05,0.0038193894923574,38194689.11491741,726.6873880311532,804.1918986837392,1.4655829755002792,52560.0,31536000.0,08-19,2022.0,12.0,0.0,0.0,5.0,30.0,20.0,15.0,Eplus-env-08-19_thermostat_rbc_eco_year_2022_case_12_rep_0_zone_0_onoffseed_5_tempseed_30_comforttemp_20_setbacktemp_15_paper2_final_runs_v4-res1
0,116318.83998764894,116318.83998764894,0.0,0.0,-509648.8426515167,-9.696515271147575,2355.4727159756294,0.0448149299082121,-30517.50876897921,-0.5806223129562255,-70664.18147926888,-1.3444478972463638,-383970.8908886419,-7.305382246739762,12.345890410958903,0.5806223129562255,2.1963413236355875,38397089.088864185,730.5382246739762,801.2579137125352,30517.50876897921,52560.0,31536000.0,08-19,2022.0,2.0,0.0,0.0,10.0,10.0,20.0,15.0,Eplus-env-08-19_thermostat_rbc_eco_year_2022_case_2_rep_0_zone_0_onoffseed_10_tempseed_10_comforttemp_20_setbacktemp_15_paper2_final_runs_v4-res1
0,57861.14545490326,57861.14545490326,0.0,0.0,-483501.36228930834,-9.19903657323646,1895.92027651506,0.0360715425516563,-47456.10503986491,-0.9028939315042792,-56877.608295451806,-1.082146276549692,-388709.0541527871,-7.395529949634457,21.371765601217657,0.9028939315042792,2.883137744620655,38870905.41527871,739.5529949634458,809.6050883795284,47456.10503986491,52560.0,31536000.0,08-19,2023.0,2.0,0.0,0.0,10.0,42.0,20.0,15.0,Eplus-env-08-19_thermostat_rbc_eco_year_2023_case_2_rep_0_zone_0_onoffseed_10_tempseed_42_comforttemp_20_setbacktemp_15_paper2_final_runs_v4-res1
0,61700.148079456936,61700.148079456936,0.0,0.0,-494513.8135298527,-9.408558096077869,2036.992074099652,0.0387555569653662,-55795.734724374095,-1.061562685014728,-61109.76222298957,-1.1626667089609886,-388241.1876616749,-7.386628380168853,16.77130898021309,1.061562685014728,3.322839529005771,38824118.76616749,738.6628380168853,811.8838870187875,55795.734724374095,52560.0,31536000.0,08-19,2023.0,2.0,0.0,0.0,15.0,30.0,20.0,15.0,Eplus-env-08-19_thermostat_rbc_eco_year_2023_case_2_rep_0_zone_0_onoffseed_15_tempseed_30_comforttemp_20_setbacktemp_15_paper2_final_runs_v4-res1
0,86402.36818079959,86402.36818079959,0.0,0.0,-442074.1650994114,-8.410847890019243,2882.2999294652404,0.0548382787188972,0.0,0.0,-86468.99788395721,-1.645148361566918,-371388.3876906992,-7.065989111314672,0.0,0.0,0.0,37138838.76906991,706.598911131467,788.5261068912472,0.0,52560.0,31536000.0,08-19,2023.0,2.0,0.0,0.0,5.0,10.0,20.0,15.0,Eplus-env-08-19_thermostat_rbc_eco_year_2023_case_2_rep_0_zone_0_onoffseed_5_tempseed_10_comforttemp_20_setbacktemp_15_paper2_final_runs_v4-res1
0,120415.96621672466,120415.96621672466,0.0,0.0,-429442.06240695424,-8.17051108080202,2447.707157219699,0.046569770875565,-51473.65596577837,-0.9793313539912172,-73431.21471659097,-1.3970931262669517,-279456.1044792734,-5.316896964978565,15.36910197869102,0.9793313539912172,3.4136793100010907,27945610.447927337,531.6896964978565,613.5305244228588,51473.65596577837,52560.0,31536000.0,08-18,2022.0,0.0,0.0,0.0,15.0,10.0,20.0,13.0,Eplus-env-08-18_thermostat_rbc_eco_year_2022_case_0_rep_0_zone_0_onoffseed_15_tempseed_10_comforttemp_20_setbacktemp_13_paper2_final_runs_v4-res1
0,69096.01004434604,69096.01004434604,0.0,0.0,-471995.3799510987,-8.980125189328362,2278.1603300842485,0.0433439941035815,-32045.19782789744,-0.6096879343207275,-68344.80990252746,-1.3003198231074478,-383422.73630592186,-7.294953126063962,13.942161339421611,0.6096879343207275,1.9700792009738688,38342273.63059219,729.4953126063963,802.9971070912275,32045.19782789744,52560.0,31536000.0,08-19,2023.0,2.0,0.0,0.0,10.0,30.0,20.0,17.0,Eplus-env-08-19_thermostat_rbc_eco_year_2023_case_2_rep_0_zone_0_onoffseed_10_tempseed_30_comforttemp_20_setbacktemp_17_paper2_final_runs_v4-res1
0,46771.57158889159,0.0,126229.41105473072,79457.83946583915,-81409.8071120356,-1.5488928293766286,630.2791872621735,0.0119916131518678,-8806.731838593058,-0.1675557807951495,-18908.375617865204,-0.3597483945560351,-34339.25255657035,-0.6533343332680812,7.899543378995435,0.1675557807951495,0.9238624163951116,3433925.2556570345,65.33343332680812,98.9495598080127,8806.731838593058,52560.0,31536000.0,08-19,2022.0,8.0,0.0,0.0,10.0,10.0,20.0,13.0,Eplus-env-08-19_thermostat_rbc_eco_year_2022_case_8_rep_0_zone_0_onoffseed_10_tempseed_10_comforttemp_20_setbacktemp_13_paper2_final_runs_v4-res1
0,81095.31656154896,81095.31656154896,0.0,0.0,-381760.4044542936,-7.26332580773009,2686.619041585071,0.0511152785689701,0.0,0.0,-80598.57124755214,-1.5334583570691047,-315416.32597529027,-6.001071650975843,0.0,0.0,0.0,31541632.597529028,600.1071650975842,686.081907948176,0.0,52560.0,31536000.0,08-19,2023.0,1.0,0.0,0.0,5.0,30.0,20.0,15.0,Eplus-env-08-19_thermostat_rbc_eco_year_2023_case_1_rep_0_zone_0_onoffseed_5_tempseed_30_comforttemp_20_setbacktemp_15_paper2_final_runs_v4-res1
0,91680.74186985508,91680.74186985508,0.0,0.0,-384881.9026646599,-7.322715043087136,3061.633994257246,0.0582502662529917,0.0,0.0,-91849.0198277174,-1.7475079875897526,-309877.8877409315,-5.895698016379975,0.0,0.0,0.0,30987788.774093144,589.5698016379974,677.7378463308424,0.0,52560.0,31536000.0,08-19,2023.0,1.0,0.0,0.0,5.0,10.0,20.0,15.0,Eplus-env-08-19_thermostat_rbc_eco_year_2023_case_1_rep_0_zone_0_onoffseed_5_tempseed_10_comforttemp_20_setbacktemp_15_paper2_final_runs_v4-res1
p_0_zone_0_onoffseed_15_tempseed_15_comforttemp_20_setbacktemp_15_paper2_final_runs_v4-res1,,,,,,,,,,,,,,,,,,,,,,,,,,,,,,,,,
0,74926.44402352737,0.0,188605.9202645804,113679.47624105297,-396483.9534554592,-7.543454213383927,954.0922005988804,0.0181524391285936,-51443.09943657297,-0.9787499892803077,-28622.766017966416,-0.5445731738578086,-283743.5301632385,-5.398468990929196,25.87138508371385,0.9787499892803077,2.8148879565026594,28374353.016323857,539.8468990929197,624.2130748995027,51443.09943657297,52560.0,31536000.0,08-19,2022.0,5.0,0.0,0.0,15.0,42.0,20.0,17.0,Eplus-env-08-19_thermostat_rbc_eco_year_2022_case_5_rep_0_zone_0_onoffseed_15_tempseed_42_comforttemp_20_setbacktemp_17_paper2_final_runs_v4-res1
0,24426.385028923527,0.0,161879.3122692527,137452.92724032915,-328446.6419255866,-6.248984815935819,1006.352784329876,0.0191467424720296,-34535.41090316013,-0.657066417487826,-30190.58352989628,-0.5744022741608881,-273928.00543026417,-5.211720042432727,13.544520547945204,0.657066417487826,2.305657263524332,27392800.543026414,521.1720042432727,597.6242635565163,34535.41090316013,52560.0,31536000.0,08-19,2023.0,5.0,0.0,0.0,10.0,10.0,20.0,15.0,Eplus-env-08-19_thermostat_rbc_eco_year_2023_case_5_rep_0_zone_0_onoffseed_10_tempseed_10_comforttemp_20_setbacktemp_15_paper2_final_runs_v4-res1
0,80172.66482929174,0.0,214954.8322026308,134782.16737333906,-376338.94088245474,-7.160177718463751,1078.0445911815414,0.0205107418413535,-32065.00441115885,-0.6100647719018046,-32341.337735446243,-0.6153222552406058,-278684.67937445233,-5.302219927215607,14.020167427701674,0.6100647719018046,2.025927840026159,27868467.93744523,530.2219927215607,611.3773266988298,32065.00441115885,52560.0,31536000.0,08-19,2022.0,5.0,0.0,0.0,10.0,30.0,20.0,17.0,Eplus-env-08-19_thermostat_rbc_eco_year_2022_case_5_rep_0_zone_0_onoffseed_10_tempseed_30_comforttemp_20_setbacktemp_17_paper2_final_runs_v4-res1
0,30582.568305913635,0.0,194820.5089409965,164237.94063508284,-332040.66376465745,-6.317364226877045,1249.6084823300955,0.023774895021501,-1.0972904487666495,-2.087691112569729e-05,-37488.25446990287,-0.7132468506450318,-307019.96734314074,-5.841323579587914,0.0076103500761035,2.087691112569729e-05,0.0033197248227598,30701996.73431408,584.1323579587914,670.7790873540063,1.0972904487666495,52560.0,31536000.0,08-19,2023.0,6.0,0.0,0.0,5.0,15.0,20.0,13.0,Eplus-env-08-19_thermostat_rbc_eco_year_2023_case_6_rep_0_zone_0_onoffseed_5_tempseed_15_comforttemp_20_setbacktemp_13_paper2_final_runs_v4-res1
0,51073.1460221934,0.0,133206.23318754477,82133.08716535138,-483726.5258919606,-9.20332050783791,652.8767619768263,0.0124215517879913,-96832.33331366196,-1.842319888007267,-19586.30285930479,-0.372646553639741,-345111.2518175422,-6.566043603834516,39.96385083713851,1.842319888007267,3.425523602665413,34511125.181754224,656.6043603834518,721.4434547016263,96832.33331366196,52560.0,31536000.0,08-19,2022.0,6.0,0.0,9.0,5.0,42.0,20.0,15.0,Eplus-env-08-19_thermostat_rbc_eco_year_2022_case_6_rep_0_zone_9_onoffseed_5_tempseed_42_comforttemp_20_setbacktemp_15_paper2_final_runs_v4-res1
0,65183.59429731498,65183.59429731498,0.0,0.0,-384514.3948459682,-7.315722885197265,2138.562627864665,0.0406880256443048,-51116.74632384964,-0.9725408356896812,-64156.87883593995,-1.2206407693291466,-280070.9500274852,-5.328594939640129,21.47640791476408,0.9725408356896812,3.055135940521933,28007095.002748523,532.859493964013,611.2733375003475,51116.74632384964,52560.0,31536000.0,08-18,2023.0,0.0,0.0,0.0,10.0,42.0,20.0,15.0,Eplus-env-08-18_thermostat_rbc_eco_year_2023_case_0_rep_0_zone_0_onoffseed_10_tempseed_42_comforttemp_20_setbacktemp_15_paper2_final_runs_v4-res1
0,27181.48271399381,26715.17622947651,14456.246925304797,13989.9404407875,-90682.62928129223,-1.7253163866303698,967.1185499570554,0.0184002768256669,-33214.685064423815,-0.631938452519479,-29013.55649871166,-0.5520083047700087,-35230.77320855009,-0.6702962939221859,31.775114155251146,0.631938452519479,1.60571837216308,3523077.3208550084,67.02962939221858,101.99155097089584,33214.685064423815,52560.0,31536000.0,08-19,2023.0,3.0,0.0,0.0,10.0,42.0,20.0,15.0,Eplus-env-08-19_thermostat_rbc_eco_year_2023_case_3_rep_0_zone_0_onoffseed_10_tempseed_42_comforttemp_20_setbacktemp_15_paper2_final_runs_v4-res1
0,64004.20494957368,54015.49509434888,23978.650296012293,13989.9404407875,-101806.6927088602,-1.9369614290118,1198.6092132018905,0.0228045892922734,-14619.73758437337,-0.2781533025946227,-35958.27639605671,-0.6841376787682022,-34825.11505524059,-0.6625782925274085,10.049467275494672,0.2781533025946227,1.350551269739952,3482511.50552406,66.25782925274085,100.1602542294792,14619.73758437337,52560.0,31536000.0,08-19,2022.0,3.0,0.0,0.0,15.0,10.0,20.0,13.0,Eplus-env-08-19_thermostat_rbc_eco_year_2022_case_3_rep_0_zone_0_onoffseed_15_tempseed_10_comforttemp_20_setbacktemp_13_paper2_final_runs_v4-res1
0,41573.61716689343,41107.310682376126,14456.246925304797,13989.9404407875,-73763.1119899957,-1.403407762366737,1463.5563355807533,0.0278454401746718,-5364.716639326098,-0.1020684292109227,-43906.69006742259,-0.8353632052401558,-34387.019146434075,-0.6542431344450927,6.265220700152208,0.1020684292109227,0.5727558475008562,3438701.914643407,65.42431344450927,98.8158618899424,5364.716639326098,52560.0,31536000.0,08-19,2023.0,3.0,0.0,0.0,10.0,15.0,20.0,13.0,Eplus-env-08-19_thermostat_rbc_eco_year_2023_case_3_rep_0_zone_0_onoffseed_10_tempseed_15_comforttemp_20_setbacktemp_13_paper2_final_runs_v4-res1
0,15751.824295500404,0.0,103184.188788915,87432.36449341456,-314936.9485472864,-5.991951075861612,665.6672762907996,0.0126649025169482,-30407.120051450987,-0.5785220709941208,-19970.018288723983,-0.3799470755084472,-271643.2610396864,-5.168250780815951,12.469558599695588,0.5785220709941208,2.1558117677796926,27164326.103968643,516.8250780815952,592.7261730015713,30407.120051450987,52560.0,31536000.0,08-19,2023.0,10.0,0.0,0.0,10.0,10.0,20.0,13.0,Eplus-env-08-19_thermostat_rbc_eco_year_2023_case_10_rep_0_zone_0_onoffseed_10_tempseed_10_comforttemp_20_setbacktemp_13_paper2_final_runs_v4-res1
0,72274.27900397553,0.0,189670.5008572474,117396.22185327184,-380673.50675365294,-7.242646627733123,938.5901978913128,0.0178574999598803,-10.030482761567043,-0.0001908387131196,-28157.70593673938,-0.5357249987964113,-321535.8886177389,-6.11750168603004,0.0323439878234398,0.0001908387131196,0.0135684878757138,32153588.86177389,611.750168603004,694.6353280000314,10.030482761567043,52560.0,31536000.0,08-19,2022.0,11.0,0.0,0.0,5.0,30.0,20.0,13.0,Eplus-env-08-19_thermostat_rbc_eco_year_2022_case_11_rep_0_zone_0_onoffseed_5_tempseed_30_comforttemp_20_setbacktemp_13_paper2_final_runs_v4-res1
0,12145.14704341647,0.0,76126.39184941011,63981.24480599364,-43943.57124494189,-0.8360649019205079,488.2120152370919,0.0092886608682856,-0.1824216900320898,-3.470732306546611e-06,-14646.360457112758,-0.2786598260485685,-34007.444027032856,-0.6470213855980376,0.0019025875190258,3.470732306546611e-06,0.0007956914018804,3400744.402703286,64.70213855980377,97.45970630073366,0.1824216900320898,52560.0,31536000.0,08-19,2023.0,13.0,0.0,0.0,5.0,15.0,20.0,13.0,Eplus-env-08-19_thermostat_rbc_eco_year_2023_case_13_rep_0_zone_0_onoffseed_5_tempseed_15_comforttemp_20_setbacktemp_13_paper2_final_runs_v4-res1
0,25310.60567847036,0.0,150248.21281750922,124937.60713903884,-380899.9355919093,-7.246954634549263,984.7869594630196,0.0187364337797378,-36584.49960241304,-0.6960521233335814,-29543.608783890595,-0.5620930133921346,-323608.82948393974,-6.156941200227164,14.136225266362256,0.6960521233335814,2.543421168983373,32360882.94839397,615.6941200227163,690.0046203381967,36584.49960241304,52560.0,31536000.0,08-19,2023.0,6.0,0.0,0.0,15.0,15.0,20.0,15.0,Eplus-env-08-19_thermostat_rbc_eco_year_2023_case_6_rep_0_zone_0_onoffseed_15_tempseed_15_comforttemp_20_setbacktemp_15_paper2_final_runs_v4-res1
0,25632.3136008998,0.0,172775.08316464728,147142.76956374748,-366430.72967520665,-6.971665328675925,1068.7287519401175,0.0203334998466536,-25521.69038130257,-0.48557249583909,-32061.862558203527,-0.6100049953996105,-319939.24353700795,-6.087124116000912,11.982496194824964,0.48557249583909,1.882144769382412,31993924.353700794,608.7124116000912,680.2808719090261,25521.69038130257,52560.0,31536000.0,08-19,2023.0,6.0,0.0,0.0,10.0,15.0,20.0,15.0,Eplus-env-08-19_thermostat_rbc_eco_year_2023_case_6_rep_0_zone_0_onoffseed_10_tempseed_15_comforttemp_20_setbacktemp_15_paper2_final_runs_v4-res1
0,23520.267147097504,0.0,156564.4873634038,133044.22021630633,-375015.26268932136,-7.134993582369128,974.8797285128384,0.0185479400401986,-32364.65002253381,-0.6157657919051334,-29246.39185538516,-0.5564382012059582,-323408.6821137471,-6.1531332213422205,13.226788432267885,0.6157657919051334,2.190426541056057,32340868.211374704,615.313322134222,687.262130207301,32364.65002253381,52560.0,31536000.0,08-19,2023.0,6.0,0.0,0.0,10.0,10.0,20.0,15.0,Eplus-env-08-19_thermostat_rbc_eco_year_2023_case_6_rep_0_zone_0_onoffseed_10_tempseed_10_comforttemp_20_setbacktemp_15_paper2_final_runs_v4-res1
0,74394.64703364558,0.0,185209.3169574673,110814.66992382176,-438913.4679986715,-8.350712861466354,950.2417072927148,0.0180791801235295,-47627.438063104106,-0.9061536922203978,-28507.251218781443,-0.5423754037058874,-330423.7691973419,-6.286601392643492,15.462328767123289,0.9061536922203978,3.238342910688776,33042376.91973419,628.6601392643491,703.0779092077082,47627.438063104106,52560.0,31536000.0,08-19,2022.0,6.0,0.0,0.0,15.0,10.0,20.0,13.0,Eplus-env-08-19_thermostat_rbc_eco_year_2022_case_6_rep_0_zone_0_onoffseed_15_tempseed_10_comforttemp_20_setbacktemp_13_paper2_final_runs_v4-res1
0,23636.04473091872,0.0,137041.61050254593,113405.5657716272,-349675.9119460087,-6.65289025772467,897.577100815889,0.0170771898937574,-52021.51592969494,-0.9897548692864334,-26927.31302447668,-0.512315696812722,-278317.74782194913,-5.295238733294314,16.362252663622527,0.9897548692864334,3.344031617940572,27831774.782194912,529.5238733294314,607.3858182864244,52021.51592969494,52560.0,31536000.0,08-19,2023.0,5.0,0.0,0.0,15.0,10.0,20.0,13.0,Eplus-env-08-19_thermostat_rbc_eco_year_2023_case_5_rep_0_zone_0_onoffseed_15_tempseed_10_comforttemp_20_setbacktemp_13_paper2_final_runs_v4-res1
0,31047.976573236905,30581.67008871961,14456.246925304797,13989.9404407875,-66812.04193769454,-1.2711575711129095,1108.451307225674,0.0210892562257548,-34.94008923495735,-0.0006647657769208,-33253.53921677022,-0.632677686772645,-41376.75221389446,-0.7872289233998185,0.106544901065449,0.0006647657769208,0.0326406667694344,4137675.2213894473,78.72289233998187,117.66966171247812,34.94008923495735,52560.0,31536000.0,08-19,2023.0,4.0,0.0,0.0,5.0,10.0,20.0,15.0,Eplus-env-08-19_thermostat_rbc_eco_year_2023_case_4_rep_0_zone_0_onoffseed_5_tempseed_10_comforttemp_20_setbacktemp_15_paper2_final_runs_v4-res1
0,32543.5231252816,22554.813270056795,23978.650296012296,13989.9404407875,-138537.15797064424,-2.635790676762638,538.0780355285149,0.0102374055465851,-71376.54902574145,-1.3580013132751418,-16142.341065855444,-0.3071221663975541,-40536.75267610995,-0.7712471970340554,35.98744292237443,1.3580013132751418,2.80130990917307,4053675.267610996,77.12471970340555,115.67491452112772,71376.54902574145,52560.0,31536000.0,08-19,2022.0,4.0,0.0,9.0,5.0,42.0,21.0,15.0,Eplus-env-08-19_thermostat_rbc_eco_year_2022_case_4_rep_0_zone_9_onoffseed_5_tempseed_42_comforttemp_21_setbacktemp_15_paper2_final_runs_v4-res1
0,67000.7703128472,57012.0604576224,23978.650296012293,13989.9404407875,-99518.43774868397,-1.893425375735996,1258.518016509821,0.0239444067068078,-9588.02649229355,-0.1824205953632715,-37755.54049529463,-0.7183322012042357,-35117.08106345014,-0.6681332013594015,8.097412480974125,0.1824205953632715,0.9387909504181592,3511708.1063450137,66.81332013594015,101.0812993499462,9588.02649229355,52560.0,31536000.0,08-19,2022.0,3.0,0.0,0.0,10.0,10.0,20.0,13.0,Eplus-env-08-19_thermostat_rbc_eco_year_2022_case_3_rep_0_zone_0_onoffseed_10_tempseed_10_comforttemp_20_setbacktemp_13_paper2_final_runs_v4-res1
0,13205.822801812512,0.0,80297.78220184929,67091.95940003677,-408055.8240963117,-7.763619179914605,523.5163068834628,0.0099603559148299,-98991.06696684254,-1.883391685061692,-15705.489206503888,-0.2988106774448989,-298261.07349530625,-5.674677958434289,37.69596651445967,1.883391685061692,3.625915030686,29826107.349530622,567.4677958434289,631.8505685966918,98991.06696684254,52560.0,31536000.0,08-19,2023.0,5.0,0.0,9.0,5.0,42.0,19.0,13.0,Eplus-env-08-19_thermostat_rbc_eco_year_2023_case_5_rep_0_zone_9_onoffseed_5_tempseed_42_comforttemp_19_setbacktemp_13_paper2_final_runs_v4-res1
0,74975.0429399462,0.0,193538.04018650163,118562.9972465554,-381679.6345943346,-7.261789090455378,959.9031575364866,0.0182629976700244,0.0,0.0,-28797.09472609459,-0.5478899301007342,-320342.5519651647,-6.094797411818202,0.0,0.0,0.0,32034255.19651646,609.47974118182,695.0662559509373,0.0,52560.0,31536000.0,08-19,2022.0,11.0,0.0,0.0,5.0,30.0,20.0,17.0,Eplus-env-08-19_thermostat_rbc_eco_year_2022_case_11_rep_0_zone_0_onoffseed_5_tempseed_30_comforttemp_20_setbacktemp_17_paper2_final_runs_v4-res1
0,14383.756557037445,0.0,84377.70340907056,69993.9468520331,-474344.2003498378,-9.024813553079106,561.5125809755442,0.0106832682834007,-68841.8124933704,-1.3097757323700607,-16845.377429266326,-0.3204980485020229,-393735.0366171551,-7.491153664709952,26.782724505327245,1.3097757323700607,3.964005683924401,39373503.66171552,749.1153664709954,818.5762000505662,68841.8124933704,52560.0,31536000.0,08-19,2023.0,12.0,0.0,0.0,15.0,42.0,20.0,13.0,Eplus-env-08-19_thermostat_rbc_eco_year_2023_case_12_rep_0_zone_0_onoffseed_15_tempseed_42_comforttemp_20_setbacktemp_13_paper2_final_runs_v4-res1
0,2006.0938133672123,0.0,17420.05304128189,15413.959227914678,-98719.40484154888,-1.8782230753719344,118.42215664341352,0.0022530851720588,-56787.59337215633,-1.0804336638538117,-3552.664699302406,-0.0675925551617657,-40290.62612067682,-0.7665644239093763,32.526636225266365,1.0804336638538117,2.273930309453404,4029062.612067681,76.65644239093761,115.07879678213656,56787.59337215633,52560.0,31536000.0,08-19,2023.0,14.0,0.0,9.0,5.0,42.0,20.0,15.0,Eplus-env-08-19_thermostat_rbc_eco_year_2023_case_14_rep_0_zone_9_onoffseed_5_tempseed_42_comforttemp_20_setbacktemp_15_paper2_final_runs_v4-res1
0,18792.80273058857,0.0,48715.70103246519,29922.898301876623,-66664.91442003455,-1.2683583413248585,237.11525811402024,0.0045113253065833,-10150.365238905177,-0.1931195821709508,-7113.457743420608,-0.1353397591975001,-41140.157267234856,-0.7827274974740269,9.4558599695586,0.1931195821709508,0.9194879990342828,4114015.726723486,78.2727497474027,117.21273730613692,10150.365238905177,52560.0,31536000.0,08-19,2022.0,14.0,0.0,0.0,10.0,30.0,20.0,13.0,Eplus-env-08-19_thermostat_rbc_eco_year_2022_case_14_rep_0_zone_0_onoffseed_10_tempseed_30_comforttemp_20_setbacktemp_13_paper2_final_runs_v4-res1
0,19368.77262628436,0.0,50235.07464944469,30866.302023160344,-66091.59227587782,-1.2574503857663208,244.95104517248012,0.004660408013175,-9096.580683238795,-0.17307040873742,-7348.531355174404,-0.1398122403952512,-41149.41870707578,-0.7829037044725226,9.216133942161338,0.17307040873742,0.7899929470498495,4114941.8707075794,78.29037044725227,117.24511708335174,9096.580683238795,52560.0,31536000.0,08-19,2022.0,14.0,0.0,0.0,10.0,30.0,20.0,17.0,Eplus-env-08-19_thermostat_rbc_eco_year_2022_case_14_rep_0_zone_0_onoffseed_10_tempseed_30_comforttemp_20_setbacktemp_17_paper2_final_runs_v4-res1
0,60023.63926174551,0.0,161337.1052614346,101313.4659996891,-466822.2038586181,-8.881700986655595,791.0761921594021,0.0150509168980099,-29743.27123772317,-0.565891766318934,-23732.285764782057,-0.4515275069402978,-387973.5933408609,-7.381537164019424,13.470319634703197,0.565891766318934,1.9216471711792784,38797359.33408609,738.1537164019423,810.4580620053551,29743.27123772317,52560.0,31536000.0,08-19,2022.0,12.0,0.0,0.0,10.0,30.0,20.0,17.0,Eplus-env-08-19_thermostat_rbc_eco_year_2022_case_12_rep_0_zone_0_onoffseed_10_tempseed_30_comforttemp_20_setbacktemp_17_paper2_final_runs_v4-res1
0,17323.53830849602,0.0,104077.78887870251,86754.25057020648,-473266.2648820845,-9.004304887406478,673.152119987176,0.012807308218934,-119758.35899193662,-2.278507591170788,-20194.56359961528,-0.3842192465680228,-339335.5191999673,-6.456155235920231,43.4189497716895,2.278507591170788,4.023080326292205,33933551.91999673,645.615523592023,707.8642806825942,119758.35899193662,52560.0,31536000.0,08-19,2023.0,6.0,0.0,9.0,5.0,42.0,21.0,15.0,Eplus-env-08-19_thermostat_rbc_eco_year_2023_case_6_rep_0_zone_9_onoffseed_5_tempseed_42_comforttemp_21_setbacktemp_15_paper2_final_runs_v4-res1
0,21362.48420460401,0.0,53619.52781566366,32257.04361105964,-104161.50385692884,-1.9817637720115835,263.84786281859783,0.0050199365072031,-52541.94429560928,-0.99965647442179,-7915.435884557935,-0.1505980952160946,-34142.91123353301,-0.6495987677612824,32.768264840182646,0.99965647442179,2.0463926339200773,3414291.123353301,64.95987677612827,98.76253539390638,52541.94429560928,52560.0,31536000.0,08-19,2022.0,13.0,0.0,9.0,5.0,42.0,20.0,17.0,Eplus-env-08-19_thermostat_rbc_eco_year_2022_case_13_rep_0_zone_9_onoffseed_5_tempseed_42_comforttemp_20_setbacktemp_17_paper2_final_runs_v4-res1
0,22540.88583299579,22074.57934847849,14456.246925304797,13989.9404407875,-95566.70223400964,-1.8182401490488893,805.7304203853914,0.0153297264152471,-42778.10890012206,-0.8138909608090195,-24171.912611561747,-0.4598917924574153,-34347.89463391372,-0.6534987563530007,30.45281582952816,0.8138909608090195,1.6724721157497706,3434789.463391372,65.34987563530008,99.34313742874592,42778.10890012206,52560.0,31536000.0,08-19,2023.0,3.0,0.0,9.0,5.0,42.0,19.0,17.0,Eplus-env-08-19_thermostat_rbc_eco_year_2023_case_3_rep_0_zone_9_onoffseed_5_tempseed_42_comforttemp_19_setbacktemp_17_paper2_final_runs_v4-res1
0,7205.585160100584,0.0,54157.558796239966,46951.97363613939,-485458.78523450496,-9.23627825788632,348.6648973758761,0.0066336548206977,-80193.24980508923,-1.5257467618928695,-10459.946921276283,-0.1990096446209339,-399370.6462099374,-7.598376069443254,34.96765601217656,1.5257467618928695,3.0005464412970104,39937064.62099374,759.8376069443253,816.6871555617035,80193.24980508923,52560.0,31536000.0,08-19,2023.0,12.0,0.0,9.0,5.0,42.0,20.0,13.0,Eplus-env-08-19_thermostat_rbc_eco_year_2023_case_12_rep_0_zone_9_onoffseed_5_tempseed_42_comforttemp_20_setbacktemp_13_paper2_final_runs_v4-res1
0,97179.93426939474,97179.93426939474,0.0,0.0,-445359.7988728898,-8.473359948114343,3267.6778633140343,0.0621704311893842,0.0,0.0,-98030.33589942104,-1.8651129356815264,-365856.894647098,-6.960747615051331,0.0,0.0,0.0,36585689.4647098,696.0747615051332,779.7129905865628,0.0,52560.0,31536000.0,08-19,2023.0,2.0,0.0,0.0,5.0,15.0,20.0,15.0,Eplus-env-08-19_thermostat_rbc_eco_year_2023_case_2_rep_0_zone_0_onoffseed_5_tempseed_15_comforttemp_20_setbacktemp_15_paper2_final_runs_v4-res1
0,79938.41234464204,79938.41234464204,0.0,0.0,-475481.1609353798,-9.046445223275873,2678.1176610893745,0.0509535323647141,-30024.89531860985,-0.5712499109324554,-80343.52983268123,-1.5286059709414237,-380058.6504776183,-7.230948448965341,13.8013698630137,0.5712499109324554,1.986303839746554,38005865.04776184,723.0948448965341,798.3617279881877,30024.89531860985,52560.0,31536000.0,08-19,2023.0,2.0,0.0,0.0,15.0,15.0,20.0,17.0,Eplus-env-08-19_thermostat_rbc_eco_year_2023_case_2_rep_0_zone_0_onoffseed_15_tempseed_15_comforttemp_20_setbacktemp_17_paper2_final_runs_v4-res1
0,55042.59038574169,0.0,144150.3782652167,89107.78787947501,-502299.74300910335,-9.556692218590246,712.2949980768262,0.0135520357320552,-115126.60288278625,-2.1903843775263745,-21368.849942304787,-0.4065610719616588,-342142.7969317418,-6.509566151669365,42.57039573820396,2.1903843775263745,3.933193878153524,34214279.69317418,650.9566151669366,714.6310242814296,115126.60288278625,52560.0,31536000.0,08-19,2022.0,6.0,0.0,9.0,5.0,42.0,21.0,15.0,Eplus-env-08-19_thermostat_rbc_eco_year_2022_case_6_rep_0_zone_9_onoffseed_5_tempseed_42_comforttemp_21_setbacktemp_15_paper2_final_runs_v4-res1
0,2711.186128648029,0.0,24573.665390153503,21862.47926150548,-101100.4383477722,-1.923524321685164,163.702383127384,0.0031145811097295,-65336.9332403674,-1.2430923371454985,-4911.07149382152,-0.0934374332918858,-33545.48373555785,-0.6382321867495786,32.520928462709286,1.2430923371454985,2.633785220583402,3354548.373555785,63.82321867495786,97.19334025229942,65336.9332403674,52560.0,31536000.0,08-19,2023.0,13.0,0.0,9.0,5.0,42.0,20.0,13.0,Eplus-env-08-19_thermostat_rbc_eco_year_2023_case_13_rep_0_zone_9_onoffseed_5_tempseed_42_comforttemp_20_setbacktemp_13_paper2_final_runs_v4-res1
0,11211.513104036054,0.0,70815.19670818097,59603.68360414491,-507613.69550165447,-9.657794815480488,462.2521776060167,0.0087947522375573,-93393.33281398476,-1.7768898937211717,-13867.565328180504,-0.2638425671267219,-405048.2238172578,-7.706396952383139,36.71042617960426,1.7768898937211717,3.469345025591553,40504822.38172579,770.6396952383141,830.2883745968055,93393.33281398476,52560.0,31536000.0,08-19,2023.0,7.0,0.0,9.0,5.0,42.0,19.0,13.0,Eplus-env-08-19_thermostat_rbc_eco_year_2023_case_7_rep_0_zone_9_onoffseed_5_tempseed_42_comforttemp_19_setbacktemp_13_paper2_final_runs_v4-res1
0,43197.67707547163,33208.967220246835,23978.650296012293,13989.9404407875,-105721.02364631512,-2.011435000881186,755.1723686614341,0.0143678152332845,-28716.220313667567,-0.5463512236238122,-22655.171059843025,-0.4310344569985355,-41664.78371720422,-0.7927089748326526,29.383561643835616,0.5463512236238122,1.544634614592726,4166478.371720422,79.27089748326526,118.7488736858309,28716.220313667567,52560.0,31536000.0,08-19,2022.0,4.0,0.0,0.0,15.0,42.0,20.0,17.0,Eplus-env-08-19_thermostat_rbc_eco_year_2022_case_4_rep_0_zone_0_onoffseed_15_tempseed_42_comforttemp_20_setbacktemp_17_paper2_final_runs_v4-res1
0,40620.9423277109,40620.9423277109,0.0,0.0,-519918.4235902155,-9.89190303634352,1304.162888192437,0.0248128403385166,-82052.20836401537,-1.5611150754188616,-39124.88664577312,-0.7443852101555007,-404634.2223078999,-7.698520211337517,36.75608828006089,1.5611150754188616,2.95389069871988,40463422.23079,769.8520211337518,832.0488077156749,82052.20836401537,52560.0,31536000.0,08-19,2023.0,2.0,0.0,9.0,5.0,42.0,19.0,15.0,Eplus-env-08-19_thermostat_rbc_eco_year_2023_case_2_rep_0_zone_9_onoffseed_5_tempseed_42_comforttemp_19_setbacktemp_15_paper2_final_runs_v4-res1
0,89246.53151743716,89246.53151743716,0.0,0.0,-548327.3556435974,-10.432407831879708,1709.1807333559982,0.0325186593104261,-72700.03448960299,-1.383181782526693,-51275.42200067994,-0.9755597793127844,-402614.7337195791,-7.660097673507974,38.84132420091324,1.383181782526693,2.4883380976827016,40261473.37195791,766.0097673507973,831.1913525615618,72700.03448960299,52560.0,31536000.0,08-19,2022.0,2.0,0.0,9.0,5.0,42.0,20.0,17.0,Eplus-env-08-19_thermostat_rbc_eco_year_2022_case_2_rep_0_zone_9_onoffseed_5_tempseed_42_comforttemp_20_setbacktemp_17_paper2_final_runs_v4-res1
0,34009.15748568433,34009.15748568433,0.0,0.0,-414623.3169197144,-7.888571478685586,1082.7290788186842,0.0205998683184681,-84817.08749166795,-1.6137193206177312,-32481.872364560528,-0.6179960495540435,-301983.3376890081,-5.74549729240883,35.01712328767123,1.6137193206177312,3.19443542449462,30198333.768900804,574.5497292408829,639.6575564912771,84817.08749166795,52560.0,31536000.0,08-18,2023.0,0.0,0.0,9.0,5.0,42.0,18.0,13.0,Eplus-env-08-18_thermostat_rbc_eco_year_2023_case_0_rep_0_zone_9_onoffseed_5_tempseed_42_comforttemp_18_setbacktemp_13_paper2_final_runs_v4-res1
0,46087.79238783834,46087.79238783834,0.0,0.0,-464701.2185152201,-8.841347384231737,1501.083689968801,0.0285594309354794,-134792.29014698,-2.564541288945586,-45032.51069906403,-0.856782928064384,-292204.5054157496,-5.559446450071339,44.31126331811263,2.564541288945586,4.5791817497881055,29220450.541574955,555.9446450071339,619.2475910294635,134792.29014698,52560.0,31536000.0,08-18,2023.0,0.0,0.0,9.0,5.0,42.0,21.0,13.0,Eplus-env-08-18_thermostat_rbc_eco_year_2023_case_0_rep_0_zone_9_onoffseed_5_tempseed_42_comforttemp_21_setbacktemp_13_paper2_final_runs_v4-res1
0,34479.0884167565,34012.7819322392,14456.246925304797,13989.9404407875,-76489.50974451507,-1.4552798657632244,1220.127326839421,0.0232139902366708,-13825.442569859635,-0.2630411447842396,-36603.81980518263,-0.696419707100126,-34456.72494090695,-0.6555693481907715,10.441400304414003,0.2630411447842396,1.158947169876431,3445672.4940906945,65.55693481907714,99.07715897867618,13825.442569859635,52560.0,31536000.0,08-19,2023.0,3.0,0.0,0.0,15.0,10.0,20.0,13.0,Eplus-env-08-19_thermostat_rbc_eco_year_2023_case_3_rep_0_zone_0_onoffseed_15_tempseed_10_comforttemp_20_setbacktemp_13_paper2_final_runs_v4-res1
0,71570.92400539231,71570.92400539231,0.0,0.0,-375472.90014682594,-7.143700535517997,2346.7028003573746,0.0446480745882301,-39385.53412425749,-0.7493442565498001,-70401.08401072124,-1.3394422376469033,-277535.1930937571,-5.2803499447061855,21.34132420091324,0.7493442565498001,2.2786473059682777,27753519.309375703,528.0349944706184,611.0832839466385,39385.53412425749,52560.0,31536000.0,08-18,2023.0,0.0,0.0,0.0,10.0,42.0,20.0,17.0,Eplus-env-08-18_thermostat_rbc_eco_year_2023_case_0_rep_0_zone_0_onoffseed_10_tempseed_42_comforttemp_20_setbacktemp_17_paper2_final_runs_v4-res1
0,111900.05898205529,111900.05898205529,0.0,0.0,-433220.8989535576,-8.242406753302085,2230.3460648909136,0.0424342858616992,-58977.31194501452,-1.1220949761228027,-66910.3819467274,-1.2730285758509778,-282698.1487553236,-5.37857969473599,16.837899543378995,1.1220949761228027,3.565624841172712,28269814.875532366,537.857969473599,620.0554302164894,58977.31194501452,52560.0,31536000.0,08-18,2022.0,0.0,0.0,0.0,15.0,30.0,20.0,15.0,Eplus-env-08-18_thermostat_rbc_eco_year_2022_case_0_rep_0_zone_0_onoffseed_15_tempseed_30_comforttemp_20_setbacktemp_15_paper2_final_runs_v4-res1
0,14182.735440399349,0.0,91323.82975158846,77141.0943111891,-428473.1375253497,-8.152076436935877,602.4068838777134,0.01146131818641,-76142.55491552429,-1.4486787464901882,-18072.2065163314,-0.3438395455923021,-340727.6867460347,-6.482642441895638,39.28843226788432,1.4486787464901882,2.564704286421103,34072768.67460346,648.2642441895636,714.9987923964766,76142.55491552429,52560.0,31536000.0,08-19,2023.0,11.0,0.0,9.0,5.0,42.0,20.0,17.0,Eplus-env-08-19_thermostat_rbc_eco_year_2023_case_11_rep_0_zone_9_onoffseed_5_tempseed_42_comforttemp_20_setbacktemp_17_paper2_final_runs_v4-res1
0,80642.8337772018,80642.8337772018,0.0,0.0,-381591.747223504,-7.2601169563071535,2672.9224394546995,0.050854688726307,-0.0049031433384989,-9.328659319822965e-08,-80187.67318364097,-1.5256406617892118,-315617.84000723186,-6.004905631796649,0.0019025875190258,9.328659319822965e-08,2.138665087438168e-05,31561784.000723187,600.490563179665,685.9201886111633,0.0049031433384989,52560.0,31536000.0,08-19,2023.0,1.0,0.0,0.0,5.0,30.0,20.0,13.0,Eplus-env-08-19_thermostat_rbc_eco_year_2023_case_1_rep_0_zone_0_onoffseed_5_tempseed_30_comforttemp_20_setbacktemp_13_paper2_final_runs_v4-res1
0,26023.293610452307,25556.98712593501,14456.246925304797,13989.9404407875,-72063.94664858424,-1.3710796546534292,943.3978990514472,0.0179489706821051,-9925.74571094019,-0.1888459990665941,-28301.936971543408,-0.5384691204631546,-40848.54443493302,-0.7771793081227744,9.743150684931509,0.1888459990665941,0.8951728254809359,4084854.443493302,77.71793081227743,116.23086321595844,9925.74571094019,52560.0,31536000.0,08-19,2023.0,4.0,0.0,0.0,15.0,10.0,20.0,15.0,Eplus-env-08-19_thermostat_rbc_eco_year_2023_case_4_rep_0_zone_0_onoffseed_15_tempseed_10_comforttemp_20_setbacktemp_15_paper2_final_runs_v4-res1
0,56398.274871097536,46409.56501587274,23978.650296012293,13989.9404407875,-94712.30494813478,-1.801984492924939,1068.0191606205285,0.020319999250771,-7581.407210920378,-0.1442429073614988,-32040.574818615853,-0.6095999775231327,-40991.46906516951,-0.7798985742992678,6.959665144596651,0.1442429073614988,0.9405983066538772,4099146.906516952,77.98985742992677,116.44946528318836,7581.407210920378,52560.0,31536000.0,08-19,2022.0,4.0,0.0,0.0,15.0,15.0,20.0,15.0,Eplus-env-08-19_thermostat_rbc_eco_year_2022_case_4_rep_0_zone_0_onoffseed_15_tempseed_15_comforttemp_20_setbacktemp_15_paper2_final_runs_v4-res1
0,27718.570712291174,17729.86085706638,23978.650296012296,13989.9404407875,-93996.6045693212,-1.7883676668440105,433.1027504660364,0.0082401588749245,-29999.15729923471,-0.5707602225881794,-12993.082513981091,-0.2472047662477376,-41320.884570361086,-0.7861659925867787,23.90601217656012,0.5707602225881794,1.422767044785291,4132088.457036108,78.61659925867785,117.9938414835899,29999.15729923471,52560.0,31536000.0,08-19,2022.0,4.0,0.0,9.0,5.0,42.0,18.0,15.0,Eplus-env-08-19_thermostat_rbc_eco_year_2022_case_4_rep_0_zone_9_onoffseed_5_tempseed_42_comforttemp_18_setbacktemp_15_paper2_final_runs_v4-res1
0,100962.65280658672,0.0,258318.483151602,157355.8303450153,-349080.00745953247,-6.641552653339659,1290.732747362711,0.0245573201553027,-49.14735802126535,-0.0009350714996435,-38721.98242088134,-0.7367196046590817,-266433.3138404426,-5.069126975655301,0.1179604261796042,0.0009350714996435,0.0409912662186331,26643331.384044264,506.91269756553015,596.8154733698694,49.14735802126535,52560.0,31536000.0,08-19,2022.0,5.0,0.0,0.0,5.0,10.0,20.0,15.0,Eplus-env-08-19_thermostat_rbc_eco_year_2022_case_5_rep_0_zone_0_onoffseed_5_tempseed_10_comforttemp_20_setbacktemp_15_paper2_final_runs_v4-res1
0,7827.741980225624,0.0,56558.75549176293,48731.013511537305,-406155.63275261584,-7.727466376571838,379.24455329499983,0.0072154595375761,-111720.06751482892,-2.125572060784416,-11377.336598849995,-0.216463786127283,-288031.6895237644,-5.4800549757185015,40.40144596651446,2.125572060784416,3.9152656312436553,28803168.95237644,548.0054975718501,612.6947570352529,111720.06751482892,52560.0,31536000.0,08-19,2023.0,10.0,0.0,9.0,5.0,42.0,21.0,15.0,Eplus-env-08-19_thermostat_rbc_eco_year_2023_case_10_rep_0_zone_9_onoffseed_5_tempseed_42_comforttemp_21_setbacktemp_15_paper2_final_runs_v4-res1
0,7599.219176338004,0.0,49566.47787838128,41967.25870204328,-53474.80458247553,-1.0174049578096562,325.1749011107182,0.0061867370835372,-12536.809395088749,-0.2385237708350218,-9755.247033321548,-0.1856021125061177,-34721.07397922465,-0.6605988200004691,29.02397260273973,0.2385237708350218,0.5478236690205102,3472107.397922466,66.05988200004691,100.26678651645216,12536.809395088749,52560.0,31536000.0,08-19,2023.0,13.0,0.0,0.0,5.0,42.0,20.0,17.0,Eplus-env-08-19_thermostat_rbc_eco_year_2023_case_13_rep_0_zone_0_onoffseed_5_tempseed_42_comforttemp_20_setbacktemp_17_paper2_final_runs_v4-res1
0,12124.760021775895,0.0,76189.43677212678,64064.67675035088,-43916.66406384405,-0.8355529692512185,489.5365627127646,0.0093138615432413,-0.0677414088736085,-1.2888395904415637e-06,-14686.096881382937,-0.27941584629724,-33997.33014862031,-0.6468289602096711,0.0019025875190258,1.2888395904415637e-06,0.0002954761387339,3399733.0148620307,64.68289602096709,97.44791726501232,0.0677414088736085,52560.0,31536000.0,08-19,2023.0,13.0,0.0,0.0,5.0,15.0,20.0,15.0,Eplus-env-08-19_thermostat_rbc_eco_year_2023_case_13_rep_0_zone_0_onoffseed_5_tempseed_15_comforttemp_20_setbacktemp_15_paper2_final_runs_v4-res1
0,66807.87888427256,66807.87888427256,0.0,0.0,-485996.676409629,-9.24651210825017,2200.6195835778985,0.0418687135383922,-45358.6240724141,-0.8629875204036168,-66018.58750733695,-1.2560614061517683,-385982.52662199154,-7.343655377130737,16.750380517503803,0.8629875204036168,2.5776657386549315,38598252.662199154,734.3655377130738,810.8635136180101,45358.6240724141,52560.0,31536000.0,08-19,2023.0,2.0,0.0,0.0,15.0,30.0,20.0,17.0,Eplus-env-08-19_thermostat_rbc_eco_year_2023_case_2_rep_0_zone_0_onoffseed_15_tempseed_30_comforttemp_20_setbacktemp_17_paper2_final_runs_v4-res1
0,22929.1175000239,0.0,55949.161787604535,33020.04428758063,-65320.86168103587,-1.242786561663544,279.7233247408466,0.0053219810643235,-6073.574657562784,-0.115555073393508,-8391.699742225395,-0.1596594319297069,-40488.97599670354,-0.770338203894664,5.947488584474886,0.115555073393508,0.8515529968903821,4048897.599670353,77.03382038946638,115.08558248870756,6073.574657562784,52560.0,31536000.0,08-19,2022.0,14.0,0.0,0.0,15.0,15.0,20.0,13.0,Eplus-env-08-19_thermostat_rbc_eco_year_2022_case_14_rep_0_zone_0_onoffseed_15_tempseed_15_comforttemp_20_setbacktemp_13_paper2_final_runs_v4-res1
0,6111.237463107438,0.0,36891.5408973709,30780.303434263464,-52834.184522462216,-1.0052166005034668,245.597200990304,0.0046727016931184,-7569.63590778172,-0.144018948017156,-7367.916029709121,-0.1401810507935525,-40264.94524611231,-0.7660758227951352,8.561643835616438,0.144018948017156,0.7517417470388118,4026494.524611232,76.60758227951352,114.57861180612336,7569.63590778172,52560.0,31536000.0,08-19,2023.0,14.0,0.0,0.0,15.0,10.0,20.0,13.0,Eplus-env-08-19_thermostat_rbc_eco_year_2023_case_14_rep_0_zone_0_onoffseed_15_tempseed_10_comforttemp_20_setbacktemp_13_paper2_final_runs_v4-res1
0,23073.832127410664,0.0,56320.86950229777,33247.037374887106,-65272.27442301364,-1.241862146556576,281.3784086551128,0.0053534704843057,-5905.167804322855,-0.1123509856225809,-8441.35225965338,-0.1606041145291739,-40490.40455525612,-0.7703653834713874,5.947488584474886,0.1123509856225809,0.815961552067901,4049040.455525611,77.03653834713872,115.0876833939686,5905.167804322855,52560.0,31536000.0,08-19,2022.0,14.0,0.0,0.0,15.0,15.0,20.0,15.0,Eplus-env-08-19_thermostat_rbc_eco_year_2022_case_14_rep_0_zone_0_onoffseed_15_tempseed_15_comforttemp_20_setbacktemp_15_paper2_final_runs_v4-res1
0,18430.27135659856,0.0,44898.61840394551,26468.34704734696,-70646.56129014898,-1.34411265772734,222.9771953663657,0.0042423362893144,-14554.26983978601,-0.2769077214571158,-6689.315860990972,-0.1272700886794324,-41014.486453529695,-0.7803365002574143,11.440258751902588,0.2769077214571158,1.2285594039225856,4101448.64535297,78.03365002574144,116.74511785534382,14554.26983978601,52560.0,31536000.0,08-19,2022.0,14.0,0.0,0.0,15.0,30.0,20.0,15.0,Eplus-env-08-19_thermostat_rbc_eco_year_2022_case_14_rep_0_zone_0_onoffseed_15_tempseed_30_comforttemp_20_setbacktemp_15_paper2_final_runs_v4-res1
0,23469.64464381568,0.0,61260.84280102549,37791.198157209816,-81329.237536808,-1.547359922694216,296.9522705976864,0.0056497768378555,-27206.69916742466,-0.5176312626983383,-8908.568117930592,-0.1694933051356657,-34922.02208627772,-0.6644220336049794,29.7640791476408,0.5176312626983383,1.5144776841495358,3492202.208627772,66.44220336049794,100.85926992488174,27206.69916742466,52560.0,31536000.0,08-19,2022.0,13.0,0.0,0.0,10.0,42.0,20.0,13.0,Eplus-env-08-19_thermostat_rbc_eco_year_2022_case_13_rep_0_zone_0_onoffseed_10_tempseed_42_comforttemp_20_setbacktemp_13_paper2_final_runs_v4-res1
0,7462.237171925997,0.0,51188.20490335723,43725.96773143124,-53154.66025758199,-1.011313931841362,331.0609968502937,0.0062987252064363,-12824.347471534733,-0.2439944343899302,-9931.82990550881,-0.18896175619309,-34225.45655569459,-0.6511692647582684,10.251141552511417,0.2439944343899302,1.018509376225733,3422545.65556946,65.11692647582686,98.85022562465194,12824.347471534733,52560.0,31536000.0,08-19,2023.0,13.0,0.0,0.0,10.0,30.0,20.0,13.0,Eplus-env-08-19_thermostat_rbc_eco_year_2023_case_13_rep_0_zone_0_onoffseed_10_tempseed_30_comforttemp_20_setbacktemp_13_paper2_final_runs_v4-res1
0,23603.81044711431,0.0,137352.53933614373,113748.72888902944,-392286.18190682406,-7.463587935822376,906.5761403203104,0.0172484044962007,-46165.21042383314,-0.8783335316558816,-27197.284209609308,-0.5174521348860218,-326810.6941562067,-6.217859477857814,16.944444444444446,0.8783335316558816,2.6024309140711703,32681069.41562068,621.7859477857814,700.965842856155,46165.21042383314,52560.0,31536000.0,08-19,2023.0,6.0,0.0,0.0,15.0,30.0,20.0,17.0,Eplus-env-08-19_thermostat_rbc_eco_year_2023_case_6_rep_0_zone_0_onoffseed_15_tempseed_30_comforttemp_20_setbacktemp_17_paper2_final_runs_v4-res1
0,52935.35068507294,42946.64082984814,23978.650296012293,13989.9404407875,-92494.7913978508,-1.7597943568845285,983.2971438774538,0.0187080887343503,-7732.57717751113,-0.14711904827837,-29498.91431632361,-0.5612426620305101,-41455.80382488151,-0.7887329494840469,7.574200913242008,0.14711904827837,0.8239150143720657,4145580.382488151,78.8732949484047,117.9935468117212,7732.57717751113,52560.0,31536000.0,08-19,2022.0,4.0,0.0,0.0,10.0,10.0,20.0,13.0,Eplus-env-08-19_thermostat_rbc_eco_year_2022_case_4_rep_0_zone_0_onoffseed_10_tempseed_10_comforttemp_20_setbacktemp_13_paper2_final_runs_v4-res1
0,31329.335652690097,30863.029168172805,14456.246925304797,13989.9404407875,-70257.67246553065,-1.336713707487265,1127.0645672227029,0.0214433897873421,-3797.066499998108,-0.0722425133180766,-33811.93701668109,-0.6433016936202643,-40830.07646806676,-0.7768279388901591,5.260654490106545,0.0722425133180766,0.4572059969125086,4083007.646806676,77.6827938890159,116.11451938760156,3797.066499998108,52560.0,31536000.0,08-19,2023.0,4.0,0.0,0.0,10.0,15.0,20.0,13.0,Eplus-env-08-19_thermostat_rbc_eco_year_2023_case_4_rep_0_zone_0_onoffseed_10_tempseed_15_comforttemp_20_setbacktemp_13_paper2_final_runs_v4-res1
0,20766.32554041829,0.0,123429.50204512224,102663.17650470397,-387201.8544435194,-7.366854156079137,809.9182293996071,0.0154094031468722,-77755.87889355338,-1.479373647137621,-24297.546881988208,-0.4622820944061683,-292457.0446253498,-5.56425122955384,39.9923896499239,1.479373647137621,2.595992224226164,29245704.462534983,556.425122955384,625.7139187107463,77755.87889355338,52560.0,31536000.0,08-19,2023.0,5.0,0.0,9.0,5.0,42.0,20.0,17.0,Eplus-env-08-19_thermostat_rbc_eco_year_2023_case_5_rep_0_zone_9_onoffseed_5_tempseed_42_comforttemp_20_setbacktemp_17_paper2_final_runs_v4-res1
0,12269.24691742972,0.0,78223.95079403507,65954.70387660536,-376952.240635885,-7.171846283026732,529.2943593312888,0.010070288419545,-26497.877850686804,-0.504145316793889,-15878.83077993866,-0.302108652586352,-340416.89188204904,-6.476729297603673,32.86529680365297,0.504145316793889,0.9531127860563252,34041689.1882049,647.6729297603672,720.990847012552,26497.877850686804,52560.0,31536000.0,08-19,2023.0,11.0,0.0,9.0,5.0,42.0,18.0,17.0,Eplus-env-08-19_thermostat_rbc_eco_year_2023_case_11_rep_0_zone_9_onoffseed_5_tempseed_42_comforttemp_18_setbacktemp_17_paper2_final_runs_v4-res1
0,23316.20822778561,22849.901743268303,14456.246925304797,13989.9404407875,-72188.09291462762,-1.373441646016507,841.4211919612928,0.0160087745806943,-11678.20526556947,-0.2221880758289472,-25242.635758838787,-0.4802632374208292,-41434.89769790675,-0.7883351921215136,27.53044140030441,0.2221880758289472,0.5530518387879941,4143489.769790676,78.83351921215136,118.21211478501569,11678.20526556947,52560.0,31536000.0,08-19,2023.0,4.0,0.0,0.0,5.0,42.0,20.0,17.0,Eplus-env-08-19_thermostat_rbc_eco_year_2023_case_4_rep_0_zone_0_onoffseed_5_tempseed_42_comforttemp_20_setbacktemp_17_paper2_final_runs_v4-res1
0,38164.321352356856,28175.611497132057,23978.650296012296,13989.9404407875,-134981.10281561775,-2.568133615213428,642.8062731090993,0.0122299519236891,-63228.143138551066,-1.202970759865888,-19284.18819327298,-0.3668985577106731,-40530.72837870356,-0.7711325795034925,35.91133942161339,1.202970759865888,2.370071855807181,4053072.837870355,77.11325795034922,115.62662248164318,63228.143138551066,52560.0,31536000.0,08-19,2022.0,4.0,0.0,9.0,5.0,42.0,21.0,17.0,Eplus-env-08-19_thermostat_rbc_eco_year_2022_case_4_rep_0_zone_9_onoffseed_5_tempseed_42_comforttemp_21_setbacktemp_17_paper2_final_runs_v4-res1
0,107801.65864885252,107801.65864885252,0.0,0.0,-458825.235173224,-8.72955165854688,2162.2674767401595,0.0411390311404139,-41808.19692283189,-0.7954375365835596,-64868.02430220479,-1.23417093421242,-328824.50130976585,-6.2561739214186805,13.88888888888889,0.7954375365835596,2.853416031695857,32882450.13097659,625.6173921418682,699.7787794369358,41808.19692283189,52560.0,31536000.0,08-19,2022.0,1.0,0.0,0.0,10.0,30.0,20.0,13.0,Eplus-env-08-19_thermostat_rbc_eco_year_2022_case_1_rep_0_zone_0_onoffseed_10_tempseed_30_comforttemp_20_setbacktemp_13_paper2_final_runs_v4-res1
0,65666.00771583711,0.0,179237.60120170348,113571.59348586638,-459939.59610568464,-8.750753350564777,891.9954705757939,0.0169709944934511,-22514.772532736417,-0.428363252144909,-26759.864117273817,-0.5091298348035354,-383703.46266062185,-7.3002941906511,10.827625570776256,0.428363252144909,1.773800856398411,38370346.266062185,730.0294190651101,797.4059797154,22514.772532736417,52560.0,31536000.0,08-19,2022.0,12.0,0.0,0.0,10.0,15.0,20.0,15.0,Eplus-env-08-19_thermostat_rbc_eco_year_2022_case_12_rep_0_zone_0_onoffseed_10_tempseed_15_comforttemp_20_setbacktemp_15_paper2_final_runs_v4-res1
0,45169.16632986601,0.0,114638.93464548848,69469.76831562244,-78154.38879270617,-1.486955646740985,568.8007723692386,0.0108219325032199,-38.58206493539574,-0.0007340575520432,-17064.023171077162,-0.3246579750965974,-41162.91175330739,-0.7831604214860615,0.1198630136986301,0.0007340575520432,0.0315253396945764,4116291.1753307385,78.31604214860613,116.98281557200052,38.58206493539574,52560.0,31536000.0,08-19,2022.0,9.0,0.0,0.0,5.0,10.0,20.0,15.0,Eplus-env-08-19_thermostat_rbc_eco_year_2022_case_9_rep_0_zone_0_onoffseed_5_tempseed_10_comforttemp_20_setbacktemp_15_paper2_final_runs_v4-res1
0,20606.7521413074,0.0,132507.17037311153,111900.41823180411,-425508.61519606615,-8.095673805100192,838.6543101288476,0.015956132232284,-25656.47532592078,-0.488136897372922,-25159.62930386543,-0.4786839669685203,-382993.7559433417,-7.28679139922644,12.886225266362253,0.488136897372922,1.6798532279306584,38299375.59433417,728.679139922644,798.7942315161002,25656.47532592078,52560.0,31536000.0,08-19,2023.0,12.0,0.0,0.0,10.0,10.0,20.0,17.0,Eplus-env-08-19_thermostat_rbc_eco_year_2023_case_12_rep_0_zone_0_onoffseed_10_tempseed_10_comforttemp_20_setbacktemp_17_paper2_final_runs_v4-res1
0,80268.78026555762,80268.78026555762,0.0,0.0,-374285.5064437738,-7.121109331122028,2683.989149439891,0.0510652425692521,-36889.46546868478,-0.7018543658425567,-80519.67448319672,-1.5319572770775631,-271728.1518398364,-5.169865902584406,13.479832572298326,0.7018543658425567,2.500918218742191,27172815.18398363,516.9865902584405,595.3604651468427,36889.46546868478,52560.0,31536000.0,08-18,2023.0,0.0,0.0,0.0,10.0,10.0,20.0,13.0,Eplus-env-08-18_thermostat_rbc_eco_year_2023_case_0_rep_0_zone_0_onoffseed_10_tempseed_10_comforttemp_20_setbacktemp_13_paper2_final_runs_v4-res1
0,18679.957851488933,18213.65136697163,14456.246925304798,13989.9404407875,-127039.46033620815,-2.417036916594524,690.670887322822,0.0131406180997492,-78533.9425970769,-1.4941769900509303,-20720.126619684663,-0.3942185429924784,-33223.444220828154,-0.6321051031359999,35.68873668188737,1.4941769900509303,3.044471876198713,3322344.422082816,63.2105103136,96.25356745828792,78533.9425970769,52560.0,31536000.0,08-19,2023.0,3.0,0.0,9.0,5.0,42.0,21.0,13.0,Eplus-env-08-19_thermostat_rbc_eco_year_2023_case_3_rep_0_zone_9_onoffseed_5_tempseed_42_comforttemp_21_setbacktemp_13_paper2_final_runs_v4-res1
0,48995.1078495984,0.0,122485.89963275514,73490.79178315673,-368827.50868566654,-7.017266146987567,613.9688787796458,0.0116812952583646,-47025.12315726944,-0.8946941239967549,-18419.06636338938,-0.3504388577509394,-281719.48779664066,-5.359959813482509,23.64535768645358,0.8946941239967549,2.702336354167382,28171948.779664066,535.9959813482508,618.4651624411756,47025.12315726944,52560.0,31536000.0,08-19,2022.0,10.0,0.0,0.0,15.0,42.0,20.0,17.0,Eplus-env-08-19_thermostat_rbc_eco_year_2022_case_10_rep_0_zone_0_onoffseed_15_tempseed_42_comforttemp_20_setbacktemp_17_paper2_final_runs_v4-res1
0,83343.02370315329,0.0,215454.2451344083,132111.22143125502,-384532.3556162872,-7.3160646045716735,1058.0909583737705,0.0201311065139606,-5.487269202412602,-0.0001044000989804,-31742.728751213115,-0.6039331954188187,-316343.940655535,-6.018720332106831,0.0190258751902587,0.0001044000989804,0.0091812395544648,31634394.06555351,601.8720332106832,686.2133342732509,5.487269202412602,52560.0,31536000.0,08-19,2022.0,11.0,0.0,0.0,5.0,10.0,20.0,13.0,Eplus-env-08-19_thermostat_rbc_eco_year_2022_case_11_rep_0_zone_0_onoffseed_5_tempseed_10_comforttemp_20_setbacktemp_13_paper2_final_runs_v4-res1
0,124596.63831653094,124596.63831653094,0.0,0.0,-465015.6158029042,-8.84732906778737,2504.697409060027,0.0476540602941405,-37758.81192699775,-0.7183944430555127,-75140.92227180081,-1.4296218088242163,-325324.2940691525,-6.189579415318731,14.975266362252665,0.7183944430555127,2.3521552163232418,32532429.406915247,618.9579415318731,700.4355714894816,37758.81192699775,52560.0,31536000.0,08-19,2022.0,1.0,0.0,0.0,15.0,10.0,20.0,17.0,Eplus-env-08-19_thermostat_rbc_eco_year_2022_case_1_rep_0_zone_0_onoffseed_15_tempseed_10_comforttemp_20_setbacktemp_17_paper2_final_runs_v4-res1
0,95351.01745490576,95351.01745490576,0.0,0.0,-479621.1037885106,-9.125211259294344,1868.5322973069344,0.0355504622775291,-66713.94111968242,-1.269291117193349,-56055.968919208026,-1.0665138683258757,-334900.4952889698,-6.371775024523778,24.96385083713851,1.269291117193349,3.851956252763283,33490049.528896976,637.1775024523778,715.0053732222888,66713.94111968242,52560.0,31536000.0,08-19,2022.0,1.0,0.0,0.0,15.0,42.0,20.0,15.0,Eplus-env-08-19_thermostat_rbc_eco_year_2022_case_1_rep_0_zone_0_onoffseed_15_tempseed_42_comforttemp_20_setbacktemp_15_paper2_final_runs_v4-res1
0,97412.78885862327,97412.78885862327,0.0,0.0,-428283.3953740737,-8.148466426447369,1858.580927532008,0.0353611287582193,-51687.33018888822,-0.9833966930914806,-55757.42782596025,-1.06083386274658,-296902.66261994577,-5.648833002662591,36.87595129375951,0.9833966930914806,1.798013092190518,29690266.26199457,564.883300266259,638.3920921365274,51687.33018888822,52560.0,31536000.0,08-18,2022.0,0.0,0.0,9.0,5.0,42.0,19.0,17.0,Eplus-env-08-18_thermostat_rbc_eco_year_2022_case_0_rep_0_zone_9_onoffseed_5_tempseed_42_comforttemp_19_setbacktemp_17_paper2_final_runs_v4-res1
0,105377.05055032043,105377.05055032043,0.0,0.0,-473762.8868008928,-9.01375355405047,2099.2852648289245,0.0399407394373844,-56349.878925753954,-1.0721057634275866,-62978.55794486773,-1.1982221831215325,-331204.0428199217,-6.301446781200945,16.54490106544901,1.0721057634275866,3.4484715981616163,33120404.28199217,630.1446781200946,708.2781540463519,56349.878925753954,52560.0,31536000.0,08-19,2022.0,1.0,0.0,0.0,15.0,30.0,20.0,15.0,Eplus-env-08-19_thermostat_rbc_eco_year_2022_case_1_rep_0_zone_0_onoffseed_15_tempseed_30_comforttemp_20_setbacktemp_15_paper2_final_runs_v4-res1
0,67325.68698669077,0.0,175297.80313179124,107972.11614510047,-437092.36227413535,-8.316064731243062,859.1817802228537,0.0163466853162643,-5.449453866430442,-0.0001036806291177,-25775.45340668561,-0.4904005594879302,-382007.7682964572,-7.268032121317678,0.0114155251141552,0.0001036806291177,0.0111565667432648,38200776.82964572,726.8032121317679,804.0351063612263,5.449453866430442,52560.0,31536000.0,08-19,2022.0,12.0,0.0,0.0,5.0,30.0,20.0,13.0,Eplus-env-08-19_thermostat_rbc_eco_year_2022_case_12_rep_0_zone_0_onoffseed_5_tempseed_30_comforttemp_20_setbacktemp_13_paper2_final_runs_v4-res1
0,24161.892801116323,0.0,135329.7485063802,111167.85570526388,-372764.5369789481,-7.092171555916059,890.945402993344,0.0169510160386861,-30788.40171959649,-0.5857762884245908,-26728.36208980032,-0.5085304811605844,-322209.29075875826,-6.130313751117927,14.06012176560122,0.5857762884245908,2.007596150059434,32220929.07587584,613.0313751117928,688.9333566168727,30788.40171959649,52560.0,31536000.0,08-19,2023.0,11.0,0.0,0.0,15.0,15.0,20.0,17.0,Eplus-env-08-19_thermostat_rbc_eco_year_2023_case_11_rep_0_zone_0_onoffseed_15_tempseed_15_comforttemp_20_setbacktemp_17_paper2_final_runs_v4-res1
0,19001.112290402067,0.0,107849.89110422508,88848.77881382301,-402474.95718655054,-7.657438302636045,711.5346693407962,0.01353756981242,-57002.06529638526,-1.0845141799160058,-21346.040080223887,-0.4061270943726006,-329928.0819253874,-6.277170508473884,16.993911719939117,1.0845141799160058,3.364897928078617,32992808.192538727,627.7170508473882,702.8894984991391,57002.06529638526,52560.0,31536000.0,08-19,2023.0,11.0,0.0,0.0,15.0,30.0,20.0,15.0,Eplus-env-08-19_thermostat_rbc_eco_year_2023_case_11_rep_0_zone_0_onoffseed_15_tempseed_30_comforttemp_20_setbacktemp_15_paper2_final_runs_v4-res1
0,31067.0282730801,0.0,82343.99011387661,51276.9618407965,-446860.7491905796,-8.501916841525487,397.3702377329463,0.0075603165474304,-79065.56441479764,-1.5042915604033036,-11921.107131988389,-0.2268094964229145,-342379.2489455751,-6.514064858173042,35.14840182648402,1.5042915604033036,3.044804591691304,34237924.89455751,651.4064858173043,712.3801052135981,79065.56441479764,52560.0,31536000.0,08-19,2022.0,11.0,0.0,9.0,5.0,42.0,20.0,13.0,Eplus-env-08-19_thermostat_rbc_eco_year_2022_case_11_rep_0_zone_9_onoffseed_5_tempseed_42_comforttemp_20_setbacktemp_13_paper2_final_runs_v4-res1
0,56151.88859832578,46163.17874310098,23978.650296012293,13989.9404407875,-94809.31012184532,-1.8038301012527649,1064.7982098759144,0.02025871784391,-7879.775262474476,-0.1499196206711278,-31943.94629627744,-0.6077615353173028,-40991.67479708052,-0.7799024885289293,6.986301369863014,0.1499196206711278,0.9967846298215314,4099167.479708052,77.99024885289293,116.45412026223046,7879.775262474476,52560.0,31536000.0,08-19,2022.0,4.0,0.0,0.0,15.0,15.0,20.0,13.0,Eplus-env-08-19_thermostat_rbc_eco_year_2022_case_4_rep_0_zone_0_onoffseed_15_tempseed_15_comforttemp_20_setbacktemp_13_paper2_final_runs_v4-res1
0,22479.964343988897,22013.6578594716,14456.246925304797,13989.9404407875,-75589.16741787702,-1.4381500650281016,820.7330800477689,0.0156151651455054,-16162.723163787876,-0.3075099536489322,-24621.99240143307,-0.468454954365165,-41035.58542427183,-0.780737926641397,12.720700152207002,0.3075099536489322,1.2308199878285069,4103558.542427183,78.0737926641397,116.900485830462,16162.723163787876,52560.0,31536000.0,08-19,2023.0,4.0,0.0,0.0,15.0,30.0,20.0,13.0,Eplus-env-08-19_thermostat_rbc_eco_year_2023_case_4_rep_0_zone_0_onoffseed_15_tempseed_30_comforttemp_20_setbacktemp_13_paper2_final_runs_v4-res1
0,42288.91290365391,32300.20304842911,23978.650296012293,13989.9404407875,-102516.5334627589,-1.950466770600436,745.0740049130919,0.0141756850249827,-26150.865025482395,-0.4975430940921308,-22352.22014739276,-0.4252705507494817,-41769.10879079723,-0.7946938506620478,29.453957382039576,0.4975430940921308,1.4246986560271042,4176910.8790797233,79.46938506620478,119.25733794594306,26150.865025482395,52560.0,31536000.0,08-19,2022.0,4.0,0.0,0.0,10.0,42.0,20.0,13.0,Eplus-env-08-19_thermostat_rbc_eco_year_2022_case_4_rep_0_zone_0_onoffseed_10_tempseed_42_comforttemp_20_setbacktemp_13_paper2_final_runs_v4-res1
0,79403.44490026223,0.0,197674.28860122012,118270.84370095798,-393514.2518333433,-7.486953040969241,1011.4891345629744,0.0192444660304979,-47642.947795632455,-0.9064487784557164,-30344.674036889228,-0.5773339809149396,-280911.3457648062,-5.344584204048824,15.517503805175036,0.9064487784557164,3.087192524375272,28091134.57648062,534.4584204048824,613.6314319693186,47642.947795632455,52560.0,31536000.0,08-19,2022.0,5.0,0.0,0.0,15.0,10.0,20.0,15.0,Eplus-env-08-19_thermostat_rbc_eco_year_2022_case_5_rep_0_zone_0_onoffseed_15_tempseed_10_comforttemp_20_setbacktemp_15_paper2_final_runs_v4-res1
0,25974.90604045183,25508.59955593453,14456.246925304797,13989.9404407875,-72088.29198256279,-1.3715428459391703,942.097339932239,0.0179242264066255,-9989.733348307744,-0.1900634198688688,-28262.92019796717,-0.5377267921987665,-40848.48800256141,-0.7771782344475153,9.762176560121766,0.1900634198688688,0.9036624298105768,4084848.800256141,77.71782344475153,116.229779523556,9989.733348307744,52560.0,31536000.0,08-19,2023.0,4.0,0.0,0.0,15.0,10.0,20.0,13.0,Eplus-env-08-19_thermostat_rbc_eco_year_2023_case_4_rep_0_zone_0_onoffseed_15_tempseed_10_comforttemp_20_setbacktemp_13_paper2_final_runs_v4-res1
0,64381.45991267212,54392.75005744732,23978.650296012293,13989.9404407875,-101794.86777754614,-1.9367364493444847,1203.6165961665224,0.0228998591355883,-14299.799325366366,-0.2720661972101668,-36108.49788499568,-0.6869957740676498,-34824.596097622714,-0.6625684189045418,9.973363774733638,0.2720661972101668,1.2989428130517933,3482459.6097622723,66.2568418904542,100.1546107832538,14299.799325366366,52560.0,31536000.0,08-19,2022.0,3.0,0.0,0.0,15.0,10.0,20.0,15.0,Eplus-env-08-19_thermostat_rbc_eco_year_2022_case_3_rep_0_zone_0_onoffseed_15_tempseed_10_comforttemp_20_setbacktemp_15_paper2_final_runs_v4-res1
0,78075.74662440609,0.0,216599.4526410532,138523.70601664708,-472245.65681524086,-8.98488692570854,1092.703151296927,0.0207896337765777,-24251.87300889914,-0.46141310899732,-32781.094538907804,-0.6236890132973326,-384120.0154929151,-7.308219472848461,11.116818873668189,0.46141310899732,1.996399773105887,38412001.54929152,730.8219472848461,797.938881022994,24251.87300889914,52560.0,31536000.0,08-19,2022.0,7.0,0.0,0.0,10.0,15.0,20.0,13.0,Eplus-env-08-19_thermostat_rbc_eco_year_2022_case_7_rep_0_zone_0_onoffseed_10_tempseed_15_comforttemp_20_setbacktemp_13_paper2_final_runs_v4-res1
0,22030.23858954504,0.0,128742.66990748732,106712.43131794228,-381321.19981179415,-7.254969555018914,845.5787716961021,0.0160878761738223,-38579.71478262966,-0.7340128383300925,-25367.363150883062,-0.4826362852146702,-324718.5468390577,-6.178054544122102,15.622146118721462,0.7340128383300925,2.3213296836413977,32471854.683905773,617.8054544122103,694.8721673191145,38579.71478262966,52560.0,31536000.0,08-19,2023.0,11.0,0.0,0.0,15.0,10.0,20.0,17.0,Eplus-env-08-19_thermostat_rbc_eco_year_2023_case_11_rep_0_zone_0_onoffseed_15_tempseed_10_comforttemp_20_setbacktemp_17_paper2_final_runs_v4-res1
0,66478.6337048146,0.0,165664.01135494685,99185.37765013224,-427996.3231595717,-8.143004626323663,823.3439755400577,0.0156648397172765,-43626.24959803872,-0.8300275798713607,-24700.31926620173,-0.4699451915182978,-329983.9033276242,-6.278232559505788,16.39840182648402,0.8300275798713607,2.550532821752711,32998390.332762416,627.8232559505788,707.6066092961395,43626.24959803872,52560.0,31536000.0,08-19,2022.0,11.0,0.0,0.0,15.0,30.0,20.0,17.0,Eplus-env-08-19_thermostat_rbc_eco_year_2022_case_11_rep_0_zone_0_onoffseed_15_tempseed_30_comforttemp_20_setbacktemp_17_paper2_final_runs_v4-res1
0,3072.4718413811497,0.0,21182.22615590183,18109.75431452068,-63065.65657847187,-1.199879310853727,146.64506747722558,0.0027900507510887,-19399.27235305909,-0.3690881345711395,-4399.352024316767,-0.083701522532663,-41152.79501197886,-0.7829679416282127,23.40372907153729,0.3690881345711395,0.8792240839054534,4115279.5011978857,78.29679416282127,117.4089205487398,19399.27235305909,52560.0,31536000.0,08-19,2023.0,14.0,0.0,9.0,5.0,42.0,18.0,17.0,Eplus-env-08-19_thermostat_rbc_eco_year_2023_case_14_rep_0_zone_9_onoffseed_5_tempseed_42_comforttemp_18_setbacktemp_17_paper2_final_runs_v4-res1
0,55401.26437944565,0.0,140556.66801087887,85155.4036314332,-80043.26284845616,-1.522893128775802,698.5516152469693,0.0132905558456424,-30.72232858940593,-0.0005845191892961,-20956.54845740908,-0.3987166753692747,-34688.766131042255,-0.6599841349132849,0.0818112633181126,0.0005845191892961,0.0318877994136689,3468876.613104226,65.9984134913285,99.64334585773996,30.72232858940593,52560.0,31536000.0,08-19,2022.0,8.0,0.0,0.0,5.0,10.0,20.0,17.0,Eplus-env-08-19_thermostat_rbc_eco_year_2022_case_8_rep_0_zone_0_onoffseed_5_tempseed_10_comforttemp_20_setbacktemp_17_paper2_final_runs_v4-res1
0,59682.13265924476,49693.42280401996,23978.650296012293,13989.9404407875,-99128.14905474798,-1.885999791757001,1096.7992831884892,0.0208675662707094,-14905.249724638816,-0.2835854209406168,-32903.97849565467,-0.6260269881212837,-35396.94660158102,-0.6734578881579342,10.490867579908675,0.2835854209406168,1.2607002201199105,3539694.660158101,67.3457888157934,102.13512983372884,14905.249724638816,52560.0,31536000.0,08-19,2022.0,3.0,0.0,0.0,10.0,30.0,20.0,13.0,Eplus-env-08-19_thermostat_rbc_eco_year_2022_case_3_rep_0_zone_0_onoffseed_10_tempseed_30_comforttemp_20_setbacktemp_13_paper2_final_runs_v4-res1
0,52937.69553750927,42948.98568228448,23978.650296012293,13989.9404407875,-111196.43307983596,-2.1156094573789184,949.9058000319316,0.0180727891939104,-32306.225650483622,-0.6146542170944373,-28497.174000957944,-0.5421836758173125,-35581.878710116005,-0.6769763833735922,30.84474885844749,0.6146542170944373,1.6985413003956895,3558187.8710116004,67.69763833735921,102.8599422480378,32306.225650483622,52560.0,31536000.0,08-19,2022.0,3.0,0.0,0.0,10.0,42.0,20.0,13.0,Eplus-env-08-19_thermostat_rbc_eco_year_2022_case_3_rep_0_zone_0_onoffseed_10_tempseed_42_comforttemp_20_setbacktemp_13_paper2_final_runs_v4-res1
0,57146.52341931168,47157.81356408688,23978.650296012293,13989.9404407875,-103947.62590609342,-1.9776945568130408,1046.2505221375527,0.0199058318519321,-22084.424889386257,-0.4201755115941069,-31387.515664126586,-0.5971749555579638,-35111.63020736829,-0.668029494051908,12.64840182648402,0.4201755115941069,1.7477390708990843,3511163.020736828,66.80294940519079,101.10365728958318,22084.424889386257,52560.0,31536000.0,08-19,2022.0,3.0,0.0,0.0,15.0,30.0,20.0,13.0,Eplus-env-08-19_thermostat_rbc_eco_year_2022_case_3_rep_0_zone_0_onoffseed_15_tempseed_30_comforttemp_20_setbacktemp_13_paper2_final_runs_v4-res1
0,10419.426787795586,0.0,26510.7541069606,16091.327319165004,-120120.53051639374,-2.285398221392575,129.33154144881348,0.0024606457657689,-71177.57022731709,-1.3542155674908125,-3879.946243464404,-0.073819372973067,-40418.82723398109,-0.7690035622903557,35.441400304414,1.3542155674908125,2.9272337846787675,4041882.723398109,76.90035622903557,115.35328102752854,71177.57022731709,52560.0,31536000.0,08-19,2022.0,14.0,0.0,9.0,5.0,42.0,21.0,13.0,Eplus-env-08-19_thermostat_rbc_eco_year_2022_case_14_rep_0_zone_9_onoffseed_5_tempseed_42_comforttemp_21_setbacktemp_13_paper2_final_runs_v4-res1
0,17184.847041198016,0.0,42128.63608074084,24943.78903954282,-80026.41130770944,-1.5225725134647914,209.1039904549085,0.0039783864241801,-24688.90219270913,-0.4697279717029897,-6273.1197136472565,-0.1193515927254044,-41278.5857505962,-0.7853612205212367,28.27245053272451,0.4697279717029897,1.402197991991125,4127858.57505962,78.53612205212366,117.58214121806756,24688.90219270913,52560.0,31536000.0,08-19,2022.0,14.0,0.0,0.0,15.0,42.0,20.0,17.0,Eplus-env-08-19_thermostat_rbc_eco_year_2022_case_14_rep_0_zone_0_onoffseed_15_tempseed_42_comforttemp_20_setbacktemp_17_paper2_final_runs_v4-res1
0,4188.383838085394,0.0,30206.895225767435,26018.511387682047,-65622.99563605615,-1.248534924582499,197.9081279874416,0.0037653753422268,-21266.17368816097,-0.4046075663653152,-5937.243839623247,-0.1129612602668045,-40930.30512995752,-0.7787348769017792,28.70433789954338,0.4046075663653152,1.1370838418478233,4093030.512995751,77.87348769017791,116.83741154507136,21266.17368816097,52560.0,31536000.0,08-19,2023.0,14.0,0.0,0.0,10.0,42.0,20.0,15.0,Eplus-env-08-19_thermostat_rbc_eco_year_2023_case_14_rep_0_zone_0_onoffseed_10_tempseed_42_comforttemp_20_setbacktemp_15_paper2_final_runs_v4-res1
0,35106.86059688922,0.0,93856.36568416558,58749.50508727635,-460040.2721907365,-8.752668801193616,453.44224378979067,0.0086271355363354,-92525.61570344084,-1.7603808162755106,-13603.267313693725,-0.2588140660900632,-338793.7338329806,-6.445847295148033,37.34018264840183,1.7603808162755106,3.421271244450024,33879373.383298054,644.5847295148031,704.7866919853026,92525.61570344084,52560.0,31536000.0,08-19,2022.0,11.0,0.0,9.0,5.0,42.0,21.0,13.0,Eplus-env-08-19_thermostat_rbc_eco_year_2022_case_11_rep_0_zone_9_onoffseed_5_tempseed_42_comforttemp_21_setbacktemp_13_paper2_final_runs_v4-res1
0,9598.973497197374,0.0,67865.20757429427,58266.23407709689,-441256.0091662962,-8.395281757349624,433.2862645452882,0.008243650390892,-97297.14618332278,-1.85116335965226,-12998.587936358645,-0.2473095117267626,-336105.9427649162,-6.394709717749548,38.5445205479452,1.85116335965226,3.51778993083567,33610594.27649162,639.4709717749547,698.4317680522458,97297.14618332278,52560.0,31536000.0,08-19,2023.0,11.0,0.0,9.0,5.0,42.0,21.0,13.0,Eplus-env-08-19_thermostat_rbc_eco_year_2023_case_11_rep_0_zone_9_onoffseed_5_tempseed_42_comforttemp_21_setbacktemp_13_paper2_final_runs_v4-res1
0,30193.241053533297,0.0,79839.29230963284,49646.05125609956,-66769.25485223305,-1.2703435093651645,389.11762429160825,0.0074033033541021,-7760.13310688733,-0.1476433239514332,-11673.528728748248,-0.222099100623064,-34308.03123945012,-0.6527403203852763,7.520928462709285,0.1476433239514332,0.7846755870164591,3430803.123945012,65.27403203852764,98.86522446716646,7760.13310688733,52560.0,31536000.0,08-19,2022.0,13.0,0.0,0.0,10.0,10.0,20.0,15.0,Eplus-env-08-19_thermostat_rbc_eco_year_2022_case_13_rep_0_zone_0_onoffseed_10_tempseed_10_comforttemp_20_setbacktemp_15_paper2_final_runs_v4-res1
0,10467.831581131331,0.0,66333.8465514412,55866.01497030986,-42854.2450192314,-0.8153395171086644,429.4857644006941,0.0081713425494804,-1.268828293929161,-2.4140568758165164e-05,-12884.57293202082,-0.2451402764844144,-34289.243174413925,-0.6523828610048311,0.0019025875190258,2.4140568758165164e-05,0.0055344063733016,3428924.317441392,65.23828610048311,98.54377656248288,1.268828293929161,52560.0,31536000.0,08-19,2023.0,13.0,0.0,0.0,5.0,10.0,20.0,17.0,Eplus-env-08-19_thermostat_rbc_eco_year_2023_case_13_rep_0_zone_0_onoffseed_5_tempseed_10_comforttemp_20_setbacktemp_17_paper2_final_runs_v4-res1
0,33707.421485763414,0.0,89914.69511530132,56207.27362953789,-66002.90763277846,-1.2557630828154196,440.3495812088055,0.0083780361721614,-4486.2077789550585,-0.0853540292799668,-13210.487436264166,-0.2513410851648433,-33940.658336320346,-0.6457507293820461,5.239726027397261,0.0853540292799668,0.5847637888469325,3394065.8336320342,64.57507293820461,97.63108072879156,4486.2077789550585,52560.0,31536000.0,08-19,2022.0,13.0,0.0,0.0,10.0,15.0,20.0,15.0,Eplus-env-08-19_thermostat_rbc_eco_year_2022_case_13_rep_0_zone_0_onoffseed_10_tempseed_15_comforttemp_20_setbacktemp_15_paper2_final_runs_v4-res1
0,122117.97948946228,122117.97948946228,0.0,0.0,-376053.68961638,-7.15475056347755,2418.329014845801,0.0460108260054376,-105.7256512109273,-0.0020115230443479,-72549.87044537402,-1.3803247801631282,-276043.24494484,-5.251964325434551,13.723363774733638,0.0020115230443479,0.0083687348897303,27604324.494483992,525.196432543455,613.9829175344213,105.7256512109273,52560.0,31536000.0,08-18,2022.0,0.0,0.0,0.0,5.0,42.0,20.0,15.0,Eplus-env-08-18_thermostat_rbc_eco_year_2022_case_0_rep_0_zone_0_onoffseed_5_tempseed_42_comforttemp_20_setbacktemp_15_paper2_final_runs_v4-res1
0,71721.26884689668,61732.55899167189,23978.650296012293,13989.9404407875,-102343.53090729282,-1.9471752455725424,1369.336082137598,0.0260528173922678,-9208.74183274802,-0.1752043727691784,-41080.08246412793,-0.7815845217680353,-34459.61903089863,-0.6556244107857426,7.570395738203957,0.1752043727691784,1.020251073223528,3445961.9030898623,65.56244107857424,98.96408169221644,9208.74183274802,52560.0,31536000.0,08-19,2022.0,3.0,0.0,0.0,15.0,15.0,20.0,15.0,Eplus-env-08-19_thermostat_rbc_eco_year_2022_case_3_rep_0_zone_0_onoffseed_15_tempseed_15_comforttemp_20_setbacktemp_15_paper2_final_runs_v4-res1
0,51491.833444469165,41503.123589244366,23978.650296012293,13989.9404407875,-116771.7801255091,-2.221685314412273,917.6118982987124,0.0174583694501277,-39307.268700306624,-0.7478551883619982,-27528.356948961373,-0.5237510835038313,-35339.04248428227,-0.672356211649206,30.82572298325723,0.7478551883619982,2.18162748451351,3533904.248428227,67.2356211649206,101.88328657039769,39307.268700306624,52560.0,31536000.0,08-19,2022.0,3.0,0.0,0.0,15.0,42.0,20.0,15.0,Eplus-env-08-19_thermostat_rbc_eco_year_2022_case_3_rep_0_zone_0_onoffseed_15_tempseed_42_comforttemp_20_setbacktemp_15_paper2_final_runs_v4-res1
0,44684.16175626202,34695.451901037224,23978.650296012296,13989.9404407875,-91278.8827151195,-1.7366606300441303,791.1801496738315,0.0150528947807045,-14033.536450424235,-0.2670003129837183,-23735.404490214947,-0.4515868434211367,-40689.2335318973,-0.7741482787651693,15.73439878234399,0.2670003129837183,1.0765980173136025,4068923.353189729,77.41482787651692,116.0300730451334,14033.536450424235,52560.0,31536000.0,08-19,2022.0,4.0,0.0,0.0,10.0,42.0,20.0,15.0,Eplus-env-08-19_thermostat_rbc_eco_year_2022_case_4_rep_0_zone_0_onoffseed_10_tempseed_42_comforttemp_20_setbacktemp_15_paper2_final_runs_v4-res1
0,92853.6756738256,0.0,234087.847105678,141234.17143185245,-346848.7300696823,-6.599100648205523,1168.454169137986,0.0222308631875568,-19.67855481332588,-0.000374401727803,-35053.625074139585,-0.6669258956267045,-270865.4594461123,-5.153452424773826,0.0437595129375951,0.000374401727803,0.0217206288500255,27086545.944611225,515.3452424773825,605.8509466066305,19.67855481332588,52560.0,31536000.0,08-19,2022.0,5.0,0.0,0.0,5.0,30.0,20.0,17.0,Eplus-env-08-19_thermostat_rbc_eco_year_2022_case_5_rep_0_zone_0_onoffseed_5_tempseed_30_comforttemp_20_setbacktemp_17_paper2_final_runs_v4-res1
0,114638.479253623,114638.479253623,0.0,0.0,-509898.37685132993,-9.701262877688926,2328.141505288303,0.0442949297048763,-31663.24172033217,-0.6024208850900337,-69844.24515864911,-1.328847891146292,-384449.3952536088,-7.314486211065615,12.355403348554034,0.6024208850900337,2.3311453548370564,38444939.52536088,731.4486211065616,801.5219136457257,31663.24172033217,52560.0,31536000.0,08-19,2022.0,2.0,0.0,0.0,10.0,10.0,20.0,13.0,Eplus-env-08-19_thermostat_rbc_eco_year_2022_case_2_rep_0_zone_0_onoffseed_10_tempseed_10_comforttemp_20_setbacktemp_13_paper2_final_runs_v4-res1
0,86183.9618201237,86183.9618201237,0.0,0.0,-441976.8591233669,-8.408996558663755,2875.7870366313264,0.0547143652327116,0.0,0.0,-86273.61109893977,-1.6414309569813503,-371469.7599583239,-7.067537289922448,0.0,0.0,0.0,37146975.99583238,706.7537289922448,788.4516155394431,0.0,52560.0,31536000.0,08-19,2023.0,2.0,0.0,0.0,5.0,10.0,20.0,13.0,Eplus-env-08-19_thermostat_rbc_eco_year_2023_case_2_rep_0_zone_0_onoffseed_5_tempseed_10_comforttemp_20_setbacktemp_13_paper2_final_runs_v4-res1
0,145529.5685114658,145529.5685114658,0.0,0.0,-432891.391603466,-8.23613758758497,2960.504685441545,0.056326192645387,0.0,0.0,-88815.14056324636,-1.689785779361613,-313833.6516042358,-5.970959885925339,0.0,0.0,0.0,31383365.16042358,597.0959885925339,684.7480745392077,0.0,52560.0,31536000.0,08-19,2022.0,1.0,0.0,0.0,5.0,10.0,20.0,15.0,Eplus-env-08-19_thermostat_rbc_eco_year_2022_case_1_rep_0_zone_0_onoffseed_5_tempseed_10_comforttemp_20_setbacktemp_15_paper2_final_runs_v4-res1
0,27263.345739839875,0.0,175951.98880365415,148688.64306381426,-328922.789767313,-6.258043945344616,1126.145722805774,0.0214259079681463,0.0,0.0,-33784.37168417322,-0.6427772390443914,-306618.6466175501,-5.833688101551562,0.0,0.0,0.0,30661864.661755,583.368810155156,670.8433562520057,0.0,52560.0,31536000.0,08-19,2023.0,11.0,0.0,0.0,5.0,15.0,20.0,17.0,Eplus-env-08-19_thermostat_rbc_eco_year_2023_case_11_rep_0_zone_0_onoffseed_5_tempseed_15_comforttemp_20_setbacktemp_17_paper2_final_runs_v4-res1
0,50203.407965134815,0.0,124633.03454510662,74429.62657997181,-499321.61285668286,-9.500030686009948,620.5324184383753,0.0118061723447179,-62713.12695491306,-1.1931721262350277,-18615.97255315126,-0.3541851703415384,-395537.077845493,-7.525439076208009,27.39535768645357,1.1931721262350277,3.666770488757397,39553707.7845493,752.5439076208011,823.8768955245063,62713.12695491306,52560.0,31536000.0,08-19,2022.0,12.0,0.0,0.0,15.0,42.0,20.0,15.0,Eplus-env-08-19_thermostat_rbc_eco_year_2022_case_12_rep_0_zone_0_onoffseed_15_tempseed_42_comforttemp_20_setbacktemp_15_paper2_final_runs_v4-res1
0,80322.17461166691,80322.17461166691,0.0,0.0,-424967.7360243074,-8.0853831054853,2705.1752984359714,0.0514683275958137,-38615.30174884453,-0.7346899115076966,-81155.25895307914,-1.544049827874413,-320640.86322565825,-6.100473044628201,14.168569254185693,0.7346899115076966,2.677329015093039,32064086.322565828,610.0473044628202,688.0358719826897,38615.30174884453,52560.0,31536000.0,08-19,2023.0,1.0,0.0,0.0,15.0,15.0,20.0,13.0,Eplus-env-08-19_thermostat_rbc_eco_year_2023_case_1_rep_0_zone_0_onoffseed_15_tempseed_15_comforttemp_20_setbacktemp_13_paper2_final_runs_v4-res1
0,20505.894373019502,0.0,50002.50215757424,29496.607784554733,-66953.67332035112,-1.2738522321223578,248.9359170589662,0.0047362236883364,-9403.08867779004,-0.1789019915865685,-7468.077511768985,-0.1420867106500948,-40774.712455993824,-0.7757745901064274,8.622526636225267,0.1789019915865685,1.008830830439828,4077471.2455993816,77.57745901064273,115.9768365376109,9403.08867779004,52560.0,31536000.0,08-19,2022.0,14.0,0.0,0.0,15.0,10.0,20.0,13.0,Eplus-env-08-19_thermostat_rbc_eco_year_2022_case_14_rep_0_zone_0_onoffseed_15_tempseed_10_comforttemp_20_setbacktemp_13_paper2_final_runs_v4-res1
0,35452.711637724184,25464.00178249939,23978.650296012296,13989.9404407875,-132884.8135590338,-2.528249877454981,586.4330987867413,0.0111574029449532,-69663.43488086044,-1.3254078173679689,-17592.992963602243,-0.3347220883485967,-34217.5152873512,-0.6510181751779147,33.44178082191781,1.3254078173679689,2.870012738998736,3421751.5287351203,65.10181751779149,99.0078556162962,69663.43488086044,52560.0,31536000.0,08-19,2022.0,3.0,0.0,9.0,5.0,42.0,20.0,13.0,Eplus-env-08-19_thermostat_rbc_eco_year_2022_case_3_rep_0_zone_9_onoffseed_5_tempseed_42_comforttemp_20_setbacktemp_13_paper2_final_runs_v4-res1
0,30877.23216982689,30410.92568530959,14456.246925304797,13989.9404407875,-75417.88229139283,-1.4348912155896658,1087.6650516459654,0.0206937795214224,-14915.601617777684,-0.2837823747674597,-32629.95154937896,-0.6208133856426743,-35241.61703547977,-0.6705026072199348,29.630898021308983,0.2837823747674597,0.6637187060319227,3524161.703547977,67.05026072199347,101.71541046213532,14915.601617777684,52560.0,31536000.0,08-19,2023.0,3.0,0.0,0.0,5.0,42.0,20.0,15.0,Eplus-env-08-19_thermostat_rbc_eco_year_2023_case_3_rep_0_zone_0_onoffseed_5_tempseed_42_comforttemp_20_setbacktemp_15_paper2_final_runs_v4-res1
0,65556.7621982028,65556.7621982028,0.0,0.0,-436091.8164571856,-8.297028471407641,2146.265466664129,0.0408345788939141,-54021.11813024749,-1.0277990511843131,-64387.96399992387,-1.2250373668174253,-328438.71117258834,-6.248833926419109,23.71004566210045,1.0277990511843131,2.8838877035276123,32843871.11725884,624.883392641911,706.1081929210242,54021.11813024749,52560.0,31536000.0,08-19,2023.0,1.0,0.0,0.0,15.0,42.0,20.0,17.0,Eplus-env-08-19_thermostat_rbc_eco_year_2023_case_1_rep_0_zone_0_onoffseed_15_tempseed_42_comforttemp_20_setbacktemp_17_paper2_final_runs_v4-res1
0,47442.626709295226,37453.91685407043,23978.650296012293,13989.9404407875,-92584.17299599222,-1.761494920015073,859.5271727830982,0.0163532567120071,-12142.951894697682,-0.2310302871898341,-25785.81518349295,-0.4905977013602159,-41628.40819042012,-0.7920168986000784,10.492770167427702,0.2310302871898341,1.0600443031180515,4162840.819042013,79.20168986000786,118.71006714723,12142.951894697682,52560.0,31536000.0,08-19,2022.0,4.0,0.0,0.0,10.0,30.0,20.0,13.0,Eplus-env-08-19_thermostat_rbc_eco_year_2022_case_4_rep_0_zone_0_onoffseed_10_tempseed_30_comforttemp_20_setbacktemp_13_paper2_final_runs_v4-res1
0,53118.05653852203,43129.34668329723,23978.650296012293,13989.9404407875,-92395.58548585916,-1.7579068775848394,985.636628178531,0.0187525994706722,-7481.797161750514,-0.1423477389982974,-29569.09884535593,-0.5625779841201661,-41457.90626994378,-0.788772950341396,7.551369863013699,0.1423477389982974,0.7836352500872571,4145790.626994377,78.87729503413959,117.99472890585106,7481.797161750514,52560.0,31536000.0,08-19,2022.0,4.0,0.0,0.0,10.0,10.0,20.0,15.0,Eplus-env-08-19_thermostat_rbc_eco_year_2022_case_4_rep_0_zone_0_onoffseed_10_tempseed_10_comforttemp_20_setbacktemp_15_paper2_final_runs_v4-res1
0,23007.38808735191,22541.08160283461,14456.246925304797,13989.9404407875,-71820.02064958045,-1.366438749040724,832.1652944317266,0.0158326730295229,-11585.923332321663,-0.2204323312846587,-24964.9588329518,-0.4749801908856887,-41411.7531229962,-0.7878948463279337,27.528538812785385,0.2204323312846587,0.5475128066194169,4141175.3122996194,78.78948463279337,118.14768299650156,11585.923332321663,52560.0,31536000.0,08-19,2023.0,4.0,0.0,0.0,5.0,42.0,20.0,13.0,Eplus-env-08-19_thermostat_rbc_eco_year_2023_case_4_rep_0_zone_0_onoffseed_5_tempseed_42_comforttemp_20_setbacktemp_13_paper2_final_runs_v4-res1
0,83763.99294902163,73775.28309379682,23978.650296012293,13989.9404407875,-103830.48577347749,-1.97546586327012,1615.8547226433966,0.0307430502786034,-3.770189867808732,-7.173116186850708e-05,-48475.64167930191,-0.9222915083581033,-35299.3929520151,-0.6716018445969387,0.0095129375951293,7.173116186850708e-05,0.0082613378221487,3529939.2952015093,67.16018445969387,100.92703978181244,3.770189867808732,52560.0,31536000.0,08-19,2022.0,3.0,0.0,0.0,5.0,15.0,20.0,15.0,Eplus-env-08-19_thermostat_rbc_eco_year_2022_case_3_rep_0_zone_0_onoffseed_5_tempseed_15_comforttemp_20_setbacktemp_15_paper2_final_runs_v4-res1
0,41591.52314041242,41125.21665589513,14456.246925304797,13989.9404407875,-73764.55169009234,-1.4034351539210872,1464.0663954003528,0.0278551445091391,-5353.402763438671,-0.1018531728203704,-43921.99186201059,-0.8356543352741741,-34385.123845482274,-0.6542070746857358,6.265220700152208,0.1018531728203704,0.5707885234183655,3438512.384548227,65.42070746857357,98.81300022651652,5353.402763438671,52560.0,31536000.0,08-19,2023.0,3.0,0.0,0.0,10.0,15.0,20.0,15.0,Eplus-env-08-19_thermostat_rbc_eco_year_2023_case_3_rep_0_zone_0_onoffseed_10_tempseed_15_comforttemp_20_setbacktemp_15_paper2_final_runs_v4-res1
0,81478.67958007293,0.0,209517.8332615606,128039.1536814876,-448604.42113978777,-8.535091726403877,1041.204236968975,0.0198098218601403,-15.220509068292753,-0.0002895835058655,-31236.127109069243,-0.5942946558042094,-381931.4928662618,-7.266580914502698,0.0361491628614916,0.0002895835058655,0.0172224232884312,38193149.28662618,726.6580914502698,804.1788083735931,15.220509068292753,52560.0,31536000.0,08-19,2022.0,7.0,0.0,0.0,5.0,30.0,20.0,15.0,Eplus-env-08-19_thermostat_rbc_eco_year_2022_case_7_rep_0_zone_0_onoffseed_5_tempseed_30_comforttemp_20_setbacktemp_15_paper2_final_runs_v4-res1
0,85767.56990510177,0.0,236062.2756478352,150294.70574273347,-371449.0152857214,-7.067142604370651,1197.1283961142033,0.0227764154511834,-27480.01466959364,-0.5228313293301682,-35913.85188342609,-0.683292463535504,-273802.551676764,-5.209333174976484,11.710426179604262,0.5228313293301682,2.080091995807586,27380255.1676764,520.9333174976483,597.4839224056252,27480.01466959364,52560.0,31536000.0,08-19,2022.0,5.0,0.0,0.0,10.0,15.0,20.0,15.0,Eplus-env-08-19_thermostat_rbc_eco_year_2022_case_5_rep_0_zone_0_onoffseed_10_tempseed_15_comforttemp_20_setbacktemp_15_paper2_final_runs_v4-res1
0,25327.933091573497,0.0,64350.16158532567,39022.228493752176,-132213.80462251874,-2.515483345177297,318.3361807876328,0.0060566244442091,-71075.64390834684,-1.3522763300674818,-9550.085423628983,-0.1816987333262744,-40417.37865195566,-0.768976001749537,35.44330289193303,1.3522763300674818,2.9231154141777496,4041737.865195565,76.89760017495367,115.3495227189981,71075.64390834684,52560.0,31536000.0,08-19,2022.0,9.0,0.0,9.0,5.0,42.0,21.0,13.0,Eplus-env-08-19_thermostat_rbc_eco_year_2022_case_9_rep_0_zone_9_onoffseed_5_tempseed_42_comforttemp_21_setbacktemp_13_paper2_final_runs_v4-res1
0,12353.17573921763,0.0,76119.01666065387,63765.84092143623,-452726.6705210724,-8.61352112863532,495.6247118534908,0.0094296939089324,-96256.9485456245,-1.8313726892242104,-14868.741355604723,-0.2828908172679741,-346363.5889031939,-6.5898704129222585,37.212709284627095,1.8313726892242104,3.5523519840858886,34636358.8903194,658.987041292226,720.8750603189685,96256.9485456245,52560.0,31536000.0,08-19,2023.0,6.0,0.0,9.0,5.0,42.0,19.0,13.0,Eplus-env-08-19_thermostat_rbc_eco_year_2023_case_6_rep_0_zone_9_onoffseed_5_tempseed_42_comforttemp_19_setbacktemp_13_paper2_final_runs_v4-res1
0,37492.35641979156,0.0,99038.805545309,61546.44912551743,-526283.9815531368,-10.01301334766242,483.9885332446416,0.0092083054270289,-88667.70230048517,-1.6869806373760496,-14519.655997339249,-0.2762491628108685,-406943.78246562026,-7.742461614642699,36.52016742770167,1.6869806373760496,3.392401093538444,40694378.24656202,774.2461614642698,835.1797397221457,88667.70230048517,52560.0,31536000.0,08-19,2022.0,7.0,0.0,9.0,5.0,42.0,19.0,13.0,Eplus-env-08-19_thermostat_rbc_eco_year_2022_case_7_rep_0_zone_9_onoffseed_5_tempseed_42_comforttemp_19_setbacktemp_13_paper2_final_runs_v4-res1
0,6402.365300317643,0.0,39335.64337428622,32933.278073968584,-74389.10670337729,-1.415317859653297,264.1975175096705,0.0050265889937151,-34810.38366419359,-0.6622980149199694,-7925.925525290115,-0.1507976698114557,-34340.94798699383,-0.6533665903157121,30.454718417047182,0.6622980149199694,1.9191898204500664,3434094.798699382,65.3366590315712,99.1886736627262,34810.38366419359,52560.0,31536000.0,08-19,2023.0,13.0,0.0,0.0,15.0,42.0,20.0,13.0,Eplus-env-08-19_thermostat_rbc_eco_year_2023_case_13_rep_0_zone_0_onoffseed_15_tempseed_42_comforttemp_20_setbacktemp_13_paper2_final_runs_v4-res1
0,64407.81396963081,0.0,159300.29820016777,94892.48423053698,-471729.5933601664,-8.97506836682204,802.5117584453528,0.0152684885548963,-31993.11997879085,-0.6086971076634485,-24075.35275336058,-0.4580546566468908,-387044.4407728206,-7.3638592232271805,13.00228310502283,0.6086971076634485,2.345412388496932,38704444.07728206,736.3859223227181,806.3393373583257,31993.11997879085,52560.0,31536000.0,08-19,2022.0,12.0,0.0,0.0,15.0,15.0,20.0,15.0,Eplus-env-08-19_thermostat_rbc_eco_year_2022_case_12_rep_0_zone_0_onoffseed_15_tempseed_15_comforttemp_20_setbacktemp_15_paper2_final_runs_v4-res1
0,49797.06861389141,0.0,126529.65679374288,76732.58817985146,-75824.50258317991,-1.4426275225110334,628.0072291115432,0.0119483871596564,-102.73355384555606,-0.0019545957733172,-18840.216873346297,-0.3584516147896936,-34982.787196309815,-0.6655781430043725,0.671613394216134,0.0019545957733172,0.0535777701963753,3498278.719630981,66.55781430043723,100.73268580472758,102.73355384555606,52560.0,31536000.0,08-19,2022.0,8.0,0.0,0.0,5.0,30.0,20.0,17.0,Eplus-env-08-19_thermostat_rbc_eco_year_2022_case_8_rep_0_zone_0_onoffseed_5_tempseed_30_comforttemp_20_setbacktemp_17_paper2_final_runs_v4-res1
0,19796.47766898652,0.0,116726.0330075132,96929.5553385267,-362974.3731205996,-6.905905120254939,773.6706340157552,0.0147197609211521,-53352.60096609068,-1.0150799270565198,-23210.11902047265,-0.4415928276345635,-293426.273773511,-5.582691662357515,37.10426179604262,1.0150799270565198,1.8386729643406223,29342627.3773511,558.2691662357515,630.0136537736694,53352.60096609068,52560.0,31536000.0,08-19,2023.0,5.0,0.0,9.0,5.0,42.0,19.0,17.0,Eplus-env-08-19_thermostat_rbc_eco_year_2023_case_5_rep_0_zone_9_onoffseed_5_tempseed_42_comforttemp_19_setbacktemp_17_paper2_final_runs_v4-res1
0,30467.53337779112,0.0,197163.21396545347,166695.68058766238,-331879.9510619298,-6.314306527053459,1266.0997161371329,0.0240886551776471,-0.2479307596607185,-4.71709968913087e-06,-37982.99148411399,-0.7226596553294138,-306954.2140747992,-5.840072566111096,0.0019025875190258,4.71709968913087e-06,0.0010814304685425,30695421.40747992,584.0072566111096,670.9666382255481,0.2479307596607185,52560.0,31536000.0,08-19,2023.0,6.0,0.0,0.0,5.0,15.0,20.0,15.0,Eplus-env-08-19_thermostat_rbc_eco_year_2023_case_6_rep_0_zone_0_onoffseed_5_tempseed_15_comforttemp_20_setbacktemp_15_paper2_final_runs_v4-res1
0,2220.444575964679,0.0,20605.12269206806,18384.678116103383,-95232.18440453756,-1.8118756545764367,140.0632805161206,0.0026648264938379,-59413.69787660832,-1.1303976003920913,-4201.898415483617,-0.0799447948151373,-34001.94082033251,-0.6469166822742106,30.94368340943684,1.1303976003920913,2.4728328373001167,3400194.08203325,64.69166822742105,98.55173155193611,59413.69787660832,52560.0,31536000.0,08-19,2023.0,13.0,0.0,9.0,5.0,42.0,19.0,13.0,Eplus-env-08-19_thermostat_rbc_eco_year_2023_case_13_rep_0_zone_9_onoffseed_5_tempseed_42_comforttemp_19_setbacktemp_13_paper2_final_runs_v4-res1
0,30787.71842998384,0.0,81092.23577022852,50304.51734024468,-66794.85136329592,-1.270830505389953,396.1676575854512,0.0075374364076379,-7283.996224950257,-0.1385844030622195,-11885.029727563531,-0.2261230922291387,-34323.4226907759,-0.6530331562171975,7.461948249619482,0.1385844030622195,0.7065467641718629,3432342.26907759,65.30331562171975,98.90277571999049,7283.996224950257,52560.0,31536000.0,08-19,2022.0,13.0,0.0,0.0,10.0,10.0,20.0,17.0,Eplus-env-08-19_thermostat_rbc_eco_year_2022_case_13_rep_0_zone_0_onoffseed_10_tempseed_10_comforttemp_20_setbacktemp_17_paper2_final_runs_v4-res1
0,30001.368081638066,0.0,79447.88142245918,49446.51334082111,-66682.12386710124,-1.2686857661168425,387.1257746651976,0.0073654066717122,-7830.429121691295,-0.148980767155466,-11613.773239955925,-0.2209622001513684,-34307.575517821846,-0.6527316498824552,7.5418569254185694,0.148980767155466,0.7978132335377714,3430757.5517821843,65.27316498824551,98.83592369578705,7830.429121691295,52560.0,31536000.0,08-19,2022.0,13.0,0.0,0.0,10.0,10.0,20.0,13.0,Eplus-env-08-19_thermostat_rbc_eco_year_2022_case_13_rep_0_zone_0_onoffseed_10_tempseed_10_comforttemp_20_setbacktemp_13_paper2_final_runs_v4-res1
0,20607.520402858994,0.0,139121.09351038362,118513.57310752464,-386334.0116340271,-7.350342687100973,861.918548721054,0.0163987547321357,-42045.4403421324,-0.7999513002688812,-25857.556461631622,-0.4919626419640719,-327429.5588503158,-6.229633920287592,14.393074581430746,0.7999513002688812,2.719940592606747,32742955.885031577,622.9633920287591,694.3029758543987,42045.4403421324,52560.0,31536000.0,08-19,2023.0,6.0,0.0,0.0,10.0,30.0,20.0,13.0,Eplus-env-08-19_thermostat_rbc_eco_year_2023_case_6_rep_0_zone_0_onoffseed_10_tempseed_30_comforttemp_20_setbacktemp_13_paper2_final_runs_v4-res1
0,14675.65742052017,0.0,98406.5146915864,83730.85727106623,-46311.00557423317,-0.8811074119907376,639.9162055762995,0.0121749658595186,-7.964720212973045,-0.0001515357726973,-19197.486167288986,-0.3652489757855591,-34296.88551829265,-0.6525282632856287,0.0342465753424657,0.0001515357726973,0.012056185450062,3429688.551829264,65.25282632856286,98.56815279613002,7.964720212973045,52560.0,31536000.0,08-19,2023.0,8.0,0.0,0.0,5.0,10.0,20.0,17.0,Eplus-env-08-19_thermostat_rbc_eco_year_2023_case_8_rep_0_zone_0_onoffseed_5_tempseed_10_comforttemp_20_setbacktemp_17_paper2_final_runs_v4-res1
0,8563.2244518488,0.0,67346.17881655149,58782.954364702695,-57218.98329111673,-1.0886412346102878,432.95020413285374,0.0082372565474287,-9494.63190355428,-0.1806436815744726,-12988.506123985617,-0.2471176964228617,-40718.77746350495,-0.7747103779205661,9.537671232876711,0.1806436815744726,0.7908636143618649,4071877.746350495,77.4710377920566,116.12723819212351,9494.63190355428,52560.0,31536000.0,08-19,2023.0,9.0,0.0,0.0,10.0,30.0,20.0,13.0,Eplus-env-08-19_thermostat_rbc_eco_year_2023_case_9_rep_0_zone_0_onoffseed_10_tempseed_30_comforttemp_20_setbacktemp_13_paper2_final_runs_v4-res1
0,17848.513415221372,0.0,121828.75269568828,103980.23928046688,-275268.7185852589,-5.237228283585595,780.357188058887,0.0148469784638296,0.0,0.0,-23410.71564176661,-0.4454093539148899,-260666.84976026628,-4.959414949776756,0.0,0.0,0.0,26066684.97602663,495.9414949776756,585.6788507218885,0.0,52560.0,31536000.0,08-19,2023.0,10.0,0.0,0.0,5.0,10.0,20.0,13.0,Eplus-env-08-19_thermostat_rbc_eco_year_2023_case_10_rep_0_zone_0_onoffseed_5_tempseed_10_comforttemp_20_setbacktemp_13_paper2_final_runs_v4-res1
0,17250.76311284353,0.0,108912.75024179592,91661.9871289524,-279511.7801798675,-5.317956243909199,709.4327254891131,0.0134975784910409,0.0,0.0,-21282.98176467339,-0.4049273547312289,-265398.9308772502,-5.049446934498672,0.0,0.0,0.0,26539893.08772502,504.9446934498672,593.7317939763384,0.0,52560.0,31536000.0,08-19,2023.0,10.0,0.0,0.0,5.0,30.0,20.0,17.0,Eplus-env-08-19_thermostat_rbc_eco_year_2023_case_10_rep_0_zone_0_onoffseed_5_tempseed_30_comforttemp_20_setbacktemp_17_paper2_final_runs_v4-res1
0,59501.62710509295,59501.62710509295,0.0,0.0,-396780.7793235664,-7.549101585303775,1926.7755914231243,0.0366585919220533,-54140.06019037009,-1.0300620279750778,-57803.26774269373,-1.0997577576616009,-293962.43799851974,-5.592892655984014,37.15753424657534,1.0300620279750778,1.8591888542792263,29396243.799851984,559.2892655984015,631.0999699260349,54140.06019037009,52560.0,31536000.0,08-18,2023.0,0.0,0.0,9.0,5.0,42.0,19.0,17.0,Eplus-env-08-18_thermostat_rbc_eco_year_2023_case_0_rep_0_zone_9_onoffseed_5_tempseed_42_comforttemp_19_setbacktemp_17_paper2_final_runs_v4-res1
0,76016.57951973387,76016.57951973387,0.0,0.0,-439049.5762833718,-8.35330244070342,2517.0706681514703,0.047889472377311,-0.1559789580232085,-2.967636187656174e-06,-75512.1200445441,-1.4366841713193323,-376860.2565993195,-7.17009620622754,0.0019025875190258,2.967636187656174e-06,0.0006803528448371,37686025.65993194,717.0096206227539,796.7024111131975,0.1559789580232085,52560.0,31536000.0,08-19,2023.0,2.0,0.0,0.0,5.0,30.0,20.0,13.0,Eplus-env-08-19_thermostat_rbc_eco_year_2023_case_2_rep_0_zone_0_onoffseed_5_tempseed_30_comforttemp_20_setbacktemp_13_paper2_final_runs_v4-res1
0,99408.98365010034,99408.98365010034,0.0,0.0,-520617.53968571726,-9.90520433192004,1921.2924382406568,0.0365542701339546,-97829.395031905,-1.861289859815544,-57638.773147219705,-1.0966281040186396,-341461.6551296652,-6.496606832756187,42.595129375951295,1.861289859815544,3.2266311475623604,34146165.51296651,649.6606832756186,716.4821384449775,97829.395031905,52560.0,31536000.0,08-19,2022.0,1.0,0.0,9.0,5.0,42.0,21.0,17.0,Eplus-env-08-19_thermostat_rbc_eco_year_2022_case_1_rep_0_zone_9_onoffseed_5_tempseed_42_comforttemp_21_setbacktemp_17_paper2_final_runs_v4-res1
0,55941.16783782171,55941.16783782171,0.0,0.0,-485272.8589275465,-9.232740847175542,1837.0750520310053,0.03495196065508,-50038.80506318051,-0.95203205980176,-55112.25156093016,-1.0485588196524005,-389468.584456244,-7.409980678391247,21.653348554033485,0.95203205980176,3.1020718096152176,38946858.4456244,740.9980678391247,809.4798236605454,50038.80506318051,52560.0,31536000.0,08-19,2023.0,2.0,0.0,0.0,10.0,42.0,20.0,13.0,Eplus-env-08-19_thermostat_rbc_eco_year_2023_case_2_rep_0_zone_0_onoffseed_10_tempseed_42_comforttemp_20_setbacktemp_13_paper2_final_runs_v4-res1
0,65291.2444530196,0.0,180649.03564803887,115357.79119501926,-386355.90642543,-7.350759254669521,905.9471627235984,0.0172364376469482,-48150.53037178988,-0.9161059811984376,-27178.414881707955,-0.5170931294084467,-284790.6089666248,-5.418390581556788,24.84208523592085,0.9161059811984376,3.008868770137898,28479060.89666248,541.8390581556788,619.414822323516,48150.53037178988,52560.0,31536000.0,08-19,2022.0,5.0,0.0,0.0,10.0,42.0,20.0,15.0,Eplus-env-08-19_thermostat_rbc_eco_year_2022_case_5_rep_0_zone_0_onoffseed_10_tempseed_42_comforttemp_20_setbacktemp_15_paper2_final_runs_v4-res1
0,80013.91937248234,0.0,221699.06807003485,141685.1486975525,-416035.17032486177,-7.915433225358861,1122.7081352165694,0.0213605048557185,-27057.888801665176,-0.5148000152523816,-33681.24405649708,-0.6408151456715578,-323517.89408456883,-6.155211074668356,11.615296803652967,0.5148000152523816,2.169099407168764,32351789.40845688,615.5211074668356,686.9204910956609,27057.888801665176,52560.0,31536000.0,08-19,2022.0,6.0,0.0,0.0,10.0,15.0,20.0,13.0,Eplus-env-08-19_thermostat_rbc_eco_year_2022_case_6_rep_0_zone_0_onoffseed_10_tempseed_15_comforttemp_20_setbacktemp_13_paper2_final_runs_v4-res1
0,60335.25801030226,0.0,152051.72325697023,91716.46524666795,-456646.7523951837,-8.688104117107757,771.4265554363494,0.0146770653621832,-70018.03500035046,-1.3321543949838368,-23142.796663090485,-0.4403119608654963,-337268.442816605,-6.416827298641647,27.646499238965,1.3321543949838368,4.15537544278566,33726844.2816605,641.6827298641647,716.0404645303348,70018.03500035046,52560.0,31536000.0,08-19,2022.0,6.0,0.0,0.0,15.0,42.0,20.0,13.0,Eplus-env-08-19_thermostat_rbc_eco_year_2022_case_6_rep_0_zone_0_onoffseed_15_tempseed_42_comforttemp_20_setbacktemp_13_paper2_final_runs_v4-res1
0,64608.15004930834,0.0,163215.7243646826,98607.57431537424,-454130.2483639783,-8.64022542549426,824.793274758988,0.0156924139033293,-65344.93540889243,-1.243244585405107,-24743.79824276964,-0.4707724170998789,-335929.38539974665,-6.39135055935591,27.0072298325723,1.243244585405107,3.782687439193977,33592938.53997467,639.135055935591,715.3967251608326,65344.93540889243,52560.0,31536000.0,08-19,2022.0,6.0,0.0,0.0,15.0,42.0,20.0,15.0,Eplus-env-08-19_thermostat_rbc_eco_year_2022_case_6_rep_0_zone_0_onoffseed_15_tempseed_42_comforttemp_20_setbacktemp_15_paper2_final_runs_v4-res1
0,17505.316010994728,0.0,44829.90478816103,27324.588777166307,-75803.72212598856,-1.442232156126114,218.7299660798744,0.0041615290350052,-20105.27691054719,-0.3825204891656619,-6561.898982396231,-0.1248458710501566,-41377.346186846575,-0.7872402242550718,28.323820395738203,0.3825204891656619,1.0817322928111202,4137734.618684657,78.72402242550716,118.00502148904462,20105.27691054719,52560.0,31536000.0,08-19,2022.0,14.0,0.0,0.0,10.0,42.0,20.0,17.0,Eplus-env-08-19_thermostat_rbc_eco_year_2022_case_14_rep_0_zone_0_onoffseed_10_tempseed_42_comforttemp_20_setbacktemp_17_paper2_final_runs_v4-res1
0,5282.5577506734735,0.0,36067.57699432305,30785.01924364958,-53948.93816965693,-1.0264257642628791,235.03513829508503,0.0044717492065274,-8904.60770519221,-0.1694179548172033,-7051.054148852552,-0.1341524761958248,-40722.66996863876,-0.7747844362374193,9.374048706240488,0.1694179548172033,0.7297688007456462,4072266.996863876,77.47844362374192,116.13553902486083,8904.60770519221,52560.0,31536000.0,08-19,2023.0,14.0,0.0,0.0,10.0,30.0,20.0,17.0,Eplus-env-08-19_thermostat_rbc_eco_year_2023_case_14_rep_0_zone_0_onoffseed_10_tempseed_30_comforttemp_20_setbacktemp_17_paper2_final_runs_v4-res1
0,41621.93452216139,41621.93452216139,0.0,0.0,-447228.50359558273,-8.508913690935744,1344.3646028628916,0.0255777131442711,-117493.37007807542,-2.235414194788345,-40330.93808588674,-0.7673313943281344,-295684.2288849271,-5.625651234492525,41.006468797564686,2.235414194788345,4.1435796066504285,29568422.88849271,562.5651234492525,626.2919151130667,117493.37007807542,52560.0,31536000.0,08-18,2023.0,0.0,0.0,9.0,5.0,42.0,20.0,13.0,Eplus-env-08-18_thermostat_rbc_eco_year_2023_case_0_rep_0_zone_9_onoffseed_5_tempseed_42_comforttemp_20_setbacktemp_13_paper2_final_runs_v4-res1
0,6120.782783414432,0.0,40970.387231624845,34849.60444821041,-50810.8866448723,-0.9667215876117256,264.3589552466043,0.005029660487949,-5336.503562328421,-0.1015316507292317,-7930.768657398127,-0.1508898146384727,-40466.970687432535,-0.7699195336269508,6.950152207001523,0.1015316507292317,0.5400087674722973,4046697.068743254,76.9919533626951,115.26642934161448,5336.503562328421,52560.0,31536000.0,08-19,2023.0,14.0,0.0,0.0,10.0,10.0,20.0,13.0,Eplus-env-08-19_thermostat_rbc_eco_year_2023_case_14_rep_0_zone_0_onoffseed_10_tempseed_10_comforttemp_20_setbacktemp_13_paper2_final_runs_v4-res1
0,9227.798056425272,0.0,23468.305501107585,14240.507444682316,-106657.50403669832,-2.0292523599067414,114.70893064493713,0.0021824377976586,-58385.82620674266,-1.1108414422896244,-3441.267919348113,-0.0654731339297586,-40722.41623999416,-0.7747796088278951,32.27168949771689,1.1108414422896244,2.5091249774798623,4072241.623999416,77.47796088278949,116.22888559820356,58385.82620674266,52560.0,31536000.0,08-19,2022.0,14.0,0.0,9.0,5.0,42.0,20.0,13.0,Eplus-env-08-19_thermostat_rbc_eco_year_2022_case_14_rep_0_zone_9_onoffseed_5_tempseed_42_comforttemp_20_setbacktemp_13_paper2_final_runs_v4-res1
0,46318.647271717,0.0,122395.56368099868,76076.91640928168,-531606.3961946279,-10.114276944342237,602.9698911041712,0.0114720298916318,-94962.74271306046,-1.8067492905833424,-18089.09673312513,-0.3441608967489561,-398750.3681485757,-7.58657473646453,37.51902587519026,1.8067492905833424,3.5616531721021203,39875036.81485757,758.657473646453,816.4990010980991,94962.74271306046,52560.0,31536000.0,08-19,2022.0,7.0,0.0,9.0,5.0,42.0,21.0,13.0,Eplus-env-08-19_thermostat_rbc_eco_year_2022_case_7_rep_0_zone_9_onoffseed_5_tempseed_42_comforttemp_21_setbacktemp_13_paper2_final_runs_v4-res1
0,32436.398745087296,0.0,80919.38766228654,48482.98891719925,-94944.61373220869,-1.806404370856329,406.6768640738687,0.0077373832586352,-27163.7662401463,-0.5168144261823877,-12200.30592221606,-0.2321214977590574,-41244.62967870647,-0.7847151765355113,28.25342465753425,0.5168144261823877,1.6583416431422555,4124462.967870647,78.47151765355112,117.47724133776312,27163.7662401463,52560.0,31536000.0,08-19,2022.0,9.0,0.0,0.0,15.0,42.0,20.0,13.0,Eplus-env-08-19_thermostat_rbc_eco_year_2022_case_9_rep_0_zone_0_onoffseed_15_tempseed_42_comforttemp_20_setbacktemp_13_paper2_final_runs_v4-res1
0,69395.64196901803,0.0,179381.71356944076,109986.07160042271,-321665.68753215665,-6.119971223975584,889.0497795692509,0.0169149501440116,-0.4453139427466297,-8.472487495179408e-06,-26671.493387077528,-0.5074485043203487,-264892.6675233602,-5.03981483111416,0.0019025875190258,8.472487495179408e-06,0.001942381277789,26489266.752336025,503.981483111416,593.0399040303082,0.4453139427466297,52560.0,31536000.0,08-19,2022.0,10.0,0.0,0.0,5.0,10.0,20.0,15.0,Eplus-env-08-19_thermostat_rbc_eco_year_2022_case_10_rep_0_zone_0_onoffseed_5_tempseed_10_comforttemp_20_setbacktemp_15_paper2_final_runs_v4-res1
0,11021.92874122219,0.0,71118.75260963685,60096.82386841465,-370381.7706155274,-7.046837340478071,478.7198271828006,0.0091080636830822,-71688.51612390098,-1.363936760348192,-14361.59481548402,-0.2732419104924661,-289676.2145884326,-5.511343504346129,36.49733637747337,1.363936760348192,2.5244305337111146,28967621.45884326,551.134350434613,619.4721796184538,71688.51612390098,52560.0,31536000.0,08-19,2023.0,10.0,0.0,9.0,5.0,42.0,20.0,17.0,Eplus-env-08-19_thermostat_rbc_eco_year_2023_case_10_rep_0_zone_9_onoffseed_5_tempseed_42_comforttemp_20_setbacktemp_17_paper2_final_runs_v4-res1
0,22080.879154787493,0.0,55669.57399771338,33588.694842925885,-106509.44438029922,-2.026435395363379,274.58726610913703,0.0052242630538268,-47452.02139778746,-0.9028162366397918,-8237.61798327411,-0.1567278916148042,-40993.05574598012,-0.7799287622903371,28.51027397260274,0.9028162366397918,2.154738196881956,4099305.574598013,77.99287622903373,117.03340493979444,47452.02139778746,52560.0,31536000.0,08-19,2022.0,9.0,0.0,9.0,5.0,42.0,19.0,13.0,Eplus-env-08-19_thermostat_rbc_eco_year_2022_case_9_rep_0_zone_9_onoffseed_5_tempseed_42_comforttemp_19_setbacktemp_13_paper2_final_runs_v4-res1
0,88872.85392404407,88872.85392404407,0.0,0.0,-409985.4028514776,-7.800331104480167,2982.164454217759,0.0567382887027732,-22493.061425711945,-0.427950179332419,-89464.93362653277,-1.7021486610831955,-314785.45963050524,-5.989068866638228,12.022450532724504,0.427950179332419,1.556630164942035,31478545.96305052,598.9068866638227,676.353243966789,22493.061425711945,52560.0,31536000.0,08-19,2023.0,1.0,0.0,0.0,10.0,15.0,20.0,17.0,Eplus-env-08-19_thermostat_rbc_eco_year_2023_case_1_rep_0_zone_0_onoffseed_10_tempseed_15_comforttemp_20_setbacktemp_17_paper2_final_runs_v4-res1
0,71405.42529782157,71405.42529782157,0.0,0.0,-379526.4811727237,-7.220823462190329,2347.169881361997,0.0446569612131277,-98.89288640062132,-0.0018815237138626,-70415.09644085991,-1.339708836393834,-321010.80985017534,-6.107511602933321,12.463850837138509,0.0018815237138626,0.0093755338659508,32101080.98501753,610.751160293332,694.6050656586566,98.89288640062132,52560.0,31536000.0,08-19,2023.0,1.0,0.0,0.0,5.0,42.0,20.0,15.0,Eplus-env-08-19_thermostat_rbc_eco_year_2023_case_1_rep_0_zone_0_onoffseed_5_tempseed_42_comforttemp_20_setbacktemp_15_paper2_final_runs_v4-res1
0,44485.330512269866,44485.330512269866,0.0,0.0,-486469.9981184528,-9.255517468007092,1458.8069802726511,0.0277550795333457,-111888.64636816582,-2.128779421007721,-43764.20940817954,-0.8326523860003717,-338187.902858199,-6.434320830635445,40.445205479452056,2.128779421007721,4.041628946925389,33818790.2858199,643.4320830635446,702.8539497469759,111888.64636816582,52560.0,31536000.0,08-19,2023.0,1.0,0.0,9.0,5.0,42.0,21.0,13.0,Eplus-env-08-19_thermostat_rbc_eco_year_2023_case_1_rep_0_zone_9_onoffseed_5_tempseed_42_comforttemp_21_setbacktemp_13_paper2_final_runs_v4-res1
0,116658.74573422136,116658.74573422136,0.0,0.0,-469246.578795461,-8.92782684161836,2359.2684846203647,0.0448871477286979,-46311.72133627372,-0.881121029989987,-70778.05453861093,-1.3466144318609383,-327496.3375740208,-6.230904443950167,15.02283105022831,0.881121029989987,3.0348563095027665,32749633.75740208,623.0904443950167,701.6568667968371,46311.72133627372,52560.0,31536000.0,08-19,2022.0,1.0,0.0,0.0,15.0,10.0,20.0,15.0,Eplus-env-08-19_thermostat_rbc_eco_year_2022_case_1_rep_0_zone_0_onoffseed_15_tempseed_10_comforttemp_20_setbacktemp_15_paper2_final_runs_v4-res1
0,76979.04556957692,76979.04556957692,0.0,0.0,-478964.1912626944,-9.112712923567246,2585.965764605028,0.0492002618836573,-34577.34648403684,-0.6578642786156172,-77578.97293815082,-1.4760078565097188,-381410.2875981868,-7.256664528123797,13.822298325722985,0.6578642786156172,2.401040084553243,38141028.75981867,725.6664528123796,798.9742482378406,34577.34648403684,52560.0,31536000.0,08-19,2023.0,2.0,0.0,0.0,15.0,15.0,20.0,15.0,Eplus-env-08-19_thermostat_rbc_eco_year_2023_case_2_rep_0_zone_0_onoffseed_15_tempseed_15_comforttemp_20_setbacktemp_15_paper2_final_runs_v4-res1
0,9009.323431908137,8543.016947390839,14456.246925304798,13989.9404407875,-100639.21652526676,-1.914749172855152,369.4814794995521,0.0070297085140706,-52530.34182989213,-0.9994357273571562,-11084.44438498656,-0.2108912554221187,-40738.34719573057,-0.7750827092033974,30.07990867579909,0.9994357273571562,2.253994949591289,4073834.719573056,77.50827092033973,116.38533658830988,52530.34182989213,52560.0,31536000.0,08-19,2023.0,4.0,0.0,9.0,5.0,42.0,19.0,13.0,Eplus-env-08-19_thermostat_rbc_eco_year_2023_case_4_rep_0_zone_9_onoffseed_5_tempseed_42_comforttemp_19_setbacktemp_13_paper2_final_runs_v4-res1
0,77928.03272941151,77928.03272941151,0.0,0.0,-439835.8446842277,-8.36826188516415,2577.0178713073005,0.0490300203825589,0.0,0.0,-77310.53613921901,-1.4709006114767695,-376082.9211082962,-7.155306718194372,0.0,0.0,0.0,37608292.110829614,715.5306718194371,797.1102079120631,0.0,52560.0,31536000.0,08-19,2023.0,2.0,0.0,0.0,5.0,30.0,20.0,17.0,Eplus-env-08-19_thermostat_rbc_eco_year_2023_case_2_rep_0_zone_0_onoffseed_5_tempseed_30_comforttemp_20_setbacktemp_17_paper2_final_runs_v4-res1
0,85033.44138244871,85033.44138244871,0.0,0.0,-522174.6197345668,-9.934829142590694,1617.3965306270666,0.030772384524868,-49487.47315072756,-0.9415424876470236,-48521.895918812,-0.9231715357460426,-403121.288188858,-7.669735315617541,35.77435312024353,0.9415424876470236,1.7561317110719086,40312128.8188858,766.9735315617542,834.7068858539268,49487.47315072756,52560.0,31536000.0,08-19,2022.0,2.0,0.0,9.0,5.0,42.0,19.0,17.0,Eplus-env-08-19_thermostat_rbc_eco_year_2022_case_2_rep_0_zone_9_onoffseed_5_tempseed_42_comforttemp_19_setbacktemp_17_paper2_final_runs_v4-res1
0,41859.512504744736,41393.20602022744,14456.246925304797,13989.9404407875,-73778.57461075665,-1.4037019522594492,1471.9513813284814,0.0280051632672846,-5112.829177903568,-0.0972760498079065,-44158.541439854445,-0.8401548980185397,-34420.478252721434,-0.6548797232252936,6.230974124809741,0.0972760498079065,0.5345727148367982,3442047.825272144,65.48797232252937,98.92344509026545,5112.829177903568,52560.0,31536000.0,08-19,2023.0,3.0,0.0,0.0,10.0,15.0,20.0,17.0,Eplus-env-08-19_thermostat_rbc_eco_year_2023_case_3_rep_0_zone_0_onoffseed_10_tempseed_15_comforttemp_20_setbacktemp_17_paper2_final_runs_v4-res1
0,36297.8502685451,35831.5437840278,14456.246925304797,13989.9404407875,-73704.32930860472,-1.4022893704072434,1279.778328904025,0.0243489027569259,-9230.700514646163,-0.1756221559103151,-38393.34986712076,-0.730467082707777,-34778.357489261805,-0.6616886889128958,8.548325722983257,0.1756221559103151,0.8260276217245713,3477835.748926181,66.16886889128959,100.1326575438045,9230.700514646163,52560.0,31536000.0,08-19,2023.0,3.0,0.0,0.0,10.0,10.0,20.0,15.0,Eplus-env-08-19_thermostat_rbc_eco_year_2023_case_3_rep_0_zone_0_onoffseed_10_tempseed_10_comforttemp_20_setbacktemp_15_paper2_final_runs_v4-res1
0,34566.21560384345,34099.90911932615,14456.246925304797,13989.9404407875,-76463.79375524426,-1.4547905965609638,1222.5908118639124,0.0232608601952799,-13724.80682665802,-0.2611264616944068,-36677.724355917366,-0.6978258058583974,-34460.36594308192,-0.6556386214437199,10.42047184170472,0.2611264616944068,1.1450409293133417,3446036.5943081914,65.56386214437198,99.08535809257263,13724.80682665802,52560.0,31536000.0,08-19,2023.0,3.0,0.0,0.0,15.0,10.0,20.0,15.0,Eplus-env-08-19_thermostat_rbc_eco_year_2023_case_3_rep_0_zone_0_onoffseed_15_tempseed_10_comforttemp_20_setbacktemp_15_paper2_final_runs_v4-res1
0,48735.01356713759,0.0,128971.58393068484,80236.57036354726,-506151.6331457888,-9.62997779957741,636.4081538748569,0.012108222105686,-123482.13329325,-2.349355656264269,-19092.24461624571,-0.3632466631705804,-342799.3852532636,-6.522058319126019,42.55327245053272,2.349355656264269,4.306875049941656,34279938.52532635,652.2058319126018,713.8856109290505,123482.13329325,52560.0,31536000.0,08-19,2022.0,6.0,0.0,9.0,5.0,42.0,21.0,13.0,Eplus-env-08-19_thermostat_rbc_eco_year_2022_case_6_rep_0_zone_9_onoffseed_5_tempseed_42_comforttemp_21_setbacktemp_13_paper2_final_runs_v4-res1
0,75662.07398974174,0.0,209400.02091814933,133737.9469284076,-420299.933503048,-7.996574077303045,1054.7719965357978,0.0200679603602701,-31621.962541585668,-0.6016355125872463,-31643.15989607394,-0.6020388108081038,-326778.8282304548,-6.217253200731635,12.728310502283104,0.6016355125872463,2.2501468689914663,32677882.82304547,621.7253200731634,694.1641236211946,31621.962541585668,52560.0,31536000.0,08-19,2022.0,6.0,0.0,0.0,10.0,10.0,20.0,15.0,Eplus-env-08-19_thermostat_rbc_eco_year_2022_case_6_rep_0_zone_0_onoffseed_10_tempseed_10_comforttemp_20_setbacktemp_15_paper2_final_runs_v4-res1
0,41554.58624675617,0.0,102981.03860575122,61426.45235899504,-79577.0722286819,-1.5140234442291076,522.8482264833567,0.0099476451005204,-5551.472426761109,-0.1056216215137197,-15685.446794500698,-0.2984293530156145,-40029.79279344957,-0.7616018415800907,6.504946727549467,0.1056216215137197,0.6420300063594613,4002979.279344957,76.16018415800907,114.1867764507959,5551.472426761109,52560.0,31536000.0,08-19,2022.0,9.0,0.0,0.0,15.0,10.0,20.0,17.0,Eplus-env-08-19_thermostat_rbc_eco_year_2022_case_9_rep_0_zone_0_onoffseed_15_tempseed_10_comforttemp_20_setbacktemp_17_paper2_final_runs_v4-res1
0,29080.07407121975,0.0,73005.76617325813,43925.69210203837,-102782.54773159846,-1.9555279248782047,364.207364232613,0.0069293638552628,-38425.98446606346,-0.731087984514145,-10926.220926978393,-0.2078809156578842,-40566.15466787013,-0.7718065956596296,29.78881278538813,0.731087984514145,1.5922801070222528,4056615.4667870137,77.18065956596297,115.80205314610993,38425.98446606346,52560.0,31536000.0,08-19,2022.0,9.0,0.0,9.0,5.0,42.0,20.0,17.0,Eplus-env-08-19_thermostat_rbc_eco_year_2022_case_9_rep_0_zone_9_onoffseed_5_tempseed_42_comforttemp_20_setbacktemp_17_paper2_final_runs_v4-res1
0,3254.527572636502,0.0,23550.727291103896,20296.19971846739,-91652.000201902,-1.7437595167789577,160.1692399520446,0.0030473599686462,-48641.68954011038,-0.9254507142334548,-4805.077198561337,-0.0914207990593861,-40347.78165461768,-0.7676518579645678,32.29071537290715,0.9254507142334548,1.876089973234785,4034778.165461768,76.76518579645678,115.19138209291414,48641.68954011038,52560.0,31536000.0,08-19,2023.0,14.0,0.0,9.0,5.0,42.0,20.0,17.0,Eplus-env-08-19_thermostat_rbc_eco_year_2023_case_14_rep_0_zone_9_onoffseed_5_tempseed_42_comforttemp_20_setbacktemp_17_paper2_final_runs_v4-res1
0,16354.419766614585,0.0,110060.28816963913,93705.86840302456,-47376.62284599758,-0.9013817132039114,713.043712992109,0.0135662806885865,-0.8242376364322084,-1.5681842397873067e-05,-21391.31138976327,-0.4069884206575964,-33996.24779729376,-0.64680836752842,0.0057077625570776,1.5681842397873067e-05,0.0021544629610565,3399624.7797293765,64.68083675284203,97.39324745984956,0.8242376364322084,52560.0,31536000.0,08-19,2023.0,8.0,0.0,0.0,5.0,15.0,20.0,17.0,Eplus-env-08-19_thermostat_rbc_eco_year_2023_case_8_rep_0_zone_0_onoffseed_5_tempseed_15_comforttemp_20_setbacktemp_17_paper2_final_runs_v4-res1
0,42904.60431985205,0.0,115371.03740826812,72466.43308841609,-79353.50052765483,-1.509769796949293,578.320087507322,0.0110030458049338,-3661.403530449132,-0.0696614065914979,-17349.602625219657,-0.3300913741480147,-40591.84020313475,-0.7722952854477693,4.585235920852359,0.0696614065914979,0.5500064779728702,4059184.0203134734,77.22952854477691,115.34376181979002,3661.403530449132,52560.0,31536000.0,08-19,2022.0,9.0,0.0,0.0,10.0,15.0,20.0,15.0,Eplus-env-08-19_thermostat_rbc_eco_year_2022_case_9_rep_0_zone_0_onoffseed_10_tempseed_15_comforttemp_20_setbacktemp_15_paper2_final_runs_v4-res1
0,40680.30899118473,30691.599135959936,23978.650296012293,13989.9404407875,-106802.83933832675,-2.0320174912162625,713.6242613834429,0.0135773261298219,-31914.390545843493,-0.6071992112983922,-21408.72784150329,-0.4073197838946593,-41607.888006795045,-0.7916264841475465,29.398782343987826,0.6071992112983922,1.860535525117588,4160788.800679505,79.16264841475466,118.55480202595936,31914.390545843493,52560.0,31536000.0,08-19,2022.0,4.0,0.0,0.0,15.0,42.0,20.0,13.0,Eplus-env-08-19_thermostat_rbc_eco_year_2022_case_4_rep_0_zone_0_onoffseed_15_tempseed_42_comforttemp_20_setbacktemp_13_paper2_final_runs_v4-res1
0,16090.43403790602,0.0,111162.07473973074,95071.64070182473,-438599.5535410931,-8.344740364176047,705.4906968451692,0.0134225779460648,-37995.77888769515,-0.7229029468739565,-21164.72090535508,-0.4026773383819459,-387440.19056698703,-7.371388709417562,13.911719939117198,0.7229029468739565,2.434310927080799,38744019.0566987,737.1388709417562,805.0226139103078,37995.77888769515,52560.0,31536000.0,08-19,2023.0,12.0,0.0,0.0,10.0,30.0,20.0,15.0,Eplus-env-08-19_thermostat_rbc_eco_year_2023_case_12_rep_0_zone_0_onoffseed_10_tempseed_30_comforttemp_20_setbacktemp_15_paper2_final_runs_v4-res1
0,8860.30284118163,0.0,59376.62209737442,50516.31925619279,-48637.578512389446,-0.9253724983331324,381.0329810983696,0.0072494859417498,-7496.148690884291,-0.142620789400386,-11430.989432951088,-0.217484578252494,-33892.81606713447,-0.6448404883396969,8.009893455098934,0.142620789400386,0.6898211003260121,3389281.606713448,64.4840488339697,97.63399521265438,7496.148690884291,52560.0,31536000.0,08-19,2023.0,13.0,0.0,0.0,10.0,10.0,20.0,15.0,Eplus-env-08-19_thermostat_rbc_eco_year_2023_case_13_rep_0_zone_0_onoffseed_10_tempseed_10_comforttemp_20_setbacktemp_15_paper2_final_runs_v4-res1
0,53676.59778108364,0.0,138210.47850690366,84533.88072582004,-495161.51236049656,-9.420881133190576,685.5148168839378,0.0130425193471068,-48670.70808990783,-0.9260028175401032,-20565.44450651813,-0.3912755804132065,-402577.9796258841,-7.659398394708601,35.742009132420094,0.9260028175401032,1.7340270263350075,40257797.962588415,765.9398394708602,833.5410932091527,48670.70808990783,52560.0,31536000.0,08-19,2022.0,7.0,0.0,9.0,5.0,42.0,19.0,17.0,Eplus-env-08-19_thermostat_rbc_eco_year_2022_case_7_rep_0_zone_9_onoffseed_5_tempseed_42_comforttemp_19_setbacktemp_17_paper2_final_runs_v4-res1
0,88135.83924529345,88135.83924529345,0.0,0.0,-440825.6364277025,-8.38709353933985,1675.130104900701,0.0318708163032857,-25103.58430891952,-0.4776176618896408,-50253.90314702104,-0.9561244890985738,-343618.1220322084,-6.537635502895898,32.13470319634703,0.4776176618896408,0.9235410285899806,34361812.203220844,653.7635502895898,728.5924093788545,25103.58430891952,52560.0,31536000.0,08-19,2022.0,1.0,0.0,9.0,5.0,42.0,18.0,17.0,Eplus-env-08-19_thermostat_rbc_eco_year_2022_case_1_rep_0_zone_9_onoffseed_5_tempseed_42_comforttemp_18_setbacktemp_17_paper2_final_runs_v4-res1
0,53762.61345040811,53762.61345040811,0.0,0.0,-411780.3189197425,-7.834480953571965,1738.3186913433813,0.0330730344623931,-26888.003269430086,-0.5115677943194461,-52149.56074030143,-0.9921910338717927,-340909.12158653355,-6.4860943985261335,32.91095890410959,0.5115677943194461,0.9636299755254802,34090912.15865335,648.6094398526131,722.0625197645418,26888.003269430086,52560.0,31536000.0,08-19,2023.0,1.0,0.0,9.0,5.0,42.0,18.0,17.0,Eplus-env-08-19_thermostat_rbc_eco_year_2023_case_1_rep_0_zone_9_onoffseed_5_tempseed_42_comforttemp_18_setbacktemp_17_paper2_final_runs_v4-res1
0,35248.143671399004,35248.143671399004,0.0,0.0,-474147.1916295775,-9.02106528975604,1129.5483652927326,0.0214906462194203,-98252.69826987085,-1.8693435743887143,-33886.45095878198,-0.64471938658261,-347057.9870221351,-6.603081944865584,37.402968036529685,1.8693435743887143,3.613093187700511,34705798.70221352,660.3081944865586,722.1885915042633,98252.69826987085,52560.0,31536000.0,08-19,2023.0,1.0,0.0,9.0,5.0,42.0,19.0,13.0,Eplus-env-08-19_thermostat_rbc_eco_year_2023_case_1_rep_0_zone_9_onoffseed_5_tempseed_42_comforttemp_19_setbacktemp_13_paper2_final_runs_v4-res1
0,7519.443884630195,0.0,55450.80986438703,47931.36597975685,-73196.37731022734,-1.392625139083473,372.3619043037268,0.0070845111168897,-26234.69129319273,-0.4991379621992528,-11170.857129111804,-0.2125353335066933,-40810.02897501864,-0.776446517789548,28.5730593607306,0.4991379621992528,1.477401025133693,4081002.897501865,77.64465177895481,116.3538722710091,26234.69129319273,52560.0,31536000.0,08-19,2023.0,9.0,0.0,0.0,15.0,42.0,20.0,15.0,Eplus-env-08-19_thermostat_rbc_eco_year_2023_case_9_rep_0_zone_0_onoffseed_15_tempseed_42_comforttemp_20_setbacktemp_15_paper2_final_runs_v4-res1
0,50069.73271305301,0.0,126602.20363278508,76532.47091973205,-81950.32966723431,-1.5591767440493591,630.0903251034252,0.0119880198840073,-8.630895739346812,-0.0001642103451169,-18902.70975310276,-0.3596405965202198,-40979.6504389463,-0.7796737145918246,0.030441400304414,0.0001642103451169,0.0125857199473761,4097965.043894629,77.96737145918243,116.357127000027,8.630895739346812,52560.0,31536000.0,08-19,2022.0,9.0,0.0,0.0,5.0,15.0,20.0,15.0,Eplus-env-08-19_thermostat_rbc_eco_year_2022_case_9_rep_0_zone_0_onoffseed_5_tempseed_15_comforttemp_20_setbacktemp_15_paper2_final_runs_v4-res1
0,45072.9672927924,0.0,114092.57993591749,69019.61264312507,-84131.25793568756,-1.6006708130838578,565.0209957753441,0.0107500189454974,-12117.450347340487,-0.2305450979326576,-16950.629873260328,-0.3225005683649225,-35139.61304611363,-0.668561892049346,28.13926940639269,0.2305450979326576,0.5422926349987912,3513961.304611363,66.85618920493461,101.415827993822,12117.450347340487,52560.0,31536000.0,08-19,2022.0,8.0,0.0,0.0,5.0,42.0,20.0,17.0,Eplus-env-08-19_thermostat_rbc_eco_year_2022_case_8_rep_0_zone_0_onoffseed_5_tempseed_42_comforttemp_20_setbacktemp_17_paper2_final_runs_v4-res1
0,46820.36475541937,36831.65490019457,23978.650296012293,13989.9404407875,-91493.8682487558,-1.740750917974806,833.0780649280251,0.0158500392870628,-11395.7040960457,-0.2168132438364859,-24992.341947840752,-0.4755011786118864,-41794.4237463015,-0.795175489845919,26.912100456621,0.2168132438364859,0.5505334184793804,4179442.3746301504,79.5175489845919,119.1747014396505,11395.7040960457,52560.0,31536000.0,08-19,2022.0,4.0,0.0,0.0,5.0,42.0,20.0,15.0,Eplus-env-08-19_thermostat_rbc_eco_year_2022_case_4_rep_0_zone_0_onoffseed_5_tempseed_42_comforttemp_20_setbacktemp_15_paper2_final_runs_v4-res1
0,31550.8223885278,31084.515904010503,14456.246925304797,13989.9404407875,-76120.54945583749,-1.448260073360683,1108.4828732858036,0.0210898567976751,-15038.142941781947,-0.2861138307036139,-33254.486198574115,-0.6326957039302533,-35270.67871800095,-0.6710555311644016,29.621385083713854,0.2861138307036139,0.6755607863000072,3527067.871800096,67.10555311644016,101.81307605584142,15038.142941781947,52560.0,31536000.0,08-19,2023.0,3.0,0.0,0.0,5.0,42.0,20.0,17.0,Eplus-env-08-19_thermostat_rbc_eco_year_2023_case_3_rep_0_zone_0_onoffseed_5_tempseed_42_comforttemp_20_setbacktemp_17_paper2_final_runs_v4-res1
0,55330.57097092245,55330.57097092245,0.0,0.0,-543550.8674507143,-10.341530963674169,1024.5101838750684,0.019492202889556,-90632.37455842578,-1.7243602465453916,-30735.30551625205,-0.584766086686683,-407652.55278097687,-7.755946590201234,36.71613394216134,1.7243602465453916,3.4578347257075253,40765255.27809769,775.5946590201235,836.5448974466107,90632.37455842578,52560.0,31536000.0,08-19,2022.0,2.0,0.0,9.0,5.0,42.0,19.0,13.0,Eplus-env-08-19_thermostat_rbc_eco_year_2022_case_2_rep_0_zone_9_onoffseed_5_tempseed_42_comforttemp_19_setbacktemp_13_paper2_final_runs_v4-res1
0,24891.453239725102,0.0,143467.09000323486,118575.63676350976,-442561.500189508,-8.420119866619254,941.375695647801,0.017910496492538,-36404.36341847325,-0.6926248747806933,-28241.27086943404,-0.5373148947761422,-385793.43887561554,-7.34005781726818,15.312024353120243,0.6926248747806933,2.2226127984638566,38579343.88756156,734.0057817268181,806.5205590260579,36404.36341847325,52560.0,31536000.0,08-19,2023.0,7.0,0.0,0.0,15.0,10.0,20.0,17.0,Eplus-env-08-19_thermostat_rbc_eco_year_2023_case_7_rep_0_zone_0_onoffseed_15_tempseed_10_comforttemp_20_setbacktemp_17_paper2_final_runs_v4-res1
0,59923.22756334945,49934.51770812464,23978.650296012293,13989.9404407875,-103942.45983844469,-1.9775962678547312,1092.2542912860786,0.0207810938220334,-19729.126716023547,-0.3753639025118635,-32767.62873858236,-0.6234328146610036,-35190.140652844944,-0.6695232239886786,12.45814307458143,0.3753639025118635,1.492240817494786,3519014.065284495,66.95232239886786,101.31096825233962,19729.126716023547,52560.0,31536000.0,08-19,2022.0,3.0,0.0,0.0,15.0,30.0,20.0,17.0,Eplus-env-08-19_thermostat_rbc_eco_year_2022_case_3_rep_0_zone_0_onoffseed_15_tempseed_30_comforttemp_20_setbacktemp_17_paper2_final_runs_v4-res1
0,57869.55497527468,0.0,142210.035383042,84340.48040776733,-357881.5329785008,-6.809009379347427,719.5260425346451,0.0136896126814049,-34189.711389670774,-0.6504891816908442,-21585.78127603936,-0.4106883804421491,-276348.73866355786,-5.257776610798285,13.89269406392694,0.6504891816908442,2.229644175558503,27634873.866355784,525.7776610798285,607.0536472376664,34189.711389670774,52560.0,31536000.0,08-19,2022.0,10.0,0.0,0.0,15.0,10.0,20.0,17.0,Eplus-env-08-19_thermostat_rbc_eco_year_2022_case_10_rep_0_zone_0_onoffseed_15_tempseed_10_comforttemp_20_setbacktemp_17_paper2_final_runs_v4-res1
0,18706.33850079197,0.0,124197.13325030931,105490.79474951736,-275624.55118266906,-5.243998310172547,799.9184610195653,0.0152191488017421,0.0,0.0,-23997.55383058696,-0.4565744640522633,-260320.8956551712,-4.952832870151658,0.0,0.0,0.0,26032089.56551712,495.28328701516574,585.8724928969126,0.0,52560.0,31536000.0,08-19,2023.0,10.0,0.0,0.0,5.0,10.0,20.0,17.0,Eplus-env-08-19_thermostat_rbc_eco_year_2023_case_10_rep_0_zone_0_onoffseed_5_tempseed_10_comforttemp_20_setbacktemp_17_paper2_final_runs_v4-res1
0,83926.01750449851,73937.30764927372,23978.650296012293,13989.9404407875,-103967.4573646131,-1.978071867667677,1618.311580310551,0.0307897941459389,-1.4827330872941964,-2.821029465932641e-05,-48549.34740931655,-0.9236938243781688,-35306.09971109559,-0.6717294465581353,0.0076103500761035,2.821029465932641e-05,0.0034688305234196,3530609.97110956,67.17294465581354,100.9311565234774,1.4827330872941964,52560.0,31536000.0,08-19,2022.0,3.0,0.0,0.0,5.0,15.0,20.0,17.0,Eplus-env-08-19_thermostat_rbc_eco_year_2022_case_3_rep_0_zone_0_onoffseed_5_tempseed_15_comforttemp_20_setbacktemp_17_paper2_final_runs_v4-res1
0,41282.58013584868,40816.27365133139,14456.246925304797,13989.9404407875,-68968.46018990205,-1.3121853156374057,1443.9281954139824,0.0274719976296419,-10.537307649739793,-0.0002004815001853,-43317.84586241948,-0.8241599288892594,-35184.644073114505,-0.6694186467487538,0.030441400304414,0.0002004815001853,0.0190502504050822,3518464.4073114498,66.94186467487538,100.9051066695066,10.537307649739793,52560.0,31536000.0,08-19,2023.0,3.0,0.0,0.0,5.0,10.0,20.0,15.0,Eplus-env-08-19_thermostat_rbc_eco_year_2023_case_3_rep_0_zone_0_onoffseed_5_tempseed_10_comforttemp_20_setbacktemp_15_paper2_final_runs_v4-res1
0,31048.14474284433,30581.83825832704,14456.246925304797,13989.9404407875,-66813.4803824615,-1.271184938783514,1108.457360065751,0.0210893713863346,-35.316827550618896,-0.0006719335530939,-33253.72080197253,-0.6326811415900405,-41377.67634078992,-0.7872465057227914,0.106544901065449,0.0006719335530939,0.0334058655652721,4137767.634078992,78.72465057227915,117.67274047707215,35.316827550618896,52560.0,31536000.0,08-19,2023.0,4.0,0.0,0.0,5.0,10.0,20.0,13.0,Eplus-env-08-19_thermostat_rbc_eco_year_2023_case_4_rep_0_zone_0_onoffseed_5_tempseed_10_comforttemp_20_setbacktemp_13_paper2_final_runs_v4-res1
0,10617.276669935223,0.0,60808.085648811175,50190.80897887595,-48341.35067028806,-0.919736504381432,402.0650594973661,0.0076496396403608,-6316.565367761721,-0.1201781843181453,-12061.951784920984,-0.2294891892108254,-33338.79125885233,-0.6342996814850139,7.100456621004566,0.1201781843181453,0.6771214752523285,3333879.1258852333,63.4299681485014,95.95175865720884,6316.565367761721,52560.0,31536000.0,08-19,2023.0,13.0,0.0,0.0,15.0,15.0,20.0,15.0,Eplus-env-08-19_thermostat_rbc_eco_year_2023_case_13_rep_0_zone_0_onoffseed_15_tempseed_15_comforttemp_20_setbacktemp_15_paper2_final_runs_v4-res1
0,6270.640008207086,0.0,43844.97241744403,37574.33240923694,-67845.10434036957,-1.2908124874499536,286.03426560593624,0.0054420522375558,-28198.24694156083,-0.5364963268942319,-8581.027968178087,-0.1632615671266759,-34516.846808094524,-0.6567132193320876,30.791476407914764,0.5364963268942319,1.4447209072231817,3451684.680809452,65.67132193320876,99.88166074356184,28198.24694156083,52560.0,31536000.0,08-19,2023.0,13.0,0.0,0.0,10.0,42.0,20.0,15.0,Eplus-env-08-19_thermostat_rbc_eco_year_2023_case_13_rep_0_zone_0_onoffseed_10_tempseed_42_comforttemp_20_setbacktemp_15_paper2_final_runs_v4-res1
0,8828.18547029632,0.0,57319.0896798533,48490.90420955698,-41784.49552609645,-0.7949865967674362,372.5347077321981,0.0070877988533523,-56.46670777091681,-0.0010743285344542,-11176.041231965944,-0.2126339656005697,-34505.69028507612,-0.6565009567175821,0.6126331811263318,0.0010743285344542,0.0256286003324325,3450569.028507612,65.65009567175821,99.41972115501832,56.46670777091681,52560.0,31536000.0,08-19,2023.0,13.0,0.0,0.0,5.0,30.0,20.0,15.0,Eplus-env-08-19_thermostat_rbc_eco_year_2023_case_13_rep_0_zone_0_onoffseed_5_tempseed_30_comforttemp_20_setbacktemp_15_paper2_final_runs_v4-res1
0,42974.13408523463,0.0,115528.04611307832,72553.91202784367,-83067.54507062733,-1.5804327448749491,574.4732658919114,0.0109298566569998,-13268.208735157436,-0.2524392833934063,-17234.197976757343,-0.3278956997099951,-34642.19724033944,-0.6590981210110244,9.937214611872143,0.2524392833934063,1.1335368172455875,3464219.7240339434,65.90981210110242,99.9644298134012,13268.208735157436,52560.0,31536000.0,08-19,2022.0,8.0,0.0,0.0,10.0,30.0,20.0,15.0,Eplus-env-08-19_thermostat_rbc_eco_year_2022_case_8_rep_0_zone_0_onoffseed_10_tempseed_30_comforttemp_20_setbacktemp_15_paper2_final_runs_v4-res1
0,11060.04904169045,0.0,83171.00135615203,72110.9523144616,-51932.17400066507,-0.988055060895454,529.2193049181049,0.0100688604436473,-2699.256814185086,-0.0513557232531409,-15876.579147543149,-0.3020658133094206,-40184.69106547302,-0.7645489167707957,4.347412480974125,0.0513557232531409,0.3512788594875795,4018469.106547302,76.45489167707957,114.22554499880398,2699.256814185086,52560.0,31536000.0,08-19,2023.0,9.0,0.0,0.0,10.0,15.0,20.0,17.0,Eplus-env-08-19_thermostat_rbc_eco_year_2023_case_9_rep_0_zone_0_onoffseed_10_tempseed_15_comforttemp_20_setbacktemp_17_paper2_final_runs_v4-res1
0,71938.30816690205,0.0,184215.3608298761,112277.05266297402,-445824.6375221987,-8.482203910239702,910.443135156617,0.0173219774573176,-177.06134586244548,-0.0033687470673981,-27313.294054698512,-0.5196593237195303,-386794.8462649937,-7.359110469273092,16.97869101978691,0.0033687470673981,0.0499220054702564,38679484.62649937,735.9110469273091,811.2361296246719,177.06134586244548,52560.0,31536000.0,08-19,2022.0,7.0,0.0,0.0,5.0,42.0,20.0,13.0,Eplus-env-08-19_thermostat_rbc_eco_year_2022_case_7_rep_0_zone_0_onoffseed_5_tempseed_42_comforttemp_20_setbacktemp_13_paper2_final_runs_v4-res1
0,93205.27999998664,0.0,239315.89716941383,146110.6171694272,-453751.8540623877,-8.633026142739492,1188.0748887515535,0.0226041645500676,-13.291469959615334,-0.0002528818485467,-35642.24666254661,-0.6781249365020283,-377487.32302443904,-7.182026693767866,0.0399543378995433,0.0002528818485467,0.0155856926547527,37748732.30244391,718.2026693767866,796.4588871228111,13.291469959615334,52560.0,31536000.0,08-19,2022.0,7.0,0.0,0.0,5.0,10.0,20.0,13.0,Eplus-env-08-19_thermostat_rbc_eco_year_2022_case_7_rep_0_zone_0_onoffseed_5_tempseed_10_comforttemp_20_setbacktemp_13_paper2_final_runs_v4-res1
0,25169.329220333973,0.0,164912.5150537176,139743.18583338358,-389791.8624742951,-7.416131325614442,1053.484024716983,0.0200434555691967,0.0,0.0,-31604.520741509496,-0.6013036670759037,-369200.8342391399,-7.024368992373286,0.0,0.0,0.0,36920083.42391399,702.4368992373285,783.466056809567,0.0,52560.0,31536000.0,08-19,2023.0,12.0,0.0,0.0,5.0,15.0,20.0,17.0,Eplus-env-08-19_thermostat_rbc_eco_year_2023_case_12_rep_0_zone_0_onoffseed_5_tempseed_15_comforttemp_20_setbacktemp_17_paper2_final_runs_v4-res1
0,57475.86174134763,0.0,148933.7166008278,91457.85485948015,-520550.0380508647,-9.903920054240196,737.1253036331844,0.0140244540265065,-71480.01763570396,-1.359969894134398,-22113.75910899554,-0.4207336207951967,-402049.01792456425,-7.649334435398863,38.67389649923896,1.359969894134398,2.4567908113718664,40204901.79245642,764.9334435398862,830.0071850376854,71480.01763570396,52560.0,31536000.0,08-19,2022.0,7.0,0.0,9.0,5.0,42.0,20.0,17.0,Eplus-env-08-19_thermostat_rbc_eco_year_2022_case_7_rep_0_zone_9_onoffseed_5_tempseed_42_comforttemp_20_setbacktemp_17_paper2_final_runs_v4-res1
0,60917.78490677837,0.0,157409.21231024188,96491.4274034635,-543256.6918983739,-10.335934016331317,778.1686219272135,0.0148053390777628,-93777.90151019672,-1.7842066497373803,-23345.058657816404,-0.4441601723328844,-399641.9505559417,-7.603537872068905,42.01293759512937,1.7842066497373803,3.130366554538661,39964195.05559417,760.3537872068906,824.0742097032902,93777.90151019672,52560.0,31536000.0,08-19,2022.0,7.0,0.0,9.0,5.0,42.0,21.0,17.0,Eplus-env-08-19_thermostat_rbc_eco_year_2022_case_7_rep_0_zone_9_onoffseed_5_tempseed_42_comforttemp_21_setbacktemp_17_paper2_final_runs_v4-res1
0,10941.256390515258,0.0,74313.06101963845,63371.80462912321,-53638.60782414904,-1.0205214578414965,494.1446996758661,0.0094015353819609,-4605.844190670345,-0.0876302167174723,-14824.340990275983,-0.2820460614588277,-40081.72178039816,-0.7625898360045312,5.7914764079147645,0.0876302167174723,0.5793609761569458,4008172.178039817,76.25898360045313,113.94022685448871,4605.844190670345,52560.0,31536000.0,08-19,2023.0,9.0,0.0,0.0,15.0,15.0,20.0,15.0,Eplus-env-08-19_thermostat_rbc_eco_year_2023_case_9_rep_0_zone_0_onoffseed_15_tempseed_15_comforttemp_20_setbacktemp_15_paper2_final_runs_v4-res1
0,12719.988386345252,0.0,84737.3613175096,72017.37293116434,-55240.9243017987,-1.0510069311605537,563.7305178910383,0.0107254664743348,-11067.980988950396,-0.2105780249039268,-16911.915536731154,-0.3217639942300448,-33766.72081397925,-0.6424414157910816,9.859208523592084,0.2105780249039268,0.9357032737005784,3376672.081397925,64.24414157910817,97.2830958835242,11067.980988950396,52560.0,31536000.0,08-19,2023.0,8.0,0.0,0.0,15.0,10.0,20.0,17.0,Eplus-env-08-19_thermostat_rbc_eco_year_2023_case_8_rep_0_zone_0_onoffseed_15_tempseed_10_comforttemp_20_setbacktemp_17_paper2_final_runs_v4-res1
0,6369.847083965844,0.0,37302.593271443664,30932.746187477816,-53109.22034292845,-1.010449397696508,248.58994084489805,0.0047296411880688,-7547.643357642104,-0.1436005205030841,-7457.698225346943,-0.1418892356420651,-40350.40508589389,-0.7677017710405992,8.761415525114154,0.1436005205030841,0.7013972816077392,4035040.508589389,76.77017710405991,114.82715776868324,7547.643357642104,52560.0,31536000.0,08-19,2023.0,14.0,0.0,0.0,15.0,10.0,20.0,17.0,Eplus-env-08-19_thermostat_rbc_eco_year_2023_case_14_rep_0_zone_0_onoffseed_15_tempseed_10_comforttemp_20_setbacktemp_17_paper2_final_runs_v4-res1
0,39069.53935854264,0.0,98998.0229393483,59928.48358080566,-392016.93816596817,-7.458465338013093,490.7515260227841,0.0093369772835385,-67806.38446867991,-1.2900758080038035,-14722.545780683522,-0.2801093185061553,-292247.7635480645,-5.560269473897726,36.53919330289193,1.2900758080038035,2.429908865709118,29224776.354806453,556.0269473897727,626.028885355947,67806.38446867991,52560.0,31536000.0,08-19,2022.0,10.0,0.0,9.0,5.0,42.0,20.0,17.0,Eplus-env-08-19_thermostat_rbc_eco_year_2022_case_10_rep_0_zone_9_onoffseed_5_tempseed_42_comforttemp_20_setbacktemp_17_paper2_final_runs_v4-res1
0,97337.08711455746,97337.08711455746,0.0,0.0,-339689.6262514551,-6.462892432485828,3253.816865370517,0.0619067135724984,0.0,0.0,-97614.5059611155,-1.8572014071749523,-260058.1552830356,-4.9478340046239655,0.0,0.0,0.0,26005815.528303564,494.78340046239657,587.9993981547028,0.0,52560.0,31536000.0,08-18,2023.0,0.0,0.0,0.0,5.0,10.0,20.0,15.0,Eplus-env-08-18_thermostat_rbc_eco_year_2023_case_0_rep_0_zone_0_onoffseed_5_tempseed_10_comforttemp_20_setbacktemp_15_paper2_final_runs_v4-res1
0,173266.5393393414,173266.5393393414,0.0,0.0,-399879.0925602802,-7.608049706245818,3564.1506136748103,0.067811084735061,0.0,0.0,-106924.51841024432,-2.0343325420518323,-258129.7367267649,-4.91114415385778,0.0,0.0,0.0,25812973.67267649,491.114415385778,586.5174202198524,0.0,52560.0,31536000.0,08-18,2022.0,0.0,0.0,0.0,5.0,15.0,20.0,15.0,Eplus-env-08-18_thermostat_rbc_eco_year_2022_case_0_rep_0_zone_0_onoffseed_5_tempseed_15_comforttemp_20_setbacktemp_15_paper2_final_runs_v4-res1
0,33934.30441931909,0.0,87277.40009850108,53343.095679181984,-493023.2296060895,-9.38019843238374,423.95317961548784,0.0080660802818776,-57281.52754980986,-1.089831193870051,-12718.595388464635,-0.2419824084563286,-407980.04761083465,-7.762177465959564,32.726407914764074,1.089831193870051,2.21332118364128,40798004.76108346,776.2177465959562,840.4829514961564,57281.52754980986,52560.0,31536000.0,08-19,2022.0,12.0,0.0,9.0,5.0,42.0,18.0,15.0,Eplus-env-08-19_thermostat_rbc_eco_year_2022_case_12_rep_0_zone_9_onoffseed_5_tempseed_42_comforttemp_18_setbacktemp_15_paper2_final_runs_v4-res1
0,76100.86559756119,0.0,189028.70792157383,112927.84232401269,-395005.48990959214,-7.515325150486912,970.5294322597448,0.0184651718466465,-51067.30790478671,-0.971600226498986,-29115.882967792342,-0.5539551553993977,-281680.0638594406,-5.359209738573832,15.94558599695586,0.971600226498986,3.4122056724820595,28168006.385944057,535.9209738573832,614.2122277964089,51067.30790478671,52560.0,31536000.0,08-19,2022.0,5.0,0.0,0.0,15.0,10.0,20.0,13.0,Eplus-env-08-19_thermostat_rbc_eco_year_2022_case_5_rep_0_zone_0_onoffseed_15_tempseed_10_comforttemp_20_setbacktemp_13_paper2_final_runs_v4-res1
0,12697.06285729042,0.0,77255.72664651707,64558.66378922667,-463187.4743158626,-8.812547076024783,499.55565420811934,0.0095044835275517,-114071.66335047648,-2.1703132296513794,-14986.669626243582,-0.2851345058265521,-338728.3438418369,-6.444603193337841,42.72640791476408,2.1703132296513794,3.843235277831268,33872834.38418368,644.4603193337839,706.0029914369543,114071.66335047648,52560.0,31536000.0,08-19,2023.0,11.0,0.0,9.0,5.0,42.0,21.0,15.0,Eplus-env-08-19_thermostat_rbc_eco_year_2023_case_11_rep_0_zone_9_onoffseed_5_tempseed_42_comforttemp_21_setbacktemp_15_paper2_final_runs_v4-res1
0,10547.11055248003,0.0,67777.48210376975,57230.37155128972,-436368.1526696753,-8.302286009697019,446.4020983450747,0.008493190607783,-82400.75117351345,-1.5677464074108345,-13392.062950352243,-0.2547957182334902,-345338.8103531779,-6.570373104131999,36.95776255707763,1.5677464074108345,2.9570405598905385,34533881.03531779,657.0373104132,721.2681205104844,82400.75117351345,52560.0,31536000.0,08-19,2023.0,11.0,0.0,9.0,5.0,42.0,19.0,15.0,Eplus-env-08-19_thermostat_rbc_eco_year_2023_case_11_rep_0_zone_9_onoffseed_5_tempseed_42_comforttemp_19_setbacktemp_15_paper2_final_runs_v4-res1
0,18342.407063198632,0.0,111027.81723520896,92685.41017201034,-509996.8663016112,-9.703136725677536,719.5241267343669,0.0136895762316279,-97497.02448307144,-1.854966219236519,-21585.723802031003,-0.4106872869488395,-397493.918600137,-7.562669684173079,42.79870624048706,1.854966219236519,3.211032249726502,39749391.86001369,756.2669684173077,819.2818283102026,97497.02448307144,52560.0,31536000.0,08-19,2023.0,7.0,0.0,9.0,5.0,42.0,21.0,17.0,Eplus-env-08-19_thermostat_rbc_eco_year_2023_case_7_rep_0_zone_9_onoffseed_5_tempseed_42_comforttemp_21_setbacktemp_17_paper2_final_runs_v4-res1
0,77280.01867218768,77280.01867218768,0.0,0.0,-389264.7331316335,-7.406102228531839,2578.43241941393,0.0490569333982863,-50722.78718509836,-0.9650454182857374,-77352.97258241789,-1.47170800194859,-275319.1626708183,-5.238188026461535,16.014079147640793,0.9650454182857374,3.149259888943416,27531916.26708183,523.8188026461536,606.065482767028,50722.78718509836,52560.0,31536000.0,08-18,2023.0,0.0,0.0,0.0,15.0,10.0,20.0,15.0,Eplus-env-08-18_thermostat_rbc_eco_year_2023_case_0_rep_0_zone_0_onoffseed_15_tempseed_10_comforttemp_20_setbacktemp_15_paper2_final_runs_v4-res1
0,19431.95157984751,0.0,49705.693401240525,30273.741821393018,-66685.7702834753,-1.268755142379667,240.6474287298601,0.004578527943871,-9326.764177661726,-0.1774498511731683,-7219.422861895804,-0.1373558383161302,-41461.72651834033,-0.7888456339105846,26.025494672754945,0.1774498511731683,0.4343641889420843,4146172.651834033,78.88456339105846,118.20658010477716,9326.764177661726,52560.0,31536000.0,08-19,2022.0,14.0,0.0,0.0,5.0,42.0,20.0,17.0,Eplus-env-08-19_thermostat_rbc_eco_year_2022_case_14_rep_0_zone_0_onoffseed_5_tempseed_42_comforttemp_20_setbacktemp_17_paper2_final_runs_v4-res1
0,16813.845827979276,0.0,43205.275910700846,26391.43008272157,-76496.38501915417,-1.455410673880407,210.3537637287098,0.0040021644545036,-21389.74077808549,-0.4069585383958427,-6310.612911861292,-0.1200649336351082,-41351.23696919884,-0.7867434735387908,28.37138508371385,0.4069585383958427,1.2127954808964208,4135123.696919884,78.67434735387907,117.9134041432718,21389.74077808549,52560.0,31536000.0,08-19,2022.0,14.0,0.0,0.0,10.0,42.0,20.0,15.0,Eplus-env-08-19_thermostat_rbc_eco_year_2022_case_14_rep_0_zone_0_onoffseed_10_tempseed_42_comforttemp_20_setbacktemp_15_paper2_final_runs_v4-res1
0,82273.00102301332,0.0,211162.85230781249,128889.85128479917,-449468.726450868,-8.551535891378766,1045.1463116575108,0.019884823281155,-36.70324967851683,-0.0006983114474603,-31354.389349725327,-0.5965446984346523,-382124.4810642622,-7.270252683871047,0.0818112633181126,0.0006983114474603,0.0324772068372779,38212448.106426224,727.0252683871047,804.148628015311,36.70324967851683,52560.0,31536000.0,08-19,2022.0,7.0,0.0,0.0,5.0,30.0,20.0,13.0,Eplus-env-08-19_thermostat_rbc_eco_year_2022_case_7_rep_0_zone_0_onoffseed_5_tempseed_30_comforttemp_20_setbacktemp_13_paper2_final_runs_v4-res1
0,83136.47190193667,0.0,206003.6163379912,122867.1444360545,-430553.2173886922,-8.191651776801601,1057.438675674685,0.020118696264739,-35831.10966281132,-0.6817182203731225,-31723.16027024055,-0.6035608879421718,-326708.16006290657,-6.215908676995939,13.506468797564688,0.6817182203731225,2.5808949857230514,32670816.006290656,621.5908676995939,696.1150680334155,35831.10966281132,52560.0,31536000.0,08-19,2022.0,6.0,0.0,0.0,15.0,15.0,20.0,15.0,Eplus-env-08-19_thermostat_rbc_eco_year_2022_case_6_rep_0_zone_0_onoffseed_15_tempseed_15_comforttemp_20_setbacktemp_15_paper2_final_runs_v4-res1
0,82381.67905323216,0.0,227684.6350865154,145302.9560332832,-415836.8140260304,-7.911659323174094,1150.6876808466343,0.0218928401987563,-25290.81711107321,-0.4811799298149394,-34520.63042539904,-0.656785205962691,-323149.5452815079,-6.148202916314838,11.307077625570775,0.4811799298149394,1.954118318969828,32314954.52815079,614.8202916314838,686.7474475845743,25290.81711107321,52560.0,31536000.0,08-19,2022.0,6.0,0.0,0.0,10.0,15.0,20.0,15.0,Eplus-env-08-19_thermostat_rbc_eco_year_2022_case_6_rep_0_zone_0_onoffseed_10_tempseed_15_comforttemp_20_setbacktemp_15_paper2_final_runs_v4-res1
0,7014.48736185704,0.0,49616.98538298969,42602.498021132655,-435923.63163841417,-8.293828608036799,330.974102073967,0.0062970719572672,-80949.96704186188,-1.5401439695940236,-9929.223062219007,-0.1889121587180176,-349235.112485817,-6.64450366221113,34.509132420091326,1.5401439695940236,3.0870503989444966,34923511.24858171,664.4503662211132,727.4088721973498,80949.96704186188,52560.0,31536000.0,08-19,2023.0,11.0,0.0,9.0,5.0,42.0,18.0,13.0,Eplus-env-08-19_thermostat_rbc_eco_year_2023_case_11_rep_0_zone_9_onoffseed_5_tempseed_42_comforttemp_18_setbacktemp_13_paper2_final_runs_v4-res1
0,68860.61543723897,0.0,170269.03926227833,101408.42382503932,-418216.8865953611,-7.956942286821939,860.671030448872,0.0163750196051916,-35245.941072054666,-0.6705848758001268,-25820.13091346616,-0.4912505881557487,-326636.07603410125,-6.214537215260679,13.37328767123288,0.6705848758001268,2.529009121768542,32663607.60341013,621.4537215260679,695.6716121378781,35245.941072054666,52560.0,31536000.0,08-19,2022.0,11.0,0.0,0.0,15.0,15.0,20.0,15.0,Eplus-env-08-19_thermostat_rbc_eco_year_2022_case_11_rep_0_zone_0_onoffseed_15_tempseed_15_comforttemp_20_setbacktemp_15_paper2_final_runs_v4-res1
0,14977.807259247533,0.0,95030.20951495922,80052.40225571168,-282905.1370423443,-5.382517828050691,623.5114396139741,0.011862850829794,-88.22701011305796,-0.0016785960828207,-18705.343188419225,-0.3558855248938208,-270563.56591344083,-5.1477086361004725,12.831050228310502,0.0016785960828207,0.0066751613985116,27056356.59134408,514.7708636100472,601.8387937773276,88.22701011305796,52560.0,31536000.0,08-19,2023.0,10.0,0.0,0.0,5.0,42.0,20.0,17.0,Eplus-env-08-19_thermostat_rbc_eco_year_2023_case_10_rep_0_zone_0_onoffseed_5_tempseed_42_comforttemp_20_setbacktemp_17_paper2_final_runs_v4-res1
0,60275.80092383497,0.0,149782.37506664227,89506.5741428073,-481425.10882931727,-9.159534034043329,743.7568336771918,0.0141506246894442,-41958.40481054287,-0.798295373107741,-22312.70501031576,-0.4245187406833288,-390155.071282985,-7.423041691076579,16.173896499238964,0.798295373107741,2.48237872188012,39015507.1282985,742.3041691076579,816.8036225332712,41958.40481054287,52560.0,31536000.0,08-19,2022.0,12.0,0.0,0.0,15.0,30.0,20.0,17.0,Eplus-env-08-19_thermostat_rbc_eco_year_2022_case_12_rep_0_zone_0_onoffseed_15_tempseed_30_comforttemp_20_setbacktemp_17_paper2_final_runs_v4-res1
0,38821.6769514929,0.0,104292.58522984116,65470.90827834824,-94219.47444998112,-1.7926079613771142,516.8807973223514,0.0098341095380964,-27517.53879770303,-0.5235452587082007,-15506.423919670542,-0.2950232861428946,-34941.92173826174,-0.664800641899957,29.935312024353124,0.5235452587082007,1.5174204332684205,3494192.173826174,66.4800641899957,100.95111968968794,27517.53879770303,52560.0,31536000.0,08-19,2022.0,8.0,0.0,0.0,10.0,42.0,20.0,15.0,Eplus-env-08-19_thermostat_rbc_eco_year_2022_case_8_rep_0_zone_0_onoffseed_10_tempseed_42_comforttemp_20_setbacktemp_15_paper2_final_runs_v4-res1
0,47444.72098725919,0.0,118059.2746376087,70614.5536503495,-85921.04970805389,-1.6347231679614516,598.1562217226464,0.0113804456187718,-12928.487326124334,-0.2459757862656836,-17944.686651679393,-0.3414133685631543,-34178.03614225282,-0.6502670498906549,9.678462709284627,0.2459757862656836,1.248315924665042,3417803.6142252823,65.0267049890655,98.43837679825528,12928.487326124334,52560.0,31536000.0,08-19,2022.0,8.0,0.0,0.0,15.0,10.0,20.0,15.0,Eplus-env-08-19_thermostat_rbc_eco_year_2022_case_8_rep_0_zone_0_onoffseed_15_tempseed_10_comforttemp_20_setbacktemp_15_paper2_final_runs_v4-res1
0,90053.94135143085,90053.94135143085,0.0,0.0,-377306.859109693,-7.178593209849563,3021.536551013165,0.0574873773023813,-34311.6524079547,-0.6528092162852873,-90646.09653039498,-1.7246213190714417,-269322.0772821328,-5.12408822835108,14.514840182648404,0.6528092162852873,2.1845685825078127,26932207.72821328,512.408822835108,597.6443015781177,34311.6524079547,52560.0,31536000.0,08-18,2023.0,0.0,0.0,0.0,15.0,15.0,20.0,17.0,Eplus-env-08-18_thermostat_rbc_eco_year_2023_case_0_rep_0_zone_0_onoffseed_15_tempseed_15_comforttemp_20_setbacktemp_17_paper2_final_runs_v4-res1
0,53508.42457323958,43519.71471801479,23978.650296012293,13989.9404407875,-111440.47722548147,-2.120252610834884,958.405734102288,0.0182345078786584,-32064.848599085824,-0.6100618074407501,-28752.17202306863,-0.5470352363597533,-35600.386483028335,-0.6773285099510719,30.871385083713847,0.6100618074407501,1.6574642372889723,3560038.648302833,67.73285099510719,102.94022974421942,32064.848599085824,52560.0,31536000.0,08-19,2022.0,3.0,0.0,0.0,10.0,42.0,20.0,15.0,Eplus-env-08-19_thermostat_rbc_eco_year_2022_case_3_rep_0_zone_0_onoffseed_10_tempseed_42_comforttemp_20_setbacktemp_15_paper2_final_runs_v4-res1
0,60018.10279990063,50029.39294467584,23978.650296012293,13989.9404407875,-99128.25151759876,-1.886001741202412,1101.4471477472932,0.0209559959617064,-14618.563856562256,-0.2781309713957811,-33043.41443241879,-0.6286798788511946,-35408.87776043781,-0.6736848888972187,10.450913242009133,0.2781309713957811,1.2223318193697414,3540887.7760437806,67.36848888972186,102.1780700345083,14618.563856562256,52560.0,31536000.0,08-19,2022.0,3.0,0.0,0.0,10.0,30.0,20.0,15.0,Eplus-env-08-19_thermostat_rbc_eco_year_2022_case_3_rep_0_zone_0_onoffseed_10_tempseed_30_comforttemp_20_setbacktemp_15_paper2_final_runs_v4-res1
0,23826.553447669896,0.0,62600.29941121525,38773.74596354535,-63341.7510289319,-1.2051322494089023,306.59493035597905,0.0058332368789189,-3261.915688703028,-0.0620608007744107,-9197.847910679371,-0.1749971063675679,-40587.331964690144,-0.7722095122657943,4.438736681887367,0.0620608007744107,0.4697922260350809,4058733.196469014,77.22095122657942,115.31937568925744,3261.915688703028,52560.0,31536000.0,08-19,2022.0,14.0,0.0,0.0,10.0,15.0,20.0,17.0,Eplus-env-08-19_thermostat_rbc_eco_year_2022_case_14_rep_0_zone_0_onoffseed_10_tempseed_15_comforttemp_20_setbacktemp_17_paper2_final_runs_v4-res1
0,2345.92951434924,0.0,20009.13809650731,17663.208582158073,-101642.85144237874,-1.9338442055247096,133.57226485413543,0.0025413292399949,-59897.44981681228,-1.1396014044294571,-4007.167945624063,-0.076239877199849,-39826.19668987735,-0.7577282475243027,33.3751902587519,1.1396014044294571,2.419179572868744,3982619.6689877342,75.77282475243025,113.7627860164146,59897.44981681228,52560.0,31536000.0,08-19,2023.0,14.0,0.0,9.0,5.0,42.0,21.0,15.0,Eplus-env-08-19_thermostat_rbc_eco_year_2023_case_14_rep_0_zone_9_onoffseed_5_tempseed_42_comforttemp_21_setbacktemp_15_paper2_final_runs_v4-res1
0,28838.33980512865,0.0,174239.47998196157,145401.14017683294,-397629.2365750711,-7.565244227075173,1121.6818750992004,0.0213409793588127,-0.4013359676360082,-7.635768029604418e-06,-33650.456252976015,-0.6402293807643838,-374036.18944452767,-7.116365857011561,0.0038051750380517,7.635768029604418e-06,0.0016931018673853,37403618.94445276,711.636585701156,790.929282043646,0.4013359676360082,52560.0,31536000.0,08-19,2023.0,7.0,0.0,0.0,5.0,10.0,20.0,15.0,Eplus-env-08-19_thermostat_rbc_eco_year_2023_case_7_rep_0_zone_0_onoffseed_5_tempseed_10_comforttemp_20_setbacktemp_15_paper2_final_runs_v4-res1
0,20208.278611597296,19741.97212708,14456.246925304797,13989.9404407875,-83897.21494776884,-1.5962179404065608,741.4455819055951,0.0141066511017046,-25996.82737156,-0.494612392914003,-22243.367457167857,-0.4231995330511388,-41367.99484406108,-0.7870623067743736,30.039954337899545,0.494612392914003,1.316978289071818,4136799.484406107,78.70623067743735,118.23253573165196,25996.82737156,52560.0,31536000.0,08-19,2023.0,4.0,0.0,0.0,10.0,42.0,20.0,13.0,Eplus-env-08-19_thermostat_rbc_eco_year_2023_case_4_rep_0_zone_0_onoffseed_10_tempseed_42_comforttemp_20_setbacktemp_13_paper2_final_runs_v4-res1
0,33219.40172080624,23230.691865581444,23978.650296012293,13989.9404407875,-111147.81824298724,-2.11468451756064,541.9997809810732,0.0103120201860934,-49560.151143013005,-0.9429252500573252,-16259.993429432192,-0.3093606055828042,-34410.874552182635,-0.6546970044174778,27.834855403348552,0.9429252500573252,2.2480543811490814,3441087.455218264,65.46970044174779,99.60223702039691,49560.151143013005,52560.0,31536000.0,08-19,2022.0,3.0,0.0,9.0,5.0,42.0,19.0,13.0,Eplus-env-08-19_thermostat_rbc_eco_year_2022_case_3_rep_0_zone_9_onoffseed_5_tempseed_42_comforttemp_19_setbacktemp_13_paper2_final_runs_v4-res1
0,90141.87681645238,90141.87681645238,0.0,0.0,-369770.4855754653,-7.035207107600177,3038.399454065744,0.0578082087912051,-29143.97418565396,-0.5544896154043752,-91151.98362197228,-1.7342462637361544,-266881.44196627167,-5.077653005446569,12.323059360730594,0.5544896154043752,2.1167009277467748,26688144.19662717,507.7653005446569,586.885425327347,29143.97418565396,52560.0,31536000.0,08-18,2023.0,0.0,0.0,0.0,10.0,15.0,20.0,13.0,Eplus-env-08-18_thermostat_rbc_eco_year_2023_case_0_rep_0_zone_0_onoffseed_10_tempseed_15_comforttemp_20_setbacktemp_13_paper2_final_runs_v4-res1
0,107385.1421696238,107385.1421696238,0.0,0.0,-434080.1059607947,-8.258753918584375,2153.061432679564,0.040963878095121,-62562.74488101923,-1.1903109756662715,-64591.84298038693,-1.2289163428536325,-283665.57627080625,-5.396985849901184,16.85882800608828,1.1903109756662715,3.890232040465319,28366557.627080627,539.6985849901184,620.528973205431,62562.74488101923,52560.0,31536000.0,08-18,2022.0,0.0,0.0,0.0,15.0,30.0,20.0,13.0,Eplus-env-08-18_thermostat_rbc_eco_year_2022_case_0_rep_0_zone_0_onoffseed_15_tempseed_30_comforttemp_20_setbacktemp_13_paper2_final_runs_v4-res1
0,57406.89481817021,0.0,149310.56020753918,91903.66538936897,-317020.65624611534,-6.031595438472514,739.5598015737369,0.0140707724804744,-1.028085376611351,-1.9560224060337726e-05,-22186.794047212108,-0.4221231744142334,-270055.04750999366,-5.1380336284245365,0.0038051750380517,1.9560224060337726e-05,0.0035518015889622,27005504.75099937,513.8033628424538,601.24880172513,1.028085376611351,52560.0,31536000.0,08-19,2022.0,10.0,0.0,0.0,5.0,30.0,20.0,15.0,Eplus-env-08-19_thermostat_rbc_eco_year_2022_case_10_rep_0_zone_0_onoffseed_5_tempseed_30_comforttemp_20_setbacktemp_15_paper2_final_runs_v4-res1
0,114047.6538649902,114047.6538649902,0.0,0.0,-417481.5942821032,-7.942952707041538,2289.3966020077523,0.0435577740108019,-44048.18671180497,-0.8380553027360155,-68681.89806023258,-1.3067332203240596,-280131.0219433498,-5.329737860413809,14.117199391171994,0.8380553027360155,2.9761281137192,28013102.19433498,532.9737860413809,611.1893584063622,44048.18671180497,52560.0,31536000.0,08-18,2022.0,0.0,0.0,0.0,10.0,30.0,20.0,13.0,Eplus-env-08-18_thermostat_rbc_eco_year_2022_case_0_rep_0_zone_0_onoffseed_10_tempseed_30_comforttemp_20_setbacktemp_13_paper2_final_runs_v4-res1
0,62581.401623093785,62581.401623093785,0.0,0.0,-386676.8156401617,-7.3568648333364095,2058.691215933564,0.039168402129634,-54495.88937710242,-1.0368319896708984,-61760.73647800693,-1.1750520638890207,-280983.0815952062,-5.345949041004685,21.61149162861492,1.0368319896708984,3.330337104335371,28098308.159520622,534.5949041004685,611.3106873708817,54495.88937710242,52560.0,31536000.0,08-18,2023.0,0.0,0.0,0.0,10.0,42.0,20.0,13.0,Eplus-env-08-18_thermostat_rbc_eco_year_2023_case_0_rep_0_zone_0_onoffseed_10_tempseed_42_comforttemp_20_setbacktemp_13_paper2_final_runs_v4-res1
0,59126.631612409445,59126.631612409445,0.0,0.0,-491336.7641351931,-9.348111950821789,1095.8015630783216,0.0208485837724185,-93361.78509476862,-1.7762896707528275,-32874.04689234965,-0.625457513172558,-349603.4817183124,-6.651512209252519,37.2279299847793,1.7762896707528275,3.527882283816912,34960348.171831235,665.1512209252518,728.8108019458539,93361.78509476862,52560.0,31536000.0,08-19,2022.0,1.0,0.0,9.0,5.0,42.0,19.0,13.0,Eplus-env-08-19_thermostat_rbc_eco_year_2022_case_1_rep_0_zone_9_onoffseed_5_tempseed_42_comforttemp_19_setbacktemp_13_paper2_final_runs_v4-res1
0,62100.74169746337,0.0,153246.3775826809,91145.63588521756,-428150.87842500303,-8.145945175513756,777.7699235152422,0.014797753491538,-46807.236561395,-0.8905486408180174,-23333.097705457265,-0.4439326047461427,-330539.02508091327,-6.288794236699263,15.098934550989346,0.8905486408180174,3.171466534072516,33053902.50809132,628.8794236699262,703.237865909376,46807.236561395,52560.0,31536000.0,08-19,2022.0,11.0,0.0,0.0,15.0,10.0,20.0,13.0,Eplus-env-08-19_thermostat_rbc_eco_year_2022_case_11_rep_0_zone_0_onoffseed_15_tempseed_10_comforttemp_20_setbacktemp_13_paper2_final_runs_v4-res1
0,21195.754693537343,0.0,142679.591610322,121483.83691678468,-366202.093831101,-6.967315331641952,898.9793217781566,0.0171038683747746,-27171.031401282267,-0.5169526522313977,-26969.379653344706,-0.5131160512432401,-321690.8155150359,-6.1204493058416265,13.156392694063928,0.5169526522313977,1.75339579349664,32169081.551503584,612.0449305841626,686.7748674029065,27171.031401282267,52560.0,31536000.0,08-19,2023.0,11.0,0.0,0.0,10.0,10.0,20.0,17.0,Eplus-env-08-19_thermostat_rbc_eco_year_2023_case_11_rep_0_zone_0_onoffseed_10_tempseed_10_comforttemp_20_setbacktemp_17_paper2_final_runs_v4-res1
0,20651.505860282407,0.0,121027.23145277365,100375.72559249122,-338272.216901595,-6.435924979101884,789.6380529972517,0.0150235550418046,-95.09198852356602,-0.0018092083052428,-23689.14158991755,-0.4507066512541391,-321282.12796877447,-6.112673667594644,14.55289193302892,0.0018092083052428,0.0071414890610257,32128212.79687744,611.2673667594643,696.1054382818356,95.09198852356602,52560.0,31536000.0,08-19,2023.0,11.0,0.0,0.0,5.0,42.0,20.0,17.0,Eplus-env-08-19_thermostat_rbc_eco_year_2023_case_11_rep_0_zone_0_onoffseed_5_tempseed_42_comforttemp_20_setbacktemp_17_paper2_final_runs_v4-res1
0,70628.67302276443,0.0,175043.80849103793,104415.13546827353,-422353.244331888,-8.03564011285936,878.6333149083038,0.0167167677874487,-36864.00704246672,-0.7013699970027913,-26358.99944724911,-0.5015030336234609,-327707.9198894977,-6.2349299826768965,14.918188736681886,0.7013699970027913,2.3034735615038,32770791.98894977,623.4929982676897,701.6549015873087,36864.00704246672,52560.0,31536000.0,08-19,2022.0,11.0,0.0,0.0,15.0,10.0,20.0,17.0,Eplus-env-08-19_thermostat_rbc_eco_year_2022_case_11_rep_0_zone_0_onoffseed_15_tempseed_10_comforttemp_20_setbacktemp_17_paper2_final_runs_v4-res1
0,69396.98608412361,69396.98608412361,0.0,0.0,-437885.0170853648,-8.331145682750472,2277.9441326351625,0.0433398807578988,-96.55241632927866,-0.0018369942223987,-68338.32397905487,-1.300196422736965,-381014.790353614,-7.249139846910465,12.827245053272453,0.0018369942223987,0.007225405923788,38101479.0353614,724.9139846910465,805.5812190153181,96.55241632927866,52560.0,31536000.0,08-19,2023.0,2.0,0.0,0.0,5.0,42.0,20.0,17.0,Eplus-env-08-19_thermostat_rbc_eco_year_2023_case_2_rep_0_zone_0_onoffseed_5_tempseed_42_comforttemp_20_setbacktemp_17_paper2_final_runs_v4-res1
0,71164.78232242248,0.0,182217.05945559504,111052.27713317252,-444808.6088292031,-8.462873075137045,903.9265438282608,0.0171979936040384,-127.11354035141638,-0.0024184463537179,-27117.796314847827,-0.5159398081211535,-386461.5868708778,-7.352769917634662,16.813165905631656,0.0024184463537179,0.0202567604895526,38646158.68708778,735.2769917634662,811.515077416736,127.11354035141638,52560.0,31536000.0,08-19,2022.0,7.0,0.0,0.0,5.0,42.0,20.0,15.0,Eplus-env-08-19_thermostat_rbc_eco_year_2022_case_7_rep_0_zone_0_onoffseed_5_tempseed_42_comforttemp_20_setbacktemp_15_paper2_final_runs_v4-res1
0,23784.79183947728,0.0,61895.552566324695,38110.76072684742,-81501.12001038503,-1.5506301371838855,300.7111618091745,0.005721293032899,-27106.549875191115,-0.5157258347639101,-9021.334854275236,-0.1716387909869717,-34936.23193131756,-0.6646923883431803,29.864916286149164,0.5157258347639101,1.4866965780129169,3493623.193131755,66.46923883431802,100.9089312531502,27106.549875191115,52560.0,31536000.0,08-19,2022.0,13.0,0.0,0.0,10.0,42.0,20.0,15.0,Eplus-env-08-19_thermostat_rbc_eco_year_2022_case_13_rep_0_zone_0_onoffseed_10_tempseed_42_comforttemp_20_setbacktemp_15_paper2_final_runs_v4-res1
1,,,,,,,,,,,,,,,,,,,,,,,,,,,,,,,,,
0,56834.21598202026,0.0,139574.12391072515,82739.90792870492,-353336.3419892201,-6.722533142869485,714.3775812247303,0.0135916586991006,-32290.830994931093,-0.6143613202992978,-21431.327436741907,-0.4077497609730195,-274549.4388993982,-5.2235433580555215,12.269786910197867,0.6143613202992978,2.4172442554313585,27454943.88993982,522.3543358055521,601.3029421608684,32290.830994931093,52560.0,31536000.0,08-19,2022.0,10.0,0.0,0.0,15.0,15.0,20.0,15.0,Eplus-env-08-19_thermostat_rbc_eco_year_2022_case_10_rep_0_zone_0_onoffseed_15_tempseed_15_comforttemp_20_setbacktemp_15_paper2_final_runs_v4-res1
0,82154.20806438607,82154.20806438607,0.0,0.0,-494127.8393154961,-9.40121459884886,1559.2702107996713,0.029666480418563,-24552.309808786405,-0.4671291820545358,-46778.10632399014,-0.88999441255689,-402365.1718892355,-7.655349541271604,31.691400304414003,0.4671291820545358,0.9135488355708878,40236517.18892355,765.5349541271604,836.4641842913642,24552.309808786405,52560.0,31536000.0,08-19,2022.0,2.0,0.0,9.0,5.0,42.0,18.0,17.0,Eplus-env-08-19_thermostat_rbc_eco_year_2022_case_2_rep_0_zone_9_onoffseed_5_tempseed_42_comforttemp_18_setbacktemp_17_paper2_final_runs_v4-res1
0,19358.784901089894,0.0,128010.7781519148,108651.99325082487,-452274.023897683,-8.604909130473422,805.7274924684834,0.0153296707090655,-46335.96823418278,-0.8815823484433558,-24171.8247740545,-0.4598901212719654,-390100.63373591856,-7.422005969100429,24.088660578386605,0.8815823484433558,2.8226714111176343,39010063.37359185,742.2005969100428,810.8443955112688,46335.96823418278,52560.0,31536000.0,08-19,2023.0,7.0,0.0,0.0,10.0,42.0,20.0,15.0,Eplus-env-08-19_thermostat_rbc_eco_year_2023_case_7_rep_0_zone_0_onoffseed_10_tempseed_42_comforttemp_20_setbacktemp_15_paper2_final_runs_v4-res1
0,12701.7692758804,0.0,87829.03921423959,75127.2699383592,-44992.56426656721,-0.8560229122254036,573.23607639118,0.0109063180439722,-103.55269313810652,-0.0019701806152607,-17197.082291735398,-0.3271895413191666,-34497.694128831354,-0.6563488228468675,0.671613394216134,0.0019701806152607,0.054706393668747,3449769.4128831355,65.63488228468675,99.43334650348802,103.55269313810652,52560.0,31536000.0,08-19,2023.0,8.0,0.0,0.0,5.0,30.0,20.0,13.0,Eplus-env-08-19_thermostat_rbc_eco_year_2023_case_8_rep_0_zone_0_onoffseed_5_tempseed_30_comforttemp_20_setbacktemp_13_paper2_final_runs_v4-res1
0,44248.22405334663,0.0,112584.12776211508,68335.90370876843,-83239.73704208854,-1.5837088478327348,554.7760489705834,0.0105550998662591,-11940.846766977977,-0.2271850602545277,-16643.281469117497,-0.3166529959877758,-35099.4181770677,-0.6677971494875895,28.046042617960428,0.2271850602545277,0.5389281441182592,3509941.8177067693,66.77971494875894,101.2614485671524,11940.846766977977,52560.0,31536000.0,08-19,2022.0,8.0,0.0,0.0,5.0,42.0,20.0,13.0,Eplus-env-08-19_thermostat_rbc_eco_year_2022_case_8_rep_0_zone_0_onoffseed_5_tempseed_42_comforttemp_20_setbacktemp_13_paper2_final_runs_v4-res1
0,20537.7960054969,20071.4895209796,14456.246925304797,13989.9404407875,-87440.01161254049,-1.6636227475749712,749.1021011632199,0.014252323081492,-29385.35078661451,-0.5590820164880995,-22473.0630348966,-0.4275696924447602,-41252.689913828974,-0.7848685295629562,30.02663622526636,0.5590820164880995,1.5071035265902384,4125268.991382898,78.48685295629562,117.63714193665996,29385.35078661451,52560.0,31536000.0,08-19,2023.0,4.0,0.0,0.0,15.0,42.0,20.0,17.0,Eplus-env-08-19_thermostat_rbc_eco_year_2023_case_4_rep_0_zone_0_onoffseed_15_tempseed_42_comforttemp_20_setbacktemp_17_paper2_final_runs_v4-res1
0,10561.040620228943,10094.734135711644,14456.246925304798,13989.9404407875,-86820.65136675655,-1.651838876840878,415.8263844666548,0.0079114608916791,-37127.61276750455,-0.7063853266267989,-12474.791533999643,-0.2373438267503737,-41053.05126784268,-0.7810702296012686,26.879756468797567,0.7063853266267989,1.6237438783536762,4105305.126784268,78.10702296012686,117.27830779551832,37127.61276750455,52560.0,31536000.0,08-19,2023.0,4.0,0.0,9.0,5.0,42.0,18.0,15.0,Eplus-env-08-19_thermostat_rbc_eco_year_2023_case_4_rep_0_zone_9_onoffseed_5_tempseed_42_comforttemp_18_setbacktemp_15_paper2_final_runs_v4-res1
0,36127.605717534,26138.895862309204,23978.650296012293,13989.9404407875,-105787.94935879168,-2.0127083211337835,596.779027218724,0.0113542432880274,-34909.1828643563,-0.6641777561711625,-17903.37081656172,-0.3406272986408242,-41322.77225692081,-0.7862019074756623,28.226788432267885,0.6641777561711625,1.461479040368754,4132277.225692081,78.62019074756624,117.83031770299549,34909.1828643563,52560.0,31536000.0,08-19,2022.0,4.0,0.0,9.0,5.0,42.0,19.0,17.0,Eplus-env-08-19_thermostat_rbc_eco_year_2022_case_4_rep_0_zone_9_onoffseed_5_tempseed_42_comforttemp_19_setbacktemp_17_paper2_final_runs_v4-res1
0,11266.100312371,10799.793827853702,14456.246925304798,13989.9404407875,-98593.3924078241,-1.875825578535466,439.6745631545903,0.0083651933629107,-48631.13968388479,-0.9252499939856316,-13190.236894637712,-0.2509558008873233,-40745.45605838859,-0.7752179615370737,30.043759512937594,0.9252499939856316,2.017639510502007,4074545.60583886,77.52179615370737,116.39441239338878,48631.13968388479,52560.0,31536000.0,08-19,2023.0,4.0,0.0,9.0,5.0,42.0,19.0,15.0,Eplus-env-08-19_thermostat_rbc_eco_year_2023_case_4_rep_0_zone_9_onoffseed_5_tempseed_42_comforttemp_19_setbacktemp_15_paper2_final_runs_v4-res1
0,4055.885680666253,0.0,32311.97464730731,28256.08896664106,-375822.053765762,-7.1503434886941015,224.94109395686,0.0042797011787834,-74706.6678324015,-1.4213597380593892,-6748.232818705798,-0.1283910353635045,-297797.2658580074,-5.665853612214753,32.50190258751903,1.4213597380593892,2.9509725374872056,29779726.58580074,566.5853612214753,631.5872901800604,74706.6678324015,52560.0,31536000.0,08-19,2023.0,10.0,0.0,9.0,5.0,42.0,18.0,13.0,Eplus-env-08-19_thermostat_rbc_eco_year_2023_case_10_rep_0_zone_9_onoffseed_5_tempseed_42_comforttemp_18_setbacktemp_13_paper2_final_runs_v4-res1
0,101998.99101686128,101998.99101686128,0.0,0.0,-508043.5839581871,-9.665973819600213,2000.1547133375648,0.0380546939371682,-35114.768919907765,-0.6680892108049422,-60004.64140012696,-1.1416408181150486,-389483.4404873851,-7.410263327385561,22.45053272450533,0.6680892108049422,2.1465973810564187,38948344.0487385,741.026332738556,815.9348326349171,35114.768919907765,52560.0,31536000.0,08-19,2022.0,2.0,0.0,0.0,10.0,42.0,20.0,17.0,Eplus-env-08-19_thermostat_rbc_eco_year_2022_case_2_rep_0_zone_0_onoffseed_10_tempseed_42_comforttemp_20_setbacktemp_17_paper2_final_runs_v4-res1
0,20954.877315868165,0.0,52429.86449555372,31474.98717968556,-96440.85579916468,-1.8348716856766487,258.4510533388888,0.0049172574836166,-38067.218672436815,-0.7242621513020703,-7753.531600166663,-0.1475177245084981,-41230.45199461615,-0.7844454336875218,24.979071537290714,0.7242621513020703,1.8411836437205105,4123045.1994616142,78.44454336875218,117.7529382218398,38067.218672436815,52560.0,31536000.0,08-19,2022.0,9.0,0.0,9.0,5.0,42.0,18.0,13.0,Eplus-env-08-19_thermostat_rbc_eco_year_2022_case_9_rep_0_zone_9_onoffseed_5_tempseed_42_comforttemp_18_setbacktemp_13_paper2_final_runs_v4-res1
0,23543.49997768261,0.0,59630.36390290926,36086.86392522664,-118328.35892170484,-2.251300588312497,294.4133683713444,0.0056014720009768,-58343.69824552147,-1.11003992095741,-8832.401051140332,-0.1680441600293061,-40723.72334444122,-0.7748044776339653,32.269786910197865,1.11003992095741,2.507635205348553,4072372.334444121,77.48044776339651,116.23224876333464,58343.69824552147,52560.0,31536000.0,08-19,2022.0,9.0,0.0,9.0,5.0,42.0,20.0,13.0,Eplus-env-08-19_thermostat_rbc_eco_year_2022_case_9_rep_0_zone_9_onoffseed_5_tempseed_42_comforttemp_20_setbacktemp_13_paper2_final_runs_v4-res1
0,4143.936787100598,0.0,39943.77648688307,35799.839699782475,-98091.39452828075,-1.8662746295335,267.9693206021588,0.0050983508485951,-54508.62865103979,-1.0370743655068453,-8039.079618064766,-0.1529505254578532,-40192.61119171394,-0.7646996041041465,30.909436834094368,1.0370743655068453,2.334370415751316,4019261.1191713954,76.46996041041467,114.80545366784452,54508.62865103979,52560.0,31536000.0,08-19,2023.0,9.0,0.0,9.0,5.0,42.0,20.0,13.0,Eplus-env-08-19_thermostat_rbc_eco_year_2023_case_9_rep_0_zone_9_onoffseed_5_tempseed_42_comforttemp_20_setbacktemp_13_paper2_final_runs_v4-res1
0,8602.740777626273,0.0,67434.14667747641,58831.40589985013,-57210.56443559509,-1.0884810585158884,433.5546763484315,0.0082487571603582,-9455.57043213479,-0.1799005028944975,-13006.640290452942,-0.2474627148107485,-40717.09177328425,-0.7746783061888175,9.535768645357686,0.1799005028944975,0.7864946389958956,4071709.1773284255,77.46783061888176,116.10643138491358,9455.57043213479,52560.0,31536000.0,08-19,2023.0,9.0,0.0,0.0,10.0,30.0,20.0,15.0,Eplus-env-08-19_thermostat_rbc_eco_year_2023_case_9_rep_0_zone_0_onoffseed_10_tempseed_30_comforttemp_20_setbacktemp_15_paper2_final_runs_v4-res1
0,9777.481711638306,0.0,74878.83075717004,65101.34904553175,-53816.50102295901,-1.0239060316392503,478.74021322162713,0.0091084515453125,-5346.559366948971,-0.1017229712128799,-14362.206396648817,-0.2732535463593762,-40470.98386771874,-0.7699958878941923,6.974885844748859,0.1017229712128799,0.540028804879919,4047098.3867718736,76.9995887894192,115.27002978368134,5346.559366948971,52560.0,31536000.0,08-19,2023.0,9.0,0.0,0.0,10.0,10.0,20.0,15.0,Eplus-env-08-19_thermostat_rbc_eco_year_2023_case_9_rep_0_zone_0_onoffseed_10_tempseed_10_comforttemp_20_setbacktemp_15_paper2_final_runs_v4-res1
0,43274.12121217521,0.0,106914.53567908872,63640.41446691353,-82023.75577289602,-1.5605737399713857,544.367333837467,0.0103570649512455,-6125.199713640504,-0.1165372852671328,-16331.020015124006,-0.3107119485373669,-40495.997495574986,-0.7704717940558407,5.962709284627093,0.1165372852671328,0.8574428619793523,4049599.7495574974,77.04717940558406,115.12133697404929,6125.199713640504,52560.0,31536000.0,08-19,2022.0,9.0,0.0,0.0,15.0,15.0,20.0,13.0,Eplus-env-08-19_thermostat_rbc_eco_year_2022_case_9_rep_0_zone_0_onoffseed_15_tempseed_15_comforttemp_20_setbacktemp_13_paper2_final_runs_v4-res1
0,32023.160693344296,0.0,85944.9963495204,53921.83565617609,-89309.21104932709,-1.699185902764975,426.2146860507686,0.0081091074210572,-21755.36258389675,-0.4139148132400447,-12786.44058152306,-0.2432732226317172,-41355.70070220536,-0.7868283999658554,28.363774733637747,0.4139148132400447,1.2531528023567946,4135570.070220536,78.68283999658554,117.93261601515728,21755.36258389675,52560.0,31536000.0,08-19,2022.0,9.0,0.0,0.0,10.0,42.0,20.0,13.0,Eplus-env-08-19_thermostat_rbc_eco_year_2022_case_9_rep_0_zone_0_onoffseed_10_tempseed_42_comforttemp_20_setbacktemp_13_paper2_final_runs_v4-res1
0,6282.199291189343,0.0,46008.62306296792,39726.42377177858,-491376.3515680585,-9.348865136378588,308.5461411792922,0.0058703603725131,-78723.99463695806,-1.4977928964413634,-9256.384235378766,-0.1761108111753951,-407512.88969097845,-7.753289377682238,34.11529680365297,1.4977928964413634,3.023637287348557,40751288.969097845,775.3289377682238,835.9575862553509,78723.99463695806,52560.0,31536000.0,08-19,2023.0,12.0,0.0,9.0,5.0,42.0,18.0,13.0,Eplus-env-08-19_thermostat_rbc_eco_year_2023_case_12_rep_0_zone_9_onoffseed_5_tempseed_42_comforttemp_18_setbacktemp_13_paper2_final_runs_v4-res1
0,106698.80426466356,106698.80426466356,0.0,0.0,-472766.3161276241,-8.99479292480259,2112.904080646034,0.0401998493273598,-121.23772406460762,-0.0023066538064042,-63387.12241938104,-1.205995479820796,-385354.7866346382,-7.331712074479418,14.299847792998476,0.0023066538064042,0.0158726768818578,38535478.663463816,733.1712074479417,810.3666361356812,121.23772406460762,52560.0,31536000.0,08-19,2022.0,2.0,0.0,0.0,5.0,42.0,20.0,13.0,Eplus-env-08-19_thermostat_rbc_eco_year_2022_case_2_rep_0_zone_0_onoffseed_5_tempseed_42_comforttemp_20_setbacktemp_13_paper2_final_runs_v4-res1
0,39195.1192755236,39195.1192755236,0.0,0.0,-463711.093961832,-8.822509398056162,1270.6599111841072,0.024175416879454,-90646.34876055404,-1.7246261179709674,-38119.79733552322,-0.725262506383623,-340999.21812197205,-6.48780856396446,36.69330289193303,1.7246261179709674,3.429914175578275,34099921.81219721,648.7808563964461,708.6840986727393,90646.34876055404,52560.0,31536000.0,08-19,2023.0,1.0,0.0,9.0,5.0,42.0,20.0,13.0,Eplus-env-08-19_thermostat_rbc_eco_year_2023_case_1_rep_0_zone_9_onoffseed_5_tempseed_42_comforttemp_20_setbacktemp_13_paper2_final_runs_v4-res1
0,6066.436570439985,0.0,40673.15183798413,34606.71526754415,-45968.72801240397,-0.8745952818189492,263.23082555103383,0.0050081968331627,-94.25174638582178,-0.0017932219632005,-7896.924766531016,-0.1502459049948823,-40911.5245077412,-0.7783775591274962,0.625951293759513,0.0017932219632005,0.044784109270325,4091152.450774119,77.8377559127496,116.56143897879106,94.25174638582178,52560.0,31536000.0,08-19,2023.0,14.0,0.0,0.0,5.0,30.0,20.0,15.0,Eplus-env-08-19_thermostat_rbc_eco_year_2023_case_14_rep_0_zone_0_onoffseed_5_tempseed_30_comforttemp_20_setbacktemp_15_paper2_final_runs_v4-res1
0,11103.769530593734,0.0,78164.1909915788,67060.42146098506,-55883.39420724185,-1.0632304833950124,512.1748683147317,0.0097445751201432,-12139.008560983502,-0.2309552618147546,-15365.246049441952,-0.2923372536042989,-34660.3917932796,-0.6594442883044065,28.90220700152207,0.2309552618147546,0.5256792074698939,3466039.1793279606,65.94442883044066,100.0802346573086,12139.008560983502,52560.0,31536000.0,08-19,2023.0,8.0,0.0,0.0,5.0,42.0,20.0,13.0,Eplus-env-08-19_thermostat_rbc_eco_year_2023_case_8_rep_0_zone_0_onoffseed_5_tempseed_42_comforttemp_20_setbacktemp_13_paper2_final_runs_v4-res1
0,135612.75030322027,135612.75030322027,0.0,0.0,-457635.3387648636,-8.706912837992077,2787.126312042657,0.0530275173524097,-26802.79207848218,-0.5099465768356579,-83613.7893612797,-1.5908255205722928,-319887.75566331693,-6.086144514142255,11.213850837138509,0.5099465768356579,2.097925659699541,31988775.5663317,608.6144514142256,683.9216152907672,26802.79207848218,52560.0,31536000.0,08-19,2022.0,1.0,0.0,0.0,10.0,15.0,20.0,13.0,Eplus-env-08-19_thermostat_rbc_eco_year_2022_case_1_rep_0_zone_0_onoffseed_10_tempseed_15_comforttemp_20_setbacktemp_13_paper2_final_runs_v4-res1
0,22767.3546974756,0.0,131513.27506734623,108745.92036987064,-450724.4191093917,-8.575426543177164,859.9469249654849,0.0163612428646401,-44228.01661509767,-0.8414767240315387,-25798.40774896455,-0.4908372859392038,-387870.4296162892,-7.37957438387156,15.454718417047184,0.8414767240315387,2.9057127280931585,38787042.961628914,737.9574383871559,807.0776717032265,44228.01661509767,52560.0,31536000.0,08-19,2023.0,7.0,0.0,0.0,15.0,10.0,20.0,13.0,Eplus-env-08-19_thermostat_rbc_eco_year_2023_case_7_rep_0_zone_0_onoffseed_15_tempseed_10_comforttemp_20_setbacktemp_13_paper2_final_runs_v4-res1
0,21709.492994870743,0.0,123856.45570016114,102146.9627052904,-462000.1592668085,-8.789957368089963,812.3570873230308,0.0154558045533301,-54005.145907851664,-1.0274951656744988,-24370.712619690927,-0.4636741365999035,-390234.47713985306,-7.424552456998726,16.737062404870624,1.0274951656744988,3.222205311113433,39023447.7139853,742.4552456998725,812.9660051997954,54005.145907851664,52560.0,31536000.0,08-19,2023.0,7.0,0.0,0.0,15.0,30.0,20.0,15.0,Eplus-env-08-19_thermostat_rbc_eco_year_2023_case_7_rep_0_zone_0_onoffseed_15_tempseed_30_comforttemp_20_setbacktemp_15_paper2_final_runs_v4-res1
0,62907.74446616223,0.0,174138.53252621545,111230.78806005322,-431265.3077520647,-8.205199919179313,872.9864249080916,0.0166093307630915,-46285.01368769159,-0.8806128936014382,-26189.592747242747,-0.4982799228927463,-333515.4683166058,-6.345423674212439,25.03424657534247,0.8806128936014382,2.920937869479425,33351546.831660576,634.5423674212439,708.4377047029374,46285.01368769159,52560.0,31536000.0,08-19,2022.0,6.0,0.0,0.0,10.0,42.0,20.0,15.0,Eplus-env-08-19_thermostat_rbc_eco_year_2022_case_6_rep_0_zone_0_onoffseed_10_tempseed_42_comforttemp_20_setbacktemp_15_paper2_final_runs_v4-res1
0,28525.165003918337,0.0,74118.66329838899,45593.49829447066,-62962.13772992163,-1.1979097741613705,358.9351112487392,0.0068290546280201,-5.123349287453767,-9.747620409919647e-05,-10768.053337462175,-0.2048716388406045,-39620.5768909286,-0.7538161508928577,0.0209284627092846,9.747620409919647e-05,0.0078811290211795,3962057.689092859,75.38161508928576,113.15387564787729,5.123349287453767,52560.0,31536000.0,08-19,2022.0,14.0,0.0,0.0,5.0,15.0,20.0,13.0,Eplus-env-08-19_thermostat_rbc_eco_year_2022_case_14_rep_0_zone_0_onoffseed_5_tempseed_15_comforttemp_20_setbacktemp_13_paper2_final_runs_v4-res1
0,55422.938019882415,0.0,137826.53106599025,82403.59304610782,-446728.652007174,-8.499403577001027,686.4785871435558,0.0130608559197784,-65342.55935204574,-1.2431993788440971,-20594.357614306675,-0.3918256775933538,-336044.58706106246,-6.393542371785816,27.119482496194824,1.2431993788440971,3.785319269507117,33604458.706106246,639.3542371785816,715.6336720851037,65342.55935204574,52560.0,31536000.0,08-19,2022.0,11.0,0.0,0.0,15.0,42.0,20.0,15.0,Eplus-env-08-19_thermostat_rbc_eco_year_2022_case_11_rep_0_zone_0_onoffseed_15_tempseed_42_comforttemp_20_setbacktemp_15_paper2_final_runs_v4-res1
0,14729.99440361216,0.0,87222.18043287726,72492.18602926508,-331442.6236564281,-6.305985990419105,590.636047482522,0.0112373677222702,-43621.69743971818,-0.829940971075308,-17719.081424475662,-0.3371210316681062,-275770.3177951148,-5.246771647547845,15.911339421613391,0.829940971075308,2.534130154875296,27577031.77951148,524.6771647547846,606.4058890115743,43621.69743971818,52560.0,31536000.0,08-19,2023.0,10.0,0.0,0.0,15.0,30.0,20.0,17.0,Eplus-env-08-19_thermostat_rbc_eco_year_2023_case_10_rep_0_zone_0_onoffseed_15_tempseed_30_comforttemp_20_setbacktemp_17_paper2_final_runs_v4-res1
0,13347.435961762743,0.0,79321.93614285921,65974.50018109646,-339793.88686429535,-6.464876081892986,539.5939223231705,0.0102662466195428,-50479.39292067047,-0.9604146293887076,-16187.817669695112,-0.3079873985862845,-278394.9565833067,-5.296707697551498,22.2640791476408,0.9604146293887076,2.785221654469137,27839495.658330668,529.6707697551496,611.6293355041174,50479.39292067047,52560.0,31536000.0,08-19,2023.0,10.0,0.0,0.0,15.0,42.0,20.0,17.0,Eplus-env-08-19_thermostat_rbc_eco_year_2023_case_10_rep_0_zone_0_onoffseed_15_tempseed_42_comforttemp_20_setbacktemp_17_paper2_final_runs_v4-res1
0,15948.090146847257,0.0,95130.80072702632,79182.71058017905,-317538.8059213881,-6.041453689524126,634.5121807032955,0.0120721495567598,-32945.85996554021,-0.6268238197401105,-19035.36542109886,-0.3621644867027941,-271545.8134067122,-5.166396754313398,13.396118721461187,0.6268238197401105,2.3551431757231778,27154581.34067121,516.6396754313397,595.2222764084996,32945.85996554021,52560.0,31536000.0,08-19,2023.0,10.0,0.0,0.0,15.0,15.0,20.0,15.0,Eplus-env-08-19_thermostat_rbc_eco_year_2023_case_10_rep_0_zone_0_onoffseed_15_tempseed_15_comforttemp_20_setbacktemp_15_paper2_final_runs_v4-res1
0,24181.103224323942,0.0,138082.01982109,113900.9165967661,-341113.1404921082,-6.489976036760049,899.6256098700235,0.0171161645713474,-94.58203133745354,-0.0017995059234675,-26988.7682961007,-0.5134849371404243,-321235.9979129513,-6.111796002910032,14.530060882800608,0.0017995059234675,0.006892382971777,32123599.791295134,611.1796002910033,695.9134794916614,94.58203133745354,52560.0,31536000.0,08-19,2023.0,6.0,0.0,0.0,5.0,42.0,20.0,17.0,Eplus-env-08-19_thermostat_rbc_eco_year_2023_case_6_rep_0_zone_0_onoffseed_5_tempseed_42_comforttemp_20_setbacktemp_17_paper2_final_runs_v4-res1
0,76451.18169188694,0.0,190940.1335269424,114488.9518350554,-437290.0804227531,-8.319826492061512,977.1437113554716,0.0185910142951954,-44846.05341719222,-0.8532354150911762,-29314.31134066416,-0.557730428855863,-329899.3152634282,-6.276623197553809,15.095129375951291,0.8532354150911762,2.952850104715309,32989931.526342817,627.6623197553808,702.8456975761313,44846.05341719222,52560.0,31536000.0,08-19,2022.0,6.0,0.0,0.0,15.0,10.0,20.0,15.0,Eplus-env-08-19_thermostat_rbc_eco_year_2022_case_6_rep_0_zone_0_onoffseed_15_tempseed_10_comforttemp_20_setbacktemp_15_paper2_final_runs_v4-res1
0,71435.81216036607,0.0,197312.4354088444,125876.62324847832,-380254.388123628,-7.234672528988357,990.1756235647664,0.0188389578303798,-40763.62117589332,-0.775563568795535,-29705.268706943,-0.5651687349113964,-281049.1290193394,-5.347205651052881,14.275114155251142,0.775563568795535,2.6809348867827345,28104912.90193394,534.7205651052881,611.7517764183518,40763.62117589332,52560.0,31536000.0,08-19,2022.0,5.0,0.0,0.0,10.0,30.0,20.0,15.0,Eplus-env-08-19_thermostat_rbc_eco_year_2022_case_5_rep_0_zone_0_onoffseed_10_tempseed_30_comforttemp_20_setbacktemp_15_paper2_final_runs_v4-res1
0,11820.05663302191,0.0,76601.04468671841,64780.98805369651,-490399.1766409817,-9.330273528176972,491.3758180943241,0.0093488549865739,-81242.83729415269,-1.545716082461048,-14741.274542829724,-0.280465649597217,-399486.3510153538,-7.600577454630019,35.1103500761035,1.545716082461048,3.047552313871928,39948635.10153538,760.0577454630019,817.000905743676,81242.83729415269,52560.0,31536000.0,08-19,2023.0,7.0,0.0,9.0,5.0,42.0,20.0,13.0,Eplus-env-08-19_thermostat_rbc_eco_year_2023_case_7_rep_0_zone_9_onoffseed_5_tempseed_42_comforttemp_20_setbacktemp_13_paper2_final_runs_v4-res1
0,61593.5450806336,0.0,155143.7594528714,93550.2143722378,-412653.7551466281,-7.851098842211342,790.0212654317147,0.015030845993754,-73281.34380443602,-1.394241700997641,-23700.63796295144,-0.4509253798126225,-288982.7321117257,-5.498149393297673,27.541856925418568,1.394241700997641,4.300807500936194,28898273.21117258,549.8149393297675,627.6419503936643,73281.34380443602,52560.0,31536000.0,08-19,2022.0,5.0,0.0,0.0,15.0,42.0,20.0,13.0,Eplus-env-08-19_thermostat_rbc_eco_year_2022_case_5_rep_0_zone_0_onoffseed_15_tempseed_42_comforttemp_20_setbacktemp_13_paper2_final_runs_v4-res1
0,25393.29413989727,0.0,169039.58299432512,143646.28885442787,-425110.0395837364,-8.088090555246126,1047.0846511113475,0.0199217018856801,-23027.496443379976,-0.4381182732758747,-31412.539533340427,-0.5976510565704038,-381308.2892045064,-7.254723919416028,11.659056316590563,0.4381182732758747,1.7299981268552642,38130828.92045065,725.472391941603,791.9213149175039,23027.496443379976,52560.0,31536000.0,08-19,2023.0,7.0,0.0,0.0,10.0,15.0,20.0,15.0,Eplus-env-08-19_thermostat_rbc_eco_year_2023_case_7_rep_0_zone_0_onoffseed_10_tempseed_15_comforttemp_20_setbacktemp_15_paper2_final_runs_v4-res1
0,10235.663916780188,0.0,62974.92687588887,52739.26295910867,-357671.0605066873,-6.80500495636772,427.3868653726615,0.0081314091585361,-67123.13311773188,-1.2770763530770906,-12821.605961179845,-0.2439422747560853,-282174.13073863764,-5.368609793353075,23.24200913242009,1.2770763530770906,3.94487509145094,28217413.07386376,536.8609793353074,614.1925491497042,67123.13311773188,52560.0,31536000.0,08-19,2023.0,10.0,0.0,0.0,15.0,42.0,20.0,13.0,Eplus-env-08-19_thermostat_rbc_eco_year_2023_case_10_rep_0_zone_0_onoffseed_15_tempseed_42_comforttemp_20_setbacktemp_13_paper2_final_runs_v4-res1
0,54816.36659430344,54816.36659430344,0.0,0.0,-521010.8767344731,-9.912687913517372,1777.866433375768,0.0338254648663578,-75781.60062163729,-1.441811275145306,-53335.99300127304,-1.0147639459907352,-400384.0066020362,-7.617656137786077,39.10197869101978,1.441811275145306,2.564940277816856,40038400.66020362,761.7656137786078,826.1764772716565,75781.60062163729,52560.0,31536000.0,08-19,2023.0,2.0,0.0,9.0,5.0,42.0,20.0,17.0,Eplus-env-08-19_thermostat_rbc_eco_year_2023_case_2_rep_0_zone_9_onoffseed_5_tempseed_42_comforttemp_20_setbacktemp_17_paper2_final_runs_v4-res1
0,62382.80678730935,62382.80678730935,0.0,0.0,-406659.8599730377,-7.737059740735115,2044.5488312420773,0.0388993308836011,-72503.51300748522,-1.3794427893357155,-61336.46493726232,-1.1669799265080352,-283120.9727328547,-5.386624290959945,24.050608828006087,1.3794427893357155,4.004283773341928,28312097.27328547,538.6624290959945,619.6801816596518,72503.51300748522,52560.0,31536000.0,08-18,2023.0,0.0,0.0,0.0,15.0,42.0,20.0,15.0,Eplus-env-08-18_thermostat_rbc_eco_year_2023_case_0_rep_0_zone_0_onoffseed_15_tempseed_42_comforttemp_20_setbacktemp_15_paper2_final_runs_v4-res1
0,63453.68612526964,0.0,157698.09188167786,94244.4057564082,-474904.1886440878,-9.035467820473512,788.6569237947924,0.0150048882000531,-34900.630705276475,-0.6640150438599025,-23659.70771384377,-0.4501466460015939,-388092.0973197282,-7.383791805930902,14.657534246575343,0.6640150438599025,2.2145277352528017,38809209.73197282,738.3791805930902,811.4910429700858,34900.630705276475,52560.0,31536000.0,08-19,2022.0,12.0,0.0,0.0,15.0,10.0,20.0,17.0,Eplus-env-08-19_thermostat_rbc_eco_year_2022_case_12_rep_0_zone_0_onoffseed_15_tempseed_10_comforttemp_20_setbacktemp_17_paper2_final_runs_v4-res1
0,38565.61659041873,0.0,96304.41657214036,57738.79998172163,-101305.86572636434,-1.92743275735092,484.064899178044,0.0092097583557466,-34986.21054110675,-0.6656432751352122,-14521.946975341318,-0.2762927506723995,-34769.12425263603,-0.6615130185052517,29.77549467275495,0.6656432751352122,2.094246250015334,3476912.4252636028,66.15130185052517,100.34652446728605,34986.21054110675,52560.0,31536000.0,08-19,2022.0,8.0,0.0,0.0,15.0,42.0,20.0,13.0,Eplus-env-08-19_thermostat_rbc_eco_year_2022_case_8_rep_0_zone_0_onoffseed_15_tempseed_42_comforttemp_20_setbacktemp_13_paper2_final_runs_v4-res1
0,47097.47340380495,0.0,117125.62143652758,70028.14803272262,-86220.36555744056,-1.6404179139543484,594.1594211286355,0.0113044029895098,-13493.082727591827,-0.2567177079069982,-17824.78263385906,-0.3391320896852941,-34196.8398381959,-0.6506248066627834,9.720319634703197,0.2567177079069982,1.335965336723113,3419683.98381959,65.06248066627835,98.51024676289718,13493.082727591827,52560.0,31536000.0,08-19,2022.0,8.0,0.0,0.0,15.0,10.0,20.0,13.0,Eplus-env-08-19_thermostat_rbc_eco_year_2022_case_8_rep_0_zone_0_onoffseed_15_tempseed_10_comforttemp_20_setbacktemp_13_paper2_final_runs_v4-res1
0,10827.823633290453,0.0,74610.16722486318,63782.34359157271,-62263.44983850526,-1.1846166255423374,496.94084426122913,0.0094547344798559,-19335.54908423154,-0.3678757436117112,-14908.225327836872,-0.2836420343956787,-34069.658239878794,-0.6482050654467046,12.617960426179604,0.3678757436117112,1.4455437251498275,3406965.82398788,64.82050654467047,98.31705150964844,19335.54908423154,52560.0,31536000.0,08-19,2023.0,8.0,0.0,0.0,15.0,30.0,20.0,13.0,Eplus-env-08-19_thermostat_rbc_eco_year_2023_case_8_rep_0_zone_0_onoffseed_15_tempseed_30_comforttemp_20_setbacktemp_13_paper2_final_runs_v4-res1
0,52002.579127176825,0.0,128862.1277138254,76859.54858664858,-85437.44832009444,-1.625522228312299,655.6795085814015,0.0124748764950799,-9070.2081288404,-0.1725686478089878,-19670.38525744204,-0.3742462948523981,-33823.93020731068,-0.6435298745683159,7.241248097412481,0.1725686478089878,1.1404681019102054,3382393.020731068,64.35298745683157,97.30856017909464,9070.2081288404,52560.0,31536000.0,08-19,2022.0,8.0,0.0,0.0,15.0,15.0,20.0,13.0,Eplus-env-08-19_thermostat_rbc_eco_year_2022_case_8_rep_0_zone_0_onoffseed_15_tempseed_15_comforttemp_20_setbacktemp_13_paper2_final_runs_v4-res1
0,32497.06284283348,0.0,191486.07864407584,158989.01580124235,-287944.3594095588,-5.478393443865274,1230.890723774171,0.0234187732833746,-0.1994270285903603,-3.794273755524359e-06,-36926.72171322512,-0.7025631985012389,-261358.3128708081,-4.972570640616593,0.0038051750380517,3.794273755524359e-06,0.0006320680100463,26135831.28708081,497.25706406165926,589.5198404361759,0.1994270285903603,52560.0,31536000.0,08-19,2023.0,5.0,0.0,0.0,5.0,10.0,20.0,17.0,Eplus-env-08-19_thermostat_rbc_eco_year_2023_case_5_rep_0_zone_0_onoffseed_5_tempseed_10_comforttemp_20_setbacktemp_17_paper2_final_runs_v4-res1
0,23072.24262264196,0.0,134913.50006460364,111841.25744196169,-341583.66478149215,-6.498928173163853,868.6971428125353,0.0165277234172856,-137.04136363052538,-0.0026073318803372,-26060.914284376053,-0.4958317025185703,-322571.22172827827,-6.137199804571504,15.057077625570775,0.0026073318803372,0.0389901635789717,32257122.17282782,613.7199804571503,695.2497458672971,137.04136363052538,52560.0,31536000.0,08-19,2023.0,6.0,0.0,0.0,5.0,42.0,20.0,13.0,Eplus-env-08-19_thermostat_rbc_eco_year_2023_case_6_rep_0_zone_0_onoffseed_5_tempseed_42_comforttemp_20_setbacktemp_13_paper2_final_runs_v4-res1
0,23398.243154232347,0.0,142616.23479144473,119217.99163721238,-335858.3490206705,-6.38999903007364,921.8206177540768,0.0175384440211962,-38682.67740216635,-0.7359717922786596,-27654.618532622306,-0.5261533206358886,-278033.5688940266,-5.289831980479959,22.67123287671233,0.7359717922786596,2.2442955899834125,27803356.889402665,528.9831980479959,611.0971806252388,38682.67740216635,52560.0,31536000.0,08-19,2023.0,5.0,0.0,0.0,10.0,42.0,20.0,17.0,Eplus-env-08-19_thermostat_rbc_eco_year_2023_case_5_rep_0_zone_0_onoffseed_10_tempseed_42_comforttemp_20_setbacktemp_17_paper2_final_runs_v4-res1
0,62992.85698527894,0.0,165832.62878887964,102839.77180360071,-346114.8736786292,-6.585138388101773,836.7673320104348,0.0159202308221163,-23482.695132503497,-0.4467788267219082,-25103.01996031304,-0.4776069246634901,-271097.72224646894,-5.157871427824752,10.321537290715373,0.4467788267219082,1.9581942887659884,27109772.22464689,515.7871427824751,592.4519036027964,23482.695132503497,52560.0,31536000.0,08-19,2022.0,10.0,0.0,0.0,10.0,15.0,20.0,13.0,Eplus-env-08-19_thermostat_rbc_eco_year_2022_case_10_rep_0_zone_0_onoffseed_10_tempseed_15_comforttemp_20_setbacktemp_13_paper2_final_runs_v4-res1
0,55199.61939788274,0.0,140259.42411381291,85059.8047159302,-79895.44209547945,-1.520080709579137,694.8523697010178,0.013220174461587,-60.22202714842698,-0.0011457767722303,-20845.57109103053,-0.3966052338476129,-34676.41143892316,-0.6597490760830129,0.1293759512937595,0.0011457767722303,0.0469549243797793,3467641.143892315,65.97490760830128,99.63221332268348,60.22202714842698,52560.0,31536000.0,08-19,2022.0,8.0,0.0,0.0,5.0,10.0,20.0,13.0,Eplus-env-08-19_thermostat_rbc_eco_year_2022_case_8_rep_0_zone_0_onoffseed_5_tempseed_10_comforttemp_20_setbacktemp_13_paper2_final_runs_v4-res1
0,49422.352626848064,0.0,125710.30651473616,76287.95388788808,-75598.39831675573,-1.438325690958062,621.3744425230415,0.0118221925898599,-206.24367210125308,-0.003923966364179,-18641.23327569124,-0.3546657776957999,-34959.727960630094,-0.6651394208643473,0.7286910197869102,0.003923966364179,0.0988413086932077,3495972.7960630087,66.51394208643471,100.66537497470622,206.24367210125308,52560.0,31536000.0,08-19,2022.0,8.0,0.0,0.0,5.0,30.0,20.0,13.0,Eplus-env-08-19_thermostat_rbc_eco_year_2022_case_8_rep_0_zone_0_onoffseed_5_tempseed_30_comforttemp_20_setbacktemp_13_paper2_final_runs_v4-res1
0,12195.324991496314,0.0,92201.33996029812,80006.0149688018,-51779.031572881,-0.9851413921781011,587.0734704499099,0.011169586576292,-7913.549101984496,-0.1505621975263412,-17612.204113497293,-0.3350875972887613,-33888.48709535338,-0.6447581258628878,8.188736681887367,0.1505621975263412,0.7334307590659854,3388848.709535338,64.47581258628877,97.64527720780076,7913.549101984496,52560.0,31536000.0,08-19,2023.0,8.0,0.0,0.0,10.0,10.0,20.0,13.0,Eplus-env-08-19_thermostat_rbc_eco_year_2023_case_8_rep_0_zone_0_onoffseed_10_tempseed_10_comforttemp_20_setbacktemp_13_paper2_final_runs_v4-res1
0,13798.41523517777,0.0,102876.78366721077,89078.36843203299,-49219.91958794192,-0.9364520469547548,651.4583128682344,0.0123945645522875,-4445.426706127682,-0.0845781336782283,-19543.749386047035,-0.371836936568627,-33486.00937791531,-0.6371006350440508,5.643074581430746,0.0845781336782283,0.5111435616421357,3348600.937791531,63.71006350440508,96.33850858503936,4445.426706127682,52560.0,31536000.0,08-19,2023.0,8.0,0.0,0.0,10.0,15.0,20.0,13.0,Eplus-env-08-19_thermostat_rbc_eco_year_2023_case_8_rep_0_zone_0_onoffseed_10_tempseed_15_comforttemp_20_setbacktemp_13_paper2_final_runs_v4-res1
0,14080.146568194705,0.0,92982.72231935026,78902.57575115557,-51477.39702318386,-0.9794025308824936,616.5721224433062,0.0117308242473992,-6599.116627248321,-0.1255539693159878,-18497.163673299183,-0.3519247274219784,-33359.31248849545,-0.6346901158389545,7.235540334855403,0.1255539693159878,0.6943492720679751,3335931.248849545,63.46901158389546,96.02659325620264,6599.116627248321,52560.0,31536000.0,08-19,2023.0,8.0,0.0,0.0,15.0,15.0,20.0,17.0,Eplus-env-08-19_thermostat_rbc_eco_year_2023_case_8_rep_0_zone_0_onoffseed_15_tempseed_15_comforttemp_20_setbacktemp_17_paper2_final_runs_v4-res1
0,78204.87563866674,0.0,214500.4251187052,136295.5494800384,-474219.4896382509,-9.022440822645564,1076.8144684725894,0.0204873376802243,-24710.94799660425,-0.470147412416367,-32304.434054177684,-0.6146201304067291,-385529.1328816534,-7.335029164415019,12.237442922374427,0.470147412416367,1.7016858984353933,38552913.28816534,733.5029164415018,803.8818762706038,24710.94799660425,52560.0,31536000.0,08-19,2022.0,7.0,0.0,0.0,10.0,10.0,20.0,17.0,Eplus-env-08-19_thermostat_rbc_eco_year_2022_case_7_rep_0_zone_0_onoffseed_10_tempseed_10_comforttemp_20_setbacktemp_17_paper2_final_runs_v4-res1
0,73488.47845451716,0.0,195179.2770184049,121690.79856388774,-378523.4881101569,-7.2017406413652365,977.510478507882,0.018597992361261,-36541.38261751636,-0.695231784960357,-29325.314355236456,-0.5579397708378321,-281861.18126899994,-5.36265565580289,23.75380517503805,0.695231784960357,2.2002507281238404,28186118.1269,536.2655655802893,618.7955765281433,36541.38261751636,52560.0,31536000.0,08-19,2022.0,5.0,0.0,0.0,10.0,42.0,20.0,17.0,Eplus-env-08-19_thermostat_rbc_eco_year_2022_case_5_rep_0_zone_0_onoffseed_10_tempseed_42_comforttemp_20_setbacktemp_17_paper2_final_runs_v4-res1
0,26684.999112722817,0.0,153429.0236174474,126744.02450472464,-339081.0486611338,-6.451313711208786,993.418423107995,0.0189006549297563,-15.613228854780925,-0.000297055343508,-29802.55269323984,-0.5670196478926911,-317234.4376581606,-6.035662816936084,0.0399543378995433,0.000297055343508,0.0211782317439867,31723443.76581605,603.5662816936083,686.9920329847923,15.613228854780925,52560.0,31536000.0,08-19,2023.0,6.0,0.0,0.0,5.0,30.0,20.0,13.0,Eplus-env-08-19_thermostat_rbc_eco_year_2023_case_6_rep_0_zone_0_onoffseed_5_tempseed_30_comforttemp_20_setbacktemp_13_paper2_final_runs_v4-res1
0,34314.12002372524,0.0,90213.43418646327,55899.31416273805,-510828.736860824,-9.718963791111568,439.2216424186969,0.0083565761495185,-73601.47167089168,-1.4003324138297504,-13176.649272560906,-0.2506972844855575,-409154.8835985228,-7.784529748830342,33.43036529680366,1.4003324138297504,2.952331079122286,40915488.35985227,778.452974883034,840.3657031136489,73601.47167089168,52560.0,31536000.0,08-19,2022.0,7.0,0.0,9.0,5.0,42.0,18.0,13.0,Eplus-env-08-19_thermostat_rbc_eco_year_2022_case_7_rep_0_zone_9_onoffseed_5_tempseed_42_comforttemp_18_setbacktemp_13_paper2_final_runs_v4-res1
0,26834.80414347909,26368.497658961795,14456.246925304797,13989.9404407875,-63610.13809204375,-1.2102385481743485,962.816387860188,0.0183184244265636,-253.36430288927727,-0.0048204776044383,-28884.49163580564,-0.5495527327969109,-41403.22051937424,-0.7877325060763744,1.5829528158295283,0.0048204776044383,0.0764023277151369,4140322.051937423,78.77325060763742,117.98607249661542,253.36430288927727,52560.0,31536000.0,08-19,2023.0,4.0,0.0,0.0,5.0,30.0,20.0,15.0,Eplus-env-08-19_thermostat_rbc_eco_year_2023_case_4_rep_0_zone_0_onoffseed_5_tempseed_30_comforttemp_20_setbacktemp_15_paper2_final_runs_v4-res1
0,71431.74663289894,61443.03677767415,23978.650296012293,13989.9404407875,-102314.64253768323,-1.9466256190579003,1365.504619077538,0.025979920454291,-9419.97779747114,-0.1792233218696944,-40965.13857232613,-0.7793976136287316,-34456.352819837506,-0.6555622682617486,7.6312785388127855,0.1792233218696944,1.0622532616087956,3445635.28198375,65.55622682617485,98.9607888234966,9419.97779747114,52560.0,31536000.0,08-19,2022.0,3.0,0.0,0.0,15.0,15.0,20.0,13.0,Eplus-env-08-19_thermostat_rbc_eco_year_2022_case_3_rep_0_zone_0_onoffseed_15_tempseed_15_comforttemp_20_setbacktemp_13_paper2_final_runs_v4-res1
0,27252.37464838364,26786.068163866337,14456.246925304797,13989.9404407875,-87095.36795336564,-1.6570656003303963,972.5899947717784,0.0185043758518222,-29944.281061018293,-0.5697161541289629,-29177.69984315336,-0.5551312755546681,-34855.91919250468,-0.6631643681983386,29.096270928462708,0.5697161541289629,1.5442729929195658,3485591.919250469,66.31643681983388,100.94723968456525,29944.281061018293,52560.0,31536000.0,08-19,2023.0,3.0,0.0,0.0,10.0,42.0,20.0,13.0,Eplus-env-08-19_thermostat_rbc_eco_year_2023_case_3_rep_0_zone_0_onoffseed_10_tempseed_42_comforttemp_20_setbacktemp_13_paper2_final_runs_v4-res1
0,4354.472500976189,0.0,31274.713329134083,26920.240828157897,-64971.71340362799,-1.2361437101146877,206.06169510763368,0.0039205040926109,-20448.096446271164,-0.3890429308651287,-6181.850853229009,-0.1176151227783297,-40961.2230043082,-0.7793231165203235,28.725266362252665,0.3890429308651287,1.0492386499499728,4096122.3004308194,77.93231165203233,116.94129059918404,20448.096446271164,52560.0,31536000.0,08-19,2023.0,14.0,0.0,0.0,10.0,42.0,20.0,17.0,Eplus-env-08-19_thermostat_rbc_eco_year_2023_case_14_rep_0_zone_0_onoffseed_10_tempseed_42_comforttemp_20_setbacktemp_17_paper2_final_runs_v4-res1
0,50752.852116043454,40764.14226081866,23978.650296012293,13989.9404407875,-116601.71405163224,-2.2184496585165947,906.5577890940162,0.0172480553480596,-39770.445732750886,-0.7566675367722772,-27196.73367282049,-0.5174416604417902,-35310.36000274621,-0.671810502335354,30.77054794520548,0.7566675367722772,2.250883185421076,3531036.0002746205,67.1810502335354,101.81635378995352,39770.445732750886,52560.0,31536000.0,08-19,2022.0,3.0,0.0,0.0,15.0,42.0,20.0,13.0,Eplus-env-08-19_thermostat_rbc_eco_year_2022_case_3_rep_0_zone_0_onoffseed_15_tempseed_42_comforttemp_20_setbacktemp_13_paper2_final_runs_v4-res1
0,12117.14120796787,0.0,76160.65162127388,64043.51041330601,-43909.4563931686,-0.835415837008535,489.3837304157293,0.0093109537750329,0.0,0.0,-14681.511912471877,-0.279328613250987,-33996.423170930095,-0.6468117041653366,0.0,0.0,0.0,3399642.3170930096,64.68117041653367,97.4472821070163,0.0,52560.0,31536000.0,08-19,2023.0,13.0,0.0,0.0,5.0,15.0,20.0,17.0,Eplus-env-08-19_thermostat_rbc_eco_year_2023_case_13_rep_0_zone_0_onoffseed_5_tempseed_15_comforttemp_20_setbacktemp_17_paper2_final_runs_v4-res1
0,11069.417954497629,0.0,78362.62541937386,67293.20746487624,-55863.56222043684,-1.0628531624892854,514.0538980962513,0.0097803253062452,-12147.167164167367,-0.2311104863806576,-15421.616942887538,-0.293409759187358,-34660.50422769497,-0.6594464274675603,28.921232876712327,0.2311104863806576,0.5248983390726473,3466050.422769497,65.94464274675603,100.05571126431764,12147.167164167367,52560.0,31536000.0,08-19,2023.0,8.0,0.0,0.0,5.0,42.0,20.0,15.0,Eplus-env-08-19_thermostat_rbc_eco_year_2023_case_8_rep_0_zone_0_onoffseed_5_tempseed_42_comforttemp_20_setbacktemp_15_paper2_final_runs_v4-res1
0,55048.41643395863,0.0,139906.21013221898,84857.79369826037,-79763.00173082914,-1.517560915731148,693.5643938926333,0.0131956695946087,-56.8642084161405,-0.0010818913321183,-20806.931816779004,-0.3958700878382611,-34671.028037791446,-0.6596466521649819,0.1255707762557077,0.0010818913321183,0.044353899502776,3467102.803779145,65.96466521649819,99.59048324136222,56.8642084161405,52560.0,31536000.0,08-19,2022.0,8.0,0.0,0.0,5.0,10.0,20.0,15.0,Eplus-env-08-19_thermostat_rbc_eco_year_2022_case_8_rep_0_zone_0_onoffseed_5_tempseed_10_comforttemp_20_setbacktemp_15_paper2_final_runs_v4-res1
0,12304.159608745644,0.0,82962.8070050664,70658.64739632074,-55797.75909214676,-1.0616012003833095,551.2208937686015,0.0104874599271042,-11987.643914137649,-0.2280754169356478,-16536.626813058043,-0.3146237978131286,-33744.082202094294,-0.6420106963868777,10.007610350076105,0.2280754169356478,1.0520205786341543,3374408.220209429,64.20106963868777,97.25844038087163,11987.643914137649,52560.0,31536000.0,08-19,2023.0,8.0,0.0,0.0,15.0,10.0,20.0,13.0,Eplus-env-08-19_thermostat_rbc_eco_year_2023_case_8_rep_0_zone_0_onoffseed_15_tempseed_10_comforttemp_20_setbacktemp_13_paper2_final_runs_v4-res1
0,128371.18455450982,128371.18455450982,0.0,0.0,-510061.366557033,-9.70436389948693,2636.8277702005453,0.0501679560540438,-24631.092843344595,-0.4686280982371498,-79104.83310601636,-1.505038681621316,-380409.807629644,-7.2376295211119475,10.93226788432268,0.4686280982371498,1.9661666939267013,38040980.7629644,723.7629521111947,793.7117753449235,24631.092843344595,52560.0,31536000.0,08-19,2022.0,2.0,0.0,0.0,10.0,15.0,20.0,13.0,Eplus-env-08-19_thermostat_rbc_eco_year_2022_case_2_rep_0_zone_0_onoffseed_10_tempseed_15_comforttemp_20_setbacktemp_13_paper2_final_runs_v4-res1
0,40770.64016517294,0.0,103611.50023541688,62840.86007024394,-74830.71857354527,-1.4237199119776496,514.2457886010719,0.0097839761910401,-141.7351637028692,-0.0026966355346816,-15427.373658032157,-0.2935192857312054,-41334.52269071441,-0.7864254697624508,0.6792237442922374,0.0026966355346816,0.0608241956144308,4133452.26907144,78.64254697624506,117.65509691695904,141.7351637028692,52560.0,31536000.0,08-19,2022.0,9.0,0.0,0.0,5.0,30.0,20.0,17.0,Eplus-env-08-19_thermostat_rbc_eco_year_2022_case_9_rep_0_zone_0_onoffseed_5_tempseed_30_comforttemp_20_setbacktemp_17_paper2_final_runs_v4-res1
0,4275.591694706596,0.0,39760.14192082305,35484.55022611646,-89917.96700073211,-1.7107680175177342,270.54591770432046,0.0051473728634764,-45830.89457101449,-0.8719728799660291,-8116.377531129614,-0.1544211859042925,-40589.21086427815,-0.7722452599748507,29.34550989345509,0.8719728799660291,1.920198632599351,4058921.086427814,77.22452599748505,115.95582893951746,45830.89457101449,52560.0,31536000.0,08-19,2023.0,9.0,0.0,9.0,5.0,42.0,19.0,15.0,Eplus-env-08-19_thermostat_rbc_eco_year_2023_case_9_rep_0_zone_9_onoffseed_5_tempseed_42_comforttemp_19_setbacktemp_15_paper2_final_runs_v4-res1
0,9691.882108333231,0.0,62936.798181564176,53244.91607323096,-322851.7558032621,-6.1425372108687615,433.8890138118109,0.0082551182232079,-25188.048585196066,-0.4792246686681138,-13016.670414354328,-0.2476535466962391,-289734.77846523863,-5.512457733356899,30.98744292237443,0.4792246686681138,0.9386375432433994,28973477.846523862,551.2457733356899,625.6288805116526,25188.048585196066,52560.0,31536000.0,08-19,2023.0,10.0,0.0,9.0,5.0,42.0,18.0,17.0,Eplus-env-08-19_thermostat_rbc_eco_year_2023_case_10_rep_0_zone_9_onoffseed_5_tempseed_42_comforttemp_18_setbacktemp_17_paper2_final_runs_v4-res1
0,22481.138003151,0.0,126326.41604880814,103845.27804565712,-377794.1271883843,-7.18786391149894,830.528822757101,0.0158015377236891,-35800.31532372552,-0.6811323311211095,-24915.86468271303,-0.474046131710674,-323601.99286428094,-6.156811127554812,14.098173515981737,0.6811323311211095,2.469066362602566,32360199.28642809,615.6811127554812,689.5423630133791,35800.31532372552,52560.0,31536000.0,08-19,2023.0,11.0,0.0,0.0,15.0,15.0,20.0,15.0,Eplus-env-08-19_thermostat_rbc_eco_year_2023_case_11_rep_0_zone_0_onoffseed_15_tempseed_15_comforttemp_20_setbacktemp_15_paper2_final_runs_v4-res1
0,27580.59516464074,27114.28868012344,14456.246925304797,13989.9404407875,-69847.82239504714,-1.328915951199527,993.375525322218,0.0188998387618382,-6205.018404227178,-0.1180559057120848,-29801.265759666538,-0.5669951628551472,-41079.11908662737,-0.7815661926679484,7.581811263318112,0.1180559057120848,0.5844127627261629,4107911.908662737,78.15661926679485,117.07495727682856,6205.018404227178,52560.0,31536000.0,08-19,2023.0,4.0,0.0,0.0,10.0,10.0,20.0,17.0,Eplus-env-08-19_thermostat_rbc_eco_year_2023_case_4_rep_0_zone_0_onoffseed_10_tempseed_10_comforttemp_20_setbacktemp_17_paper2_final_runs_v4-res1
0,11210.720127804663,10744.413643287364,14456.246925304798,13989.9404407875,-107219.64045562618,-2.039947497253162,446.4566453982465,0.0084942284132086,-57721.29583027335,-1.0981981702867836,-13393.699361947392,-0.2548268523962593,-40326.85448879585,-0.7672537003195558,31.45357686453577,1.0981981702867836,2.4598043982954647,4032685.4488795847,76.72537003195556,115.18430082743586,57721.29583027335,52560.0,31536000.0,08-19,2023.0,4.0,0.0,9.0,5.0,42.0,20.0,13.0,Eplus-env-08-19_thermostat_rbc_eco_year_2023_case_4_rep_0_zone_9_onoffseed_5_tempseed_42_comforttemp_20_setbacktemp_13_paper2_final_runs_v4-res1
0,18093.808434746825,0.0,120992.98725147368,102899.17881672688,-431472.6979394799,-8.209145699000759,767.7171243141893,0.0146064901886261,-31298.350947084626,-0.5954785187801489,-23031.51372942568,-0.4381947056587838,-385371.8023119288,-7.332035812631827,13.871765601217655,0.5954785187801489,1.9295654631705228,38537180.23119289,733.2035812631827,804.7871899468926,31298.350947084626,52560.0,31536000.0,08-19,2023.0,12.0,0.0,0.0,10.0,30.0,20.0,17.0,Eplus-env-08-19_thermostat_rbc_eco_year_2023_case_12_rep_0_zone_0_onoffseed_10_tempseed_30_comforttemp_20_setbacktemp_17_paper2_final_runs_v4-res1
0,55326.81349611572,0.0,139355.7561433224,84028.94264720668,-485976.5862298728,-9.24612987499758,694.2878039551046,0.0132094331041686,-48489.67497757172,-0.9225585041394924,-20828.63411865314,-0.3962829931250597,-392224.0451311288,-7.462405729283272,26.35844748858448,0.9225585041394924,2.707260925755942,39222404.51311287,746.2405729283271,821.7429476705915,48489.67497757172,52560.0,31536000.0,08-19,2022.0,12.0,0.0,0.0,15.0,42.0,20.0,17.0,Eplus-env-08-19_thermostat_rbc_eco_year_2022_case_12_rep_0_zone_0_onoffseed_15_tempseed_42_comforttemp_20_setbacktemp_17_paper2_final_runs_v4-res1
1,,,,,,,,,,,,,,,,,,,,,,,,,,,,,,,,,
0,68269.3878052622,0.0,169570.89357019783,101301.5057649356,-469205.7727084691,-8.92705047010025,855.393735163148,0.0162746144437433,-27539.14851551853,-0.5239564025022551,-25661.81205489444,-0.488238433312299,-385815.4380294657,-7.340476370423624,12.97564687975647,0.5239564025022551,1.901980446036513,38581543.80294656,734.0476370423622,805.7937243504763,27539.14851551853,52560.0,31536000.0,08-19,2022.0,12.0,0.0,0.0,15.0,15.0,20.0,17.0,Eplus-env-08-19_thermostat_rbc_eco_year_2022_case_12_rep_0_zone_0_onoffseed_15_tempseed_15_comforttemp_20_setbacktemp_17_paper2_final_runs_v4-res1
0,106409.45947898808,106409.45947898808,0.0,0.0,-480267.3645894686,-9.137506936633724,2060.0649373942447,0.0391945383826911,-100061.27708846904,-1.9037533692631097,-61801.94812182734,-1.1758361514807334,-293152.5087012394,-5.577483042261024,42.98135464231355,1.9037533692631097,3.2728750523190704,29315250.87012394,557.7483042261024,627.3979434772585,100061.27708846904,52560.0,31536000.0,08-18,2022.0,0.0,0.0,9.0,5.0,42.0,21.0,17.0,Eplus-env-08-18_thermostat_rbc_eco_year_2022_case_0_rep_0_zone_9_onoffseed_5_tempseed_42_comforttemp_21_setbacktemp_17_paper2_final_runs_v4-res1
0,40720.51287357236,0.0,103463.2193236885,62742.70645011614,-74800.98863771968,-1.4231542739292178,512.1970141629198,0.0097449964642869,-163.1702685624841,-0.0031044571644308,-15365.910424887592,-0.2923498939286071,-41324.36678728766,-0.7862322448114091,0.6678082191780822,0.0031044571644308,0.0701668192669003,4132436.6787287663,78.62322448114091,117.6332604934033,163.1702685624841,52560.0,31536000.0,08-19,2022.0,9.0,0.0,0.0,5.0,30.0,20.0,15.0,Eplus-env-08-19_thermostat_rbc_eco_year_2022_case_9_rep_0_zone_0_onoffseed_5_tempseed_30_comforttemp_20_setbacktemp_15_paper2_final_runs_v4-res1
0,39898.41047542064,0.0,102867.57503241146,62969.16455699084,-66972.72417297728,-1.274214691266691,500.0415163784379,0.0095137274805638,-0.8019330874190196,-1.5257478832173129e-05,-15001.245491353138,-0.2854118244169166,-34331.03262994824,-0.6531779419700959,0.0019025875190258,1.5257478832173129e-05,0.0034978914099003,3433103.262994824,65.31779419700959,98.37633853413108,0.8019330874190196,52560.0,31536000.0,08-19,2022.0,13.0,0.0,0.0,5.0,15.0,20.0,13.0,Eplus-env-08-19_thermostat_rbc_eco_year_2022_case_13_rep_0_zone_0_onoffseed_5_tempseed_15_comforttemp_20_setbacktemp_13_paper2_final_runs_v4-res1
0,65861.0604925667,0.0,166829.0594798812,100967.99898731452,-379160.2097278555,-7.213854827394512,819.5442403653884,0.0155925464300872,-104.49093309980094,-0.0019880314516704,-24586.32721096165,-0.4677763929026189,-325174.7852057869,-6.186734878344499,16.145357686453575,0.0019880314516704,0.007085947874875,32517478.520578694,618.67348783445,703.1406301647221,104.49093309980094,52560.0,31536000.0,08-19,2022.0,11.0,0.0,0.0,5.0,42.0,20.0,17.0,Eplus-env-08-19_thermostat_rbc_eco_year_2022_case_11_rep_0_zone_0_onoffseed_5_tempseed_42_comforttemp_20_setbacktemp_17_paper2_final_runs_v4-res1
0,20708.88483286334,0.0,116983.60421676564,96274.71938390228,-389746.9668622671,-7.4152771473034065,770.8016555697934,0.0146651760953157,-45949.40896439649,-0.8742277200227643,-23124.0496670938,-0.4399552828594711,-326855.6192161051,-6.218714216440356,15.669710806697108,0.8742277200227643,2.9023974629785583,32685561.921610508,621.8714216440355,696.277021611047,45949.40896439649,52560.0,31536000.0,08-19,2023.0,11.0,0.0,0.0,15.0,10.0,20.0,15.0,Eplus-env-08-19_thermostat_rbc_eco_year_2023_case_11_rep_0_zone_0_onoffseed_15_tempseed_10_comforttemp_20_setbacktemp_15_paper2_final_runs_v4-res1
0,14798.366897763311,0.0,37429.382037025774,22631.015139262465,-84002.60394805686,-1.5982230583724668,185.75867326384207,0.0035342213330259,-37699.91006463856,-0.717273783573793,-5572.760197915262,-0.1060266399907774,-34196.14992435814,-0.6506116804482143,26.307077625570773,0.717273783573793,1.6767223896277297,3419614.9924358143,65.06116804482143,98.99965894516268,37699.91006463856,52560.0,31536000.0,08-19,2022.0,13.0,0.0,9.0,5.0,42.0,19.0,15.0,Eplus-env-08-19_thermostat_rbc_eco_year_2022_case_13_rep_0_zone_9_onoffseed_5_tempseed_42_comforttemp_19_setbacktemp_15_paper2_final_runs_v4-res1
0,23471.923419025843,0.0,137752.45421260034,114280.53079357452,-392151.551770521,-7.461026479652226,905.8478870736028,0.0172345488408219,-46144.36542229045,-0.8779369372581897,-27175.43661220808,-0.517036465224659,-326804.80579912546,-6.21774744671091,15.703957382039574,0.8779369372581897,2.9238577355216777,32680480.579912547,621.7747446710911,696.2335855453847,46144.36542229045,52560.0,31536000.0,08-19,2023.0,6.0,0.0,0.0,15.0,10.0,20.0,15.0,Eplus-env-08-19_thermostat_rbc_eco_year_2023_case_6_rep_0_zone_0_onoffseed_15_tempseed_10_comforttemp_20_setbacktemp_15_paper2_final_runs_v4-res1
0,98831.99837302676,98831.99837302676,0.0,0.0,-340455.30553027155,-6.477460150880357,3300.451983535284,0.0627939875101842,0.0,0.0,-99013.5595060585,-1.883819625305527,-259600.8476612983,-4.939133326889237,0.0,0.0,0.0,25960084.76612982,493.9133326889236,588.3374644564874,0.0,52560.0,31536000.0,08-18,2023.0,0.0,0.0,0.0,5.0,10.0,20.0,17.0,Eplus-env-08-18_thermostat_rbc_eco_year_2023_case_0_rep_0_zone_0_onoffseed_5_tempseed_10_comforttemp_20_setbacktemp_17_paper2_final_runs_v4-res1
0,75909.99756817875,75909.99756817875,0.0,0.0,-333961.9667079966,-6.353918696879692,2496.893951716899,0.0475055926886776,-94.77506751823836,-0.0018031786057503,-74906.81855150696,-1.4251677806603305,-271765.2226299513,-5.170571206810337,12.109969558599696,0.0018031786057503,0.008504794690059,27176522.26299513,517.0571206810338,605.7886202281093,94.77506751823836,52560.0,31536000.0,08-18,2023.0,0.0,0.0,0.0,5.0,42.0,20.0,15.0,Eplus-env-08-18_thermostat_rbc_eco_year_2023_case_0_rep_0_zone_0_onoffseed_5_tempseed_42_comforttemp_20_setbacktemp_15_paper2_final_runs_v4-res1
0,127085.92562415256,127085.92562415256,0.0,0.0,-379467.6522608192,-7.219704190654856,2513.203655201321,0.0478158990715624,-102.36905931319912,-0.0019476609458371,-75396.10965603963,-1.4344769721468726,-275396.2874483867,-5.239655392853629,13.82420091324201,0.0019476609458371,0.007172313208934,27539628.74483867,523.9655392853629,614.6450203893933,102.36905931319912,52560.0,31536000.0,08-18,2022.0,0.0,0.0,0.0,5.0,42.0,20.0,17.0,Eplus-env-08-18_thermostat_rbc_eco_year_2022_case_0_rep_0_zone_0_onoffseed_5_tempseed_42_comforttemp_20_setbacktemp_17_paper2_final_runs_v4-res1
0,26829.635117233585,0.0,68109.61829845849,41279.98318122491,-129646.12136089915,-2.466630923913607,337.22530103935514,0.0064160064885722,-67296.27941058342,-1.28037061283454,-10116.759031180656,-0.1924801946571662,-40400.51746090695,-0.7686552028330851,35.433789954337904,1.28037061283454,2.66245412222914,4040051.7460906953,76.86552028330851,115.28998316078216,67296.27941058342,52560.0,31536000.0,08-19,2022.0,9.0,0.0,9.0,5.0,42.0,21.0,15.0,Eplus-env-08-19_thermostat_rbc_eco_year_2022_case_9_rep_0_zone_9_onoffseed_5_tempseed_42_comforttemp_21_setbacktemp_15_paper2_final_runs_v4-res1
0,67407.4743914819,0.0,186744.8168360982,119337.34244461633,-482098.1533518997,-9.172339295127468,932.7752985104344,0.0177468664100158,-36765.45223427205,-0.6994949055226798,-27983.258955313027,-0.5324059923004761,-390186.6463179563,-7.423642433751072,13.628234398782345,0.6994949055226798,2.477027578308169,39018664.63179563,742.3642433751071,810.4947531609038,36765.45223427205,52560.0,31536000.0,08-19,2022.0,7.0,0.0,0.0,10.0,30.0,20.0,15.0,Eplus-env-08-19_thermostat_rbc_eco_year_2022_case_7_rep_0_zone_0_onoffseed_10_tempseed_30_comforttemp_20_setbacktemp_15_paper2_final_runs_v4-res1
0,14577.694335315944,0.0,98460.3697304556,83882.67539513965,-46240.24498737941,-0.8797611298968685,640.2972318026534,0.0121822152169454,-18.59063501827126,-0.0003537031015652,-19208.916954079607,-0.3654664565083639,-34295.642616639176,-0.6525046159938961,0.045662100456621,0.0003537031015652,0.0238667095203134,3429564.2616639165,65.25046159938958,98.57547139057198,18.59063501827126,52560.0,31536000.0,08-19,2023.0,8.0,0.0,0.0,5.0,10.0,20.0,13.0,Eplus-env-08-19_thermostat_rbc_eco_year_2023_case_8_rep_0_zone_0_onoffseed_5_tempseed_10_comforttemp_20_setbacktemp_13_paper2_final_runs_v4-res1
0,9799.952971585932,0.0,66048.53943466475,56248.58646307883,-491698.3824625473,-9.354992055984535,424.1112653727124,0.0080690880017639,-87553.90532559472,-1.6657896751444965,-12723.337961181373,-0.242072640052918,-396127.1356108981,-7.536665441607651,37.93569254185692,1.6657896751444965,3.098030234829533,39612713.561089806,753.6665441607649,810.1217192911981,87553.90532559472,52560.0,31536000.0,08-19,2023.0,12.0,0.0,9.0,5.0,42.0,21.0,15.0,Eplus-env-08-19_thermostat_rbc_eco_year_2023_case_12_rep_0_zone_9_onoffseed_5_tempseed_42_comforttemp_21_setbacktemp_15_paper2_final_runs_v4-res1
0,93881.20965585808,0.0,240950.8020492331,147069.59239337506,-393202.4118132143,-7.481020011666938,1201.9600785675518,0.0228683424384998,-40.25989471830711,-0.0007659797320834,-36058.80235702655,-0.6860502731549952,-316357.9342990385,-6.018986573421585,0.0951293759512937,0.0007659797320834,0.0366504595304365,31635793.42990385,601.8986573421585,686.2500435969148,40.25989471830711,52560.0,31536000.0,08-19,2022.0,6.0,0.0,0.0,5.0,10.0,20.0,13.0,Eplus-env-08-19_thermostat_rbc_eco_year_2022_case_6_rep_0_zone_0_onoffseed_5_tempseed_10_comforttemp_20_setbacktemp_13_paper2_final_runs_v4-res1
0,13140.830535055073,0.0,88482.96643014665,75342.1358950916,-51359.33265598218,-0.9771562529676976,573.8518581621136,0.0109180338310904,-1.7955674290387442,-3.4162241800584935e-05,-17215.555744863406,-0.3275410149327132,-40607.02362782459,-0.7725841633908788,0.0114155251141552,3.4162241800584935e-05,0.0059733653681251,4060702.362782459,77.25841633908787,115.24543800742836,1.7955674290387442,52560.0,31536000.0,08-19,2023.0,9.0,0.0,0.0,5.0,15.0,20.0,15.0,Eplus-env-08-19_thermostat_rbc_eco_year_2023_case_9_rep_0_zone_0_onoffseed_5_tempseed_15_comforttemp_20_setbacktemp_15_paper2_final_runs_v4-res1
0,104304.7676983814,104304.7676983814,0.0,0.0,-511109.556889507,-9.724306637928215,2082.216845643101,0.0396159978242599,-37775.0784752775,-0.7187039283728596,-62466.50536929304,-1.1884799347277974,-388002.74796018377,-7.38209185616788,13.63013698630137,0.7187039283728596,2.543303449761496,38800274.79601838,738.209185616788,808.6436922572183,37775.0784752775,52560.0,31536000.0,08-19,2022.0,2.0,0.0,0.0,10.0,30.0,20.0,15.0,Eplus-env-08-19_thermostat_rbc_eco_year_2022_case_2_rep_0_zone_0_onoffseed_10_tempseed_30_comforttemp_20_setbacktemp_15_paper2_final_runs_v4-res1
0,22599.38788001304,0.0,143715.83800763622,121116.45012762316,-392618.7366735984,-7.469915081308949,925.8823714200464,0.0176157224394985,-0.02114901037503,-4.023784317928088e-07,-27776.47114260139,-0.5284716731849579,-374130.1562999493,-7.118153658674835,0.0019025875190258,4.023784317928088e-07,9.224827218041569e-05,37413015.62999494,711.8153658674836,790.9016931337299,0.02114901037503,52560.0,31536000.0,08-19,2023.0,12.0,0.0,0.0,5.0,10.0,20.0,13.0,Eplus-env-08-19_thermostat_rbc_eco_year_2023_case_12_rep_0_zone_0_onoffseed_5_tempseed_10_comforttemp_20_setbacktemp_13_paper2_final_runs_v4-res1
0,11708.1880741267,0.0,79578.15034408083,67869.96226995415,-50356.929423491536,-0.9580846541760186,517.9797271441007,0.0098550176397279,-13.51015566672278,-0.000257042535516,-15539.391814323026,-0.2956505291918384,-40764.95060438176,-0.7755888623360304,0.0494672754946727,0.000257042535516,0.0195571621981909,4076495.060438176,77.55888623360305,115.92249223367163,13.51015566672278,52560.0,31536000.0,08-19,2023.0,9.0,0.0,0.0,5.0,10.0,20.0,13.0,Eplus-env-08-19_thermostat_rbc_eco_year_2023_case_9_rep_0_zone_0_onoffseed_5_tempseed_10_comforttemp_20_setbacktemp_13_paper2_final_runs_v4-res1
0,7380.172040999844,0.0,60462.99449348937,53082.82245248952,-68307.35787284053,-1.2996072654650024,391.1377927672052,0.0074417388273821,-21338.328749027824,-0.4059803795477135,-11734.133783016156,-0.2232521648214641,-40931.31037707072,-0.7787540026078905,28.71194824961949,0.4059803795477135,1.1393106888651217,4093131.037707072,77.87540026078904,116.8515961183649,21338.328749027824,52560.0,31536000.0,08-19,2023.0,9.0,0.0,0.0,10.0,42.0,20.0,15.0,Eplus-env-08-19_thermostat_rbc_eco_year_2023_case_9_rep_0_zone_0_onoffseed_10_tempseed_42_comforttemp_20_setbacktemp_15_paper2_final_runs_v4-res1
0,42830.08476044624,0.0,115183.83112682532,72353.7463663791,-79406.90696885687,-1.5107859012339586,577.3888541174441,0.010985328274685,-3774.9547853991808,-0.0718218185958748,-17321.665623523324,-0.3295598482405503,-40592.65984093662,-0.7723108797742888,4.6118721461187215,0.0718218185958748,0.5715762217318472,4059265.984093661,77.23108797742887,115.34969410787896,3774.9547853991808,52560.0,31536000.0,08-19,2022.0,9.0,0.0,0.0,10.0,15.0,20.0,13.0,Eplus-env-08-19_thermostat_rbc_eco_year_2022_case_9_rep_0_zone_0_onoffseed_10_tempseed_15_comforttemp_20_setbacktemp_13_paper2_final_runs_v4-res1
0,75098.66706658072,65109.957211355926,23978.650296012293,13989.9404407875,-96959.57773873534,-1.844740824557369,1421.1052712360672,0.0270377715227562,-6.559159704712933,-0.0001247937538948,-42633.15813708202,-0.8111331456826868,-35514.79905186095,-0.6757001341678264,0.030441400304414,0.0001247937538948,0.0095328509008198,3551479.9051860943,67.57001341678261,101.90075756758166,6.559159704712933,52560.0,31536000.0,08-19,2022.0,3.0,0.0,0.0,5.0,10.0,20.0,17.0,Eplus-env-08-19_thermostat_rbc_eco_year_2022_case_3_rep_0_zone_0_onoffseed_5_tempseed_10_comforttemp_20_setbacktemp_17_paper2_final_runs_v4-res1
0,40292.11079197792,30303.40093675312,23978.650296012296,13989.9404407875,-121431.35970087076,-2.3103378938521835,682.2415794070143,0.0129802431394028,-54458.27025292163,-1.0361162529094678,-20467.24738221043,-0.3894072941820858,-34010.11360903202,-0.6470721767319639,30.504185692541856,1.0361162529094678,2.293757543046664,3401011.360903201,64.70721767319637,98.43198410171487,54458.27025292163,52560.0,31536000.0,08-19,2022.0,3.0,0.0,9.0,5.0,42.0,20.0,15.0,Eplus-env-08-19_thermostat_rbc_eco_year_2022_case_3_rep_0_zone_9_onoffseed_5_tempseed_42_comforttemp_20_setbacktemp_15_paper2_final_runs_v4-res1
0,65284.82093061543,0.0,163326.11069898025,98041.28976836482,-501637.5045586719,-9.544092552486148,830.9516162172433,0.015809581739293,-54688.8828193368,-1.040503858815388,-24928.5484865173,-0.4742874521787918,-393539.1097359986,-7.487425984322653,16.590563165905632,1.040503858815388,3.48298992468733,39353910.97359986,748.7425984322651,818.4520700876232,54688.8828193368,52560.0,31536000.0,08-19,2022.0,7.0,0.0,0.0,15.0,30.0,20.0,13.0,Eplus-env-08-19_thermostat_rbc_eco_year_2022_case_7_rep_0_zone_0_onoffseed_15_tempseed_30_comforttemp_20_setbacktemp_13_paper2_final_runs_v4-res1
0,76209.96939330359,76209.96939330359,0.0,0.0,-479175.6345949562,-9.11673581801667,2563.171593355656,0.0487665828264013,-35199.12924790906,-0.6696942398765042,-76895.1478006697,-1.4629974847920415,-381629.12938638544,-7.260828184672478,13.822298325722985,0.6696942398765042,2.4782547695393267,38162912.93863855,726.0828184672479,798.9520791178358,35199.12924790906,52560.0,31536000.0,08-19,2023.0,2.0,0.0,0.0,15.0,15.0,20.0,13.0,Eplus-env-08-19_thermostat_rbc_eco_year_2023_case_2_rep_0_zone_0_onoffseed_15_tempseed_15_comforttemp_20_setbacktemp_13_paper2_final_runs_v4-res1
0,80376.72565325684,0.0,207769.29336001803,127392.56770676118,-342873.612978227,-6.52347056655683,1033.0868001385536,0.0196553805201399,-214.870465048708,-0.0040880986500895,-30992.60400415661,-0.5896614156041973,-276902.54325624893,-5.268313227858617,15.905631659056317,0.0040880986500895,0.0813262413545638,27690254.325624887,526.8313227858616,613.8324315030854,214.870465048708,52560.0,31536000.0,08-19,2022.0,5.0,0.0,0.0,5.0,42.0,20.0,15.0,Eplus-env-08-19_thermostat_rbc_eco_year_2022_case_5_rep_0_zone_0_onoffseed_5_tempseed_42_comforttemp_20_setbacktemp_15_paper2_final_runs_v4-res1
0,80480.89780952116,0.0,208156.11277153832,127675.21496201715,-325278.1645450519,-6.188701760750607,1035.7444851630048,0.0197059453037101,0.0,0.0,-31072.33455489014,-0.5911783591113041,-259436.7420470827,-4.93601107395515,0.0,0.0,0.0,25943674.20470827,493.60110739551504,584.8121745609915,0.0,52560.0,31536000.0,08-19,2022.0,10.0,0.0,0.0,5.0,15.0,20.0,17.0,Eplus-env-08-19_thermostat_rbc_eco_year_2022_case_10_rep_0_zone_0_onoffseed_5_tempseed_15_comforttemp_20_setbacktemp_17_paper2_final_runs_v4-res1
0,141938.51230917018,141938.51230917018,0.0,0.0,-456245.6063188793,-8.680471961926926,2897.069675290198,0.0551192860595547,-21928.8746716576,-0.4172160325657838,-86912.09025870594,-1.6535785817866426,-318196.8347270896,-6.053973263452999,11.181506849315069,0.4172160325657838,1.5952823340891396,31819683.472708955,605.3973263452998,683.6902996912253,21928.8746716576,52560.0,31536000.0,08-19,2022.0,1.0,0.0,0.0,10.0,15.0,20.0,17.0,Eplus-env-08-19_thermostat_rbc_eco_year_2022_case_1_rep_0_zone_0_onoffseed_10_tempseed_15_comforttemp_20_setbacktemp_17_paper2_final_runs_v4-res1
0,60664.88296394333,0.0,165394.81546929758,104729.93250535426,-418479.9082929316,-7.961946504812245,813.029271044463,0.015468593436919,-38723.16696732445,-0.7367421416918656,-24390.878131333884,-0.4640578031075701,-330126.8005728051,-6.280951304657632,13.799467275494672,0.7367421416918656,2.5800722135336764,33012680.057280514,628.0951304657632,701.1232593289621,38723.16696732445,52560.0,31536000.0,08-19,2022.0,11.0,0.0,0.0,10.0,30.0,20.0,15.0,Eplus-env-08-19_thermostat_rbc_eco_year_2022_case_11_rep_0_zone_0_onoffseed_10_tempseed_30_comforttemp_20_setbacktemp_15_paper2_final_runs_v4-res1
0,49618.388683778736,0.0,127977.53800325698,78359.14931947824,-403490.4060717602,-7.676758106388132,630.370554943752,0.0119933515019739,-60332.36541666884,-1.1478760543506248,-18911.116648312563,-0.3598005450592192,-302565.236872892,-5.756568433654719,33.968797564687975,1.1478760543506248,2.2825495757684315,30256523.6872892,575.6568433654719,645.3464169450342,60332.36541666884,52560.0,31536000.0,08-19,2022.0,5.0,0.0,9.0,5.0,42.0,18.0,15.0,Eplus-env-08-19_thermostat_rbc_eco_year_2022_case_5_rep_0_zone_9_onoffseed_5_tempseed_42_comforttemp_18_setbacktemp_15_paper2_final_runs_v4-res1
0,10657.448525474094,0.0,82742.1335777592,72084.6850522851,-56046.505373019805,-1.066333816077241,530.0725490317734,0.0100850941596608,-13096.782378898562,-0.2491777469349041,-15902.176470953204,-0.302552824789825,-34230.86435543089,-0.6512721528811052,10.462328767123289,0.2491777469349041,1.0362299387651637,3423086.4355430887,65.12721528811052,98.8805162089413,13096.782378898562,52560.0,31536000.0,08-19,2023.0,8.0,0.0,0.0,10.0,30.0,20.0,15.0,Eplus-env-08-19_thermostat_rbc_eco_year_2023_case_8_rep_0_zone_0_onoffseed_10_tempseed_30_comforttemp_20_setbacktemp_15_paper2_final_runs_v4-res1
0,74121.92295566411,0.0,184633.0707867932,110511.14783112906,-492306.0950004244,-9.366554318881745,941.429430998337,0.0179115188546106,-41739.34187979695,-0.7941275091285569,-28242.88292995012,-0.5373455656383204,-389927.6079505986,-7.418714002104236,14.79642313546423,0.7941275091285569,2.791657534518046,38992760.79505986,741.8714002104235,812.1743219860688,41739.34187979695,52560.0,31536000.0,08-19,2022.0,7.0,0.0,0.0,15.0,10.0,20.0,15.0,Eplus-env-08-19_thermostat_rbc_eco_year_2022_case_7_rep_0_zone_0_onoffseed_15_tempseed_10_comforttemp_20_setbacktemp_15_paper2_final_runs_v4-res1
0,80942.91304661034,0.0,200697.4653869336,119754.55234032328,-485781.1138554141,-9.242410841997986,1027.9044509447451,0.0195567817911861,-32480.960772841,-0.6179787057237633,-30837.13352834236,-0.5867034537355853,-387080.7559191412,-7.364550150668593,13.08980213089802,0.6179787057237633,2.394779168901584,38708075.59191412,736.4550150668591,806.2449744426551,32480.960772841,52560.0,31536000.0,08-19,2022.0,7.0,0.0,0.0,15.0,15.0,20.0,15.0,Eplus-env-08-19_thermostat_rbc_eco_year_2022_case_7_rep_0_zone_0_onoffseed_15_tempseed_15_comforttemp_20_setbacktemp_15_paper2_final_runs_v4-res1
0,25201.561714062376,0.0,146595.344884207,121393.78317014464,-438271.0613488525,-8.338490512725505,962.4229131065975,0.0183109382250113,-33025.05386499235,-0.6283305529869168,-28872.68739319792,-0.5493281467503409,-384628.6098455858,-7.3178959255248435,13.73097412480974,0.6283305529869168,2.3408430421964983,38462860.98455857,731.7895925524841,801.0752952877599,33025.05386499235,52560.0,31536000.0,08-19,2023.0,7.0,0.0,0.0,15.0,15.0,20.0,15.0,Eplus-env-08-19_thermostat_rbc_eco_year_2023_case_7_rep_0_zone_0_onoffseed_15_tempseed_15_comforttemp_20_setbacktemp_15_paper2_final_runs_v4-res1
0,87070.9631405572,0.0,225795.27006716505,138724.30692660785,-443768.88853034977,-8.443091486498282,1112.9344300711382,0.0211745515614752,0.0,0.0,-33388.032902134146,-0.635236546844257,-372536.1335850598,-7.0878259814509095,0.0,0.0,0.0,37253613.35850599,708.782598145091,789.3920257207008,0.0,52560.0,31536000.0,08-19,2022.0,12.0,0.0,0.0,5.0,15.0,20.0,17.0,Eplus-env-08-19_thermostat_rbc_eco_year_2022_case_12_rep_0_zone_0_onoffseed_5_tempseed_15_comforttemp_20_setbacktemp_17_paper2_final_runs_v4-res1
0,118639.08508837534,118639.08508837534,0.0,0.0,-454658.15596743353,-8.650269329669587,2360.2807995644766,0.0449064079064778,-31450.09999501916,-0.598365677226392,-70808.42398693431,-1.3471922371943363,-326149.4204616145,-6.205278167077902,13.820395738203958,0.598365677226392,2.0047352271469348,32614942.04616145,620.5278167077903,699.4901518948775,31450.09999501916,52560.0,31536000.0,08-19,2022.0,1.0,0.0,0.0,10.0,30.0,20.0,17.0,Eplus-env-08-19_thermostat_rbc_eco_year_2022_case_1_rep_0_zone_0_onoffseed_10_tempseed_30_comforttemp_20_setbacktemp_17_paper2_final_runs_v4-res1
0,50071.05143542883,0.0,126604.77331574797,76533.72188031914,-81953.54805391979,-1.5592379766727509,630.0424244731485,0.0119871085325941,-8.671154018311498,-0.0001649762941079,-18901.272734194456,-0.3596132559778245,-40981.74972057714,-0.7797136552621222,0.0323439878234398,0.0001649762941079,0.012771919209515,4098174.9720577137,77.97136552621221,116.34401198814491,8.671154018311498,52560.0,31536000.0,08-19,2022.0,9.0,0.0,0.0,5.0,15.0,20.0,17.0,Eplus-env-08-19_thermostat_rbc_eco_year_2022_case_9_rep_0_zone_0_onoffseed_5_tempseed_15_comforttemp_20_setbacktemp_17_paper2_final_runs_v4-res1
0,95560.22604863906,95560.22604863906,0.0,0.0,-461601.5104646805,-8.782372725735929,1887.3760936256635,0.0359089819943999,-50369.58959261849,-0.9583255249737156,-56621.2828087699,-1.0772694598319996,-333054.0999416703,-6.336645737094184,22.85958904109589,0.9583255249737156,3.2543144911669453,33305409.99416704,633.6645737094186,707.2595677665435,50369.58959261849,52560.0,31536000.0,08-19,2022.0,1.0,0.0,0.0,10.0,42.0,20.0,13.0,Eplus-env-08-19_thermostat_rbc_eco_year_2022_case_1_rep_0_zone_0_onoffseed_10_tempseed_42_comforttemp_20_setbacktemp_13_paper2_final_runs_v4-res1
0,12180.768136751962,0.0,72712.49071563133,60531.72257887936,-343713.2288474113,-6.539444993291691,489.0098457748636,0.0093038402925202,-54985.20137873497,-1.046141578743055,-14670.295373245906,-0.279115208775607,-278762.94105599954,-5.303708924200905,15.99124809741248,1.046141578743055,3.411718780603964,27876294.105599955,530.3708924200905,608.188007696222,54985.20137873497,52560.0,31536000.0,08-19,2023.0,10.0,0.0,0.0,15.0,30.0,20.0,13.0,Eplus-env-08-19_thermostat_rbc_eco_year_2023_case_10_rep_0_zone_0_onoffseed_15_tempseed_30_comforttemp_20_setbacktemp_13_paper2_final_runs_v4-res1
0,44286.4638553089,0.0,117860.255861851,73573.79200654212,-364282.7335658395,-6.930797822789945,589.0353144580467,0.0112069123755336,-45196.89154436598,-0.8599104175107682,-17671.0594337414,-0.3362073712660083,-282855.0859414454,-5.381565562051852,22.69786910197869,0.8599104175107682,3.034784721599741,28285508.59414453,538.1565562051852,613.7256010276564,45196.89154436598,52560.0,31536000.0,08-19,2022.0,10.0,0.0,0.0,10.0,42.0,20.0,13.0,Eplus-env-08-19_thermostat_rbc_eco_year_2022_case_10_rep_0_zone_0_onoffseed_10_tempseed_42_comforttemp_20_setbacktemp_13_paper2_final_runs_v4-res1
0,46747.65599318403,36758.94613795924,23978.650296012293,13989.9404407875,-112620.8156461069,-2.14270958230797,796.4864472736908,0.0151538517365618,-39616.27451424515,-0.753734294411057,-23894.59341821073,-0.4546155520968556,-34760.28376383789,-0.6613448204687574,29.296042617960428,0.753734294411057,1.6223580127163697,3476028.376383789,66.13448204687575,100.44512388549153,39616.27451424515,52560.0,31536000.0,08-19,2022.0,3.0,0.0,9.0,5.0,42.0,19.0,17.0,Eplus-env-08-19_thermostat_rbc_eco_year_2022_case_3_rep_0_zone_9_onoffseed_5_tempseed_42_comforttemp_19_setbacktemp_17_paper2_final_runs_v4-res1
0,4187.511075639034,0.0,31997.1565410705,27809.645465431466,-105401.75070461024,-2.005360553740682,210.84276679942195,0.0040114681658946,-68943.38101531031,-1.3117081623917486,-6325.28300398266,-0.120344044976839,-33032.566878319645,-0.6284734946407847,34.1324200913242,1.3117081623917486,2.691887561937183,3303256.6878319643,62.84734946407847,95.7317536629342,68943.38101531031,52560.0,31536000.0,08-19,2023.0,13.0,0.0,9.0,5.0,42.0,21.0,15.0,Eplus-env-08-19_thermostat_rbc_eco_year_2023_case_13_rep_0_zone_9_onoffseed_5_tempseed_42_comforttemp_21_setbacktemp_15_paper2_final_runs_v4-res1
0,8857.222945637894,0.0,59253.33506719491,50396.11212155702,-48646.972574851454,-0.9255512285930642,380.637553535668,0.007241962586295,-7506.602465142745,-0.1428196816046945,-11419.12660607004,-0.2172588775888516,-33894.276017882345,-0.6448682651804098,8.000380517503805,0.1428196816046945,0.6912066759405311,3389427.6017882344,64.48682651804098,97.67186334393516,7506.602465142745,52560.0,31536000.0,08-19,2023.0,13.0,0.0,0.0,10.0,10.0,20.0,13.0,Eplus-env-08-19_thermostat_rbc_eco_year_2023_case_13_rep_0_zone_0_onoffseed_10_tempseed_10_comforttemp_20_setbacktemp_13_paper2_final_runs_v4-res1
0,46609.63932834547,0.0,123431.65449191254,76822.01516356706,-446781.3426401152,-8.500406062407063,608.6550085430224,0.0115801942264654,-110731.30696688256,-2.1067600260061368,-18259.650256290668,-0.3474058267939625,-297918.68973871326,-5.668163807814179,40.46423135464232,2.1067600260061368,3.9850728284207104,29791868.973871324,566.8163807814179,632.2362694147291,110731.30696688256,52560.0,31536000.0,08-19,2022.0,5.0,0.0,9.0,5.0,42.0,20.0,13.0,Eplus-env-08-19_thermostat_rbc_eco_year_2022_case_5_rep_0_zone_9_onoffseed_5_tempseed_42_comforttemp_20_setbacktemp_13_paper2_final_runs_v4-res1
0,12335.623760261744,0.0,78257.46885277306,65921.84509251131,-461880.952589423,-8.787689356724181,520.5539717673588,0.0099039948966392,-51313.16516749236,-0.9762778760938424,-15616.619153020762,-0.2971198468991773,-400476.0136236604,-7.619406651896127,36.141552511415526,0.9762778760938424,1.7989666350619455,40047601.36236604,761.9406651896126,828.4843942900919,51313.16516749236,52560.0,31536000.0,08-19,2023.0,12.0,0.0,9.0,5.0,42.0,19.0,17.0,Eplus-env-08-19_thermostat_rbc_eco_year_2023_case_12_rep_0_zone_9_onoffseed_5_tempseed_42_comforttemp_19_setbacktemp_17_paper2_final_runs_v4-res1
0,92900.8908353986,92900.8908353986,0.0,0.0,-571780.4535190127,-10.87862354488228,1792.7841680893634,0.0341092878251401,-95606.83266196155,-1.8190036655624344,-53783.52504268091,-1.0232786347542029,-400171.4020646115,-7.613611150392152,42.13089802130898,1.8190036655624344,3.1797310320392373,40017140.206461154,761.3611150392153,825.2349882572744,95606.83266196155,52560.0,31536000.0,08-19,2022.0,2.0,0.0,9.0,5.0,42.0,21.0,17.0,Eplus-env-08-19_thermostat_rbc_eco_year_2022_case_2_rep_0_zone_9_onoffseed_5_tempseed_42_comforttemp_21_setbacktemp_17_paper2_final_runs_v4-res1
0,41052.72718174421,0.0,108540.80941434068,67488.08223259645,-514944.4344626233,-9.797268540004248,534.1039322866135,0.0101617947543115,-79632.59030413906,-1.515079724203559,-16023.11796859841,-0.3048538426293457,-401726.6080510993,-7.643200305386212,35.04946727549467,1.515079724203559,3.1048473023514376,40172660.805109926,764.3200305386212,822.6353630217689,79632.59030413906,52560.0,31536000.0,08-19,2022.0,7.0,0.0,9.0,5.0,42.0,20.0,13.0,Eplus-env-08-19_thermostat_rbc_eco_year_2022_case_7_rep_0_zone_9_onoffseed_5_tempseed_42_comforttemp_20_setbacktemp_13_paper2_final_runs_v4-res1
0,10944.39886402806,0.0,27734.332415075434,16789.933551047376,-104377.64858633582,-1.9858761146563133,136.02788062814534,0.0025880494792265,-54709.950604553655,-1.0409046918674592,-4080.83641884436,-0.0776414843767952,-40714.08527112081,-0.7746211048538968,32.28310502283105,1.0409046918674592,2.260222429744817,4071408.5271120816,77.46211048538969,116.1979168005204,54709.950604553655,52560.0,31536000.0,08-19,2022.0,14.0,0.0,9.0,5.0,42.0,20.0,15.0,Eplus-env-08-19_thermostat_rbc_eco_year_2022_case_14_rep_0_zone_9_onoffseed_5_tempseed_42_comforttemp_20_setbacktemp_15_paper2_final_runs_v4-res1
0,23436.201852400336,0.0,57289.10172049465,33852.899868094304,-64865.63247179728,-1.2341254275456102,285.9606557941279,0.0054406517464636,-5199.785782682402,-0.0989304753173972,-8578.819673823837,-0.1632195523939086,-40492.68995366617,-0.770408865176297,5.778158295281584,0.0989304753173972,0.6859919174183395,4049268.995366617,77.0408865176297,115.0872842143551,5199.785782682402,52560.0,31536000.0,08-19,2022.0,14.0,0.0,0.0,15.0,15.0,20.0,17.0,Eplus-env-08-19_thermostat_rbc_eco_year_2022_case_14_rep_0_zone_0_onoffseed_15_tempseed_15_comforttemp_20_setbacktemp_17_paper2_final_runs_v4-res1
0,7260.626804672343,0.0,42238.00692650661,34977.38012183426,-50087.17626175611,-0.9529523641886628,279.29923389938097,0.0053139123649045,-4129.258985930387,-0.0785627660945659,-8378.977016981427,-0.1594173709471352,-40017.99848692329,-0.7613774445761661,5.380517503805176,0.0785627660945659,0.5240989925579345,4001799.848692328,76.13774445761659,113.78523536215036,4129.258985930387,52560.0,31536000.0,08-19,2023.0,14.0,0.0,0.0,15.0,15.0,20.0,17.0,Eplus-env-08-19_thermostat_rbc_eco_year_2023_case_14_rep_0_zone_0_onoffseed_15_tempseed_15_comforttemp_20_setbacktemp_17_paper2_final_runs_v4-res1
0,1799.1203106708922,0.0,17000.82919281117,15201.708882140276,-114321.31652597262,-2.17506309980922,112.28001604489758,0.0021362255716304,-72858.86470600747,-1.386203666400447,-3368.400481346927,-0.0640867671489141,-39990.59149380529,-0.7608560025457627,35.67922374429224,1.386203666400447,2.892487370893391,3999059.149380528,76.08560025457626,114.238981223271,72858.86470600747,52560.0,31536000.0,08-19,2023.0,14.0,0.0,9.0,5.0,42.0,21.0,13.0,Eplus-env-08-19_thermostat_rbc_eco_year_2023_case_14_rep_0_zone_9_onoffseed_5_tempseed_42_comforttemp_21_setbacktemp_13_paper2_final_runs_v4-res1
0,3342.608969191864,0.0,34243.90219585486,30901.293226663,-75215.70007779372,-1.4310445220280388,233.22316355522813,0.004437274801279,-31787.415936708643,-0.6047834082326606,-6996.694906656845,-0.1331182440383722,-40693.69574338922,-0.7742331762440872,24.02016742770168,0.6047834082326606,1.5125581940719002,4069369.574338922,77.42331762440872,116.26074005763274,31787.415936708643,52560.0,31536000.0,08-19,2023.0,9.0,0.0,9.0,5.0,42.0,18.0,13.0,Eplus-env-08-19_thermostat_rbc_eco_year_2023_case_9_rep_0_zone_9_onoffseed_5_tempseed_42_comforttemp_18_setbacktemp_13_paper2_final_runs_v4-res1
0,15321.340574515376,0.0,90389.0014380699,75067.66086355454,-377123.71303503984,-7.175108695491626,599.940643391116,0.0114143958027229,-64611.62976905511,-1.2292928038252493,-17998.219301733487,-0.3424318740816873,-299977.69454197364,-5.707338176217155,34.34170471841705,1.2292928038252493,2.364118373755556,29997769.45419737,570.7338176217155,638.5592821901671,64611.62976905511,52560.0,31536000.0,08-19,2023.0,5.0,0.0,9.0,5.0,42.0,18.0,15.0,Eplus-env-08-19_thermostat_rbc_eco_year_2023_case_5_rep_0_zone_9_onoffseed_5_tempseed_42_comforttemp_18_setbacktemp_15_paper2_final_runs_v4-res1
0,10322.239783337904,0.0,71537.87509482352,61215.6353114856,-49454.168973133645,-0.9409088465208076,467.90974732722833,0.0089023924529533,-83.33183694667255,-0.0015854611291223,-14037.292419816851,-0.2670717735886007,-40926.21276943823,-0.7786570161613057,0.6297564687975648,0.0015854611291223,0.0361560494710732,4092621.276943823,77.86570161613056,116.60873045510544,83.33183694667255,52560.0,31536000.0,08-19,2023.0,9.0,0.0,0.0,5.0,30.0,20.0,17.0,Eplus-env-08-19_thermostat_rbc_eco_year_2023_case_9_rep_0_zone_0_onoffseed_5_tempseed_30_comforttemp_20_setbacktemp_17_paper2_final_runs_v4-res1
0,64790.15082122271,0.0,164710.72453517382,99920.57371395112,-400204.1942907227,-7.614235051193354,816.5330817366545,0.0155352565018389,-50895.2630175586,-0.968326921947462,-24495.99245209964,-0.4660576950551681,-296304.1088863218,-5.6374449940319975,36.7865296803653,0.968326921947462,1.7772531058948118,29630410.88863217,563.7444994031997,637.0565846555864,50895.2630175586,52560.0,31536000.0,08-19,2022.0,5.0,0.0,9.0,5.0,42.0,19.0,17.0,Eplus-env-08-19_thermostat_rbc_eco_year_2022_case_5_rep_0_zone_9_onoffseed_5_tempseed_42_comforttemp_19_setbacktemp_17_paper2_final_runs_v4-res1
0,22570.28868721512,22103.98220269782,14456.246925304797,13989.9404407875,-75508.42275147383,-1.4366138270828357,823.2160783610001,0.0156624063615106,-16009.093456863937,-0.3045870140194812,-24696.48235083,-0.4698721908453196,-41034.57611959921,-0.7807187237366668,12.718797564687977,0.3045870140194812,1.2142016488058498,4103457.611959921,78.0718723736667,116.90095471951432,16009.093456863937,52560.0,31536000.0,08-19,2023.0,4.0,0.0,0.0,15.0,30.0,20.0,15.0,Eplus-env-08-19_thermostat_rbc_eco_year_2023_case_4_rep_0_zone_0_onoffseed_15_tempseed_30_comforttemp_20_setbacktemp_15_paper2_final_runs_v4-res1
0,107756.17314623477,107756.17314623477,0.0,0.0,-521180.1289272775,-9.915908084613347,2186.981044965446,0.0416092284049742,-45111.50349163328,-0.8582858350767367,-65609.4313489634,-1.2482768521492271,-387913.30018470966,-7.380390033955663,14.800228310502284,0.8582858350767367,3.07405956506874,38791330.01847096,738.0390033955662,810.9423538557661,45111.50349163328,52560.0,31536000.0,08-19,2022.0,2.0,0.0,0.0,15.0,10.0,20.0,13.0,Eplus-env-08-19_thermostat_rbc_eco_year_2022_case_2_rep_0_zone_0_onoffseed_15_tempseed_10_comforttemp_20_setbacktemp_13_paper2_final_runs_v4-res1
0,106332.43541842506,106332.43541842506,0.0,0.0,-469619.7989534997,-8.934927681763693,2081.6150577889093,0.039604548283655,-50838.70560181387,-0.9672508676144193,-62448.4517336673,-1.188136448509652,-331790.5279358723,-6.312605173817967,24.75266362252664,0.9672508676144193,2.801031124554977,33179052.79358723,631.2605173817966,713.0610272042355,50838.70560181387,52560.0,31536000.0,08-19,2022.0,1.0,0.0,0.0,15.0,42.0,20.0,17.0,Eplus-env-08-19_thermostat_rbc_eco_year_2022_case_1_rep_0_zone_0_onoffseed_15_tempseed_42_comforttemp_20_setbacktemp_17_paper2_final_runs_v4-res1
0,90200.07643549483,90200.07643549483,0.0,0.0,-514583.7914979405,-9.790406991969949,1779.6594697141009,0.0338595789519425,-48245.25837320541,-0.9179082643303922,-53389.78409142303,-1.0157873685582768,-392545.8505928569,-7.4685283598336545,22.966133942161346,0.9179082643303922,3.1418719601540985,39254585.05928568,746.8528359833653,815.6329227598386,48245.25837320541,52560.0,31536000.0,08-19,2022.0,2.0,0.0,0.0,10.0,42.0,20.0,13.0,Eplus-env-08-19_thermostat_rbc_eco_year_2022_case_2_rep_0_zone_0_onoffseed_10_tempseed_42_comforttemp_20_setbacktemp_13_paper2_final_runs_v4-res1
0,18296.65213409969,0.0,46765.84160582573,28469.18947172604,-123436.61810581209,-2.3484896899888144,227.11203555716187,0.0043210052427161,-74782.39504620343,-1.4228005145776907,-6813.361066714856,-0.129630157281485,-33685.73194870168,-0.6409005317485099,35.81430745814308,1.4228005145776907,2.878922737619846,3368573.194870168,64.090053174851,97.47767453835354,74782.39504620343,52560.0,31536000.0,08-19,2022.0,13.0,0.0,9.0,5.0,42.0,21.0,15.0,Eplus-env-08-19_thermostat_rbc_eco_year_2022_case_13_rep_0_zone_9_onoffseed_5_tempseed_42_comforttemp_21_setbacktemp_15_paper2_final_runs_v4-res1
0,45457.4959404329,0.0,111848.9183626977,66391.42242226482,-372429.7335701893,-7.085801628047742,569.4143314095456,0.0108336060009426,-53045.28472768076,-1.0092329666605928,-17082.429942286366,-0.3250081800282794,-282195.6714136405,-5.369019623547193,15.50799086757991,1.0092329666605928,3.470229737244213,28219567.141364045,536.9019623547193,615.0721711489966,53045.28472768076,52560.0,31536000.0,08-19,2022.0,10.0,0.0,0.0,15.0,30.0,20.0,13.0,Eplus-env-08-19_thermostat_rbc_eco_year_2022_case_10_rep_0_zone_0_onoffseed_15_tempseed_30_comforttemp_20_setbacktemp_13_paper2_final_runs_v4-res1
0,128530.10454895634,128530.10454895634,0.0,0.0,-424902.20811959024,-8.084136379748672,2584.639827170958,0.0491750347635266,-0.1081528159464788,-2.057701977672733e-06,-77539.19481512874,-1.475251042905798,-319751.6214352731,-6.083554441310371,0.0019025875190258,2.057701977672733e-06,0.0004717436052841,31975162.14352731,608.3554441310371,693.2583965523492,0.1081528159464788,52560.0,31536000.0,08-19,2022.0,1.0,0.0,0.0,5.0,30.0,20.0,13.0,Eplus-env-08-19_thermostat_rbc_eco_year_2022_case_1_rep_0_zone_0_onoffseed_5_tempseed_30_comforttemp_20_setbacktemp_13_paper2_final_runs_v4-res1
0,24977.51750231644,0.0,64608.03145865016,39630.51395633373,-61619.81594663002,-1.1723709274472986,311.3189583329572,0.0059231156456042,-36.99764797917817,-0.0007039126327849,-9339.568749988715,-0.1776934693681262,-41148.71123000577,-0.7828902441020885,0.1122526636225266,0.0007039126327849,0.0307389178533737,4114871.123000577,78.28902441020885,116.94060513054856,36.99764797917817,52560.0,31536000.0,08-19,2022.0,14.0,0.0,0.0,5.0,10.0,20.0,15.0,Eplus-env-08-19_thermostat_rbc_eco_year_2022_case_14_rep_0_zone_0_onoffseed_5_tempseed_10_comforttemp_20_setbacktemp_15_paper2_final_runs_v4-res1
0,18213.996959171644,0.0,108091.83947222622,89877.84251305457,-334036.435235105,-6.355335525782058,724.9641802472814,0.013793078010793,-26971.682251109785,-0.513159860180932,-21748.925407418443,-0.4137923403237907,-292163.88207169686,-5.558673555397581,33.39231354642314,0.513159860180932,0.9621426208831846,29216388.20716969,555.8673555397581,631.8636985919368,26971.682251109785,52560.0,31536000.0,08-19,2023.0,5.0,0.0,9.0,5.0,42.0,18.0,17.0,Eplus-env-08-19_thermostat_rbc_eco_year_2023_case_5_rep_0_zone_9_onoffseed_5_tempseed_42_comforttemp_18_setbacktemp_17_paper2_final_runs_v4-res1
0,85780.74912834738,85780.74912834738,0.0,0.0,-369098.6820493656,-7.022425457560227,2856.275087731236,0.0543431333282198,-29304.379658535763,-0.5575414699112589,-85688.2526319371,-1.6302939998465962,-269617.0715289288,-5.129700752072465,13.43226788432268,0.5575414699112589,1.862364276357112,26961707.15289288,512.9700752072465,595.1887915490951,29304.379658535763,52560.0,31536000.0,08-18,2023.0,0.0,0.0,0.0,10.0,10.0,20.0,17.0,Eplus-env-08-18_thermostat_rbc_eco_year_2023_case_0_rep_0_zone_0_onoffseed_10_tempseed_10_comforttemp_20_setbacktemp_17_paper2_final_runs_v4-res1
0,116976.36212951908,116976.36212951908,0.0,0.0,-517049.4051789058,-9.837317450131389,2351.0096409381936,0.0447300159995851,-35930.07104253622,-0.6836010472324243,-70530.2892281458,-1.3419004799875534,-385420.9722782101,-7.332971314273402,14.722222222222223,0.6836010472324243,2.2731860833020416,38542097.227821,733.2971314273402,809.866058759284,35930.07104253622,52560.0,31536000.0,08-19,2022.0,2.0,0.0,0.0,15.0,10.0,20.0,17.0,Eplus-env-08-19_thermostat_rbc_eco_year_2022_case_2_rep_0_zone_0_onoffseed_15_tempseed_10_comforttemp_20_setbacktemp_17_paper2_final_runs_v4-res1
0,127612.78109754744,127612.78109754744,0.0,0.0,-516115.87804989575,-9.819556279488124,2597.7917798135027,0.0494252621730118,-29121.076909182324,-0.554053974680029,-77933.7533944051,-1.4827578651903557,-382594.78492480994,-7.279200626423324,13.065068493150688,0.554053974680029,1.9965687912968964,38259478.492480986,727.9200626423323,803.8321224303721,29121.076909182324,52560.0,31536000.0,08-19,2022.0,2.0,0.0,0.0,15.0,15.0,20.0,17.0,Eplus-env-08-19_thermostat_rbc_eco_year_2022_case_2_rep_0_zone_0_onoffseed_15_tempseed_15_comforttemp_20_setbacktemp_17_paper2_final_runs_v4-res1
0,18607.04455668965,0.0,122245.32583071508,103638.28127402542,-275845.78576425434,-5.248207491709557,785.2864887915592,0.0149407627243447,0.0,0.0,-23558.59466374678,-0.4482228817303421,-260623.3626124265,-4.958587568729576,0.0,0.0,0.0,26062336.26124265,495.85875687295766,585.6067061236688,0.0,52560.0,31536000.0,08-19,2023.0,10.0,0.0,0.0,5.0,10.0,20.0,15.0,Eplus-env-08-19_thermostat_rbc_eco_year_2023_case_10_rep_0_zone_0_onoffseed_5_tempseed_10_comforttemp_20_setbacktemp_15_paper2_final_runs_v4-res1
0,115857.540427755,0.0,294892.9878620607,179035.44743430574,-355439.19199443737,-6.762541704612583,1472.4330444886357,0.0280143273304534,-4.990709181640607,-9.49526100007726e-05,-44172.99133465908,-0.840429819913605,-260651.14746130945,-4.959116199796603,0.0285388127853881,9.49526100007726e-05,0.0078616988982176,26065114.746130943,495.91161997966026,588.2453710256638,4.990709181640607,52560.0,31536000.0,08-19,2022.0,5.0,0.0,0.0,5.0,15.0,20.0,17.0,Eplus-env-08-19_thermostat_rbc_eco_year_2022_case_5_rep_0_zone_0_onoffseed_5_tempseed_15_comforttemp_20_setbacktemp_17_paper2_final_runs_v4-res1
0,78220.62545612804,78220.62545612804,0.0,0.0,-372333.6447909523,-7.083973454926794,2583.0284372178194,0.0491443766593953,-34557.444344386386,-0.6574856229906085,-77490.85311653458,-1.4743312997818605,-273783.9067609076,-5.208978439134467,14.389269406392694,0.6574856229906085,2.082641572578876,27378390.676090755,520.8978439134466,603.5217763588934,34557.444344386386,52560.0,31536000.0,08-18,2023.0,0.0,0.0,0.0,10.0,30.0,20.0,17.0,Eplus-env-08-18_thermostat_rbc_eco_year_2023_case_0_rep_0_zone_0_onoffseed_10_tempseed_30_comforttemp_20_setbacktemp_17_paper2_final_runs_v4-res1
0,87826.86665312856,0.0,219325.19880258729,131498.3321494587,-388869.6080440172,-7.398584627930313,1118.4498410721835,0.0212794870828041,-38628.76076244902,-0.7349459810207195,-33553.495232165515,-0.6383846124841231,-278389.6876726438,-5.296607451914836,15.24543378995434,0.7349459810207195,2.3793225776873563,27838968.76726438,529.6607451914837,612.3663426075125,38628.76076244902,52560.0,31536000.0,08-19,2022.0,5.0,0.0,0.0,15.0,10.0,20.0,17.0,Eplus-env-08-19_thermostat_rbc_eco_year_2022_case_5_rep_0_zone_0_onoffseed_15_tempseed_10_comforttemp_20_setbacktemp_17_paper2_final_runs_v4-res1
0,54991.99116254509,0.0,145075.55224322667,90083.5610806816,-350466.84044005844,-6.66793836453688,719.9921131758165,0.0136984800832537,-28703.70838553708,-0.5461131732408119,-21599.76339527449,-0.4109544024976121,-276774.1840844433,-5.265871082276319,12.865296803652967,0.5461131732408119,1.910431052458203,27677418.40844433,526.5871082276318,606.5158786079216,28703.70838553708,52560.0,31536000.0,08-19,2022.0,10.0,0.0,0.0,10.0,30.0,20.0,17.0,Eplus-env-08-19_thermostat_rbc_eco_year_2022_case_10_rep_0_zone_0_onoffseed_10_tempseed_30_comforttemp_20_setbacktemp_17_paper2_final_runs_v4-res1
0,52807.31850236204,0.0,129640.6604310434,76833.34192868136,-362298.3307407028,-6.893042822311697,659.7063764517706,0.0125514911805892,-41025.18457305343,-0.7805400413442433,-19791.191293553115,-0.3765447354176772,-278071.47890086693,-5.290553251538564,13.949771689497718,0.7805400413442433,2.8112937688186106,27807147.890086696,529.0553251538564,608.1734224040807,41025.18457305343,52560.0,31536000.0,08-19,2022.0,10.0,0.0,0.0,15.0,10.0,20.0,15.0,Eplus-env-08-19_thermostat_rbc_eco_year_2022_case_10_rep_0_zone_0_onoffseed_15_tempseed_10_comforttemp_20_setbacktemp_15_paper2_final_runs_v4-res1
0,26364.95428035468,0.0,154200.5888212628,127835.63454090808,-433600.5944052129,-8.249630791575587,1014.8329532736424,0.019308085107946,-28461.552908729376,-0.541505953362431,-30444.988598209264,-0.5792425532383803,-383569.87239972525,-7.297752519020648,13.687214611872143,0.541505953362431,1.89845841146332,38356987.23997253,729.775251902065,800.7718656259248,28461.552908729376,52560.0,31536000.0,08-19,2023.0,7.0,0.0,0.0,15.0,15.0,20.0,17.0,Eplus-env-08-19_thermostat_rbc_eco_year_2023_case_7_rep_0_zone_0_onoffseed_15_tempseed_15_comforttemp_20_setbacktemp_17_paper2_final_runs_v4-res1
0,18169.85671241187,0.0,121771.56483433284,103601.70812192096,-430249.2896177956,-8.18586928496567,766.2126250139995,0.0145778657727168,-30708.779938841304,-0.5842614143615165,-22986.37875041998,-0.4373359731815064,-384675.7499025301,-7.318792806364728,12.916666666666668,0.5842614143615165,2.132282945618625,38467574.99025302,731.8792806364729,798.7313858631554,30708.779938841304,52560.0,31536000.0,08-19,2023.0,12.0,0.0,0.0,10.0,10.0,20.0,13.0,Eplus-env-08-19_thermostat_rbc_eco_year_2023_case_12_rep_0_zone_0_onoffseed_10_tempseed_10_comforttemp_20_setbacktemp_13_paper2_final_runs_v4-res1
0,79439.34235197034,0.0,196397.1813353764,116957.83898340604,-486810.7374206169,-9.26200033144248,1005.0982217660018,0.0191228733212709,-34435.6191007478,-0.6551677911101179,-30152.94665298005,-0.5736861996381287,-387385.79234172206,-7.370353735573098,13.337138508371384,0.6551677911101179,2.64287057783198,38738579.2341722,737.0353735573098,806.5363110759318,34435.6191007478,52560.0,31536000.0,08-19,2022.0,7.0,0.0,0.0,15.0,15.0,20.0,13.0,Eplus-env-08-19_thermostat_rbc_eco_year_2022_case_7_rep_0_zone_0_onoffseed_15_tempseed_15_comforttemp_20_setbacktemp_13_paper2_final_runs_v4-res1
0,18282.492798891763,0.0,124235.5431093446,105953.05031045285,-381883.683505606,-7.265671299573935,782.2158012955528,0.0148823402072974,-40105.781178944846,-0.7630475871184331,-23466.474038866585,-0.4464702062189228,-326820.9949678878,-6.218055459815218,14.159056316590563,0.7630475871184331,2.544520038722077,32682099.49678878,621.8055459815217,694.2621273734753,40105.781178944846,52560.0,31536000.0,08-19,2023.0,11.0,0.0,0.0,10.0,30.0,20.0,15.0,Eplus-env-08-19_thermostat_rbc_eco_year_2023_case_11_rep_0_zone_0_onoffseed_10_tempseed_30_comforttemp_20_setbacktemp_15_paper2_final_runs_v4-res1
0,144971.8050724356,144971.8050724356,0.0,0.0,-432512.19259052176,-8.228922994492423,2951.555475270913,0.0561559260896292,0.0,0.0,-88546.66425812739,-1.6846777826888772,-313910.7588607622,-5.972426918964273,0.0,0.0,0.0,31391075.886076216,597.2426918964272,684.599714556882,0.0,52560.0,31536000.0,08-19,2022.0,1.0,0.0,0.0,5.0,10.0,20.0,13.0,Eplus-env-08-19_thermostat_rbc_eco_year_2022_case_1_rep_0_zone_0_onoffseed_5_tempseed_10_comforttemp_20_setbacktemp_13_paper2_final_runs_v4-res1
0,28147.052232473743,0.0,72913.99285194055,44766.9406194668,-64000.12586819025,-1.2176584069290382,352.5522071757127,0.0067076142917753,-7.804301395248697,-0.0001484836642931,-10576.56621527138,-0.2012284287532607,-40965.21813540823,-0.7793991273860013,0.030441400304414,0.0001484836642931,0.0113497197495202,4096521.813540823,77.93991273860013,116.30055033230578,7.804301395248697,52560.0,31536000.0,08-19,2022.0,14.0,0.0,0.0,5.0,15.0,20.0,17.0,Eplus-env-08-19_thermostat_rbc_eco_year_2022_case_14_rep_0_zone_0_onoffseed_5_tempseed_15_comforttemp_20_setbacktemp_17_paper2_final_runs_v4-res1
0,27664.32725246402,27198.020767946724,14456.246925304798,13989.9404407875,-69718.42467751134,-1.3264540463757866,1002.4529799278783,0.0190725452802107,-7041.575788392909,-0.1339721420927113,-30073.58939783636,-0.5721763584063233,-40044.66276387761,-0.7618847557815375,7.697869101978691,0.1339721420927113,0.7177044777490802,4004466.276387761,76.18847557815374,114.21234446058004,7041.575788392909,52560.0,31536000.0,08-19,2023.0,4.0,0.0,0.0,15.0,10.0,20.0,17.0,Eplus-env-08-19_thermostat_rbc_eco_year_2023_case_4_rep_0_zone_0_onoffseed_15_tempseed_10_comforttemp_20_setbacktemp_17_paper2_final_runs_v4-res1
0,9049.176458422447,0.0,59933.71496582941,50884.53850740697,-48498.732516166136,-0.9227308317383208,385.67785180017415,0.0073378586719972,-7189.698620561233,-0.1367903086103735,-11570.335554005227,-0.2201357601599168,-33905.9026349695,-0.645089471745995,7.98896499238965,0.1367903086103735,0.6496255711517475,3390590.2634969503,64.50894717459951,97.72114339381298,7189.698620561233,52560.0,31536000.0,08-19,2023.0,13.0,0.0,0.0,10.0,10.0,20.0,17.0,Eplus-env-08-19_thermostat_rbc_eco_year_2023_case_13_rep_0_zone_0_onoffseed_10_tempseed_10_comforttemp_20_setbacktemp_17_paper2_final_runs_v4-res1
0,28135.52792672436,0.0,174549.91987398008,146414.39194725576,-397145.25432907377,-7.556036041268527,1118.3644846605648,0.0212778631023699,-2.0289523777804312,-3.860259470662921e-05,-33550.93453981694,-0.6383358930710985,-374125.5499798429,-7.118066019403404,0.0057077625570776,3.860259470662921e-05,0.0056189588928193,37412554.99798428,711.8066019403401,790.8603478682284,2.0289523777804312,52560.0,31536000.0,08-19,2023.0,7.0,0.0,0.0,5.0,10.0,20.0,13.0,Eplus-env-08-19_thermostat_rbc_eco_year_2023_case_7_rep_0_zone_0_onoffseed_5_tempseed_10_comforttemp_20_setbacktemp_13_paper2_final_runs_v4-res1
0,9908.604090115929,0.0,63812.55147811295,53903.94738799702,-494337.36148036015,-9.405200941407156,421.04743199537256,0.0080107958903229,-78714.15634577331,-1.497605714341197,-12631.422959861178,-0.2403238767096875,-407516.9761284629,-7.753367125731791,34.117199391171994,1.497605714341197,3.023313824646148,40751697.61284629,775.336712573179,835.9459773453066,78714.15634577331,52560.0,31536000.0,08-19,2023.0,7.0,0.0,9.0,5.0,42.0,18.0,13.0,Eplus-env-08-19_thermostat_rbc_eco_year_2023_case_7_rep_0_zone_9_onoffseed_5_tempseed_42_comforttemp_18_setbacktemp_13_paper2_final_runs_v4-res1
0,22259.876457442027,0.0,57304.11492266037,35044.23846521834,-59516.30160871575,-1.132349726193222,274.97548310882297,0.0052316492220095,-133.45111638633304,-0.002539024284367,-8249.264493264689,-0.156949476660287,-41172.0455624961,-0.7833342001996976,0.5555555555555556,0.002539024284367,0.0613005149733977,4117204.55624961,78.33342001996975,117.18961110698568,133.45111638633304,52560.0,31536000.0,08-19,2022.0,14.0,0.0,0.0,5.0,30.0,20.0,13.0,Eplus-env-08-19_thermostat_rbc_eco_year_2022_case_14_rep_0_zone_0_onoffseed_5_tempseed_30_comforttemp_20_setbacktemp_13_paper2_final_runs_v4-res1
0,22369.989294245148,0.0,125291.8858446249,102921.89655037977,-430181.5441753089,-8.18458036863221,825.7846840251484,0.0157112763322897,-28381.369443979343,-0.5399803927697744,-24773.540520754454,-0.471338289968692,-383499.2864897077,-7.296409560306462,13.692922374429225,0.5399803927697744,1.8886738996798624,38349928.64897076,729.6409560306462,800.5692750929877,28381.369443979343,52560.0,31536000.0,08-19,2023.0,12.0,0.0,0.0,15.0,15.0,20.0,17.0,Eplus-env-08-19_thermostat_rbc_eco_year_2023_case_12_rep_0_zone_0_onoffseed_15_tempseed_15_comforttemp_20_setbacktemp_17_paper2_final_runs_v4-res1
0,128028.99686917584,128028.99686917584,0.0,0.0,-416240.9360052408,-7.919348097512191,2604.486055230479,0.0495526266215844,-36099.90085184849,-0.686832207987985,-78134.58165691435,-1.4865787986475334,-275400.51281471946,-5.2397357841461085,12.907153729071538,0.686832207987985,2.590334034541683,27540051.281471945,523.9735784146109,603.1369163123354,36099.90085184849,52560.0,31536000.0,08-18,2022.0,0.0,0.0,0.0,10.0,10.0,20.0,13.0,Eplus-env-08-18_thermostat_rbc_eco_year_2022_case_0_rep_0_zone_0_onoffseed_10_tempseed_10_comforttemp_20_setbacktemp_13_paper2_final_runs_v4-res1
0,28181.97192605612,0.0,73587.41205189688,45405.440125840745,-515819.308660619,-9.813913787302493,356.36726190253256,0.0067801990468518,-86099.50710644608,-1.6381184761500396,-10691.017857075976,-0.2034059714055551,-406664.1303214664,-7.7371409878513395,36.10920852359209,1.6381184761500396,3.30277743006074,40666413.03214665,773.7140987851341,834.4087991384094,86099.50710644608,52560.0,31536000.0,08-19,2022.0,12.0,0.0,9.0,5.0,42.0,19.0,13.0,Eplus-env-08-19_thermostat_rbc_eco_year_2022_case_12_rep_0_zone_9_onoffseed_5_tempseed_42_comforttemp_19_setbacktemp_13_paper2_final_runs_v4-res1
0,30506.08817068632,0.0,79200.61692742824,48694.52875674192,-418283.190565945,-7.958203777890887,391.012964376828,0.0074393638580066,-103155.23231914952,-1.9626185753262844,-11730.388931304838,-0.2231809157401986,-290170.927514357,-5.520755850729776,39.64611872146119,1.9626185753262844,3.697764216256526,29017092.751435705,552.0755850729777,618.2428895283616,103155.23231914952,52560.0,31536000.0,08-19,2022.0,10.0,0.0,9.0,5.0,42.0,21.0,15.0,Eplus-env-08-19_thermostat_rbc_eco_year_2022_case_10_rep_0_zone_9_onoffseed_5_tempseed_42_comforttemp_21_setbacktemp_15_paper2_final_runs_v4-res1
0,31266.615329988017,0.0,80092.86468489098,48826.24935490296,-60611.35864049615,-1.153184144606091,388.8662974723081,0.0073985216414061,-48.811130529982094,-0.0009286744773588,-11665.98892416924,-0.2219556492421849,-34983.329508502975,-0.6655884609684737,0.6316590563165906,0.0009286744773588,0.0177445004137947,3498332.9508502968,66.55884609684735,100.74416974738078,48.811130529982094,52560.0,31536000.0,08-19,2022.0,13.0,0.0,0.0,5.0,30.0,20.0,17.0,Eplus-env-08-19_thermostat_rbc_eco_year_2022_case_13_rep_0_zone_0_onoffseed_5_tempseed_30_comforttemp_20_setbacktemp_17_paper2_final_runs_v4-res1
0,113490.18902838508,113490.18902838508,0.0,0.0,-428487.9503186768,-8.152358263292937,2223.4486588786854,0.042303056675774,-52315.95690632165,-0.9953568665586312,-66703.45976636058,-1.2690917002732227,-283325.6697682334,-5.390518831206876,24.771689497716896,0.9953568665586312,2.853395209361277,28332566.976823337,539.0518831206875,624.7626687289346,52315.95690632165,52560.0,31536000.0,08-18,2022.0,0.0,0.0,0.0,15.0,42.0,20.0,17.0,Eplus-env-08-18_thermostat_rbc_eco_year_2022_case_0_rep_0_zone_0_onoffseed_15_tempseed_42_comforttemp_20_setbacktemp_17_paper2_final_runs_v4-res1
0,23706.309667084228,0.0,145669.98928678164,121963.67961969742,-392972.7487961271,-7.47665047176802,942.7829054684248,0.0179372698909517,0.0,0.0,-28283.48716405274,-0.5381180967285529,-373578.61685748544,-7.107660138080012,0.0,0.0,0.0,37357861.68574855,710.7660138080013,791.3644173830544,0.0,52560.0,31536000.0,08-19,2023.0,12.0,0.0,0.0,5.0,10.0,20.0,17.0,Eplus-env-08-19_thermostat_rbc_eco_year_2023_case_12_rep_0_zone_0_onoffseed_5_tempseed_10_comforttemp_20_setbacktemp_17_paper2_final_runs_v4-res1
0,7318.964113206582,0.0,60375.98189462288,53057.0177814163,-68345.22793849863,-1.3003277766076604,390.4251501775727,0.0074281801784165,-21431.127015102786,-0.4077459477759281,-11712.754505327182,-0.2228454053524958,-40926.45638238156,-0.7786616511107601,28.71004566210046,0.4077459477759281,1.1495335095027308,4092645.638238155,77.866165111076,116.84350863943408,21431.127015102786,52560.0,31536000.0,08-19,2023.0,9.0,0.0,0.0,10.0,42.0,20.0,13.0,Eplus-env-08-19_thermostat_rbc_eco_year_2023_case_9_rep_0_zone_0_onoffseed_10_tempseed_42_comforttemp_20_setbacktemp_13_paper2_final_runs_v4-res1
0,52351.82997948501,0.0,141217.77688926356,88865.94690977856,-81474.43209889135,-1.5501223763107184,707.9239906478564,0.013468873490256,-4682.238911487069,-0.0890836931409259,-21237.71971943569,-0.4040662047076806,-33963.161081187616,-0.646178863797329,5.3938356164383565,0.0890836931409259,0.5862279984853955,3396316.1081187613,64.61788637973291,97.6909035822765,4682.238911487069,52560.0,31536000.0,08-19,2022.0,8.0,0.0,0.0,10.0,15.0,20.0,17.0,Eplus-env-08-19_thermostat_rbc_eco_year_2022_case_8_rep_0_zone_0_onoffseed_10_tempseed_15_comforttemp_20_setbacktemp_17_paper2_final_runs_v4-res1
0,19982.43440999277,0.0,113598.08181953528,93615.64740954252,-391100.7850728293,-7.441034723607864,747.8621411894648,0.0142287317577904,-47484.55226416427,-0.903435164843308,-22435.86423568394,-0.4268619527337127,-327268.60321785,-6.226571598513127,15.68683409436834,0.903435164843308,3.065104523056943,32726860.321784995,622.6571598513127,696.2758911842157,47484.55226416427,52560.0,31536000.0,08-19,2023.0,11.0,0.0,0.0,15.0,10.0,20.0,13.0,Eplus-env-08-19_thermostat_rbc_eco_year_2023_case_11_rep_0_zone_0_onoffseed_15_tempseed_10_comforttemp_20_setbacktemp_13_paper2_final_runs_v4-res1
0,73773.06381716598,0.0,201433.7296774916,127660.66586032562,-403372.31750166544,-7.674511367992113,1003.3940524668268,0.0190904500088817,-21086.67563716563,-0.4011924588501832,-30101.821574004804,-0.5727135002664536,-321931.8983556764,-6.125036117878166,11.103500761035008,0.4011924588501832,1.5405433713660606,32193189.83556764,612.5036117878167,686.5107528915612,21086.67563716563,52560.0,31536000.0,08-19,2022.0,11.0,0.0,0.0,10.0,15.0,20.0,17.0,Eplus-env-08-19_thermostat_rbc_eco_year_2022_case_11_rep_0_zone_0_onoffseed_10_tempseed_15_comforttemp_20_setbacktemp_17_paper2_final_runs_v4-res1
0,22259.86015630074,0.0,123843.11869328909,101583.25853698836,-379096.29675463255,-7.212638827142933,810.3750230305782,0.0154180940454828,-36945.3644789192,-0.7029178934345357,-24311.250690917343,-0.4625428213644852,-323940.1406818436,-6.163244685727618,14.115296803652967,0.7029178934345357,2.606411772850431,32394014.068184365,616.3244685727619,689.8281277213154,36945.3644789192,52560.0,31536000.0,08-19,2023.0,11.0,0.0,0.0,15.0,15.0,20.0,13.0,Eplus-env-08-19_thermostat_rbc_eco_year_2023_case_11_rep_0_zone_0_onoffseed_15_tempseed_15_comforttemp_20_setbacktemp_13_paper2_final_runs_v4-res1
0,105639.24199122794,0.0,271542.97944917413,165903.73745794618,-459303.70304924576,-8.738654928638617,1346.981434694168,0.0256275006600869,-2.047571965302158,-3.895684865491168e-05,-40409.44304082505,-0.7688250198026074,-372878.19160425686,-7.09433393463198,0.015220700152207,3.895684865491168e-05,0.0043846549535774,37287819.16042569,709.4333934631981,788.7737428277111,2.047571965302158,52560.0,31536000.0,08-19,2022.0,7.0,0.0,0.0,5.0,15.0,20.0,15.0,Eplus-env-08-19_thermostat_rbc_eco_year_2022_case_7_rep_0_zone_0_onoffseed_5_tempseed_15_comforttemp_20_setbacktemp_15_paper2_final_runs_v4-res1
0,30426.81082266704,0.0,195482.5143633843,165055.70354071728,-394448.53968586697,-7.504728685043131,1249.254826163908,0.0237681664034229,-0.0032426852568185,-6.169492497752263e-08,-37477.64478491724,-0.7130449921026872,-369556.3625091578,-7.031133228865255,0.0019025875190258,6.169492497752263e-08,1.4144024087273533e-05,36955636.25091578,703.1133228865255,783.315320648021,0.0032426852568185,52560.0,31536000.0,08-19,2023.0,7.0,0.0,0.0,5.0,15.0,20.0,15.0,Eplus-env-08-19_thermostat_rbc_eco_year_2023_case_7_rep_0_zone_0_onoffseed_5_tempseed_15_comforttemp_20_setbacktemp_15_paper2_final_runs_v4-res1
0,72042.75366538513,72042.75366538513,0.0,0.0,-472760.55618700455,-8.994683336891258,2402.9495295716306,0.0457182178381208,-32149.244030375783,-0.6116675043831009,-72088.48588714891,-1.371546535143625,-381673.1353829772,-7.261665437271255,12.992770167427704,0.6116675043831009,2.229881009921933,38167313.53829772,726.1665437271256,795.4339768439814,32149.244030375783,52560.0,31536000.0,08-19,2023.0,2.0,0.0,0.0,10.0,10.0,20.0,13.0,Eplus-env-08-19_thermostat_rbc_eco_year_2023_case_2_rep_0_zone_0_onoffseed_10_tempseed_10_comforttemp_20_setbacktemp_13_paper2_final_runs_v4-res1
0,23585.280737621164,0.0,134049.38358576156,110464.1028481404,-353904.2982302811,-6.73333900742544,887.9010105375341,0.0168930938077917,-54526.47864017767,-1.03741397717233,-26637.03031612603,-0.5067928142337524,-280082.7014186556,-5.328818520141849,24.853500761035008,1.03741397717233,2.8948925250380264,28008270.14186555,532.8818520141848,616.8030073448647,54526.47864017767,52560.0,31536000.0,08-19,2023.0,5.0,0.0,0.0,15.0,42.0,20.0,17.0,Eplus-env-08-19_thermostat_rbc_eco_year_2023_case_5_rep_0_zone_0_onoffseed_15_tempseed_42_comforttemp_20_setbacktemp_17_paper2_final_runs_v4-res1
0,6122.9470996969285,0.0,41278.85511713083,35155.90801743391,-50558.89170292067,-0.9619271632975774,266.68721572179544,0.0050739576811604,-5077.12691285716,-0.096596782969124,-8000.616471653863,-0.1522187304348147,-40472.581767801465,-0.7700262893417326,6.851217656012176,0.096596782969124,0.5037684144502007,4047258.1767801456,77.00262893417325,115.27474638046834,5077.12691285716,52560.0,31536000.0,08-19,2023.0,14.0,0.0,0.0,10.0,10.0,20.0,17.0,Eplus-env-08-19_thermostat_rbc_eco_year_2023_case_14_rep_0_zone_0_onoffseed_10_tempseed_10_comforttemp_20_setbacktemp_17_paper2_final_runs_v4-res1
0,70658.7662932166,70658.7662932166,0.0,0.0,-379230.0349125342,-7.215183312643345,2324.3797501597114,0.0442233590213034,-105.22261595001584,-0.0020019523582575,-69731.39250479134,-1.3267007706391043,-321318.8755921037,-6.1133728232896445,12.576103500761034,0.0020019523582575,0.0134544187057228,32131887.559210368,611.3372823289644,694.5748452081349,105.22261595001584,52560.0,31536000.0,08-19,2023.0,1.0,0.0,0.0,5.0,42.0,20.0,13.0,Eplus-env-08-19_thermostat_rbc_eco_year_2023_case_1_rep_0_zone_0_onoffseed_5_tempseed_42_comforttemp_20_setbacktemp_13_paper2_final_runs_v4-res1
0,114892.43974666436,114892.43974666436,0.0,0.0,-467076.9729673703,-8.886548191921047,2278.819877780707,0.0433565425757364,-44474.05516373592,-0.8461578227499224,-68364.5963334212,-1.300696277272093,-328609.4128468883,-6.252081675169108,16.484018264840184,0.8461578227499224,2.591764308255365,32860941.28468884,625.2081675169109,706.809740987448,44474.05516373592,52560.0,31536000.0,08-19,2022.0,1.0,0.0,0.0,15.0,30.0,20.0,17.0,Eplus-env-08-19_thermostat_rbc_eco_year_2022_case_1_rep_0_zone_0_onoffseed_15_tempseed_30_comforttemp_20_setbacktemp_17_paper2_final_runs_v4-res1
0,49650.98569243203,49650.98569243203,0.0,0.0,-441040.4423243068,-8.391180409518775,1603.0355148080946,0.0304991536302909,-105634.1647979446,-2.0097824352729186,-48091.06544424284,-0.9149746089087296,-294786.8061313836,-5.608576981190708,40.97222222222222,2.0097824352729186,3.632700211307928,29478680.61313835,560.8576981190706,626.8778748907145,105634.1647979446,52560.0,31536000.0,08-18,2023.0,0.0,0.0,9.0,5.0,42.0,20.0,15.0,Eplus-env-08-18_thermostat_rbc_eco_year_2023_case_0_rep_0_zone_9_onoffseed_5_tempseed_42_comforttemp_20_setbacktemp_15_paper2_final_runs_v4-res1
0,82126.79195324802,82126.79195324802,0.0,0.0,-466231.29748470447,-8.870458475736386,1552.2328563641936,0.0295325885914039,-101312.30389097714,-1.9275552490672967,-46566.985690925816,-0.8859776577421198,-297731.0650967751,-5.664594084794048,40.527016742770165,1.9275552490672967,3.5396505690598548,29773106.50967751,566.4594084794047,634.1520003245666,101312.30389097714,52560.0,31536000.0,08-18,2022.0,0.0,0.0,9.0,5.0,42.0,20.0,15.0,Eplus-env-08-18_thermostat_rbc_eco_year_2022_case_0_rep_0_zone_9_onoffseed_5_tempseed_42_comforttemp_20_setbacktemp_15_paper2_final_runs_v4-res1
0,23870.73876771885,0.0,59658.40311752791,35787.66434980906,-93683.72971541516,-1.782414948923424,294.7739661868768,0.005608332690009,-32890.170896244155,-0.6257642864582221,-8843.218985606305,-0.1682499807002721,-41264.90743330022,-0.7851009785635507,24.74124809741248,0.6257642864582221,1.531400185479273,4126490.7433300223,78.51009785635507,117.81884862291388,32890.170896244155,52560.0,31536000.0,08-19,2022.0,9.0,0.0,9.0,5.0,42.0,18.0,15.0,Eplus-env-08-19_thermostat_rbc_eco_year_2022_case_9_rep_0_zone_9_onoffseed_5_tempseed_42_comforttemp_18_setbacktemp_15_paper2_final_runs_v4-res1
0,8770.437374063828,0.0,63870.01030825012,55099.5729341863,-57552.83615706431,-1.0949930775697168,419.3433586808895,0.0079783744041265,-9347.566369565408,-0.1778456310800115,-12580.300760426686,-0.2393512321237954,-41030.17497177729,-0.7806349880475132,26.56963470319635,0.1778456310800115,0.4213513764209908,4103017.497177729,78.0634988047513,116.97492898168524,9347.566369565408,52560.0,31536000.0,08-19,2023.0,9.0,0.0,0.0,5.0,42.0,20.0,15.0,Eplus-env-08-19_thermostat_rbc_eco_year_2023_case_9_rep_0_zone_0_onoffseed_5_tempseed_42_comforttemp_20_setbacktemp_15_paper2_final_runs_v4-res1
0,10073.710940344408,0.0,66320.71678365883,56247.00584331445,-348538.9480373477,-6.631258524302658,452.6865153089064,0.0086127571405804,-49568.64748239625,-0.9430869003500048,-13580.59545926719,-0.2583827142174122,-290728.9976346557,-5.531373623185991,33.963089802130895,0.9430869003500048,1.7938962418109798,29072899.763465565,553.137362318599,623.6182812084257,49568.64748239625,52560.0,31536000.0,08-19,2023.0,10.0,0.0,9.0,5.0,42.0,19.0,17.0,Eplus-env-08-19_thermostat_rbc_eco_year_2023_case_10_rep_0_zone_9_onoffseed_5_tempseed_42_comforttemp_19_setbacktemp_17_paper2_final_runs_v4-res1
0,13884.0158023966,0.0,34407.273951643336,20523.258149246743,-85481.88739058572,-1.6263677205210372,171.62328292692308,0.0032652831607101,-32961.43540860891,-0.6271201561759686,-5148.698487807692,-0.0979584948213031,-41161.93865403615,-0.7831419074207792,27.64459665144597,0.6271201561759686,1.3914219135022527,4116193.865403615,78.31419074207791,117.3924172309565,32961.43540860891,52560.0,31536000.0,08-19,2022.0,14.0,0.0,9.0,5.0,42.0,19.0,17.0,Eplus-env-08-19_thermostat_rbc_eco_year_2022_case_14_rep_0_zone_9_onoffseed_5_tempseed_42_comforttemp_19_setbacktemp_17_paper2_final_runs_v4-res1
0,8527.730642113082,0.0,54191.56369587547,45663.833053762384,-47565.25588132469,-0.9049706217908046,346.6936436413971,0.0065961499931772,-1.0453787701060475,-1.988924600658386e-05,-10400.809309241917,-0.197884499795318,-40587.674064241866,-0.772216021009168,0.0057077625570776,1.988924600658386e-05,0.0042990719973535,4058767.406424186,77.2216021009168,115.16623239058735,1.0453787701060475,52560.0,31536000.0,08-19,2023.0,14.0,0.0,0.0,5.0,15.0,20.0,17.0,Eplus-env-08-19_thermostat_rbc_eco_year_2023_case_14_rep_0_zone_0_onoffseed_5_tempseed_15_comforttemp_20_setbacktemp_17_paper2_final_runs_v4-res1
0,1840.897491275444,0.0,15044.176631368697,13203.279140093253,-77559.28288431859,-1.475633236003017,105.51634869645916,0.0020075408808306,-35166.64792086937,-0.669076254202233,-3165.4904608937754,-0.0602262264249196,-40886.59672583676,-0.7779032862602123,26.25,0.669076254202233,1.552750079825202,4088659.672583677,77.79032862602124,116.81359792037377,35166.64792086937,52560.0,31536000.0,08-19,2023.0,14.0,0.0,9.0,5.0,42.0,18.0,15.0,Eplus-env-08-19_thermostat_rbc_eco_year_2023_case_14_rep_0_zone_9_onoffseed_5_tempseed_42_comforttemp_18_setbacktemp_15_paper2_final_runs_v4-res1
0,36688.35680932457,0.0,91417.09646063377,54728.7396513092,-84260.65990067205,-1.603132798719027,461.2616834425624,0.0087759072192268,-13217.699156607012,-0.2514782944559934,-13837.850503276868,-0.263277216576805,-41028.216038356615,-0.7805977176247454,11.225266362252665,0.2514782944559934,1.0705207322131338,4102821.603835662,78.05977176247454,116.78370047988432,13217.699156607012,52560.0,31536000.0,08-19,2022.0,9.0,0.0,0.0,15.0,30.0,20.0,17.0,Eplus-env-08-19_thermostat_rbc_eco_year_2022_case_9_rep_0_zone_0_onoffseed_15_tempseed_30_comforttemp_20_setbacktemp_17_paper2_final_runs_v4-res1
0,25639.844593858103,0.0,67865.75748970057,42225.912895842455,-393022.2275516531,-7.477591848395226,332.0779441831979,0.0063180735194672,-84935.77321368008,-1.6159774203515995,-9962.33832549594,-0.1895422055840171,-287110.49747573776,-5.462528490786487,35.06849315068493,1.6159774203515995,3.315867452102,28711049.74757377,546.2528490786486,610.745564888857,84935.77321368008,52560.0,31536000.0,08-19,2022.0,10.0,0.0,9.0,5.0,42.0,21.0,13.0,Eplus-env-08-19_thermostat_rbc_eco_year_2022_case_10_rep_0_zone_9_onoffseed_5_tempseed_42_comforttemp_21_setbacktemp_13_paper2_final_runs_v4-res1
0,137013.60509173112,137013.60509173112,0.0,0.0,-486809.3199564018,-9.26197336294524,2785.574067498411,0.0529979845414461,0.0,0.0,-83567.22202495234,-1.5899395362433857,-374718.4896308566,-7.129347215198946,0.0,0.0,0.0,37471848.96308566,712.9347215198945,794.2875231054322,0.0,52560.0,31536000.0,08-19,2022.0,2.0,0.0,0.0,5.0,10.0,20.0,15.0,Eplus-env-08-19_thermostat_rbc_eco_year_2022_case_2_rep_0_zone_0_onoffseed_5_tempseed_10_comforttemp_20_setbacktemp_15_paper2_final_runs_v4-res1
0,129515.17855509795,129515.17855509795,0.0,0.0,-454894.57504876266,-8.65476740960355,2611.808294905838,0.049691938639761,-26660.97805984287,-0.5072484410167973,-78354.24884717513,-1.4907581591928296,-322277.22941299423,-6.131606343474015,12.602739726027398,0.5072484410167973,1.806942195364456,32227722.941299416,613.1606343474014,691.6833858036232,26660.97805984287,52560.0,31536000.0,08-19,2022.0,1.0,0.0,0.0,10.0,10.0,20.0,17.0,Eplus-env-08-19_thermostat_rbc_eco_year_2022_case_1_rep_0_zone_0_onoffseed_10_tempseed_10_comforttemp_20_setbacktemp_17_paper2_final_runs_v4-res1
0,67184.56808720097,67184.56808720097,0.0,0.0,-419558.97260226175,-7.982476647683823,2201.3387999575834,0.0418823972594669,-38294.11670010229,-0.7285790848573493,-66040.1639987275,-1.256471917784009,-326301.16075002035,-6.2081651588664455,21.23097412480974,0.7285790848573493,2.232756034059725,32630116.07500204,620.8165158866444,699.7034054654509,38294.11670010229,52560.0,31536000.0,08-19,2023.0,1.0,0.0,0.0,10.0,42.0,20.0,17.0,Eplus-env-08-19_thermostat_rbc_eco_year_2023_case_1_rep_0_zone_0_onoffseed_10_tempseed_42_comforttemp_20_setbacktemp_17_paper2_final_runs_v4-res1
0,45600.6332405234,0.0,114998.30665727676,69397.67341675336,-405121.1349896919,-7.707784151249846,572.1464899481844,0.0108855877082987,-24760.27456868985,-0.4710858936204309,-17164.39469844553,-0.3265676312489636,-343054.98236692976,-6.526921277909622,32.07382039573821,0.4710858936204309,0.9142438362447384,34305498.23669298,652.6921277909623,727.3246975301736,24760.27456868985,52560.0,31536000.0,08-19,2022.0,11.0,0.0,9.0,5.0,42.0,18.0,17.0,Eplus-env-08-19_thermostat_rbc_eco_year_2022_case_11_rep_0_zone_9_onoffseed_5_tempseed_42_comforttemp_18_setbacktemp_17_paper2_final_runs_v4-res1
0,101451.63666583662,101451.63666583662,0.0,0.0,-474502.439254421,-9.02782418672795,2032.5543554881024,0.0386711254849334,-59447.03889436916,-1.1310319424347253,-60976.63066464308,-1.1601337645480037,-332057.8164037309,-6.31769057084724,16.579147640791476,1.1310319424347253,3.737944411959811,33205781.64037308,631.7690570847237,708.7052535835484,59447.03889436916,52560.0,31536000.0,08-19,2022.0,1.0,0.0,0.0,15.0,30.0,20.0,13.0,Eplus-env-08-19_thermostat_rbc_eco_year_2022_case_1_rep_0_zone_0_onoffseed_15_tempseed_30_comforttemp_20_setbacktemp_13_paper2_final_runs_v4-res1
0,23540.435738036467,0.0,149245.7472190694,125705.31148103291,-376156.33709442674,-7.156703521583461,945.6446060039387,0.0179917162481723,-32562.71673571808,-0.6195341844695221,-28369.338180118164,-0.5397514874451705,-324335.1898814211,-6.170760842492792,14.107686453576864,0.6195341844695221,1.9869090081514509,32433518.988142107,617.076084249279,693.8284737863147,32562.71673571808,52560.0,31536000.0,08-19,2023.0,6.0,0.0,0.0,10.0,30.0,20.0,17.0,Eplus-env-08-19_thermostat_rbc_eco_year_2023_case_6_rep_0_zone_0_onoffseed_10_tempseed_30_comforttemp_20_setbacktemp_17_paper2_final_runs_v4-res1
0,93029.1522159124,0.0,239443.0169832076,146413.8647672952,-453451.9305376522,-8.627319835191253,1189.9192244706628,0.0226392546512683,-6.827310996389844,-0.0001298955669023,-35697.57673411989,-0.6791776395380497,-377337.95379881794,-7.179184813523934,0.030441400304414,0.0001298955669023,0.0093105573865001,37733795.37988179,717.9184813523933,796.430612350809,6.827310996389844,52560.0,31536000.0,08-19,2022.0,7.0,0.0,0.0,5.0,10.0,20.0,15.0,Eplus-env-08-19_thermostat_rbc_eco_year_2022_case_7_rep_0_zone_0_onoffseed_5_tempseed_10_comforttemp_20_setbacktemp_15_paper2_final_runs_v4-res1
0,70648.17990638952,0.0,178585.18149375456,107937.00158736508,-440124.54715242697,-8.373754702291228,897.7638980532531,0.0170807438746813,-49961.81497376897,-0.9505672559697292,-26932.916941597592,-0.5124223162404412,-332365.45619724074,-6.323543687162115,26.05593607305936,0.9505672559697292,2.7615916706626087,33236545.61972408,632.3543687162115,713.0158468013537,49961.81497376897,52560.0,31536000.0,08-19,2022.0,6.0,0.0,0.0,15.0,42.0,20.0,17.0,Eplus-env-08-19_thermostat_rbc_eco_year_2022_case_6_rep_0_zone_0_onoffseed_15_tempseed_42_comforttemp_20_setbacktemp_17_paper2_final_runs_v4-res1
0,119097.4147093696,119097.4147093696,0.0,0.0,-421842.8896777084,-8.025930168906172,2353.767508128229,0.044782486836534,-105.02960671133565,-0.0019982801885718,-70613.02524384687,-1.3434746050960211,-324304.26509726176,-6.1701724714090895,14.063926940639268,0.0019982801885718,0.0072979695365607,32430426.50972618,617.017247140909,702.9230768356973,105.02960671133565,52560.0,31536000.0,08-19,2022.0,1.0,0.0,0.0,5.0,42.0,20.0,17.0,Eplus-env-08-19_thermostat_rbc_eco_year_2022_case_1_rep_0_zone_0_onoffseed_5_tempseed_42_comforttemp_20_setbacktemp_17_paper2_final_runs_v4-res1
0,18230.14769678773,0.0,44392.26673915951,26162.11904237177,-70825.81040372432,-1.3475230289901887,220.63044590954644,0.0041976873270461,-14895.456629093527,-0.2833990987270458,-6618.9133772863925,-0.1259306198113849,-41016.26994388875,-0.7803704327223887,11.459284627092844,0.2833990987270458,1.2789291758136807,4101626.994388875,78.03704327223888,116.75557584779706,14895.456629093527,52560.0,31536000.0,08-19,2022.0,14.0,0.0,0.0,15.0,30.0,20.0,13.0,Eplus-env-08-19_thermostat_rbc_eco_year_2022_case_14_rep_0_zone_0_onoffseed_15_tempseed_30_comforttemp_20_setbacktemp_13_paper2_final_runs_v4-res1
0,76573.48882282013,0.0,198262.81793123443,121689.32910841431,-439374.540342142,-8.359485166326902,978.2503509314324,0.0186120690816482,0.0,0.0,-29347.510527942977,-0.5583620724494478,-376729.7691361928,-7.167613568040198,0.0,0.0,0.0,37672976.91361928,716.7613568040198,796.6405282622982,0.0,52560.0,31536000.0,08-19,2022.0,12.0,0.0,0.0,5.0,10.0,20.0,17.0,Eplus-env-08-19_thermostat_rbc_eco_year_2022_case_12_rep_0_zone_0_onoffseed_5_tempseed_10_comforttemp_20_setbacktemp_17_paper2_final_runs_v4-res1
0,55154.409288053954,0.0,150542.6686990214,95388.25941096744,-471979.9102254021,-8.97983086425803,739.7790115699711,0.0140749431425032,-36757.36075995017,-0.6993409581421265,-22193.37034709913,-0.4222482942750976,-390100.7272268949,-7.422007747848077,13.54261796042618,0.6993409581421265,2.4780689427198364,39010072.72268949,742.2007747848078,810.4515051096978,36757.36075995017,52560.0,31536000.0,08-19,2022.0,12.0,0.0,0.0,10.0,30.0,20.0,15.0,Eplus-env-08-19_thermostat_rbc_eco_year_2022_case_12_rep_0_zone_0_onoffseed_10_tempseed_30_comforttemp_20_setbacktemp_15_paper2_final_runs_v4-res1
0,74750.19819168346,64761.48833645866,23978.650296012293,13989.9404407875,-96663.73908041204,-1.839112235167657,1415.5863561779768,0.0269327693336753,-17.72884293354349,-0.0003373067529212,-42467.5906853393,-0.8079830800102608,-35492.87309686226,-0.675282973684594,0.0551750380517503,0.0003373067529212,0.0218415941180588,3549287.3096862263,67.5282973684594,101.81812391645768,17.72884293354349,52560.0,31536000.0,08-19,2022.0,3.0,0.0,0.0,5.0,10.0,20.0,13.0,Eplus-env-08-19_thermostat_rbc_eco_year_2022_case_3_rep_0_zone_0_onoffseed_5_tempseed_10_comforttemp_20_setbacktemp_13_paper2_final_runs_v4-res1
0,39529.93414108721,39063.62765656991,14456.246925304797,13989.9404407875,-74715.20160492149,-1.4215221005502563,1396.1105918634012,0.0265622258725913,-8296.31021619017,-0.1578445627129028,-41883.31775590204,-0.7968667761777405,-34079.452267907895,-0.6483914054015961,8.078386605783866,0.1578445627129028,0.8273504347793501,3407945.226790789,64.8391405401596,97.86362166460228,8296.31021619017,52560.0,31536000.0,08-19,2023.0,3.0,0.0,0.0,15.0,15.0,20.0,13.0,Eplus-env-08-19_thermostat_rbc_eco_year_2023_case_3_rep_0_zone_0_onoffseed_15_tempseed_15_comforttemp_20_setbacktemp_13_paper2_final_runs_v4-res1
0,66586.91888461371,66586.91888461371,0.0,0.0,-436557.10199442896,-8.305880935967066,2188.483697665288,0.0416378176876957,-110.92640649827943,-0.0021104719653401,-65654.51092995862,-1.2491345306308717,-381971.4172484282,-7.267340510814845,12.886225266362253,0.0021104719653401,0.0151874679662021,38197141.72484282,726.7340510814845,804.6070212072025,110.92640649827943,52560.0,31536000.0,08-19,2023.0,2.0,0.0,0.0,5.0,42.0,20.0,13.0,Eplus-env-08-19_thermostat_rbc_eco_year_2023_case_2_rep_0_zone_0_onoffseed_5_tempseed_42_comforttemp_20_setbacktemp_13_paper2_final_runs_v4-res1
0,110751.56943842488,110751.56943842488,0.0,0.0,-458407.8120750714,-8.721609818779898,2211.919515882685,0.0420837046400815,-39677.87135644225,-0.754906228242813,-66357.58547648056,-1.262511139202446,-328124.08176105376,-6.242847826504067,13.862252663622526,0.754906228242813,2.640909678532227,32812408.176105376,624.2847826504067,699.6476726606668,39677.87135644225,52560.0,31536000.0,08-19,2022.0,1.0,0.0,0.0,10.0,30.0,20.0,15.0,Eplus-env-08-19_thermostat_rbc_eco_year_2022_case_1_rep_0_zone_0_onoffseed_10_tempseed_30_comforttemp_20_setbacktemp_15_paper2_final_runs_v4-res1
0,7834.957607997167,0.0,61411.95741630515,53576.99980830798,-67883.84000814435,-1.2915494674304482,399.7587063555265,0.0076057592533395,-20502.86099791587,-0.3900848743895713,-11992.761190665797,-0.2281727776001863,-40971.200191126,-0.7795129412314686,28.73858447488584,0.3900848743895713,1.0500754571619983,4097120.0191126,77.95129412314687,116.99019913991972,20502.86099791587,52560.0,31536000.0,08-19,2023.0,9.0,0.0,0.0,10.0,42.0,20.0,17.0,Eplus-env-08-19_thermostat_rbc_eco_year_2023_case_9_rep_0_zone_0_onoffseed_10_tempseed_42_comforttemp_20_setbacktemp_17_paper2_final_runs_v4-res1
0,19242.55336256773,0.0,47185.49046623385,27942.93710366612,-72738.30335268541,-1.3839098811393724,236.5697439586608,0.0045009464223489,-21913.47107389088,-0.4169229656371931,-7097.092318759824,-0.1350283926704684,-35082.49937287789,-0.6674752544307058,23.72146118721461,0.4169229656371931,0.9952817976597852,3508249.93728779,66.74752544307059,101.3729852123714,21913.47107389088,52560.0,31536000.0,08-19,2022.0,13.0,0.0,9.0,5.0,42.0,18.0,17.0,Eplus-env-08-19_thermostat_rbc_eco_year_2022_case_13_rep_0_zone_9_onoffseed_5_tempseed_42_comforttemp_18_setbacktemp_17_paper2_final_runs_v4-res1
0,4297.460283361949,0.0,27144.824650378345,22847.3643670164,-70644.67124497345,-1.3440766979637262,182.8587037056664,0.0034790468741565,-26326.86847426893,-0.5008917137417985,-5485.761111169991,-0.1043714062246954,-40802.0505128861,-0.776294720564804,28.544520547945208,0.5008917137417985,1.4933352442336825,4080205.0512886094,77.62947205648041,116.33206658328596,26326.86847426893,52560.0,31536000.0,08-19,2023.0,14.0,0.0,0.0,15.0,42.0,20.0,13.0,Eplus-env-08-19_thermostat_rbc_eco_year_2023_case_14_rep_0_zone_0_onoffseed_15_tempseed_42_comforttemp_20_setbacktemp_13_paper2_final_runs_v4-res1
0,9165.869324024025,0.0,53352.043117170106,44186.17379314608,-52390.50442237966,-0.9967751982948946,354.70727290938106,0.0067486163034509,-11156.2538860285,-0.2122574940264174,-10641.218187281434,-0.202458489103528,-33735.65284236711,-0.6418503204407746,9.775494672754943,0.2122574940264174,0.9596932352598616,3373565.2842367105,64.18503204407745,97.20027549878016,11156.2538860285,52560.0,31536000.0,08-19,2023.0,13.0,0.0,0.0,15.0,10.0,20.0,15.0,Eplus-env-08-19_thermostat_rbc_eco_year_2023_case_13_rep_0_zone_0_onoffseed_15_tempseed_10_comforttemp_20_setbacktemp_15_paper2_final_runs_v4-res1
0,40377.0764790656,0.0,106668.490244612,66291.41376554641,-473356.9240226432,-9.006029756899604,522.7132437970997,0.0099450769367789,-91475.3638507082,-1.7403988556070815,-15681.39731391299,-0.2983523081033674,-348849.07390441146,-6.637158940342684,37.09094368340944,1.7403988556070815,3.467589146367263,34884907.39044114,663.7158940342683,727.3716462167562,91475.3638507082,52560.0,31536000.0,08-19,2022.0,6.0,0.0,9.0,5.0,42.0,19.0,13.0,Eplus-env-08-19_thermostat_rbc_eco_year_2022_case_6_rep_0_zone_9_onoffseed_5_tempseed_42_comforttemp_19_setbacktemp_13_paper2_final_runs_v4-res1
0,20776.04209973241,0.0,137738.72657438618,116962.6844746538,-444499.74804613314,-8.45699672842719,851.9363297943196,0.0162088342807138,-39495.41252086178,-0.751434789209699,-25558.089893829587,-0.4862650284214153,-388007.4554834802,-7.382181420918574,14.048706240487064,0.751434789209699,2.5785210524475577,38800745.54834802,738.2181420918574,805.0552891564383,39495.41252086178,52560.0,31536000.0,08-19,2023.0,7.0,0.0,0.0,10.0,30.0,20.0,13.0,Eplus-env-08-19_thermostat_rbc_eco_year_2023_case_7_rep_0_zone_0_onoffseed_10_tempseed_30_comforttemp_20_setbacktemp_13_paper2_final_runs_v4-res1
0,10442.858123941627,0.0,66393.91345763158,55951.05533368996,-42841.538305323375,-0.815097760755772,428.8099114572854,0.0081584838557322,-3.285633102262281,-6.251204532462483e-05,-12864.297343718565,-0.2447545156719666,-34294.95044102448,-0.6524914467470411,0.0133181126331811,6.251204532462483e-05,0.0098874453588954,3429495.044102447,65.2491446747041,98.5803478564022,3.285633102262281,52560.0,31536000.0,08-19,2023.0,13.0,0.0,0.0,5.0,10.0,20.0,15.0,Eplus-env-08-19_thermostat_rbc_eco_year_2023_case_13_rep_0_zone_0_onoffseed_5_tempseed_10_comforttemp_20_setbacktemp_15_paper2_final_runs_v4-res1
0,10179.343637756072,0.0,67945.13339592252,57765.78975816645,-45817.44917092194,-0.8717170694619851,433.5981957314037,0.008249585154707,-4009.230054341455,-0.0762791106229348,-13007.945871942107,-0.2474875546412121,-33480.49808653224,-0.6369957779020593,5.450913242009133,0.0762791106229348,0.4569478965793298,3348049.8086532243,63.69957779020594,96.29426218748978,4009.230054341455,52560.0,31536000.0,08-19,2023.0,13.0,0.0,0.0,10.0,15.0,20.0,13.0,Eplus-env-08-19_thermostat_rbc_eco_year_2023_case_13_rep_0_zone_0_onoffseed_10_tempseed_15_comforttemp_20_setbacktemp_13_paper2_final_runs_v4-res1
0,24698.999897225425,0.0,142782.4551905094,118083.45529328396,-336557.09055219544,-6.403293199242683,933.407999837572,0.0177589041064987,0.0,0.0,-28002.23999512716,-0.5327671231949612,-316350.8387362753,-6.018851574130048,0.0,0.0,0.0,31635083.873627536,601.8851574130049,687.5004632536996,0.0,52560.0,31536000.0,08-19,2023.0,11.0,0.0,0.0,5.0,30.0,20.0,17.0,Eplus-env-08-19_thermostat_rbc_eco_year_2023_case_11_rep_0_zone_0_onoffseed_5_tempseed_30_comforttemp_20_setbacktemp_17_paper2_final_runs_v4-res1
0,54054.69755808221,54054.69755808221,0.0,0.0,-473750.8785917299,-9.01352508736168,985.8848623260234,0.0187573223425803,-77384.25163701164,-1.47230311333736,-29576.5458697807,-0.5627196702774105,-352144.4788824512,-6.699856904156225,34.14383561643836,1.47230311333736,3.059441875679935,35214447.88824512,669.9856904156226,734.6002231881412,77384.25163701164,52560.0,31536000.0,08-19,2022.0,1.0,0.0,9.0,5.0,42.0,18.0,13.0,Eplus-env-08-19_thermostat_rbc_eco_year_2022_case_1_rep_0_zone_9_onoffseed_5_tempseed_42_comforttemp_18_setbacktemp_13_paper2_final_runs_v4-res1
0,31793.086348315228,31793.086348315228,0.0,0.0,-458644.6301460434,-8.726115489841009,1011.8032332725004,0.0192504420333428,-82679.25089331497,-1.5730451083203,-30354.096998175017,-0.5775132610002857,-349955.4553111717,-6.658208814900528,34.609969558599694,1.5730451083203,3.137429228440717,34995545.53111716,665.8208814900526,728.6295713822129,82679.25089331497,52560.0,31536000.0,08-19,2023.0,1.0,0.0,9.0,5.0,42.0,18.0,13.0,Eplus-env-08-19_thermostat_rbc_eco_year_2023_case_1_rep_0_zone_9_onoffseed_5_tempseed_42_comforttemp_18_setbacktemp_13_paper2_final_runs_v4-res1
0,38576.63609733374,38576.63609733374,0.0,0.0,-501489.5960962525,-9.541278464540571,1234.501964046059,0.0234874802900696,-63039.55646368125,-1.1993827333272689,-37035.05892138176,-0.7046244087020882,-406890.4936413424,-7.741447748122954,33.630136986301366,1.1993827333272689,2.3307271601378066,40689049.364134245,774.1447748122954,837.3699770150334,63039.55646368125,52560.0,31536000.0,08-19,2023.0,2.0,0.0,9.0,5.0,42.0,18.0,15.0,Eplus-env-08-19_thermostat_rbc_eco_year_2023_case_2_rep_0_zone_9_onoffseed_5_tempseed_42_comforttemp_18_setbacktemp_15_paper2_final_runs_v4-res1
0,5471.502850607873,0.0,32756.52509731605,27285.022246708184,-57889.76228586695,-1.1014033920446529,219.75823731929705,0.0041810927952682,-12814.523117172568,-0.2438075174500108,-6592.747119578911,-0.1254327838580462,-40599.00268661208,-0.7724315579644613,11.373668188736682,0.2438075174500108,0.9766241238422184,4059900.268661209,77.24315579644613,115.6403801044452,12814.523117172568,52560.0,31536000.0,08-19,2023.0,14.0,0.0,0.0,15.0,30.0,20.0,17.0,Eplus-env-08-19_thermostat_rbc_eco_year_2023_case_14_rep_0_zone_0_onoffseed_15_tempseed_30_comforttemp_20_setbacktemp_17_paper2_final_runs_v4-res1
0,5317.542554982496,0.0,31927.379610143864,26609.83705516137,-58559.66486405632,-1.1141488748869164,213.72458378805425,0.0040662972562415,-13614.832834791872,-0.2590341102509869,-6411.737513641628,-0.1219889176872455,-40594.55046503327,-0.7723468505523834,11.533485540334857,0.2590341102509869,1.0637349962594038,4059455.046503327,77.23468505523833,115.64434941408484,13614.832834791872,52560.0,31536000.0,08-19,2023.0,14.0,0.0,0.0,15.0,30.0,20.0,15.0,Eplus-env-08-19_thermostat_rbc_eco_year_2023_case_14_rep_0_zone_0_onoffseed_15_tempseed_30_comforttemp_20_setbacktemp_15_paper2_final_runs_v4-res1
0,83752.30405919167,73763.59420396687,23978.650296012293,13989.9404407875,-103821.54723004453,-1.975295799658381,1615.6938780079106,0.0307399900686436,-4.277982501004566,-8.139236113022385e-05,-48470.81634023732,-0.9221997020593096,-35299.50929671883,-0.671604058156751,0.0095129375951293,8.139236113022385e-05,0.0099456072142024,3529950.9296718827,67.16040581567509,100.92659032509508,4.277982501004566,52560.0,31536000.0,08-19,2022.0,3.0,0.0,0.0,5.0,15.0,20.0,13.0,Eplus-env-08-19_thermostat_rbc_eco_year_2022_case_3_rep_0_zone_0_onoffseed_5_tempseed_15_comforttemp_20_setbacktemp_13_paper2_final_runs_v4-res1
0,68356.26072472963,68356.26072472963,0.0,0.0,-553539.9610309385,-10.53158221139533,1332.1699038509691,0.0253456983228875,-98147.63024711792,-1.8673445633013304,-39965.09711552907,-0.7603709496866261,-399470.0738849192,-7.600267767977916,37.99847792998478,1.8673445633013304,3.685657509825531,39947007.38849192,760.0267767977915,817.8252465468515,98147.63024711792,52560.0,31536000.0,08-19,2022.0,2.0,0.0,9.0,5.0,42.0,21.0,13.0,Eplus-env-08-19_thermostat_rbc_eco_year_2022_case_2_rep_0_zone_9_onoffseed_5_tempseed_42_comforttemp_21_setbacktemp_13_paper2_final_runs_v4-res1
0,10405.688488901333,0.0,66450.97068557574,56045.28219667441,-42811.17480486523,-0.8145200685857159,428.7718802538488,0.0081577602788022,-3.4620582186410687,-6.586868756927452e-05,-12863.156407615465,-0.2447328083640689,-34294.818993876404,-0.6524889458500077,0.0114155251141552,6.586868756927452e-05,0.0114229796559574,3429481.899387641,65.24889458500078,98.5672702448277,3.4620582186410687,52560.0,31536000.0,08-19,2023.0,13.0,0.0,0.0,5.0,10.0,20.0,13.0,Eplus-env-08-19_thermostat_rbc_eco_year_2023_case_13_rep_0_zone_0_onoffseed_5_tempseed_10_comforttemp_20_setbacktemp_13_paper2_final_runs_v4-res1
0,39830.26685466175,0.0,102699.18701030868,62868.92015564693,-66927.09534672179,-1.273346562913276,499.8298011633593,0.0095096994133059,0.0,0.0,-14994.894034900775,-0.2852909823991776,-34341.954032923015,-0.6533857312199964,0.0,0.0,0.0,3434195.403292301,65.33857312199964,98.42077666176672,0.0,52560.0,31536000.0,08-19,2022.0,13.0,0.0,0.0,5.0,15.0,20.0,17.0,Eplus-env-08-19_thermostat_rbc_eco_year_2022_case_13_rep_0_zone_0_onoffseed_5_tempseed_15_comforttemp_20_setbacktemp_17_paper2_final_runs_v4-res1
0,9020.807252806884,0.0,57606.89597069178,48586.08871788491,-41970.43460947344,-0.7985242505607579,374.8304225966633,0.007131476837836,-57.8146160739759,-0.0010999736695961,-11244.912677899898,-0.2139443051350817,-34532.697579878135,-0.6570147941377118,0.6373668188736682,0.0010999736695961,0.0213905619351139,3453269.7579878136,65.70147941377118,99.52369455980936,57.8146160739759,52560.0,31536000.0,08-19,2023.0,13.0,0.0,0.0,5.0,30.0,20.0,17.0,Eplus-env-08-19_thermostat_rbc_eco_year_2023_case_13_rep_0_zone_0_onoffseed_5_tempseed_30_comforttemp_20_setbacktemp_17_paper2_final_runs_v4-res1
0,11450.522970193331,0.0,71196.84450421242,59746.321534019095,-435268.4566980192,-8.28136333139306,477.1360854275408,0.009077931610113,-26006.21432661338,-0.4947909879492652,-14314.082562826225,-0.2723379483033908,-399894.5695294906,-7.608344169130339,32.404870624048705,0.4947909879492652,0.9435852290510044,39989456.95294906,760.8344169130339,830.6472598429359,26006.21432661338,52560.0,31536000.0,08-19,2023.0,12.0,0.0,9.0,5.0,42.0,18.0,17.0,Eplus-env-08-19_thermostat_rbc_eco_year_2023_case_12_rep_0_zone_9_onoffseed_5_tempseed_42_comforttemp_18_setbacktemp_17_paper2_final_runs_v4-res1
0,11577.362114529977,0.0,29350.63493662615,17773.27282209618,-89889.91243009208,-1.7102342547582208,143.15999001619386,0.0027237441022867,-45667.257825554174,-0.868859547670361,-4294.799700485816,-0.0817123230686038,-34751.21465864094,-0.661172272805193,26.242389649923897,0.868859547670361,2.1260914894919245,3475121.465864095,66.11722728051932,100.64463912712984,45667.257825554174,52560.0,31536000.0,08-19,2022.0,13.0,0.0,9.0,5.0,42.0,18.0,13.0,Eplus-env-08-19_thermostat_rbc_eco_year_2022_case_13_rep_0_zone_9_onoffseed_5_tempseed_42_comforttemp_18_setbacktemp_13_paper2_final_runs_v4-res1
0,6052.062517461036,0.0,40754.37900430021,34702.316486839176,-45955.69503178221,-0.8743473179562826,263.676701320864,0.0050166800099098,-92.35767064698962,-0.0017571855145926,-7910.301039625918,-0.1505004002972967,-40912.14501560036,-0.778389364832579,0.6031202435312024,0.0017571855145926,0.0448357143645194,4091214.501560036,77.83893648325791,116.5505173291702,92.35767064698962,52560.0,31536000.0,08-19,2023.0,14.0,0.0,0.0,5.0,30.0,20.0,13.0,Eplus-env-08-19_thermostat_rbc_eco_year_2023_case_14_rep_0_zone_0_onoffseed_5_tempseed_30_comforttemp_20_setbacktemp_13_paper2_final_runs_v4-res1
0,26733.15061531625,0.0,70207.30524213726,43474.15462682101,-69316.54031855293,-1.3188078447213267,340.6517402087415,0.0064811974925559,-12812.393285388487,-0.2437669955363106,-10219.552206262244,-0.1944359247766789,-34633.75651477422,-0.6589375288199053,9.672754946727547,0.2437669955363106,1.1014965276064146,3463375.651477422,65.89375288199052,99.93482402148844,12812.393285388487,52560.0,31536000.0,08-19,2022.0,13.0,0.0,0.0,10.0,30.0,20.0,13.0,Eplus-env-08-19_thermostat_rbc_eco_year_2022_case_13_rep_0_zone_0_onoffseed_10_tempseed_30_comforttemp_20_setbacktemp_13_paper2_final_runs_v4-res1
0,42774.80893610847,0.0,113537.03779153449,70762.22885542599,-455410.1214860212,-8.664576131773615,557.3387838244457,0.0106038581397345,-78124.56896071263,-1.486388298339281,-16720.163514733373,-0.3181157441920352,-342291.48133467825,-6.512395002562371,35.04566210045662,1.486388298339281,2.9968517852349943,34229148.13346783,651.2395002562373,712.1590442131285,78124.56896071263,52560.0,31536000.0,08-19,2022.0,6.0,0.0,9.0,5.0,42.0,20.0,13.0,Eplus-env-08-19_thermostat_rbc_eco_year_2022_case_6_rep_0_zone_9_onoffseed_5_tempseed_42_comforttemp_20_setbacktemp_13_paper2_final_runs_v4-res1
0,10127.549870862582,0.0,75938.5568688138,65811.00699795122,-70118.83220378986,-1.334072149996002,495.1591896723192,0.0094208369420152,-27220.86689765036,-0.5179008161653418,-14854.775690169576,-0.2826251082604561,-34612.61675678682,-0.6585353264228847,31.00266362252664,0.5179008161653418,1.3243162553858456,3461261.6756786816,65.85353264228846,100.20957299161924,27220.86689765036,52560.0,31536000.0,08-19,2023.0,8.0,0.0,0.0,10.0,42.0,20.0,17.0,Eplus-env-08-19_thermostat_rbc_eco_year_2023_case_8_rep_0_zone_0_onoffseed_10_tempseed_42_comforttemp_20_setbacktemp_17_paper2_final_runs_v4-res1
0,34164.78374669704,0.0,209155.01772572423,174990.23397902717,-284657.7699101324,-5.415863202247572,1332.57707135216,0.0253534450409467,-3.8276095099201086,-7.282362081278745e-05,-39977.312140564805,-0.760603351228402,-256703.7327174497,-4.88401317955574,0.0228310502283105,7.282362081278745e-05,0.0072157922586698,25670373.271744967,488.401317955574,580.7005606657289,3.8276095099201086,52560.0,31536000.0,08-19,2023.0,5.0,0.0,0.0,5.0,15.0,20.0,13.0,Eplus-env-08-19_thermostat_rbc_eco_year_2023_case_5_rep_0_zone_0_onoffseed_5_tempseed_15_comforttemp_20_setbacktemp_13_paper2_final_runs_v4-res1
0,69923.25324498305,0.0,175408.55888405928,105485.3056390762,-445069.8812074681,-8.467844010796577,892.372086272091,0.0169781599366836,-54894.27356057883,-1.0444115974234938,-26771.162588162733,-0.5093447981005086,-332971.3941671687,-6.3350721873510025,16.60007610350076,1.0444115974234938,3.3662513863100405,33297139.41671687,633.5072187351003,709.0913234486745,54894.27356057883,52560.0,31536000.0,08-19,2022.0,6.0,0.0,0.0,15.0,30.0,20.0,15.0,Eplus-env-08-19_thermostat_rbc_eco_year_2022_case_6_rep_0_zone_0_onoffseed_15_tempseed_30_comforttemp_20_setbacktemp_15_paper2_final_runs_v4-res1
0,20316.643297027564,19850.336812510264,14456.246925304797,13989.9404407875,-83776.04607278293,-1.593912596514135,744.5473619944134,0.0141656651825421,-25779.80387508382,-0.4904833309566937,-22336.420859832404,-0.4249699554762634,-41375.196316400856,-0.7871993210882964,30.03614916286149,0.4904833309566937,1.2959821368579585,4137519.6316400855,78.71993210882964,118.24986343819232,25779.80387508382,52560.0,31536000.0,08-19,2023.0,4.0,0.0,0.0,10.0,42.0,20.0,15.0,Eplus-env-08-19_thermostat_rbc_eco_year_2023_case_4_rep_0_zone_0_onoffseed_10_tempseed_42_comforttemp_20_setbacktemp_15_paper2_final_runs_v4-res1
0,1827.3629568279569,0.0,15993.267079734964,14165.904122907008,-85937.57036191218,-1.6350374878598208,110.7094208141618,0.002106343622796,-43886.99829522676,-0.8349885520400829,-3321.2826244248545,-0.0631903086838823,-40555.60643170445,-0.771605906234864,28.907914764079145,0.8349885520400829,1.8536738437877496,4055560.6431704434,77.16059062348637,115.85424827649685,43886.99829522676,52560.0,31536000.0,08-19,2023.0,14.0,0.0,9.0,5.0,42.0,19.0,15.0,Eplus-env-08-19_thermostat_rbc_eco_year_2023_case_14_rep_0_zone_9_onoffseed_5_tempseed_42_comforttemp_19_setbacktemp_15_paper2_final_runs_v4-res1
0,28525.165003918337,0.0,74118.66329838899,45593.49829447066,-62962.13772992163,-1.1979097741613705,358.9351112487392,0.0068290546280201,-5.123349287453767,-9.747620409919647e-05,-10768.053337462175,-0.2048716388406045,-39620.5768909286,-0.7538161508928577,0.0209284627092846,9.747620409919647e-05,0.0078811290211795,3962057.689092859,75.38161508928576,113.15387564787729,5.123349287453767,52560.0,31536000.0,08-19,2022.0,14.0,0.0,0.0,5.0,15.0,20.0,15.0,Eplus-env-08-19_thermostat_rbc_eco_year_2022_case_14_rep_0_zone_0_onoffseed_5_tempseed_15_comforttemp_20_setbacktemp_15_paper2_final_runs_v4-res1
0,64045.57805130625,0.0,168919.30107684943,104873.72302554316,-345822.0019167065,-6.579566246512681,849.4642687445632,0.0161618011557184,-22582.27896199645,-0.4296476210425503,-25483.928062336898,-0.4848540346715543,-270844.0355509364,-5.153044816418119,10.268264840182647,0.4296476210425503,1.8190525245185365,27084403.555093635,515.3044816418119,592.2419650101612,22582.27896199645,52560.0,31536000.0,08-19,2022.0,10.0,0.0,0.0,10.0,15.0,20.0,15.0,Eplus-env-08-19_thermostat_rbc_eco_year_2022_case_10_rep_0_zone_0_onoffseed_10_tempseed_15_comforttemp_20_setbacktemp_15_paper2_final_runs_v4-res1
0,8094.936134940992,0.0,48047.22745466595,39952.29131972496,-58475.17054024752,-1.1125412964278447,322.4404776329041,0.006134712283731,-17728.043927099236,-0.3372915511244146,-9673.214328987122,-0.1840413685119315,-34124.659361153055,-0.6492515099153929,12.366818873668189,0.3372915511244146,1.2819871464280332,3412465.936115306,64.92515099153931,98.415221710366,17728.043927099236,52560.0,31536000.0,08-19,2023.0,13.0,0.0,0.0,15.0,30.0,20.0,17.0,Eplus-env-08-19_thermostat_rbc_eco_year_2023_case_13_rep_0_zone_0_onoffseed_15_tempseed_30_comforttemp_20_setbacktemp_17_paper2_final_runs_v4-res1
0,26262.978924514937,0.0,68090.08186952441,41827.10294500949,-504238.2907942733,-9.593574786801245,328.4018284148261,0.0062481321996732,-73602.6267430851,-1.4003543900891382,-9852.054852444784,-0.1874439659901975,-409149.9209930425,-7.784435330917856,33.44368340943684,1.4003543900891382,2.9525175768400644,40914992.09930425,778.4435330917856,840.338544036862,73602.6267430851,52560.0,31536000.0,08-19,2022.0,12.0,0.0,9.0,5.0,42.0,18.0,13.0,Eplus-env-08-19_thermostat_rbc_eco_year_2022_case_12_rep_0_zone_9_onoffseed_5_tempseed_42_comforttemp_18_setbacktemp_13_paper2_final_runs_v4-res1
0,41512.33410424323,0.0,104934.27653613331,63421.942431890086,-460033.5892386639,-8.75254165218158,520.3644814198897,0.0099003896769385,-24197.64344278109,-0.4603813440407361,-15610.934442596686,-0.2970116903081561,-401874.7052652015,-7.646017984497746,31.537290715372908,0.4603813440407361,0.9038343561464048,40187470.52652015,764.6017984497745,835.3503505165761,24197.64344278109,52560.0,31536000.0,08-19,2022.0,12.0,0.0,9.0,5.0,42.0,18.0,17.0,Eplus-env-08-19_thermostat_rbc_eco_year_2022_case_12_rep_0_zone_9_onoffseed_5_tempseed_42_comforttemp_18_setbacktemp_17_paper2_final_runs_v4-res1
0,16590.099346485436,0.0,98991.3825302218,82401.28318373635,-454469.8732728727,-8.646687086622387,655.8693525432975,0.0124784884426045,-51446.86638097488,-0.978821658694347,-19676.08057629893,-0.3743546532781379,-389450.64661653794,-7.409639395291817,25.33295281582953,0.978821658694347,2.780055856052885,38945064.6616538,740.963939529182,816.4838966421854,51446.86638097488,52560.0,31536000.0,08-19,2023.0,12.0,0.0,0.0,15.0,42.0,20.0,17.0,Eplus-env-08-19_thermostat_rbc_eco_year_2023_case_12_rep_0_zone_0_onoffseed_15_tempseed_42_comforttemp_20_setbacktemp_17_paper2_final_runs_v4-res1
0,103885.5388891229,103885.5388891229,0.0,0.0,-388283.4235807466,-7.387431955493657,3494.56461796468,0.0664871502656902,0.0,0.0,-104836.9385389404,-1.994614507970708,-303294.6642155551,-5.770446427236589,0.0,0.0,0.0,30329466.421555515,577.044642723659,668.0636790568677,0.0,52560.0,31536000.0,08-19,2023.0,1.0,0.0,0.0,5.0,15.0,20.0,17.0,Eplus-env-08-19_thermostat_rbc_eco_year_2023_case_1_rep_0_zone_0_onoffseed_5_tempseed_15_comforttemp_20_setbacktemp_17_paper2_final_runs_v4-res1
0,9540.19622205003,0.0,64003.05451859851,54462.85829654848,-418848.32922072936,-7.968956035402004,428.3811829933369,0.0081503269214866,-63163.00608065547,-1.2017314703321056,-12851.435489800107,-0.2445098076445987,-347880.48861081473,-6.618730757435593,33.833713850837135,1.2017314703321056,2.329394971656599,34788048.86108147,661.8730757435592,727.3651080757722,63163.00608065547,52560.0,31536000.0,08-19,2023.0,11.0,0.0,9.0,5.0,42.0,18.0,15.0,Eplus-env-08-19_thermostat_rbc_eco_year_2023_case_11_rep_0_zone_9_onoffseed_5_tempseed_42_comforttemp_18_setbacktemp_15_paper2_final_runs_v4-res1
0,82946.55249408146,82946.55249408146,0.0,0.0,-382806.0708902754,-7.283220526831724,2745.1099424669383,0.0522281191489143,0.0,0.0,-82353.29827400815,-1.5668435744674305,-314947.49629486736,-5.992151755990627,0.0,0.0,0.0,31494749.629486736,599.2151755990627,686.5899602344226,0.0,52560.0,31536000.0,08-19,2023.0,1.0,0.0,0.0,5.0,30.0,20.0,17.0,Eplus-env-08-19_thermostat_rbc_eco_year_2023_case_1_rep_0_zone_0_onoffseed_5_tempseed_30_comforttemp_20_setbacktemp_17_paper2_final_runs_v4-res1
0,7264.71305949507,0.0,47168.51516822526,39903.80210873021,-46718.395427199015,-0.8888583604870437,303.89983992702764,0.0057819604247912,-9.415714286408225,-0.0001791422048403,-9116.995197810827,-0.1734588127437372,-40765.71795893969,-0.7756034619280763,0.045662100456621,0.0001791422048403,0.0141103087237249,4076571.7958939695,77.56034619280764,115.90526878371168,9.415714286408225,52560.0,31536000.0,08-19,2023.0,14.0,0.0,0.0,5.0,10.0,20.0,17.0,Eplus-env-08-19_thermostat_rbc_eco_year_2023_case_14_rep_0_zone_0_onoffseed_5_tempseed_10_comforttemp_20_setbacktemp_17_paper2_final_runs_v4-res1
0,6132.72978832483,0.0,40819.91970775752,34687.18991943269,-46017.963888383565,-0.87553203745022,264.583941323037,0.0050339410449588,-82.5163036382424,-0.0015699448941826,-7937.5182396911105,-0.1510182313487654,-40918.26134491678,-0.7785057333507758,0.624048706240487,0.0015699448941826,0.0364352039633787,4091826.134491677,77.85057333507757,116.57162311545709,82.5163036382424,52560.0,31536000.0,08-19,2023.0,14.0,0.0,0.0,5.0,30.0,20.0,17.0,Eplus-env-08-19_thermostat_rbc_eco_year_2023_case_14_rep_0_zone_0_onoffseed_5_tempseed_30_comforttemp_20_setbacktemp_17_paper2_final_runs_v4-res1
0,11732.60531217326,0.0,79621.60649741304,67889.00118523977,-50369.8695285131,-0.9583308509991078,518.2634009161073,0.0098604147815088,-9.889873603010642,-0.0001881635008183,-15547.902027483218,-0.2958124434452667,-40761.53524902115,-0.7755238822112092,0.045662100456621,0.0001881635008183,0.0143210365640954,4076153.524902116,77.55238822112092,115.90979357413346,9.889873603010642,52560.0,31536000.0,08-19,2023.0,9.0,0.0,0.0,5.0,10.0,20.0,17.0,Eplus-env-08-19_thermostat_rbc_eco_year_2023_case_9_rep_0_zone_0_onoffseed_5_tempseed_10_comforttemp_20_setbacktemp_17_paper2_final_runs_v4-res1
0,107714.400423843,107714.400423843,0.0,0.0,-519480.6364304454,-9.88357375248184,2135.265601795612,0.040625296837816,-42844.18504715904,-0.8151481173355982,-64057.96805386836,-1.2187589051344818,-388515.3003965405,-7.391843614850464,16.257610350076103,0.8151481173355982,2.526904707329448,38851530.03965404,739.1843614850465,815.7585558996768,42844.18504715904,52560.0,31536000.0,08-19,2022.0,2.0,0.0,0.0,15.0,30.0,20.0,17.0,Eplus-env-08-19_thermostat_rbc_eco_year_2022_case_2_rep_0_zone_0_onoffseed_15_tempseed_30_comforttemp_20_setbacktemp_17_paper2_final_runs_v4-res1
0,59074.12703194909,0.0,161454.28749224846,102380.16046029938,-465946.0487870838,-8.865031369617272,800.8112119027103,0.0152361341686208,-30421.88124244559,-0.5788029155716437,-24024.33635708131,-0.4570840250586246,-387195.6242198007,-7.366735620620257,12.317351598173516,0.5788029155716437,2.252986056699135,38719562.42198007,736.6735620620257,803.9414352990558,30421.88124244559,52560.0,31536000.0,08-19,2022.0,12.0,0.0,0.0,10.0,10.0,20.0,13.0,Eplus-env-08-19_thermostat_rbc_eco_year_2022_case_12_rep_0_zone_0_onoffseed_10_tempseed_10_comforttemp_20_setbacktemp_13_paper2_final_runs_v4-res1
0,18564.01028855479,0.0,104889.51332032784,86325.50303177304,-446685.8089657962,-8.498588450643002,690.354811198996,0.0131346044748667,-43688.92681201988,-0.8312200687218395,-20710.64433596988,-0.3940381342460022,-387809.6653367096,-7.378418290272252,15.365296803652967,0.8312200687218395,2.84796157648494,38780966.53367096,737.8418290272253,807.1326116547402,43688.92681201988,52560.0,31536000.0,08-19,2023.0,12.0,0.0,0.0,15.0,10.0,20.0,13.0,Eplus-env-08-19_thermostat_rbc_eco_year_2023_case_12_rep_0_zone_0_onoffseed_15_tempseed_10_comforttemp_20_setbacktemp_13_paper2_final_runs_v4-res1
0,18860.25107958257,0.0,125050.81750413837,106190.5664245558,-429792.2262672739,-8.177173254704602,786.8529641798691,0.0149705662895713,-29941.277279924107,-0.5696590045647661,-23605.58892539608,-0.4491169886871399,-384421.3775791433,-7.313953150288115,12.90144596651446,0.5696590045647661,2.0477574445715474,38442137.75791433,731.3953150288114,798.7201033251501,29941.277279924107,52560.0,31536000.0,08-19,2023.0,12.0,0.0,0.0,10.0,10.0,20.0,15.0,Eplus-env-08-19_thermostat_rbc_eco_year_2023_case_12_rep_0_zone_0_onoffseed_10_tempseed_10_comforttemp_20_setbacktemp_15_paper2_final_runs_v4-res1
0,71052.97742897522,71052.97742897522,0.0,0.0,-380086.1565984166,-7.231471776986617,2356.4656540176343,0.0448338214234709,-45451.57217366946,-0.8647559393772729,-70693.96962052904,-1.3450146427041294,-276506.1435901025,-5.260771377285055,14.43302891933029,0.8647559393772729,2.9092074889481694,27650614.359010253,526.0771377285056,603.6022509636488,45451.57217366946,52560.0,31536000.0,08-18,2023.0,0.0,0.0,0.0,10.0,30.0,20.0,13.0,Eplus-env-08-18_thermostat_rbc_eco_year_2023_case_0_rep_0_zone_0_onoffseed_10_tempseed_30_comforttemp_20_setbacktemp_13_paper2_final_runs_v4-res1
0,53360.92800126029,53360.92800126029,0.0,0.0,-460622.2375372516,-8.76374120124147,1733.6789225519967,0.0329847588004565,-125531.18214456762,-2.3883406039681816,-52010.36767655989,-0.9895427640136966,-291436.480194853,-5.544834098075589,44.24467275494673,2.3883406039681816,4.175528599587186,29143648.01948529,554.4834098075589,619.8089594595207,125531.18214456762,52560.0,31536000.0,08-18,2023.0,0.0,0.0,9.0,5.0,42.0,21.0,15.0,Eplus-env-08-18_thermostat_rbc_eco_year_2023_case_0_rep_0_zone_9_onoffseed_5_tempseed_42_comforttemp_21_setbacktemp_15_paper2_final_runs_v4-res1
0,3257.6240121739665,0.0,22603.875865809223,19346.25185363525,-78358.57243113095,-1.4908404191615476,155.25494203283233,0.0029538611497875,-34927.91083953602,-0.6645340722894981,-4657.648260984969,-0.0886158344936257,-40765.599387235394,-0.7756012059976293,28.49124809741248,0.6645340722894981,1.4232474455159887,4076559.938723539,77.56012059976293,116.33020342441267,34927.91083953602,52560.0,31536000.0,08-19,2023.0,14.0,0.0,9.0,5.0,42.0,19.0,17.0,Eplus-env-08-19_thermostat_rbc_eco_year_2023_case_14_rep_0_zone_9_onoffseed_5_tempseed_42_comforttemp_19_setbacktemp_17_paper2_final_runs_v4-res1
0,25354.75043577369,0.0,151287.96416510205,125933.21372932836,-293412.4475680498,-5.582428606698056,971.6949203784864,0.0184873462781295,-113.05736412786382,-0.0021510152992363,-29150.8476113546,-0.554620388343885,-272556.6688724155,-5.18562916423926,14.238964992389649,0.0021510152992363,0.0277493596935923,27255666.887241542,518.5629164239259,605.8443247626095,113.05736412786382,52560.0,31536000.0,08-19,2023.0,5.0,0.0,0.0,5.0,42.0,20.0,15.0,Eplus-env-08-19_thermostat_rbc_eco_year_2023_case_5_rep_0_zone_0_onoffseed_5_tempseed_42_comforttemp_20_setbacktemp_15_paper2_final_runs_v4-res1
0,15946.850957451115,15480.544472933816,14456.246925304797,13989.9404407875,-90886.39629292511,-1.7291932323615893,593.7233625599165,0.0112961065936057,-36910.04406511456,-0.7022458916498204,-17811.7008767975,-0.3388831978081716,-40930.23345951981,-0.7787335133089767,29.09436834094368,0.7022458916498204,1.4914107428539256,4093023.345951981,77.87335133089766,116.78726107933772,36910.04406511456,52560.0,31536000.0,08-19,2023.0,4.0,0.0,9.0,5.0,42.0,19.0,17.0,Eplus-env-08-19_thermostat_rbc_eco_year_2023_case_4_rep_0_zone_9_onoffseed_5_tempseed_42_comforttemp_19_setbacktemp_17_paper2_final_runs_v4-res1
0,78753.7253660617,0.0,202749.1766327746,123995.4512667129,-342163.25974827574,-6.509955474662781,1005.7316438690996,0.0191349247311472,-388.81868738175257,-0.0073976158177654,-30171.949316072983,-0.5740477419344175,-277346.0183389189,-5.276750729431487,16.141552511415526,0.0073976158177654,0.1440474355877932,27734601.83389189,527.6750729431486,613.7707913237763,388.81868738175257,52560.0,31536000.0,08-19,2022.0,5.0,0.0,0.0,5.0,42.0,20.0,13.0,Eplus-env-08-19_thermostat_rbc_eco_year_2022_case_5_rep_0_zone_0_onoffseed_5_tempseed_42_comforttemp_20_setbacktemp_13_paper2_final_runs_v4-res1
0,27663.92250890407,0.0,164888.07491751216,137224.1524086081,-328293.20375511155,-6.2460655204549385,1086.5867540891386,0.0206732639666883,-33037.96075541229,-0.628576117873141,-32597.60262267416,-0.6201979190006499,-272623.38799516484,-5.186898553941492,14.440639269406391,0.628576117873141,2.1179899684410928,27262338.799516484,518.6898553941493,599.2272855498352,33037.96075541229,52560.0,31536000.0,08-19,2023.0,5.0,0.0,0.0,15.0,15.0,20.0,17.0,Eplus-env-08-19_thermostat_rbc_eco_year_2023_case_5_rep_0_zone_0_onoffseed_15_tempseed_15_comforttemp_20_setbacktemp_17_paper2_final_runs_v4-res1
0,61414.26358094352,61414.26358094352,0.0,0.0,-491400.6713729964,-9.349327841951986,2009.2935635993,0.0382285685616305,-52485.716811108505,-0.998586697319416,-60278.80690797899,-1.1468570568489154,-388671.945526318,-7.394823925538774,23.65487062404871,0.998586697319416,2.8264991170217497,38867194.5526318,739.4823925538774,816.2290908789796,52485.716811108505,52560.0,31536000.0,08-19,2023.0,2.0,0.0,0.0,15.0,42.0,20.0,17.0,Eplus-env-08-19_thermostat_rbc_eco_year_2023_case_2_rep_0_zone_0_onoffseed_15_tempseed_42_comforttemp_20_setbacktemp_17_paper2_final_runs_v4-res1
0,65726.19518545056,0.0,179610.64573145745,113884.45054600692,-411906.34661231306,-7.836878740721329,894.108394294529,0.0170111947164103,-31437.88391792801,-0.5981332556683412,-26823.25182883588,-0.5103358414923113,-326697.862413168,-6.21571275519726,12.568493150684931,0.5981332556683412,2.234822274559106,32669786.241316803,621.5712755197261,694.1127373424071,31437.88391792801,52560.0,31536000.0,08-19,2022.0,11.0,0.0,0.0,10.0,10.0,20.0,15.0,Eplus-env-08-19_thermostat_rbc_eco_year_2022_case_11_rep_0_zone_0_onoffseed_10_tempseed_10_comforttemp_20_setbacktemp_15_paper2_final_runs_v4-res1
0,27168.98196595252,0.0,69586.80925532049,42417.82728936796,-69113.03882614849,-1.3149360507258083,335.0775385152678,0.0063751434268506,-11780.547713958023,-0.2241352304786534,-10052.326155458031,-0.1912543028055181,-35105.546965844704,-0.6679137550579282,28.00608828006088,0.2241352304786534,0.5217455093781227,3510554.6965844706,66.79137550579281,101.31480339666716,11780.547713958023,52560.0,31536000.0,08-19,2022.0,13.0,0.0,0.0,5.0,42.0,20.0,13.0,Eplus-env-08-19_thermostat_rbc_eco_year_2022_case_13_rep_0_zone_0_onoffseed_5_tempseed_42_comforttemp_20_setbacktemp_13_paper2_final_runs_v4-res1
0,8990.34512314881,0.0,64069.66686359704,55079.32174044824,-496408.78433332127,-9.444611574073845,407.45152521429713,0.0077521218648077,-93025.82286763558,-1.769897695350753,-12223.545756428914,-0.2325636559442335,-396027.96012043767,-7.534778541104218,37.75875190258752,1.769897695350753,3.35923926684874,39602796.01204377,753.4778541104217,809.6547916334914,93025.82286763558,52560.0,31536000.0,08-19,2023.0,12.0,0.0,9.0,5.0,42.0,21.0,13.0,Eplus-env-08-19_thermostat_rbc_eco_year_2023_case_12_rep_0_zone_9_onoffseed_5_tempseed_42_comforttemp_21_setbacktemp_13_paper2_final_runs_v4-res1
0,71375.65729068,0.0,184481.7494071296,113106.0921164496,-322955.27700172865,-6.144506792270332,914.0364540983028,0.0173903434950209,0.0,0.0,-27421.09362294908,-0.5217103048506294,-264562.85177222337,-5.033539797797248,0.0,0.0,0.0,26456285.177222338,503.35397977972485,593.4080382359755,0.0,52560.0,31536000.0,08-19,2022.0,10.0,0.0,0.0,5.0,10.0,20.0,17.0,Eplus-env-08-19_thermostat_rbc_eco_year_2022_case_10_rep_0_zone_0_onoffseed_5_tempseed_10_comforttemp_20_setbacktemp_17_paper2_final_runs_v4-res1
0,20676.70811519964,0.0,139536.4226694157,118859.71455421609,-272229.49850997445,-5.179404461757505,889.5775869153073,0.0169249921407021,0.0,0.0,-26687.32760745922,-0.5077497642210659,-255313.88360092964,-4.857570083731538,0.0,0.0,0.0,25531388.360092968,485.7570083731539,577.2639836815649,0.0,52560.0,31536000.0,08-19,2023.0,10.0,0.0,0.0,5.0,15.0,20.0,15.0,Eplus-env-08-19_thermostat_rbc_eco_year_2023_case_10_rep_0_zone_0_onoffseed_5_tempseed_15_comforttemp_20_setbacktemp_15_paper2_final_runs_v4-res1
0,15629.399680458277,0.0,93035.52501524804,77406.12533478974,-418934.53919246,-7.970596255564306,618.0827814014851,0.0117595658561926,-72211.80595049467,-1.3738928072772958,-18542.483442044555,-0.3527869756857792,-333936.3213633824,-6.3534307717538505,26.523972602739725,1.3738928072772958,4.131833690830329,33393632.13633824,635.343077175385,708.9421248872427,72211.80595049467,52560.0,31536000.0,08-19,2023.0,11.0,0.0,0.0,15.0,42.0,20.0,13.0,Eplus-env-08-19_thermostat_rbc_eco_year_2023_case_11_rep_0_zone_0_onoffseed_15_tempseed_42_comforttemp_20_setbacktemp_13_paper2_final_runs_v4-res1
0,23054.279573286272,0.0,144776.40171202066,121722.12213873435,-392950.4648618328,-7.476226500415388,932.5153348386708,0.0177419203736429,0.0,0.0,-27975.460045160125,-0.532257611209287,-374089.7587429273,-7.117385059796942,0.0,0.0,0.0,37408975.87429273,711.7385059796943,790.9256955700031,0.0,52560.0,31536000.0,08-19,2023.0,12.0,0.0,0.0,5.0,10.0,20.0,15.0,Eplus-env-08-19_thermostat_rbc_eco_year_2023_case_12_rep_0_zone_0_onoffseed_5_tempseed_10_comforttemp_20_setbacktemp_15_paper2_final_runs_v4-res1
0,54570.89791353865,0.0,135563.13303750457,80992.2351239659,-489429.1373953641,-9.3118176825602,678.7662790900499,0.0129141225093236,-52006.25590707653,-0.989464534000695,-20362.9883727015,-0.3874236752797089,-392778.4299052217,-7.472953384802543,16.244292237442924,0.989464534000695,3.225412331453652,39277842.99052217,747.2953384802544,818.0352283992386,52006.25590707653,52560.0,31536000.0,08-19,2022.0,12.0,0.0,0.0,15.0,30.0,20.0,15.0,Eplus-env-08-19_thermostat_rbc_eco_year_2022_case_12_rep_0_zone_0_onoffseed_15_tempseed_30_comforttemp_20_setbacktemp_15_paper2_final_runs_v4-res1
0,7449.968941753823,0.0,52676.45725350677,45226.48831175295,-391772.8667525048,-7.453821665763029,357.8323517611509,0.0068080736636444,-94465.65802463544,-1.7972918193423788,-10734.97055283453,-0.2042422099093327,-291212.38913662056,-5.540570569570407,37.30593607305936,1.7972918193423788,3.4242031475872263,29121238.913662057,554.0570569570407,619.4009727947616,94465.65802463544,52560.0,31536000.0,08-19,2023.0,10.0,0.0,9.0,5.0,42.0,20.0,15.0,Eplus-env-08-19_thermostat_rbc_eco_year_2023_case_10_rep_0_zone_9_onoffseed_5_tempseed_42_comforttemp_20_setbacktemp_15_paper2_final_runs_v4-res1
0,58200.65988671759,0.0,163624.6450253054,105423.9851385878,-489047.694524273,-9.304560398102607,812.7063171178384,0.0154624489558188,-47253.560357466544,-0.8990403416565173,-24381.18951353515,-0.4638734686745653,-394180.1743134829,-7.499622798962764,25.8675799086758,0.8990403416565173,3.072358521155514,39418017.43134829,749.9622798962764,817.1112463036554,47253.560357466544,52560.0,31536000.0,08-19,2022.0,7.0,0.0,0.0,10.0,42.0,20.0,13.0,Eplus-env-08-19_thermostat_rbc_eco_year_2022_case_7_rep_0_zone_0_onoffseed_10_tempseed_42_comforttemp_20_setbacktemp_13_paper2_final_runs_v4-res1
0,83473.04665172176,0.0,229054.2175315542,145581.17087983244,-470630.9831692822,-8.954166346447531,1152.259269407517,0.0219227410465661,-19545.32869591547,-0.3718669843210705,-34567.778082225515,-0.6576822313969847,-382796.35500759305,-7.2830356736604465,10.810502283105022,0.3718669843210705,1.4575584418490566,38279635.50075931,728.3035673660447,797.4564929521207,19545.32869591547,52560.0,31536000.0,08-19,2022.0,7.0,0.0,0.0,10.0,15.0,20.0,17.0,Eplus-env-08-19_thermostat_rbc_eco_year_2022_case_7_rep_0_zone_0_onoffseed_10_tempseed_15_comforttemp_20_setbacktemp_17_paper2_final_runs_v4-res1
0,103084.51164443222,103084.51164443222,0.0,0.0,-388009.8077126264,-7.382226174136727,3469.874476389484,0.0660173987136507,0.0,0.0,-104096.23429168452,-1.9805219614095229,-303676.36873631645,-5.777708689808152,0.0,0.0,0.0,30367636.87363164,577.7708689808151,667.8724676177014,0.0,52560.0,31536000.0,08-19,2023.0,1.0,0.0,0.0,5.0,15.0,20.0,15.0,Eplus-env-08-19_thermostat_rbc_eco_year_2023_case_1_rep_0_zone_0_onoffseed_5_tempseed_15_comforttemp_20_setbacktemp_15_paper2_final_runs_v4-res1
0,11739.21237471066,0.0,77245.16394517571,65505.951570465055,-335974.01093542035,-6.392199599227936,506.1472659857199,0.009629894710535,-47085.90465054424,-0.8958505451016788,-15184.417979571595,-0.2888968413160501,-279284.2566411253,-5.313627409458244,21.01027397260274,0.8958505451016788,2.980907837367141,27928425.66411253,531.3627409458244,606.3057951435151,47085.90465054424,52560.0,31536000.0,08-19,2023.0,10.0,0.0,0.0,10.0,42.0,20.0,13.0,Eplus-env-08-19_thermostat_rbc_eco_year_2023_case_10_rep_0_zone_0_onoffseed_10_tempseed_42_comforttemp_20_setbacktemp_13_paper2_final_runs_v4-res1
0,51666.96002378617,0.0,142860.0528085436,91193.09278475743,-426118.8280252102,-8.107283638226983,704.7104842480898,0.0134077337185709,-49279.969787818,-0.9375945545627472,-21141.314527442693,-0.4022320115571288,-334570.1182419327,-6.365489312061125,25.54794520547945,0.9375945545627472,3.185598012634849,33457011.824193265,636.5489312061123,708.472131173219,49279.969787818,52560.0,31536000.0,08-19,2022.0,11.0,0.0,0.0,10.0,42.0,20.0,13.0,Eplus-env-08-19_thermostat_rbc_eco_year_2022_case_11_rep_0_zone_0_onoffseed_10_tempseed_42_comforttemp_20_setbacktemp_13_paper2_final_runs_v4-res1
0,94249.46539950308,0.0,240958.5322350841,146709.06683558103,-393355.1951327229,-7.483926848035063,1203.5811722596904,0.0228991851647581,-21.81536742741122,-0.0004150564579035,-36107.43516779072,-0.6869755549427458,-316227.89212196204,-6.016512407191058,0.0475646879756468,0.0004150564579035,0.023401111607553,31622789.2121962,601.6512407191058,686.2634948818637,21.81536742741122,52560.0,31536000.0,08-19,2022.0,6.0,0.0,0.0,5.0,10.0,20.0,15.0,Eplus-env-08-19_thermostat_rbc_eco_year_2022_case_6_rep_0_zone_0_onoffseed_5_tempseed_10_comforttemp_20_setbacktemp_15_paper2_final_runs_v4-res1
0,67063.14846858574,0.0,169386.8715739957,102323.72310540995,-410134.8962193452,-7.803175346638987,857.5559409707821,0.016315752301575,-67886.86553816666,-1.2916070307870369,-25726.678229123463,-0.48947256904725,-287383.6689190286,-5.467725816572082,26.855022831050228,1.2916070307870369,3.88946531434294,28738366.891902853,546.772581657208,626.7113071309528,67886.86553816666,52560.0,31536000.0,08-19,2022.0,5.0,0.0,0.0,15.0,42.0,20.0,15.0,Eplus-env-08-19_thermostat_rbc_eco_year_2022_case_5_rep_0_zone_0_onoffseed_15_tempseed_42_comforttemp_20_setbacktemp_15_paper2_final_runs_v4-res1
0,26882.347020832058,0.0,173308.8583980984,146426.51137726638,-322570.6466825175,-6.137188863822631,1091.6986139432688,0.0207705215742631,-28614.55793408187,-0.54441700787827,-32750.95841829806,-0.6231156472278931,-271963.6406506929,-5.174346283308465,13.388508371385084,0.54441700787827,1.824516776522948,27196364.065069288,517.4346283308464,597.1042443063565,28614.55793408187,52560.0,31536000.0,08-19,2023.0,5.0,0.0,0.0,10.0,10.0,20.0,17.0,Eplus-env-08-19_thermostat_rbc_eco_year_2023_case_5_rep_0_zone_0_onoffseed_10_tempseed_10_comforttemp_20_setbacktemp_17_paper2_final_runs_v4-res1
0,64377.81506993601,0.0,175344.97601444594,110967.16094450992,-462833.0072244034,-8.805803029383627,865.8744203922481,0.0164740186528205,-24725.34767282677,-0.4704213788589569,-25976.23261176744,-0.4942205595846164,-385440.169042862,-7.333336549521727,12.2279299847793,0.4704213788589569,1.7024586524992489,38544016.9042862,733.3336549521728,803.8516914824753,24725.34767282677,52560.0,31536000.0,08-19,2022.0,12.0,0.0,0.0,10.0,10.0,20.0,17.0,Eplus-env-08-19_thermostat_rbc_eco_year_2022_case_12_rep_0_zone_0_onoffseed_10_tempseed_10_comforttemp_20_setbacktemp_17_paper2_final_runs_v4-res1
0,63338.951151690606,63338.951151690606,0.0,0.0,-442053.7996020636,-8.410460418608515,2098.262192413217,0.0399212745892925,-61397.01491996463,-1.1681319429217016,-62947.86577239651,-1.1976382376787769,-328839.1887449009,-6.256453362726425,17.09855403348554,1.1681319429217016,3.69848155481187,32883918.874490097,625.6453362726427,701.9244767890003,61397.01491996463,52560.0,31536000.0,08-19,2023.0,1.0,0.0,0.0,15.0,30.0,20.0,13.0,Eplus-env-08-19_thermostat_rbc_eco_year_2023_case_1_rep_0_zone_0_onoffseed_15_tempseed_30_comforttemp_20_setbacktemp_13_paper2_final_runs_v4-res1
0,102915.92796083217,102915.92796083217,0.0,0.0,-387925.3433159917,-7.380619165068335,3464.896986056351,0.0659226976038118,0.0,0.0,-103946.90958169052,-1.977680928114356,-303729.822651235,-5.778725697321822,0.0,0.0,0.0,30372982.26512349,577.8725697321821,667.8166136955431,0.0,52560.0,31536000.0,08-19,2023.0,1.0,0.0,0.0,5.0,15.0,20.0,13.0,Eplus-env-08-19_thermostat_rbc_eco_year_2023_case_1_rep_0_zone_0_onoffseed_5_tempseed_15_comforttemp_20_setbacktemp_13_paper2_final_runs_v4-res1
0,13823.690455818736,0.0,91944.06372742038,78120.37327160164,-51809.18292351013,-0.9857150480119888,608.8579538037671,0.0115840554376668,-7146.285860279059,-0.1359643428515802,-18265.73861411301,-0.347521663130004,-33353.73590132576,-0.6345840163874764,7.357305936073059,0.1359643428515802,0.7777186960729978,3335373.590132576,63.45840163874764,96.0062725515672,7146.285860279059,52560.0,31536000.0,08-19,2023.0,8.0,0.0,0.0,15.0,15.0,20.0,15.0,Eplus-env-08-19_thermostat_rbc_eco_year_2023_case_8_rep_0_zone_0_onoffseed_15_tempseed_15_comforttemp_20_setbacktemp_15_paper2_final_runs_v4-res1
0,111569.09342871633,111569.09342871633,0.0,0.0,-475731.2854271712,-9.05120406063872,2202.9458901292587,0.0419129735564927,-107.72465881714754,-0.0020495559135682,-66088.37670387777,-1.2573892066947825,-384348.8854343212,-7.312573923788455,14.305555555555555,0.0020495559135682,0.007457298991071,38434888.54343213,731.2573923788456,811.5986179273503,107.72465881714754,52560.0,31536000.0,08-19,2022.0,2.0,0.0,0.0,5.0,42.0,20.0,17.0,Eplus-env-08-19_thermostat_rbc_eco_year_2022_case_2_rep_0_zone_0_onoffseed_5_tempseed_42_comforttemp_20_setbacktemp_17_paper2_final_runs_v4-res1
0,27402.35388169719,17413.644026472386,23978.650296012296,13989.9404407875,-125469.7926713487,-2.387172615512722,436.6387327093408,0.0083074340317606,-62182.69942908568,-1.1830802783311585,-13099.161981280227,-0.2492230209528201,-40869.22753164656,-0.7775728221393943,32.916666666666664,1.1830802783311585,2.6524448093307926,4086922.753164656,77.75728221393942,116.6411586374514,62182.69942908568,52560.0,31536000.0,08-19,2022.0,4.0,0.0,9.0,5.0,42.0,20.0,13.0,Eplus-env-08-19_thermostat_rbc_eco_year_2022_case_4_rep_0_zone_9_onoffseed_5_tempseed_42_comforttemp_20_setbacktemp_13_paper2_final_runs_v4-res1
0,19593.997340573384,0.0,113135.3665045353,93541.36916396188,-474255.7958590484,-9.02313158027109,746.8974044389765,0.0142103767967841,-65535.71478898075,-1.2468743300795424,-22406.922133169293,-0.4263113039035254,-392690.2318457447,-7.47127533953091,26.31468797564688,1.2468743300795424,3.695782703533853,39269023.18457447,747.1275339530912,818.213070657992,65535.71478898075,52560.0,31536000.0,08-19,2023.0,7.0,0.0,0.0,15.0,42.0,20.0,15.0,Eplus-env-08-19_thermostat_rbc_eco_year_2023_case_7_rep_0_zone_0_onoffseed_15_tempseed_42_comforttemp_20_setbacktemp_15_paper2_final_runs_v4-res1
0,48188.54667763955,0.0,125462.97734153186,77274.43066389233,-465290.38165341207,-8.852556728565679,615.9084686221028,0.0117181976526275,-78035.0893981462,-1.4846858713498134,-18477.25405866308,-0.3515459295788257,-347832.24221828906,-6.617812827593019,36.818873668188736,1.4846858713498134,2.864789412878222,34783224.2218289,661.7812827593018,727.7490609121895,78035.0893981462,52560.0,31536000.0,08-19,2022.0,6.0,0.0,9.0,5.0,42.0,19.0,15.0,Eplus-env-08-19_thermostat_rbc_eco_year_2022_case_6_rep_0_zone_9_onoffseed_5_tempseed_42_comforttemp_19_setbacktemp_15_paper2_final_runs_v4-res1
0,35975.94355655313,25987.233701328336,23978.650296012296,13989.9404407875,-105078.15464110595,-1.9992038554243905,581.8755381982538,0.0110706913660246,-40705.36771923976,-0.7744552457998433,-17456.266145947615,-0.3321207409807384,-34940.86749825008,-0.6647805840610747,26.51255707762557,0.7744552457998433,1.816631757509627,3494086.749825008,66.47805840610745,101.12998125715606,40705.36771923976,52560.0,31536000.0,08-19,2022.0,3.0,0.0,9.0,5.0,42.0,18.0,15.0,Eplus-env-08-19_thermostat_rbc_eco_year_2022_case_3_rep_0_zone_9_onoffseed_5_tempseed_42_comforttemp_18_setbacktemp_15_paper2_final_runs_v4-res1
0,12362.596071974836,11896.289587457532,14456.246925304798,13989.9404407875,-110909.8452420864,-2.110156872946849,477.1924319136608,0.0090790036513253,-60361.24134947578,-1.148425444244212,-14315.772957409825,-0.2723701095397607,-40434.764046128,-0.7693067740891933,33.175418569254184,1.148425444244212,2.39005447585422,4043476.4046128,76.93067740891932,115.49031139301232,60361.24134947578,52560.0,31536000.0,08-19,2023.0,4.0,0.0,9.0,5.0,42.0,20.0,15.0,Eplus-env-08-19_thermostat_rbc_eco_year_2023_case_4_rep_0_zone_9_onoffseed_5_tempseed_42_comforttemp_20_setbacktemp_15_paper2_final_runs_v4-res1
0,30438.093909703133,20449.38405447833,23978.650296012296,13989.9404407875,-123841.49924795382,-2.3561929080660926,489.8137559024953,0.0093191353862727,-58081.9030222061,-1.105059037713206,-14694.41267707486,-0.2795740615881822,-40858.19159821959,-0.7773628538474046,32.9261796042618,1.105059037713206,2.3770131443448936,4085819.159821959,77.73628538474047,116.59929176534028,58081.9030222061,52560.0,31536000.0,08-19,2022.0,4.0,0.0,9.0,5.0,42.0,20.0,15.0,Eplus-env-08-19_thermostat_rbc_eco_year_2022_case_4_rep_0_zone_9_onoffseed_5_tempseed_42_comforttemp_20_setbacktemp_15_paper2_final_runs_v4-res1
0,16645.870394343125,0.0,42710.76895287674,26064.898558533623,-76656.94032782466,-1.4584653791443047,207.50545740619765,0.0039479729339078,-21691.05972670614,-0.4126913951047591,-6225.163722185929,-0.118439188017236,-41347.89403150641,-0.7866798712234857,28.363774733637747,0.4126913951047591,1.250083486935369,4134789.40315064,78.66798712234855,117.89623879115494,21691.05972670614,52560.0,31536000.0,08-19,2022.0,14.0,0.0,0.0,10.0,42.0,20.0,13.0,Eplus-env-08-19_thermostat_rbc_eco_year_2022_case_14_rep_0_zone_0_onoffseed_10_tempseed_42_comforttemp_20_setbacktemp_13_paper2_final_runs_v4-res1
0,7843.739552415151,0.0,46352.13339491927,38508.39384250411,-59063.4393700711,-1.1237336257623878,310.06195841356606,0.0058992001220237,-18578.205865426728,-0.353466626054542,-9301.858752406984,-0.1769760036607112,-34068.27017681354,-0.6481786563320688,12.37062404870624,0.353466626054542,1.3732184192731387,3406827.0176813537,64.81786563320688,98.30239091089162,18578.205865426728,52560.0,31536000.0,08-19,2023.0,13.0,0.0,0.0,15.0,30.0,20.0,15.0,Eplus-env-08-19_thermostat_rbc_eco_year_2023_case_13_rep_0_zone_0_onoffseed_15_tempseed_30_comforttemp_20_setbacktemp_15_paper2_final_runs_v4-res1
0,16269.518797684945,0.0,39508.53644538109,23239.01764769615,-81140.29344132193,-1.543765095915562,196.26126642209192,0.0037340423596288,-26588.091158868327,-0.505861703935851,-5887.837992662758,-0.1120212707888652,-41242.10895406755,-0.7846672175431422,28.25532724505328,0.505861703935851,1.5952396517517855,4124210.895406755,78.46672175431422,117.46199485089856,26588.091158868327,52560.0,31536000.0,08-19,2022.0,14.0,0.0,0.0,15.0,42.0,20.0,15.0,Eplus-env-08-19_thermostat_rbc_eco_year_2022_case_14_rep_0_zone_0_onoffseed_15_tempseed_42_comforttemp_20_setbacktemp_15_paper2_final_runs_v4-res1
0,39265.649398286645,0.0,98020.5621809169,58754.91278263026,-101218.88982577526,-1.925777964721752,492.62195268118575,0.0093725637876937,-34311.336398899366,-0.6528032039364415,-14778.658580435576,-0.2811769136308138,-34784.325654137574,-0.6618022384729371,29.794520547945208,0.6528032039364415,2.010760133349586,3478432.565413758,66.18022384729372,100.37949409527948,34311.336398899366,52560.0,31536000.0,08-19,2022.0,8.0,0.0,0.0,15.0,42.0,20.0,15.0,Eplus-env-08-19_thermostat_rbc_eco_year_2022_case_8_rep_0_zone_0_onoffseed_15_tempseed_42_comforttemp_20_setbacktemp_15_paper2_final_runs_v4-res1
0,31111.514599654703,0.0,187877.55202977132,156766.03743011662,-287473.28330873814,-5.469430808765947,1196.8648849103724,0.0227714019199081,-5.960092651130445,-0.0001133959789027,-35905.94654731116,-0.6831420575972443,-262014.9931221095,-4.98506455711776,0.0228310502283105,0.0001133959789027,0.0090395840101886,26201499.312210947,498.506455711776,589.2909918983606,5.960092651130445,52560.0,31536000.0,08-19,2023.0,5.0,0.0,0.0,5.0,10.0,20.0,15.0,Eplus-env-08-19_thermostat_rbc_eco_year_2023_case_5_rep_0_zone_0_onoffseed_5_tempseed_10_comforttemp_20_setbacktemp_15_paper2_final_runs_v4-res1
0,26948.655902834133,26482.34941831684,14456.246925304797,13989.9404407875,-63702.60655796561,-1.2119978416660124,966.14668274013,0.0183817862012962,-233.7542504165529,-0.0044473791936178,-28984.4004822039,-0.551453586038887,-41422.156913440456,-0.7880927875464319,1.6057838660578383,0.0044473791936178,0.0650987016841202,4142215.6913440456,78.80927875464317,118.05717329315009,233.7542504165529,52560.0,31536000.0,08-19,2023.0,4.0,0.0,0.0,5.0,30.0,20.0,17.0,Eplus-env-08-19_thermostat_rbc_eco_year_2023_case_4_rep_0_zone_0_onoffseed_5_tempseed_30_comforttemp_20_setbacktemp_17_paper2_final_runs_v4-res1
0,88668.88017433212,0.0,227603.53081857823,138934.65064424614,-344761.6202837832,-6.559391557910639,1131.9894741515989,0.0215370904518949,-194.39483742950333,-0.0036985319145643,-33959.684224547964,-0.6461127135568486,-272027.21457573265,-5.175555832871626,0.243531202435312,0.0036985319145643,0.1088095405474319,27202721.457573257,517.5555832871624,605.646467288688,194.39483742950333,52560.0,31536000.0,08-19,2022.0,5.0,0.0,0.0,5.0,30.0,20.0,13.0,Eplus-env-08-19_thermostat_rbc_eco_year_2022_case_5_rep_0_zone_0_onoffseed_5_tempseed_30_comforttemp_20_setbacktemp_13_paper2_final_runs_v4-res1
0,14724.97959322852,0.0,93774.71452595944,79049.7349327309,-445144.6705202568,-8.469266942927261,596.5074159194644,0.0113490756453474,-97027.78954913326,-1.8460386139485017,-17895.222477583928,-0.3404722693604248,-336070.37516590324,-6.39403301304991,38.52549467275495,1.8460386139485017,3.507854987148137,33607037.51659031,639.4033013049907,698.3341269614541,97027.78954913326,52560.0,31536000.0,08-19,2023.0,6.0,0.0,9.0,5.0,42.0,21.0,13.0,Eplus-env-08-19_thermostat_rbc_eco_year_2023_case_6_rep_0_zone_9_onoffseed_5_tempseed_42_comforttemp_21_setbacktemp_13_paper2_final_runs_v4-res1
0,22523.66451724258,0.0,131267.58933052918,108743.92481328662,-409984.8290003367,-7.800320186459983,857.4365340828174,0.0163134804810277,-102138.19564302234,-1.943268562462373,-25723.09602248452,-0.4894044144308318,-289420.02341575816,-5.50646924306998,43.73858447488585,1.943268562462373,3.3050168546173704,28942002.341575816,550.646924306998,618.9102170326149,102138.19564302234,52560.0,31536000.0,08-19,2023.0,5.0,0.0,9.0,5.0,42.0,21.0,17.0,Eplus-env-08-19_thermostat_rbc_eco_year_2023_case_5_rep_0_zone_9_onoffseed_5_tempseed_42_comforttemp_21_setbacktemp_17_paper2_final_runs_v4-res1
0,67811.08180654081,0.0,185887.93228872487,118076.85048218406,-404856.0048453497,-7.702739818214416,929.4661599847848,0.0176839071534395,-25959.44163905625,-0.4939010966334904,-27883.98479954354,-0.5305172146031876,-323420.3171803624,-6.153354588667473,11.238584474885844,0.4939010966334904,2.0763293135766334,32342031.71803624,615.3354588667473,686.6783363091735,25959.44163905625,52560.0,31536000.0,08-19,2022.0,11.0,0.0,0.0,10.0,15.0,20.0,13.0,Eplus-env-08-19_thermostat_rbc_eco_year_2022_case_11_rep_0_zone_0_onoffseed_10_tempseed_15_comforttemp_20_setbacktemp_13_paper2_final_runs_v4-res1
0,89577.34946040745,89577.34946040745,0.0,0.0,-531617.5251505018,-10.11448868246769,1754.1085156531462,0.0333734496889868,-64197.77082442808,-1.2214187751984034,-52623.25546959439,-1.001203490669604,-394136.5247325142,-7.498792327483147,24.96194824961948,1.2214187751984034,3.7417525670429113,39413652.47325142,749.8792327483146,823.0653610079758,64197.77082442808,52560.0,31536000.0,08-19,2022.0,2.0,0.0,0.0,15.0,42.0,20.0,15.0,Eplus-env-08-19_thermostat_rbc_eco_year_2022_case_2_rep_0_zone_0_onoffseed_15_tempseed_42_comforttemp_20_setbacktemp_15_paper2_final_runs_v4-res1
0,99497.78925464988,99497.78925464988,0.0,0.0,-522121.44908935775,-9.93381752453116,1946.0041792381985,0.0370244326339078,-49391.00967055925,-0.9397071855129232,-58380.12537714597,-1.1107329790172369,-391331.2980295694,-7.445420434352537,24.726027397260275,0.9397071855129232,2.747873710648248,39133129.80295695,744.542043435254,821.4220390982437,49391.00967055925,52560.0,31536000.0,08-19,2022.0,2.0,0.0,0.0,15.0,42.0,20.0,17.0,Eplus-env-08-19_thermostat_rbc_eco_year_2022_case_2_rep_0_zone_0_onoffseed_15_tempseed_42_comforttemp_20_setbacktemp_17_paper2_final_runs_v4-res1
0,59023.285471990326,49034.575616765535,23978.650296012293,13989.9404407875,-98324.39657430444,-1.8707076973802208,1069.7316956780187,0.0203525817290338,-14380.022124998635,-0.2735925061833835,-32091.95087034056,-0.6105774518710152,-35657.42460467051,-0.6784137101345226,28.812785388127853,0.2735925061833835,0.6559534504506213,3565742.460467051,67.84137101345226,102.86987985661226,14380.022124998635,52560.0,31536000.0,08-19,2022.0,3.0,0.0,0.0,5.0,42.0,20.0,15.0,Eplus-env-08-19_thermostat_rbc_eco_year_2022_case_3_rep_0_zone_0_onoffseed_5_tempseed_42_comforttemp_20_setbacktemp_15_paper2_final_runs_v4-res1
0,7019.592259941399,0.0,49751.81432925599,42732.22206931459,-377072.6051138842,-7.174136322562485,341.669371353827,0.006500558815712,-77225.28066564261,-1.4692785514772186,-10250.08114061481,-0.1950167644713624,-294104.5960203836,-5.595597336765289,34.356925418569254,1.4692785514772186,2.876093594498977,29410459.60203836,559.5597336765288,625.6659532842478,77225.28066564261,52560.0,31536000.0,08-19,2023.0,10.0,0.0,9.0,5.0,42.0,19.0,15.0,Eplus-env-08-19_thermostat_rbc_eco_year_2023_case_10_rep_0_zone_9_onoffseed_5_tempseed_42_comforttemp_19_setbacktemp_15_paper2_final_runs_v4-res1
0,110080.27276654406,110080.27276654406,0.0,0.0,-520931.4115144854,-9.91117601815992,2225.16322268202,0.042335677752702,-43422.74817323812,-0.8261557871620647,-66754.89668046057,-1.2700703325810612,-387451.9921909376,-7.371613245641888,14.78310502283105,0.8261557871620647,2.88744740575789,38745199.21909376,737.1613245641888,810.9063611269695,43422.74817323812,52560.0,31536000.0,08-19,2022.0,2.0,0.0,0.0,15.0,10.0,20.0,15.0,Eplus-env-08-19_thermostat_rbc_eco_year_2022_case_2_rep_0_zone_0_onoffseed_15_tempseed_10_comforttemp_20_setbacktemp_15_paper2_final_runs_v4-res1
0,93607.42093342208,93607.42093342208,0.0,0.0,-513692.4935190882,-9.773449267866974,1838.83802711702,0.03498550279903,-45451.150360096784,-0.8647479140048856,-55165.14081351059,-1.0495650839709016,-391661.1120933589,-7.451695435566188,22.64079147640792,0.8647479140048856,2.892440513705786,39166111.209335886,745.1695435566188,815.7339602802499,45451.150360096784,52560.0,31536000.0,08-19,2022.0,2.0,0.0,0.0,10.0,42.0,20.0,15.0,Eplus-env-08-19_thermostat_rbc_eco_year_2022_case_2_rep_0_zone_0_onoffseed_10_tempseed_42_comforttemp_20_setbacktemp_15_paper2_final_runs_v4-res1
0,81338.23201480981,0.0,200912.81414502647,119574.58213021672,-431990.2029630559,-8.218991684989648,1032.3825282441662,0.0196419811309772,-38290.43887566344,-0.7285091110286042,-30971.47584732499,-0.5892594339293187,-327156.9564760766,-6.224447421538748,13.856544901065448,0.7285091110286042,2.866444154746105,32715695.64760765,622.4447421538748,696.3912620042331,38290.43887566344,52560.0,31536000.0,08-19,2022.0,6.0,0.0,0.0,15.0,15.0,20.0,13.0,Eplus-env-08-19_thermostat_rbc_eco_year_2022_case_6_rep_0_zone_0_onoffseed_15_tempseed_15_comforttemp_20_setbacktemp_13_paper2_final_runs_v4-res1
0,33191.16016317782,0.0,88056.167578747,54865.00741556917,-88694.6952577134,-1.6874942020112902,438.09918495622406,0.0083352204139312,-20154.64469357601,-0.3834597544439881,-13142.97554868672,-0.2500566124179361,-41386.36243464163,-0.7874117662603051,28.323820395738203,0.3834597544439881,1.082892444011915,4138636.243464164,78.74117662603051,118.02946881842692,20154.64469357601,52560.0,31536000.0,08-19,2022.0,9.0,0.0,0.0,10.0,42.0,20.0,17.0,Eplus-env-08-19_thermostat_rbc_eco_year_2022_case_9_rep_0_zone_0_onoffseed_10_tempseed_42_comforttemp_20_setbacktemp_17_paper2_final_runs_v4-res1
0,6285.093888041036,0.0,48828.29107930079,42543.19719125975,-86617.85546763064,-1.6479805073750122,329.7557616061058,0.0062738919635864,-41312.72174012613,-0.7860106875975291,-9892.672848183174,-0.1882167589075946,-40163.29841769814,-0.7641419029242417,30.13318112633181,0.7860106875975291,1.6705216949183823,4016329.841769814,76.41419029242417,114.72737396608724,41312.72174012613,52560.0,31536000.0,08-19,2023.0,9.0,0.0,9.0,5.0,42.0,20.0,17.0,Eplus-env-08-19_thermostat_rbc_eco_year_2023_case_9_rep_0_zone_9_onoffseed_5_tempseed_42_comforttemp_20_setbacktemp_17_paper2_final_runs_v4-res1
0,8670.23473200266,0.0,61319.55204510484,52649.317313102176,-61347.49855163288,-1.1671898506779466,410.1444007343378,0.0078033561783549,-13656.830563185998,-0.2598331537896879,-12304.332022030134,-0.2341006853506494,-40597.54895419549,-0.7724038994329431,11.546803652968036,0.2598331537896879,1.0662400960003675,4059754.8954195487,77.2403899432943,115.64200844262886,13656.830563185998,52560.0,31536000.0,08-19,2023.0,9.0,0.0,0.0,15.0,30.0,20.0,15.0,Eplus-env-08-19_thermostat_rbc_eco_year_2023_case_9_rep_0_zone_0_onoffseed_15_tempseed_30_comforttemp_20_setbacktemp_15_paper2_final_runs_v4-res1
0,20091.868555713365,0.0,133208.5997283174,113116.73117260402,-373421.8017948018,-7.10467659426944,844.7530606257296,0.0160721662980542,-32573.286582561217,-0.6197352850563398,-25342.59181877189,-0.4821649889416265,-324411.35754681146,-6.172209998988041,14.098173515981737,0.6197352850563398,1.9880786031170767,32441135.754681148,617.2209998988042,693.9019003084982,32573.286582561217,52560.0,31536000.0,08-19,2023.0,11.0,0.0,0.0,10.0,30.0,20.0,17.0,Eplus-env-08-19_thermostat_rbc_eco_year_2023_case_11_rep_0_zone_0_onoffseed_10_tempseed_30_comforttemp_20_setbacktemp_17_paper2_final_runs_v4-res1
0,18761.24230031936,0.0,110262.2996207074,91501.05732038803,-397443.3277897232,-7.561707149728371,737.0798446451429,0.0140235891294738,-53018.32116492854,-1.0087199612809843,-22112.395339354287,-0.420707673884214,-329076.4342989033,-6.260967167026318,25.001902587519027,1.0087199612809843,2.839470729647331,32907643.42989033,626.0967167026319,706.2583470057873,53018.32116492854,52560.0,31536000.0,08-19,2023.0,11.0,0.0,0.0,15.0,42.0,20.0,17.0,Eplus-env-08-19_thermostat_rbc_eco_year_2023_case_11_rep_0_zone_0_onoffseed_15_tempseed_42_comforttemp_20_setbacktemp_17_paper2_final_runs_v4-res1
0,55612.64593645492,0.0,151322.28961111532,95709.64367466042,-425265.3868056567,-8.091046172101535,743.1980908484082,0.0141399941181204,-46217.094681987386,-0.8793206750758635,-22295.942725452245,-0.4241998235436119,-333551.5864830555,-6.346110853939412,25.15410958904109,0.8793206750758635,2.9214707581567345,33355158.64830556,634.6110853939414,708.4352718999064,46217.094681987386,52560.0,31536000.0,08-19,2022.0,11.0,0.0,0.0,10.0,42.0,20.0,15.0,Eplus-env-08-19_thermostat_rbc_eco_year_2022_case_11_rep_0_zone_0_onoffseed_10_tempseed_42_comforttemp_20_setbacktemp_15_paper2_final_runs_v4-res1
0,84164.22366152516,0.0,217035.5879075146,132871.36424598948,-385113.8648037047,-7.327128325793468,1077.8102078471072,0.0205062824932859,-0.9162629943695926,-1.7432705372328626e-05,-32334.306235413213,-0.6151884747985771,-316258.1971632166,-6.017088987123604,0.0057077625570776,1.7432705372328626e-05,0.0033995113341712,31625819.71632165,601.7088987123602,686.4671228616955,0.9162629943695926,52560.0,31536000.0,08-19,2022.0,11.0,0.0,0.0,5.0,10.0,20.0,15.0,Eplus-env-08-19_thermostat_rbc_eco_year_2022_case_11_rep_0_zone_0_onoffseed_5_tempseed_10_comforttemp_20_setbacktemp_15_paper2_final_runs_v4-res1
0,27214.08578417614,0.0,69690.22765488453,42476.14187070839,-389821.4203011192,-7.416693689138493,342.8628078423596,0.0065232649893904,-71213.73050480572,-1.354903548417156,-10285.884235270789,-0.195697949681712,-296343.84621627897,-5.638201031512157,34.14193302891933,1.354903548417156,2.772867080711089,29634384.621627893,563.8201031512157,632.2336301312902,71213.73050480572,52560.0,31536000.0,08-19,2022.0,10.0,0.0,9.0,5.0,42.0,19.0,15.0,Eplus-env-08-19_thermostat_rbc_eco_year_2022_case_10_rep_0_zone_9_onoffseed_5_tempseed_42_comforttemp_19_setbacktemp_15_paper2_final_runs_v4-res1
0,51792.72968133367,0.0,137517.49027976597,85724.76059843232,-356548.3124115398,-6.783643691239341,682.8628501506554,0.0129920633590307,-35597.11436086323,-0.6772662549631512,-20485.88550451966,-0.389761900770922,-278579.5658983775,-5.300220051338994,12.909056316590563,0.6772662549631512,2.468390911192286,27857956.589837752,530.0220051338994,606.9692119387042,35597.11436086323,52560.0,31536000.0,08-19,2022.0,10.0,0.0,0.0,10.0,30.0,20.0,15.0,Eplus-env-08-19_thermostat_rbc_eco_year_2022_case_10_rep_0_zone_0_onoffseed_10_tempseed_30_comforttemp_20_setbacktemp_15_paper2_final_runs_v4-res1
0,64700.05529505068,0.0,175580.25312316418,110880.19782811352,-478015.0271286064,-9.094654245217017,876.1394129928326,0.0166693191208682,-34486.582626002775,-0.6561374167808747,-26284.18238978498,-0.500079573626046,-390597.32926572266,-7.431456036258042,24.309360730593607,0.6561374167808747,2.1139123532706736,39059732.92657226,743.1456036258041,816.6378213699007,34486.582626002775,52560.0,31536000.0,08-19,2022.0,7.0,0.0,0.0,10.0,42.0,20.0,17.0,Eplus-env-08-19_thermostat_rbc_eco_year_2022_case_7_rep_0_zone_0_onoffseed_10_tempseed_42_comforttemp_20_setbacktemp_17_paper2_final_runs_v4-res1
0,7108.961750559269,0.0,47020.45469593917,39911.4929453799,-48682.69276821169,-0.926230836533708,300.92086169632097,0.0057252827567793,-2692.1626173570644,-0.0512207499497158,-9027.625850889628,-0.1717584827033795,-40174.68854272209,-0.7643586100213487,4.318873668188736,0.0512207499497158,0.3506354405650375,4017468.854272209,76.43586100213487,114.17977653272354,2692.1626173570644,52560.0,31536000.0,08-19,2023.0,14.0,0.0,0.0,10.0,15.0,20.0,17.0,Eplus-env-08-19_thermostat_rbc_eco_year_2023_case_14_rep_0_zone_0_onoffseed_10_tempseed_15_comforttemp_20_setbacktemp_17_paper2_final_runs_v4-res1
0,129634.8623397486,129634.8623397486,0.0,0.0,-510133.00159849785,-9.705726818845088,2656.4793755176097,0.0505418450440945,-23890.96050001737,-0.4545464326487323,-79694.3812655283,-1.5162553513228367,-380187.7602183322,-7.233404874778009,10.920852359208522,0.4545464326487323,1.862131977227428,38018776.02183322,723.3404874778009,793.8578336714862,23890.96050001737,52560.0,31536000.0,08-19,2022.0,2.0,0.0,0.0,10.0,15.0,20.0,15.0,Eplus-env-08-19_thermostat_rbc_eco_year_2022_case_2_rep_0_zone_0_onoffseed_10_tempseed_15_comforttemp_20_setbacktemp_15_paper2_final_runs_v4-res1
0,68933.16299854733,68933.16299854733,0.0,0.0,-486065.0461051002,-9.247812901543002,2295.920292481984,0.0436818929315445,-44691.607636750494,-0.8502969489488298,-68877.60877445951,-1.3104567879463378,-384979.2178192382,-7.324566549072264,15.395738203957382,0.8502969489488298,2.854500725299293,38497921.781923816,732.4566549072264,805.7121842304754,44691.607636750494,52560.0,31536000.0,08-19,2023.0,2.0,0.0,0.0,15.0,10.0,20.0,15.0,Eplus-env-08-19_thermostat_rbc_eco_year_2023_case_2_rep_0_zone_0_onoffseed_15_tempseed_10_comforttemp_20_setbacktemp_15_paper2_final_runs_v4-res1
0,16974.154607602926,0.0,43165.43434569531,26191.279738092384,-110585.65098976129,-2.1039887935647124,210.8172682015906,0.0040109830327547,-62610.25200587374,-1.1912148402944014,-6324.518046047718,-0.120329490982643,-34088.84309940758,-0.648570074189642,33.040334855403344,1.1912148402944014,2.523424963527188,3408884.3099407586,64.8570074189642,98.65067665885525,62610.25200587374,52560.0,31536000.0,08-19,2022.0,13.0,0.0,9.0,5.0,42.0,20.0,15.0,Eplus-env-08-19_thermostat_rbc_eco_year_2022_case_13_rep_0_zone_9_onoffseed_5_tempseed_42_comforttemp_20_setbacktemp_15_paper2_final_runs_v4-res1
0,71516.59362958123,71516.59362958123,0.0,0.0,-432698.0787397906,-8.23245964116801,2388.961132776282,0.0454520763465807,-49397.45944717602,-0.939829898157839,-71668.83398328847,-1.3635622903974214,-324792.8940442542,-6.179469064768916,15.713470319634704,0.939829898157839,3.173464953756888,32479289.40442542,617.9469064768915,695.143912045643,49397.45944717602,52560.0,31536000.0,08-19,2023.0,1.0,0.0,0.0,15.0,10.0,20.0,13.0,Eplus-env-08-19_thermostat_rbc_eco_year_2023_case_1_rep_0_zone_0_onoffseed_15_tempseed_10_comforttemp_20_setbacktemp_13_paper2_final_runs_v4-res1
0,113370.15801166506,113370.15801166506,0.0,0.0,-418175.7506562165,-7.9561596395779395,2247.4770860260446,0.0427602185316979,-118.04970366493016,-0.0022459989281759,-67424.31258078133,-1.2828065559509387,-325309.5746832084,-6.189299366118882,14.06012176560122,0.0022459989281759,0.0138435837932537,32530957.468320847,618.9299366118883,701.9759288619196,118.04970366493016,52560.0,31536000.0,08-19,2022.0,1.0,0.0,0.0,5.0,42.0,20.0,13.0,Eplus-env-08-19_thermostat_rbc_eco_year_2022_case_1_rep_0_zone_0_onoffseed_5_tempseed_42_comforttemp_20_setbacktemp_13_paper2_final_runs_v4-res1
0,175090.63148776515,175090.63148776515,0.0,0.0,-401060.64702279336,-7.630529813980087,3595.8355157159867,0.068413917726712,0.0,0.0,-107875.0654714796,-2.0524175318013627,-257819.0014026528,-4.905232142364017,0.0,0.0,0.0,25781900.140265275,490.5232142364017,586.6418944344983,0.0,52560.0,31536000.0,08-18,2022.0,0.0,0.0,0.0,5.0,15.0,20.0,17.0,Eplus-env-08-18_thermostat_rbc_eco_year_2022_case_0_rep_0_zone_0_onoffseed_5_tempseed_15_comforttemp_20_setbacktemp_17_paper2_final_runs_v4-res1
0,109162.60772975293,109162.60772975293,0.0,0.0,-343002.72236817406,-6.525926985695853,3679.11825674737,0.0699984447630778,0.0,0.0,-110373.54770242108,-2.0999533428923343,-253696.7929844631,-4.826803519491307,0.0,0.0,0.0,25369679.29844631,482.6803519491307,578.1795182794428,0.0,52560.0,31536000.0,08-18,2023.0,0.0,0.0,0.0,5.0,15.0,20.0,13.0,Eplus-env-08-18_thermostat_rbc_eco_year_2023_case_0_rep_0_zone_0_onoffseed_5_tempseed_15_comforttemp_20_setbacktemp_13_paper2_final_runs_v4-res1
0,21616.001550616544,0.0,140703.62778494647,119087.62623432992,-362772.5587204978,-6.902065424667006,879.1911981232608,0.0167273820038672,-18069.5053539686,-0.3437881536143189,-26375.73594369784,-0.5018214601160166,-327019.0024979697,-6.221822726369287,10.15220700152207,0.3437881536143189,1.4995961618209068,32701900.24979698,622.1822726369288,682.557525753225,18069.5053539686,52560.0,31536000.0,08-19,2023.0,11.0,0.0,0.0,10.0,15.0,20.0,15.0,Eplus-env-08-19_thermostat_rbc_eco_year_2023_case_11_rep_0_zone_0_onoffseed_10_tempseed_15_comforttemp_20_setbacktemp_15_paper2_final_runs_v4-res1
0,11902.495981721138,0.0,30164.241977960468,18261.74599623933,-111796.83375948704,-2.1270326057741067,149.0978898790976,0.0028367178439706,-61760.81449501192,-1.1750535482308204,-4472.936696372928,-0.0851015353191196,-40298.58730182904,-0.7667158923483456,34.12671232876712,1.1750535482308204,2.488702645525455,4029858.7301829048,76.67158923483457,115.01213228102937,61760.81449501192,52560.0,31536000.0,08-19,2022.0,14.0,0.0,9.0,5.0,42.0,21.0,15.0,Eplus-env-08-19_thermostat_rbc_eco_year_2022_case_14_rep_0_zone_9_onoffseed_5_tempseed_42_comforttemp_21_setbacktemp_15_paper2_final_runs_v4-res1
0,30341.407072146496,0.0,74719.51670732645,44378.10963517994,-70024.89146599971,-1.3322848452435256,371.97969512123177,0.007077239252687,-11014.440074709237,-0.2095593621520022,-11159.390853636954,-0.2123171775806117,-34188.14626556743,-0.6504594038349968,9.181887366818874,0.2095593621520022,0.9982568317164124,3418814.6265567434,65.04594038349968,98.46790701039455,11014.440074709237,52560.0,31536000.0,08-19,2022.0,13.0,0.0,0.0,15.0,10.0,20.0,17.0,Eplus-env-08-19_thermostat_rbc_eco_year_2022_case_13_rep_0_zone_0_onoffseed_15_tempseed_10_comforttemp_20_setbacktemp_17_paper2_final_runs_v4-res1
0,63677.89497000921,63677.89497000921,0.0,0.0,-478512.8616276107,-9.104125982260475,2107.218210168828,0.0400916706653125,-40777.7639933128,-0.7758326482745965,-63216.546305064825,-1.2027501199593764,-385640.21175933344,-7.337142537278034,14.016362252663622,0.7758326482745965,2.658126600210827,38564021.17593334,733.7142537278032,802.5443500106155,40777.7639933128,52560.0,31536000.0,08-19,2023.0,2.0,0.0,0.0,10.0,30.0,20.0,13.0,Eplus-env-08-19_thermostat_rbc_eco_year_2023_case_2_rep_0_zone_0_onoffseed_10_tempseed_30_comforttemp_20_setbacktemp_13_paper2_final_runs_v4-res1
0,67757.72247027626,67757.72247027626,0.0,0.0,-486763.86011754593,-9.261108449725,2260.662546032101,0.0430110834480993,-45945.49418022193,-0.8741532378276623,-67819.87638096303,-1.29033250344298,-385385.77318439103,-7.332301620707592,15.42047184170472,0.8741532378276623,2.9864393799103586,38538577.318439096,733.2301620707591,805.7956822172022,45945.49418022193,52560.0,31536000.0,08-19,2023.0,2.0,0.0,0.0,15.0,10.0,20.0,13.0,Eplus-env-08-19_thermostat_rbc_eco_year_2023_case_2_rep_0_zone_0_onoffseed_15_tempseed_10_comforttemp_20_setbacktemp_13_paper2_final_runs_v4-res1
0,87427.45768524158,87427.45768524158,0.0,0.0,-442494.4420418378,-8.418844026671191,2914.333969305921,0.0554477543627458,0.0,0.0,-87430.01907917764,-1.6634326308823753,-370970.0389095417,-7.058029659618373,0.0,0.0,0.0,37097003.89095416,705.8029659618371,789.0120674520227,0.0,52560.0,31536000.0,08-19,2023.0,2.0,0.0,0.0,5.0,10.0,20.0,17.0,Eplus-env-08-19_thermostat_rbc_eco_year_2023_case_2_rep_0_zone_0_onoffseed_5_tempseed_10_comforttemp_20_setbacktemp_17_paper2_final_runs_v4-res1
0,53089.44314390994,0.0,145342.91288291285,92253.4697390029,-472447.83735062566,-8.98873358734067,715.2018370700405,0.0136073408879383,-38397.66960248705,-0.7305492694537109,-21456.05511210121,-0.4082202266381509,-390617.69431210594,-7.431843499088774,13.614916286149162,0.7305492694537109,2.6479937739517845,39061769.4312106,743.1843499088775,810.6101594794549,38397.66960248705,52560.0,31536000.0,08-19,2022.0,12.0,0.0,0.0,10.0,30.0,20.0,13.0,Eplus-env-08-19_thermostat_rbc_eco_year_2022_case_12_rep_0_zone_0_onoffseed_10_tempseed_30_comforttemp_20_setbacktemp_13_paper2_final_runs_v4-res1
0,4607.268300004363,0.0,42212.40051253989,37605.13221253553,-98020.09809254282,-1.8649181524456395,284.3146866350275,0.0054093357426755,-54003.085054682,-1.0274559561393075,-8529.440599050826,-0.1622800722802668,-40247.80684162725,-0.7657497496504424,31.990106544901064,1.0274559561393075,2.177900499365669,4024780.6841627257,76.57497496504425,114.95137625656042,54003.085054682,52560.0,31536000.0,08-19,2023.0,9.0,0.0,9.0,5.0,42.0,20.0,15.0,Eplus-env-08-19_thermostat_rbc_eco_year_2023_case_9_rep_0_zone_9_onoffseed_5_tempseed_42_comforttemp_20_setbacktemp_15_paper2_final_runs_v4-res1
0,25341.704687085767,0.0,146128.3792210152,120786.67453392946,-346215.15698344074,-6.5870463657427845,968.3852472242614,0.0184243768497766,-47910.190361778135,-0.9115333021647286,-29051.557416727843,-0.5527313054932999,-277572.9180171577,-5.281067694390368,17.2279299847793,0.9115333021647286,2.6704996247386714,27757291.801715765,528.1067694390366,611.3163161367671,47910.190361778135,52560.0,31536000.0,08-19,2023.0,5.0,0.0,0.0,15.0,30.0,20.0,17.0,Eplus-env-08-19_thermostat_rbc_eco_year_2023_case_5_rep_0_zone_0_onoffseed_15_tempseed_30_comforttemp_20_setbacktemp_17_paper2_final_runs_v4-res1
0,36694.46112677436,0.0,93332.23196952508,56637.7708427507,-80738.26001484951,-1.5361160581211857,460.7237623393972,0.0087656727994558,-9271.086508549612,-0.1763905347897567,-13821.712870181913,-0.2629701839836741,-41447.43485848578,-0.7885737225739303,25.998858447488583,0.1763905347897567,0.4328786037955962,4144743.4858485777,78.85737225739302,118.15675609724576,9271.086508549612,52560.0,31536000.0,08-19,2022.0,9.0,0.0,0.0,5.0,42.0,20.0,15.0,Eplus-env-08-19_thermostat_rbc_eco_year_2022_case_9_rep_0_zone_0_onoffseed_5_tempseed_42_comforttemp_20_setbacktemp_15_paper2_final_runs_v4-res1
0,21080.40572435192,0.0,123236.36093719586,102155.95521284395,-362290.8532152135,-6.892900555845005,807.8608116459557,0.015370258973477,-63250.28935082062,-1.2033921109364654,-24235.824349378672,-0.4611077692043126,-281794.6839413005,-5.361390485945595,17.70357686453577,1.2033921109364654,3.781918167046345,28179468.39413005,536.1390485945595,613.8934094293014,63250.28935082062,52560.0,31536000.0,08-19,2023.0,5.0,0.0,0.0,15.0,30.0,20.0,13.0,Eplus-env-08-19_thermostat_rbc_eco_year_2023_case_5_rep_0_zone_0_onoffseed_15_tempseed_30_comforttemp_20_setbacktemp_13_paper2_final_runs_v4-res1
0,59025.24845892594,49036.538603701134,23978.650296012293,13989.9404407875,-90148.88267884815,-1.7151613903890444,1104.2708947011588,0.0210097202188196,-91.84447481446531,-0.0017474215147348,-33128.12684103476,-0.6302916065645883,-41768.4824397864,-0.7946819337858904,0.228310502283105,0.0017474215147348,0.0547280565386933,4176848.243978639,79.46819337858902,118.7649869980128,91.84447481446531,52560.0,31536000.0,08-19,2022.0,4.0,0.0,0.0,5.0,10.0,20.0,15.0,Eplus-env-08-19_thermostat_rbc_eco_year_2022_case_4_rep_0_zone_0_onoffseed_5_tempseed_10_comforttemp_20_setbacktemp_15_paper2_final_runs_v4-res1
0,64448.75060652669,64448.75060652669,0.0,0.0,-519723.01083688426,-9.888185137688057,1190.6123280635034,0.0226524415537196,-58381.873814384686,-1.1107662445659188,-35718.3698419051,-0.6795732466115887,-408615.6141513001,-7.774269675633564,32.9337899543379,1.1107662445659188,2.246047984847104,40861561.41513,777.4269675633562,841.7819584129824,58381.873814384686,52560.0,31536000.0,08-19,2022.0,2.0,0.0,9.0,5.0,42.0,18.0,15.0,Eplus-env-08-19_thermostat_rbc_eco_year_2022_case_2_rep_0_zone_9_onoffseed_5_tempseed_42_comforttemp_18_setbacktemp_15_paper2_final_runs_v4-res1
0,7042.050988368988,0.0,46946.05552869984,39904.00454033084,-48646.162400975016,-0.9255358143260086,300.02268657042464,0.005708194188935,-2785.452429613116,-0.0529956702742221,-9000.68059711274,-0.1712458256680506,-40099.60805777723,-0.7629301380855638,4.212328767123288,0.0529956702742221,0.3771260943684101,4009960.8057777225,76.29301380855637,113.97936809836284,2785.452429613116,52560.0,31536000.0,08-19,2023.0,14.0,0.0,0.0,10.0,15.0,20.0,15.0,Eplus-env-08-19_thermostat_rbc_eco_year_2023_case_14_rep_0_zone_0_onoffseed_10_tempseed_15_comforttemp_20_setbacktemp_15_paper2_final_runs_v4-res1
0,10020.293840115588,0.0,25219.173631158224,15198.879791042636,-85273.53020326176,-1.6224035426800183,125.81473775265856,0.0023937354975772,-36229.3470561518,-0.6892950353149124,-3774.4421325797575,-0.0718120649273165,-40846.58075651141,-0.777141947422211,26.18531202435312,0.6892950353149124,1.6525205931955262,4084658.075651141,77.71419474222108,116.60578826042024,36229.3470561518,52560.0,31536000.0,08-19,2022.0,14.0,0.0,9.0,5.0,42.0,19.0,15.0,Eplus-env-08-19_thermostat_rbc_eco_year_2022_case_14_rep_0_zone_9_onoffseed_5_tempseed_42_comforttemp_19_setbacktemp_15_paper2_final_runs_v4-res1
0,29163.190308150093,0.0,75202.47064068019,46039.28033253008,-406321.4393616379,-7.730620992420813,370.3372353711553,0.007045990018477,-88852.95685362116,-1.690505267382442,-11110.11706113466,-0.2113797005543124,-293610.0765169192,-5.586188670413226,37.283105022831045,1.690505267382442,3.311181742501783,29361007.65169192,558.6188670413227,625.9670519861406,88852.95685362116,52560.0,31536000.0,08-19,2022.0,10.0,0.0,9.0,5.0,42.0,20.0,15.0,Eplus-env-08-19_thermostat_rbc_eco_year_2022_case_10_rep_0_zone_9_onoffseed_5_tempseed_42_comforttemp_20_setbacktemp_15_paper2_final_runs_v4-res1
0,51447.086221655336,0.0,134632.14651617524,83185.0602945199,-554639.4491919803,-10.552500935920476,662.8481793506907,0.0126112667304164,-111724.18026619629,-2.1256503094786203,-19885.44538052072,-0.3783380019124946,-400826.4076878478,-7.626073205628763,41.98820395738204,2.1256503094786203,3.845669825629117,40082640.76878478,762.6073205628762,823.4687521067603,111724.18026619629,52560.0,31536000.0,08-19,2022.0,7.0,0.0,9.0,5.0,42.0,21.0,15.0,Eplus-env-08-19_thermostat_rbc_eco_year_2022_case_7_rep_0_zone_9_onoffseed_5_tempseed_42_comforttemp_21_setbacktemp_15_paper2_final_runs_v4-res1
0,15703.378990123994,0.0,106837.5156614774,91134.13667135336,-278797.2933946913,-5.304362507509348,687.0251885245818,0.0130712554894326,0.0,0.0,-20610.755655737456,-0.3921376646829805,-265950.3590428708,-5.059938337954163,0.0,0.0,0.0,26595035.904287085,505.9938337954164,593.7672791221963,0.0,52560.0,31536000.0,08-19,2023.0,10.0,0.0,0.0,5.0,30.0,20.0,15.0,Eplus-env-08-19_thermostat_rbc_eco_year_2023_case_10_rep_0_zone_0_onoffseed_5_tempseed_30_comforttemp_20_setbacktemp_15_paper2_final_runs_v4-res1
0,5735.650395027565,0.0,46401.189466269934,40665.53907124236,-65234.75903589195,-1.2411483834834844,316.31976079519734,0.0060182602891019,-19390.22075818782,-0.3689159200568459,-9489.59282385592,-0.1805478086730578,-41152.20268953208,-0.7829566721752678,23.411339421613395,0.3689159200568459,0.8786094722948079,4115220.268953208,78.29566721752678,117.4049522910615,19390.22075818782,52560.0,31536000.0,08-19,2023.0,9.0,0.0,9.0,5.0,42.0,18.0,17.0,Eplus-env-08-19_thermostat_rbc_eco_year_2023_case_9_rep_0_zone_9_onoffseed_5_tempseed_42_comforttemp_18_setbacktemp_17_paper2_final_runs_v4-res1
0,27767.72289373102,0.0,72407.23572235586,44639.51282862485,-69192.6161642813,-1.316450079229096,352.403709936898,0.0067047890018435,-11792.842229939442,-0.2243691444052405,-10572.111298106942,-0.2011436700553071,-34682.9998349805,-0.659874426084104,9.58904109589041,0.2243691444052405,0.9749466111782834,3468299.98349805,65.98744260841039,100.08749236217758,11792.842229939442,52560.0,31536000.0,08-19,2022.0,13.0,0.0,0.0,10.0,30.0,20.0,17.0,Eplus-env-08-19_thermostat_rbc_eco_year_2022_case_13_rep_0_zone_0_onoffseed_10_tempseed_30_comforttemp_20_setbacktemp_17_paper2_final_runs_v4-res1
0,6898.382257144714,0.0,42279.22016876077,35380.83791161606,-73556.4384660993,-1.399475617695953,285.0440203789644,0.0054232119554597,-33453.32161347843,-0.6364787217176262,-8551.320611368934,-0.1626963586637925,-34459.550328050784,-0.6556231036539343,30.94178082191781,0.6364787217176262,1.7372067864541003,3445955.0328050777,65.56231036539342,99.58014650804316,33453.32161347843,52560.0,31536000.0,08-19,2023.0,13.0,0.0,0.0,15.0,42.0,20.0,17.0,Eplus-env-08-19_thermostat_rbc_eco_year_2023_case_13_rep_0_zone_0_onoffseed_15_tempseed_42_comforttemp_20_setbacktemp_17_paper2_final_runs_v4-res1
0,66949.879180947,66949.879180947,0.0,0.0,-399740.1300052549,-7.605405822017788,2220.045074549072,0.0422383005051193,-64717.57928544156,-1.2313085861004864,-66601.35223647216,-1.2671490151535798,-280250.8545618807,-5.3320177808577,17.374429223744293,1.2313085861004864,3.859917705787257,28025085.456188068,533.2017780857699,613.4299452705723,64717.57928544156,52560.0,31536000.0,08-18,2023.0,0.0,0.0,0.0,15.0,30.0,20.0,13.0,Eplus-env-08-18_thermostat_rbc_eco_year_2023_case_0_rep_0_zone_0_onoffseed_15_tempseed_30_comforttemp_20_setbacktemp_13_paper2_final_runs_v4-res1
0,24570.865150858543,0.0,146153.55930632004,121582.69415546148,-382514.23625576106,-7.2776681174992595,954.7319174657416,0.0181646103018596,-38341.48152087806,-0.7294802420258382,-28641.95752397225,-0.5449383090557887,-324071.3299549656,-6.165740676464337,14.30745814307458,0.7294802420258382,2.7459798703562446,32407132.99549656,616.5740676464337,690.3406057370369,38341.48152087806,52560.0,31536000.0,08-19,2023.0,6.0,0.0,0.0,15.0,15.0,20.0,13.0,Eplus-env-08-19_thermostat_rbc_eco_year_2023_case_6_rep_0_zone_0_onoffseed_15_tempseed_15_comforttemp_20_setbacktemp_13_paper2_final_runs_v4-res1
0,75538.89966547723,75538.89966547723,0.0,0.0,-390462.2512580528,-7.428886058943166,2526.100288303486,0.0480612688033387,-52742.56223867253,-1.0034734063674378,-75783.00864910458,-1.4418380641001634,-275921.31520305347,-5.24964450538534,16.01978691019787,1.0034734063674378,3.346341279730277,27592131.520305343,524.9644505385339,606.2599693414842,52742.56223867253,52560.0,31536000.0,08-18,2023.0,0.0,0.0,0.0,15.0,10.0,20.0,13.0,Eplus-env-08-18_thermostat_rbc_eco_year_2023_case_0_rep_0_zone_0_onoffseed_15_tempseed_10_comforttemp_20_setbacktemp_13_paper2_final_runs_v4-res1
0,43177.83058931633,0.0,107737.00778701424,64559.1771976979,-89428.38596870811,-1.7014533099069276,543.7876998269562,0.0103460369069055,-19612.68286761281,-0.3731484563853273,-16313.630994808687,-0.3103811072071668,-34491.919895975625,-0.6562389630132349,12.237442922374427,0.3731484563853273,1.5712885416596662,3449191.9895975622,65.62389630132348,99.44449167613126,19612.68286761281,52560.0,31536000.0,08-19,2022.0,8.0,0.0,0.0,15.0,30.0,20.0,15.0,Eplus-env-08-19_thermostat_rbc_eco_year_2022_case_8_rep_0_zone_0_onoffseed_15_tempseed_30_comforttemp_20_setbacktemp_15_paper2_final_runs_v4-res1
0,14281.345404506828,0.0,89336.02404695835,75054.67864245152,-506229.98739428713,-9.631468557729969,568.4980966134141,0.0108161738320664,-98024.6794866872,-1.865005317478828,-17054.94289840242,-0.3244852149619943,-396521.7392321729,-7.544173120855649,38.34474885844749,1.865005317478828,3.58674968121512,39652173.92321729,754.4173120855648,811.1574491310444,98024.6794866872,52560.0,31536000.0,08-19,2023.0,7.0,0.0,9.0,5.0,42.0,21.0,13.0,Eplus-env-08-19_thermostat_rbc_eco_year_2023_case_7_rep_0_zone_9_onoffseed_5_tempseed_42_comforttemp_21_setbacktemp_13_paper2_final_runs_v4-res1
0,21696.639436113976,21230.33295159668,14456.246925304797,13989.9404407875,-77207.6776229645,-1.4689436381842562,778.855364732286,0.0148184049606599,-24611.545452695576,-0.4682561920223663,-23365.660941968577,-0.4445521488197979,-34846.11144758408,-0.6629777672675814,25.91324200913242,0.4682561920223663,1.0615419338376255,3484611.1447584084,66.29777672675814,100.73172121244596,24611.545452695576,52560.0,31536000.0,08-19,2023.0,3.0,0.0,9.0,5.0,42.0,18.0,17.0,Eplus-env-08-19_thermostat_rbc_eco_year_2023_case_3_rep_0_zone_9_onoffseed_5_tempseed_42_comforttemp_18_setbacktemp_17_paper2_final_runs_v4-res1
0,19301.509618261407,0.0,108750.91778809266,89449.40816983127,-445857.7651826796,-8.482834192973355,714.1694764811429,0.0135876993242226,-42593.68584267635,-0.8103821507358514,-21425.084294434284,-0.4076309797266796,-387473.5143213036,-7.372022723008059,15.353881278538816,0.8103821507358514,2.725575277815048,38747351.43213035,737.2022723008058,806.8201447076832,42593.68584267635,52560.0,31536000.0,08-19,2023.0,12.0,0.0,0.0,15.0,10.0,20.0,15.0,Eplus-env-08-19_thermostat_rbc_eco_year_2023_case_12_rep_0_zone_0_onoffseed_15_tempseed_10_comforttemp_20_setbacktemp_15_paper2_final_runs_v4-res1
0,59108.525584268784,59108.525584268784,0.0,0.0,-410063.8870401806,-7.80182433485884,1943.4508933432585,0.0369758541351457,-77427.57472051181,-1.4731273729168914,-58303.52680029776,-1.1092756240543713,-284279.6275391786,-5.408668712693657,24.1837899543379,1.4731273729168914,4.38773537843491,28427962.75391785,540.8668712693657,620.3318061915309,77427.57472051181,52560.0,31536000.0,08-18,2023.0,0.0,0.0,0.0,15.0,42.0,20.0,13.0,Eplus-env-08-18_thermostat_rbc_eco_year_2023_case_0_rep_0_zone_0_onoffseed_15_tempseed_42_comforttemp_20_setbacktemp_13_paper2_final_runs_v4-res1
0,14591.4000881354,0.0,98539.84773917816,83948.44765104276,-46246.97768177866,-0.8798892253002029,640.0317099748194,0.0121771634317888,-17.94151257122529,-0.0003413529789045,-19200.95129924457,-0.365314902953664,-34291.81175710387,-0.6524317305385059,0.045662100456621,0.0003413529789045,0.0227462647929087,3429181.1757103866,65.24317305385058,98.5602823345015,17.94151257122529,52560.0,31536000.0,08-19,2023.0,8.0,0.0,0.0,5.0,10.0,20.0,15.0,Eplus-env-08-19_thermostat_rbc_eco_year_2023_case_8_rep_0_zone_0_onoffseed_5_tempseed_10_comforttemp_20_setbacktemp_15_paper2_final_runs_v4-res1
0,120547.51975048776,120547.51975048776,0.0,0.0,-518053.433010685,-9.856419958346368,2476.018166001234,0.0471084125951528,-35258.28031984004,-0.6708196407884329,-74280.54498003704,-1.413252377854586,-384175.226782971,-7.309269915962157,13.11834094368341,0.6708196407884329,2.613872844361714,38417522.6782971,730.9269915962158,804.2073857393746,35258.28031984004,52560.0,31536000.0,08-19,2022.0,2.0,0.0,0.0,15.0,15.0,20.0,13.0,Eplus-env-08-19_thermostat_rbc_eco_year_2022_case_2_rep_0_zone_0_onoffseed_15_tempseed_15_comforttemp_20_setbacktemp_13_paper2_final_runs_v4-res1
0,61411.40948465411,0.0,155703.4665753911,94292.05709073695,-84593.92176128233,-1.609473397284671,773.2269168757985,0.0147113188142275,-15.97507696382722,-0.0003039398204685,-23196.80750627395,-0.4413395644268256,-34337.272584922976,-0.653296662574638,0.0475646879756468,0.0003039398204685,0.0207103445216261,3433727.258492297,65.3296662574638,98.38176126641532,15.97507696382722,52560.0,31536000.0,08-19,2022.0,8.0,0.0,0.0,5.0,15.0,20.0,13.0,Eplus-env-08-19_thermostat_rbc_eco_year_2022_case_8_rep_0_zone_0_onoffseed_5_tempseed_15_comforttemp_20_setbacktemp_13_paper2_final_runs_v4-res1
0,58700.432399046535,58700.432399046535,0.0,0.0,-449505.3829679496,-8.552233313697672,1922.7412301208133,0.0365818346674431,-69859.84622272126,-1.329144715044164,-57682.236903624405,-1.0974550400232954,-331622.71299956844,-6.309412347784788,23.89459665144597,1.329144715044164,3.893453212482443,33162271.29995684,630.9412347784787,708.1339058508515,69859.84622272126,52560.0,31536000.0,08-19,2023.0,1.0,0.0,0.0,15.0,42.0,20.0,15.0,Eplus-env-08-19_thermostat_rbc_eco_year_2023_case_1_rep_0_zone_0_onoffseed_15_tempseed_42_comforttemp_20_setbacktemp_15_paper2_final_runs_v4-res1
0,25314.496642695856,0.0,168445.1801419319,143130.683499236,-425945.9920895265,-8.103995283286272,1037.6925258811905,0.0197430084832798,-23702.81220131968,-0.4509667466004504,-31130.77577643572,-0.5922902544983965,-381533.39018481725,-7.259006662572626,11.718036529680369,0.4509667466004504,1.818582102563576,38153339.01848173,725.9006662572627,791.9787103172366,23702.81220131968,52560.0,31536000.0,08-19,2023.0,7.0,0.0,0.0,10.0,15.0,20.0,13.0,Eplus-env-08-19_thermostat_rbc_eco_year_2023_case_7_rep_0_zone_0_onoffseed_10_tempseed_15_comforttemp_20_setbacktemp_13_paper2_final_runs_v4-res1
0,56587.52414812437,0.0,140150.83438808832,83563.31023996396,-437869.3435024688,-8.330847479118509,703.0617353804338,0.0133763648283948,-57748.82413376141,-1.098721920353147,-21091.85206141301,-0.4012909448518458,-333826.2658631269,-6.3513368695419885,16.61339421613394,1.098721920353147,3.6378243237700265,33382626.58631268,635.1336869541987,709.4704680708742,57748.82413376141,52560.0,31536000.0,08-19,2022.0,11.0,0.0,0.0,15.0,30.0,20.0,13.0,Eplus-env-08-19_thermostat_rbc_eco_year_2022_case_11_rep_0_zone_0_onoffseed_15_tempseed_30_comforttemp_20_setbacktemp_13_paper2_final_runs_v4-res1
0,36062.07527139434,26073.365416169552,23978.650296012296,13989.9404407875,-107080.19238654844,-2.037294375695366,600.3655430262659,0.0114224798901496,-36953.55452940465,-0.703073716312874,-18010.96629078798,-0.3426743967044897,-40624.25407761608,-0.7729119877780836,29.80974124809741,0.703073716312874,1.510756994414452,4062425.4077616073,77.29119877780836,115.96518189971616,36953.55452940465,52560.0,31536000.0,08-19,2022.0,4.0,0.0,9.0,5.0,42.0,20.0,17.0,Eplus-env-08-19_thermostat_rbc_eco_year_2022_case_4_rep_0_zone_9_onoffseed_5_tempseed_42_comforttemp_20_setbacktemp_17_paper2_final_runs_v4-res1
0,15909.867067308534,15443.560582791237,14456.246925304798,13989.9404407875,-92883.99100322709,-1.767199220000515,592.1979995829894,0.0112670852279868,-39652.383464292834,-0.7544212987879154,-17765.93998748968,-0.3380125568396058,-40215.74529116912,-0.7651397505930199,30.23592085235921,0.7544212987879154,1.5877047824514046,4021574.5291169127,76.513975059302,114.8749537880411,39652.383464292834,52560.0,31536000.0,08-19,2023.0,4.0,0.0,9.0,5.0,42.0,20.0,17.0,Eplus-env-08-19_thermostat_rbc_eco_year_2023_case_4_rep_0_zone_9_onoffseed_5_tempseed_42_comforttemp_20_setbacktemp_17_paper2_final_runs_v4-res1
0,79392.12422590247,0.0,197874.97561661733,118482.85139071484,-487927.0891893935,-9.28323990086365,1003.52248438636,0.0190928935385532,-34857.16408827996,-0.6631880534299841,-30105.674531590805,-0.5727868061565983,-388119.2282719027,-7.384307996040767,14.65943683409437,0.6631880534299841,2.2120224245664364,38811922.82719027,738.4307996040767,811.5443552034135,34857.16408827996,52560.0,31536000.0,08-19,2022.0,7.0,0.0,0.0,15.0,10.0,20.0,17.0,Eplus-env-08-19_thermostat_rbc_eco_year_2022_case_7_rep_0_zone_0_onoffseed_15_tempseed_10_comforttemp_20_setbacktemp_17_paper2_final_runs_v4-res1
0,42189.808452957855,0.0,109470.42788086816,67280.61942791032,-499773.4105667549,-9.508626532853024,534.9408734147944,0.0101777182917578,-57280.414854498405,-1.08981002386793,-16048.22620244383,-0.3053315487527365,-407977.5134168917,-7.762129250701896,32.73021308980213,1.08981002386793,2.213350137059422,40797751.34168917,776.2129250701897,840.4701036949314,57280.414854498405,52560.0,31536000.0,08-19,2022.0,7.0,0.0,9.0,5.0,42.0,18.0,15.0,Eplus-env-08-19_thermostat_rbc_eco_year_2022_case_7_rep_0_zone_9_onoffseed_5_tempseed_42_comforttemp_18_setbacktemp_15_paper2_final_runs_v4-res1
0,25350.99493083384,0.0,151789.73402335338,126438.7390925195,-399394.0187723788,-7.59882075289914,980.5401989347276,0.0186556354439636,-1.539417571158598,-2.928876657455476e-05,-29416.20596804183,-0.5596690633189085,-378652.8304018925,-7.204201491664622,0.0095129375951293,2.928876657455476e-05,0.0035001139054098,37865283.04018925,720.4201491664621,798.2376529430213,1.539417571158598,52560.0,31536000.0,08-19,2023.0,7.0,0.0,0.0,5.0,30.0,20.0,15.0,Eplus-env-08-19_thermostat_rbc_eco_year_2023_case_7_rep_0_zone_0_onoffseed_5_tempseed_30_comforttemp_20_setbacktemp_15_paper2_final_runs_v4-res1
0,28544.51323908724,0.0,174698.51809428332,146154.0048551961,-335495.8404178528,-6.383101986641035,1124.1692346924372,0.021388303551987,-1.29462475419178,-2.463136899147222e-05,-33725.07704077311,-0.6416491065596102,-312142.2795122013,-5.938780051602004,0.0095129375951293,2.463136899147222e-05,0.0029340857967941,31214227.951220136,593.8780051602005,679.3436993019096,1.29462475419178,52560.0,31536000.0,08-19,2023.0,6.0,0.0,0.0,5.0,10.0,20.0,15.0,Eplus-env-08-19_thermostat_rbc_eco_year_2023_case_6_rep_0_zone_0_onoffseed_5_tempseed_10_comforttemp_20_setbacktemp_15_paper2_final_runs_v4-res1
0,21766.910409790005,0.0,121409.7763132832,99642.86590349318,-372531.61400681344,-7.087739992519282,806.1298893192336,0.0153373266613248,-70978.14741206577,-1.3504213738977504,-24183.896679577007,-0.4601197998397451,-283745.9571884985,-5.398515167208876,25.76103500761035,1.3504213738977504,3.9322518063107617,28374595.71884985,539.8515167208875,619.2813603869732,70978.14741206577,52560.0,31536000.0,08-19,2023.0,5.0,0.0,0.0,15.0,42.0,20.0,15.0,Eplus-env-08-19_thermostat_rbc_eco_year_2023_case_5_rep_0_zone_0_onoffseed_15_tempseed_42_comforttemp_20_setbacktemp_15_paper2_final_runs_v4-res1
0,4026.690829590286,0.0,38990.48671602746,34963.79588643717,-366508.3750597669,-6.973142600071669,258.92291614551664,0.0049262350864824,-75281.46578167101,-1.4322957721018077,-7767.687484365499,-0.1477870525944729,-287932.6735104081,-5.478171109406547,32.95471841704718,1.4322957721018077,2.926184633200453,28793267.351040807,547.8171109406546,610.7321813141101,75281.46578167101,52560.0,31536000.0,08-19,2023.0,10.0,0.0,9.0,5.0,42.0,20.0,13.0,Eplus-env-08-19_thermostat_rbc_eco_year_2023_case_10_rep_0_zone_9_onoffseed_5_tempseed_42_comforttemp_20_setbacktemp_13_paper2_final_runs_v4-res1
0,61421.93452730653,61421.93452730653,0.0,0.0,-428241.26170925953,-8.147664796599306,2013.9487639893136,0.0383171378232365,-49240.5726729746,-0.9368449899728806,-60418.46291967942,-1.149514134697097,-328751.4043994955,-6.254783188727084,21.371765601217657,0.9368449899728806,2.9674903648709114,32875140.43994956,625.4783188727085,699.7501916276666,49240.5726729746,52560.0,31536000.0,08-19,2023.0,1.0,0.0,0.0,10.0,42.0,20.0,15.0,Eplus-env-08-19_thermostat_rbc_eco_year_2023_case_1_rep_0_zone_0_onoffseed_10_tempseed_42_comforttemp_20_setbacktemp_15_paper2_final_runs_v4-res1
0,63746.84629996604,63746.84629996604,0.0,0.0,-476740.3973726551,-9.070403298566497,1224.491751661165,0.0232970272386066,-81477.29499224082,-1.5501768453622682,-36734.75254983496,-0.6989108171581994,-343111.80742241204,-6.528002424322908,35.56506849315069,1.5501768453622682,3.169146081740952,34311180.742241204,652.8002424322908,714.0798748847947,81477.29499224082,52560.0,31536000.0,08-19,2022.0,1.0,0.0,9.0,5.0,42.0,20.0,13.0,Eplus-env-08-19_thermostat_rbc_eco_year_2022_case_1_rep_0_zone_9_onoffseed_5_tempseed_42_comforttemp_20_setbacktemp_13_paper2_final_runs_v4-res1
0,14421.218311575209,0.0,94369.5365312567,79948.31821968147,-449586.75784001854,-8.553781541857278,617.8238798293148,0.0117546400271939,-99838.43656048618,-1.8995136331903764,-18534.716394879444,-0.3526392008158189,-337950.3225788327,-6.429800657892555,43.32572298325723,1.8995136331903764,3.2593873027321645,33795032.257883266,642.9800657892554,708.5737136494464,99838.43656048618,52560.0,31536000.0,08-19,2023.0,11.0,0.0,9.0,5.0,42.0,21.0,17.0,Eplus-env-08-19_thermostat_rbc_eco_year_2023_case_11_rep_0_zone_9_onoffseed_5_tempseed_42_comforttemp_21_setbacktemp_17_paper2_final_runs_v4-res1
0,10992.80445791721,0.0,82963.48400258689,71970.67954466968,-52041.47621503595,-0.9901346311840936,527.5254521650287,0.0100366334125766,-2865.7555500911594,-0.0545235074218257,-15825.763564950865,-0.3010990023772995,-40182.50733792273,-0.7645073694429744,4.385464231354643,0.0545235074218257,0.3804654975357836,4018250.733792272,76.45073694429742,114.22357623381922,2865.7555500911594,52560.0,31536000.0,08-19,2023.0,9.0,0.0,0.0,10.0,15.0,20.0,13.0,Eplus-env-08-19_thermostat_rbc_eco_year_2023_case_9_rep_0_zone_0_onoffseed_10_tempseed_15_comforttemp_20_setbacktemp_13_paper2_final_runs_v4-res1
0,22533.286045796187,0.0,59394.789855595285,36861.50380979909,-410336.1469954975,-7.807004318788003,293.1375765012675,0.005577198944088,-97597.6938067847,-1.856881541224975,-8794.127295038024,-0.1673159683226412,-294303.9718746469,-5.599390636884454,37.29261796042618,1.856881541224975,3.725671591869927,29430397.187464688,559.9390636884453,625.4901302454864,97597.6938067847,52560.0,31536000.0,08-19,2022.0,10.0,0.0,9.0,5.0,42.0,20.0,13.0,Eplus-env-08-19_thermostat_rbc_eco_year_2022_case_10_rep_0_zone_9_onoffseed_5_tempseed_42_comforttemp_20_setbacktemp_13_paper2_final_runs_v4-res1
0,87128.89676880577,0.0,215122.10879074511,127993.21202193933,-387655.7083658431,-7.375489124159875,1102.4725004496963,0.0209755041942484,-38840.15731246171,-0.7389679853969123,-33074.175013490894,-0.6292651258274523,-277535.4006068214,-5.280353892823848,13.98592085235921,0.7389679853969123,2.737353593187524,27753540.060682137,528.0353892823846,606.9751360163168,38840.15731246171,52560.0,31536000.0,08-19,2022.0,5.0,0.0,0.0,15.0,15.0,20.0,15.0,Eplus-env-08-19_thermostat_rbc_eco_year_2022_case_5_rep_0_zone_0_onoffseed_15_tempseed_15_comforttemp_20_setbacktemp_15_paper2_final_runs_v4-res1
0,66913.9360651034,0.0,167545.2551633306,100631.3190982272,-446833.8748708776,-8.501405534073013,852.9500086842771,0.0162281204087571,-58218.330312572085,-1.1076546863122545,-25588.500260528315,-0.4868436122627153,-333873.2534634445,-6.35223084976112,16.98249619482496,1.1076546863122545,3.666667043235432,33387325.34634445,635.2230849761121,709.5345371665521,58218.330312572085,52560.0,31536000.0,08-19,2022.0,6.0,0.0,0.0,15.0,30.0,20.0,13.0,Eplus-env-08-19_thermostat_rbc_eco_year_2022_case_6_rep_0_zone_0_onoffseed_15_tempseed_30_comforttemp_20_setbacktemp_13_paper2_final_runs_v4-res1
0,75654.66362996667,0.0,209665.12316854572,134010.45953857913,-376168.0930207554,-7.1569271883705365,1061.8620377232303,0.020202854598996,-36280.81143733372,-0.6902741902080235,-31855.86113169692,-0.6060856379698805,-277994.201267746,-5.289082976935807,13.512176560121766,0.6902741902080235,2.6105637960981616,27799420.1267746,528.9082976935806,604.850474196653,36280.81143733372,52560.0,31536000.0,08-19,2022.0,5.0,0.0,0.0,10.0,10.0,20.0,13.0,Eplus-env-08-19_thermostat_rbc_eco_year_2022_case_5_rep_0_zone_0_onoffseed_10_tempseed_10_comforttemp_20_setbacktemp_13_paper2_final_runs_v4-res1
0,14621.888101094944,0.0,90347.84062428267,75725.95252318776,-495435.7762728276,-9.426099244155775,577.6149437543176,0.0109896298278979,-87382.0857460232,-1.6625206572683255,-17328.448312629524,-0.3296888948369392,-396091.5238712985,-7.535987897094721,37.922374429223744,1.6625206572683255,3.0890798575019,39609152.38712985,753.598789709472,810.1346711447702,87382.0857460232,52560.0,31536000.0,08-19,2023.0,7.0,0.0,9.0,5.0,42.0,21.0,15.0,Eplus-env-08-19_thermostat_rbc_eco_year_2023_case_7_rep_0_zone_9_onoffseed_5_tempseed_42_comforttemp_21_setbacktemp_15_paper2_final_runs_v4-res1
0,7370.381282846276,0.0,18664.26947003484,11293.888187188566,-80185.36969439746,-1.5255968358903629,92.81167889529002,0.0017658234188601,-33025.445147609615,-0.628337997481157,-2784.3503668587005,-0.0529747025658048,-41130.21561929131,-0.7825383489210676,23.272450532724505,0.628337997481157,1.6490727449370048,4113021.5619291314,78.25383489210677,117.46140225951804,33025.445147609615,52560.0,31536000.0,08-19,2022.0,14.0,0.0,9.0,5.0,42.0,18.0,13.0,Eplus-env-08-19_thermostat_rbc_eco_year_2022_case_14_rep_0_zone_9_onoffseed_5_tempseed_42_comforttemp_18_setbacktemp_13_paper2_final_runs_v4-res1
0,22102.340550214834,0.0,54031.11405720478,31928.773506989943,-63654.64364126007,-1.211085305199012,269.752695049321,0.0051322811082443,-5538.225308553308,-0.1053695834960675,-8092.580851479629,-0.1539684332473293,-40034.49352857601,-0.7616912771799088,6.482115677321157,0.1053695834960675,0.6422246738255719,4003449.3528576,76.16912771799086,114.19757261517256,5538.225308553308,52560.0,31536000.0,08-19,2022.0,14.0,0.0,0.0,15.0,10.0,20.0,17.0,Eplus-env-08-19_thermostat_rbc_eco_year_2022_case_14_rep_0_zone_0_onoffseed_15_tempseed_10_comforttemp_20_setbacktemp_17_paper2_final_runs_v4-res1
0,61595.4660363119,0.0,156212.11147666708,94616.64544035518,-84744.01601019627,-1.6123290717312837,776.699653562099,0.0147773906689897,-9.71934680647583,-0.0001849190792708,-23300.98960686297,-0.4433217200696912,-34343.045899083016,-0.6534065049292811,0.030441400304414,0.0001849190792708,0.0153347937915403,3434304.589908302,65.34065049292812,98.38946424151106,9.71934680647583,52560.0,31536000.0,08-19,2022.0,8.0,0.0,0.0,5.0,15.0,20.0,17.0,Eplus-env-08-19_thermostat_rbc_eco_year_2022_case_8_rep_0_zone_0_onoffseed_5_tempseed_15_comforttemp_20_setbacktemp_17_paper2_final_runs_v4-res1
0,57483.17148243657,57483.17148243657,0.0,0.0,-366969.2621357621,-6.981911380056357,1859.7035655441096,0.0353824879289214,-27332.08300589789,-0.5200167999600055,-55791.1069663233,-1.0614746378676427,-292610.1965400829,-5.567165078768701,33.40943683409437,0.5200167999600055,0.9716085063180504,29261019.654008288,556.71650787687,632.9771209063113,27332.08300589789,52560.0,31536000.0,08-18,2023.0,0.0,0.0,9.0,5.0,42.0,18.0,17.0,Eplus-env-08-18_thermostat_rbc_eco_year_2023_case_0_rep_0_zone_9_onoffseed_5_tempseed_42_comforttemp_18_setbacktemp_17_paper2_final_runs_v4-res1
0,47130.94659216313,0.0,127117.074782705,79986.12819054187,-81361.90448185915,-1.5479814399136065,634.7917739018644,0.0120774690620598,-8466.63949139564,-0.1610852262442092,-19043.75321705593,-0.3623240718617947,-34337.43758341485,-0.6532998018153511,7.825342465753425,0.1610852262442092,0.8686563191630371,3433743.7583414856,65.32998018153512,98.95104816822426,8466.63949139564,52560.0,31536000.0,08-19,2022.0,8.0,0.0,0.0,10.0,10.0,20.0,15.0,Eplus-env-08-19_thermostat_rbc_eco_year_2022_case_8_rep_0_zone_0_onoffseed_10_tempseed_10_comforttemp_20_setbacktemp_15_paper2_final_runs_v4-res1
0,68371.21082274613,0.0,171144.65204960937,102773.44122686324,-500761.0135268789,-9.527416543509872,868.4546511443218,0.0165231098010715,-52018.79281003006,-0.9897030595515612,-26053.63953432966,-0.4956932940321473,-392807.7331427601,-7.4735109045426205,16.320395738203956,0.9897030595515612,3.2278562569781823,39280773.31427602,747.3510904542621,818.0600714017762,52018.79281003006,52560.0,31536000.0,08-19,2022.0,7.0,0.0,0.0,15.0,30.0,20.0,15.0,Eplus-env-08-19_thermostat_rbc_eco_year_2022_case_7_rep_0_zone_0_onoffseed_15_tempseed_30_comforttemp_20_setbacktemp_15_paper2_final_runs_v4-res1
0,68298.88674584162,0.0,174756.0596090859,106457.17286324428,-426076.07760806,-8.10647027412595,867.9953828758503,0.0165143718203167,-74829.87039555809,-1.4237037746491263,-26039.861486275506,-0.4954311546095035,-295370.88796572894,-5.61968964927186,39.51864535768645,1.4237037746491263,2.525519000509737,29537088.796572894,561.968964927186,632.7768219901382,74829.87039555809,52560.0,31536000.0,08-19,2022.0,5.0,0.0,9.0,5.0,42.0,20.0,17.0,Eplus-env-08-19_thermostat_rbc_eco_year_2022_case_5_rep_0_zone_9_onoffseed_5_tempseed_42_comforttemp_20_setbacktemp_17_paper2_final_runs_v4-res1
0,25913.27759031515,0.0,173401.90885723545,147488.63126692033,-321604.071935328,-6.118798933320548,1068.2088260543253,0.0203236078016424,-29476.41608392897,-0.5608146134689682,-32046.26478162976,-0.6097082340492724,-270928.0034547622,-5.154642379276298,12.589421613394215,0.5608146134689682,2.198583921457476,27092800.345476225,515.4642379276298,590.8212776285956,29476.41608392897,52560.0,31536000.0,08-19,2023.0,5.0,0.0,0.0,10.0,15.0,20.0,13.0,Eplus-env-08-19_thermostat_rbc_eco_year_2023_case_5_rep_0_zone_0_onoffseed_10_tempseed_15_comforttemp_20_setbacktemp_13_paper2_final_runs_v4-res1
0,79523.55062445132,0.0,205502.36362477823,125978.81300032692,-324704.9064303269,-6.177795023408047,1015.4362198668324,0.0193195627828545,-0.1405228830931584,-2.6735708351057536e-06,-30463.086596004967,-0.5795868834856348,-259646.5491415801,-4.940002837549089,0.0019025875190258,2.6735708351057536e-06,0.0006129361581125,25964654.914158013,494.0002837549089,584.8885246281349,0.1405228830931584,52560.0,31536000.0,08-19,2022.0,10.0,0.0,0.0,5.0,15.0,20.0,15.0,Eplus-env-08-19_thermostat_rbc_eco_year_2022_case_10_rep_0_zone_0_onoffseed_5_tempseed_15_comforttemp_20_setbacktemp_15_paper2_final_runs_v4-res1
0,38669.70202137722,0.0,101288.52851147736,62618.82649010015,-544206.5057072968,-10.354005055313866,489.5214673175408,0.0093135743401358,-111747.55623851049,-2.126095057810321,-14685.644019526224,-0.2794072302040758,-400823.2662450977,-7.626013436931082,41.97488584474886,2.126095057810321,3.84610584625685,40082326.62450977,762.6013436931082,823.4741028209355,111747.55623851049,52560.0,31536000.0,08-19,2022.0,12.0,0.0,9.0,5.0,42.0,21.0,15.0,Eplus-env-08-19_thermostat_rbc_eco_year_2022_case_12_rep_0_zone_9_onoffseed_5_tempseed_42_comforttemp_21_setbacktemp_15_paper2_final_runs_v4-res1
0,14677.448078905702,0.0,37053.04527317472,22375.597194269016,-112140.60409996784,-2.133573137366207,181.9564991254933,0.003461881642418,-59737.619012318246,-1.1365604834915952,-5458.6949737648,-0.1038564492725418,-40395.36481429685,-0.7685571692217819,35.372907153729074,1.1365604834915952,2.258483661141916,4039536.481429686,76.85571692217819,115.24624944466548,59737.619012318246,52560.0,31536000.0,08-19,2022.0,14.0,0.0,9.0,5.0,42.0,21.0,17.0,Eplus-env-08-19_thermostat_rbc_eco_year_2022_case_14_rep_0_zone_9_onoffseed_5_tempseed_42_comforttemp_21_setbacktemp_17_paper2_final_runs_v4-res1
0,132641.92615173274,132641.92615173274,0.0,0.0,-427439.976583081,-8.132419645796823,2658.6042403950105,0.0505822724580481,0.0,0.0,-79758.12721185033,-1.5174681737414446,-318925.6167983485,-6.067838980181669,0.0,0.0,0.0,31892561.67983485,606.7838980181668,693.9798908826365,0.0,52560.0,31536000.0,08-19,2022.0,1.0,0.0,0.0,5.0,30.0,20.0,17.0,Eplus-env-08-19_thermostat_rbc_eco_year_2022_case_1_rep_0_zone_0_onoffseed_5_tempseed_30_comforttemp_20_setbacktemp_17_paper2_final_runs_v4-res1
0,52766.62695465144,52766.62695465144,0.0,0.0,-506571.8811285949,-9.63797338524724,1732.286258622113,0.0329582621503446,-70940.97055275219,-1.3497140516124846,-51968.58775866341,-0.9887478645103388,-392462.53306424245,-7.466943170933075,24.218036529680365,1.3497140516124846,4.079267732052139,39246253.306424245,746.6943170933075,818.2439292232976,70940.97055275219,52560.0,31536000.0,08-19,2023.0,2.0,0.0,0.0,15.0,42.0,20.0,13.0,Eplus-env-08-19_thermostat_rbc_eco_year_2023_case_2_rep_0_zone_0_onoffseed_15_tempseed_42_comforttemp_20_setbacktemp_13_paper2_final_runs_v4-res1
0,67197.93807276894,67197.93807276894,0.0,0.0,-436798.2626082152,-8.310469227705768,2207.2013848795195,0.041993938068484,-104.23204158267194,-0.0019831058139777,-66216.04154638559,-1.2598181420545205,-381719.3974293002,-7.262545613190643,12.783485540334857,0.0019831058139777,0.0111307640115823,38171939.74293003,726.2545613190646,804.9422102952294,104.23204158267194,52560.0,31536000.0,08-19,2023.0,2.0,0.0,0.0,5.0,42.0,20.0,15.0,Eplus-env-08-19_thermostat_rbc_eco_year_2023_case_2_rep_0_zone_0_onoffseed_5_tempseed_42_comforttemp_20_setbacktemp_15_paper2_final_runs_v4-res1
0,30282.281413339133,29815.97492882184,14456.246925304797,13989.9404407875,-70482.56190778821,-1.3409924259472643,1094.6579097035003,0.0208268247660483,-5235.937440231778,-0.0996182922418527,-32839.73729110502,-0.6248047429814502,-40472.690043303686,-0.770028349377924,6.428843226788432,0.0996182922418527,0.6061715189138582,4047269.004330368,77.0028349377924,115.00010170673497,5235.937440231778,52560.0,31536000.0,08-19,2023.0,4.0,0.0,0.0,15.0,15.0,20.0,17.0,Eplus-env-08-19_thermostat_rbc_eco_year_2023_case_4_rep_0_zone_0_onoffseed_15_tempseed_15_comforttemp_20_setbacktemp_17_paper2_final_runs_v4-res1
0,74764.13542661288,0.0,187207.289132278,112443.15370566511,-493232.7477372392,-9.384184698197094,945.0580278316112,0.0179805560850763,-41943.49799033662,-0.7980117578070133,-28351.74083494833,-0.5394166825522894,-390124.7105543906,-7.422464051643657,16.18150684931507,0.7980117578070133,2.481663924352504,39012471.05543907,742.2464051643659,816.7842891490017,41943.49799033662,52560.0,31536000.0,08-19,2022.0,7.0,0.0,0.0,15.0,30.0,20.0,17.0,Eplus-env-08-19_thermostat_rbc_eco_year_2022_case_7_rep_0_zone_0_onoffseed_15_tempseed_30_comforttemp_20_setbacktemp_17_paper2_final_runs_v4-res1
0,84928.79166904165,0.0,210881.70272977155,125952.9110607299,-482934.9412049394,-9.188259916380126,1071.9986141040747,0.0203957118360744,-27571.158236003623,-0.5245654154490796,-32159.95842312224,-0.6118713550822343,-385883.5385044928,-7.341772041561888,12.96613394216134,0.5245654154490796,1.9065949954613648,38588353.85044928,734.1772041561887,805.9350068847695,27571.158236003623,52560.0,31536000.0,08-19,2022.0,7.0,0.0,0.0,15.0,15.0,20.0,17.0,Eplus-env-08-19_thermostat_rbc_eco_year_2022_case_7_rep_0_zone_0_onoffseed_15_tempseed_15_comforttemp_20_setbacktemp_17_paper2_final_runs_v4-res1
0,10609.52323345737,0.0,60734.46717226514,50124.94393880778,-48341.922963732446,-0.919747392765077,401.5715392687033,0.0076402499860864,-6331.02628815929,-0.1204533159847657,-12047.1461780611,-0.2292074995825932,-33331.24571828169,-0.6341561209718738,7.113774733637747,0.1204533159847657,0.6794724614508652,3333124.5718281684,63.41561209718737,95.9396581950014,6331.02628815929,52560.0,31536000.0,08-19,2023.0,13.0,0.0,0.0,15.0,15.0,20.0,13.0,Eplus-env-08-19_thermostat_rbc_eco_year_2023_case_13_rep_0_zone_0_onoffseed_15_tempseed_15_comforttemp_20_setbacktemp_13_paper2_final_runs_v4-res1
0,5198.468138356453,0.0,34346.22436214092,29147.75622378447,-79250.86809282831,-1.507817125053811,233.1650773137783,0.0044361696596989,-40796.54368838746,-0.7761899484091982,-6994.952319413347,-0.1330850897909693,-34201.45762045143,-0.650712664011633,29.923896499238968,0.7761899484091982,1.6105256524910034,3420145.762045143,65.0712664011633,98.95394041289306,40796.54368838746,52560.0,31536000.0,08-19,2023.0,13.0,0.0,9.0,5.0,42.0,19.0,17.0,Eplus-env-08-19_thermostat_rbc_eco_year_2023_case_13_rep_0_zone_9_onoffseed_5_tempseed_42_comforttemp_19_setbacktemp_17_paper2_final_runs_v4-res1
0,85447.00401390408,85447.00401390408,0.0,0.0,-413132.070167174,-7.860199204093873,2876.5081473311866,0.0547280849948855,-26852.98808313038,-0.5109015997551443,-86295.2444199356,-1.6418425498465676,-316374.88810026867,-6.019309134327791,12.035768645357686,0.5109015997551443,1.98035249557506,31637488.81002687,601.9309134327791,676.4959539227501,26852.98808313038,52560.0,31536000.0,08-19,2023.0,1.0,0.0,0.0,10.0,15.0,20.0,13.0,Eplus-env-08-19_thermostat_rbc_eco_year_2023_case_1_rep_0_zone_0_onoffseed_10_tempseed_15_comforttemp_20_setbacktemp_13_paper2_final_runs_v4-res1
0,76022.01845694931,76022.01845694931,0.0,0.0,-417636.34665092616,-7.94589700629616,2538.9264851659427,0.0483052984240095,-34513.46512947683,-0.6566488799367737,-76167.79455497827,-1.4491589527202868,-320929.26822181913,-6.105960202089405,13.247716894977168,0.6566488799367737,2.36747475182981,32092926.822181907,610.5960202089403,684.5765329591501,34513.46512947683,52560.0,31536000.0,08-19,2023.0,1.0,0.0,0.0,10.0,10.0,20.0,13.0,Eplus-env-08-19_thermostat_rbc_eco_year_2023_case_1_rep_0_zone_0_onoffseed_10_tempseed_10_comforttemp_20_setbacktemp_13_paper2_final_runs_v4-res1
0,8837.757538822038,0.0,59502.3347825004,50664.57724367835,-475161.0605101278,-9.04035503253668,395.6091926596381,0.0075268111236613,-61719.9883345268,-1.174276794796933,-11868.27577978914,-0.225804333709839,-406210.9027330906,-7.72851793632212,33.39992389649924,1.174276794796933,2.29348338717038,40621090.27330906,772.851793632212,836.0731510330322,61719.9883345268,52560.0,31536000.0,08-19,2023.0,12.0,0.0,9.0,5.0,42.0,18.0,15.0,Eplus-env-08-19_thermostat_rbc_eco_year_2023_case_12_rep_0_zone_9_onoffseed_5_tempseed_42_comforttemp_18_setbacktemp_15_paper2_final_runs_v4-res1
0,91401.2952180436,91401.2952180436,0.0,0.0,-384748.3655213635,-7.320174382065516,3053.3364995204315,0.0580923991537372,0.0,0.0,-91600.09498561296,-1.7427719746121186,-309972.9659034821,-5.897506961633982,0.0,0.0,0.0,30997296.59034821,589.7506961633982,677.6276448777389,0.0,52560.0,31536000.0,08-19,2023.0,1.0,0.0,0.0,5.0,10.0,20.0,13.0,Eplus-env-08-19_thermostat_rbc_eco_year_2023_case_1_rep_0_zone_0_onoffseed_5_tempseed_10_comforttemp_20_setbacktemp_13_paper2_final_runs_v4-res1
0,9331.4756318137,0.0,66750.2458591954,57418.77022738168,-77298.60951777108,-1.4706736970656598,446.4419094861614,0.0084939480495845,-35315.65393893524,-0.6719112241045517,-13393.257284584844,-0.2548184414875351,-34348.87536444906,-0.6535174156097614,30.538432267884325,0.6719112241045517,1.95840947839346,3434887.536444905,65.35174156097612,99.22888130358784,35315.65393893524,52560.0,31536000.0,08-19,2023.0,8.0,0.0,0.0,15.0,42.0,20.0,13.0,Eplus-env-08-19_thermostat_rbc_eco_year_2023_case_8_rep_0_zone_0_onoffseed_15_tempseed_42_comforttemp_20_setbacktemp_13_paper2_final_runs_v4-res1
0,42485.82601358289,0.0,114388.2656483362,71902.43963475333,-83049.7941103323,-1.580095017319869,568.8073611355381,0.0108220578602651,-13661.532878198885,-0.2599226194482284,-17064.22083406614,-0.3246617358079554,-34630.606970421264,-0.6588776059821397,10.003805175038051,0.2599226194482284,1.1880894891364504,3463060.6970421253,65.88776059821394,99.93657712363982,13661.532878198885,52560.0,31536000.0,08-19,2022.0,8.0,0.0,0.0,10.0,30.0,20.0,13.0,Eplus-env-08-19_thermostat_rbc_eco_year_2022_case_8_rep_0_zone_0_onoffseed_10_tempseed_30_comforttemp_20_setbacktemp_13_paper2_final_runs_v4-res1
0,94226.28396613472,94226.28396613472,0.0,0.0,-366332.933664325,-6.969804673978787,3164.400849915637,0.0602054956224436,-24007.847904182978,-0.4567703178117004,-94932.02549746912,-1.8061648686733087,-265238.5628474472,-5.046395792379132,12.290715372907153,0.4567703178117004,1.6332610563574663,26523856.28474472,504.6395792379132,586.8310307086161,24007.847904182978,52560.0,31536000.0,08-18,2023.0,0.0,0.0,0.0,10.0,15.0,20.0,17.0,Eplus-env-08-18_thermostat_rbc_eco_year_2023_case_0_rep_0_zone_0_onoffseed_10_tempseed_15_comforttemp_20_setbacktemp_17_paper2_final_runs_v4-res1
0,60821.4555664274,0.0,169078.507224086,108257.0516576586,-487558.9609025192,-9.276235938023577,841.5295973853679,0.0160108370887627,-44479.74413766613,-0.8462660604578792,-25245.88792156104,-0.4803251126628812,-393321.18396595865,-7.4832797558211315,25.44710806697108,0.8462660604578792,2.8357780957931267,39332118.39659588,748.3279755821134,817.0008772993577,44479.74413766613,52560.0,31536000.0,08-19,2022.0,7.0,0.0,0.0,10.0,42.0,20.0,15.0,Eplus-env-08-19_thermostat_rbc_eco_year_2022_case_7_rep_0_zone_0_onoffseed_10_tempseed_42_comforttemp_20_setbacktemp_15_paper2_final_runs_v4-res1
0,23387.830803247445,0.0,133918.12337900905,110530.29257576162,-402299.6814507797,-7.654103528363389,870.5909936958328,0.0165637555878202,-105.3691152771922,-0.0020047396361718,-26117.72981087499,-0.4969126676346078,-383060.7279553658,-7.288065600368451,15.523211567732115,0.0020047396361718,0.0104490838593019,38306072.79553658,728.8065600368451,805.6111817661289,105.3691152771922,52560.0,31536000.0,08-19,2023.0,7.0,0.0,0.0,5.0,42.0,20.0,15.0,Eplus-env-08-19_thermostat_rbc_eco_year_2023_case_7_rep_0_zone_0_onoffseed_5_tempseed_42_comforttemp_20_setbacktemp_15_paper2_final_runs_v4-res1
0,82484.25382335647,82484.25382335647,0.0,0.0,-382319.69306457456,-7.27396676302463,2743.580103888615,0.0521990126310619,-41611.51862602553,-0.791695559855889,-82307.40311665846,-1.565970378931858,-273227.80638566107,-5.1983981428017705,15.968417047184168,0.791695559855889,2.4590580923019267,27322780.63856611,519.8398142801772,604.7355648247161,41611.51862602553,52560.0,31536000.0,08-18,2023.0,0.0,0.0,0.0,15.0,10.0,20.0,17.0,Eplus-env-08-18_thermostat_rbc_eco_year_2023_case_0_rep_0_zone_0_onoffseed_15_tempseed_10_comforttemp_20_setbacktemp_17_paper2_final_runs_v4-res1
0,57359.099664811154,0.0,141696.5100897643,84337.41042495312,-480422.7219851676,-9.140462747054178,714.817125480007,0.0136000214132421,-43177.45419940572,-0.8214888546310068,-21444.51376440021,-0.4080006423972642,-390319.7883499799,-7.426175577434929,14.76407914764079,0.8214888546310068,2.962061506902383,39031978.83499798,742.6175577434929,812.2210953676122,43177.45419940572,52560.0,31536000.0,08-19,2022.0,12.0,0.0,0.0,15.0,10.0,20.0,13.0,Eplus-env-08-19_thermostat_rbc_eco_year_2022_case_12_rep_0_zone_0_onoffseed_15_tempseed_10_comforttemp_20_setbacktemp_13_paper2_final_runs_v4-res1
0,49872.14426669372,0.0,136206.89661327456,86334.75234658085,-478573.09709031513,-9.10527201465592,668.3452057277561,0.012715852468184,-44466.72253787987,-0.8460183131255683,-20050.35617183269,-0.3814755740455229,-393305.97332785313,-7.482990360118971,25.46993911719939,0.8460183131255683,2.837083821636672,39330597.33278532,748.2990360118972,817.0889111071982,44466.72253787987,52560.0,31536000.0,08-19,2022.0,12.0,0.0,0.0,10.0,42.0,20.0,15.0,Eplus-env-08-19_thermostat_rbc_eco_year_2022_case_12_rep_0_zone_0_onoffseed_10_tempseed_42_comforttemp_20_setbacktemp_15_paper2_final_runs_v4-res1
0,20504.830500937787,0.0,130843.56758795636,110338.73708701856,-440793.3456204371,-8.386479178471026,835.4176091649975,0.0158945511637176,-36526.83577764666,-0.6949550186005833,-25062.528274949924,-0.4768365349115282,-387491.5080099733,-7.372365068682899,23.087899543378995,0.6949550186005833,2.151593605966601,38749150.80099732,737.2365068682899,810.5392989163151,36526.83577764666,52560.0,31536000.0,08-19,2023.0,7.0,0.0,0.0,10.0,42.0,20.0,17.0,Eplus-env-08-19_thermostat_rbc_eco_year_2023_case_7_rep_0_zone_0_onoffseed_10_tempseed_42_comforttemp_20_setbacktemp_17_paper2_final_runs_v4-res1
0,43848.67783639564,0.0,108459.7555334995,64611.07769710386,-81598.90524910827,-1.5524905869312835,551.6504806406797,0.0104956331933158,-5228.628677284161,-0.0994792366302161,-16549.514419220388,-0.3148689957994746,-40497.67323386884,-0.7705036764434711,5.814307458143075,0.0994792366302161,0.6880795890438067,4049767.3233868834,77.05036764434709,115.10181030531912,5228.628677284161,52560.0,31536000.0,08-19,2022.0,9.0,0.0,0.0,15.0,15.0,20.0,17.0,Eplus-env-08-19_thermostat_rbc_eco_year_2022_case_9_rep_0_zone_0_onoffseed_15_tempseed_15_comforttemp_20_setbacktemp_17_paper2_final_runs_v4-res1
0,102304.7707911194,102304.7707911194,0.0,0.0,-455676.5294567148,-8.66964477657372,1964.213265296631,0.0373708764325843,-75966.01324053411,-1.4453198866159458,-58926.39795889893,-1.1211262929775292,-296014.9832319659,-5.631944125417921,39.80022831050229,1.4453198866159458,2.554414738414388,29601498.323196582,563.194412541792,634.1379192684813,75966.01324053411,52560.0,31536000.0,08-18,2022.0,0.0,0.0,9.0,5.0,42.0,20.0,17.0,Eplus-env-08-18_thermostat_rbc_eco_year_2022_case_0_rep_0_zone_9_onoffseed_5_tempseed_42_comforttemp_20_setbacktemp_17_paper2_final_runs_v4-res1
0,18899.836609664584,0.0,49037.52810532217,30137.6914956576,-66537.94786103246,-1.265942691419948,238.37532239742268,0.004535299132371,-9938.09461679745,-0.1890809478081706,-7151.25967192268,-0.1360589739711316,-41137.89691386842,-0.7826844922729912,9.419710806697108,0.1890809478081706,0.890824636505889,4113789.6913868417,78.26844922729912,117.19669377384776,9938.09461679745,52560.0,31536000.0,08-19,2022.0,14.0,0.0,0.0,10.0,30.0,20.0,15.0,Eplus-env-08-19_thermostat_rbc_eco_year_2022_case_14_rep_0_zone_0_onoffseed_10_tempseed_30_comforttemp_20_setbacktemp_15_paper2_final_runs_v4-res1
0,15523.92636748449,0.0,98257.72323579129,82733.79686830679,-399509.6566986608,-7.601020865651842,624.7921228788438,0.0118872169497496,-99843.9212654186,-1.899617984501876,-18743.76368636532,-0.3566165084924908,-286965.61127200315,-5.459771903957442,39.05251141552512,1.899617984501876,3.607464203825672,28696561.12720032,545.9771903957442,608.4146031299605,99843.9212654186,52560.0,31536000.0,08-19,2023.0,5.0,0.0,9.0,5.0,42.0,21.0,13.0,Eplus-env-08-19_thermostat_rbc_eco_year_2023_case_5_rep_0_zone_9_onoffseed_5_tempseed_42_comforttemp_21_setbacktemp_13_paper2_final_runs_v4-res1
0,36908.61551364772,0.0,94403.00265832491,57494.38714467719,-439131.1632392908,-8.354854703943888,458.6154823536445,0.0087255609275807,-58802.84928704203,-1.1187756713668575,-13758.464470609331,-0.2617668278274226,-350133.3756005336,-6.661593904119741,33.3314307458143,1.1187756713668575,2.2475355952540643,35013337.56005335,666.159390411974,733.1925053319345,58802.84928704203,52560.0,31536000.0,08-19,2022.0,11.0,0.0,9.0,5.0,42.0,18.0,15.0,Eplus-env-08-19_thermostat_rbc_eco_year_2022_case_11_rep_0_zone_9_onoffseed_5_tempseed_42_comforttemp_18_setbacktemp_15_paper2_final_runs_v4-res1
0,24962.609485170666,0.0,61421.13093284772,36458.521447677056,-87385.85012024088,-1.6625922777823607,304.4994451739348,0.0057933684393823,-32084.892392452763,-0.6104431581516888,-9134.983355218044,-0.1738010531814696,-34879.04690797001,-0.6636043932262179,30.017123287671232,0.6104431581516888,1.7536530067885994,3487904.6907970007,66.36043932262177,100.62701693293032,32084.892392452763,52560.0,31536000.0,08-19,2022.0,13.0,0.0,0.0,15.0,42.0,20.0,17.0,Eplus-env-08-19_thermostat_rbc_eco_year_2022_case_13_rep_0_zone_0_onoffseed_15_tempseed_42_comforttemp_20_setbacktemp_17_paper2_final_runs_v4-res1
0,16134.74310462812,0.0,41420.487827499564,25285.744722871445,-125203.9188249152,-2.382114132894125,200.9416283094888,0.0038230903407436,-78313.5989443527,-1.4899847592152342,-6028.248849284664,-0.1146927102223109,-33690.486546666245,-0.6409909921359636,35.82572298325723,1.4899847592152342,3.095227803013271,3369048.6546666245,64.09909921359636,97.50093646189752,78313.5989443527,52560.0,31536000.0,08-19,2022.0,13.0,0.0,9.0,5.0,42.0,21.0,13.0,Eplus-env-08-19_thermostat_rbc_eco_year_2022_case_13_rep_0_zone_9_onoffseed_5_tempseed_42_comforttemp_21_setbacktemp_13_paper2_final_runs_v4-res1
0,23293.43733549425,0.0,56936.1889200692,33642.751584574944,-87577.26382929372,-1.6662340911205045,282.4680064307448,0.0053742010355925,-33749.41721580595,-0.642112199691894,-8474.040192922343,-0.1612260310677767,-34771.48552931992,-0.6615579438607291,29.710806697108065,0.642112199691894,1.967454313782425,3477148.552931993,66.15579438607293,100.33894711285652,33749.41721580595,52560.0,31536000.0,08-19,2022.0,13.0,0.0,0.0,15.0,42.0,20.0,15.0,Eplus-env-08-19_thermostat_rbc_eco_year_2022_case_13_rep_0_zone_0_onoffseed_15_tempseed_42_comforttemp_20_setbacktemp_15_paper2_final_runs_v4-res1
0,49487.09579689645,0.0,130477.61260037289,80990.5168034764,-353573.0978646235,-6.727037630605469,653.4552772618912,0.0124325585476006,-33163.17281151346,-0.6309583868248375,-19603.65831785673,-0.3729767564280201,-279924.53198166896,-5.325809208174828,21.66286149162861,0.6309583868248375,2.094745951321199,27992453.1981669,532.5809208174828,613.3283512043705,33163.17281151346,52560.0,31536000.0,08-19,2022.0,10.0,0.0,0.0,10.0,42.0,20.0,17.0,Eplus-env-08-19_thermostat_rbc_eco_year_2022_case_10_rep_0_zone_0_onoffseed_10_tempseed_42_comforttemp_20_setbacktemp_17_paper2_final_runs_v4-res1
0,41558.62685336144,0.0,108997.3922568283,67438.76540346688,-491146.3650709407,-9.344489441988978,528.9901937412967,0.0100645014029927,-115023.13854629076,-2.1884158779735685,-15869.705812238906,-0.3019350420897813,-342124.11389591487,-6.509210690561546,42.54946727549467,2.1884158779735685,3.928146903810792,34212411.389591485,650.9210690561546,714.5965161672597,115023.13854629076,52560.0,31536000.0,08-19,2022.0,11.0,0.0,9.0,5.0,42.0,21.0,15.0,Eplus-env-08-19_thermostat_rbc_eco_year_2022_case_11_rep_0_zone_9_onoffseed_5_tempseed_42_comforttemp_21_setbacktemp_15_paper2_final_runs_v4-res1
0,41511.15040515527,0.0,103705.86965822129,62194.719253066,-100952.01777420286,-1.9207004903767668,520.6957325237873,0.0099066920190979,-32109.318438283623,-0.6109078850510583,-15620.871975713617,-0.2972007605729379,-34882.42718946172,-0.6636687060399871,30.02473363774733,0.6109078850510583,1.7585025617426158,3488242.718946172,66.3668706039987,100.64020226607109,32109.318438283623,52560.0,31536000.0,08-19,2022.0,8.0,0.0,0.0,15.0,42.0,20.0,17.0,Eplus-env-08-19_thermostat_rbc_eco_year_2022_case_8_rep_0_zone_0_onoffseed_15_tempseed_42_comforttemp_20_setbacktemp_17_paper2_final_runs_v4-res1
0,44870.65304244436,0.0,111864.68067573816,66994.0276332938,-88883.48771800178,-1.6910861437975986,563.6860572942203,0.0107246205725688,-17631.98477010272,-0.3354639415925175,-16910.581718826612,-0.3217386171770664,-34542.82169387533,-0.6572074142670344,11.875951293759512,0.3354639415925175,1.3583235342869466,3454282.1693875333,65.72074142670346,99.6215803423564,17631.98477010272,52560.0,31536000.0,08-19,2022.0,8.0,0.0,0.0,15.0,30.0,20.0,17.0,Eplus-env-08-19_thermostat_rbc_eco_year_2022_case_8_rep_0_zone_0_onoffseed_15_tempseed_30_comforttemp_20_setbacktemp_17_paper2_final_runs_v4-res1
0,40392.02031943789,0.0,108552.83834591066,68160.81802647274,-77283.25948912445,-1.470381649336462,543.1935489859151,0.0103347326671597,-4305.940987584425,-0.0819242958064007,-16295.806469577452,-0.3100419800147917,-39932.60667820789,-0.7597527906812765,5.317732115677321,0.0819242958064007,0.576837248467904,3993260.667820788,75.97527906812762,113.74508808745996,4305.940987584425,52560.0,31536000.0,08-19,2022.0,9.0,0.0,0.0,10.0,10.0,20.0,15.0,Eplus-env-08-19_thermostat_rbc_eco_year_2022_case_9_rep_0_zone_0_onoffseed_10_tempseed_10_comforttemp_20_setbacktemp_15_paper2_final_runs_v4-res1
0,78813.15301469213,78813.15301469213,0.0,0.0,-335725.25018955686,-6.387466708324902,2590.698298900428,0.0492903024904951,-91.74125980983176,-0.0017454577589389,-77720.94896701281,-1.4787090747148557,-271156.4684484274,-5.1589891257311145,12.326864535768646,0.0017454577589389,0.006888645384842,27115646.844842743,515.8989125731116,606.4855352140745,91.74125980983176,52560.0,31536000.0,08-18,2023.0,0.0,0.0,0.0,5.0,42.0,20.0,17.0,Eplus-env-08-18_thermostat_rbc_eco_year_2023_case_0_rep_0_zone_0_onoffseed_5_tempseed_42_comforttemp_20_setbacktemp_17_paper2_final_runs_v4-res1
0,123685.91999292329,123685.91999292329,0.0,0.0,-428918.064822607,-8.160541568162234,2502.3228741912835,0.0476088826900929,-49031.51592588986,-0.9328675023951648,-75069.68622573851,-1.4282664807027874,-278699.09775050654,-5.302494249438861,15.36910197869102,0.9328675023951648,3.163588768559193,27869909.77505065,530.2494249438861,613.0876766057992,49031.51592588986,52560.0,31536000.0,08-18,2022.0,0.0,0.0,0.0,15.0,10.0,20.0,15.0,Eplus-env-08-18_thermostat_rbc_eco_year_2022_case_0_rep_0_zone_0_onoffseed_15_tempseed_10_comforttemp_20_setbacktemp_15_paper2_final_runs_v4-res1
0,22182.32256981651,0.0,56154.44940952799,33972.12683971148,-118663.02840178476,-2.257667968070486,275.6086713348442,0.0052436961821697,-66815.67148731486,-1.2712266264709828,-8268.260140045324,-0.1573108854650937,-33699.998820103014,-0.6411719714631472,35.78386605783866,1.2712266264709828,2.49296259942532,3369999.8820103016,64.11719714631472,97.50159906806616,66815.67148731486,52560.0,31536000.0,08-19,2022.0,13.0,0.0,9.0,5.0,42.0,21.0,17.0,Eplus-env-08-19_thermostat_rbc_eco_year_2022_case_13_rep_0_zone_9_onoffseed_5_tempseed_42_comforttemp_21_setbacktemp_17_paper2_final_runs_v4-res1
0,27295.26094471272,0.0,69712.99916196159,42417.73821724887,-69248.03370296443,-1.317504446403433,336.13333027915894,0.0063952307891773,-11807.031195856423,-0.2246391018998558,-10083.999908374768,-0.191856923675319,-35110.749528238535,-0.6680127383607027,28.023211567732115,0.2246391018998558,0.5232288263953316,3511074.952823853,66.80127383607027,101.31582795340933,11807.031195856423,52560.0,31536000.0,08-19,2022.0,13.0,0.0,0.0,5.0,42.0,20.0,15.0,Eplus-env-08-19_thermostat_rbc_eco_year_2022_case_13_rep_0_zone_0_onoffseed_5_tempseed_42_comforttemp_20_setbacktemp_15_paper2_final_runs_v4-res1
0,18750.16827325793,0.0,111240.73461727927,92490.56634402135,-397582.60594286025,-7.564357038486687,724.0941432418024,0.0137765247953158,-96.89887673868895,-0.0018435859349065,-21722.824297254072,-0.4132957438594762,-382146.19440176926,-7.27066579912042,15.131278538812785,0.0018435859349065,0.0069650919355439,38214619.44017693,727.066579912042,806.4203683462983,96.89887673868895,52560.0,31536000.0,08-19,2023.0,12.0,0.0,0.0,5.0,42.0,20.0,17.0,Eplus-env-08-19_thermostat_rbc_eco_year_2023_case_12_rep_0_zone_0_onoffseed_5_tempseed_42_comforttemp_20_setbacktemp_17_paper2_final_runs_v4-res1
0,5357.407386555285,0.0,36783.8451134182,31426.43772686292,-94112.99465613384,-1.7905820901090914,247.9395575158213,0.0047172670760239,-56036.68503330402,-1.0661469755194828,-7438.186725474641,-0.1415180122807199,-33693.41463988895,-0.6410467016721642,33.22488584474886,1.0661469755194828,2.114083595695009,3369341.4639888955,64.10467016721643,97.5731503672826,56036.68503330402,52560.0,31536000.0,08-19,2023.0,13.0,0.0,9.0,5.0,42.0,20.0,17.0,Eplus-env-08-19_thermostat_rbc_eco_year_2023_case_13_rep_0_zone_9_onoffseed_5_tempseed_42_comforttemp_20_setbacktemp_17_paper2_final_runs_v4-res1
0,8780.273125999105,0.0,63854.38081266286,55074.10768666376,-57564.34625629184,-1.0952120672810473,419.10492381406704,0.0079738379721093,-9348.315435462717,-0.177859882714283,-12573.147714422012,-0.2392151391632802,-41032.88937644928,-0.7806866319720182,26.5734398782344,0.177859882714283,0.4215295495440107,4103288.9376449273,78.06866319720181,116.98282817935328,9348.315435462717,52560.0,31536000.0,08-19,2023.0,9.0,0.0,0.0,5.0,42.0,20.0,13.0,Eplus-env-08-19_thermostat_rbc_eco_year_2023_case_9_rep_0_zone_0_onoffseed_5_tempseed_42_comforttemp_20_setbacktemp_13_paper2_final_runs_v4-res1
0,45170.70493425362,0.0,114638.2459328943,69467.54099864067,-78158.44688209717,-1.487032855443249,568.7824232746125,0.0108215833956357,-38.292084889637046,-0.000728540427885,-17063.472698238376,-0.3246475018690711,-41166.00109049463,-0.7832191988298064,0.121765601217656,0.000728540427885,0.0313408703213735,4116600.109049463,78.32191988298065,116.99587107703488,38.292084889637046,52560.0,31536000.0,08-19,2022.0,9.0,0.0,0.0,5.0,10.0,20.0,13.0,Eplus-env-08-19_thermostat_rbc_eco_year_2022_case_9_rep_0_zone_0_onoffseed_5_tempseed_10_comforttemp_20_setbacktemp_13_paper2_final_runs_v4-res1
0,26049.41023923511,0.0,63875.28079459914,37825.87055536403,-74758.94604298502,-1.4223543767691214,317.09844373724155,0.00603307541357,-18970.38950206768,-0.3609282629769345,-9512.953312117246,-0.1809922624071013,-34477.53402419908,-0.6559652592123112,11.925418569254186,0.3609282629769345,1.5286191198321528,3447753.4024199084,65.59652592123113,99.41329574698794,18970.38950206768,52560.0,31536000.0,08-19,2022.0,13.0,0.0,0.0,15.0,30.0,20.0,13.0,Eplus-env-08-19_thermostat_rbc_eco_year_2022_case_13_rep_0_zone_0_onoffseed_15_tempseed_30_comforttemp_20_setbacktemp_13_paper2_final_runs_v4-res1
0,19674.98324981871,0.0,128340.51121664468,108665.527966826,-351744.2432953647,-6.692242071829618,804.9725241336293,0.0153153067757539,-53546.29690972995,-1.01876516190506,-24149.17572400888,-0.4594592032726194,-282101.8425889581,-5.367234448039538,24.069634703196343,1.01876516190506,3.2624309685427333,28210184.258895807,536.7234448039537,611.9294499102945,53546.29690972995,52560.0,31536000.0,08-19,2023.0,5.0,0.0,0.0,10.0,42.0,20.0,13.0,Eplus-env-08-19_thermostat_rbc_eco_year_2023_case_5_rep_0_zone_0_onoffseed_10_tempseed_42_comforttemp_20_setbacktemp_13_paper2_final_runs_v4-res1
0,28092.441519189266,0.0,166822.2852996995,138729.84378051024,-290699.92065168434,-5.530820408137069,1060.4682374670638,0.020176336329282,-43.68428495770009,-0.0008311317533808,-31814.047124011908,-0.605290089878461,-267673.8099598779,-5.092728499997677,0.1293759512937595,0.0008311317533808,0.0367995661522054,26767380.995987795,509.2728499997678,598.0057324090683,43.68428495770009,52560.0,31536000.0,08-19,2023.0,5.0,0.0,0.0,5.0,30.0,20.0,13.0,Eplus-env-08-19_thermostat_rbc_eco_year_2023_case_5_rep_0_zone_0_onoffseed_5_tempseed_30_comforttemp_20_setbacktemp_13_paper2_final_runs_v4-res1
0,52927.86835226006,42939.158497035256,23978.650296012293,13989.9404407875,-85391.97997799907,-1.6246571533104843,966.5467704238127,0.0183893982196311,-322.0744887644357,-0.0061277490251985,-28996.403112714383,-0.5516819465889342,-41769.61639025068,-0.7947035081858957,1.5639269406392695,0.0061277490251985,0.0974636586549454,4176961.639025068,79.47035081858957,118.97202965993732,322.0744887644357,52560.0,31536000.0,08-19,2022.0,4.0,0.0,0.0,5.0,30.0,20.0,17.0,Eplus-env-08-19_thermostat_rbc_eco_year_2022_case_4_rep_0_zone_0_onoffseed_5_tempseed_30_comforttemp_20_setbacktemp_17_paper2_final_runs_v4-res1
0,137062.2719353172,137062.2719353172,0.0,0.0,-457640.3186803343,-8.70700758524228,2810.034280178396,0.0534633614950227,-25914.97114252259,-0.493055006516792,-84301.02840535188,-1.6039008448506826,-319594.70286752866,-6.080568928225431,11.20433789954338,0.493055006516792,1.980014211384772,31959470.286752872,608.0568928225432,683.973626333762,25914.97114252259,52560.0,31536000.0,08-19,2022.0,1.0,0.0,0.0,10.0,15.0,20.0,15.0,Eplus-env-08-19_thermostat_rbc_eco_year_2022_case_1_rep_0_zone_0_onoffseed_10_tempseed_15_comforttemp_20_setbacktemp_15_paper2_final_runs_v4-res1
0,75231.04018223744,0.0,196421.2562583086,121190.21607607114,-438899.64024484914,-8.350449776347967,960.2837384006308,0.0182702385540454,-1.2185672805920014,-2.3184308991476435e-05,-28808.512152018924,-0.5481071566213647,-377351.9077044801,-7.179450298791479,0.0057077625570776,2.3184308991476435e-05,0.0033169152261711,37735190.770448014,717.9450298791479,796.4796715905957,1.2185672805920014,52560.0,31536000.0,08-19,2022.0,12.0,0.0,0.0,5.0,10.0,20.0,15.0,Eplus-env-08-19_thermostat_rbc_eco_year_2022_case_12_rep_0_zone_0_onoffseed_5_tempseed_10_comforttemp_20_setbacktemp_15_paper2_final_runs_v4-res1
0,8937.466905046229,0.0,64154.88998817703,55217.4230831308,-57865.23552794968,-1.100936749009697,422.1264156378931,0.0080313244984378,-9508.757533719388,-0.1809124340509776,-12663.792469136792,-0.2409397349531353,-41044.73631921197,-0.7809120304264074,26.60578386605784,0.1809124340509776,0.432656113295389,4104473.631921197,78.09120304264073,117.02427304851804,9508.757533719388,52560.0,31536000.0,08-19,2023.0,9.0,0.0,0.0,5.0,42.0,20.0,17.0,Eplus-env-08-19_thermostat_rbc_eco_year_2023_case_9_rep_0_zone_0_onoffseed_5_tempseed_42_comforttemp_20_setbacktemp_17_paper2_final_runs_v4-res1
0,51079.51249346221,0.0,132562.11944586347,81482.60695240126,-478779.3925147322,-9.1091969656532,648.2102540262265,0.0123327673901489,-96128.83182160225,-1.828935156423178,-19446.3076207868,-0.3699830217044673,-340862.41152222856,-6.485205698672537,42.50380517503805,1.828935156423178,3.182244077263185,34086241.15222286,648.5205698672537,715.2325584281567,96128.83182160225,52560.0,31536000.0,08-19,2022.0,11.0,0.0,9.0,5.0,42.0,21.0,17.0,Eplus-env-08-19_thermostat_rbc_eco_year_2022_case_11_rep_0_zone_9_onoffseed_5_tempseed_42_comforttemp_21_setbacktemp_17_paper2_final_runs_v4-res1
0,48315.07986686772,38326.370011642925,23978.650296012296,13989.9404407875,-128494.5507561743,-2.4447212853153406,829.6853296714951,0.0157854895295185,-54694.15151724284,-1.0406041004041635,-24890.55989014485,-0.4735646858855565,-34273.83239984697,-0.6520896575313351,33.12404870624049,1.0406041004041635,2.11508599790432,3427383.2399846967,65.2089657531335,99.11612915318636,54694.15151724284,52560.0,31536000.0,08-19,2022.0,3.0,0.0,9.0,5.0,42.0,20.0,17.0,Eplus-env-08-19_thermostat_rbc_eco_year_2022_case_3_rep_0_zone_9_onoffseed_5_tempseed_42_comforttemp_20_setbacktemp_17_paper2_final_runs_v4-res1
0,23025.999575360154,22559.69309084286,14456.246925304797,13989.9404407875,-71844.33050484853,-1.3669012653129478,832.6936518161029,0.0158427254911739,-11592.411371327436,-0.2205557719050121,-24980.80955448309,-0.4752817647352186,-41414.34888091896,-0.7879442328941964,27.53044140030441,0.2205557719050121,0.5474715781189626,4141434.888091895,78.79442328941961,118.1603831703866,11592.411371327436,52560.0,31536000.0,08-19,2023.0,4.0,0.0,0.0,5.0,42.0,20.0,15.0,Eplus-env-08-19_thermostat_rbc_eco_year_2023_case_4_rep_0_zone_0_onoffseed_5_tempseed_42_comforttemp_20_setbacktemp_15_paper2_final_runs_v4-res1
0,24520.24888743316,0.0,144165.98296190912,119645.73407447594,-439259.6079611169,-8.357298477190199,943.2315837146086,0.0179458063872642,-34207.17998757908,-0.6508215370543965,-28296.94751143825,-0.5383741916179271,-384992.4123587287,-7.324817586733803,13.80517503805175,0.6508215370543965,2.4869640238556374,38499241.23587288,732.4817586733805,801.1273347905006,34207.17998757908,52560.0,31536000.0,08-19,2023.0,7.0,0.0,0.0,15.0,15.0,20.0,13.0,Eplus-env-08-19_thermostat_rbc_eco_year_2023_case_7_rep_0_zone_0_onoffseed_15_tempseed_15_comforttemp_20_setbacktemp_13_paper2_final_runs_v4-res1
0,61898.34525229728,0.0,159533.62601164565,97635.28075934834,-467242.2167974209,-8.889692100407553,788.582028917161,0.0150034632594589,-73134.44024307093,-1.3914467321741044,-23657.46086751483,-0.4501038977837677,-343468.7403034456,-6.534793384768752,38.99162861491629,1.3914467321741044,2.491203824888276,34346874.03034456,653.4793384768752,721.561646609442,73134.44024307093,52560.0,31536000.0,08-19,2022.0,6.0,0.0,9.0,5.0,42.0,20.0,17.0,Eplus-env-08-19_thermostat_rbc_eco_year_2022_case_6_rep_0_zone_9_onoffseed_5_tempseed_42_comforttemp_20_setbacktemp_17_paper2_final_runs_v4-res1
0,70105.10924344626,0.0,191696.4493092019,121591.34006575563,-405333.9433282919,-7.711833016139495,959.7256948965344,0.0182596212879858,-24793.141731940847,-0.4717112201663022,-28791.77084689604,-0.5477886386395745,-323187.8117242877,-6.148930968879141,11.147260273972602,0.4717112201663022,1.9106917267652708,32318781.172428768,614.8930968879141,686.7708528494982,24793.141731940847,52560.0,31536000.0,08-19,2022.0,11.0,0.0,0.0,10.0,15.0,20.0,15.0,Eplus-env-08-19_thermostat_rbc_eco_year_2022_case_11_rep_0_zone_0_onoffseed_10_tempseed_15_comforttemp_20_setbacktemp_15_paper2_final_runs_v4-res1
0,105106.0265252681,0.0,268897.9417446135,163791.91521934542,-459018.8177224057,-8.733234735966624,1332.9650557449,0.0253608267835787,-3.714733374258501,-7.067605354373098e-05,-39988.95167234699,-0.7608248035073629,-373027.8626887096,-7.097181558004369,0.0133181126331811,7.067605354373098e-05,0.0068626001125408,37302786.26887096,709.7181558004368,788.9550138747484,3.714733374258501,52560.0,31536000.0,08-19,2022.0,7.0,0.0,0.0,5.0,15.0,20.0,13.0,Eplus-env-08-19_thermostat_rbc_eco_year_2022_case_7_rep_0_zone_0_onoffseed_5_tempseed_15_comforttemp_20_setbacktemp_13_paper2_final_runs_v4-res1
0,25155.68045888321,0.0,164365.9741184213,139210.2936595381,-369415.79277103365,-7.028458766572178,1031.512938584022,0.0196254364266366,-27180.65084833181,-0.5171356706303617,-30945.388157520672,-0.5887630927990996,-321655.27973928954,-6.119773206607488,13.158295281582951,0.5171356706303617,1.7547841111925289,32165527.97392895,611.9773206607487,686.9123964046192,27180.65084833181,52560.0,31536000.0,08-19,2023.0,6.0,0.0,0.0,10.0,10.0,20.0,17.0,Eplus-env-08-19_thermostat_rbc_eco_year_2023_case_6_rep_0_zone_0_onoffseed_10_tempseed_10_comforttemp_20_setbacktemp_17_paper2_final_runs_v4-res1
0,27162.815946110928,0.0,179830.00504718,152667.1891010691,-362414.67687625496,-6.895256409365581,1119.753148116425,0.0213042836399624,-21683.558980138,-0.4125486868367198,-33592.59444349275,-0.6391285091988728,-318509.2181706037,-6.0599166318608,11.91780821917808,0.4125486868367198,1.5085956591053815,31850921.81706037,605.9916631860801,679.4978803232732,21683.558980138,52560.0,31536000.0,08-19,2023.0,6.0,0.0,0.0,10.0,15.0,20.0,17.0,Eplus-env-08-19_thermostat_rbc_eco_year_2023_case_6_rep_0_zone_0_onoffseed_10_tempseed_15_comforttemp_20_setbacktemp_17_paper2_final_runs_v4-res1
0,26262.32860908136,0.0,64480.47573133957,38218.14712225821,-74668.07539118576,-1.4206254830895313,320.2286607343955,0.0060926305314763,-18695.57612034017,-0.355699697875574,-9606.859822031864,-0.1827789159442896,-34487.28823575614,-0.6561508416239753,11.87214611872146,0.355699697875574,1.4864000595442175,3448728.8235756136,65.61508416239752,99.43230080690192,18695.57612034017,52560.0,31536000.0,08-19,2022.0,13.0,0.0,0.0,15.0,30.0,20.0,15.0,Eplus-env-08-19_thermostat_rbc_eco_year_2022_case_13_rep_0_zone_0_onoffseed_15_tempseed_30_comforttemp_20_setbacktemp_15_paper2_final_runs_v4-res1
0,4187.460043818763,0.0,30073.927716697748,25886.467672878985,-65670.01817545202,-1.249429569548174,196.8194968599348,0.0037446631822666,-21324.63096506118,-0.405719767219581,-5904.584905798041,-0.1123398954679992,-40919.62614854272,-0.7785316999342221,28.725266362252665,0.405719767219581,1.1454026945193154,4091962.614854272,77.85316999342221,116.80331674915814,21324.63096506118,52560.0,31536000.0,08-19,2023.0,14.0,0.0,0.0,10.0,42.0,20.0,13.0,Eplus-env-08-19_thermostat_rbc_eco_year_2023_case_14_rep_0_zone_0_onoffseed_10_tempseed_42_comforttemp_20_setbacktemp_13_paper2_final_runs_v4-res1
0,64426.01505086536,0.0,176013.83218266265,111587.81713179732,-412730.9114361185,-7.85256680814533,877.1966875741839,0.0166894346950948,-32915.08266836265,-0.6262382547253168,-26315.90062722552,-0.5006830408528447,-327108.905854643,-6.223533216412537,12.686453576864537,0.6262382547253168,2.408794665872713,32710890.5854643,622.3533216412537,694.1523908934641,32915.08266836265,52560.0,31536000.0,08-19,2022.0,11.0,0.0,0.0,10.0,10.0,20.0,13.0,Eplus-env-08-19_thermostat_rbc_eco_year_2022_case_11_rep_0_zone_0_onoffseed_10_tempseed_10_comforttemp_20_setbacktemp_13_paper2_final_runs_v4-res1
0,26504.84677502112,0.0,158701.2154987243,132196.3687237032,-333357.21333792416,-6.342412734739805,1027.083108554849,0.0195411550333875,0.0,0.0,-30812.49325664548,-0.5862346510016263,-311673.59819127934,-5.929862979286137,0.0,0.0,0.0,31167359.819127936,592.9862979286137,679.8138154584351,0.0,52560.0,31536000.0,08-19,2023.0,11.0,0.0,0.0,5.0,10.0,20.0,17.0,Eplus-env-08-19_thermostat_rbc_eco_year_2023_case_11_rep_0_zone_0_onoffseed_5_tempseed_10_comforttemp_20_setbacktemp_17_paper2_final_runs_v4-res1
0,28282.94476614167,0.0,73480.3929111398,45197.448144998125,-450372.6992429384,-8.568734764896087,356.33281183612024,0.0067795436041879,-75850.34982762607,-1.443119288957878,-10689.984355083609,-0.2033863081256394,-351384.07230213186,-6.685389503465218,33.95167427701674,1.443119288957878,3.011132591497731,35138407.23021317,668.5389503465216,733.219848267358,75850.34982762607,52560.0,31536000.0,08-19,2022.0,11.0,0.0,9.0,5.0,42.0,18.0,13.0,Eplus-env-08-19_thermostat_rbc_eco_year_2022_case_11_rep_0_zone_9_onoffseed_5_tempseed_42_comforttemp_18_setbacktemp_13_paper2_final_runs_v4-res1
0,27989.89698858752,27523.59050407022,14456.246925304797,13989.9404407875,-95785.15834902646,-1.8223964678277484,990.2848746382394,0.0188410364276681,-37824.77042185286,-0.7196493611463634,-29708.54623914718,-0.5652310928300454,-35061.85320081014,-0.6670824429377881,31.710426179604266,0.7196493611463634,1.8783817609517468,3506185.320081014,66.7082442937788,101.1905392348195,37824.77042185286,52560.0,31536000.0,08-19,2023.0,3.0,0.0,0.0,15.0,42.0,20.0,17.0,Eplus-env-08-19_thermostat_rbc_eco_year_2023_case_3_rep_0_zone_0_onoffseed_15_tempseed_42_comforttemp_20_setbacktemp_17_paper2_final_runs_v4-res1
0,65239.53918188026,0.0,176716.53602589533,111476.99684401508,-412083.1778454338,-7.840243109692424,872.4253946626889,0.0165986566716645,-30884.33575464646,-0.5876015174019494,-26172.761839880663,-0.4979597001499365,-327826.37508609105,-6.237183696462919,13.73668188736682,0.5876015174019494,1.9731333378302487,32782637.508609105,623.718369646292,700.9127074802577,30884.33575464646,52560.0,31536000.0,08-19,2022.0,11.0,0.0,0.0,10.0,30.0,20.0,17.0,Eplus-env-08-19_thermostat_rbc_eco_year_2022_case_11_rep_0_zone_0_onoffseed_10_tempseed_30_comforttemp_20_setbacktemp_17_paper2_final_runs_v4-res1
0,66943.36353023579,0.0,165117.9611787874,98174.59764855164,-418819.25389274897,-7.968402851840734,839.5349281594806,0.0159728867610251,-37041.76831645158,-0.7047520608152887,-25186.04784478442,-0.4791866028307538,-327011.1198722115,-6.221672752515439,13.498858447488583,0.7047520608152887,2.756653620837549,32701111.987221148,622.1672752515439,695.8702760248193,37041.76831645158,52560.0,31536000.0,08-19,2022.0,11.0,0.0,0.0,15.0,15.0,20.0,13.0,Eplus-env-08-19_thermostat_rbc_eco_year_2022_case_11_rep_0_zone_0_onoffseed_15_tempseed_15_comforttemp_20_setbacktemp_13_paper2_final_runs_v4-res1
0,20090.57848935819,0.0,134679.36201516405,114588.78352580588,-372082.2924963684,-7.079191257541256,845.225869833031,0.0160811619070211,-32190.22409219349,-0.6124471859245336,-25356.776094990928,-0.4824348572106341,-323455.9661420311,-6.154032841362844,13.179223744292235,0.6124471859245336,2.172971484000175,32345596.614203103,615.4032841362844,687.2551628217863,32190.22409219349,52560.0,31536000.0,08-19,2023.0,11.0,0.0,0.0,10.0,10.0,20.0,15.0,Eplus-env-08-19_thermostat_rbc_eco_year_2023_case_11_rep_0_zone_0_onoffseed_10_tempseed_10_comforttemp_20_setbacktemp_15_paper2_final_runs_v4-res1
0,137038.2425294539,137038.2425294539,0.0,0.0,-426560.88483721856,-8.115694155959257,2806.963689471456,0.0534049408194721,-39809.71976243873,-0.7574147595593367,-84208.91068414369,-1.6021482245841645,-274640.1788614335,-5.225269765247974,13.808980213089802,0.7574147595593367,2.7694603974999423,27464017.88614336,522.5269765247975,605.8418782054089,39809.71976243873,52560.0,31536000.0,08-18,2022.0,0.0,0.0,0.0,15.0,15.0,20.0,15.0,Eplus-env-08-18_thermostat_rbc_eco_year_2022_case_0_rep_0_zone_0_onoffseed_15_tempseed_15_comforttemp_20_setbacktemp_15_paper2_final_runs_v4-res1
0,10923.179608032127,0.0,74955.4872530383,64032.30764500617,-62130.83142750927,-1.1820934442067974,499.7764495967933,0.0095086843530592,-19117.49229691017,-0.3637270223917461,-14993.293487903802,-0.2852605305917771,-34077.085893268006,-0.6483463830530443,12.604642313546425,0.3637270223917461,1.42131515248602,3407708.589326801,64.83463830530444,98.34903299480426,19117.49229691017,52560.0,31536000.0,08-19,2023.0,8.0,0.0,0.0,15.0,30.0,20.0,15.0,Eplus-env-08-19_thermostat_rbc_eco_year_2023_case_8_rep_0_zone_0_onoffseed_15_tempseed_30_comforttemp_20_setbacktemp_15_paper2_final_runs_v4-res1
0,52261.30722811553,0.0,129634.20447627334,77372.89724815782,-85198.63363411829,-1.620978569903316,658.9952973310093,0.0125379622779872,-8612.292629081861,-0.1638564046628969,-19769.85891993028,-0.3761388683396171,-33831.36556171512,-0.6436713386932101,7.167047184170472,0.1638564046628969,1.0557468773981675,3383136.556171512,64.367133869321,97.3220514177204,8612.292629081861,52560.0,31536000.0,08-19,2022.0,8.0,0.0,0.0,15.0,15.0,20.0,15.0,Eplus-env-08-19_thermostat_rbc_eco_year_2022_case_8_rep_0_zone_0_onoffseed_15_tempseed_15_comforttemp_20_setbacktemp_15_paper2_final_runs_v4-res1
0,13096.171484154434,0.0,88616.4580797447,75520.28659559027,-45303.32700808043,-0.8619354453592167,579.2705806119219,0.0110211297681111,-64.51860511933415,-0.00122752292845,-17378.117418357655,-0.3306338930433344,-34524.830511774344,-0.6568651162818558,0.6506849315068494,0.00122752292845,0.0247462084435158,3452483.051177434,65.68651162818558,99.47039167804404,64.51860511933415,52560.0,31536000.0,08-19,2023.0,8.0,0.0,0.0,5.0,30.0,20.0,17.0,Eplus-env-08-19_thermostat_rbc_eco_year_2023_case_8_rep_0_zone_0_onoffseed_5_tempseed_30_comforttemp_20_setbacktemp_17_paper2_final_runs_v4-res1
0,44353.78710811773,0.0,112951.21412449364,68597.4270163759,-83350.2480265439,-1.5858114160301349,557.4864565057746,0.0106066677417384,-11949.883772111809,-0.2273569971862977,-16724.59369517324,-0.3182000322521545,-35114.53102128098,-0.6680846845753611,28.065068493150687,0.2273569971862977,0.5360454510540854,3511453.1021280983,66.80846845753612,101.32424277752884,11949.883772111809,52560.0,31536000.0,08-19,2022.0,8.0,0.0,0.0,5.0,42.0,20.0,15.0,Eplus-env-08-19_thermostat_rbc_eco_year_2022_case_8_rep_0_zone_0_onoffseed_5_tempseed_42_comforttemp_20_setbacktemp_15_paper2_final_runs_v4-res1
0,54740.4453948415,0.0,142733.93089796783,87993.48550312633,-441349.7488639174,-8.397065237136937,704.3949349447854,0.0134017301169099,-99515.34430310546,-1.893366520226512,-21131.848048343563,-0.4020519035072976,-297051.2461832922,-5.651659934994144,40.4699391171994,1.893366520226512,3.489179807972964,29705124.61832922,565.1659934994144,632.7700895864215,99515.34430310546,52560.0,31536000.0,08-19,2022.0,5.0,0.0,9.0,5.0,42.0,20.0,15.0,Eplus-env-08-19_thermostat_rbc_eco_year_2022_case_5_rep_0_zone_9_onoffseed_5_tempseed_42_comforttemp_20_setbacktemp_15_paper2_final_runs_v4-res1
0,20565.469517157937,0.0,118597.0998695232,98031.63035236526,-463748.9105369104,-8.823228891493729,776.7413535057507,0.014778184046913,-56032.807264157454,-1.0660731975676836,-23302.24060517252,-0.4433455214073919,-390891.49266076594,-7.437052752297678,16.862633181126334,1.0660731975676836,3.4120770408626098,39089149.2660766,743.7052752297678,812.8200718077586,56032.807264157454,52560.0,31536000.0,08-19,2023.0,7.0,0.0,0.0,15.0,30.0,20.0,13.0,Eplus-env-08-19_thermostat_rbc_eco_year_2023_case_7_rep_0_zone_0_onoffseed_15_tempseed_30_comforttemp_20_setbacktemp_13_paper2_final_runs_v4-res1
0,58764.71625681698,0.0,148448.32752553676,89683.61126871979,-511328.3108136105,-9.728468622785588,751.0832106674096,0.0142900154236569,-66672.14566952764,-1.2684959221751837,-22532.49632002229,-0.4287004627097087,-396580.75077438087,-7.545295867092483,27.935692541856927,1.2684959221751837,3.991792360533052,39658075.07743809,754.5295867092484,824.011419450684,66672.14566952764,52560.0,31536000.0,08-19,2022.0,7.0,0.0,0.0,15.0,42.0,20.0,13.0,Eplus-env-08-19_thermostat_rbc_eco_year_2022_case_7_rep_0_zone_0_onoffseed_15_tempseed_42_comforttemp_20_setbacktemp_13_paper2_final_runs_v4-res1
0,35657.24145673301,35190.93497221572,14456.246925304798,13989.9404407875,-70528.77126078436,-1.3418715993299917,1269.896670490029,0.0241608955572684,-7.340074088931448,-0.0001396513335032,-38096.90011470087,-0.7248268667180531,-41350.24195094215,-0.7867245424456268,0.0247336377473363,0.0001396513335032,0.0144378580961264,4135024.195094215,78.6724542445627,117.22404751683024,7.340074088931448,52560.0,31536000.0,08-19,2023.0,4.0,0.0,0.0,5.0,15.0,20.0,15.0,Eplus-env-08-19_thermostat_rbc_eco_year_2023_case_4_rep_0_zone_0_onoffseed_5_tempseed_15_comforttemp_20_setbacktemp_15_paper2_final_runs_v4-res1
0,20070.67606783494,0.0,112888.52969602108,92817.85362818616,-377382.992554087,-7.180041715260408,746.031516997904,0.0141939025304015,-75729.43013689466,-1.4408186860139776,-22380.94550993712,-0.4258170759120456,-285233.74232609663,-5.42682158154674,26.40791476407915,1.4408186860139776,4.289514304492655,28523374.232609667,542.682158154674,620.2119287073373,75729.43013689466,52560.0,31536000.0,08-19,2023.0,5.0,0.0,0.0,15.0,42.0,20.0,13.0,Eplus-env-08-19_thermostat_rbc_eco_year_2023_case_5_rep_0_zone_0_onoffseed_15_tempseed_42_comforttemp_20_setbacktemp_13_paper2_final_runs_v4-res1
0,15531.284736821784,15064.97825230448,14456.246925304798,13989.9404407875,-74389.71101268839,-1.4153293571668264,580.7370575441624,0.0110490307751933,-20363.4342277937,-0.387432158063046,-17422.111726324874,-0.3314709232558005,-41320.13274170078,-0.7861516883885231,23.89459665144597,0.387432158063046,0.9213333624711152,4132013.2741700783,78.61516883885233,117.8715424497984,20363.4342277937,52560.0,31536000.0,08-19,2023.0,4.0,0.0,9.0,5.0,42.0,18.0,17.0,Eplus-env-08-19_thermostat_rbc_eco_year_2023_case_4_rep_0_zone_9_onoffseed_5_tempseed_42_comforttemp_18_setbacktemp_17_paper2_final_runs_v4-res1
0,28865.1519179446,0.0,170503.64305394498,141638.49113600038,-291086.46152550523,-5.538174686558318,1086.8483734125862,0.0206782415032836,-13.3708327978327,-0.0002543917960013,-32605.451202377582,-0.6203472450985081,-267458.5099086369,-5.088632228094309,0.0399543378995433,0.0002543917960013,0.0181833044920947,26745850.99086369,508.86322280943097,597.930768381289,13.3708327978327,52560.0,31536000.0,08-19,2023.0,5.0,0.0,0.0,5.0,30.0,20.0,15.0,Eplus-env-08-19_thermostat_rbc_eco_year_2023_case_5_rep_0_zone_0_onoffseed_5_tempseed_30_comforttemp_20_setbacktemp_15_paper2_final_runs_v4-res1
0,35667.90235711552,35201.59587259822,14456.246925304798,13989.9404407875,-70536.63220256356,-1.3420211606271606,1270.1985321544694,0.0241666387396208,-5.988392285551061,-0.0001139344042152,-38105.95596463408,-0.724999162188624,-41350.732891921805,-0.7867338830274316,0.0228310502283105,0.0001139344042152,0.0124065089280449,4135073.28919218,78.67338830274315,117.22728302798424,5.988392285551061,52560.0,31536000.0,08-19,2023.0,4.0,0.0,0.0,5.0,15.0,20.0,17.0,Eplus-env-08-19_thermostat_rbc_eco_year_2023_case_4_rep_0_zone_0_onoffseed_5_tempseed_15_comforttemp_20_setbacktemp_17_paper2_final_runs_v4-res1
0,11038.44455107241,0.0,74730.61119688094,63692.16664580853,-53447.54355933288,-1.0168862929857854,497.132638394499,0.0094583835310977,-4334.890498237416,-0.0824750855829036,-14913.979151834968,-0.2837515059329331,-40082.101573863125,-0.7625970619075937,5.703957382039574,0.0824750855829036,0.5318279809874336,4008210.1573863127,76.25970619075937,113.94191016719046,4334.890498237416,52560.0,31536000.0,08-19,2023.0,9.0,0.0,0.0,15.0,15.0,20.0,17.0,Eplus-env-08-19_thermostat_rbc_eco_year_2023_case_9_rep_0_zone_0_onoffseed_15_tempseed_15_comforttemp_20_setbacktemp_17_paper2_final_runs_v4-res1
0,36533.46320977885,36533.46320977885,0.0,0.0,-537258.5558853331,-10.221814229173004,1180.4977858397435,0.0224600035357637,-104942.69696281158,-1.9966266545436,-35414.933575192306,-0.673800106072913,-402427.8326706015,-7.656541717477197,39.10007610350076,1.9966266545436,3.7742774257099936,40242783.26706015,765.6541717477198,823.9668630470374,104942.69696281158,52560.0,31536000.0,08-19,2023.0,2.0,0.0,9.0,5.0,42.0,20.0,13.0,Eplus-env-08-19_thermostat_rbc_eco_year_2023_case_2_rep_0_zone_9_onoffseed_5_tempseed_42_comforttemp_20_setbacktemp_13_paper2_final_runs_v4-res1
0,46531.70327065305,46531.70327065305,0.0,0.0,-484253.24736951885,-9.213341844929962,1501.5846577200596,0.0285689622853892,-103081.14553749132,-1.961209009465208,-45047.53973160178,-0.8570688685616777,-343104.5153863064,-6.527863686954079,40.38622526636225,1.961209009465208,3.5740854637009645,34310451.53863064,652.786368695408,716.151852773493,103081.14553749132,52560.0,31536000.0,08-19,2023.0,1.0,0.0,9.0,5.0,42.0,20.0,15.0,Eplus-env-08-19_thermostat_rbc_eco_year_2023_case_1_rep_0_zone_9_onoffseed_5_tempseed_42_comforttemp_20_setbacktemp_15_paper2_final_runs_v4-res1
0,23375.39430213994,0.0,156871.92450480527,133496.53020266534,-330045.3068205,-6.279400814697489,969.1994990146836,0.0184398687027146,-36428.89931780345,-0.6930916917390306,-29075.984970440502,-0.5531960610814404,-274492.9974241159,-5.222469509591246,13.8013698630137,0.6930916917390306,2.48966950264692,27449299.742411584,522.2469509591245,597.8826280818545,36428.89931780345,52560.0,31536000.0,08-19,2023.0,5.0,0.0,0.0,10.0,10.0,20.0,13.0,Eplus-env-08-19_thermostat_rbc_eco_year_2023_case_5_rep_0_zone_0_onoffseed_10_tempseed_10_comforttemp_20_setbacktemp_13_paper2_final_runs_v4-res1
0,30671.288516261066,0.0,186346.4729220121,155675.18440575112,-287239.3771878065,-5.464980540102863,1188.3721511499484,0.0226098202273582,-16.826525134821217,-0.0003201393671008,-35651.16453449845,-0.6782946068207467,-262130.3695275185,-4.987259694206974,0.0513698630136986,0.0003201393671008,0.0200817016842635,26213036.952751845,498.7259694206972,589.2897461970824,16.826525134821217,52560.0,31536000.0,08-19,2023.0,5.0,0.0,0.0,5.0,10.0,20.0,13.0,Eplus-env-08-19_thermostat_rbc_eco_year_2023_case_5_rep_0_zone_0_onoffseed_5_tempseed_10_comforttemp_20_setbacktemp_13_paper2_final_runs_v4-res1
0,17239.018246327312,16772.71176181001,14456.246925304798,13989.9404407875,-120123.2767275664,-2.285450470463592,637.0734618589961,0.0121208801723553,-65912.7855386161,-1.2540484311000015,-19112.20385576988,-0.3636264051706597,-40107.25036162993,-0.7630755396048312,36.26331811263318,1.2540484311000015,2.4172551326270293,4010725.036162993,76.30755396048312,114.51462080501938,65912.7855386161,52560.0,31536000.0,08-19,2023.0,4.0,0.0,9.0,5.0,42.0,21.0,17.0,Eplus-env-08-19_thermostat_rbc_eco_year_2023_case_4_rep_0_zone_9_onoffseed_5_tempseed_42_comforttemp_21_setbacktemp_17_paper2_final_runs_v4-res1
0,36245.56575602054,35779.259271503244,14456.246925304797,13989.9404407875,-73708.16288676455,-1.4023623075868443,1278.289080408148,0.024320568500916,-9277.953223251689,-0.1765211800466455,-38348.67241224444,-0.7296170550274816,-34777.712318512444,-0.6616764139747421,8.56544901065449,0.1765211800466455,0.8323299055484104,3477771.2318512443,66.16764139747421,100.13507445984436,9277.953223251689,52560.0,31536000.0,08-19,2023.0,3.0,0.0,0.0,10.0,10.0,20.0,13.0,Eplus-env-08-19_thermostat_rbc_eco_year_2023_case_3_rep_0_zone_0_onoffseed_10_tempseed_10_comforttemp_20_setbacktemp_13_paper2_final_runs_v4-res1
0,29945.93466825596,0.0,194960.9857952652,165015.0511270092,-394094.7760847077,-7.497998022920617,1242.745209532288,0.0236443152498532,-0.534671004977401,-1.0172583808550248e-05,-37282.35628596864,-0.7093294574955981,-369595.4722616024,-7.031877326133988,0.0038051750380517,1.0172583808550248e-05,0.0022928780971461,36959547.22616024,703.1877326133988,783.2134595066997,0.534671004977401,52560.0,31536000.0,08-19,2023.0,7.0,0.0,0.0,5.0,15.0,20.0,13.0,Eplus-env-08-19_thermostat_rbc_eco_year_2023_case_7_rep_0_zone_0_onoffseed_5_tempseed_15_comforttemp_20_setbacktemp_13_paper2_final_runs_v4-res1
0,74046.11721746862,74046.11721746862,0.0,0.0,-569249.5736769461,-10.83047134088558,1431.7888415611078,0.0272410357983468,-107711.37195970785,-2.0493031194769373,-42953.665246833225,-0.8172310739504038,-400961.0732216271,-7.628635335266877,41.43835616438356,2.0493031194769373,3.693365430295056,40096107.32216271,762.8635335266878,822.7225774369819,107711.37195970785,52560.0,31536000.0,08-19,2022.0,2.0,0.0,9.0,5.0,42.0,21.0,15.0,Eplus-env-08-19_thermostat_rbc_eco_year_2022_case_2_rep_0_zone_9_onoffseed_5_tempseed_42_comforttemp_21_setbacktemp_15_paper2_final_runs_v4-res1
0,85190.24575433039,0.0,218960.1967823385,133769.95102800807,-385238.7662407317,-7.329504684945428,1083.1097120530756,0.0206071101988789,0.0,0.0,-32493.29136159228,-0.6182133059663675,-315544.626189114,-6.003512674830936,0.0,0.0,0.0,31554462.6189114,600.3512674830936,686.5942341956637,0.0,52560.0,31536000.0,08-19,2022.0,11.0,0.0,0.0,5.0,10.0,20.0,17.0,Eplus-env-08-19_thermostat_rbc_eco_year_2022_case_11_rep_0_zone_0_onoffseed_5_tempseed_10_comforttemp_20_setbacktemp_17_paper2_final_runs_v4-res1
0,58769.38490512354,0.0,151583.02901933517,92813.6441142116,-435020.04991746,-8.276637174989725,737.8776831390201,0.0140387687050802,-120.9841601124919,-0.0023018295302985,-22136.330494170605,-0.4211630611524087,-386819.8319664659,-7.3595858441108435,17.003424657534246,0.0023018295302985,0.0179444167206656,38681983.1966466,735.9585844110845,811.3505507584078,120.9841601124919,52560.0,31536000.0,08-19,2022.0,12.0,0.0,0.0,5.0,42.0,20.0,13.0,Eplus-env-08-19_thermostat_rbc_eco_year_2022_case_12_rep_0_zone_0_onoffseed_5_tempseed_42_comforttemp_20_setbacktemp_13_paper2_final_runs_v4-res1
0,35794.293788883835,35327.987304366536,14456.246925304797,13989.9404407875,-64651.35894969787,-1.2300486862575697,1255.2281487264408,0.0238818140929688,-154.62965890073048,-0.0029419645909575,-37656.844461793225,-0.7164544227890645,-35213.41754211128,-0.6699660871786773,1.5125570776255708,0.0029419645909575,0.0482388052804193,3521341.754211128,66.99660871786773,101.3497143142961,154.62965890073048,52560.0,31536000.0,08-19,2023.0,3.0,0.0,0.0,5.0,30.0,20.0,13.0,Eplus-env-08-19_thermostat_rbc_eco_year_2023_case_3_rep_0_zone_0_onoffseed_5_tempseed_30_comforttemp_20_setbacktemp_13_paper2_final_runs_v4-res1
0,30799.63094455196,30333.324460034662,14456.246925304797,13989.9404407875,-75314.04060116824,-1.432915536551907,1085.4064212407525,0.0206508071012319,-14882.381559188012,-0.2831503340789195,-32562.19263722257,-0.6195242130369591,-35234.48096624224,-0.6703668372572725,29.62709284627093,0.2831503340789195,0.6622378755368304,3523448.096624224,67.03668372572724,101.70078152772382,14882.381559188012,52560.0,31536000.0,08-19,2023.0,3.0,0.0,0.0,5.0,42.0,20.0,13.0,Eplus-env-08-19_thermostat_rbc_eco_year_2023_case_3_rep_0_zone_0_onoffseed_5_tempseed_42_comforttemp_20_setbacktemp_13_paper2_final_runs_v4-res1
0,42259.02714887729,42259.02714887729,0.0,0.0,-535712.6789613593,-10.192402567757975,1386.4279628225026,0.0263780053809456,-103676.1203043688,-1.972528925121172,-41592.83888467508,-0.791340161428369,-397464.448546494,-7.562108990610617,39.16476407914764,1.972528925121172,3.8024027035699377,39746444.8546494,756.2108990610616,813.2724397835292,103676.1203043688,52560.0,31536000.0,08-19,2023.0,2.0,0.0,9.0,5.0,42.0,21.0,13.0,Eplus-env-08-19_thermostat_rbc_eco_year_2023_case_2_rep_0_zone_9_onoffseed_5_tempseed_42_comforttemp_21_setbacktemp_13_paper2_final_runs_v4-res1
0,14313.120293837845,0.0,35784.65474388851,21471.53445005067,-98847.1407806933,-1.8806533634074067,176.8416764056667,0.0033645676637303,-46373.65235618619,-0.8822993218452472,-5305.250292170002,-0.1009370299119102,-40763.92471211837,-0.7755693438378686,32.09284627092846,0.8822993218452472,1.834569201754927,4076392.471211837,77.55693438378685,116.29244021257745,46373.65235618619,52560.0,31536000.0,08-19,2022.0,14.0,0.0,9.0,5.0,42.0,20.0,17.0,Eplus-env-08-19_thermostat_rbc_eco_year_2022_case_14_rep_0_zone_9_onoffseed_5_tempseed_42_comforttemp_20_setbacktemp_17_paper2_final_runs_v4-res1
0,22047.877092029863,0.0,56791.737457788295,34743.86036575843,-59508.019519465786,-1.1321921521968377,274.2535987100781,0.0052179147395372,-139.86461454082638,-0.0026610466997874,-8227.607961302343,-0.1565374421861176,-41330.78665593534,-0.7863543884310377,0.6678082191780822,0.0026610466997874,0.0606984972561303,4133078.665593533,78.63543884310376,117.63968742323644,139.86461454082638,52560.0,31536000.0,08-19,2022.0,14.0,0.0,0.0,5.0,30.0,20.0,17.0,Eplus-env-08-19_thermostat_rbc_eco_year_2022_case_14_rep_0_zone_0_onoffseed_5_tempseed_30_comforttemp_20_setbacktemp_17_paper2_final_runs_v4-res1
0,21926.45297887215,0.0,143145.3437910881,121218.89081221596,-418139.03195192455,-7.955461034092933,902.1865709512148,0.0171648890972453,-19899.31252439457,-0.3786018364610838,-27065.597128536443,-0.5149466729173601,-380301.6882455148,-7.235572455203858,11.626712328767123,0.3786018364610838,1.4128745896007606,38030168.82455148,723.5572455203858,791.5514752300115,19899.31252439457,52560.0,31536000.0,08-19,2023.0,12.0,0.0,0.0,10.0,15.0,20.0,17.0,Eplus-env-08-19_thermostat_rbc_eco_year_2023_case_12_rep_0_zone_0_onoffseed_10_tempseed_15_comforttemp_20_setbacktemp_17_paper2_final_runs_v4-res1
0,68852.37927894309,0.0,172215.01723728285,103362.63795833976,-403284.6460894821,-7.672843342646159,880.6322979532683,0.0167548001893696,-61659.75856622146,-1.1731308707424175,-26418.96893859805,-0.5026440056810892,-285296.7560351573,-5.428020472510603,17.442922374429223,1.1731308707424175,3.8325406248878697,28529675.603515733,542.8020472510603,620.883108106945,61659.75856622146,52560.0,31536000.0,08-19,2022.0,5.0,0.0,0.0,15.0,30.0,20.0,13.0,Eplus-env-08-19_thermostat_rbc_eco_year_2022_case_5_rep_0_zone_0_onoffseed_15_tempseed_30_comforttemp_20_setbacktemp_13_paper2_final_runs_v4-res1
0,90680.39513806482,0.0,231165.5616954281,140485.16655736326,-346010.122583364,-6.583145406837215,1150.401668181801,0.0218873985574924,-87.18860604545795,-0.0016588395366335,-34512.05004545403,-0.6566219567247723,-271737.3027148677,-5.170040005990635,0.1598173515981735,0.0016588395366335,0.0626010843109042,27173730.27148677,517.0040005990635,605.546036967011,87.18860604545795,52560.0,31536000.0,08-19,2022.0,5.0,0.0,0.0,5.0,30.0,20.0,15.0,Eplus-env-08-19_thermostat_rbc_eco_year_2022_case_5_rep_0_zone_0_onoffseed_5_tempseed_30_comforttemp_20_setbacktemp_15_paper2_final_runs_v4-res1
0,12218.869492992177,0.0,92458.6436595346,80239.77416654241,-51724.36681958123,-0.9841013474045136,588.8948413140615,0.0112042397510285,-7851.956071488676,-0.1493903362155379,-17666.845239421848,-0.336127192530857,-33876.15361587566,-0.644523470621683,8.17732115677321,0.1493903362155379,0.7256026117412626,3387615.361587566,64.4523470621683,97.64107860716004,7851.956071488676,52560.0,31536000.0,08-19,2023.0,8.0,0.0,0.0,10.0,10.0,20.0,15.0,Eplus-env-08-19_thermostat_rbc_eco_year_2023_case_8_rep_0_zone_0_onoffseed_10_tempseed_10_comforttemp_20_setbacktemp_15_paper2_final_runs_v4-res1
0,21678.5154831496,0.0,56751.44160888279,35072.92612573319,-63518.56642951157,-1.2084963171520464,276.92750080736425,0.0052687880671111,-4957.037337059031,-0.0943119736883377,-8307.825024220929,-0.1580636420133357,-40826.33557568783,-0.7767567651386573,6.478310502283105,0.0943119736883377,0.5263540528957448,4082633.557568784,77.67567651386574,116.17498561824112,4957.037337059031,52560.0,31536000.0,08-19,2022.0,14.0,0.0,0.0,10.0,10.0,20.0,17.0,Eplus-env-08-19_thermostat_rbc_eco_year_2022_case_14_rep_0_zone_0_onoffseed_10_tempseed_10_comforttemp_20_setbacktemp_17_paper2_final_runs_v4-res1
0,22086.86887081804,0.0,143755.15571611334,121668.28684529528,-340975.930871956,-6.487365503652131,895.1359283024117,0.017030744450198,-44590.51865671074,-0.8483736426314828,-26854.07784907236,-0.5109223335059428,-278316.144792029,-5.295208234247127,14.775494672754949,0.8483736426314828,2.851814248245274,27831614.4792029,529.5208234247127,605.2238891524088,44590.51865671074,52560.0,31536000.0,08-19,2023.0,5.0,0.0,0.0,10.0,30.0,20.0,13.0,Eplus-env-08-19_thermostat_rbc_eco_year_2023_case_5_rep_0_zone_0_onoffseed_10_tempseed_30_comforttemp_20_setbacktemp_13_paper2_final_runs_v4-res1
0,108562.44222375858,0.0,276961.3712462988,168398.92902254016,-399950.112131013,-7.609400915734647,1377.3510186450276,0.026205308573916,-8.280208276836007,-0.0001575382092244,-41320.53055935082,-0.7861592572174815,-311126.89793947927,-5.919461528528905,0.0323439878234398,0.0001575382092244,0.0109310149043691,31112689.79394793,591.9461528528906,677.9943326489321,8.280208276836007,52560.0,31536000.0,08-19,2022.0,6.0,0.0,0.0,5.0,15.0,20.0,15.0,Eplus-env-08-19_thermostat_rbc_eco_year_2022_case_6_rep_0_zone_0_onoffseed_5_tempseed_15_comforttemp_20_setbacktemp_15_paper2_final_runs_v4-res1
0,91977.90444487124,0.0,249895.4532123076,157917.54876743632,-370236.8143513944,-7.04407942068863,1266.2748513323218,0.0240919872780122,-22557.17677630821,-0.4291700299906432,-37988.24553996965,-0.7227596183403662,-272432.51394873695,-5.183267008157095,11.461187214611872,0.4291700299906432,1.619081589520792,27243251.394873694,518.3267008157095,597.1943071200744,22557.17677630821,52560.0,31536000.0,08-19,2022.0,5.0,0.0,0.0,10.0,15.0,20.0,17.0,Eplus-env-08-19_thermostat_rbc_eco_year_2022_case_5_rep_0_zone_0_onoffseed_10_tempseed_15_comforttemp_20_setbacktemp_17_paper2_final_runs_v4-res1
0,23274.82438219176,0.0,148912.27905838052,125637.4546761888,-338773.0807276663,-6.445454351744032,934.9418568809292,0.0177880870791653,-42196.84712529961,-0.8028319468283792,-28048.25570642788,-0.5336426123749596,-277535.09977529565,-5.280348169240785,14.501522070015222,0.8028319468283792,2.6478087426609576,27753509.977529567,528.0348169240785,605.1256894294999,42196.84712529961,52560.0,31536000.0,08-19,2023.0,5.0,0.0,0.0,10.0,30.0,20.0,15.0,Eplus-env-08-19_thermostat_rbc_eco_year_2023_case_5_rep_0_zone_0_onoffseed_10_tempseed_30_comforttemp_20_setbacktemp_15_paper2_final_runs_v4-res1
0,16510.367081816115,0.0,107632.87767985812,91122.51059804202,-397087.9697296736,-7.554946151630016,701.4525972409448,0.013345749566989,-107.05702985763654,-0.0020368536883111,-21043.577917228344,-0.4003724870096717,-383473.7813901823,-7.295924303466177,15.656392694063928,0.0020368536883111,0.0121534924168857,38347378.13901822,729.5924303466177,805.6988638368429,107.05702985763654,52560.0,31536000.0,08-19,2023.0,12.0,0.0,0.0,5.0,42.0,20.0,13.0,Eplus-env-08-19_thermostat_rbc_eco_year_2023_case_12_rep_0_zone_0_onoffseed_5_tempseed_42_comforttemp_20_setbacktemp_13_paper2_final_runs_v4-res1
0,86131.64263936749,0.0,223671.1130764175,137539.47043705,-443280.80780585937,-8.433805323551358,1098.5558120595183,0.0209009857697777,-0.7756753538910601,-1.47579024712911e-05,-32956.674361785546,-0.6270295730933323,-372815.7352872389,-7.0931456485395525,0.0038051750380517,1.47579024712911e-05,0.0024583900972635,37281573.528723896,709.3145648539554,788.6802882050771,0.7756753538910601,52560.0,31536000.0,08-19,2022.0,12.0,0.0,0.0,5.0,15.0,20.0,13.0,Eplus-env-08-19_thermostat_rbc_eco_year_2022_case_12_rep_0_zone_0_onoffseed_5_tempseed_15_comforttemp_20_setbacktemp_13_paper2_final_runs_v4-res1
0,21481.923427968348,0.0,143769.97739635373,122288.05396838536,-363456.23684849,-6.915072999400495,897.166485142182,0.0170693775711982,-25692.32545576624,-0.4888189774689162,-26914.994554265453,-0.5120813271359484,-320189.5498363029,-6.091886412410633,11.948249619482496,0.4888189774689162,1.91523557515024,32018954.98363029,609.1886412410634,679.9687257010138,25692.32545576624,52560.0,31536000.0,08-19,2023.0,11.0,0.0,0.0,10.0,15.0,20.0,13.0,Eplus-env-08-19_thermostat_rbc_eco_year_2023_case_11_rep_0_zone_0_onoffseed_10_tempseed_15_comforttemp_20_setbacktemp_13_paper2_final_runs_v4-res1
0,109378.9746637068,109378.9746637068,0.0,0.0,-343105.8479781868,-6.527889040680875,3685.5002450547454,0.0701198676760796,0.0,0.0,-110565.00735164236,-2.103596030282389,-253622.90880580829,-4.825397808329686,0.0,0.0,0.0,25362290.88058083,482.53978083296863,578.2559598011264,0.0,52560.0,31536000.0,08-18,2023.0,0.0,0.0,0.0,5.0,15.0,20.0,15.0,Eplus-env-08-18_thermostat_rbc_eco_year_2023_case_0_rep_0_zone_0_onoffseed_5_tempseed_15_comforttemp_20_setbacktemp_15_paper2_final_runs_v4-res1
0,141368.25252015685,141368.25252015685,0.0,0.0,-385460.9705346131,-7.333732316107556,2834.651902523495,0.0539317333052415,0.0,0.0,-85039.55707570483,-1.6179519991572455,-269807.6031478728,-5.133325782874292,0.0,0.0,0.0,26980760.31478728,513.3325782874292,605.7058705238821,0.0,52560.0,31536000.0,08-18,2022.0,0.0,0.0,0.0,5.0,30.0,20.0,17.0,Eplus-env-08-18_thermostat_rbc_eco_year_2022_case_0_rep_0_zone_0_onoffseed_5_tempseed_30_comforttemp_20_setbacktemp_17_paper2_final_runs_v4-res1
0,55248.27512887282,55248.27512887282,0.0,0.0,-503902.52483986056,-9.587186545659447,1808.5437366996644,0.034409127410572,-67219.80647025962,-1.2789156482165072,-54256.312100989926,-1.03227382231716,-391484.1044866701,-7.448327710933602,23.85844748858448,1.2789156482165072,3.779031332156831,39148410.44866701,744.8327710933602,817.953746124009,67219.80647025962,52560.0,31536000.0,08-19,2023.0,2.0,0.0,0.0,15.0,42.0,20.0,15.0,Eplus-env-08-19_thermostat_rbc_eco_year_2023_case_2_rep_0_zone_0_onoffseed_15_tempseed_42_comforttemp_20_setbacktemp_15_paper2_final_runs_v4-res1
0,67958.81921852723,0.0,171614.41687154875,103655.5976530215,-496349.80401696777,-9.44348942193622,861.9064674737571,0.0163985248758325,-48494.49643093211,-0.9226502365093628,-25857.19402421271,-0.4919557462749754,-392258.1975833585,-7.463055509576836,26.371765601217657,0.9226502365093628,2.707472195239518,39225819.75833585,746.3055509576836,821.7337108087892,48494.49643093211,52560.0,31536000.0,08-19,2022.0,7.0,0.0,0.0,15.0,42.0,20.0,17.0,Eplus-env-08-19_thermostat_rbc_eco_year_2022_case_7_rep_0_zone_0_onoffseed_15_tempseed_42_comforttemp_20_setbacktemp_17_paper2_final_runs_v4-res1
0,26598.84980333015,0.0,153560.1476531579,126961.29784982774,-399495.9227968054,-7.600759566149265,997.6449088333964,0.0189810675196612,0.0,0.0,-29929.34726500189,-0.5694320255898381,-377735.4037727011,-7.186746647121406,0.0,0.0,0.0,37773540.37727011,718.6746647121406,798.534329003566,0.0,52560.0,31536000.0,08-19,2023.0,7.0,0.0,0.0,5.0,30.0,20.0,17.0,Eplus-env-08-19_thermostat_rbc_eco_year_2023_case_7_rep_0_zone_0_onoffseed_5_tempseed_30_comforttemp_20_setbacktemp_17_paper2_final_runs_v4-res1
0,47269.6144307499,0.0,129774.20709676723,82504.59266601734,-479880.2661179403,-9.130142049428088,634.2233967067506,0.0120666551884846,-47052.55302160814,-0.8952160011721487,-19026.70190120252,-0.361999655654538,-394156.4415305357,-7.499171261996493,25.78006088280061,0.8952160011721487,3.067566974103682,39415644.15305357,749.9171261996493,816.9669505332586,47052.55302160814,52560.0,31536000.0,08-19,2022.0,12.0,0.0,0.0,10.0,42.0,20.0,13.0,Eplus-env-08-19_thermostat_rbc_eco_year_2022_case_12_rep_0_zone_0_onoffseed_10_tempseed_42_comforttemp_20_setbacktemp_13_paper2_final_runs_v4-res1
0,20830.600474193765,0.0,126655.65668694107,105825.0562127473,-394842.3155968439,-7.512220616378308,827.7374298288722,0.0157484290302296,0.0,0.0,-24832.122894866166,-0.4724528709068905,-377800.801348906,-7.187990893244025,0.0,0.0,0.0,37780080.1348906,718.7990893244026,798.6607842655719,0.0,52560.0,31536000.0,08-19,2023.0,12.0,0.0,0.0,5.0,30.0,20.0,17.0,Eplus-env-08-19_thermostat_rbc_eco_year_2023_case_12_rep_0_zone_0_onoffseed_5_tempseed_30_comforttemp_20_setbacktemp_17_paper2_final_runs_v4-res1
0,33012.13428615191,33012.13428615191,0.0,0.0,-528264.676431445,-10.050697801207098,1057.7725140507118,0.020125047832015,-95552.88633574104,-1.8179772894927897,-31733.175421521355,-0.6037514349604519,-405704.56303620327,-7.718884380445267,36.85692541856925,1.8179772894927897,3.5393091108636967,40570456.30362032,771.8884380445265,831.5324123696666,95552.88633574104,52560.0,31536000.0,08-19,2023.0,2.0,0.0,9.0,5.0,42.0,19.0,13.0,Eplus-env-08-19_thermostat_rbc_eco_year_2023_case_2_rep_0_zone_9_onoffseed_5_tempseed_42_comforttemp_19_setbacktemp_13_paper2_final_runs_v4-res1
0,28913.65386261762,0.0,72309.60672071137,43395.95285809376,-97763.40298710138,-1.8600343034075604,358.60849412759774,0.0068228404514383,-32948.57392518253,-0.6268754551975367,-10758.254823827932,-0.2046852135431494,-41160.56883691138,-0.7831158454511297,27.631278538812783,0.6268754551975367,1.3910665355544434,4116056.8836911377,78.31158454511296,117.38962223499088,32948.57392518253,52560.0,31536000.0,08-19,2022.0,9.0,0.0,9.0,5.0,42.0,19.0,17.0,Eplus-env-08-19_thermostat_rbc_eco_year_2022_case_9_rep_0_zone_9_onoffseed_5_tempseed_42_comforttemp_19_setbacktemp_17_paper2_final_runs_v4-res1
0,9986.800433487031,0.0,68268.50375623736,58281.70332275031,-56101.737544257696,-1.0673846564737004,455.64009907139246,0.0086689516566094,-7568.031479644176,-0.1439884223676593,-13669.202972141777,-0.2600685496982834,-40363.50462997778,-0.7679510013313886,8.776636225266362,0.1439884223676593,0.7023305467672124,4036350.462997779,76.79510013313886,114.86081916511178,7568.031479644176,52560.0,31536000.0,08-19,2023.0,9.0,0.0,0.0,15.0,10.0,20.0,17.0,Eplus-env-08-19_thermostat_rbc_eco_year_2023_case_9_rep_0_zone_0_onoffseed_15_tempseed_10_comforttemp_20_setbacktemp_17_paper2_final_runs_v4-res1
0,25633.17439063226,0.0,161690.70704801223,136057.53265737998,-429579.03787824494,-8.173117159022926,1012.577524735556,0.0192651736060798,-25645.03716741613,-0.4879192763968061,-30377.32574206668,-0.577955208182395,-382963.50074185256,-7.286215767539052,12.88812785388128,0.4879192763968061,1.680284599307179,38296350.07418525,728.6215767539051,798.5826314395348,25645.03716741613,52560.0,31536000.0,08-19,2023.0,7.0,0.0,0.0,10.0,10.0,20.0,17.0,Eplus-env-08-19_thermostat_rbc_eco_year_2023_case_7_rep_0_zone_0_onoffseed_10_tempseed_10_comforttemp_20_setbacktemp_17_paper2_final_runs_v4-res1
0,5287.730545592183,0.0,31844.35740756468,26556.62686197249,-58594.01611082374,-1.114802437420543,213.1071489843192,0.0040545500187275,-13677.304515561482,-0.2602226886522352,-6393.2144695295765,-0.121636500561826,-40590.819235913295,-0.7722758606528405,11.556316590563169,0.2602226886522352,1.0718966564146344,4059081.9235913297,77.22758606528406,115.6273163096766,13677.304515561482,52560.0,31536000.0,08-19,2023.0,14.0,0.0,0.0,15.0,30.0,20.0,13.0,Eplus-env-08-19_thermostat_rbc_eco_year_2023_case_14_rep_0_zone_0_onoffseed_15_tempseed_30_comforttemp_20_setbacktemp_13_paper2_final_runs_v4-res1
0,12831.016475634578,12364.70999111728,14456.246925304798,13989.9404407875,-123395.52239177584,-2.3477078080627063,501.0855931187089,0.0095335919543133,-72837.25976992224,-1.3857926135829954,-15032.56779356127,-0.2860077586294001,-40061.20804313696,-0.7621995441997137,35.532724505327245,1.3857926135829954,2.922246065428876,4006120.804313696,76.21995441997137,114.4181207006609,72837.25976992224,52560.0,31536000.0,08-19,2023.0,4.0,0.0,9.0,5.0,42.0,21.0,13.0,Eplus-env-08-19_thermostat_rbc_eco_year_2023_case_4_rep_0_zone_9_onoffseed_5_tempseed_42_comforttemp_21_setbacktemp_13_paper2_final_runs_v4-res1
0,145061.01129037733,145061.01129037733,0.0,0.0,-416818.6308087657,-7.930339246742117,2974.881155182805,0.0565997175643608,-27892.499389842586,-0.5306792121355134,-89246.43465548412,-1.697991526930824,-270251.7180822655,-5.141775458186178,11.50875190258752,0.5306792121355134,2.093459485447508,27025171.808226548,514.1775458186178,594.6941297465814,27892.499389842586,52560.0,31536000.0,08-18,2022.0,0.0,0.0,0.0,10.0,15.0,20.0,15.0,Eplus-env-08-18_thermostat_rbc_eco_year_2022_case_0_rep_0_zone_0_onoffseed_10_tempseed_15_comforttemp_20_setbacktemp_15_paper2_final_runs_v4-res1
0,134649.233459543,134649.233459543,0.0,0.0,-426660.7249993219,-8.117593702422411,2768.293918411196,0.0526692145816437,-41426.768993267,-0.788180536401579,-83048.81755233585,-1.580076437449312,-275077.4181128028,-5.233588624672808,13.810882800608828,0.788180536401579,2.95830373984566,27507741.81128028,523.3588624672808,605.9537867994924,41426.768993267,52560.0,31536000.0,08-18,2022.0,0.0,0.0,0.0,15.0,15.0,20.0,13.0,Eplus-env-08-18_thermostat_rbc_eco_year_2022_case_0_rep_0_zone_0_onoffseed_15_tempseed_15_comforttemp_20_setbacktemp_13_paper2_final_runs_v4-res1
0,75024.71028650655,75024.71028650655,0.0,0.0,-333507.07109710725,-6.3452639097623145,2469.905828242382,0.0469921200198322,-99.79381521532576,-0.0018986646730465,-74097.17484727145,-1.4097636005949667,-272029.5617965009,-5.175600490801006,12.119482496194824,0.0018986646730465,0.0116092397211326,27202956.179650087,517.5600490801006,605.6222984544283,99.79381521532576,52560.0,31536000.0,08-18,2023.0,0.0,0.0,0.0,5.0,42.0,20.0,13.0,Eplus-env-08-18_thermostat_rbc_eco_year_2023_case_0_rep_0_zone_0_onoffseed_5_tempseed_42_comforttemp_20_setbacktemp_13_paper2_final_runs_v4-res1
0,1065.300185872679,0.0,10554.546006864495,9489.245820991817,-81820.68497675988,-1.5567101403493129,73.83697798972152,0.0014048131276583,-40098.89574279886,-0.762916585669689,-2215.1093396916453,-0.0421443938297497,-40850.26715189858,-0.7772120843207493,26.49923896499239,0.762916585669689,1.837236588668505,4085026.7151898574,77.72120843207493,116.73541894763652,40098.89574279886,52560.0,31536000.0,08-19,2023.0,14.0,0.0,9.0,5.0,42.0,18.0,13.0,Eplus-env-08-19_thermostat_rbc_eco_year_2023_case_14_rep_0_zone_9_onoffseed_5_tempseed_42_comforttemp_18_setbacktemp_13_paper2_final_runs_v4-res1
0,19264.849731935046,0.0,49510.27239026366,30245.42265832861,-66383.3229772061,-1.263000817678959,237.8335197324884,0.0045249908624902,-9184.583806408296,-0.1747447451751959,-7135.005591974653,-0.135749725874708,-41438.16560510173,-0.7883973669159386,25.998858447488583,0.1747447451751959,0.4278229041759603,4143816.560510173,78.83973669159386,118.1108061279743,9184.583806408296,52560.0,31536000.0,08-19,2022.0,14.0,0.0,0.0,5.0,42.0,20.0,13.0,Eplus-env-08-19_thermostat_rbc_eco_year_2022_case_14_rep_0_zone_0_onoffseed_5_tempseed_42_comforttemp_20_setbacktemp_13_paper2_final_runs_v4-res1
0,25116.714050238865,0.0,65011.8980320385,39895.18398179963,-81590.36793915372,-1.5523281571376275,318.6778223569007,0.0060631244740658,-26012.293126579047,-0.4949066424387185,-9560.33467070702,-0.1818937342219753,-35030.09104807426,-0.6664781401840613,30.072298325722983,0.4949066424387185,1.3356158534764258,3503009.1048074267,66.64781401840614,101.21530078496605,26012.293126579047,52560.0,31536000.0,08-19,2022.0,13.0,0.0,0.0,10.0,42.0,20.0,17.0,Eplus-env-08-19_thermostat_rbc_eco_year_2022_case_13_rep_0_zone_0_onoffseed_10_tempseed_42_comforttemp_20_setbacktemp_17_paper2_final_runs_v4-res1
0,150714.5057880035,150714.5057880035,0.0,0.0,-415457.4466223988,-7.904441526301347,3076.185677187427,0.0585271247562295,-23258.35779106809,-0.4425106124632438,-92285.5703156228,-1.7558137426868876,-268899.5516461651,-5.116049308336474,11.491628614916284,0.4425106124632438,1.663909372034292,26889955.164616503,511.6049308336473,594.5058111023301,23258.35779106809,52560.0,31536000.0,08-18,2022.0,0.0,0.0,0.0,10.0,15.0,20.0,17.0,Eplus-env-08-18_thermostat_rbc_eco_year_2022_case_0_rep_0_zone_0_onoffseed_10_tempseed_15_comforttemp_20_setbacktemp_17_paper2_final_runs_v4-res1
0,95502.22693937876,95502.22693937876,0.0,0.0,-440547.14511993993,-8.381794998476787,1884.696290305677,0.0358579963908994,-74500.09384445744,-1.4174294871472115,-56540.8887091703,-1.0757398917269845,-287916.67941637663,-5.477866807769723,25.18074581430746,1.4174294871472115,4.3826295363344965,28791667.941637665,547.7866807769723,627.5267626602823,74500.09384445744,52560.0,31536000.0,08-18,2022.0,0.0,0.0,0.0,15.0,42.0,20.0,13.0,Eplus-env-08-18_thermostat_rbc_eco_year_2022_case_0_rep_0_zone_0_onoffseed_15_tempseed_42_comforttemp_20_setbacktemp_13_paper2_final_runs_v4-res1
0,27461.470431734226,0.0,67506.43619578597,40044.96576405174,-74392.16249551198,-1.415375998773059,335.54573265884005,0.006384051230191,-17391.292075262492,-0.3308845524212803,-10066.3719797652,-0.1915215369057306,-34534.6414600477,-0.6570517781592028,11.74847792998478,0.3308845524212803,1.3355449298425774,3453464.14600477,65.70517781592028,99.56494977119516,17391.292075262492,52560.0,31536000.0,08-19,2022.0,13.0,0.0,0.0,15.0,30.0,20.0,17.0,Eplus-env-08-19_thermostat_rbc_eco_year_2022_case_13_rep_0_zone_0_onoffseed_15_tempseed_30_comforttemp_20_setbacktemp_17_paper2_final_runs_v4-res1
0,7805.49157396249,0.0,52519.77072104648,44714.279147084,-52785.83252166481,-1.004296661371096,341.4979616194306,0.006497297595499,-12122.718517968786,-0.2306453294895126,-10244.93884858292,-0.1949189278649718,-34277.44134703731,-0.6521583209101467,10.28158295281583,0.2306453294895126,0.9436231176807568,3427744.134703731,65.21583209101468,99.0253184014184,12122.718517968786,52560.0,31536000.0,08-19,2023.0,13.0,0.0,0.0,10.0,30.0,20.0,17.0,Eplus-env-08-19_thermostat_rbc_eco_year_2023_case_13_rep_0_zone_0_onoffseed_10_tempseed_30_comforttemp_20_setbacktemp_17_paper2_final_runs_v4-res1
0,3299.2367280991257,0.0,27772.79825217392,24473.56152407479,-117823.02311657253,-2.2416861323548805,181.8782340526925,0.0034603925809111,-81909.97658495564,-1.5584089913423829,-5456.347021580775,-0.1038117774273359,-33213.94096435895,-0.6319242953645159,36.67617960426179,1.5584089913423829,3.126910453656969,3321394.096435895,63.192429536451584,96.24346660952922,81909.97658495564,52560.0,31536000.0,08-19,2023.0,13.0,0.0,9.0,5.0,42.0,21.0,13.0,Eplus-env-08-19_thermostat_rbc_eco_year_2023_case_13_rep_0_zone_9_onoffseed_5_tempseed_42_comforttemp_21_setbacktemp_13_paper2_final_runs_v4-res1
0,39514.8223267041,0.0,98109.42336358118,58594.60103687707,-82324.11309673393,-1.5662883009272055,497.30676718759446,0.0094616964837822,-9220.749070548078,-0.1754328209769421,-14919.203015627834,-0.2838508945134672,-40776.28788070924,-0.7758045639404346,8.616818873668189,0.1754328209769421,0.9723617578739076,4077628.788070922,77.58045639404344,115.9893347782946,9220.749070548078,52560.0,31536000.0,08-19,2022.0,9.0,0.0,0.0,15.0,10.0,20.0,15.0,Eplus-env-08-19_thermostat_rbc_eco_year_2022_case_9_rep_0_zone_0_onoffseed_15_tempseed_10_comforttemp_20_setbacktemp_15_paper2_final_runs_v4-res1
0,78182.0016208593,0.0,201850.79617072968,123668.79454987038,-323563.28373680846,-6.156074652526797,1000.1393061030626,0.0190285256107888,-0.2999196825811907,-5.706234447891757e-06,-30004.17918309188,-0.5708557683236658,-259602.28829110085,-4.939160736132056,0.0019025875190258,5.706234447891757e-06,0.0013081970276812,25960228.82911009,493.9160736132056,584.8637755460896,0.2999196825811907,52560.0,31536000.0,08-19,2022.0,10.0,0.0,0.0,5.0,15.0,20.0,13.0,Eplus-env-08-19_thermostat_rbc_eco_year_2022_case_10_rep_0_zone_0_onoffseed_5_tempseed_15_comforttemp_20_setbacktemp_13_paper2_final_runs_v4-res1
0,22789.54359109579,0.0,55768.97002930431,32979.42643820852,-87384.6001097367,-1.6625684952385216,276.1523488390491,0.0052540401225085,-33975.39791004391,-0.6464116801758735,-8284.570465171475,-0.1576212036752563,-34765.07658781734,-0.6614360081395994,29.63850837138509,0.6464116801758735,2.01397542822938,3476507.6587817343,66.14360081395994,100.33752273315896,33975.39791004391,52560.0,31536000.0,08-19,2022.0,13.0,0.0,0.0,15.0,42.0,20.0,13.0,Eplus-env-08-19_thermostat_rbc_eco_year_2022_case_13_rep_0_zone_0_onoffseed_15_tempseed_42_comforttemp_20_setbacktemp_13_paper2_final_runs_v4-res1
0,58970.41421014384,48981.70435491904,23978.650296012293,13989.9404407875,-94216.15040712622,-1.7925447185526298,1119.854546451071,0.0213062128320218,-4775.893564308488,-0.0908655548764933,-33595.63639353213,-0.6391863849606569,-41196.56097749906,-0.7838006274257812,5.462328767123288,0.0908655548764933,0.6384941426989695,4119656.097749905,78.3800627425781,117.10986195433809,4775.893564308488,52560.0,31536000.0,08-19,2022.0,4.0,0.0,0.0,10.0,15.0,20.0,15.0,Eplus-env-08-19_thermostat_rbc_eco_year_2022_case_4_rep_0_zone_0_onoffseed_10_tempseed_15_comforttemp_20_setbacktemp_15_paper2_final_runs_v4-res1
0,51814.74325274016,41826.03339751536,23978.650296012293,13989.9404407875,-93589.56186378012,-1.780623323131281,954.5855434355316,0.0181618254078297,-9949.263686800394,-0.1892934491400379,-28637.56630306595,-0.5448547622348925,-41250.656721913,-0.784829846307325,9.15144596651446,0.1892934491400379,0.9381125276722472,4125065.6721913,78.48298463073249,117.2660222618737,9949.263686800394,52560.0,31536000.0,08-19,2022.0,4.0,0.0,0.0,15.0,10.0,20.0,17.0,Eplus-env-08-19_thermostat_rbc_eco_year_2022_case_4_rep_0_zone_0_onoffseed_15_tempseed_10_comforttemp_20_setbacktemp_17_paper2_final_runs_v4-res1
0,25619.86524765122,0.0,148569.75602148523,122949.89077383403,-294122.4400432997,-5.595936834918184,951.376383491782,0.0181007683312743,-180.35574493654096,-0.0034314258930087,-28541.29150475347,-0.5430230499382319,-272982.47253925976,-5.193730451660193,14.444444444444445,0.0034314258930087,0.0591489704395353,27298247.25392597,519.3730451660192,605.7890908495193,180.35574493654096,52560.0,31536000.0,08-19,2023.0,5.0,0.0,0.0,5.0,42.0,20.0,13.0,Eplus-env-08-19_thermostat_rbc_eco_year_2023_case_5_rep_0_zone_0_onoffseed_5_tempseed_42_comforttemp_20_setbacktemp_13_paper2_final_runs_v4-res1
0,36661.80341427574,0.0,93254.53097290048,56592.72755862472,-80652.14235408233,-1.534477594255752,460.3537923958129,0.008758633797485,-9220.42082028166,-0.1754265757283421,-13810.613771874385,-0.2627590139245507,-41438.7001605817,-0.7884075373017827,26.00456621004566,0.1754265757283421,0.4287812291183747,4143870.016058169,78.84075373017826,118.09666290751989,9220.42082028166,52560.0,31536000.0,08-19,2022.0,9.0,0.0,0.0,5.0,42.0,20.0,13.0,Eplus-env-08-19_thermostat_rbc_eco_year_2022_case_9_rep_0_zone_0_onoffseed_5_tempseed_42_comforttemp_20_setbacktemp_13_paper2_final_runs_v4-res1
0,35259.21043224798,0.0,94934.7842944272,59675.57386217922,-80182.00637179337,-1.5255328457342725,472.7584456303525,0.0089946431817038,-10193.662606941289,-0.1939433524912726,-14182.753368910577,-0.2698392954511144,-41142.78371023002,-0.7827774678506473,9.463470319634704,0.1939433524912726,0.9226672086582968,4114278.371023002,78.27774678506472,117.2177437533264,10193.662606941289,52560.0,31536000.0,08-19,2022.0,9.0,0.0,0.0,10.0,30.0,20.0,13.0,Eplus-env-08-19_thermostat_rbc_eco_year_2022_case_9_rep_0_zone_0_onoffseed_10_tempseed_30_comforttemp_20_setbacktemp_13_paper2_final_runs_v4-res1
0,48272.86797056008,0.0,129478.21309561722,81205.34512505715,-81462.93503172311,-1.549903634545721,646.5230222873762,0.0123006663296684,-7636.173634798422,-0.1452848865068193,-19395.69066862129,-0.3690199898900549,-34334.728110209486,-0.6532482517163144,7.616057838660578,0.1452848865068193,0.7484729634118916,3433472.8110209485,65.32482517163145,98.9141008046388,7636.173634798422,52560.0,31536000.0,08-19,2022.0,8.0,0.0,0.0,10.0,10.0,20.0,17.0,Eplus-env-08-19_thermostat_rbc_eco_year_2022_case_8_rep_0_zone_0_onoffseed_10_tempseed_10_comforttemp_20_setbacktemp_17_paper2_final_runs_v4-res1
0,22252.1436830967,0.0,146824.45554752322,124572.31186442652,-434825.56477954,-8.272936925029299,930.2567891339564,0.0176989495649535,-31291.118595709457,-0.5953409169655528,-27907.70367401869,-0.5309684869486052,-385329.9674366891,-7.331239867516916,13.871765601217655,0.5953409169655528,1.928864047829025,38532996.74366891,733.1239867516915,804.8216040741395,31291.118595709457,52560.0,31536000.0,08-19,2023.0,7.0,0.0,0.0,10.0,30.0,20.0,17.0,Eplus-env-08-19_thermostat_rbc_eco_year_2023_case_7_rep_0_zone_0_onoffseed_10_tempseed_30_comforttemp_20_setbacktemp_17_paper2_final_runs_v4-res1
0,107097.9200529846,0.0,274557.35641534766,167459.43636236305,-460107.41852575867,-8.753946318983232,1364.3997499079558,0.025958899351369,-0.1337423454268496,-2.5445651717437137e-06,-40931.99249723868,-0.7787669805410707,-372490.47638806654,-7.086957313319378,0.0019025875190258,2.5445651717437137e-06,0.0005833606426118,37249047.638806656,708.6957313319378,788.984660290137,0.1337423454268496,52560.0,31536000.0,08-19,2022.0,7.0,0.0,0.0,5.0,15.0,20.0,17.0,Eplus-env-08-19_thermostat_rbc_eco_year_2022_case_7_rep_0_zone_0_onoffseed_5_tempseed_15_comforttemp_20_setbacktemp_17_paper2_final_runs_v4-res1
0,81572.18187716766,81572.18187716766,0.0,0.0,-468221.2680570888,-8.908319407478858,2740.4618503085712,0.0521396851276364,-24061.42575449692,-0.4577896833047359,-82213.85550925713,-1.564190553829093,-377425.640308881,-7.180853126120263,11.759893455098934,0.4577896833047359,1.782298931998532,37742564.030888095,718.0853126120262,787.9396286705168,24061.42575449692,52560.0,31536000.0,08-19,2023.0,2.0,0.0,0.0,10.0,15.0,20.0,15.0,Eplus-env-08-19_thermostat_rbc_eco_year_2023_case_2_rep_0_zone_0_onoffseed_10_tempseed_15_comforttemp_20_setbacktemp_15_paper2_final_runs_v4-res1
0,114742.25038242368,114742.25038242368,0.0,0.0,-419041.5443946698,-7.97263212318626,2270.760013857966,0.0432031966106918,-111.13048055433384,-0.0021143546528602,-68122.80041573898,-1.296095898320757,-325059.7788762546,-6.1845467822727285,14.00304414003044,0.0021143546528602,0.009334863891123,32505977.887625463,618.4546782272729,702.1754920166103,111.13048055433384,52560.0,31536000.0,08-19,2022.0,1.0,0.0,0.0,5.0,42.0,20.0,15.0,Eplus-env-08-19_thermostat_rbc_eco_year_2022_case_1_rep_0_zone_0_onoffseed_5_tempseed_42_comforttemp_20_setbacktemp_15_paper2_final_runs_v4-res1
