filename,year,case,rep,zones_controlled,onoffseed,tempseed,comforttemp,setbacktemp,Percent at 15,Percent at 16,Percent at 17,Percent at 18,Percent at 19,Percent at 20,Percent at 21,Percent at 22,Percent at 23,Percent at 24,Percent at 25 or above,Percent at 15 or below
./Eplus-env-08-19_thermostat_rbc_eco_year_2023_case_13_rep_0_zone_0_onoffseed_15_tempseed_15_comforttemp_20_setbacktemp_17_paper2_final_runs_v4-res1,2023,13,0,0,15,15,20,17,0.0,0.05156233886769104,0.2887490976590698,1.0724966484479737,2.732803959987625,5.434670516654635,14.911828400536248,25.399608126224603,9.105909044034236,6.899040940497062,34.10333092709085,0.0
./Eplus-env-08-19_thermostat_rbc_eco_year_2023_case_13_rep_0_zone_0_onoffseed_15_tempseed_10_comforttemp_20_setbacktemp_13_paper2_final_runs_v4-res1,2023,13,0,0,15,10,20,13,0.010312467773538208,0.2681241621119934,0.5878106630916778,2.1553057646694853,4.702485304733423,14.220893059709189,23.759925750232032,9.920593998143756,6.5587295039703,6.465917294008457,31.349902031556155,0.0
./Eplus-env-08-19_thermostat_rbc_eco_year_2023_case_1_rep_0_zone_9_onoffseed_5_tempseed_42_comforttemp_21_setbacktemp_15_paper2_final_runs_v4-res1,2023,1,0,9,5,42,21,15,0.0,0.0,1.0828091162215119,17.283695988450038,26.389605032484276,16.139012065587295,6.527792100649686,5.857481695369702,5.249046096730948,4.609673094771579,16.86088480973497,0.0
./Eplus-env-08-19_thermostat_rbc_eco_year_2022_case_11_rep_0_zone_9_onoffseed_5_tempseed_42_comforttemp_20_setbacktemp_15_paper2_final_runs_v4-res1,2022,11,0,9,5,42,20,15,0.0,0.07218727441476745,9.508095287202227,26.430854903578428,18.108693410333093,6.754666391667525,4.960296999071878,5.135608951222028,4.207486851603589,4.867484789110034,19.95462514179643,0.0
./Eplus-env-08-19_thermostat_rbc_eco_year_2022_case_1_rep_0_zone_0_onoffseed_5_tempseed_30_comforttemp_20_setbacktemp_15_paper2_final_runs_v4-res1,2022,1,0,0,5,30,20,15,0.0,0.0,0.0,0.05156233886769104,8.11591213777457,40.85799731875838,12.7668351036403,6.713416520573373,5.816231824275549,5.197483757863257,20.48056099824688,0.0
./Eplus-env-08-19_thermostat_rbc_eco_year_2023_case_2_rep_0_zone_9_onoffseed_5_tempseed_42_comforttemp_20_setbacktemp_15_paper2_final_runs_v4-res1,2023,2,0,9,5,42,20,15,0.0,0.05156233886769104,10.848716097762194,28.730535217077446,16.252449211096216,6.063731050840466,5.455295452201712,5.517170258842941,5.166546354542642,4.702485304733423,17.21150871403527,0.0
./Eplus-env-08-19_thermostat_rbc_eco_year_2023_case_12_rep_0_zone_0_onoffseed_10_tempseed_42_comforttemp_20_setbacktemp_17_paper2_final_runs_v4-res1,2023,12,0,0,10,42,20,17,0.0,2.526554604516861,7.012478086005982,13.416520573373209,27.812725585232545,8.435598638754254,6.26998040631123,5.805919356502011,5.7440445498607815,4.7849850469217285,18.191193152521397,0.0
./Eplus-env-08-19_thermostat_rbc_eco_year_2022_case_4_rep_0_zone_0_onoffseed_10_tempseed_30_comforttemp_20_setbacktemp_15_paper2_final_runs_v4-res1,2022,4,0,0,10,30,20,15,0.11343714550892028,0.29906156543260803,1.185933793956894,2.784366298855316,11.622151180777559,19.55243889862844,11.16840259874188,7.24966484479736,6.888728472723522,6.538104568423224,32.56677322883366,0.030937403320614624
./Eplus-env-08-19_thermostat_rbc_eco_year_2023_case_4_rep_0_zone_0_onoffseed_10_tempseed_30_comforttemp_20_setbacktemp_15_paper2_final_runs_v4-res1,2023,4,0,0,10,30,20,15,0.020624935547076416,0.3403114365267609,0.7528101474682891,2.2687429101784056,12.674022893678458,20.150562029493656,13.282458492317211,7.631226152418273,5.888419098690316,5.537795194390018,31.45302670929153,0.0
./Eplus-env-08-19_thermostat_rbc_eco_year_2022_case_7_rep_0_zone_9_onoffseed_5_tempseed_42_comforttemp_18_setbacktemp_17_paper2_final_runs_v4-res1,2022,7,0,9,5,42,18,17,0.0,4.444673610394967,34.99020315561514,9.095596576260698,6.6515417139321436,5.3006084355986385,4.630298030318655,5.135608951222028,4.207486851603589,4.7849850469217285,20.758997628132413,0.0
./Eplus-env-08-19_thermostat_rbc_eco_year_2022_case_11_rep_0_zone_0_onoffseed_15_tempseed_30_comforttemp_20_setbacktemp_15_paper2_final_runs_v4-res1,2022,11,0,0,15,30,20,15,2.320305249046097,3.9187377539445194,5.207796225636795,5.826544292049087,16.85057234196143,20.41868619160565,7.899350314530267,5.960606373105084,5.321233371145715,5.310920903372177,20.573373208208725,0.3918737753944519
./Eplus-env-08-19_thermostat_rbc_eco_year_2023_case_7_rep_0_zone_0_onoffseed_5_tempseed_15_comforttemp_20_setbacktemp_17_paper2_final_runs_v4-res1,2023,7,0,0,5,15,20,17,0.0,0.0,0.0,0.0,0.0,0.21656182324430237,11.591213777456945,46.60204186861916,13.653707332164586,6.950603279364752,20.985871919150252,0.0
./Eplus-env-08-19_thermostat_rbc_eco_year_2022_case_13_rep_0_zone_9_onoffseed_5_tempseed_42_comforttemp_18_setbacktemp_15_paper2_final_runs_v4-res1,2022,13,0,9,5,42,18,15,0.2681241621119934,14.0352686397855,16.304011549963906,7.074352892647211,5.795606888728472,5.321233371145715,5.383108177786944,4.7952975146952665,4.88810972465711,4.537485820356811,31.597401258121067,0.0
./Eplus-env-08-19_thermostat_rbc_eco_year_2023_case_13_rep_0_zone_9_onoffseed_5_tempseed_42_comforttemp_18_setbacktemp_13_paper2_final_runs_v4-res1,2023,13,0,9,5,42,18,13,3.4340517685882235,12.777147571413838,16.63401051871713,7.65185108796535,5.310920903372177,5.383108177786944,4.558110755903888,3.7949881406620602,4.527173352583273,5.630607404351862,30.298030318655258,0.0
./Eplus-env-08-19_thermostat_rbc_eco_year_2022_case_13_rep_0_zone_0_onoffseed_5_tempseed_10_comforttemp_20_setbacktemp_17_paper2_final_runs_v4-res1,2022,13,0,0,5,10,20,17,0.0,0.0,0.0,0.0,0.05156233886769104,9.755594513767145,28.82334742703929,12.560585748169537,7.476539135815201,6.713416520573373,34.618954315767766,0.0
./Eplus-env-08-19_thermostat_rbc_eco_year_2023_case_13_rep_0_zone_0_onoffseed_15_tempseed_42_comforttemp_20_setbacktemp_15_paper2_final_runs_v4-res1,2023,13,0,0,15,42,20,15,0.3609363720738373,1.1962462617304321,2.939053315458389,11.024028049912344,20.346498917190882,11.21996493760957,6.826853666082293,5.23873362895741,5.187171290089719,5.651232339898938,30.009281220996186,0.0
./Eplus-env-08-19_thermostat_rbc_eco_year_2023_case_8_rep_0_zone_0_onoffseed_5_tempseed_15_comforttemp_20_setbacktemp_13_paper2_final_runs_v4-res1,2023,8,0,0,5,15,20,13,0.0,0.0,0.0,0.0,0.010312467773538208,0.1546870166030731,11.611838713004023,35.08301536557698,11.147777663194802,7.002165618232444,34.99020315561514,0.0
./Eplus-env-08-19_thermostat_rbc_eco_year_2023_case_1_rep_0_zone_9_onoffseed_5_tempseed_42_comforttemp_19_setbacktemp_17_paper2_final_runs_v4-res1,2023,1,0,9,5,42,19,17,0.0,0.04124987109415283,17.1393214396205,32.56677322883366,7.074352892647211,5.558420129937094,5.589357533257709,5.919356502010931,5.372795710013406,4.7849850469217285,15.953387645663607,0.0
./Eplus-env-08-19_thermostat_rbc_eco_year_2022_case_2_rep_0_zone_9_onoffseed_5_tempseed_42_comforttemp_19_setbacktemp_15_paper2_final_runs_v4-res1,2022,2,0,9,5,42,19,15,0.0,3.9187377539445194,26.729916469011034,18.696504073424773,6.764978859441065,5.032484273486645,4.723110240280499,4.702485304733423,4.8056099824688046,5.084046612354336,19.542126430854903,0.0
./Eplus-env-08-19_thermostat_rbc_eco_year_2023_case_8_rep_0_zone_0_onoffseed_15_tempseed_30_comforttemp_20_setbacktemp_17_paper2_final_runs_v4-res1,2023,8,0,0,15,30,20,17,0.010312467773538208,0.2887490976590698,1.5468701660307311,3.7434258017943693,13.241208621223057,21.553057646694853,9.930906465917294,6.6721666494792204,5.414045581107559,5.7440445498607815,31.85521295245952,0.0
./Eplus-env-08-19_thermostat_rbc_eco_year_2023_case_9_rep_0_zone_0_onoffseed_5_tempseed_15_comforttemp_20_setbacktemp_13_paper2_final_runs_v4-res1,2023,9,0,0,5,15,20,13,0.0,0.0,0.0,0.0,0.0,0.010312467773538208,7.424976796947509,31.97896256574198,16.499948437661132,7.806538104568424,36.27926162730741,0.0
./Eplus-env-08-19_thermostat_rbc_eco_year_2022_case_12_rep_0_zone_0_onoffseed_15_tempseed_30_comforttemp_20_setbacktemp_13_paper2_final_runs_v4-res1,2022,12,0,0,15,30,20,13,1.2787460039187377,2.939053315458389,4.939672063524801,5.991543776425699,17.1393214396205,20.263999175002578,8.641847994225019,5.898731566463855,5.362483242239868,5.042796741260184,21.46024543673301,1.041559245127359
./Eplus-env-08-19_thermostat_rbc_eco_year_2022_case_6_rep_0_zone_9_onoffseed_5_tempseed_42_comforttemp_21_setbacktemp_17_paper2_final_runs_v4-res1,2022,6,0,9,5,42,21,17,0.0,0.0,0.0,5.589357533257709,33.742394555017015,20.047437351758276,6.33185521295246,4.980921934618954,4.506548417036197,4.970609466845416,19.83087552851397,0.0
./Eplus-env-08-19_thermostat_rbc_eco_year_2023_case_6_rep_0_zone_9_onoffseed_5_tempseed_42_comforttemp_18_setbacktemp_15_paper2_final_runs_v4-res1,2023,6,0,9,5,42,18,15,0.41249871094152835,23.512426523667113,24.08992471898525,5.527482726616479,4.475611013715582,4.754047643601114,5.2799835000515625,5.352170774466329,4.7746725791481905,4.454986078168506,17.366195730638342,0.0
./Eplus-env-08-19_thermostat_rbc_eco_year_2022_case_4_rep_0_zone_0_onoffseed_5_tempseed_15_comforttemp_20_setbacktemp_15_paper2_final_runs_v4-res1,2022,4,0,0,5,15,20,15,0.0,0.0,0.0,0.0,0.020624935547076416,0.247499226564917,12.983396926884602,28.070537279571,14.241517995256265,8.765597607507477,35.670826028668664,0.0
./Eplus-env-08-19_thermostat_rbc_eco_year_2022_case_4_rep_0_zone_0_onoffseed_5_tempseed_10_comforttemp_20_setbacktemp_17_paper2_final_runs_v4-res1,2022,4,0,0,5,10,20,17,0.0,0.0,0.0,0.0,0.1443745488295349,9.693719707125915,25.987418789316287,14.220893059709189,8.79653501082809,7.0331030215530586,34.12395586263793,0.0
./Eplus-env-08-19_thermostat_rbc_eco_year_2023_case_14_rep_0_zone_0_onoffseed_5_tempseed_42_comforttemp_20_setbacktemp_13_paper2_final_runs_v4-res1,2023,14,0,0,5,42,20,13,0.0,0.0,0.0,3.5474889140971433,19.542126430854903,16.68557285758482,9.930906465917294,7.1156027637413635,5.970918840878622,5.960606373105084,31.24677735382077,0.0
./Eplus-env-08-19_thermostat_rbc_eco_year_2023_case_13_rep_0_zone_0_onoffseed_15_tempseed_30_comforttemp_20_setbacktemp_13_paper2_final_runs_v4-res1,2023,13,0,0,15,30,20,13,0.1237496132824585,0.45374858203568114,1.5468701660307311,3.959987625038672,13.004021862431681,22.316180261936683,9.600907497164071,5.939981437558008,5.486232855522326,6.434979890687842,31.13334020831185,0.0
./Eplus-env-08-19_thermostat_rbc_eco_year_2022_case_13_rep_0_zone_0_onoffseed_15_tempseed_15_comforttemp_20_setbacktemp_13_paper2_final_runs_v4-res1,2022,13,0,0,15,15,20,13,0.10312467773538209,0.1237496132824585,0.35062390430029905,1.144683922862741,2.526554604516861,5.259358564504486,13.818706816541198,22.769928843972362,9.796844384861297,7.816850572341962,36.23801175621326,0.05156233886769104
./Eplus-env-08-19_thermostat_rbc_eco_year_2022_case_12_rep_0_zone_9_onoffseed_5_tempseed_42_comforttemp_19_setbacktemp_15_paper2_final_runs_v4-res1,2022,12,0,9,5,42,19,15,0.0,3.619676188511911,27.328039599876252,18.02619366814479,6.5999793750644535,4.970609466845416,5.032484273486645,4.980921934618954,4.599360626998041,4.444673610394967,20.398061256058575,0.0
./Eplus-env-08-19_thermostat_rbc_eco_year_2023_case_3_rep_0_zone_9_onoffseed_5_tempseed_42_comforttemp_21_setbacktemp_15_paper2_final_runs_v4-res1,2023,3,0,9,5,42,21,15,0.0,0.030937403320614624,0.7837475507889038,5.620294936578323,17.799319377126945,23.770238218005566,7.053727957100134,4.991234402392492,5.486232855522326,5.259358564504486,29.204908734660208,0.0
./Eplus-env-08-19_thermostat_rbc_eco_year_2022_case_5_rep_0_zone_0_onoffseed_5_tempseed_15_comforttemp_20_setbacktemp_13_paper2_final_runs_v4-res1,2022,5,0,0,5,15,20,13,0.0,0.0,0.010312467773538208,0.06187480664122925,0.3403114365267609,0.5053109209033722,11.04465298545942,45.10673404145612,12.47808600598123,7.301227183665052,23.151490151593276,0.0
./Eplus-env-08-19_thermostat_rbc_eco_year_2023_case_10_rep_0_zone_0_onoffseed_10_tempseed_15_comforttemp_20_setbacktemp_17_paper2_final_runs_v4-res1,2023,10,0,0,10,15,20,17,0.0,0.2887490976590698,2.1862431679901,3.619676188511911,4.454986078168506,4.568423223677426,19.50087655976075,26.791791275652265,9.43590801278746,7.167165102609055,21.98618129318346,0.0
./Eplus-env-08-19_thermostat_rbc_eco_year_2023_case_10_rep_0_zone_0_onoffseed_10_tempseed_30_comforttemp_20_setbacktemp_15_paper2_final_runs_v4-res1,2023,10,0,0,10,30,20,15,1.2168711972775086,1.8871816025574921,3.5578013818706817,4.877797256883572,15.726513354645766,26.29679282252243,8.507785913169021,6.15654326080231,6.001856244199237,5.609982468804785,20.119624626173042,0.04124987109415283
./Eplus-env-08-19_thermostat_rbc_eco_year_2022_case_1_rep_0_zone_9_onoffseed_5_tempseed_42_comforttemp_20_setbacktemp_17_paper2_final_runs_v4-res1,2022,1,0,9,5,42,20,17,0.0,0.0,1.103434051768588,28.978034443642365,23.625863669176034,6.764978859441065,5.23873362895741,5.2902959678251005,4.8571723213364955,4.609673094771579,19.531813963081365,0.0
./Eplus-env-08-19_thermostat_rbc_eco_year_2022_case_10_rep_0_zone_0_onoffseed_15_tempseed_30_comforttemp_20_setbacktemp_17_paper2_final_runs_v4-res1,2022,10,0,0,15,30,20,17,0.0,1.7634319892750334,7.301227183665052,5.393420645560482,14.354955140765185,22.45024234299268,9.054346705166546,5.950293905331546,5.414045581107559,5.682169743219553,22.635866762916365,0.0
./Eplus-env-08-19_thermostat_rbc_eco_year_2023_case_10_rep_0_zone_0_onoffseed_10_tempseed_30_comforttemp_20_setbacktemp_13_paper2_final_runs_v4-res1,2023,10,0,0,10,30,20,13,0.9796844384861298,1.9696813447457977,3.506239043002991,5.166546354542642,14.808703722800868,25.100546560791997,8.51809838094256,6.476229761781995,6.290605341858306,5.444982984428174,21.161183871300402,0.5774981953181396
./Eplus-env-08-19_thermostat_rbc_eco_year_2022_case_10_rep_0_zone_0_onoffseed_15_tempseed_30_comforttemp_20_setbacktemp_15_paper2_final_runs_v4-res1,2022,10,0,0,15,30,20,15,1.794369392595648,3.4959265752294524,5.011859337939569,5.630607404351862,14.519954625141796,20.965246983603176,8.662472929772095,5.6409198721254,5.249046096730948,5.6409198721254,23.223677426008045,0.16499948437661133
./Eplus-env-08-19_thermostat_rbc_eco_year_2023_case_4_rep_0_zone_0_onoffseed_5_tempseed_15_comforttemp_20_setbacktemp_13_paper2_final_runs_v4-res1,2023,4,0,0,5,15,20,13,0.0,0.0,0.0,0.0,0.0,0.11343714550892028,12.364648860472311,30.143343302052184,15.097452820459937,7.878725378983191,34.40239249252346,0.0
./Eplus-env-08-19_thermostat_rbc_eco_year_2022_case_3_rep_0_zone_0_onoffseed_10_tempseed_10_comforttemp_20_setbacktemp_15_paper2_final_runs_v4-res1,2022,3,0,0,10,10,20,15,0.1340620810559967,0.19593688769722595,0.8662472929772095,1.825306795916263,3.733113334020831,17.65494482829741,19.428689285345982,9.105909044034236,6.868103537176447,6.218418067443539,33.94864391048778,0.020624935547076416
./Eplus-env-08-19_thermostat_rbc_eco_year_2022_case_3_rep_0_zone_0_onoffseed_10_tempseed_15_comforttemp_20_setbacktemp_15_paper2_final_runs_v4-res1,2022,3,0,0,10,15,20,15,0.07218727441476745,0.1237496132824585,0.2681241621119934,1.0312467773538208,2.1759307002165618,4.723110240280499,19.83087552851397,20.707435289264723,9.714344642672991,7.65185108796535,33.68051974837579,0.020624935547076416
./Eplus-env-08-19_thermostat_rbc_eco_year_2022_case_12_rep_0_zone_9_onoffseed_5_tempseed_42_comforttemp_20_setbacktemp_15_paper2_final_runs_v4-res1,2022,12,0,9,5,42,20,15,0.0,0.05156233886769104,9.023409301845932,26.399917500257814,17.417758069506036,6.6412292461586055,5.3006084355986385,4.7849850469217285,4.578735691450964,4.527173352583273,21.274621016809323,0.0
./Eplus-env-08-19_thermostat_rbc_eco_year_2023_case_10_rep_0_zone_0_onoffseed_15_tempseed_10_comforttemp_20_setbacktemp_17_paper2_final_runs_v4-res1,2023,10,0,0,15,10,20,17,0.0,0.9178096318449005,5.434670516654635,6.1977931318964625,6.991853150458905,16.5721357120759,21.449932968959473,9.239971125090234,6.465917294008457,5.960606373105084,20.76931009590595,0.0
./Eplus-env-08-19_thermostat_rbc_eco_year_2023_case_11_rep_0_zone_0_onoffseed_5_tempseed_30_comforttemp_20_setbacktemp_13_paper2_final_runs_v4-res1,2023,11,0,0,5,30,20,13,0.0,0.0,0.0,0.08249974218830566,7.796225636794885,42.68330411467464,12.31308652160462,7.528101474682892,6.352480148499535,5.517170258842941,17.72713210271218,0.0
./Eplus-env-08-19_thermostat_rbc_eco_year_2023_case_10_rep_0_zone_0_onoffseed_10_tempseed_30_comforttemp_20_setbacktemp_17_paper2_final_runs_v4-res1,2023,10,0,0,10,30,20,17,0.0,1.1653088584098175,5.104671547901413,5.455295452201712,13.612457461070434,27.83335052077962,8.641847994225019,6.239043002990615,6.26998040631123,5.599670001031247,20.07837475507889,0.0
./Eplus-env-08-19_thermostat_rbc_eco_year_2022_case_7_rep_0_zone_9_onoffseed_5_tempseed_42_comforttemp_19_setbacktemp_15_paper2_final_runs_v4-res1,2022,7,0,9,5,42,19,15,0.0,3.6918634629266784,26.925853356708263,17.90244405486233,7.5487264102299685,5.104671547901413,4.578735691450964,4.8571723213364955,4.434361142621429,4.7849850469217285,20.171186965040736,0.0
./Eplus-env-08-19_thermostat_rbc_eco_year_2023_case_14_rep_0_zone_0_onoffseed_5_tempseed_42_comforttemp_20_setbacktemp_15_paper2_final_runs_v4-res1,2023,14,0,0,5,42,20,15,0.0,0.0,0.0,3.619676188511911,19.222439929875218,16.75776013199959,10.157780756935136,7.18779003815613,5.682169743219553,5.475920387748788,31.89646282355368,0.0
./Eplus-env-08-18_thermostat_rbc_eco_year_2023_case_0_rep_0_zone_9_onoffseed_5_tempseed_42_comforttemp_18_setbacktemp_15_paper2_final_runs_v4-res1,2023,0,0,9,5,42,18,15,0.2887490976590698,24.131174590079407,24.058987315664638,5.805919356502011,4.630298030318655,4.8262349180158814,5.2696710322780245,5.517170258842941,5.001546870166031,4.7849850469217285,15.685263483551616,0.0
./Eplus-env-08-19_thermostat_rbc_eco_year_2023_case_8_rep_0_zone_0_onoffseed_10_tempseed_15_comforttemp_20_setbacktemp_17_paper2_final_runs_v4-res1,2023,8,0,0,10,15,20,17,0.0,0.0,0.16499948437661133,0.8456223574301331,2.206868103537176,4.094049706094668,15.437764256986696,27.493039084252864,8.51809838094256,6.816541198308755,34.42301742807054,0.0
./Eplus-env-08-19_thermostat_rbc_eco_year_2022_case_9_rep_0_zone_0_onoffseed_5_tempseed_15_comforttemp_20_setbacktemp_13_paper2_final_runs_v4-res1,2022,9,0,0,5,15,20,13,0.0,0.0,0.0,0.0,0.0,0.1237496132824585,7.641538620191812,30.28771785088172,14.086830978653191,8.899659688563473,38.960503248427344,0.0
./Eplus-env-08-19_thermostat_rbc_eco_year_2022_case_9_rep_0_zone_0_onoffseed_10_tempseed_42_comforttemp_20_setbacktemp_15_paper2_final_runs_v4-res1,2022,9,0,0,10,42,20,15,0.19593688769722595,0.4021862431679901,1.7015571826338043,7.5796638135505825,16.964009487470353,12.95245952356399,7.394039393626894,6.919665876044137,7.053727957100134,5.909044034237393,32.91739713313396,0.010312467773538208
./Eplus-env-08-19_thermostat_rbc_eco_year_2023_case_8_rep_0_zone_0_onoffseed_10_tempseed_30_comforttemp_20_setbacktemp_17_paper2_final_runs_v4-res1,2023,8,0,0,10,30,20,17,0.0,0.08249974218830566,1.0106218418067443,2.784366298855316,13.664019799938126,23.92492523460864,10.147468289161596,6.393730019593689,5.23873362895741,5.630607404351862,31.123027740538312,0.0
./Eplus-env-08-19_thermostat_rbc_eco_year_2023_case_9_rep_0_zone_0_onoffseed_5_tempseed_30_comforttemp_20_setbacktemp_13_paper2_final_runs_v4-res1,2023,9,0,0,5,30,20,13,0.0,0.0,0.0,0.010312467773538208,4.599360626998041,23.47117665257296,18.418067443539236,8.806847478601629,7.064040424873673,6.053418583066928,31.57677632257399,0.0
./Eplus-env-08-19_thermostat_rbc_eco_year_2022_case_1_rep_0_zone_9_onoffseed_5_tempseed_42_comforttemp_19_setbacktemp_15_paper2_final_runs_v4-res1,2022,1,0,9,5,42,19,15,0.0,3.8362380117562136,27.235227389914407,19.50087655976075,7.022790553779519,5.094359080127875,4.743735175827576,4.7952975146952665,4.114674641641745,4.7746725791481905,18.882128493348457,0.0
./Eplus-env-08-19_thermostat_rbc_eco_year_2023_case_5_rep_0_zone_0_onoffseed_15_tempseed_15_comforttemp_20_setbacktemp_13_paper2_final_runs_v4-res1,2023,5,0,0,15,15,20,13,0.8456223574301331,1.5468701660307311,3.227802413117459,5.785294420954934,6.868103537176447,7.229039909250283,18.64494173455708,21.24368361348871,9.673094771578839,6.053418583066928,18.057131071465403,0.8249974218830567
./Eplus-env-08-19_thermostat_rbc_eco_year_2022_case_3_rep_0_zone_0_onoffseed_5_tempseed_42_comforttemp_20_setbacktemp_13_paper2_final_runs_v4-res1,2022,3,0,0,5,42,20,13,0.0,0.0,0.16499948437661133,8.05403733113334,21.955243889862842,12.849334845828606,7.094977828194287,6.548417036196762,5.919356502010931,5.403733113334021,32.009899969062594,0.0
./Eplus-env-08-19_thermostat_rbc_eco_year_2023_case_2_rep_0_zone_0_onoffseed_10_tempseed_10_comforttemp_20_setbacktemp_15_paper2_final_runs_v4-res1,2023,2,0,0,10,10,20,15,0.8662472929772095,1.7221821181808805,2.691554088893472,4.733422708054038,5.620294936578323,20.893059709188407,23.811488089099722,9.209033721769618,7.094977828194287,5.145921418995566,18.160255749200786,0.05156233886769104
./Eplus-env-08-19_thermostat_rbc_eco_year_2022_case_4_rep_0_zone_0_onoffseed_15_tempseed_30_comforttemp_20_setbacktemp_13_paper2_final_runs_v4-res1,2022,4,0,0,15,30,20,13,0.1443745488295349,0.4021862431679901,1.5159327627101165,3.4340517685882235,12.127462101680932,18.45931731463339,11.10652779210065,7.208414973703207,6.868103537176447,6.538104568423224,31.958337630194904,0.23718675879137877
./Eplus-env-08-19_thermostat_rbc_eco_year_2022_case_3_rep_0_zone_0_onoffseed_15_tempseed_42_comforttemp_20_setbacktemp_17_paper2_final_runs_v4-res1,2022,3,0,0,15,42,20,17,0.06187480664122925,0.9693719707125915,3.9909250283592863,13.40620810559967,16.75776013199959,9.549345158296381,6.878416004949985,6.1668557285758485,5.6409198721254,4.949984531298339,31.628338661441685,0.0
./Eplus-env-08-19_thermostat_rbc_eco_year_2023_case_3_rep_0_zone_0_onoffseed_10_tempseed_42_comforttemp_20_setbacktemp_17_paper2_final_runs_v4-res1,2023,3,0,0,10,42,20,17,0.0,0.4021862431679901,3.0421779931937714,15.097452820459937,19.91337527070228,9.590595029390533,6.218418067443539,5.249046096730948,5.187171290089719,5.692482210993091,29.607094977828197,0.0
./Eplus-env-08-19_thermostat_rbc_eco_year_2022_case_4_rep_0_zone_0_onoffseed_15_tempseed_10_comforttemp_20_setbacktemp_13_paper2_final_runs_v4-res1,2022,4,0,0,15,10,20,13,0.18562441992368775,0.22687429101784057,0.6703104052799835,2.0728060224811795,4.176549448282974,13.210271217902445,19.57306383417552,10.209343095802826,8.105599670001032,7.002165618232444,34.36114262142931,0.20624935547076417
./Eplus-env-08-19_thermostat_rbc_eco_year_2023_case_3_rep_0_zone_0_onoffseed_10_tempseed_30_comforttemp_20_setbacktemp_17_paper2_final_runs_v4-res1,2023,3,0,0,10,30,20,17,0.0,0.17531195215014952,1.3509332783335053,3.475301639682376,17.933381458182943,20.12993709394658,8.817159946375169,6.424667422914303,5.847169227596163,5.620294936578323,30.225843044240484,0.0
./Eplus-env-08-19_thermostat_rbc_eco_year_2022_case_11_rep_0_zone_9_onoffseed_5_tempseed_42_comforttemp_19_setbacktemp_15_paper2_final_runs_v4-res1,2022,11,0,9,5,42,19,15,0.0,3.4134268330411466,27.91585026296793,18.572754460142313,7.064040424873673,4.733422708054038,4.527173352583273,4.712797772506961,4.413736207074352,5.176858822316181,19.469939156440137,0.0
./Eplus-env-08-19_thermostat_rbc_eco_year_2023_case_3_rep_0_zone_9_onoffseed_5_tempseed_42_comforttemp_21_setbacktemp_17_paper2_final_runs_v4-res1,2023,3,0,9,5,42,21,17,0.0,0.0,0.0,4.155924512735898,24.358048881097247,19.27400226874291,6.981540682685367,4.609673094771579,4.619985562545117,5.506857791069403,30.49396720635248,0.0
./Eplus-env-08-19_thermostat_rbc_eco_year_2023_case_11_rep_0_zone_0_onoffseed_15_tempseed_30_comforttemp_20_setbacktemp_13_paper2_final_runs_v4-res1,2023,11,0,0,15,30,20,13,1.7634319892750334,3.6403011240589875,5.46560791997525,7.528101474682892,17.15994637516758,19.985562545117048,8.775910075281015,6.373105084046612,6.032793647519852,4.908734660204187,17.25275858512942,1.1137465195421266
./Eplus-env-08-19_thermostat_rbc_eco_year_2022_case_3_rep_0_zone_0_onoffseed_5_tempseed_30_comforttemp_20_setbacktemp_13_paper2_final_runs_v4-res1,2022,3,0,0,5,30,20,13,0.0,0.0,0.010312467773538208,0.1340620810559967,10.467154790141281,24.894297205321234,12.117149633907394,7.394039393626894,6.38341755182015,6.15654326080231,32.443023615551205,0.0
./Eplus-env-08-19_thermostat_rbc_eco_year_2023_case_6_rep_0_zone_9_onoffseed_5_tempseed_42_comforttemp_20_setbacktemp_15_paper2_final_runs_v4-res1,2023,6,0,9,5,42,20,15,0.0,0.030937403320614624,9.982468804784984,28.122099618438696,16.376198824378672,6.424667422914303,5.764669485407858,5.847169227596163,5.558420129937094,4.733422708054038,17.15994637516758,0.0
./Eplus-env-08-18_thermostat_rbc_eco_year_2022_case_0_rep_0_zone_0_onoffseed_10_tempseed_42_comforttemp_20_setbacktemp_13_paper2_final_runs_v4-res1,2022,0,0,0,10,42,20,13,1.8562441992368772,3.6093637207383726,4.434361142621429,15.056202949365783,24.28586160668248,8.786222543054553,6.228730535217077,5.857481695369702,4.960296999071878,5.094359080127875,18.12931834588017,1.7015571826338043
./Eplus-env-08-19_thermostat_rbc_eco_year_2022_case_10_rep_0_zone_0_onoffseed_15_tempseed_15_comforttemp_20_setbacktemp_17_paper2_final_runs_v4-res1,2022,10,0,0,15,15,20,17,0.0,0.43312364648860474,3.8671754150768276,4.939672063524801,5.084046612354336,5.475920387748788,18.335567701350932,20.800247499226565,9.332783335052078,6.455604826234918,25.275858512942147,0.0
./Eplus-env-08-19_thermostat_rbc_eco_year_2022_case_10_rep_0_zone_0_onoffseed_15_tempseed_15_comforttemp_20_setbacktemp_13_paper2_final_runs_v4-res1,2022,10,0,0,15,15,20,13,0.4640610498092193,1.0828091162215119,2.7121790244405486,4.681860369186346,5.599670001031247,6.04310611529339,17.59307002165618,21.71805713107147,8.641847994225019,6.1771681963493865,24.708672785397546,0.5774981953181396
./Eplus-env-08-19_thermostat_rbc_eco_year_2023_case_7_rep_0_zone_0_onoffseed_5_tempseed_42_comforttemp_20_setbacktemp_17_paper2_final_runs_v4-res1,2023,7,0,0,5,42,20,17,0.0,0.0,0.0,4.743735175827576,41.517995256264825,11.271527276477261,6.744353923893988,6.38341755182015,5.836856759822625,4.949984531298339,18.552129524595234,0.0
./Eplus-env-08-19_thermostat_rbc_eco_year_2023_case_7_rep_0_zone_0_onoffseed_5_tempseed_10_comforttemp_20_setbacktemp_17_paper2_final_runs_v4-res1,2023,7,0,0,5,10,20,17,0.0,0.0,0.0,0.0,0.020624935547076416,9.456532948334537,44.02392492523461,13.107146540167061,7.961225121171496,6.094668454161081,19.33587707538414,0.0
./Eplus-env-08-19_thermostat_rbc_eco_year_2023_case_3_rep_0_zone_0_onoffseed_5_tempseed_10_comforttemp_20_setbacktemp_17_paper2_final_runs_v4-res1,2023,3,0,0,5,10,20,17,0.0,0.0,0.0,0.0,0.16499948437661133,14.478704754047644,28.122099618438696,12.137774569454471,6.919665876044137,6.455604826234918,31.721150871403523,0.0
./Eplus-env-08-19_thermostat_rbc_eco_year_2022_case_3_rep_0_zone_0_onoffseed_5_tempseed_30_comforttemp_20_setbacktemp_17_paper2_final_runs_v4-res1,2022,3,0,0,5,30,20,17,0.0,0.0,0.0,0.1340620810559967,11.003403114365268,23.759925750232032,11.890275342889552,7.734350830153655,6.6927915850262965,6.135918325255234,32.649272971021965,0.0
./Eplus-env-08-19_thermostat_rbc_eco_year_2023_case_13_rep_0_zone_9_onoffseed_5_tempseed_42_comforttemp_18_setbacktemp_15_paper2_final_runs_v4-res1,2023,13,0,9,5,42,18,15,0.1443745488295349,15.984325048984221,17.747757038259255,7.713725894606579,5.692482210993091,5.3006084355986385,4.537485820356811,3.6403011240589875,4.558110755903888,5.3006084355986385,29.380220686810354,0.0
./Eplus-env-08-19_thermostat_rbc_eco_year_2022_case_13_rep_0_zone_0_onoffseed_15_tempseed_15_comforttemp_20_setbacktemp_15_paper2_final_runs_v4-res1,2022,13,0,0,15,15,20,15,0.1546870166030731,0.1443745488295349,0.4434361142621429,1.1549963906362792,2.567804475611014,5.042796741260184,13.602144993296896,23.213364958234507,10.106218418067444,7.641538620191812,35.8977003196865,0.030937403320614624
./Eplus-env-08-19_thermostat_rbc_eco_year_2022_case_13_rep_0_zone_0_onoffseed_5_tempseed_30_comforttemp_20_setbacktemp_15_paper2_final_runs_v4-res1,2022,13,0,0,5,30,20,15,0.0,0.0,0.0,0.020624935547076416,7.724038362380117,25.78116943384552,11.890275342889552,7.672476023512427,6.434979890687842,6.115293389708157,34.36114262142931,0.0
./Eplus-env-08-19_thermostat_rbc_eco_year_2022_case_1_rep_0_zone_0_onoffseed_15_tempseed_15_comforttemp_20_setbacktemp_13_paper2_final_runs_v4-res1,2022,1,0,0,15,15,20,13,0.8765597607507477,1.5056202949365782,3.330927090852841,5.042796741260184,5.331545838919253,7.259977312570898,19.439001753119523,20.439311127152727,8.45622357430133,6.352480148499535,21.43962050118593,0.5259358564504486
./Eplus-env-08-19_thermostat_rbc_eco_year_2023_case_14_rep_0_zone_9_onoffseed_5_tempseed_42_comforttemp_21_setbacktemp_17_paper2_final_runs_v4-res1,2023,14,0,9,5,42,21,17,0.0,0.0,0.0,3.145302670929153,19.439001753119523,19.6761885119109,9.32247086727854,5.888419098690316,5.506857791069403,5.579045065484171,31.442714241517994,0.0
./Eplus-env-08-19_thermostat_rbc_eco_year_2023_case_9_rep_0_zone_0_onoffseed_15_tempseed_42_comforttemp_20_setbacktemp_17_paper2_final_runs_v4-res1,2023,9,0,0,15,42,20,17,0.0,0.3403114365267609,2.5987418789316283,8.466536042074868,17.232133649582345,13.437145508920285,9.054346705166546,6.929978343817676,5.661544807672476,5.145921418995566,31.13334020831185,0.0
./Eplus-env-08-19_thermostat_rbc_eco_year_2022_case_9_rep_0_zone_0_onoffseed_10_tempseed_10_comforttemp_20_setbacktemp_13_paper2_final_runs_v4-res1,2022,9,0,0,10,10,20,13,0.05156233886769104,0.10312467773538209,0.20624935547076417,0.6703104052799835,2.0521810869341035,4.3209239971125095,23.667113540270186,15.674951015778078,9.642157368258223,7.270289780344437,36.33082396617511,0.010312467773538208
./Eplus-env-08-19_thermostat_rbc_eco_year_2022_case_9_rep_0_zone_0_onoffseed_15_tempseed_42_comforttemp_20_setbacktemp_15_paper2_final_runs_v4-res1,2022,9,0,0,15,42,20,15,0.3093740332061462,0.9074971640713623,2.3099927812725585,8.012787460039188,15.963700113437145,12.509023409301845,7.404351861400434,6.6721666494792204,6.465917294008457,6.063731050840466,33.32989584407549,0.05156233886769104
./Eplus-env-08-19_thermostat_rbc_eco_year_2022_case_8_rep_0_zone_0_onoffseed_15_tempseed_15_comforttemp_20_setbacktemp_17_paper2_final_runs_v4-res1,2022,8,0,0,15,15,20,17,0.030937403320614624,0.20624935547076417,0.5774981953181396,1.2271836650510468,2.743116427761163,5.434670516654635,14.592141899556562,22.697741569557593,9.611219964937609,7.497164071362277,35.38207693100959,0.0
./Eplus-env-08-19_thermostat_rbc_eco_year_2022_case_8_rep_0_zone_0_onoffseed_10_tempseed_42_comforttemp_20_setbacktemp_17_paper2_final_runs_v4-res1,2022,8,0,0,10,42,20,17,0.020624935547076416,0.48468598535629576,2.2996803134990205,10.817778694441579,20.12993709394658,10.322780241311747,6.84747860162937,6.125605857481696,5.579045065484171,5.403733113334021,31.968650097968442,0.0
./Eplus-env-08-19_thermostat_rbc_eco_year_2022_case_14_rep_0_zone_0_onoffseed_10_tempseed_15_comforttemp_20_setbacktemp_15_paper2_final_runs_v4-res1,2022,14,0,0,10,15,20,15,0.09281220996184388,0.09281220996184388,0.17531195215014952,0.38156130762091367,1.484995359389502,3.5474889140971433,11.488089099721563,25.513045271733525,11.890275342889552,7.909662782303806,37.41363308239662,0.010312467773538208
./Eplus-env-08-19_thermostat_rbc_eco_year_2022_case_3_rep_0_zone_0_onoffseed_10_tempseed_15_comforttemp_20_setbacktemp_13_paper2_final_runs_v4-res1,2022,3,0,0,10,15,20,13,0.05156233886769104,0.1237496132824585,0.3403114365267609,1.0621841806744354,2.4131174590079407,4.589048159224503,19.067752913272145,20.490873466020417,9.38434567391977,7.693100959059502,34.732391461276684,0.05156233886769104
./Eplus-env-08-19_thermostat_rbc_eco_year_2022_case_5_rep_0_zone_9_onoffseed_5_tempseed_42_comforttemp_19_setbacktemp_13_paper2_final_runs_v4-res1,2022,5,0,9,5,42,19,13,0.3403114365267609,11.632463648551099,22.95555326389605,17.355883262864804,6.33185521295246,4.8262349180158814,4.444673610394967,4.630298030318655,4.3312364648860475,4.733422708054038,18.418067443539236,0.0
./Eplus-env-08-18_thermostat_rbc_eco_year_2023_case_0_rep_0_zone_0_onoffseed_15_tempseed_15_comforttemp_20_setbacktemp_13_paper2_final_runs_v4-res1,2023,0,0,0,15,15,20,13,0.938434567391977,1.825306795916263,3.4856141074559144,5.249046096730948,6.38341755182015,7.342477054759204,20.532123337114573,20.82087243477364,9.477157883881612,6.5587295039703,16.933072084149735,0.45374858203568114
./Eplus-env-08-18_thermostat_rbc_eco_year_2023_case_0_rep_0_zone_0_onoffseed_10_tempseed_10_comforttemp_20_setbacktemp_15_paper2_final_runs_v4-res1,2023,0,0,0,10,10,20,15,1.1756213261833557,2.0212436836134886,3.2999896875322268,5.001546870166031,5.7440445498607815,20.08868722285243,24.52304836547386,9.518407754975765,6.094668454161081,5.197483757863257,17.25275858512942,0.08249974218830566
./Eplus-env-08-19_thermostat_rbc_eco_year_2023_case_8_rep_0_zone_0_onoffseed_10_tempseed_42_comforttemp_20_setbacktemp_13_paper2_final_runs_v4-res1,2023,8,0,0,10,42,20,13,0.19593688769722595,0.8146849541095184,2.196555635763638,11.292152212024337,21.088996596885636,10.621841806744355,7.383726925853357,5.249046096730948,4.939672063524801,5.372795710013406,30.81365370733217,0.030937403320614624
./Eplus-env-08-19_thermostat_rbc_eco_year_2023_case_5_rep_0_zone_9_onoffseed_5_tempseed_42_comforttemp_19_setbacktemp_15_paper2_final_runs_v4-res1,2023,5,0,9,5,42,19,15,0.0,3.3515520263999177,29.97834381767557,19.03681550995153,6.33185521295246,5.207796225636795,5.2902959678251005,5.372795710013406,4.475611013715582,4.609673094771579,16.345261421058062,0.0
./Eplus-env-08-19_thermostat_rbc_eco_year_2022_case_9_rep_0_zone_9_onoffseed_5_tempseed_42_comforttemp_20_setbacktemp_15_paper2_final_runs_v4-res1,2022,9,0,9,5,42,20,15,0.010312467773538208,0.19593688769722595,4.599360626998041,13.375270702279055,17.417758069506036,8.445911106527792,5.630607404351862,5.7337320820872435,5.702794678766629,5.620294936578323,33.26802103743426,0.0
./Eplus-env-08-19_thermostat_rbc_eco_year_2023_case_12_rep_0_zone_0_onoffseed_15_tempseed_42_comforttemp_20_setbacktemp_15_paper2_final_runs_v4-res1,2023,12,0,0,15,42,20,15,3.1762400742497676,4.578735691450964,7.13622769928844,16.85057234196143,19.181190058781066,7.858100443436114,6.094668454161081,5.970918840878622,5.7234196143137055,5.042796741260184,17.871506651541715,0.5156233886769104
./Eplus-env-08-19_thermostat_rbc_eco_year_2023_case_13_rep_0_zone_9_onoffseed_5_tempseed_42_comforttemp_19_setbacktemp_15_paper2_final_runs_v4-res1,2023,13,0,9,5,42,19,15,0.0,0.48468598535629576,6.26998040631123,26.709291533463958,10.095905950293906,6.517479632876147,5.362483242239868,4.393111271527276,4.650922965865732,5.455295452201712,30.060843559863876,0.0
./Eplus-env-08-19_thermostat_rbc_eco_year_2023_case_3_rep_0_zone_0_onoffseed_10_tempseed_30_comforttemp_20_setbacktemp_13_paper2_final_runs_v4-res1,2023,3,0,0,10,30,20,13,0.1237496132824585,0.3918737753944519,1.2374961328245848,3.7743632051149842,16.964009487470353,20.85180983809426,9.642157368258223,5.7131071465401675,5.692482210993091,5.527482726616479,30.081468495410952,0.0
./Eplus-env-08-19_thermostat_rbc_eco_year_2023_case_5_rep_0_zone_0_onoffseed_15_tempseed_10_comforttemp_20_setbacktemp_17_paper2_final_runs_v4-res1,2023,5,0,0,15,10,20,17,0.0,1.289058471692276,6.816541198308755,5.970918840878622,6.5587295039703,19.33587707538414,21.71805713107147,9.064659172940084,6.6824791172527584,5.517170258842941,17.046509229658657,0.0
./Eplus-env-08-19_thermostat_rbc_eco_year_2023_case_7_rep_0_zone_0_onoffseed_15_tempseed_42_comforttemp_20_setbacktemp_13_paper2_final_runs_v4-res1,2023,7,0,0,15,42,20,13,2.5574920078374754,4.527173352583273,6.950603279364752,16.33494895328452,19.85150046406105,7.76528823347427,6.1771681963493865,6.300917809631845,5.414045581107559,4.393111271527276,18.180880684747862,1.5468701660307311
./Eplus-env-08-19_thermostat_rbc_eco_year_2022_case_11_rep_0_zone_0_onoffseed_5_tempseed_42_comforttemp_20_setbacktemp_13_paper2_final_runs_v4-res1,2022,11,0,0,5,42,20,13,0.0,0.0,0.1237496132824585,6.5999793750644535,36.660822934928326,13.148396411261215,7.012478086005982,5.857481695369702,5.249046096730948,5.104671547901413,20.243374239455502,0.0
./Eplus-env-08-19_thermostat_rbc_eco_year_2023_case_6_rep_0_zone_9_onoffseed_5_tempseed_42_comforttemp_21_setbacktemp_17_paper2_final_runs_v4-res1,2023,6,0,9,5,42,21,17,0.0,0.0,0.0,5.352170774466329,35.00051562338868,19.469939156440137,7.1568526348355155,5.970918840878622,5.661544807672476,4.908734660204187,16.479323502114056,0.0
./Eplus-env-08-19_thermostat_rbc_eco_year_2023_case_6_rep_0_zone_9_onoffseed_5_tempseed_42_comforttemp_20_setbacktemp_17_paper2_final_runs_v4-res1,2023,6,0,9,5,42,20,17,0.0,0.0,0.9693719707125915,30.09178096318449,23.883675363514488,7.13622769928844,5.383108177786944,5.764669485407858,5.383108177786944,4.527173352583273,16.86088480973497,0.0
./Eplus-env-08-19_thermostat_rbc_eco_year_2023_case_13_rep_0_zone_9_onoffseed_5_tempseed_42_comforttemp_21_setbacktemp_17_paper2_final_runs_v4-res1,2023,13,0,9,5,42,21,17,0.0,0.0,0.0,1.639682375992575,12.53996081262246,30.53521707744663,9.126533979581314,5.403733113334021,5.084046612354336,5.847169227596163,29.823656801072495,0.0
./Eplus-env-08-19_thermostat_rbc_eco_year_2022_case_10_rep_0_zone_0_onoffseed_10_tempseed_30_comforttemp_20_setbacktemp_13_paper2_final_runs_v4-res1,2022,10,0,0,10,30,20,13,0.7940600185624419,2.206868103537176,3.3206146230793028,3.9496751572651334,14.447767350727029,25.028359286377228,9.013096834072394,6.094668454161081,5.032484273486645,5.145921418995566,24.265236671135405,0.7012478086005981
./Eplus-env-08-19_thermostat_rbc_eco_year_2023_case_11_rep_0_zone_0_onoffseed_5_tempseed_10_comforttemp_20_setbacktemp_13_paper2_final_runs_v4-res1,2023,11,0,0,5,10,20,13,0.0,0.0,0.0,0.0,0.17531195215014952,10.12684335361452,44.96235949262658,13.055584201299371,7.229039909250283,5.847169227596163,18.603691863462927,0.0
./Eplus-env-08-19_thermostat_rbc_eco_year_2022_case_10_rep_0_zone_0_onoffseed_10_tempseed_42_comforttemp_20_setbacktemp_15_paper2_final_runs_v4-res1,2022,10,0,0,10,42,20,15,1.7118696504073425,3.0009281220996185,3.9496751572651334,11.745900794060018,25.750232030524906,9.755594513767145,6.022481179746313,5.310920903372177,4.815922450242343,5.053109209033722,22.5636794885016,0.31968650097968443
./Eplus-env-08-19_thermostat_rbc_eco_year_2022_case_10_rep_0_zone_0_onoffseed_10_tempseed_10_comforttemp_20_setbacktemp_17_paper2_final_runs_v4-res1,2022,10,0,0,10,10,20,17,0.0,0.48468598535629576,3.588738785191296,3.9703000928122103,3.8362380117562136,16.211199340002064,26.9361658244818,8.848097349695783,6.1668557285758485,5.774981953181396,24.182736928947097,0.0
./Eplus-env-08-19_thermostat_rbc_eco_year_2023_case_10_rep_0_zone_0_onoffseed_15_tempseed_42_comforttemp_20_setbacktemp_15_paper2_final_runs_v4-res1,2023,10,0,0,15,42,20,15,2.6399917500257812,4.207486851603589,6.486542229555532,14.530267092915336,21.192121274621016,7.662163555738887,6.1668557285758485,5.795606888728472,5.6409198721254,5.393420645560482,19.944312674022893,0.3403114365267609
./Eplus-env-08-19_thermostat_rbc_eco_year_2022_case_7_rep_0_zone_9_onoffseed_5_tempseed_42_comforttemp_20_setbacktemp_15_paper2_final_runs_v4-res1,2022,7,0,9,5,42,20,15,0.0,0.08249974218830566,9.363720738372692,26.544292049087346,17.005259358564505,6.146230793028772,5.228421161183872,4.743735175827576,4.754047643601114,4.970609466845416,21.161183871300402,0.0
./Eplus-env-08-19_thermostat_rbc_eco_year_2022_case_2_rep_0_zone_0_onoffseed_5_tempseed_15_comforttemp_20_setbacktemp_15_paper2_final_runs_v4-res1,2022,2,0,0,5,15,20,15,0.0,0.0,0.0,0.0,0.0,0.2681241621119934,12.7668351036403,43.68361348870785,12.632773022584304,7.280602248117975,23.368051974837577,0.0
./Eplus-env-08-19_thermostat_rbc_eco_year_2022_case_2_rep_0_zone_0_onoffseed_10_tempseed_15_comforttemp_20_setbacktemp_17_paper2_final_runs_v4-res1,2022,2,0,0,10,15,20,17,0.0,0.48468598535629576,2.619366814478705,3.702175930700217,4.145612044962359,4.949984531298339,23.275239764875735,24.03836238011756,8.57997318758379,5.991543776425699,22.2130555842013,0.0
./Eplus-env-08-19_thermostat_rbc_eco_year_2022_case_2_rep_0_zone_0_onoffseed_10_tempseed_10_comforttemp_20_setbacktemp_17_paper2_final_runs_v4-res1,2022,2,0,0,10,10,20,17,0.0,0.8043724863359802,3.9187377539445194,3.7434258017943693,4.073424770547592,19.96493760956997,25.059296689697845,8.693410333092709,5.774981953181396,5.7543570176343195,22.2130555842013,0.0
./Eplus-env-08-19_thermostat_rbc_eco_year_2022_case_10_rep_0_zone_0_onoffseed_15_tempseed_42_comforttemp_20_setbacktemp_15_paper2_final_runs_v4-res1,2022,10,0,0,15,42,20,15,3.0112405898731565,4.269361658244818,5.609982468804785,13.560895122202743,20.69712282149118,9.116221511807776,5.455295452201712,5.156233886769104,4.712797772506961,5.114984015674951,22.85242858616067,0.4434361142621429
./Eplus-env-08-19_thermostat_rbc_eco_year_2023_case_11_rep_0_zone_0_onoffseed_5_tempseed_15_comforttemp_20_setbacktemp_13_paper2_final_runs_v4-res1,2023,11,0,0,5,15,20,13,0.0,0.0,0.0,0.0,0.0,0.35062390430029905,12.158399505001546,46.3442301742807,13.385583170052593,7.259977312570898,20.501185933793955,0.0
./Eplus-env-08-19_thermostat_rbc_eco_year_2023_case_6_rep_0_zone_0_onoffseed_15_tempseed_10_comforttemp_20_setbacktemp_13_paper2_final_runs_v4-res1,2023,6,0,0,15,10,20,13,1.0518717129008972,2.1862431679901,4.166236980509436,6.837166133855832,7.002165618232444,18.438692379086316,20.243374239455502,9.539032690522841,6.538104568423224,5.589357533257709,17.459007940600184,0.9487470351655151
./Eplus-env-08-19_thermostat_rbc_eco_year_2023_case_4_rep_0_zone_0_onoffseed_5_tempseed_30_comforttemp_20_setbacktemp_13_paper2_final_runs_v4-res1,2023,4,0,0,5,30,20,13,0.0,0.0,0.0,0.05156233886769104,6.5999793750644535,23.1308652160462,17.572445086109106,8.621223058677941,6.290605341858306,5.7543570176343195,31.97896256574198,0.0
./Eplus-env-08-19_thermostat_rbc_eco_year_2023_case_3_rep_0_zone_0_onoffseed_15_tempseed_42_comforttemp_20_setbacktemp_15_paper2_final_runs_v4-res1,2023,3,0,0,15,42,20,15,0.4640610498092193,1.6190574404454987,3.908425286170981,14.086830978653191,18.479942250180468,10.229968031349902,6.527792100649686,5.011859337939569,4.8262349180158814,5.001546870166031,29.813344333298957,0.030937403320614624
./Eplus-env-08-19_thermostat_rbc_eco_year_2023_case_11_rep_0_zone_0_onoffseed_10_tempseed_42_comforttemp_20_setbacktemp_13_paper2_final_runs_v4-res1,2023,11,0,0,10,42,20,13,1.9284314736516448,3.16592760647623,4.454986078168506,16.88150974528205,24.553985768794472,8.043724863359802,6.280292874084768,5.919356502010931,5.496545323295865,4.7746725791481905,17.15994637516758,1.340620810559967
./Eplus-env-08-19_thermostat_rbc_eco_year_2023_case_9_rep_0_zone_0_onoffseed_10_tempseed_10_comforttemp_20_setbacktemp_17_paper2_final_runs_v4-res1,2023,9,0,0,10,10,20,17,0.0,0.0,0.23718675879137877,1.1240589873156646,2.5574920078374754,11.580901309683407,24.93554707641539,13.416520573373209,7.796225636794885,6.239043002990615,32.113024646797975,0.0
./Eplus-env-08-18_thermostat_rbc_eco_year_2023_case_10_rep_0_zone_0_onoffseed_5_tempseed_42_comforttemp_20_setbacktemp_13_paper2_final_runs_v4-res1,2023,10,0,0,5,42,20,13,0.0,0.0,0.0,3.5784263174177577,41.8892440961122,10.106218418067444,6.362792616273075,5.909044034237393,5.826544292049087,5.599670001031247,20.7280602248118,0.0
./Eplus-env-08-18_thermostat_rbc_eco_year_2022_case_0_rep_0_zone_0_onoffseed_10_tempseed_15_comforttemp_20_setbacktemp_13_paper2_final_runs_v4-res1,2022,0,0,0,10,15,20,13,0.5774981953181396,1.2271836650510468,2.289367845725482,3.68155099515314,3.8671754150768276,6.1874806641229245,21.34680829122409,24.584923172115086,9.044034237393008,6.218418067443539,20.521810869341035,0.45374858203568114
./Eplus-env-08-19_thermostat_rbc_eco_year_2023_case_9_rep_0_zone_0_onoffseed_15_tempseed_42_comforttemp_20_setbacktemp_13_paper2_final_runs_v4-res1,2023,9,0,0,15,42,20,13,0.17531195215014952,0.6393730019593689,2.227493039084253,8.45622357430133,17.407445601732494,13.643394864391048,9.270908528410848,6.465917294008457,5.929668969784469,5.6409198721254,30.1227183665051,0.020624935547076416
./Eplus-env-08-19_thermostat_rbc_eco_year_2023_case_13_rep_0_zone_9_onoffseed_5_tempseed_42_comforttemp_18_setbacktemp_17_paper2_final_runs_v4-res1,2023,13,0,9,5,42,18,17,0.010312467773538208,5.383108177786944,22.2130555842013,9.704032174899453,7.198102505929669,5.372795710013406,5.022171805713107,5.011859337939569,4.403423739300814,5.414045581107559,30.267092915334636,0.0
./Eplus-env-08-19_thermostat_rbc_eco_year_2023_case_13_rep_0_zone_9_onoffseed_5_tempseed_42_comforttemp_20_setbacktemp_15_paper2_final_runs_v4-res1,2023,13,0,9,5,42,20,15,0.0,0.020624935547076416,5.475920387748788,17.65494482829741,19.098690316592762,7.239352377023822,5.692482210993091,4.537485820356811,4.754047643601114,5.455295452201712,30.071156027637414,0.0
./Eplus-env-08-19_thermostat_rbc_eco_year_2023_case_2_rep_0_zone_0_onoffseed_15_tempseed_10_comforttemp_20_setbacktemp_17_paper2_final_runs_v4-res1,2023,2,0,0,15,10,20,17,0.0,1.4024956172011962,5.898731566463855,5.816231824275549,6.919665876044137,20.76931009590595,19.696813447457977,8.92028462411055,6.507167165102609,5.414045581107559,18.655254202330617,0.0
./Eplus-env-08-19_thermostat_rbc_eco_year_2023_case_5_rep_0_zone_9_onoffseed_5_tempseed_42_comforttemp_20_setbacktemp_13_paper2_final_runs_v4-res1,2023,5,0,9,5,42,20,13,0.0,1.8046818603691863,14.49932968959472,24.409611219964937,15.912137774569453,6.5587295039703,5.341858306692791,5.692482210993091,5.06342167680726,4.908734660204187,15.809013096834073,0.0
./Eplus-env-08-19_thermostat_rbc_eco_year_2022_case_13_rep_0_zone_0_onoffseed_15_tempseed_10_comforttemp_20_setbacktemp_13_paper2_final_runs_v4-res1,2022,13,0,0,15,10,20,13,0.05156233886769104,0.23718675879137877,0.9281220996184386,1.979993812519336,4.3415489326595855,13.40620810559967,22.45024234299268,9.178096318449006,6.837166133855832,6.373105084046612,34.16520573373209,0.05156233886769104
./Eplus-env-08-19_thermostat_rbc_eco_year_2022_case_13_rep_0_zone_0_onoffseed_10_tempseed_15_comforttemp_20_setbacktemp_13_paper2_final_runs_v4-res1,2022,13,0,0,10,15,20,13,0.09281220996184388,0.05156233886769104,0.1546870166030731,0.5568732597710633,1.876869134783954,4.011549963906362,14.911828400536248,25.32742085180984,10.075281014746828,7.6002887490976585,35.34082705991543,0.0
./Eplus-env-08-19_thermostat_rbc_eco_year_2023_case_12_rep_0_zone_9_onoffseed_5_tempseed_42_comforttemp_21_setbacktemp_17_paper2_final_runs_v4-res1,2023,12,0,9,5,42,21,17,0.0,0.0,0.0,4.052799835000516,27.235227389914407,26.338042693616583,8.404661235433638,5.774981953181396,5.888419098690316,4.279674126018356,18.02619366814479,0.0
./Eplus-env-08-19_thermostat_rbc_eco_year_2022_case_12_rep_0_zone_9_onoffseed_5_tempseed_42_comforttemp_19_setbacktemp_17_paper2_final_runs_v4-res1,2022,12,0,9,5,42,19,17,0.0,0.06187480664122925,17.07744663297927,29.906156543260803,7.744663297927194,5.651232339898938,4.970609466845416,4.929359595751263,4.444673610394967,4.8262349180158814,20.387748788285037,0.0
./Eplus-env-08-19_thermostat_rbc_eco_year_2022_case_6_rep_0_zone_0_onoffseed_15_tempseed_30_comforttemp_20_setbacktemp_17_paper2_final_runs_v4-res1,2022,6,0,0,15,30,20,17,0.0,2.567804475611014,7.662163555738887,5.599670001031247,16.489635969887594,22.367742600804373,8.384036299886564,5.919356502010931,5.187171290089719,5.073734144580798,20.748685160358875,0.0
./Eplus-env-08-19_thermostat_rbc_eco_year_2023_case_6_rep_0_zone_0_onoffseed_10_tempseed_30_comforttemp_20_setbacktemp_15_paper2_final_runs_v4-res1,2023,6,0,0,10,30,20,15,1.4231205527482726,2.6503042177993192,4.207486851603589,5.145921418995566,18.789316283386615,24.306486542229557,8.487160977621945,6.630916778385068,5.847169227596163,4.681860369186346,17.737444570485717,0.09281220996184388
./Eplus-env-08-18_thermostat_rbc_eco_year_2023_case_0_rep_0_zone_0_onoffseed_5_tempseed_30_comforttemp_20_setbacktemp_13_paper2_final_runs_v4-res1,2023,0,0,0,5,30,20,13,0.0,0.0,0.0,0.16499948437661133,7.930287717850881,43.46705166546354,12.612148087037228,7.5899762813241205,5.970918840878622,5.506857791069403,16.75776013199959,0.0
./Eplus-env-08-19_thermostat_rbc_eco_year_2022_case_5_rep_0_zone_0_onoffseed_15_tempseed_15_comforttemp_20_setbacktemp_13_paper2_final_runs_v4-res1,2022,5,0,0,15,15,20,13,0.5878106630916778,1.5984325048984223,3.464989171908838,5.3006084355986385,5.548107662163556,6.589666907290914,17.830256780447563,22.182118180880686,8.435598638754254,6.837166133855832,20.552748272661646,1.0724966484479737
./Eplus-env-08-19_thermostat_rbc_eco_year_2023_case_4_rep_0_zone_0_onoffseed_15_tempseed_30_comforttemp_20_setbacktemp_17_paper2_final_runs_v4-res1,2023,4,0,0,15,30,20,17,0.0,0.19593688769722595,1.1756213261833557,4.08373723832113,12.179024440548623,19.21212746210168,12.622460554810766,7.713725894606579,5.970918840878622,5.86779416314324,30.978653191708776,0.0
./Eplus-env-08-19_thermostat_rbc_eco_year_2022_case_11_rep_0_zone_0_onoffseed_10_tempseed_30_comforttemp_20_setbacktemp_13_paper2_final_runs_v4-res1,2022,11,0,0,10,30,20,13,1.1343714550892028,2.5884294111580903,3.3618644941734557,4.207486851603589,17.510570279467878,24.883984737547696,8.466536042074868,5.702794678766629,5.135608951222028,5.249046096730948,20.800247499226565,0.9590595029390534
./Eplus-env-08-19_thermostat_rbc_eco_year_2023_case_2_rep_0_zone_9_onoffseed_5_tempseed_42_comforttemp_21_setbacktemp_15_paper2_final_runs_v4-res1,2023,2,0,9,5,42,21,15,0.0,0.0,0.0,0.1443745488295349,9.415283077240383,31.813963081365372,22.45024234299268,7.919975250077344,6.115293389708157,5.001546870166031,17.1393214396205,0.0
./Eplus-env-08-19_thermostat_rbc_eco_year_2023_case_6_rep_0_zone_0_onoffseed_10_tempseed_42_comforttemp_20_setbacktemp_17_paper2_final_runs_v4-res1,2023,6,0,0,10,42,20,17,0.0,2.6503042177993192,6.940290811591214,12.230586779416313,29.741157058884195,8.136537073321644,6.228730535217077,6.26998040631123,5.434670516654635,4.733422708054038,17.634319892750337,0.0
./Eplus-env-08-18_thermostat_rbc_eco_year_2022_case_0_rep_0_zone_0_onoffseed_15_tempseed_30_comforttemp_20_setbacktemp_17_paper2_final_runs_v4-res1,2022,0,0,0,15,30,20,17,0.0,3.3515520263999177,7.693100959059502,5.991543776425699,16.45869856656698,22.130555842012996,8.249974218830566,6.38341755182015,5.548107662163556,5.073734144580798,19.119315252139838,0.0
./Eplus-env-08-19_thermostat_rbc_eco_year_2023_case_10_rep_0_zone_0_onoffseed_5_tempseed_42_comforttemp_20_setbacktemp_15_paper2_final_runs_v4-res1,2023,10,0,0,5,42,20,15,0.0,0.0,0.0,3.464989171908838,41.30143343302052,10.652779210064969,6.73404145612045,5.939981437558008,5.970918840878622,5.682169743219553,20.25368670722904,0.0
./Eplus-env-08-18_thermostat_rbc_eco_year_2023_case_0_rep_0_zone_0_onoffseed_10_tempseed_30_comforttemp_20_setbacktemp_15_paper2_final_runs_v4-res1,2023,0,0,0,10,30,20,15,1.9284314736516448,2.691554088893472,4.155924512735898,5.218108693410333,18.80994121893369,24.832422398680006,8.703722800866247,6.26998040631123,6.084355986387543,4.8056099824688046,16.365886356605134,0.1340620810559967
./Eplus-env-08-19_thermostat_rbc_eco_year_2023_case_14_rep_0_zone_0_onoffseed_5_tempseed_42_comforttemp_20_setbacktemp_17_paper2_final_runs_v4-res1,2023,14,0,0,5,42,20,17,0.0,0.0,0.010312467773538208,3.4959265752294524,19.21212746210168,16.345261421058062,10.157780756935136,7.125915231514901,6.104980921934619,5.86779416314324,31.679901000309375,0.0
./Eplus-env-08-19_thermostat_rbc_eco_year_2023_case_14_rep_0_zone_9_onoffseed_5_tempseed_42_comforttemp_20_setbacktemp_13_paper2_final_runs_v4-res1,2023,14,0,9,5,42,20,13,0.11343714550892028,1.4540579560688873,4.929359595751263,13.364958234505517,17.03619676188512,9.095596576260698,7.1156027637413635,5.620294936578323,5.362483242239868,5.166546354542642,30.7414664329174,0.0
./Eplus-env-08-18_thermostat_rbc_eco_year_2022_case_0_rep_0_zone_9_onoffseed_5_tempseed_42_comforttemp_21_setbacktemp_13_paper2_final_runs_v4-res1,2022,0,0,9,5,42,21,13,0.0,0.010312467773538208,0.08249974218830566,0.742497679694751,10.343405176858822,24.646797978756315,25.48210786841291,10.034031143652676,5.259358564504486,4.939672063524801,18.45931731463339,0.0
./Eplus-env-08-19_thermostat_rbc_eco_year_2023_case_4_rep_0_zone_0_onoffseed_10_tempseed_10_comforttemp_20_setbacktemp_15_paper2_final_runs_v4-res1,2023,4,0,0,10,10,20,15,0.020624935547076416,0.10312467773538209,0.3918737753944519,1.2271836650510468,3.8053006084355987,14.798391255027326,22.357430133030835,12.230586779416313,7.074352892647211,6.311230277405383,31.679901000309375,0.0
./Eplus-env-08-19_thermostat_rbc_eco_year_2022_case_4_rep_0_zone_9_onoffseed_5_tempseed_42_comforttemp_18_setbacktemp_17_paper2_final_runs_v4-res1,2022,4,0,9,5,42,18,17,0.010312467773538208,4.104362173868207,17.94369392595648,10.900278436629886,8.043724863359802,6.094668454161081,5.249046096730948,5.352170774466329,5.620294936578323,5.486232855522326,31.195215014953074,0.0
./Eplus-env-08-19_thermostat_rbc_eco_year_2022_case_5_rep_0_zone_0_onoffseed_5_tempseed_10_comforttemp_20_setbacktemp_17_paper2_final_runs_v4-res1,2022,5,0,0,5,10,20,17,0.0,0.0,0.0,0.0,0.1340620810559967,9.044034237393008,44.34361142621429,12.612148087037228,6.465917294008457,6.342167680725998,21.058059193565022,0.0
./Eplus-env-08-19_thermostat_rbc_eco_year_2022_case_4_rep_0_zone_0_onoffseed_15_tempseed_30_comforttemp_20_setbacktemp_17_paper2_final_runs_v4-res1,2022,4,0,0,15,30,20,17,0.020624935547076416,0.21656182324430237,1.3199958750128906,3.5990512529648346,12.158399505001546,18.614004331236465,10.86934103330927,7.517789006909354,7.1156027637413635,6.38341755182015,32.18521192121275,0.0
./Eplus-env-08-19_thermostat_rbc_eco_year_2022_case_9_rep_0_zone_0_onoffseed_5_tempseed_30_comforttemp_20_setbacktemp_13_paper2_final_runs_v4-res1,2022,9,0,0,5,30,20,13,0.0,0.0,0.0,0.010312467773538208,4.66123543363927,22.55336702072806,15.8708879034753,8.11591213777457,7.012478086005982,7.13622769928844,34.63957925131484,0.0
./Eplus-env-08-19_thermostat_rbc_eco_year_2023_case_9_rep_0_zone_0_onoffseed_15_tempseed_30_comforttemp_20_setbacktemp_13_paper2_final_runs_v4-res1,2023,9,0,0,15,30,20,13,0.10312467773538209,0.2681241621119934,0.8559348252036713,2.9596782510054656,9.745282045993605,18.80994121893369,14.128080849747345,8.714035268639787,6.476229761781995,5.816231824275549,32.12333711457151,0.0
./Eplus-env-08-19_thermostat_rbc_eco_year_2022_case_1_rep_0_zone_0_onoffseed_5_tempseed_10_comforttemp_20_setbacktemp_17_paper2_final_runs_v4-res1,2022,1,0,0,5,10,20,17,0.0,0.0,0.0,0.0,0.07218727441476745,10.250592966896978,43.78673816644323,12.117149633907394,6.517479632876147,6.342167680725998,20.913684644735486,0.0
./Eplus-env-08-19_thermostat_rbc_eco_year_2022_case_2_rep_0_zone_0_onoffseed_10_tempseed_30_comforttemp_20_setbacktemp_13_paper2_final_runs_v4-res1,2022,2,0,0,10,30,20,13,0.9178096318449005,2.4028049912344023,3.5784263174177577,4.877797256883572,18.232443023615552,23.285552232649273,8.549035784263175,5.702794678766629,5.042796741260184,5.228421161183872,21.398370630091783,0.7837475507889038
./Eplus-env-08-19_thermostat_rbc_eco_year_2023_case_1_rep_0_zone_0_onoffseed_10_tempseed_10_comforttemp_20_setbacktemp_17_paper2_final_runs_v4-res1,2023,1,0,0,10,10,20,17,0.0,0.9590595029390534,4.3415489326595855,4.413736207074352,5.249046096730948,20.707435289264723,24.57461070434155,9.621532432711149,7.1156027637413635,5.352170774466329,17.665257296070948,0.0
./Eplus-env-08-19_thermostat_rbc_eco_year_2023_case_3_rep_0_zone_0_onoffseed_5_tempseed_15_comforttemp_20_setbacktemp_13_paper2_final_runs_v4-res1,2023,3,0,0,5,15,20,13,0.0,0.0,0.0,0.0,0.0,0.42281117871506657,16.613385583170054,30.597091884087863,10.724966484479737,7.507476539135816,34.134268330411466,0.0
./Eplus-env-08-19_thermostat_rbc_eco_year_2023_case_2_rep_0_zone_0_onoffseed_10_tempseed_15_comforttemp_20_setbacktemp_17_paper2_final_runs_v4-res1,2023,2,0,0,10,15,20,17,0.0,0.5053109209033722,2.5162421367433225,3.8671754150768276,4.939672063524801,5.702794678766629,23.553676394761265,23.64648860472311,9.704032174899453,6.6102918428379915,18.954315767763223,0.0
./Eplus-env-08-19_thermostat_rbc_eco_year_2022_case_14_rep_0_zone_0_onoffseed_10_tempseed_10_comforttemp_20_setbacktemp_13_paper2_final_runs_v4-res1,2022,14,0,0,10,10,20,13,0.030937403320614624,0.07218727441476745,0.2887490976590698,0.7321852119212128,2.3099927812725585,4.619985562545117,23.636176136949572,15.582138805816232,9.621532432711149,7.012478086005982,36.062699804063115,0.030937403320614624
./Eplus-env-08-19_thermostat_rbc_eco_year_2022_case_14_rep_0_zone_0_onoffseed_5_tempseed_42_comforttemp_20_setbacktemp_15_paper2_final_runs_v4-res1,2022,14,0,0,5,42,20,15,0.0,0.0,0.010312467773538208,3.2381148808909974,18.428379911312778,17.221821181808807,8.208724347736414,6.703104052799835,6.290605341858306,6.455604826234918,33.443332989584405,0.0
./Eplus-env-08-19_thermostat_rbc_eco_year_2022_case_1_rep_0_zone_0_onoffseed_15_tempseed_10_comforttemp_20_setbacktemp_13_paper2_final_runs_v4-res1,2022,1,0,0,15,10,20,13,1.0724966484479737,2.526554604516861,3.8053006084355987,5.228421161183872,6.878416004949985,18.52119212127462,20.32587398164381,8.353098896565948,6.094668454161081,5.774981953181396,20.459936062699803,0.9590595029390534
./Eplus-env-08-19_thermostat_rbc_eco_year_2023_case_10_rep_0_zone_0_onoffseed_15_tempseed_15_comforttemp_20_setbacktemp_13_paper2_final_runs_v4-res1,2023,10,0,0,15,15,20,13,0.5878106630916778,1.09312158399505,2.433742394555017,4.919047127977725,6.744353923893988,6.630916778385068,18.036506135918327,21.800556873259772,9.239971125090234,6.929978343817676,21.418995565638856,0.16499948437661133
./Eplus-env-08-19_thermostat_rbc_eco_year_2023_case_10_rep_0_zone_0_onoffseed_15_tempseed_30_comforttemp_20_setbacktemp_15_paper2_final_runs_v4-res1,2023,10,0,0,15,30,20,15,1.5881200371248838,3.134990203155615,5.104671547901413,7.18779003815613,14.90151593276271,20.32587398164381,8.219036815509952,6.5587295039703,6.6102918428379915,5.630607404351862,20.65587295039703,0.08249974218830566
./Eplus-env-08-19_thermostat_rbc_eco_year_2023_case_10_rep_0_zone_0_onoffseed_10_tempseed_42_comforttemp_20_setbacktemp_15_paper2_final_runs_v4-res1,2023,10,0,0,10,42,20,15,2.000618748066412,3.0524904609673094,4.640610498092194,13.963081365370734,26.17304320923997,7.259977312570898,6.074043518614005,5.579045065484171,5.23873362895741,5.671857275446015,20.098999690625966,0.247499226564917
./Eplus-env-08-19_thermostat_rbc_eco_year_2022_case_3_rep_0_zone_9_onoffseed_5_tempseed_42_comforttemp_21_setbacktemp_13_paper2_final_runs_v4-res1,2022,3,0,9,5,42,21,13,0.030937403320614624,0.43312364648860474,2.0109312158399506,3.733113334020831,11.189027534288956,23.615551201402496,9.188408786222544,6.146230793028772,5.991543776425699,5.589357533257709,32.07177477570383,0.0
./Eplus-env-08-19_thermostat_rbc_eco_year_2023_case_3_rep_0_zone_0_onoffseed_5_tempseed_15_comforttemp_20_setbacktemp_15_paper2_final_runs_v4-res1,2023,3,0,0,5,15,20,15,0.0,0.0,0.0,0.0,0.0,0.4434361142621429,16.75776013199959,30.153655769825722,11.333402083118491,7.641538620191812,33.67020728060225,0.0
./Eplus-env-08-18_thermostat_rbc_eco_year_2023_case_10_rep_0_zone_0_onoffseed_5_tempseed_30_comforttemp_20_setbacktemp_13_paper2_final_runs_v4-res1,2023,10,0,0,5,30,20,13,0.0,0.0,0.0,0.0,4.8571723213364955,43.43611426214294,11.704650922965866,7.352789522532742,6.32154274517892,5.589357533257709,20.738372692585337,0.0
./Eplus-env-08-18_thermostat_rbc_eco_year_2023_case_0_rep_0_zone_0_onoffseed_15_tempseed_30_comforttemp_20_setbacktemp_15_paper2_final_runs_v4-res1,2023,0,0,0,15,30,20,15,2.691554088893472,3.671238527379602,6.084355986387543,7.5899762813241205,18.335567701350932,19.83087552851397,8.63153552645148,6.826853666082293,5.548107662163556,4.88810972465711,15.53057646694854,0.3712488398473755
./Eplus-env-08-18_thermostat_rbc_eco_year_2023_case_0_rep_0_zone_9_onoffseed_5_tempseed_42_comforttemp_19_setbacktemp_13_paper2_final_runs_v4-res1,2023,0,0,9,5,42,19,13,0.45374858203568114,11.601526245230485,24.32711147777663,16.582448179849436,5.805919356502011,5.094359080127875,5.444982984428174,5.558420129937094,5.084046612354336,4.568423223677426,15.47901412808085,0.0
./Eplus-env-08-18_thermostat_rbc_eco_year_2022_case_0_rep_0_zone_9_onoffseed_5_tempseed_42_comforttemp_19_setbacktemp_13_paper2_final_runs_v4-res1,2022,0,0,9,5,42,19,13,0.5774981953181396,11.374651954212643,22.048056099824688,17.675569763844486,6.1977931318964625,4.568423223677426,4.733422708054038,4.7849850469217285,4.8056099824688046,5.053109209033722,18.180880684747862,0.0
./Eplus-env-08-19_thermostat_rbc_eco_year_2022_case_6_rep_0_zone_9_onoffseed_5_tempseed_42_comforttemp_19_setbacktemp_17_paper2_final_runs_v4-res1,2022,6,0,9,5,42,19,17,0.0,0.06187480664122925,17.14963390739404,31.607713725894605,7.806538104568424,4.8571723213364955,4.8262349180158814,4.867484789110034,4.413736207074352,4.619985562545117,19.789625657419823,0.0
./Eplus-env-08-19_thermostat_rbc_eco_year_2023_case_4_rep_0_zone_0_onoffseed_15_tempseed_15_comforttemp_20_setbacktemp_13_paper2_final_runs_v4-res1,2023,4,0,0,15,15,20,13,0.020624935547076416,0.1237496132824585,0.3093740332061462,0.7528101474682891,3.021553057646695,6.32154274517892,16.066824791172525,22.45024234299268,11.611838713004023,6.32154274517892,32.999896875322264,0.0
./Eplus-env-08-19_thermostat_rbc_eco_year_2022_case_3_rep_0_zone_0_onoffseed_10_tempseed_10_comforttemp_20_setbacktemp_17_paper2_final_runs_v4-res1,2022,3,0,0,10,10,20,17,0.010312467773538208,0.1237496132824585,0.897184696297824,1.732494585954419,3.929050221718057,18.665566670104155,19.73806331855213,9.301845931731464,6.764978859441065,6.218418067443539,32.61833556770135,0.0
./Eplus-env-08-19_thermostat_rbc_eco_year_2022_case_3_rep_0_zone_0_onoffseed_10_tempseed_30_comforttemp_20_setbacktemp_17_paper2_final_runs_v4-res1,2022,3,0,0,10,30,20,17,0.010312467773538208,0.27843662988553164,1.49530782716304,3.2999896875322268,15.70588841909869,18.840878622254305,8.7449726719604,6.981540682685367,6.022481179746313,5.7337320820872435,32.886459729813346,0.0
./Eplus-env-08-19_thermostat_rbc_eco_year_2022_case_4_rep_0_zone_0_onoffseed_15_tempseed_42_comforttemp_20_setbacktemp_15_paper2_final_runs_v4-res1,2022,4,0,0,15,42,20,15,0.4021862431679901,0.938434567391977,2.897803444364236,9.972156337011446,16.04619985562545,12.53996081262246,7.24966484479736,6.878416004949985,6.32154274517892,5.929668969784469,30.73115396514386,0.09281220996184388
./Eplus-env-08-19_thermostat_rbc_eco_year_2023_case_11_rep_0_zone_0_onoffseed_15_tempseed_42_comforttemp_20_setbacktemp_15_paper2_final_runs_v4-res1,2023,11,0,0,15,42,20,15,3.39280189749407,4.516860884809735,6.5999793750644535,16.561823244302364,20.439311127152727,8.064349798906878,5.98123130865216,5.7337320820872435,5.599670001031247,4.8365473857894195,17.562132618335568,0.7115602763741363
./Eplus-env-08-19_thermostat_rbc_eco_year_2023_case_14_rep_0_zone_0_onoffseed_15_tempseed_42_comforttemp_20_setbacktemp_15_paper2_final_runs_v4-res1,2023,14,0,0,15,42,20,15,0.1546870166030731,0.5362483242239868,2.629679282252243,8.105599670001032,16.706197793131896,13.798081880994124,8.961534495204702,6.476229761781995,5.579045065484171,5.898731566463855,31.153965143858926,0.0
./Eplus-env-08-19_thermostat_rbc_eco_year_2022_case_1_rep_0_zone_0_onoffseed_5_tempseed_15_comforttemp_20_setbacktemp_13_paper2_final_runs_v4-res1,2022,1,0,0,5,15,20,13,0.0,0.0,0.0,0.0,0.0,0.3918737753944519,12.333711457151697,45.02423429926781,12.189336908322161,7.218727441476745,22.84211611838713,0.0
./Eplus-env-08-19_thermostat_rbc_eco_year_2023_case_7_rep_0_zone_0_onoffseed_5_tempseed_30_comforttemp_20_setbacktemp_13_paper2_final_runs_v4-res1,2023,7,0,0,5,30,20,13,0.0,0.0,0.0,0.08249974218830566,8.363411364339486,42.00268124162112,11.78715066515417,6.5587295039703,6.476229761781995,5.2696710322780245,19.4596266886666,0.0
./Eplus-env-08-19_thermostat_rbc_eco_year_2022_case_13_rep_0_zone_0_onoffseed_5_tempseed_15_comforttemp_20_setbacktemp_15_paper2_final_runs_v4-res1,2022,13,0,0,5,15,20,15,0.0,0.0,0.0,0.0,0.0,0.05156233886769104,10.498092193461895,32.61833556770135,12.271836650510467,7.930287717850881,36.62988553160771,0.0
./Eplus-env-08-19_thermostat_rbc_eco_year_2023_case_13_rep_0_zone_0_onoffseed_10_tempseed_30_comforttemp_20_setbacktemp_15_paper2_final_runs_v4-res1,2023,13,0,0,10,30,20,15,0.05156233886769104,0.4021862431679901,1.1137465195421266,2.382180055687326,12.911209652469836,23.739300814684956,10.374342580179437,6.208105599670001,5.104671547901413,5.805919356502011,31.906775291327214,0.0
./Eplus-env-08-19_thermostat_rbc_eco_year_2023_case_12_rep_0_zone_0_onoffseed_10_tempseed_30_comforttemp_20_setbacktemp_13_paper2_final_runs_v4-res1,2023,12,0,0,10,30,20,13,1.0209343095802825,2.083118490254718,3.6403011240589875,5.207796225636795,18.59337939568939,23.811488089099722,8.755285139733939,6.661854181705682,5.950293905331546,5.321233371145715,18.387130040218626,0.5671857275446014
./Eplus-env-08-19_thermostat_rbc_eco_year_2023_case_7_rep_0_zone_9_onoffseed_5_tempseed_42_comforttemp_18_setbacktemp_15_paper2_final_runs_v4-res1,2023,7,0,9,5,42,18,15,0.4021862431679901,24.62617304320924,22.027431164277612,5.785294420954934,4.712797772506961,4.8262349180158814,5.125296483448489,5.145921418995566,5.2902959678251005,4.619985562545117,17.438383005053108,0.0
./Eplus-env-08-19_thermostat_rbc_eco_year_2022_case_7_rep_0_zone_0_onoffseed_15_tempseed_10_comforttemp_20_setbacktemp_13_paper2_final_runs_v4-res1,2022,7,0,0,15,10,20,13,0.8456223574301331,1.9696813447457977,3.846550479529751,5.651232339898938,6.38341755182015,17.85088171599464,20.583685675982263,8.157162008868722,6.1874806641229245,5.960606373105084,21.656182324430237,0.9074971640713623
./Eplus-env-08-18_thermostat_rbc_eco_year_2022_case_0_rep_0_zone_0_onoffseed_5_tempseed_42_comforttemp_20_setbacktemp_13_paper2_final_runs_v4-res1,2022,0,0,0,5,42,20,13,0.0,0.0,0.06187480664122925,6.713416520573373,38.455192327523974,12.632773022584304,6.950603279364752,5.960606373105084,4.743735175827576,5.114984015674951,19.366814478704754,0.0
./Eplus-env-08-18_thermostat_rbc_eco_year_2023_case_0_rep_0_zone_0_onoffseed_5_tempseed_30_comforttemp_20_setbacktemp_15_paper2_final_runs_v4-res1,2023,0,0,0,5,30,20,15,0.0,0.0,0.0,0.07218727441476745,7.796225636794885,43.58048881097247,12.168711972775085,7.5796638135505825,6.6515417139321436,5.424358048881097,16.72682272867897,0.0
./Eplus-env-08-18_thermostat_rbc_eco_year_2023_case_0_rep_0_zone_0_onoffseed_15_tempseed_42_comforttemp_20_setbacktemp_17_paper2_final_runs_v4-res1,2023,0,0,0,15,42,20,17,0.0,4.609673094771579,10.12684335361452,13.829019284314736,25.069609157471383,8.084974734453954,6.15654326080231,6.012168711972775,5.341858306692791,4.681860369186346,16.087449726719605,0.0
./Eplus-env-08-19_thermostat_rbc_eco_year_2022_case_2_rep_0_zone_0_onoffseed_5_tempseed_15_comforttemp_20_setbacktemp_13_paper2_final_runs_v4-res1,2022,2,0,0,5,15,20,13,0.0,0.0,0.0,0.0,0.0,0.38156130762091367,13.107146540167061,43.52892647210477,12.395586263792925,7.167165102609055,23.41961431370527,0.0
./Eplus-env-08-19_thermostat_rbc_eco_year_2023_case_1_rep_0_zone_0_onoffseed_15_tempseed_30_comforttemp_20_setbacktemp_15_paper2_final_runs_v4-res1,2023,1,0,0,15,30,20,15,2.536867072290399,3.6403011240589875,5.888419098690316,7.290914715891512,17.984943797050633,20.336186449417344,8.45622357430133,6.96091574713829,5.692482210993091,4.754047643601114,16.15963700113437,0.29906156543260803
./Eplus-env-08-19_thermostat_rbc_eco_year_2023_case_9_rep_0_zone_9_onoffseed_5_tempseed_42_comforttemp_21_setbacktemp_15_paper2_final_runs_v4-res1,2023,9,0,9,5,42,21,15,0.0,0.010312467773538208,1.1653088584098175,6.981540682685367,16.28338661441683,19.16056512323399,9.126533979581314,6.053418583066928,5.197483757863257,5.764669485407858,30.2567804475611,0.0
./Eplus-env-08-19_thermostat_rbc_eco_year_2022_case_9_rep_0_zone_9_onoffseed_5_tempseed_42_comforttemp_18_setbacktemp_17_paper2_final_runs_v4-res1,2022,9,0,9,5,42,18,17,0.0,3.6093637207383726,16.28338661441683,10.291842837991132,8.92028462411055,6.342167680725998,5.878106630916778,5.682169743219553,5.630607404351862,5.568732597710632,31.793338145818296,0.0
./Eplus-env-08-19_thermostat_rbc_eco_year_2023_case_9_rep_0_zone_9_onoffseed_5_tempseed_42_comforttemp_19_setbacktemp_17_paper2_final_runs_v4-res1,2023,9,0,9,5,42,19,17,0.0,0.0,10.694029081159123,18.572754460142313,8.714035268639787,8.064349798906878,6.806228730535217,5.517170258842941,5.527482726616479,5.23873362895741,30.865216046199855,0.0
./Eplus-env-08-19_thermostat_rbc_eco_year_2022_case_9_rep_0_zone_0_onoffseed_5_tempseed_10_comforttemp_20_setbacktemp_17_paper2_final_runs_v4-res1,2022,9,0,0,5,10,20,17,0.0,0.0,0.0,0.0,0.030937403320614624,6.04310611529339,26.791791275652265,14.72620398061256,9.126533979581314,7.394039393626894,35.88738785191296,0.0
./Eplus-env-08-19_thermostat_rbc_eco_year_2022_case_9_rep_0_zone_0_onoffseed_15_tempseed_42_comforttemp_20_setbacktemp_17_paper2_final_runs_v4-res1,2022,9,0,0,15,42,20,17,0.020624935547076416,0.43312364648860474,2.340930184593173,7.424976796947509,16.74744766422605,12.333711457151697,8.043724863359802,6.6824791172527584,5.702794678766629,6.6412292461586055,33.6289574095081,0.0
./Eplus-env-08-19_thermostat_rbc_eco_year_2022_case_6_rep_0_zone_0_onoffseed_5_tempseed_15_comforttemp_20_setbacktemp_17_paper2_final_runs_v4-res1,2022,6,0,0,5,15,20,17,0.0,0.0,0.0,0.0,0.020624935547076416,0.41249871094152835,11.10652779210065,45.15829638032381,13.1174590079406,7.36310199030628,22.821491182840052,0.0
./Eplus-env-08-19_thermostat_rbc_eco_year_2022_case_10_rep_0_zone_0_onoffseed_5_tempseed_30_comforttemp_20_setbacktemp_17_paper2_final_runs_v4-res1,2022,10,0,0,5,30,20,17,0.0,0.0,0.0,0.0,3.5371764463236053,41.57987006290605,12.7668351036403,7.064040424873673,5.527482726616479,5.630607404351862,23.893987831288026,0.0
./Eplus-env-08-19_thermostat_rbc_eco_year_2022_case_10_rep_0_zone_0_onoffseed_5_tempseed_42_comforttemp_20_setbacktemp_17_paper2_final_runs_v4-res1,2022,10,0,0,5,42,20,17,0.0,0.0,0.0,1.9078065381045684,38.53769206971228,13.63308239661751,6.981540682685367,5.692482210993091,5.084046612354336,5.187171290089719,22.976178199443126,0.0
./Eplus-env-08-19_thermostat_rbc_eco_year_2022_case_1_rep_0_zone_9_onoffseed_5_tempseed_42_comforttemp_19_setbacktemp_17_paper2_final_runs_v4-res1,2022,1,0,9,5,42,19,17,0.0,0.10312467773538209,16.448386098793442,31.844900484685983,7.455914200268124,5.403733113334021,5.073734144580798,5.2799835000515625,4.496235949262658,4.66123543363927,19.23275239764876,0.0
./Eplus-env-08-19_thermostat_rbc_eco_year_2022_case_6_rep_0_zone_0_onoffseed_10_tempseed_42_comforttemp_20_setbacktemp_17_paper2_final_runs_v4-res1,2022,6,0,0,10,42,20,17,0.0,2.8359286377230073,6.589666907290914,11.828400536248324,28.586160668247913,8.621223058677941,5.517170258842941,5.579045065484171,5.310920903372177,5.022171805713107,20.109312158399504,0.0
./Eplus-env-08-19_thermostat_rbc_eco_year_2022_case_12_rep_0_zone_9_onoffseed_5_tempseed_42_comforttemp_21_setbacktemp_17_paper2_final_runs_v4-res1,2022,12,0,9,5,42,21,17,0.0,0.0,0.0,5.651232339898938,32.03052490460968,19.480251624213672,6.538104568423224,5.383108177786944,4.568423223677426,5.145921418995566,21.202433742394554,0.0
./Eplus-env-08-19_thermostat_rbc_eco_year_2023_case_8_rep_0_zone_0_onoffseed_15_tempseed_10_comforttemp_20_setbacktemp_15_paper2_final_runs_v4-res1,2023,8,0,0,15,10,20,15,0.030937403320614624,0.29906156543260803,0.6703104052799835,2.330617716819635,4.754047643601114,13.777456945447044,23.512426523667113,9.477157883881612,6.404042487367227,6.022481179746313,32.72146024543673,0.0
./Eplus-env-08-19_thermostat_rbc_eco_year_2023_case_13_rep_0_zone_0_onoffseed_10_tempseed_42_comforttemp_20_setbacktemp_13_paper2_final_runs_v4-res1,2023,13,0,0,10,42,20,13,0.22687429101784057,0.6290605341858306,2.0728060224811795,11.549963906362793,22.109930906465916,10.601216871197277,6.754666391667525,4.877797256883572,4.764360111374652,5.517170258842941,30.854903578426317,0.04124987109415283
./Eplus-env-08-19_thermostat_rbc_eco_year_2022_case_4_rep_0_zone_0_onoffseed_10_tempseed_42_comforttemp_20_setbacktemp_17_paper2_final_runs_v4-res1,2022,4,0,0,10,42,20,17,0.020624935547076416,0.3093740332061462,1.990306280292874,10.12684335361452,16.67526038981128,13.004021862431681,6.826853666082293,6.6412292461586055,6.1771681963493865,6.04310611529339,32.18521192121275,0.0
./Eplus-env-08-19_thermostat_rbc_eco_year_2023_case_4_rep_0_zone_0_onoffseed_10_tempseed_30_comforttemp_20_setbacktemp_17_paper2_final_runs_v4-res1,2023,4,0,0,10,30,20,17,0.0,0.04124987109415283,0.8765597607507477,2.722491492214087,12.89058471692276,20.65587295039703,13.364958234505517,7.868412911209652,5.692482210993091,5.909044034237393,29.97834381767557,0.0
./Eplus-env-08-19_thermostat_rbc_eco_year_2023_case_4_rep_0_zone_9_onoffseed_5_tempseed_42_comforttemp_21_setbacktemp_15_paper2_final_runs_v4-res1,2023,4,0,9,5,42,21,15,0.0,0.07218727441476745,1.3509332783335053,5.630607404351862,14.849953593895018,22.006806228730536,8.765597607507477,6.373105084046612,5.558420129937094,5.589357533257709,29.80303186552542,0.0
./Eplus-env-08-18_thermostat_rbc_eco_year_2022_case_0_rep_0_zone_0_onoffseed_10_tempseed_10_comforttemp_20_setbacktemp_15_paper2_final_runs_v4-res1,2022,0,0,0,10,10,20,15,1.2271836650510468,2.124368361348871,3.0937403320614623,3.9703000928122103,4.908734660204187,20.635248014849953,23.57430133030834,8.590285655357327,6.104980921934619,6.032793647519852,19.61431370526967,0.1237496132824585
./Eplus-env-08-19_thermostat_rbc_eco_year_2023_case_4_rep_0_zone_0_onoffseed_10_tempseed_15_comforttemp_20_setbacktemp_17_paper2_final_runs_v4-res1,2023,4,0,0,10,15,20,17,0.0,0.0,0.2681241621119934,0.5568732597710633,1.5262452304836547,4.063112302774054,17.355883262864804,25.430545529545217,11.189027534288956,6.713416520573373,32.896772197586884,0.0
./Eplus-env-08-19_thermostat_rbc_eco_year_2023_case_9_rep_0_zone_0_onoffseed_5_tempseed_15_comforttemp_20_setbacktemp_17_paper2_final_runs_v4-res1,2023,9,0,0,5,15,20,17,0.0,0.0,0.0,0.0,0.0,0.04124987109415283,7.734350830153655,32.16458698566567,16.417448695472828,8.11591213777457,35.526451479839125,0.0
./Eplus-env-08-19_thermostat_rbc_eco_year_2022_case_12_rep_0_zone_9_onoffseed_5_tempseed_42_comforttemp_20_setbacktemp_13_paper2_final_runs_v4-res1,2022,12,0,9,5,42,20,13,0.0,1.144683922862741,9.765906981540683,20.95493451582964,21.46024543673301,6.888728472723522,4.733422708054038,5.084046612354336,4.630298030318655,4.8262349180158814,20.511498401567497,0.0
./Eplus-env-08-19_thermostat_rbc_eco_year_2023_case_12_rep_0_zone_0_onoffseed_10_tempseed_42_comforttemp_20_setbacktemp_15_paper2_final_runs_v4-res1,2023,12,0,0,10,42,20,15,2.1656182324430238,3.1246777353820767,4.692172836959885,16.28338661441683,24.141487057852945,8.45622357430133,6.218418067443539,5.960606373105084,5.702794678766629,4.8365473857894195,18.149943281427245,0.2681241621119934
./Eplus-env-08-18_thermostat_rbc_eco_year_2023_case_0_rep_0_zone_0_onoffseed_15_tempseed_30_comforttemp_20_setbacktemp_17_paper2_final_runs_v4-res1,2023,0,0,0,15,30,20,17,0.0,2.6399917500257812,8.538723316489635,6.909353408270599,17.32494585954419,22.295555326389604,8.765597607507477,6.837166133855832,5.888419098690316,4.867484789110034,15.93276271011653,0.0
./Eplus-env-08-19_thermostat_rbc_eco_year_2022_case_1_rep_0_zone_0_onoffseed_10_tempseed_10_comforttemp_20_setbacktemp_13_paper2_final_runs_v4-res1,2022,1,0,0,10,10,20,13,0.6084355986387543,1.5571826338042694,3.1762400742497676,3.8053006084355987,5.310920903372177,19.325564607610602,24.646797978756315,8.951222027431164,6.053418583066928,5.475920387748788,20.48056099824688,0.6084355986387543
./Eplus-env-08-19_thermostat_rbc_eco_year_2022_case_1_rep_0_zone_0_onoffseed_5_tempseed_15_comforttemp_20_setbacktemp_17_paper2_final_runs_v4-res1,2022,1,0,0,5,15,20,17,0.0,0.0,0.0,0.0,0.0,0.1237496132824585,11.354027018665565,45.35423326802104,12.60183561926369,7.693100959059502,22.873053521707746,0.0
./Eplus-env-08-19_thermostat_rbc_eco_year_2023_case_1_rep_0_zone_9_onoffseed_5_tempseed_42_comforttemp_19_setbacktemp_15_paper2_final_runs_v4-res1,2023,1,0,9,5,42,19,15,0.0,3.4856141074559144,30.81365370733217,18.758378880065997,5.568732597710632,5.114984015674951,5.207796225636795,5.011859337939569,4.578735691450964,4.8468598535629575,16.613385583170054,0.0
./Eplus-env-08-19_thermostat_rbc_eco_year_2022_case_1_rep_0_zone_9_onoffseed_5_tempseed_42_comforttemp_20_setbacktemp_15_paper2_final_runs_v4-res1,2022,1,0,9,5,42,20,15,0.0,0.18562441992368775,10.3640301124059,26.802103743425803,17.72713210271218,6.26998040631123,5.145921418995566,5.032484273486645,4.877797256883572,4.568423223677426,19.026503042177993,0.0
./Eplus-env-08-19_thermostat_rbc_eco_year_2023_case_12_rep_0_zone_0_onoffseed_15_tempseed_15_comforttemp_20_setbacktemp_13_paper2_final_runs_v4-res1,2023,12,0,0,15,15,20,13,0.48468598535629576,1.1653088584098175,2.5987418789316283,4.7746725791481905,6.6721666494792204,6.981540682685367,19.366814478704754,21.56337011446839,9.38434567391977,6.950603279364752,19.779313189646285,0.27843662988553164
./Eplus-env-08-18_thermostat_rbc_eco_year_2022_case_0_rep_0_zone_0_onoffseed_5_tempseed_30_comforttemp_20_setbacktemp_15_paper2_final_runs_v4-res1,2022,0,0,0,5,30,20,15,0.0,0.0,0.0,0.030937403320614624,8.487160977621945,42.38424254924203,12.354336392698773,7.125915231514901,5.352170774466329,5.393420645560482,18.87181602557492,0.0
./Eplus-env-08-19_thermostat_rbc_eco_year_2022_case_7_rep_0_zone_0_onoffseed_5_tempseed_30_comforttemp_20_setbacktemp_17_paper2_final_runs_v4-res1,2022,7,0,0,5,30,20,17,0.0,0.0,0.0,0.010312467773538208,7.950912653397959,40.8373723832113,12.333711457151697,6.899040940497062,5.692482210993091,5.620294936578323,20.65587295039703,0.0
./Eplus-env-08-19_thermostat_rbc_eco_year_2022_case_14_rep_0_zone_0_onoffseed_5_tempseed_30_comforttemp_20_setbacktemp_15_paper2_final_runs_v4-res1,2022,14,0,0,5,30,20,15,0.0,0.0,0.0,0.030937403320614624,3.959987625038672,20.95493451582964,17.314633391770652,8.322161493245334,7.734350830153655,6.311230277405383,35.371764463236055,0.0
./Eplus-env-08-19_thermostat_rbc_eco_year_2022_case_9_rep_0_zone_9_onoffseed_5_tempseed_42_comforttemp_21_setbacktemp_17_paper2_final_runs_v4-res1,2022,9,0,9,5,42,21,17,0.0,0.0,0.0,1.484995359389502,12.519335877075385,24.203361864494173,8.559348252036711,6.78560379498814,6.538104568423224,6.38341755182015,33.52583273177272,0.0
./Eplus-env-08-19_thermostat_rbc_eco_year_2023_case_8_rep_0_zone_0_onoffseed_10_tempseed_30_comforttemp_20_setbacktemp_13_paper2_final_runs_v4-res1,2023,8,0,0,10,30,20,13,0.09281220996184388,0.21656182324430237,0.9074971640713623,2.9184283799113127,13.334020831184903,23.687738475817262,9.941218933690832,6.620604310611529,5.455295452201712,5.651232339898938,31.174590079406002,0.0
./Eplus-env-08-19_thermostat_rbc_eco_year_2022_case_3_rep_0_zone_9_onoffseed_5_tempseed_42_comforttemp_18_setbacktemp_17_paper2_final_runs_v4-res1,2022,3,0,9,5,42,18,17,0.04124987109415283,4.867484789110034,21.357120758997628,8.775910075281015,7.167165102609055,5.568732597710632,5.589357533257709,4.919047127977725,5.125296483448489,4.8571723213364955,31.73146333917706,0.0
./Eplus-env-08-19_thermostat_rbc_eco_year_2023_case_9_rep_0_zone_9_onoffseed_5_tempseed_42_comforttemp_21_setbacktemp_17_paper2_final_runs_v4-res1,2023,9,0,9,5,42,21,17,0.0,0.0,0.010312467773538208,1.2065587295039704,12.044962359492626,25.956481385995666,11.209652469836032,6.713416520573373,5.517170258842941,5.599670001031247,31.7417758069506,0.0
./Eplus-env-08-19_thermostat_rbc_eco_year_2023_case_4_rep_0_zone_0_onoffseed_10_tempseed_42_comforttemp_20_setbacktemp_17_paper2_final_runs_v4-res1,2023,4,0,0,10,42,20,17,0.0,0.16499948437661133,1.990306280292874,10.518717129008971,18.24275549138909,13.952768897597196,8.146849541095184,6.218418067443539,5.321233371145715,5.558420129937094,29.885531607713727,0.0
./Eplus-env-08-19_thermostat_rbc_eco_year_2022_case_8_rep_0_zone_0_onoffseed_15_tempseed_30_comforttemp_20_setbacktemp_13_paper2_final_runs_v4-res1,2022,8,0,0,15,30,20,13,0.29906156543260803,0.47437351758275753,1.7221821181808805,3.6609260596060635,11.67371351964525,19.934000206249355,9.363720738372692,6.78560379498814,5.795606888728472,5.919356502010931,34.15489326595854,0.21656182324430237
./Eplus-env-08-19_thermostat_rbc_eco_year_2022_case_8_rep_0_zone_0_onoffseed_10_tempseed_42_comforttemp_20_setbacktemp_13_paper2_final_runs_v4-res1,2022,8,0,0,10,42,20,13,0.247499226564917,1.0724966484479737,1.835619263689801,10.621841806744355,20.42899865937919,9.14715891512839,6.73404145612045,6.352480148499535,6.084355986387543,5.053109209033722,32.23677426008044,0.18562441992368775
./Eplus-env-08-19_thermostat_rbc_eco_year_2022_case_4_rep_0_zone_0_onoffseed_5_tempseed_30_comforttemp_20_setbacktemp_15_paper2_final_runs_v4-res1,2022,4,0,0,5,30,20,15,0.0,0.0,0.0,0.16499948437661133,6.84747860162937,22.233680519748376,16.5721357120759,8.497473445395483,7.064040424873673,6.548417036196762,32.07177477570383,0.0
./Eplus-env-08-19_thermostat_rbc_eco_year_2022_case_3_rep_0_zone_9_onoffseed_5_tempseed_42_comforttemp_21_setbacktemp_15_paper2_final_runs_v4-res1,2022,3,0,9,5,42,21,15,0.0,0.0,0.42281117871506657,7.094977828194287,17.675569763844486,19.63493864081675,7.043415489326596,6.1874806641229245,5.341858306692791,5.176858822316181,31.422089305970918,0.0
./Eplus-env-08-19_thermostat_rbc_eco_year_2023_case_3_rep_0_zone_0_onoffseed_15_tempseed_10_comforttemp_20_setbacktemp_17_paper2_final_runs_v4-res1,2023,3,0,0,15,10,20,17,0.010312467773538208,0.1546870166030731,1.0106218418067443,2.784366298855316,5.7440445498607815,17.923068990409405,19.72775085077859,8.961534495204702,5.898731566463855,6.1977931318964625,31.58708879034753,0.0
./Eplus-env-08-19_thermostat_rbc_eco_year_2023_case_11_rep_0_zone_0_onoffseed_5_tempseed_42_comforttemp_20_setbacktemp_13_paper2_final_runs_v4-res1,2023,11,0,0,5,42,20,13,0.0,0.0,0.030937403320614624,6.146230793028772,41.65205733732082,10.611529338970815,6.868103537176447,5.950293905331546,5.609982468804785,5.321233371145715,17.809631844900483,0.0
./Eplus-env-08-19_thermostat_rbc_eco_year_2022_case_12_rep_0_zone_9_onoffseed_5_tempseed_42_comforttemp_20_setbacktemp_17_paper2_final_runs_v4-res1,2022,12,0,9,5,42,20,17,0.0,0.0,0.9693719707125915,28.82334742703929,22.95555326389605,6.517479632876147,5.414045581107559,4.898422192430648,4.671547901412808,4.589048159224503,21.161183871300402,0.0
./Eplus-env-08-19_thermostat_rbc_eco_year_2022_case_14_rep_0_zone_0_onoffseed_10_tempseed_15_comforttemp_20_setbacktemp_13_paper2_final_runs_v4-res1,2022,14,0,0,10,15,20,13,0.06187480664122925,0.06187480664122925,0.22687429101784057,0.4434361142621429,1.5468701660307311,3.5578013818706817,11.457151696400949,26.29679282252243,11.776838197380632,7.837475507889039,36.72269774156956,0.010312467773538208
./Eplus-env-08-19_thermostat_rbc_eco_year_2023_case_7_rep_0_zone_9_onoffseed_5_tempseed_42_comforttemp_20_setbacktemp_17_paper2_final_runs_v4-res1,2023,7,0,9,5,42,20,17,0.0,0.0,0.8765597607507477,31.050840466123542,22.223368051974838,6.404042487367227,5.517170258842941,5.548107662163556,5.702794678766629,4.8056099824688046,17.871506651541715,0.0
./Eplus-env-08-19_thermostat_rbc_eco_year_2022_case_10_rep_0_zone_9_onoffseed_5_tempseed_42_comforttemp_19_setbacktemp_13_paper2_final_runs_v4-res1,2022,10,0,9,5,42,19,13,0.17531195215014952,8.260286686604104,20.985871919150252,16.51026090543467,7.146540167061978,5.46560791997525,4.650922965865732,4.3415489326595855,4.444673610394967,4.970609466845416,23.048365473857892,0.0
./Eplus-env-08-19_thermostat_rbc_eco_year_2022_case_10_rep_0_zone_9_onoffseed_5_tempseed_42_comforttemp_18_setbacktemp_17_paper2_final_runs_v4-res1,2022,10,0,9,5,42,18,17,0.0,1.9078065381045684,35.73270083530989,9.611219964937609,6.764978859441065,5.2799835000515625,4.929359595751263,4.310611529338971,4.630298030318655,4.877797256883572,21.955243889862842,0.0
./Eplus-env-08-19_thermostat_rbc_eco_year_2023_case_7_rep_0_zone_0_onoffseed_10_tempseed_42_comforttemp_20_setbacktemp_13_paper2_final_runs_v4-res1,2023,7,0,0,10,42,20,13,1.6603073115396514,2.99061565432608,4.733422708054038,16.190574404454985,24.08992471898525,8.260286686604104,6.053418583066928,5.878106630916778,5.785294420954934,4.877797256883572,18.284005362483242,1.1962462617304321
./Eplus-env-08-19_thermostat_rbc_eco_year_2022_case_2_rep_0_zone_0_onoffseed_15_tempseed_30_comforttemp_20_setbacktemp_15_paper2_final_runs_v4-res1,2022,2,0,0,15,30,20,15,1.9593688769722597,3.929050221718057,5.176858822316181,6.115293389708157,17.77869444157987,19.73806331855213,7.610601216871197,6.022481179746313,5.496545323295865,5.424358048881097,20.263999175002578,0.48468598535629576
./Eplus-env-08-19_thermostat_rbc_eco_year_2023_case_4_rep_0_zone_0_onoffseed_5_tempseed_10_comforttemp_20_setbacktemp_17_paper2_final_runs_v4-res1,2023,4,0,0,5,10,20,17,0.0,0.0,0.0,0.0,0.04124987109415283,9.83809425595545,26.915540888934725,17.046509229658657,7.507476539135816,6.795916262761679,31.85521295245952,0.0
./Eplus-env-08-19_thermostat_rbc_eco_year_2022_case_11_rep_0_zone_0_onoffseed_15_tempseed_15_comforttemp_20_setbacktemp_17_paper2_final_runs_v4-res1,2022,11,0,0,15,15,20,17,0.0,0.8662472929772095,4.145612044962359,4.578735691450964,5.475920387748788,6.208105599670001,19.758688254099205,21.71805713107147,8.97184696297824,6.6721666494792204,21.604619985562547,0.0
./Eplus-env-08-19_thermostat_rbc_eco_year_2022_case_11_rep_0_zone_0_onoffseed_10_tempseed_10_comforttemp_20_setbacktemp_17_paper2_final_runs_v4-res1,2022,11,0,0,10,10,20,17,0.0,0.6909353408270599,4.630298030318655,4.248736722697742,4.114674641641745,19.243064865422298,26.069918531504587,8.724347736413323,5.609982468804785,5.2902959678251005,21.377745694544707,0.0
./Eplus-env-08-19_thermostat_rbc_eco_year_2023_case_11_rep_0_zone_0_onoffseed_10_tempseed_10_comforttemp_20_setbacktemp_13_paper2_final_runs_v4-res1,2023,11,0,0,10,10,20,13,0.8456223574301331,1.4746828916159638,3.062802928740848,4.3518614004331235,5.383108177786944,19.820563060740433,25.523357739507063,9.281220996184388,6.290605341858306,5.166546354542642,18.45931731463339,0.3403114365267609
./Eplus-env-08-19_thermostat_rbc_eco_year_2023_case_14_rep_0_zone_0_onoffseed_15_tempseed_10_comforttemp_20_setbacktemp_15_paper2_final_runs_v4-res1,2023,14,0,0,15,10,20,15,0.020624935547076416,0.18562441992368775,0.42281117871506657,1.185933793956894,4.042487367226977,10.42590491904713,23.18242755491389,13.23089615344952,7.693100959059502,6.218418067443539,33.391770650716715,0.0
./Eplus-env-08-19_thermostat_rbc_eco_year_2023_case_14_rep_0_zone_0_onoffseed_15_tempseed_15_comforttemp_20_setbacktemp_15_paper2_final_runs_v4-res1,2023,14,0,0,15,15,20,15,0.010312467773538208,0.1237496132824585,0.16499948437661133,0.6703104052799835,2.1862431679901,5.207796225636795,12.529648344848923,24.16211199340002,12.746210168093224,7.1052902959678255,35.09332783335052,0.0
./Eplus-env-08-19_thermostat_rbc_eco_year_2023_case_1_rep_0_zone_0_onoffseed_15_tempseed_42_comforttemp_20_setbacktemp_13_paper2_final_runs_v4-res1,2023,1,0,0,15,42,20,13,2.9596782510054656,4.475611013715582,7.394039393626894,16.314324017737444,18.851191090027843,7.9715375889450355,6.239043002990615,5.878106630916778,5.599670001031247,4.929359595751263,17.26307105290296,2.124368361348871
./Eplus-env-08-19_thermostat_rbc_eco_year_2023_case_14_rep_0_zone_9_onoffseed_5_tempseed_42_comforttemp_19_setbacktemp_13_paper2_final_runs_v4-res1,2023,14,0,9,5,42,19,13,0.3609363720738373,3.8671754150768276,12.735897700319686,15.056202949365783,8.930597091884088,6.950603279364752,6.022481179746313,5.228421161183872,5.011859337939569,5.475920387748788,30.349592657522944,0.010312467773538208
./Eplus-env-08-19_thermostat_rbc_eco_year_2022_case_9_rep_0_zone_0_onoffseed_10_tempseed_10_comforttemp_20_setbacktemp_17_paper2_final_runs_v4-res1,2022,9,0,0,10,10,20,17,0.020624935547076416,0.06187480664122925,0.3609363720738373,1.0312467773538208,2.578116943384552,10.580591935650201,23.141177683819738,10.879653501082808,8.404661235433638,6.465917294008457,36.47519851500464,0.0
./Eplus-env-08-19_thermostat_rbc_eco_year_2023_case_12_rep_0_zone_0_onoffseed_5_tempseed_42_comforttemp_20_setbacktemp_15_paper2_final_runs_v4-res1,2023,12,0,0,5,42,20,15,0.0,0.0,0.0,6.909353408270599,39.837063009178095,10.508404661235433,6.909353408270599,6.218418067443539,5.826544292049087,5.084046612354336,18.70681654119831,0.0
./Eplus-env-08-19_thermostat_rbc_eco_year_2022_case_11_rep_0_zone_9_onoffseed_5_tempseed_42_comforttemp_19_setbacktemp_17_paper2_final_runs_v4-res1,2022,11,0,9,5,42,19,17,0.0,0.06187480664122925,16.62369805094359,30.803341239558623,8.064349798906878,5.46560791997525,4.991234402392492,5.073734144580798,4.475611013715582,4.681860369186346,19.758688254099205,0.0
./Eplus-env-08-19_thermostat_rbc_eco_year_2023_case_9_rep_0_zone_0_onoffseed_5_tempseed_10_comforttemp_20_setbacktemp_15_paper2_final_runs_v4-res1,2023,9,0,0,5,10,20,15,0.0,0.0,0.0,0.0,0.020624935547076416,6.620604310611529,27.121790244405485,16.90213468082912,9.105909044034236,6.455604826234918,33.773331958337636,0.0
./Eplus-env-08-19_thermostat_rbc_eco_year_2023_case_6_rep_0_zone_0_onoffseed_15_tempseed_42_comforttemp_20_setbacktemp_13_paper2_final_runs_v4-res1,2023,6,0,0,15,42,20,13,2.7121790244405486,4.980921934618954,7.002165618232444,16.087449726719605,19.985562545117048,8.064349798906878,6.1771681963493865,5.816231824275549,5.362483242239868,4.465298545942044,17.562132618335568,1.78405692482211
./Eplus-env-08-19_thermostat_rbc_eco_year_2023_case_2_rep_0_zone_0_onoffseed_10_tempseed_30_comforttemp_20_setbacktemp_15_paper2_final_runs_v4-res1,2023,2,0,0,10,30,20,15,1.484995359389502,2.4131174590079407,3.9187377539445194,5.331545838919253,19.098690316592762,23.398989378158195,8.714035268639787,6.5999793750644535,5.795606888728472,5.114984015674951,18.046818603691865,0.08249974218830566
./Eplus-env-08-19_thermostat_rbc_eco_year_2022_case_2_rep_0_zone_0_onoffseed_5_tempseed_10_comforttemp_20_setbacktemp_17_paper2_final_runs_v4-res1,2022,2,0,0,5,10,20,17,0.0,0.0,0.0,0.0,0.07218727441476745,10.724966484479737,41.24987109415283,12.7668351036403,7.022790553779519,6.012168711972775,22.15118077756007,0.0
./Eplus-env-08-19_thermostat_rbc_eco_year_2022_case_2_rep_0_zone_0_onoffseed_5_tempseed_15_comforttemp_20_setbacktemp_17_paper2_final_runs_v4-res1,2022,2,0,0,5,15,20,17,0.0,0.0,0.0,0.0,0.0,0.20624935547076417,12.447148602660617,44.40548623285552,12.044962359492626,7.383726925853357,23.512426523667113,0.0
./Eplus-env-08-19_thermostat_rbc_eco_year_2022_case_6_rep_0_zone_0_onoffseed_10_tempseed_42_comforttemp_20_setbacktemp_13_paper2_final_runs_v4-res1,2022,6,0,0,10,42,20,13,1.6087449726719605,3.2896772197586883,4.413736207074352,15.107765288233473,23.749613282458494,8.97184696297824,5.702794678766629,5.785294420954934,5.166546354542642,4.8262349180158814,19.96493760956997,1.4128080849747344
./Eplus-env-08-18_thermostat_rbc_eco_year_2022_case_0_rep_0_zone_0_onoffseed_5_tempseed_10_comforttemp_20_setbacktemp_13_paper2_final_runs_v4-res1,2022,0,0,0,5,10,20,13,0.0,0.0,0.0,0.0,0.31968650097968443,10.168093224708672,44.096112199649376,12.756522635866762,6.1668557285758485,6.135918325255234,20.35681138496442,0.0
./Eplus-env-08-18_thermostat_rbc_eco_year_2022_case_0_rep_0_zone_0_onoffseed_15_tempseed_10_comforttemp_20_setbacktemp_17_paper2_final_runs_v4-res1,2022,0,0,0,15,10,20,17,0.0,1.938743941425183,6.352480148499535,5.671857275446015,6.300917809631845,19.531813963081365,20.459936062699803,8.435598638754254,6.373105084046612,5.671857275446015,19.26368980096937,0.0
./Eplus-env-08-18_thermostat_rbc_eco_year_2022_case_10_rep_0_zone_0_onoffseed_5_tempseed_30_comforttemp_20_setbacktemp_13_paper2_final_runs_v4-res1,2022,10,0,0,5,30,20,13,0.0,0.0,0.0,0.020624935547076416,4.640610498092194,40.76518510879654,12.230586779416313,6.6515417139321436,5.86779416314324,5.527482726616479,24.29617407445602,0.0
./Eplus-env-08-19_thermostat_rbc_eco_year_2022_case_9_rep_0_zone_0_onoffseed_5_tempseed_42_comforttemp_20_setbacktemp_17_paper2_final_runs_v4-res1,2022,9,0,0,5,42,20,17,0.0,0.0,0.0,3.423739300814685,18.108693410333093,16.15963700113437,8.85840981746932,7.18779003815613,6.6412292461586055,6.208105599670001,33.41239558626379,0.0
./Eplus-env-08-19_thermostat_rbc_eco_year_2022_case_2_rep_0_zone_9_onoffseed_5_tempseed_42_comforttemp_20_setbacktemp_15_paper2_final_runs_v4-res1,2022,2,0,9,5,42,20,15,0.0,0.07218727441476745,10.394967515726513,26.286480354748893,17.438383005053108,6.496854697329072,4.980921934618954,4.712797772506961,4.217799319377127,4.692172836959885,20.707435289264723,0.0
./Eplus-env-08-19_thermostat_rbc_eco_year_2023_case_2_rep_0_zone_9_onoffseed_5_tempseed_42_comforttemp_21_setbacktemp_17_paper2_final_runs_v4-res1,2023,2,0,9,5,42,21,17,0.0,0.0,0.0,6.404042487367227,34.59832938022069,18.71712900897185,6.5999793750644535,5.7337320820872435,5.692482210993091,4.568423223677426,17.685882231618027,0.0
./Eplus-env-08-19_thermostat_rbc_eco_year_2023_case_2_rep_0_zone_9_onoffseed_5_tempseed_42_comforttemp_19_setbacktemp_17_paper2_final_runs_v4-res1,2023,2,0,9,5,42,19,17,0.0,0.030937403320614624,17.232133649582345,32.649272971021965,6.239043002990615,5.218108693410333,4.970609466845416,5.444982984428174,5.383108177786944,5.001546870166031,17.830256780447563,0.0
./Eplus-env-08-19_thermostat_rbc_eco_year_2023_case_12_rep_0_zone_0_onoffseed_15_tempseed_10_comforttemp_20_setbacktemp_17_paper2_final_runs_v4-res1,2023,12,0,0,15,10,20,17,0.0,1.5056202949365782,5.372795710013406,6.548417036196762,6.744353923893988,18.974940703310303,20.645560482623495,8.497473445395483,6.837166133855832,5.331545838919253,19.542126430854903,0.0
./Eplus-env-08-19_thermostat_rbc_eco_year_2022_case_12_rep_0_zone_0_onoffseed_15_tempseed_15_comforttemp_20_setbacktemp_13_paper2_final_runs_v4-res1,2022,12,0,0,15,15,20,13,0.45374858203568114,1.185933793956894,2.567804475611014,4.743735175827576,5.424358048881097,6.6412292461586055,17.964318861503557,21.779931937712696,8.92028462411055,6.218418067443539,23.59492626585542,0.5053109209033722
./Eplus-env-08-19_thermostat_rbc_eco_year_2023_case_7_rep_0_zone_0_onoffseed_10_tempseed_10_comforttemp_20_setbacktemp_13_paper2_final_runs_v4-res1,2023,7,0,0,10,10,20,13,0.7321852119212128,1.3612457461070435,2.732803959987625,4.609673094771579,5.702794678766629,19.181190058781066,24.605548107662166,9.044034237393008,6.795916262761679,5.424358048881097,19.377126946478292,0.43312364648860474
./Eplus-env-08-19_thermostat_rbc_eco_year_2023_case_6_rep_0_zone_0_onoffseed_5_tempseed_15_comforttemp_20_setbacktemp_17_paper2_final_runs_v4-res1,2023,6,0,0,5,15,20,17,0.0,0.0,0.0,0.0,0.0,0.20624935547076417,11.921212746210168,47.272352273899145,13.798081880994124,6.826853666082293,19.97525007734351,0.0
./Eplus-env-08-19_thermostat_rbc_eco_year_2023_case_4_rep_0_zone_0_onoffseed_10_tempseed_10_comforttemp_20_setbacktemp_13_paper2_final_runs_v4-res1,2023,4,0,0,10,10,20,13,0.04124987109415283,0.07218727441476745,0.45374858203568114,1.185933793956894,3.4546767041352995,15.262452304836547,22.15118077756007,11.508714035268639,7.13622769928844,6.33185521295246,32.401773744457046,0.0
./Eplus-env-08-19_thermostat_rbc_eco_year_2022_case_3_rep_0_zone_0_onoffseed_5_tempseed_42_comforttemp_20_setbacktemp_17_paper2_final_runs_v4-res1,2022,3,0,0,5,42,20,17,0.0,0.0,0.09281220996184388,8.064349798906878,21.81086934103331,12.787460039187378,7.239352377023822,6.053418583066928,6.1874806641229245,5.651232339898938,32.113024646797975,0.0
./Eplus-env-08-19_thermostat_rbc_eco_year_2023_case_8_rep_0_zone_0_onoffseed_15_tempseed_15_comforttemp_20_setbacktemp_13_paper2_final_runs_v4-res1,2023,8,0,0,15,15,20,13,0.05156233886769104,0.11343714550892028,0.3918737753944519,1.09312158399505,2.9596782510054656,5.682169743219553,15.159327627101165,25.358358255130454,9.343095802825616,6.5999793750644535,33.24739610188718,0.0
./Eplus-env-08-19_thermostat_rbc_eco_year_2023_case_14_rep_0_zone_0_onoffseed_15_tempseed_42_comforttemp_20_setbacktemp_17_paper2_final_runs_v4-res1,2023,14,0,0,15,42,20,17,0.010312467773538208,0.35062390430029905,2.4646797978756316,8.198411879962874,17.809631844900483,12.900897184696298,9.085284108487162,6.764978859441065,5.393420645560482,5.857481695369702,31.164277611632464,0.0
./Eplus-env-08-19_thermostat_rbc_eco_year_2023_case_14_rep_0_zone_0_onoffseed_5_tempseed_10_comforttemp_20_setbacktemp_13_paper2_final_runs_v4-res1,2023,14,0,0,5,10,20,13,0.0,0.0,0.0,0.0,0.010312467773538208,6.001856244199237,27.0702279055378,17.15994637516758,8.827472414148705,6.362792616273075,34.567391976900076,0.0
./Eplus-env-08-19_thermostat_rbc_eco_year_2022_case_13_rep_0_zone_9_onoffseed_5_tempseed_42_comforttemp_20_setbacktemp_13_paper2_final_runs_v4-res1,2022,13,0,9,5,42,20,13,0.10312467773538209,1.3199958750128906,6.579354439517377,14.055893575332576,17.88181911931525,6.6721666494792204,5.486232855522326,5.671857275446015,5.032484273486645,5.444982984428174,31.752088274724144,0.0
./Eplus-env-08-19_thermostat_rbc_eco_year_2023_case_13_rep_0_zone_0_onoffseed_10_tempseed_15_comforttemp_20_setbacktemp_17_paper2_final_runs_v4-res1,2023,13,0,0,10,15,20,17,0.0,0.0,0.1237496132824585,0.5671857275446014,1.8871816025574921,3.629988656285449,14.757141383933176,28.88522223368052,9.198721253996082,6.476229761781995,34.47457976693823,0.0
./Eplus-env-08-18_thermostat_rbc_eco_year_2022_case_0_rep_0_zone_0_onoffseed_10_tempseed_42_comforttemp_20_setbacktemp_17_paper2_final_runs_v4-res1,2022,0,0,0,10,42,20,17,0.0,2.7534288955347015,6.806228730535217,10.745591420026813,29.67928225224296,8.930597091884088,6.548417036196762,5.568732597710632,5.011859337939569,5.197483757863257,18.758378880065997,0.0
./Eplus-env-08-18_thermostat_rbc_eco_year_2022_case_10_rep_0_zone_0_onoffseed_5_tempseed_42_comforttemp_20_setbacktemp_13_paper2_final_runs_v4-res1,2022,10,0,0,5,42,20,13,0.0,0.0,0.0,3.6918634629266784,36.619573063834174,13.354645766731979,6.135918325255234,5.537795194390018,5.352170774466329,5.630607404351862,23.677426008043724,0.0
./Eplus-env-08-18_thermostat_rbc_eco_year_2022_case_0_rep_0_zone_0_onoffseed_15_tempseed_42_comforttemp_20_setbacktemp_15_paper2_final_runs_v4-res1,2022,0,0,0,15,42,20,15,3.6918634629266784,5.125296483448489,5.579045065484171,15.252139837063009,21.305558420129938,8.559348252036711,5.898731566463855,5.403733113334021,4.877797256883572,4.743735175827576,18.789316283386615,0.7734350830153656
./Eplus-env-08-19_thermostat_rbc_eco_year_2023_case_5_rep_0_zone_0_onoffseed_5_tempseed_42_comforttemp_20_setbacktemp_17_paper2_final_runs_v4-res1,2023,5,0,0,5,42,20,17,0.0,0.0,0.0,4.3209239971125095,43.77642569866969,12.08621223058678,6.806228730535217,6.44529235846138,5.805919356502011,4.7849850469217285,15.974012581210683,0.0
./Eplus-env-08-19_thermostat_rbc_eco_year_2022_case_6_rep_0_zone_0_onoffseed_5_tempseed_15_comforttemp_20_setbacktemp_13_paper2_final_runs_v4-res1,2022,6,0,0,5,15,20,13,0.0,0.0,0.0,0.0,0.1237496132824585,0.3918737753944519,11.374651954212643,44.80767247602351,12.519335877075385,7.5796638135505825,23.20305249046097,0.0
./Eplus-env-08-19_thermostat_rbc_eco_year_2023_case_10_rep_0_zone_9_onoffseed_5_tempseed_42_comforttemp_18_setbacktemp_15_paper2_final_runs_v4-res1,2023,10,0,9,5,42,18,15,0.010312467773538208,20.171186965040736,26.028668660410435,5.249046096730948,4.166236980509436,4.3621738682066615,4.8262349180158814,5.2696710322780245,5.166546354542642,5.084046612354336,19.665876044137363,0.0
./Eplus-env-08-19_thermostat_rbc_eco_year_2022_case_11_rep_0_zone_0_onoffseed_15_tempseed_42_comforttemp_20_setbacktemp_13_paper2_final_runs_v4-res1,2022,11,0,0,15,42,20,13,2.825616169949469,4.671547901412808,5.517170258842941,14.777766319480252,19.150252655460452,8.951222027431164,6.084355986387543,5.496545323295865,4.754047643601114,5.114984015674951,20.5939981437558,2.0624935547076415
./Eplus-env-08-19_thermostat_rbc_eco_year_2022_case_7_rep_0_zone_0_onoffseed_10_tempseed_10_comforttemp_20_setbacktemp_13_paper2_final_runs_v4-res1,2022,7,0,0,10,10,20,13,0.48468598535629576,1.392183149427658,3.0112405898731565,4.063112302774054,5.166546354542642,18.24275549138909,24.91492214086831,8.487160977621945,5.909044034237393,6.280292874084768,21.57368258224193,0.47437351758275753
./Eplus-env-08-19_thermostat_rbc_eco_year_2023_case_5_rep_0_zone_0_onoffseed_15_tempseed_15_comforttemp_20_setbacktemp_15_paper2_final_runs_v4-res1,2023,5,0,0,15,15,20,15,1.144683922862741,1.7531195215014954,3.217489945343921,5.114984015674951,7.1156027637413635,6.929978343817676,19.469939156440137,20.748685160358875,9.807156852634835,6.476229761781995,18.098380942559555,0.1237496132824585
./Eplus-env-08-19_thermostat_rbc_eco_year_2023_case_2_rep_0_zone_0_onoffseed_10_tempseed_10_comforttemp_20_setbacktemp_17_paper2_final_runs_v4-res1,2023,2,0,0,10,10,20,17,0.0,1.0312467773538208,4.021862431679901,5.042796741260184,5.125296483448489,20.573373208208725,24.17242446117356,9.301845931731464,6.414354955140765,5.764669485407858,18.552129524595234,0.0
./Eplus-env-08-19_thermostat_rbc_eco_year_2023_case_11_rep_0_zone_9_onoffseed_5_tempseed_42_comforttemp_20_setbacktemp_13_paper2_final_runs_v4-res1,2023,11,0,9,5,42,20,13,0.0,0.247499226564917,1.443745488295349,10.250592966896978,24.358048881097247,22.058368567598226,8.683097865319171,5.764669485407858,5.568732597710632,4.723110240280499,16.90213468082912,0.0
./Eplus-env-08-19_thermostat_rbc_eco_year_2022_case_7_rep_0_zone_0_onoffseed_10_tempseed_10_comforttemp_20_setbacktemp_15_paper2_final_runs_v4-res1,2022,7,0,0,10,10,20,15,0.7734350830153656,1.3096834072393524,2.815303702175931,3.764050737341446,4.970609466845416,18.99556563885738,24.492110962153244,8.79653501082809,5.909044034237393,5.764669485407858,22.130555842012996,0.27843662988553164
./Eplus-env-08-19_thermostat_rbc_eco_year_2023_case_7_rep_0_zone_0_onoffseed_10_tempseed_10_comforttemp_20_setbacktemp_15_paper2_final_runs_v4-res1,2023,7,0,0,10,10,20,15,0.7528101474682891,1.7118696504073425,2.7946787666288544,4.7849850469217285,5.475920387748788,19.820563060740433,23.3474270392905,9.332783335052078,7.002165618232444,5.23873362895741,19.696813447457977,0.04124987109415283
./Eplus-env-08-19_thermostat_rbc_eco_year_2022_case_10_rep_0_zone_0_onoffseed_10_tempseed_15_comforttemp_20_setbacktemp_17_paper2_final_runs_v4-res1,2022,10,0,0,10,15,20,17,0.0,0.2578116943384552,2.382180055687326,3.2587398164380734,3.7949881406620602,3.722800866247293,18.830566154480767,26.729916469011034,8.97184696297824,6.795916262761679,25.25523357739507,0.0
./Eplus-env-08-19_thermostat_rbc_eco_year_2023_case_10_rep_0_zone_0_onoffseed_10_tempseed_10_comforttemp_20_setbacktemp_15_paper2_final_runs_v4-res1,2023,10,0,0,10,10,20,15,0.7115602763741363,1.5984325048984223,2.4028049912344023,4.228111787150665,5.001546870166031,17.056821697432195,26.358667629163655,9.219346189543158,6.362792616273075,5.950293905331546,21.109621532432712,0.0
./Eplus-env-08-19_thermostat_rbc_eco_year_2022_case_10_rep_0_zone_0_onoffseed_10_tempseed_10_comforttemp_20_setbacktemp_13_paper2_final_runs_v4-res1,2022,10,0,0,10,10,20,13,0.5156233886769104,1.3303083427864288,2.5987418789316283,3.526863978550067,4.310611529338971,16.520573373208208,26.34835516139012,8.56966071981025,5.847169227596163,5.816231824275549,24.193049396720635,0.42281117871506657
./Eplus-env-08-19_thermostat_rbc_eco_year_2023_case_6_rep_0_zone_0_onoffseed_5_tempseed_10_comforttemp_20_setbacktemp_13_paper2_final_runs_v4-res1,2023,6,0,0,5,10,20,13,0.0,0.0,0.0,0.010312467773538208,0.23718675879137877,10.095905950293906,43.67330102093431,13.138083943487677,7.022790553779519,6.249355470764153,19.57306383417552,0.0
./Eplus-env-08-19_thermostat_rbc_eco_year_2022_case_13_rep_0_zone_9_onoffseed_5_tempseed_42_comforttemp_19_setbacktemp_17_paper2_final_runs_v4-res1,2022,13,0,9,5,42,19,17,0.0,0.04124987109415283,12.03464989171909,21.429308033412394,7.858100443436114,5.651232339898938,5.7234196143137055,5.321233371145715,5.207796225636795,4.609673094771579,32.12333711457151,0.0
./Eplus-env-08-19_thermostat_rbc_eco_year_2023_case_13_rep_0_zone_0_onoffseed_5_tempseed_42_comforttemp_20_setbacktemp_15_paper2_final_runs_v4-res1,2023,13,0,0,5,42,20,15,0.0,0.0,0.030937403320614624,6.424667422914303,23.65680107249665,15.035578013818707,7.847787975662576,5.609982468804785,5.228421161183872,5.599670001031247,30.56615448076725,0.0
./Eplus-env-08-18_thermostat_rbc_eco_year_2022_case_0_rep_0_zone_0_onoffseed_5_tempseed_15_comforttemp_20_setbacktemp_13_paper2_final_runs_v4-res1,2022,0,0,0,5,15,20,13,0.0,0.0,0.0,0.0,0.0,0.35062390430029905,12.31308652160462,45.52954522017119,13.282458492317211,6.806228730535217,21.71805713107147,0.0
./Eplus-env-08-19_thermostat_rbc_eco_year_2022_case_10_rep_0_zone_9_onoffseed_5_tempseed_42_comforttemp_21_setbacktemp_17_paper2_final_runs_v4-res1,2022,10,0,9,5,42,21,17,0.0,0.0,0.0,2.732803959987625,32.26771166340105,20.47024853047334,6.868103537176447,4.692172836959885,4.939672063524801,4.640610498092194,23.388676910384653,0.0
./Eplus-env-08-19_thermostat_rbc_eco_year_2022_case_4_rep_0_zone_0_onoffseed_15_tempseed_30_comforttemp_20_setbacktemp_15_paper2_final_runs_v4-res1,2022,4,0,0,15,30,20,15,0.3403114365267609,0.47437351758275753,1.4024956172011962,3.629988656285449,11.580901309683407,18.655254202330617,10.673404145612045,7.270289780344437,7.1156027637413635,6.476229761781995,32.27802413117459,0.10312467773538209
./Eplus-env-08-19_thermostat_rbc_eco_year_2022_case_5_rep_0_zone_0_onoffseed_5_tempseed_10_comforttemp_20_setbacktemp_13_paper2_final_runs_v4-res1,2022,5,0,0,5,10,20,13,0.0,0.0,0.010312467773538208,0.17531195215014952,0.38156130762091367,8.930597091884088,44.12704960296999,12.89058471692276,6.744353923893988,5.7543570176343195,20.985871919150252,0.0
./Eplus-env-08-19_thermostat_rbc_eco_year_2022_case_5_rep_0_zone_0_onoffseed_10_tempseed_30_comforttemp_20_setbacktemp_13_paper2_final_runs_v4-res1,2022,5,0,0,10,30,20,13,1.340620810559967,2.526554604516861,3.877487882850366,4.527173352583273,16.499948437661132,26.04929359595751,9.085284108487162,5.7543570176343195,5.341858306692791,4.733422708054038,19.397751882025368,0.8662472929772095
./Eplus-env-08-19_thermostat_rbc_eco_year_2022_case_11_rep_0_zone_0_onoffseed_10_tempseed_42_comforttemp_20_setbacktemp_17_paper2_final_runs_v4-res1,2022,11,0,0,10,42,20,17,0.0,2.6709291533463957,6.373105084046612,11.983087552851398,27.9880375373827,9.281220996184388,6.04310611529339,5.506857791069403,5.166546354542642,4.8571723213364955,20.12993709394658,0.0
./Eplus-env-08-19_thermostat_rbc_eco_year_2023_case_11_rep_0_zone_0_onoffseed_5_tempseed_10_comforttemp_20_setbacktemp_15_paper2_final_runs_v4-res1,2023,11,0,0,5,10,20,15,0.0,0.0,0.0,0.0,0.1443745488295349,9.930906465917294,44.642672991646904,13.437145508920285,7.435289264721049,6.022481179746313,18.387130040218626,0.0
./Eplus-env-08-19_thermostat_rbc_eco_year_2022_case_4_rep_0_zone_0_onoffseed_5_tempseed_10_comforttemp_20_setbacktemp_13_paper2_final_runs_v4-res1,2022,4,0,0,5,10,20,13,0.0,0.0,0.0,0.010312467773538208,0.1443745488295349,9.539032690522841,25.440857997318762,13.746519542126432,9.38434567391977,7.662163555738887,34.07239352377024,0.0
./Eplus-env-08-19_thermostat_rbc_eco_year_2023_case_3_rep_0_zone_9_onoffseed_5_tempseed_42_comforttemp_18_setbacktemp_13_paper2_final_runs_v4-res1,2023,3,0,9,5,42,18,13,2.722491492214087,10.797153758894504,19.6761885119109,9.126533979581314,5.218108693410333,4.8365473857894195,4.681860369186346,3.9909250283592863,4.527173352583273,5.321233371145715,29.08115912137775,0.020624935547076416
./Eplus-env-08-19_thermostat_rbc_eco_year_2023_case_3_rep_0_zone_0_onoffseed_10_tempseed_30_comforttemp_20_setbacktemp_15_paper2_final_runs_v4-res1,2023,3,0,0,10,30,20,15,0.1340620810559967,0.4434361142621429,1.4024956172011962,3.4856141074559144,17.190883778488192,20.676497885944105,9.508095287202227,6.362792616273075,5.506857791069403,5.3006084355986385,29.988656285449107,0.0
./Eplus-env-08-19_thermostat_rbc_eco_year_2022_case_6_rep_0_zone_0_onoffseed_10_tempseed_30_comforttemp_20_setbacktemp_17_paper2_final_runs_v4-res1,2022,6,0,0,10,30,20,17,0.0,1.6809322470867278,5.805919356502011,4.3724863359802,16.200886872228523,26.62679179127565,8.311849025471796,5.909044034237393,5.444982984428174,5.620294936578323,20.026812416211197,0.0
./Eplus-env-08-19_thermostat_rbc_eco_year_2023_case_6_rep_0_zone_0_onoffseed_15_tempseed_15_comforttemp_20_setbacktemp_17_paper2_final_runs_v4-res1,2023,6,0,0,15,15,20,17,0.0,0.897184696297824,3.7743632051149842,5.475920387748788,6.857791069402907,6.424667422914303,20.449623594926265,21.924306486542232,9.301845931731464,6.352480148499535,18.541817056821696,0.0
./Eplus-env-08-19_thermostat_rbc_eco_year_2022_case_8_rep_0_zone_0_onoffseed_5_tempseed_15_comforttemp_20_setbacktemp_15_paper2_final_runs_v4-res1,2022,8,0,0,5,15,20,15,0.0,0.0,0.0,0.0,0.06187480664122925,0.18562441992368775,10.735278952253275,32.257399195627514,12.209961843869237,7.858100443436114,36.69176033824894,0.0
./Eplus-env-08-19_thermostat_rbc_eco_year_2022_case_8_rep_0_zone_0_onoffseed_5_tempseed_30_comforttemp_20_setbacktemp_15_paper2_final_runs_v4-res1,2022,8,0,0,5,30,20,15,0.0,0.0,0.010312467773538208,0.08249974218830566,8.11591213777457,24.863359802000616,12.622460554810766,7.785913169021347,6.5587295039703,6.032793647519852,33.928018974940706,0.0
./Eplus-env-08-19_thermostat_rbc_eco_year_2023_case_2_rep_0_zone_9_onoffseed_5_tempseed_42_comforttemp_18_setbacktemp_13_paper2_final_runs_v4-res1,2023,2,0,9,5,42,18,13,7.043415489326596,23.491801588120037,17.923068990409405,5.228421161183872,4.3621738682066615,4.7746725791481905,4.743735175827576,5.187171290089719,5.104671547901413,4.991234402392492,17.1393214396205,0.010312467773538208
./Eplus-env-08-19_thermostat_rbc_eco_year_2023_case_14_rep_0_zone_0_onoffseed_5_tempseed_10_comforttemp_20_setbacktemp_15_paper2_final_runs_v4-res1,2023,14,0,0,5,10,20,15,0.0,0.0,0.0,0.0,0.0,6.32154274517892,27.523976487573478,17.758069506032793,8.961534495204702,6.496854697329072,32.938022068681036,0.0
./Eplus-env-08-19_thermostat_rbc_eco_year_2023_case_5_rep_0_zone_0_onoffseed_5_tempseed_30_comforttemp_20_setbacktemp_17_paper2_final_runs_v4-res1,2023,5,0,0,5,30,20,17,0.0,0.0,0.0,0.0,6.868103537176447,44.90048468598536,12.787460039187378,7.270289780344437,6.362792616273075,5.156233886769104,16.654635454264206,0.0
./Eplus-env-08-19_thermostat_rbc_eco_year_2022_case_5_rep_0_zone_9_onoffseed_5_tempseed_42_comforttemp_18_setbacktemp_17_paper2_final_runs_v4-res1,2022,5,0,9,5,42,18,17,0.0,4.393111271527276,36.88769722594617,9.178096318449006,6.414354955140765,5.393420645560482,4.8056099824688046,4.8468598535629575,4.382798803753738,4.8262349180158814,18.87181602557492,0.0
./Eplus-env-08-19_thermostat_rbc_eco_year_2022_case_5_rep_0_zone_0_onoffseed_5_tempseed_42_comforttemp_20_setbacktemp_17_paper2_final_runs_v4-res1,2022,5,0,0,5,42,20,17,0.0,0.0,0.0,3.908425286170981,40.9714344642673,13.519645251108589,6.527792100649686,5.7337320820872435,5.145921418995566,5.145921418995566,19.04712797772507,0.0
./Eplus-env-08-19_thermostat_rbc_eco_year_2022_case_14_rep_0_zone_0_onoffseed_10_tempseed_10_comforttemp_20_setbacktemp_15_paper2_final_runs_v4-res1,2022,14,0,0,10,10,20,15,0.04124987109415283,0.08249974218830566,0.18562441992368775,0.9487470351655151,1.8149943281427245,4.506548417036197,23.491801588120037,16.706197793131896,9.281220996184388,7.24966484479736,35.69145096421574,0.0
./Eplus-env-08-19_thermostat_rbc_eco_year_2023_case_9_rep_0_zone_9_onoffseed_5_tempseed_42_comforttemp_18_setbacktemp_15_paper2_final_runs_v4-res1,2023,9,0,9,5,42,18,15,0.030937403320614624,2.0624935547076415,22.130555842012996,9.704032174899453,7.775600701247809,6.826853666082293,6.280292874084768,5.032484273486645,4.558110755903888,5.011859337939569,30.586779416314325,0.0
./Eplus-env-08-19_thermostat_rbc_eco_year_2022_case_2_rep_0_zone_0_onoffseed_15_tempseed_42_comforttemp_20_setbacktemp_13_paper2_final_runs_v4-res1,2022,2,0,0,15,42,20,13,2.578116943384552,4.145612044962359,5.919356502010931,14.83964112612148,19.91337527070228,8.198411879962874,6.022481179746313,5.970918840878622,4.228111787150665,5.114984015674951,20.800247499226565,2.2687429101784056
./Eplus-env-08-19_thermostat_rbc_eco_year_2022_case_2_rep_0_zone_0_onoffseed_15_tempseed_30_comforttemp_20_setbacktemp_13_paper2_final_runs_v4-res1,2022,2,0,0,15,30,20,13,1.6912447148602663,3.4340517685882235,5.321233371145715,6.6102918428379915,16.561823244302364,19.6761885119109,8.074662266680416,5.960606373105084,5.218108693410333,5.589357533257709,20.789935031453027,1.0724966484479737
./Eplus-env-08-19_thermostat_rbc_eco_year_2023_case_1_rep_0_zone_0_onoffseed_15_tempseed_15_comforttemp_20_setbacktemp_15_paper2_final_runs_v4-res1,2023,1,0,0,15,15,20,15,0.6496854697329071,1.835619263689801,3.4134268330411466,5.259358564504486,6.115293389708157,7.76528823347427,20.346498917190882,20.7280602248118,9.26059606063731,6.455604826234918,18.12931834588017,0.04124987109415283
./Eplus-env-08-19_thermostat_rbc_eco_year_2022_case_7_rep_0_zone_0_onoffseed_5_tempseed_10_comforttemp_20_setbacktemp_17_paper2_final_runs_v4-res1,2022,7,0,0,5,10,20,17,0.0,0.0,0.0,0.0,0.09281220996184388,9.78653191708776,42.33268021037434,12.60183561926369,6.868103537176447,5.7337320820872435,22.584304424048675,0.0
./Eplus-env-08-19_thermostat_rbc_eco_year_2022_case_4_rep_0_zone_9_onoffseed_5_tempseed_42_comforttemp_19_setbacktemp_15_paper2_final_runs_v4-res1,2022,4,0,9,5,42,19,15,0.0,0.8765597607507477,13.055584201299371,17.912756522635867,9.167783850675466,6.507167165102609,5.321233371145715,5.558420129937094,5.919356502010931,5.836856759822625,29.84428173661957,0.0
./Eplus-env-08-19_thermostat_rbc_eco_year_2022_case_6_rep_0_zone_0_onoffseed_5_tempseed_42_comforttemp_20_setbacktemp_13_paper2_final_runs_v4-res1,2022,6,0,0,5,42,20,13,0.0,0.010312467773538208,0.1237496132824585,6.620604310611529,37.50644529235846,12.787460039187378,6.424667422914303,5.847169227596163,5.2799835000515625,5.331545838919253,20.068062287305352,0.0
./Eplus-env-08-19_thermostat_rbc_eco_year_2023_case_5_rep_0_zone_0_onoffseed_5_tempseed_15_comforttemp_20_setbacktemp_17_paper2_final_runs_v4-res1,2023,5,0,0,5,15,20,17,0.0,0.0,0.0,0.0,0.0,0.4434361142621429,11.653088584098175,47.80860059812313,14.684954109518408,6.6102918428379915,18.799628751160153,0.0
./Eplus-env-08-19_thermostat_rbc_eco_year_2022_case_5_rep_0_zone_0_onoffseed_15_tempseed_30_comforttemp_20_setbacktemp_17_paper2_final_runs_v4-res1,2022,5,0,0,15,30,20,17,0.0,2.9596782510054656,7.847787975662576,5.692482210993091,16.26276167886975,22.769928843972362,8.136537073321644,6.44529235846138,5.042796741260184,5.630607404351862,19.21212746210168,0.0
./Eplus-env-08-19_thermostat_rbc_eco_year_2023_case_7_rep_0_zone_9_onoffseed_5_tempseed_42_comforttemp_20_setbacktemp_15_paper2_final_runs_v4-res1,2023,7,0,9,5,42,20,15,0.0,0.030937403320614624,10.116530885840982,28.59647313602145,16.603073115396512,6.15654326080231,5.187171290089719,5.218108693410333,5.114984015674951,4.712797772506961,18.263380426936166,0.0
./Eplus-env-08-19_thermostat_rbc_eco_year_2022_case_13_rep_0_zone_0_onoffseed_5_tempseed_42_comforttemp_20_setbacktemp_17_paper2_final_runs_v4-res1,2022,13,0,0,5,42,20,17,0.0,0.0,0.0,5.795606888728472,22.759616376198824,12.95245952356399,7.18779003815613,6.569041971743839,6.104980921934619,5.6409198721254,32.989584407548726,0.0
./Eplus-env-08-19_thermostat_rbc_eco_year_2022_case_5_rep_0_zone_0_onoffseed_10_tempseed_42_comforttemp_20_setbacktemp_13_paper2_final_runs_v4-res1,2022,5,0,0,10,42,20,13,1.9181190058781068,3.650613591832526,4.609673094771579,14.72620398061256,25.33773331958338,8.425286170980716,5.702794678766629,5.527482726616479,4.939672063524801,4.8468598535629575,18.758378880065997,1.5571826338042694
./Eplus-env-08-19_thermostat_rbc_eco_year_2023_case_6_rep_0_zone_0_onoffseed_15_tempseed_30_comforttemp_20_setbacktemp_15_paper2_final_runs_v4-res1,2023,6,0,0,15,30,20,15,2.0109312158399506,3.5371764463236053,5.599670001031247,7.13622769928844,16.75776013199959,20.87243477364133,8.724347736413323,6.280292874084768,5.86779416314324,5.176858822316181,17.77869444157987,0.2578116943384552
./Eplus-env-08-19_thermostat_rbc_eco_year_2023_case_2_rep_0_zone_0_onoffseed_10_tempseed_15_comforttemp_20_setbacktemp_13_paper2_final_runs_v4-res1,2023,2,0,0,10,15,20,13,0.6084355986387543,1.1240589873156646,1.732494585954419,3.764050737341446,4.558110755903888,6.053418583066928,22.656491698463444,23.460864184799423,9.38434567391977,6.300917809631845,20.263999175002578,0.09281220996184388
./Eplus-env-08-19_thermostat_rbc_eco_year_2023_case_6_rep_0_zone_0_onoffseed_5_tempseed_30_comforttemp_20_setbacktemp_15_paper2_final_runs_v4-res1,2023,6,0,0,5,30,20,15,0.0,0.0,0.0,0.06187480664122925,8.157162008868722,43.09580282561617,12.209961843869237,7.342477054759204,6.44529235846138,5.06342167680726,17.6240074249768,0.0
./Eplus-env-08-19_thermostat_rbc_eco_year_2022_case_6_rep_0_zone_0_onoffseed_10_tempseed_30_comforttemp_20_setbacktemp_13_paper2_final_runs_v4-res1,2022,6,0,0,10,30,20,13,1.0621841806744354,2.371867587913788,4.124987109415283,4.671547901412808,16.180261936681447,24.62617304320924,8.45622357430133,6.486542229555532,5.2799835000515625,5.022171805713107,20.87243477364133,0.8456223574301331
./Eplus-env-08-19_thermostat_rbc_eco_year_2023_case_9_rep_0_zone_0_onoffseed_5_tempseed_30_comforttemp_20_setbacktemp_15_paper2_final_runs_v4-res1,2023,9,0,0,5,30,20,15,0.0,0.0,0.0,0.0,4.578735691450964,23.038053006084354,17.613694957203258,9.229658657316696,6.929978343817676,6.290605341858306,32.31927400226874,0.0
./Eplus-env-08-19_thermostat_rbc_eco_year_2022_case_9_rep_0_zone_0_onoffseed_15_tempseed_30_comforttemp_20_setbacktemp_15_paper2_final_runs_v4-res1,2022,9,0,0,15,30,20,15,0.19593688769722595,0.3403114365267609,1.2374961328245848,2.9596782510054656,9.198721253996082,18.913065896669075,12.14808703722801,7.827163040115499,6.73404145612045,5.929668969784469,34.46426729916469,0.05156233886769104
./Eplus-env-08-19_thermostat_rbc_eco_year_2023_case_7_rep_0_zone_9_onoffseed_5_tempseed_42_comforttemp_19_setbacktemp_15_paper2_final_runs_v4-res1,2023,7,0,9,5,42,19,15,0.0,3.8156130762091367,29.40084562235743,17.10838403629989,5.424358048881097,4.919047127977725,5.321233371145715,5.537795194390018,5.166546354542642,4.919047127977725,18.387130040218626,0.0
./Eplus-env-08-19_thermostat_rbc_eco_year_2022_case_2_rep_0_zone_0_onoffseed_5_tempseed_30_comforttemp_20_setbacktemp_13_paper2_final_runs_v4-res1,2022,2,0,0,5,30,20,13,0.0,0.0,0.0,0.16499948437661133,8.146849541095184,40.31143652676085,12.550273280395999,6.909353408270599,5.7440445498607815,5.310920903372177,20.862122305867796,0.0
./Eplus-env-08-19_thermostat_rbc_eco_year_2023_case_1_rep_0_zone_0_onoffseed_10_tempseed_15_comforttemp_20_setbacktemp_15_paper2_final_runs_v4-res1,2023,1,0,0,10,15,20,15,0.546560791997525,1.2065587295039704,1.990306280292874,4.032174899453439,4.8262349180158814,5.362483242239868,22.800866247292976,25.048984221924307,9.714344642672991,6.290605341858306,18.139630813653707,0.04124987109415283
./Eplus-env-08-19_thermostat_rbc_eco_year_2022_case_1_rep_0_zone_0_onoffseed_5_tempseed_15_comforttemp_20_setbacktemp_15_paper2_final_runs_v4-res1,2022,1,0,0,5,15,20,15,0.0,0.0,0.0,0.0,0.0,0.3918737753944519,12.364648860472311,45.405795606888724,12.735897700319686,6.703104052799835,22.398680004124987,0.0
./Eplus-env-08-19_thermostat_rbc_eco_year_2023_case_1_rep_0_zone_0_onoffseed_10_tempseed_10_comforttemp_20_setbacktemp_15_paper2_final_runs_v4-res1,2023,1,0,0,10,10,20,15,1.0518717129008972,1.5778075693513458,2.99061565432608,4.496235949262658,6.26998040631123,21.140558935753326,24.079612251211717,8.683097865319171,6.548417036196762,5.579045065484171,17.4899453439208,0.09281220996184388
./Eplus-env-08-19_thermostat_rbc_eco_year_2022_case_6_rep_0_zone_0_onoffseed_5_tempseed_30_comforttemp_20_setbacktemp_17_paper2_final_runs_v4-res1,2022,6,0,0,5,30,20,17,0.0,0.0,0.0,0.010312467773538208,6.981540682685367,40.8373723832113,11.632463648551099,7.311539651438589,5.671857275446015,5.558420129937094,21.996493760956998,0.0
./Eplus-env-08-19_thermostat_rbc_eco_year_2023_case_10_rep_0_zone_0_onoffseed_5_tempseed_15_comforttemp_20_setbacktemp_13_paper2_final_runs_v4-res1,2023,10,0,0,5,15,20,13,0.0,0.0,0.0,0.0,0.0,0.08249974218830566,8.095287202227492,48.29328658347943,13.880581623182428,7.445601732494586,22.20274311642776,0.0
./Eplus-env-08-19_thermostat_rbc_eco_year_2023_case_7_rep_0_zone_9_onoffseed_5_tempseed_42_comforttemp_19_setbacktemp_17_paper2_final_runs_v4-res1,2023,7,0,9,5,42,19,17,0.0,0.0,17.417758069506036,32.7936475198515,6.104980921934619,5.414045581107559,5.434670516654635,5.2696710322780245,5.001546870166031,4.743735175827576,17.819944312674025,0.0
./Eplus-env-08-19_thermostat_rbc_eco_year_2023_case_7_rep_0_zone_9_onoffseed_5_tempseed_42_comforttemp_18_setbacktemp_17_paper2_final_runs_v4-res1,2023,7,0,9,5,42,18,17,0.0,5.053109209033722,39.37300195936888,7.424976796947509,5.7234196143137055,4.960296999071878,4.898422192430648,5.125296483448489,5.187171290089719,4.66123543363927,17.59307002165618,0.0
./Eplus-env-08-19_thermostat_rbc_eco_year_2023_case_7_rep_0_zone_0_onoffseed_15_tempseed_30_comforttemp_20_setbacktemp_17_paper2_final_runs_v4-res1,2023,7,0,0,15,30,20,17,0.0,2.4234299267814787,7.569351345777045,6.826853666082293,17.634319892750337,20.77962256367949,8.425286170980716,6.259667938537692,5.795606888728472,5.084046612354336,19.201814994328142,0.0
./Eplus-env-08-19_thermostat_rbc_eco_year_2022_case_13_rep_0_zone_0_onoffseed_5_tempseed_10_comforttemp_20_setbacktemp_13_paper2_final_runs_v4-res1,2022,13,0,0,5,10,20,13,0.0,0.0,0.0,0.0,0.030937403320614624,8.909972156337012,29.895844075487265,12.457461070434155,7.992162524492111,6.775291327214602,33.938331442714244,0.0
./Eplus-env-08-19_thermostat_rbc_eco_year_2023_case_13_rep_0_zone_0_onoffseed_5_tempseed_42_comforttemp_20_setbacktemp_13_paper2_final_runs_v4-res1,2023,13,0,0,5,42,20,13,0.0,0.0,0.020624935547076416,6.146230793028772,24.120862122305866,14.880890997215634,7.620913684644735,5.909044034237393,5.352170774466329,5.46560791997525,30.48365473857894,0.0
./Eplus-env-08-19_thermostat_rbc_eco_year_2023_case_1_rep_0_zone_9_onoffseed_5_tempseed_42_comforttemp_21_setbacktemp_17_paper2_final_runs_v4-res1,2023,1,0,9,5,42,21,17,0.0,0.0,0.0,5.898731566463855,34.618954315767766,19.078065381045683,7.218727441476745,6.074043518614005,5.372795710013406,5.073734144580798,16.664947922037744,0.0
./Eplus-env-08-19_thermostat_rbc_eco_year_2022_case_10_rep_0_zone_0_onoffseed_15_tempseed_42_comforttemp_20_setbacktemp_13_paper2_final_runs_v4-res1,2022,10,0,0,15,42,20,13,2.2996803134990205,4.135299577188821,5.496545323295865,12.808084974734454,20.08868722285243,9.095596576260698,5.651232339898938,4.949984531298339,4.7952975146952665,4.867484789110034,24.131174590079407,1.6809322470867278
./Eplus-env-08-19_thermostat_rbc_eco_year_2022_case_10_rep_0_zone_0_onoffseed_5_tempseed_10_comforttemp_20_setbacktemp_13_paper2_final_runs_v4-res1,2022,10,0,0,5,10,20,13,0.0,0.0,0.0,0.0,0.05156233886769104,5.950293905331546,43.87955037640508,12.302774053831083,7.229039909250283,6.259667938537692,24.32711147777663,0.0
./Eplus-env-08-19_thermostat_rbc_eco_year_2022_case_1_rep_0_zone_0_onoffseed_15_tempseed_15_comforttemp_20_setbacktemp_17_paper2_final_runs_v4-res1,2022,1,0,0,15,15,20,17,0.0,0.9281220996184386,4.8056099824688046,4.980921934618954,5.166546354542642,6.73404145612045,20.676497885944105,20.439311127152727,8.332473961018872,6.455604826234918,21.480870372280087,0.0
./Eplus-env-08-19_thermostat_rbc_eco_year_2023_case_1_rep_0_zone_0_onoffseed_15_tempseed_30_comforttemp_20_setbacktemp_17_paper2_final_runs_v4-res1,2023,1,0,0,15,30,20,17,0.0,3.1246777353820767,7.837475507889039,7.445601732494586,17.180571310714654,21.69743219552439,9.054346705166546,6.290605341858306,5.682169743219553,4.88810972465711,16.79901000309374,0.0
./Eplus-env-08-19_thermostat_rbc_eco_year_2023_case_3_rep_0_zone_0_onoffseed_15_tempseed_15_comforttemp_20_setbacktemp_15_paper2_final_runs_v4-res1,2023,3,0,0,15,15,20,15,0.010312467773538208,0.16499948437661133,0.3403114365267609,1.443745488295349,3.6093637207383726,7.125915231514901,19.56275136640198,20.521810869341035,8.497473445395483,6.6721666494792204,32.051149840156754,0.0
./Eplus-env-08-19_thermostat_rbc_eco_year_2023_case_2_rep_0_zone_0_onoffseed_10_tempseed_42_comforttemp_20_setbacktemp_17_paper2_final_runs_v4-res1,2023,2,0,0,10,42,20,17,0.0,2.5059296689697845,7.1052902959678255,13.457770444467362,27.90553779519439,8.095287202227492,6.001856244199237,6.434979890687842,5.86779416314324,5.23873362895741,17.386820666185418,0.0
./Eplus-env-08-19_thermostat_rbc_eco_year_2022_case_2_rep_0_zone_0_onoffseed_5_tempseed_42_comforttemp_20_setbacktemp_15_paper2_final_runs_v4-res1,2022,2,0,0,5,42,20,15,0.0,0.0,0.04124987109415283,7.218727441476745,37.393008146849546,12.612148087037228,6.424667422914303,6.104980921934619,4.929359595751263,5.084046612354336,20.191811900587812,0.0
./Eplus-env-08-19_thermostat_rbc_eco_year_2023_case_3_rep_0_zone_0_onoffseed_15_tempseed_30_comforttemp_20_setbacktemp_13_paper2_final_runs_v4-res1,2023,3,0,0,15,30,20,13,0.247499226564917,0.5981231308652161,1.979993812519336,4.733422708054038,16.025574920078377,18.86150355780138,10.24028049912344,5.692482210993091,5.836856759822625,5.7543570176343195,30.009281220996186,0.020624935547076416
./Eplus-env-08-19_thermostat_rbc_eco_year_2023_case_3_rep_0_zone_0_onoffseed_15_tempseed_30_comforttemp_20_setbacktemp_17_paper2_final_runs_v4-res1,2023,3,0,0,15,30,20,17,0.0,0.42281117871506657,2.237805506857791,4.919047127977725,16.778385067546665,18.830566154480767,9.14715891512839,6.311230277405383,5.548107662163556,5.682169743219553,30.1227183665051,0.0
./Eplus-env-08-19_thermostat_rbc_eco_year_2023_case_9_rep_0_zone_0_onoffseed_10_tempseed_30_comforttemp_20_setbacktemp_17_paper2_final_runs_v4-res1,2023,9,0,0,10,30,20,17,0.0,0.05156233886769104,0.7940600185624419,2.289367845725482,9.085284108487162,20.60431061152934,14.086830978653191,8.641847994225019,6.342167680725998,5.774981953181396,32.32958647004228,0.0
./Eplus-env-08-19_thermostat_rbc_eco_year_2022_case_4_rep_0_zone_0_onoffseed_5_tempseed_30_comforttemp_20_setbacktemp_13_paper2_final_runs_v4-res1,2022,4,0,0,5,30,20,13,0.0,0.0,0.010312467773538208,0.18562441992368775,7.36310199030628,21.955243889862842,16.04619985562545,7.909662782303806,6.837166133855832,6.579354439517377,33.11333402083119,0.0
./Eplus-env-08-19_thermostat_rbc_eco_year_2022_case_4_rep_0_zone_0_onoffseed_5_tempseed_42_comforttemp_20_setbacktemp_13_paper2_final_runs_v4-res1,2022,4,0,0,5,42,20,13,0.0,0.0,0.05156233886769104,5.06342167680726,17.644632360523875,17.397133133958956,8.404661235433638,6.723728988346911,6.362792616273075,6.517479632876147,31.834588016912445,0.0
./Eplus-env-08-19_thermostat_rbc_eco_year_2023_case_3_rep_0_zone_0_onoffseed_15_tempseed_30_comforttemp_20_setbacktemp_15_paper2_final_runs_v4-res1,2023,3,0,0,15,30,20,15,0.19593688769722595,0.7012478086005981,1.7428070537279572,4.640610498092194,16.427761163246366,18.840878622254305,9.714344642672991,5.785294420954934,5.568732597710632,5.7234196143137055,30.64865422295555,0.010312467773538208
./Eplus-env-08-19_thermostat_rbc_eco_year_2023_case_3_rep_0_zone_9_onoffseed_5_tempseed_42_comforttemp_20_setbacktemp_13_paper2_final_runs_v4-res1,2023,3,0,9,5,42,20,13,0.020624935547076416,1.6912447148602663,7.1568526348355155,16.891822213055583,18.397442507992164,6.703104052799835,5.06342167680726,4.300299061565433,4.939672063524801,5.228421161183872,29.607094977828197,0.0
./Eplus-env-08-19_thermostat_rbc_eco_year_2022_case_14_rep_0_zone_9_onoffseed_5_tempseed_42_comforttemp_19_setbacktemp_13_paper2_final_runs_v4-res1,2022,14,0,9,5,42,19,13,0.18562441992368775,2.980303186552542,8.332473961018872,18.24275549138909,9.662782303805301,6.888728472723522,4.8365473857894195,5.671857275446015,5.795606888728472,5.414045581107559,31.968650097968442,0.020624935547076416
./Eplus-env-08-19_thermostat_rbc_eco_year_2023_case_6_rep_0_zone_9_onoffseed_5_tempseed_42_comforttemp_19_setbacktemp_15_paper2_final_runs_v4-res1,2023,6,0,9,5,42,19,15,0.0,3.217489945343921,30.071156027637414,18.541817056821696,5.929668969784469,4.980921934618954,5.259358564504486,5.321233371145715,4.919047127977725,4.578735691450964,17.180571310714654,0.0
./Eplus-env-08-19_thermostat_rbc_eco_year_2022_case_14_rep_0_zone_0_onoffseed_15_tempseed_42_comforttemp_20_setbacktemp_13_paper2_final_runs_v4-res1,2022,14,0,0,15,42,20,13,0.32999896875322265,0.7218727441476745,2.526554604516861,7.631226152418273,15.860575435701762,13.076209136846447,7.662163555738887,6.5587295039703,6.259667938537692,5.805919356502011,33.43302052181087,0.1340620810559967
./Eplus-env-08-19_thermostat_rbc_eco_year_2023_case_3_rep_0_zone_0_onoffseed_15_tempseed_15_comforttemp_20_setbacktemp_17_paper2_final_runs_v4-res1,2023,3,0,0,15,15,20,17,0.0,0.08249974218830566,0.5878106630916778,1.340620810559967,3.6918634629266784,6.919665876044137,19.170877591007528,20.047437351758276,8.394348767660102,6.713416520573373,33.051459214189954,0.0
./Eplus-env-08-19_thermostat_rbc_eco_year_2022_case_3_rep_0_zone_9_onoffseed_5_tempseed_42_comforttemp_19_setbacktemp_15_paper2_final_runs_v4-res1,2022,3,0,9,5,42,19,15,0.0,0.494998453129834,6.26998040631123,25.33773331958338,9.734969578220069,5.558420129937094,6.032793647519852,5.084046612354336,4.949984531298339,5.310920903372177,31.226152418273696,0.0
./Eplus-env-08-19_thermostat_rbc_eco_year_2023_case_4_rep_0_zone_0_onoffseed_10_tempseed_15_comforttemp_20_setbacktemp_15_paper2_final_runs_v4-res1,2023,4,0,0,10,15,20,15,0.020624935547076416,0.020624935547076416,0.20624935547076417,0.5259358564504486,1.9490564091987213,4.424048674847891,16.840259874187893,24.894297205321234,11.199340002062494,6.795916262761679,33.12364648860473,0.0
./Eplus-env-08-19_thermostat_rbc_eco_year_2022_case_4_rep_0_zone_9_onoffseed_5_tempseed_42_comforttemp_21_setbacktemp_13_paper2_final_runs_v4-res1,2022,4,0,9,5,42,21,13,0.38156130762091367,0.8559348252036713,1.9696813447457977,6.816541198308755,13.63308239661751,18.799628751160153,7.373414458079819,6.548417036196762,6.04310611529339,5.970918840878622,31.53552645147984,0.07218727441476745
./Eplus-env-08-19_thermostat_rbc_eco_year_2022_case_8_rep_0_zone_0_onoffseed_10_tempseed_15_comforttemp_20_setbacktemp_15_paper2_final_runs_v4-res1,2022,8,0,0,10,15,20,15,0.06187480664122925,0.11343714550892028,0.247499226564917,0.6806228730535218,1.8665566670104154,3.980612560585748,14.540579560688874,25.358358255130454,9.83809425595545,7.332164586985665,35.95957512632773,0.020624935547076416
./Eplus-env-08-18_thermostat_rbc_eco_year_2022_case_0_rep_0_zone_9_onoffseed_5_tempseed_42_comforttemp_21_setbacktemp_15_paper2_final_runs_v4-res1,2022,0,0,9,5,42,21,15,0.0,0.0,1.2684335361451995,15.736825822419304,25.72960709497783,17.190883778488192,6.538104568423224,4.970609466845416,5.011859337939569,4.8056099824688046,18.74806641229246,0.0
./Eplus-env-08-19_thermostat_rbc_eco_year_2022_case_3_rep_0_zone_9_onoffseed_5_tempseed_42_comforttemp_18_setbacktemp_13_paper2_final_runs_v4-res1,2022,3,0,9,5,42,18,13,4.197174383830051,12.95245952356399,14.385892544085799,6.950603279364752,5.7543570176343195,4.8365473857894195,5.475920387748788,4.733422708054038,5.2696710322780245,4.630298030318655,30.77240383623801,0.04124987109415283
./Eplus-env-08-19_thermostat_rbc_eco_year_2022_case_3_rep_0_zone_0_onoffseed_5_tempseed_10_comforttemp_20_setbacktemp_15_paper2_final_runs_v4-res1,2022,3,0,0,5,10,20,15,0.0,0.0,0.0,0.0,0.2887490976590698,13.169021346808291,27.09085284108487,11.488089099721563,7.693100959059502,6.909353408270599,33.3608332473961,0.0
./Eplus-env-08-18_thermostat_rbc_eco_year_2022_case_0_rep_0_zone_0_onoffseed_10_tempseed_30_comforttemp_20_setbacktemp_15_paper2_final_runs_v4-res1,2022,0,0,0,10,30,20,15,1.4643704238424256,2.939053315458389,3.8671754150768276,4.238424254924204,18.263380426936166,24.780860059812312,8.703722800866247,5.86779416314324,5.630607404351862,5.352170774466329,18.655254202330617,0.23718675879137877
./Eplus-env-08-19_thermostat_rbc_eco_year_2022_case_13_rep_0_zone_0_onoffseed_15_tempseed_10_comforttemp_20_setbacktemp_15_paper2_final_runs_v4-res1,2022,13,0,0,15,10,20,15,0.11343714550892028,0.3093740332061462,0.9178096318449005,2.206868103537176,4.3209239971125095,13.344333298958441,21.944931422089304,9.14715891512839,6.991853150458905,6.084355986387543,34.577704444673614,0.04124987109415283
./Eplus-env-08-19_thermostat_rbc_eco_year_2023_case_12_rep_0_zone_0_onoffseed_10_tempseed_15_comforttemp_20_setbacktemp_15_paper2_final_runs_v4-res1,2023,12,0,0,10,15,20,15,0.17531195215014952,0.7734350830153656,1.185933793956894,2.433742394555017,3.846550479529751,5.053109209033722,7.218727441476745,20.738372692585337,29.689594720016498,8.219036815509952,20.65587295039703,0.010312467773538208
./Eplus-env-08-19_thermostat_rbc_eco_year_2022_case_6_rep_0_zone_0_onoffseed_5_tempseed_30_comforttemp_20_setbacktemp_15_paper2_final_runs_v4-res1,2022,6,0,0,5,30,20,15,0.0,0.0,0.010312467773538208,0.16499948437661133,8.22934928328349,40.2701866556667,12.209961843869237,6.84747860162937,5.207796225636795,6.1874806641229245,20.87243477364133,0.0
./Eplus-env-08-19_thermostat_rbc_eco_year_2023_case_14_rep_0_zone_0_onoffseed_10_tempseed_10_comforttemp_20_setbacktemp_15_paper2_final_runs_v4-res1,2023,14,0,0,10,10,20,15,0.0,0.10312467773538209,0.23718675879137877,0.8559348252036713,3.073115396514386,10.47746725791482,24.57461070434155,13.034959265752294,8.322161493245334,6.486542229555532,32.834897390945656,0.0
./Eplus-env-08-19_thermostat_rbc_eco_year_2023_case_14_rep_0_zone_0_onoffseed_10_tempseed_30_comforttemp_20_setbacktemp_15_paper2_final_runs_v4-res1,2023,14,0,0,10,30,20,15,0.010312467773538208,0.1443745488295349,0.546560791997525,1.9593688769722597,8.85840981746932,21.43962050118593,14.014643704238425,8.105599670001032,6.5999793750644535,6.135918325255234,32.18521192121275,0.0
./Eplus-env-08-19_thermostat_rbc_eco_year_2023_case_1_rep_0_zone_0_onoffseed_5_tempseed_10_comforttemp_20_setbacktemp_17_paper2_final_runs_v4-res1,2023,1,0,0,5,10,20,17,0.0,0.0,0.0,0.0,0.08249974218830566,10.06496854697329,45.01392183149427,13.179333814581828,7.5487264102299685,5.805919356502011,18.304630298030318,0.0
./Eplus-env-08-19_thermostat_rbc_eco_year_2023_case_12_rep_0_zone_9_onoffseed_5_tempseed_42_comforttemp_20_setbacktemp_15_paper2_final_runs_v4-res1,2023,12,0,9,5,42,20,15,0.0,0.06187480664122925,10.353717644632361,29.493657832319276,15.489326595854388,5.847169227596163,4.8571723213364955,5.475920387748788,5.7131071465401675,4.465298545942044,18.24275549138909,0.0
./Eplus-env-08-19_thermostat_rbc_eco_year_2022_case_2_rep_0_zone_0_onoffseed_5_tempseed_30_comforttemp_20_setbacktemp_15_paper2_final_runs_v4-res1,2022,2,0,0,5,30,20,15,0.0,0.0,0.0,0.07218727441476745,8.909972156337012,39.72362586366918,12.354336392698773,7.002165618232444,5.424358048881097,5.094359080127875,21.418995565638856,0.0
./Eplus-env-08-19_thermostat_rbc_eco_year_2023_case_3_rep_0_zone_9_onoffseed_5_tempseed_42_comforttemp_20_setbacktemp_15_paper2_final_runs_v4-res1,2023,3,0,9,5,42,20,15,0.0,0.04124987109415283,7.270289780344437,18.696504073424773,18.160255749200786,6.703104052799835,5.2696710322780245,4.238424254924204,4.723110240280499,5.475920387748788,29.421470557904506,0.0
./Eplus-env-08-19_thermostat_rbc_eco_year_2023_case_3_rep_0_zone_0_onoffseed_5_tempseed_30_comforttemp_20_setbacktemp_17_paper2_final_runs_v4-res1,2023,3,0,0,5,30,20,17,0.0,0.0,0.0,0.16499948437661133,10.611529338970815,26.410229968031352,13.251521088996595,6.899040940497062,5.537795194390018,5.7440445498607815,31.380839434876766,0.0
./Eplus-env-08-19_thermostat_rbc_eco_year_2023_case_3_rep_0_zone_0_onoffseed_5_tempseed_15_comforttemp_20_setbacktemp_17_paper2_final_runs_v4-res1,2023,3,0,0,5,15,20,17,0.0,0.0,0.0,0.0,0.0,0.2887490976590698,16.88150974528205,30.64865422295555,10.549654532329585,7.414664329173972,34.21676807259978,0.0
./Eplus-env-08-19_thermostat_rbc_eco_year_2022_case_7_rep_0_zone_0_onoffseed_10_tempseed_30_comforttemp_20_setbacktemp_17_paper2_final_runs_v4-res1,2022,7,0,0,10,30,20,17,0.0,1.5674951015778076,5.310920903372177,4.393111271527276,16.24213674332268,26.142105805919357,8.002474992265649,6.135918325255234,5.218108693410333,5.259358564504486,21.728369598845003,0.0
./Eplus-env-08-19_thermostat_rbc_eco_year_2022_case_5_rep_0_zone_9_onoffseed_5_tempseed_42_comforttemp_21_setbacktemp_13_paper2_final_runs_v4-res1,2022,5,0,9,5,42,21,13,0.0,0.020624935547076416,1.0828091162215119,2.578116943384552,10.209343095802826,22.46055481076622,23.502114055893575,9.673094771578839,5.393420645560482,5.589357533257709,19.49056409198721,0.0
./Eplus-env-08-19_thermostat_rbc_eco_year_2022_case_8_rep_0_zone_0_onoffseed_15_tempseed_10_comforttemp_20_setbacktemp_17_paper2_final_runs_v4-res1,2022,8,0,0,15,10,20,17,0.04124987109415283,0.3093740332061462,0.8559348252036713,1.9284314736516448,4.516860884809735,13.52995771888213,21.924306486542232,9.332783335052078,6.703104052799835,6.857791069402907,34.00020624935547,0.0
./Eplus-env-08-19_thermostat_rbc_eco_year_2022_case_12_rep_0_zone_0_onoffseed_5_tempseed_15_comforttemp_20_setbacktemp_15_paper2_final_runs_v4-res1,2022,12,0,0,5,15,20,15,0.0,0.0,0.0,0.0,0.0,0.35062390430029905,11.271527276477261,44.890172218211816,11.97277508507786,7.074352892647211,24.44054862328555,0.0
./Eplus-env-08-19_thermostat_rbc_eco_year_2023_case_10_rep_0_zone_0_onoffseed_15_tempseed_10_comforttemp_20_setbacktemp_13_paper2_final_runs_v4-res1,2023,10,0,0,15,10,20,13,0.9074971640713623,1.8149943281427245,3.6918634629266784,5.857481695369702,7.002165618232444,16.98463442301743,20.511498401567497,9.054346705166546,6.713416520573373,6.26998040631123,20.85180983809426,0.3403114365267609
./Eplus-env-08-19_thermostat_rbc_eco_year_2023_case_11_rep_0_zone_9_onoffseed_5_tempseed_42_comforttemp_20_setbacktemp_15_paper2_final_runs_v4-res1,2023,11,0,9,5,42,20,15,0.0,0.08249974218830566,9.765906981540683,28.88522223368052,16.29369908219037,6.228730535217077,5.651232339898938,5.7440445498607815,4.48592348148912,5.053109209033722,17.809631844900483,0.0
./Eplus-env-08-19_thermostat_rbc_eco_year_2023_case_9_rep_0_zone_0_onoffseed_15_tempseed_10_comforttemp_20_setbacktemp_13_paper2_final_runs_v4-res1,2023,9,0,0,15,10,20,13,0.020624935547076416,0.1340620810559967,0.4021862431679901,1.4231205527482726,4.3312364648860475,11.189027534288956,22.4296174074456,12.89058471692276,7.889037846756729,6.012168711972775,33.2783335052078,0.0
./Eplus-env-08-19_thermostat_rbc_eco_year_2022_case_8_rep_0_zone_0_onoffseed_10_tempseed_30_comforttemp_20_setbacktemp_17_paper2_final_runs_v4-res1,2022,8,0,0,10,30,20,17,0.010312467773538208,0.16499948437661133,1.2581210683716613,2.629679282252243,12.405898731566465,21.87274414767454,9.446220480560998,7.208414973703207,6.104980921934619,5.836856759822625,33.06177168196349,0.0
./Eplus-env-08-19_thermostat_rbc_eco_year_2022_case_9_rep_0_zone_0_onoffseed_15_tempseed_30_comforttemp_20_setbacktemp_13_paper2_final_runs_v4-res1,2022,9,0,0,15,30,20,13,0.1546870166030731,0.35062390430029905,1.289058471692276,3.227802413117459,8.879034753016397,18.758378880065997,12.457461070434155,7.878725378983191,6.764978859441065,6.26998040631123,33.87645663607301,0.09281220996184388
./Eplus-env-08-18_thermostat_rbc_eco_year_2022_case_0_rep_0_zone_0_onoffseed_5_tempseed_10_comforttemp_20_setbacktemp_17_paper2_final_runs_v4-res1,2022,0,0,0,5,10,20,17,0.0,0.0,0.0,0.0,0.04124987109415283,9.43590801278746,44.395173765081985,12.570898215943075,7.218727441476745,6.012168711972775,20.32587398164381,0.0
./Eplus-env-08-18_thermostat_rbc_eco_year_2023_case_0_rep_0_zone_0_onoffseed_5_tempseed_10_comforttemp_20_setbacktemp_13_paper2_final_runs_v4-res1,2023,0,0,0,5,10,20,13,0.0,0.0,0.0,0.0,0.3403114365267609,10.30215530576467,45.725482107868416,13.292770960090749,7.394039393626894,5.816231824275549,17.12900897184696,0.0
./Eplus-env-08-18_thermostat_rbc_eco_year_2022_case_0_rep_0_zone_0_onoffseed_5_tempseed_10_comforttemp_20_setbacktemp_15_paper2_final_runs_v4-res1,2022,0,0,0,5,10,20,15,0.0,0.0,0.0,0.0,0.1546870166030731,9.642157368258223,44.292049087346605,13.179333814581828,6.6515417139321436,5.970918840878622,20.109312158399504,0.0
./Eplus-env-08-18_thermostat_rbc_eco_year_2022_case_0_rep_0_zone_0_onoffseed_5_tempseed_30_comforttemp_20_setbacktemp_13_paper2_final_runs_v4-res1,2022,0,0,0,5,30,20,13,0.0,0.0,0.0,0.09281220996184388,7.961225121171496,42.425492420336184,11.869650407342478,6.899040940497062,5.661544807672476,5.7440445498607815,19.346189543157678,0.0
./Eplus-env-08-18_thermostat_rbc_eco_year_2022_case_0_rep_0_zone_0_onoffseed_15_tempseed_15_comforttemp_20_setbacktemp_17_paper2_final_runs_v4-res1,2022,0,0,0,15,15,20,17,0.0,1.2374961328245848,4.908734660204187,5.114984015674951,5.2696710322780245,6.6515417139321436,20.738372692585337,20.191811900587812,8.610910590904403,6.455604826234918,20.82087243477364,0.0
./Eplus-env-08-19_thermostat_rbc_eco_year_2023_case_12_rep_0_zone_0_onoffseed_10_tempseed_42_comforttemp_20_setbacktemp_13_paper2_final_runs_v4-res1,2023,12,0,0,10,42,20,13,1.639682375992575,3.0112405898731565,4.919047127977725,16.561823244302364,23.6980509435908,8.219036815509952,6.094668454161081,5.847169227596163,5.568732597710632,5.310920903372177,17.88181911931525,1.247808600598123
./Eplus-env-08-19_thermostat_rbc_eco_year_2023_case_12_rep_0_zone_0_onoffseed_10_tempseed_15_comforttemp_20_setbacktemp_13_paper2_final_runs_v4-res1,2023,12,0,0,10,15,20,13,0.4021862431679901,0.7940600185624419,1.876869134783954,3.980612560585748,4.681860369186346,5.795606888728472,21.078684129112098,24.718985253171084,9.38434567391977,6.32154274517892,20.84149737032072,0.1237496132824585
./Eplus-env-08-19_thermostat_rbc_eco_year_2022_case_12_rep_0_zone_0_onoffseed_15_tempseed_10_comforttemp_20_setbacktemp_15_paper2_final_runs_v4-res1,2022,12,0,0,15,10,20,15,1.2168711972775086,2.0934309580282564,3.959987625038672,5.527482726616479,5.86779416314324,18.046818603691865,20.83118490254718,8.683097865319171,5.960606373105084,5.393420645560482,22.243992987521914,0.17531195215014952
./Eplus-env-08-19_thermostat_rbc_eco_year_2023_case_12_rep_0_zone_0_onoffseed_15_tempseed_15_comforttemp_20_setbacktemp_15_paper2_final_runs_v4-res1,2023,12,0,0,15,15,20,15,0.5981231308652161,1.103434051768588,2.6399917500257812,5.455295452201712,6.826853666082293,7.414664329173972,19.51118902753429,20.965246983603176,9.83809425595545,6.414354955140765,19.201814994328142,0.030937403320614624
./Eplus-env-08-19_thermostat_rbc_eco_year_2022_case_11_rep_0_zone_9_onoffseed_5_tempseed_42_comforttemp_20_setbacktemp_17_paper2_final_runs_v4-res1,2022,11,0,9,5,42,20,17,0.0,0.0,1.0518717129008972,27.895225327420853,23.70836341136434,7.311539651438589,5.032484273486645,5.537795194390018,4.867484789110034,4.88810972465711,19.707125915231515,0.0
./Eplus-env-08-19_thermostat_rbc_eco_year_2022_case_12_rep_0_zone_0_onoffseed_10_tempseed_15_comforttemp_20_setbacktemp_17_paper2_final_runs_v4-res1,2022,12,0,0,10,15,20,17,0.0,0.5156233886769104,2.619366814478705,3.7949881406620602,4.094049706094668,4.630298030318655,21.027121790244404,25.306795916262764,8.714035268639787,6.96091574713829,22.33680519748376,0.0
./Eplus-env-08-19_thermostat_rbc_eco_year_2022_case_12_rep_0_zone_0_onoffseed_5_tempseed_42_comforttemp_20_setbacktemp_17_paper2_final_runs_v4-res1,2022,12,0,0,5,42,20,17,0.0,0.0,0.0,5.011859337939569,38.053006084355985,12.426523667113539,6.589666907290914,6.208105599670001,5.434670516654635,5.156233886769104,21.11993400020625,0.0
./Eplus-env-08-19_thermostat_rbc_eco_year_2022_case_9_rep_0_zone_9_onoffseed_5_tempseed_42_comforttemp_19_setbacktemp_15_paper2_final_runs_v4-res1,2022,9,0,9,5,42,19,15,0.0,0.1340620810559967,6.527792100649686,21.46024543673301,10.137155821388058,6.950603279364752,5.444982984428174,6.094668454161081,5.7440445498607815,5.548107662163556,31.958337630194904,0.0
./Eplus-env-08-19_thermostat_rbc_eco_year_2023_case_9_rep_0_zone_0_onoffseed_10_tempseed_15_comforttemp_20_setbacktemp_15_paper2_final_runs_v4-res1,2023,9,0,0,10,15,20,15,0.0,0.010312467773538208,0.09281220996184388,0.4021862431679901,1.4643704238424256,4.011549963906362,12.158399505001546,27.43116427761163,12.973084459111064,7.321852119212127,34.134268330411466,0.0
./Eplus-env-08-19_thermostat_rbc_eco_year_2023_case_5_rep_0_zone_0_onoffseed_10_tempseed_15_comforttemp_20_setbacktemp_15_paper2_final_runs_v4-res1,2023,5,0,0,10,15,20,15,0.8456223574301331,1.1240589873156646,2.206868103537176,3.846550479529751,5.372795710013406,5.86779416314324,20.676497885944105,25.502732803959987,9.49778281942869,6.063731050840466,18.913065896669075,0.08249974218830566
./Eplus-env-08-19_thermostat_rbc_eco_year_2022_case_6_rep_0_zone_9_onoffseed_5_tempseed_42_comforttemp_18_setbacktemp_15_paper2_final_runs_v4-res1,2022,6,0,9,5,42,18,15,0.5568732597710633,22.16149324533361,21.398370630091783,7.476539135815201,5.527482726616479,5.084046612354336,4.454986078168506,5.094359080127875,4.516860884809735,4.743735175827576,18.98525317108384,0.0
./Eplus-env-08-19_thermostat_rbc_eco_year_2022_case_5_rep_0_zone_0_onoffseed_15_tempseed_15_comforttemp_20_setbacktemp_17_paper2_final_runs_v4-res1,2022,5,0,0,15,15,20,17,0.0,1.0828091162215119,4.516860884809735,5.424358048881097,4.815922450242343,6.713416520573373,19.872125399608127,20.913684644735486,8.92028462411055,5.970918840878622,21.769619469939155,0.0
./Eplus-env-08-19_thermostat_rbc_eco_year_2022_case_10_rep_0_zone_0_onoffseed_15_tempseed_10_comforttemp_20_setbacktemp_13_paper2_final_runs_v4-res1,2022,10,0,0,15,10,20,13,0.6909353408270599,1.9490564091987213,3.8671754150768276,4.960296999071878,6.32154274517892,16.314324017737444,19.95462514179643,8.105599670001032,6.04310611529339,5.991543776425699,25.172733835206767,0.6290605341858306
./Eplus-env-08-19_thermostat_rbc_eco_year_2023_case_6_rep_0_zone_9_onoffseed_5_tempseed_42_comforttemp_18_setbacktemp_13_paper2_final_runs_v4-res1,2023,6,0,9,5,42,18,13,6.5587295039703,24.275549138908943,17.37650819841188,5.042796741260184,4.960296999071878,4.723110240280499,5.104671547901413,5.2902959678251005,5.156233886769104,4.527173352583273,16.98463442301743,0.0
./Eplus-env-08-19_thermostat_rbc_eco_year_2022_case_6_rep_0_zone_0_onoffseed_10_tempseed_10_comforttemp_20_setbacktemp_17_paper2_final_runs_v4-res1,2022,6,0,0,10,10,20,17,0.0,1.000309374033206,4.3621738682066615,4.496235949262658,4.135299577188821,19.531813963081365,25.224296174074457,8.683097865319171,6.1668557285758485,5.331545838919253,21.06837166133856,0.0
./Eplus-env-08-19_thermostat_rbc_eco_year_2022_case_6_rep_0_zone_0_onoffseed_15_tempseed_15_comforttemp_20_setbacktemp_17_paper2_final_runs_v4-res1,2022,6,0,0,15,15,20,17,0.0,1.2684335361451995,3.9909250283592863,5.259358564504486,5.228421161183872,6.393730019593689,19.067752913272145,21.728369598845003,8.827472414148705,6.465917294008457,21.769619469939155,0.0
./Eplus-env-08-19_thermostat_rbc_eco_year_2022_case_6_rep_0_zone_0_onoffseed_5_tempseed_42_comforttemp_20_setbacktemp_17_paper2_final_runs_v4-res1,2022,6,0,0,5,42,20,17,0.0,0.0,0.0,4.424048674847891,39.445189233783644,13.478395380014438,6.6721666494792204,5.558420129937094,5.06342167680726,5.104671547901413,20.25368670722904,0.0
./Eplus-env-08-19_thermostat_rbc_eco_year_2023_case_6_rep_0_zone_0_onoffseed_15_tempseed_42_comforttemp_20_setbacktemp_17_paper2_final_runs_v4-res1,2023,6,0,0,15,42,20,17,0.0,4.444673610394967,9.38434567391977,14.478704754047644,23.450551717025885,8.652160461998557,6.012168711972775,6.352480148499535,5.692482210993091,4.516860884809735,17.015571826338043,0.0
./Eplus-env-08-19_thermostat_rbc_eco_year_2023_case_12_rep_0_zone_0_onoffseed_15_tempseed_30_comforttemp_20_setbacktemp_13_paper2_final_runs_v4-res1,2023,12,0,0,15,30,20,13,1.4746828916159638,3.330927090852841,5.774981953181396,7.208414973703207,17.232133649582345,19.655563576363825,8.755285139733939,6.486542229555532,5.98123130865216,5.042796741260184,18.170568216974324,0.8868722285242858
./Eplus-env-08-19_thermostat_rbc_eco_year_2022_case_12_rep_0_zone_0_onoffseed_15_tempseed_42_comforttemp_20_setbacktemp_13_paper2_final_runs_v4-res1,2022,12,0,0,15,42,20,13,2.2996803134990205,4.547798288130349,5.7440445498607815,14.7365164483861,19.748375786325667,8.817159946375169,5.630607404351862,5.197483757863257,4.8468598535629575,4.8468598535629575,21.59430751778901,1.990306280292874
./Eplus-env-08-19_thermostat_rbc_eco_year_2022_case_4_rep_0_zone_9_onoffseed_5_tempseed_42_comforttemp_18_setbacktemp_13_paper2_final_runs_v4-res1,2022,4,0,9,5,42,18,13,2.9596782510054656,10.343405176858822,12.519335877075385,8.466536042074868,6.775291327214602,5.805919356502011,5.455295452201712,5.475920387748788,5.537795194390018,5.86779416314324,30.628029287408477,0.16499948437661133
./Eplus-env-08-19_thermostat_rbc_eco_year_2022_case_4_rep_0_zone_9_onoffseed_5_tempseed_42_comforttemp_19_setbacktemp_13_paper2_final_runs_v4-res1,2022,4,0,9,5,42,19,13,0.7837475507889038,4.619985562545117,11.642776116324637,15.448076724760234,8.188099412189336,6.032793647519852,5.259358564504486,5.847169227596163,5.7131071465401675,6.1668557285758485,30.153655769825722,0.1443745488295349
./Eplus-env-08-19_thermostat_rbc_eco_year_2022_case_9_rep_0_zone_0_onoffseed_10_tempseed_30_comforttemp_20_setbacktemp_17_paper2_final_runs_v4-res1,2022,9,0,0,10,30,20,17,0.0,0.06187480664122925,0.7631226152418273,1.9696813447457977,9.054346705166546,21.233371145715168,12.003712488398474,7.662163555738887,6.826853666082293,6.44529235846138,33.979581313808396,0.0
./Eplus-env-08-19_thermostat_rbc_eco_year_2023_case_2_rep_0_zone_0_onoffseed_5_tempseed_15_comforttemp_20_setbacktemp_17_paper2_final_runs_v4-res1,2023,2,0,0,5,15,20,17,0.0,0.0,0.0,0.0,0.0,0.22687429101784057,12.7668351036403,46.11735588326287,13.69495720325874,6.991853150458905,20.20212436836135,0.0
./Eplus-env-08-19_thermostat_rbc_eco_year_2022_case_11_rep_0_zone_0_onoffseed_15_tempseed_42_comforttemp_20_setbacktemp_17_paper2_final_runs_v4-res1,2022,11,0,0,15,42,20,17,0.0,4.630298030318655,9.38434567391977,13.158708879034753,22.883365989481284,9.229658657316696,5.86779416314324,5.23873362895741,4.960296999071878,4.7849850469217285,19.86181293183459,0.0
./Eplus-env-08-19_thermostat_rbc_eco_year_2023_case_11_rep_0_zone_0_onoffseed_10_tempseed_30_comforttemp_20_setbacktemp_13_paper2_final_runs_v4-res1,2023,11,0,0,10,30,20,13,1.000309374033206,2.382180055687326,3.7949881406620602,5.156233886769104,18.00556873259771,24.853047334227078,8.7449726719604,6.548417036196762,5.836856759822625,5.011859337939569,17.912756522635867,0.7528101474682891
./Eplus-env-08-19_thermostat_rbc_eco_year_2023_case_5_rep_0_zone_9_onoffseed_5_tempseed_42_comforttemp_21_setbacktemp_15_paper2_final_runs_v4-res1,2023,5,0,9,5,42,21,15,0.0,0.0,0.5671857275446014,16.27307414664329,26.82272867897288,17.562132618335568,6.517479632876147,5.785294420954934,5.125296483448489,4.8571723213364955,16.489635969887594,0.0
./Eplus-env-08-19_thermostat_rbc_eco_year_2022_case_6_rep_0_zone_0_onoffseed_10_tempseed_15_comforttemp_20_setbacktemp_17_paper2_final_runs_v4-res1,2022,6,0,0,10,15,20,17,0.0,0.5981231308652161,2.939053315458389,3.5784263174177577,3.8981128183974425,4.8468598535629575,21.408683097865318,25.513045271733525,9.023409301845932,6.228730535217077,21.96555635763638,0.0
./Eplus-env-08-19_thermostat_rbc_eco_year_2023_case_6_rep_0_zone_0_onoffseed_5_tempseed_30_comforttemp_20_setbacktemp_17_paper2_final_runs_v4-res1,2023,6,0,0,5,30,20,17,0.0,0.0,0.0,0.010312467773538208,7.208414973703207,44.106424667422914,11.869650407342478,7.703413426833042,6.208105599670001,4.970609466845416,17.923068990409405,0.0
./Eplus-env-08-19_thermostat_rbc_eco_year_2023_case_2_rep_0_zone_9_onoffseed_5_tempseed_42_comforttemp_18_setbacktemp_17_paper2_final_runs_v4-res1,2023,2,0,9,5,42,18,17,0.0,4.980921934618954,40.084562235743014,7.053727957100134,5.23873362895741,5.228421161183872,5.372795710013406,5.444982984428174,5.187171290089719,4.8468598535629575,16.561823244302364,0.0
./Eplus-env-08-19_thermostat_rbc_eco_year_2022_case_7_rep_0_zone_0_onoffseed_15_tempseed_42_comforttemp_20_setbacktemp_15_paper2_final_runs_v4-res1,2022,7,0,0,15,42,20,15,3.475301639682376,4.3621738682066615,6.001856244199237,15.406826853666084,19.067752913272145,8.806847478601629,6.115293389708157,5.23873362895741,4.454986078168506,5.042796741260184,21.2952459523564,0.7321852119212128
./Eplus-env-08-19_thermostat_rbc_eco_year_2023_case_7_rep_0_zone_0_onoffseed_5_tempseed_42_comforttemp_20_setbacktemp_13_paper2_final_runs_v4-res1,2023,7,0,0,5,42,20,13,0.0,0.0,0.09281220996184388,6.1977931318964625,40.50737341445808,10.776528823347427,7.280602248117975,6.455604826234918,5.352170774466329,4.939672063524801,18.397442507992164,0.0
./Eplus-env-08-19_thermostat_rbc_eco_year_2023_case_7_rep_0_zone_0_onoffseed_15_tempseed_10_comforttemp_20_setbacktemp_15_paper2_final_runs_v4-res1,2023,7,0,0,15,10,20,15,1.1549963906362792,2.124368361348871,3.9703000928122103,6.146230793028772,7.394039393626894,18.29431783025678,20.985871919150252,9.044034237393008,6.6721666494792204,5.383108177786944,18.68619160565123,0.1443745488295349
./Eplus-env-08-19_thermostat_rbc_eco_year_2022_case_6_rep_0_zone_0_onoffseed_10_tempseed_30_comforttemp_20_setbacktemp_15_paper2_final_runs_v4-res1,2022,6,0,0,10,30,20,15,1.6087449726719605,2.691554088893472,3.475301639682376,4.496235949262658,17.335258327317725,24.151799525626483,8.476848509848407,6.311230277405383,5.6409198721254,5.475920387748788,20.047437351758276,0.2887490976590698
./Eplus-env-08-19_thermostat_rbc_eco_year_2023_case_8_rep_0_zone_0_onoffseed_15_tempseed_42_comforttemp_20_setbacktemp_15_paper2_final_runs_v4-res1,2023,8,0,0,15,42,20,15,0.4640610498092193,1.1343714550892028,3.227802413117459,11.189027534288956,20.12993709394658,10.549654532329585,6.6515417139321436,4.908734660204187,5.125296483448489,5.7337320820872435,30.865216046199855,0.020624935547076416
./Eplus-env-08-19_thermostat_rbc_eco_year_2023_case_8_rep_0_zone_0_onoffseed_10_tempseed_42_comforttemp_20_setbacktemp_15_paper2_final_runs_v4-res1,2023,8,0,0,10,42,20,15,0.17531195215014952,0.7012478086005981,2.124368361348871,11.292152212024337,21.553057646694853,10.683716613385583,6.744353923893988,5.114984015674951,5.125296483448489,5.826544292049087,30.658966690729088,0.0
./Eplus-env-08-19_thermostat_rbc_eco_year_2022_case_5_rep_0_zone_0_onoffseed_10_tempseed_15_comforttemp_20_setbacktemp_13_paper2_final_runs_v4-res1,2022,5,0,0,10,15,20,13,0.5259358564504486,1.289058471692276,2.495617201196246,4.3518614004331235,4.3312364648860475,5.362483242239868,19.26368980096937,24.57461070434155,9.136846447354852,6.6515417139321436,21.326183355677014,0.6909353408270599
./Eplus-env-08-19_thermostat_rbc_eco_year_2022_case_1_rep_0_zone_0_onoffseed_10_tempseed_42_comforttemp_20_setbacktemp_15_paper2_final_runs_v4-res1,2022,1,0,0,10,42,20,15,2.279055377951944,3.3206146230793028,3.908425286170981,15.613076209136848,24.543673301020934,8.909972156337012,6.239043002990615,5.527482726616479,4.991234402392492,5.135608951222028,18.974940703310303,0.5568732597710633
./Eplus-env-08-19_thermostat_rbc_eco_year_2023_case_2_rep_0_zone_0_onoffseed_5_tempseed_15_comforttemp_20_setbacktemp_13_paper2_final_runs_v4-res1,2023,2,0,0,5,15,20,13,0.0,0.0,0.0,0.0,0.0,0.3918737753944519,13.096834072393523,45.75641951118903,13.395895637826133,7.466226668041662,19.892750335155203,0.0
./Eplus-env-08-19_thermostat_rbc_eco_year_2022_case_2_rep_0_zone_0_onoffseed_5_tempseed_10_comforttemp_20_setbacktemp_13_paper2_final_runs_v4-res1,2022,2,0,0,5,10,20,13,0.0,0.0,0.0,0.0,0.31968650097968443,10.3640301124059,42.363617613694956,12.117149633907394,7.043415489326596,6.146230793028772,21.6458698566567,0.0
./Eplus-env-08-18_thermostat_rbc_eco_year_2023_case_0_rep_0_zone_9_onoffseed_5_tempseed_42_comforttemp_19_setbacktemp_15_paper2_final_runs_v4-res1,2023,0,0,9,5,42,19,15,0.0,3.330927090852841,29.45240796122512,19.294627204289984,6.33185521295246,5.053109209033722,5.424358048881097,5.331545838919253,5.444982984428174,4.743735175827576,15.59245127358977,0.0
./Eplus-env-08-19_thermostat_rbc_eco_year_2022_case_2_rep_0_zone_9_onoffseed_5_tempseed_42_comforttemp_18_setbacktemp_13_paper2_final_runs_v4-res1,2022,2,0,9,5,42,18,13,6.703104052799835,22.233680519748376,15.778075693513458,6.548417036196762,5.517170258842941,4.382798803753738,4.3415489326595855,5.114984015674951,4.3209239971125095,4.8365473857894195,20.150562029493656,0.07218727441476745
./Eplus-env-08-19_thermostat_rbc_eco_year_2023_case_1_rep_0_zone_9_onoffseed_5_tempseed_42_comforttemp_18_setbacktemp_15_paper2_final_runs_v4-res1,2023,1,0,9,5,42,18,15,0.31968650097968443,24.52304836547386,23.35773950706404,5.145921418995566,4.8262349180158814,4.764360111374652,5.506857791069403,5.579045065484171,5.2902959678251005,4.630298030318655,16.056512323398987,0.0
./Eplus-env-08-19_thermostat_rbc_eco_year_2023_case_6_rep_0_zone_0_onoffseed_15_tempseed_30_comforttemp_20_setbacktemp_13_paper2_final_runs_v4-res1,2023,6,0,0,15,30,20,13,1.794369392595648,3.2071774775703825,5.475920387748788,7.280602248117975,17.355883262864804,19.95462514179643,8.7449726719604,6.486542229555532,6.053418583066928,5.197483757863257,17.428070537279574,1.0209343095802825
./Eplus-env-08-19_thermostat_rbc_eco_year_2022_case_4_rep_0_zone_0_onoffseed_5_tempseed_42_comforttemp_20_setbacktemp_17_paper2_final_runs_v4-res1,2022,4,0,0,5,42,20,17,0.0,0.0,0.020624935547076416,4.939672063524801,18.12931834588017,15.99463751675776,8.466536042074868,6.723728988346911,6.579354439517377,6.393730019593689,32.752397648757345,0.0
./Eplus-env-08-19_thermostat_rbc_eco_year_2023_case_2_rep_0_zone_0_onoffseed_5_tempseed_30_comforttemp_20_setbacktemp_15_paper2_final_runs_v4-res1,2023,2,0,0,5,30,20,15,0.0,0.0,0.0,0.11343714550892028,8.703722800866247,41.60049499845313,12.127462101680932,7.342477054759204,6.630916778385068,5.475920387748788,18.00556873259771,0.0
./Eplus-env-08-19_thermostat_rbc_eco_year_2023_case_11_rep_0_zone_0_onoffseed_10_tempseed_15_comforttemp_20_setbacktemp_17_paper2_final_runs_v4-res1,2023,11,0,0,10,15,20,17,0.0,0.2887490976590698,2.7534288955347015,4.269361658244818,4.8365473857894195,4.8056099824688046,22.243992987521914,26.379292564710738,9.188408786222544,6.393730019593689,18.840878622254305,0.0
./Eplus-env-08-19_thermostat_rbc_eco_year_2023_case_11_rep_0_zone_0_onoffseed_5_tempseed_42_comforttemp_20_setbacktemp_15_paper2_final_runs_v4-res1,2023,11,0,0,5,42,20,15,0.0,0.0,0.010312467773538208,5.98123130865216,41.55924512735898,11.10652779210065,6.806228730535217,6.878416004949985,5.774981953181396,4.558110755903888,17.32494585954419,0.0
./Eplus-env-08-19_thermostat_rbc_eco_year_2022_case_2_rep_0_zone_0_onoffseed_10_tempseed_30_comforttemp_20_setbacktemp_17_paper2_final_runs_v4-res1,2022,2,0,0,10,30,20,17,0.0,1.6293699082190367,5.259358564504486,4.640610498092194,17.015571826338043,25.389295658451065,8.528410848716097,6.239043002990615,5.558420129937094,5.2902959678251005,20.449623594926265,0.0
./Eplus-env-08-19_thermostat_rbc_eco_year_2022_case_2_rep_0_zone_0_onoffseed_15_tempseed_15_comforttemp_20_setbacktemp_15_paper2_final_runs_v4-res1,2022,2,0,0,15,15,20,15,0.989996906259668,1.4746828916159638,2.9493657832319276,4.960296999071878,5.249046096730948,7.517789006909354,19.748375786325667,19.995875012890586,8.270599154377642,6.434979890687842,22.295555326389604,0.11343714550892028
./Eplus-env-08-19_thermostat_rbc_eco_year_2023_case_12_rep_0_zone_0_onoffseed_15_tempseed_30_comforttemp_20_setbacktemp_15_paper2_final_runs_v4-res1,2023,12,0,0,15,30,20,15,1.78405692482211,3.5474889140971433,5.383108177786944,6.630916778385068,17.47963287614726,20.109312158399504,8.363411364339486,6.496854697329072,5.816231824275549,5.207796225636795,19.078065381045683,0.10312467773538209
./Eplus-env-08-19_thermostat_rbc_eco_year_2022_case_10_rep_0_zone_9_onoffseed_5_tempseed_42_comforttemp_18_setbacktemp_13_paper2_final_runs_v4-res1,2022,10,0,9,5,42,18,13,4.08373723832113,21.841806744353924,16.67526038981128,6.837166133855832,5.383108177786944,4.712797772506961,4.496235949262658,4.094049706094668,4.217799319377127,4.8468598535629575,22.811178715066514,0.0
./Eplus-env-08-19_thermostat_rbc_eco_year_2022_case_3_rep_0_zone_0_onoffseed_15_tempseed_10_comforttemp_20_setbacktemp_17_paper2_final_runs_v4-res1,2022,3,0,0,15,10,20,17,0.010312467773538208,0.2681241621119934,1.0828091162215119,2.7534288955347015,5.424358048881097,17.510570279467878,17.50025781169434,9.002784366298854,7.064040424873673,6.094668454161081,33.288645972981335,0.0
./Eplus-env-08-19_thermostat_rbc_eco_year_2022_case_3_rep_0_zone_0_onoffseed_15_tempseed_15_comforttemp_20_setbacktemp_17_paper2_final_runs_v4-res1,2022,3,0,0,15,15,20,17,0.020624935547076416,0.17531195215014952,0.6909353408270599,1.340620810559967,3.1246777353820767,6.579354439517377,18.263380426936166,19.191502526554604,9.209033721769618,7.1568526348355155,34.247705475920384,0.0
./Eplus-env-08-19_thermostat_rbc_eco_year_2023_case_8_rep_0_zone_0_onoffseed_10_tempseed_15_comforttemp_20_setbacktemp_15_paper2_final_runs_v4-res1,2023,8,0,0,10,15,20,15,0.010312467773538208,0.08249974218830566,0.3093740332061462,0.6496854697329071,2.0521810869341035,4.186861916056513,15.850262967928225,27.606476229761785,8.992471898525316,6.764978859441065,33.4948953284521,0.0
./Eplus-env-08-19_thermostat_rbc_eco_year_2023_case_1_rep_0_zone_0_onoffseed_10_tempseed_42_comforttemp_20_setbacktemp_13_paper2_final_runs_v4-res1,2023,1,0,0,10,42,20,13,1.835619263689801,3.0009281220996185,5.032484273486645,17.10838403629989,24.708672785397546,8.002474992265649,6.486542229555532,5.857481695369702,5.2799835000515625,4.980921934618954,16.27307414664329,1.4334330205218109
./Eplus-env-08-19_thermostat_rbc_eco_year_2023_case_10_rep_0_zone_9_onoffseed_5_tempseed_42_comforttemp_21_setbacktemp_17_paper2_final_runs_v4-res1,2023,10,0,9,5,42,21,17,0.0,0.0,0.0,2.897803444364236,34.969578220068065,18.057131071465403,7.012478086005982,5.568732597710632,5.527482726616479,5.579045065484171,20.387748788285037,0.0
./Eplus-env-08-19_thermostat_rbc_eco_year_2023_case_3_rep_0_zone_0_onoffseed_5_tempseed_30_comforttemp_20_setbacktemp_15_paper2_final_runs_v4-res1,2023,3,0,0,5,30,20,15,0.0,0.0,0.0,0.247499226564917,10.98277817881819,26.915540888934725,12.787460039187378,6.795916262761679,6.115293389708157,5.579045065484171,30.576466948540787,0.0
./Eplus-env-08-19_thermostat_rbc_eco_year_2023_case_3_rep_0_zone_9_onoffseed_5_tempseed_42_comforttemp_19_setbacktemp_13_paper2_final_runs_v4-res1,2023,3,0,9,5,42,19,13,0.3403114365267609,6.094668454161081,15.99463751675776,18.108693410333093,6.981540682685367,5.228421161183872,4.465298545942044,3.908425286170981,4.558110755903888,5.589357533257709,28.730535217077446,0.0
./Eplus-env-08-19_thermostat_rbc_eco_year_2022_case_3_rep_0_zone_9_onoffseed_5_tempseed_42_comforttemp_21_setbacktemp_17_paper2_final_runs_v4-res1,2022,3,0,9,5,42,21,17,0.0,0.0,0.010312467773538208,4.155924512735898,22.109930906465916,19.284314736516446,6.795916262761679,5.888419098690316,5.589357533257709,5.517170258842941,30.64865422295555,0.0
./Eplus-env-08-19_thermostat_rbc_eco_year_2023_case_14_rep_0_zone_0_onoffseed_10_tempseed_15_comforttemp_20_setbacktemp_13_paper2_final_runs_v4-res1,2023,14,0,0,10,15,20,13,0.0,0.030937403320614624,0.08249974218830566,0.3918737753944519,1.443745488295349,3.68155099515314,12.044962359492626,27.441476745385167,12.230586779416313,7.847787975662576,34.80457873569145,0.0
./Eplus-env-08-19_thermostat_rbc_eco_year_2022_case_14_rep_0_zone_9_onoffseed_5_tempseed_42_comforttemp_18_setbacktemp_15_paper2_final_runs_v4-res1,2022,14,0,9,5,42,18,15,0.1237496132824585,12.117149633907394,12.839022378055068,8.002474992265649,6.826853666082293,5.785294420954934,5.331545838919253,5.2799835000515625,5.7440445498607815,5.836856759822625,32.113024646797975,0.0
./Eplus-env-08-19_thermostat_rbc_eco_year_2022_case_13_rep_0_zone_0_onoffseed_10_tempseed_30_comforttemp_20_setbacktemp_15_paper2_final_runs_v4-res1,2022,13,0,0,10,30,20,15,0.10312467773538209,0.3403114365267609,1.247808600598123,2.495617201196246,11.983087552851398,22.49149221408683,9.621532432711149,7.012478086005982,6.208105599670001,5.506857791069403,32.96895947200165,0.020624935547076416
./Eplus-env-08-19_thermostat_rbc_eco_year_2022_case_11_rep_0_zone_9_onoffseed_5_tempseed_42_comforttemp_19_setbacktemp_13_paper2_final_runs_v4-res1,2022,11,0,9,5,42,19,13,0.41249871094152835,10.786841291120965,21.5118077756007,16.644322986490668,7.043415489326596,4.815922450242343,4.980921934618954,4.877797256883572,4.650922965865732,4.434361142621429,19.841187996287513,0.0
./Eplus-env-08-19_thermostat_rbc_eco_year_2022_case_7_rep_0_zone_0_onoffseed_10_tempseed_15_comforttemp_20_setbacktemp_15_paper2_final_runs_v4-res1,2022,7,0,0,10,15,20,15,0.5156233886769104,0.6909353408270599,2.2171805713107147,3.073115396514386,4.568423223677426,5.341858306692791,19.769000721872747,25.946168918222128,9.518407754975765,5.98123130865216,22.25430545529545,0.1237496132824585
./Eplus-env-08-19_thermostat_rbc_eco_year_2023_case_5_rep_0_zone_0_onoffseed_10_tempseed_42_comforttemp_20_setbacktemp_15_paper2_final_runs_v4-res1,2023,5,0,0,10,42,20,15,2.4749922656491696,3.526863978550067,4.599360626998041,16.10807466226668,25.224296174074457,8.260286686604104,6.1977931318964625,6.26998040631123,5.496545323295865,5.084046612354336,16.376198824378672,0.38156130762091367
./Eplus-env-08-19_thermostat_rbc_eco_year_2023_case_6_rep_0_zone_0_onoffseed_10_tempseed_15_comforttemp_20_setbacktemp_13_paper2_final_runs_v4-res1,2023,6,0,0,10,15,20,13,0.494998453129834,0.9487470351655151,2.000618748066412,3.7434258017943693,5.114984015674951,5.836856759822625,20.31556151387027,26.018356192636897,9.456532948334537,6.311230277405383,19.325564607610602,0.43312364648860474
./Eplus-env-08-19_thermostat_rbc_eco_year_2023_case_7_rep_0_zone_0_onoffseed_10_tempseed_30_comforttemp_20_setbacktemp_15_paper2_final_runs_v4-res1,2023,7,0,0,10,30,20,15,1.144683922862741,2.248117974631329,3.959987625038672,5.218108693410333,18.758378880065997,23.58461379808188,8.92028462411055,6.32154274517892,6.228730535217077,4.960296999071878,18.59337939568939,0.06187480664122925
./Eplus-env-08-19_thermostat_rbc_eco_year_2023_case_6_rep_0_zone_0_onoffseed_15_tempseed_42_comforttemp_20_setbacktemp_15_paper2_final_runs_v4-res1,2023,6,0,0,15,42,20,15,3.7124883984737544,4.898422192430648,7.064040424873673,16.73713519645251,19.748375786325667,8.219036815509952,5.970918840878622,6.063731050840466,5.331545838919253,5.053109209033722,16.62369805094359,0.5774981953181396
./Eplus-env-08-19_thermostat_rbc_eco_year_2023_case_6_rep_0_zone_0_onoffseed_10_tempseed_42_comforttemp_20_setbacktemp_13_paper2_final_runs_v4-res1,2023,6,0,0,10,42,20,13,1.6499948437661134,2.969990718779004,4.939672063524801,16.98463442301743,24.419923687738475,8.074662266680416,6.476229761781995,5.661544807672476,5.3006084355986385,4.743735175827576,17.469320408373722,1.3096834072393524
./Eplus-env-08-19_thermostat_rbc_eco_year_2023_case_11_rep_0_zone_9_onoffseed_5_tempseed_42_comforttemp_19_setbacktemp_13_paper2_final_runs_v4-res1,2023,11,0,9,5,42,19,13,0.3093740332061462,10.9312158399505,23.914612766835102,17.03619676188512,5.424358048881097,4.991234402392492,4.424048674847891,5.259358564504486,5.424358048881097,4.970609466845416,17.314633391770652,0.0
./Eplus-env-08-19_thermostat_rbc_eco_year_2022_case_12_rep_0_zone_0_onoffseed_5_tempseed_10_comforttemp_20_setbacktemp_13_paper2_final_runs_v4-res1,2022,12,0,0,5,10,20,13,0.0,0.0,0.0,0.0,0.19593688769722595,9.508095287202227,42.92049087346602,12.1996493760957,6.486542229555532,6.104980921934619,22.584304424048675,0.0
./Eplus-env-08-19_thermostat_rbc_eco_year_2022_case_13_rep_0_zone_9_onoffseed_5_tempseed_42_comforttemp_19_setbacktemp_13_paper2_final_runs_v4-res1,2022,13,0,9,5,42,19,13,0.31968650097968443,5.228421161183872,13.354645766731979,16.10807466226668,7.24966484479736,5.156233886769104,5.46560791997525,5.2902959678251005,4.630298030318655,4.88810972465711,32.308961534495204,0.0
./Eplus-env-08-19_thermostat_rbc_eco_year_2023_case_11_rep_0_zone_0_onoffseed_5_tempseed_15_comforttemp_20_setbacktemp_15_paper2_final_runs_v4-res1,2023,11,0,0,5,15,20,15,0.0,0.0,0.0,0.0,0.0,0.18562441992368775,11.890275342889552,46.21016809322471,13.179333814581828,7.239352377023822,21.2952459523564,0.0
./Eplus-env-08-19_thermostat_rbc_eco_year_2023_case_12_rep_0_zone_9_onoffseed_5_tempseed_42_comforttemp_20_setbacktemp_17_paper2_final_runs_v4-res1,2023,12,0,9,5,42,20,17,0.0,0.0,0.8662472929772095,30.793028771785085,21.635557388883157,6.888728472723522,5.444982984428174,5.475920387748788,5.517170258842941,5.2696710322780245,18.108693410333093,0.0
./Eplus-env-08-18_thermostat_rbc_eco_year_2022_case_0_rep_0_zone_9_onoffseed_5_tempseed_42_comforttemp_20_setbacktemp_13_paper2_final_runs_v4-res1,2022,0,0,9,5,42,20,13,0.0,2.5471795400639374,13.591832525523358,22.099618438692378,17.59307002165618,5.909044034237393,5.259358564504486,4.7849850469217285,4.609673094771579,4.723110240280499,18.882128493348457,0.0
./Eplus-env-08-18_thermostat_rbc_eco_year_2023_case_0_rep_0_zone_9_onoffseed_5_tempseed_42_comforttemp_21_setbacktemp_17_paper2_final_runs_v4-res1,2023,0,0,9,5,42,21,17,0.0,0.0,0.0,5.692482210993091,36.29988656285449,19.696813447457977,6.826853666082293,6.218418067443539,5.403733113334021,5.156233886769104,14.705579045065484,0.0
./Eplus-env-08-19_thermostat_rbc_eco_year_2023_case_9_rep_0_zone_9_onoffseed_5_tempseed_42_comforttemp_21_setbacktemp_13_paper2_final_runs_v4-res1,2023,9,0,9,5,42,21,13,0.0,0.48468598535629576,1.6809322470867278,3.145302670929153,11.096215324327112,24.657110446529853,10.12684335361452,6.795916262761679,5.011859337939569,5.6409198721254,31.360214499329693,0.0
./Eplus-env-08-19_thermostat_rbc_eco_year_2022_case_5_rep_0_zone_9_onoffseed_5_tempseed_42_comforttemp_21_setbacktemp_15_paper2_final_runs_v4-res1,2022,5,0,9,5,42,21,15,0.0,0.0,0.7631226152418273,15.47901412808085,25.574920078374756,17.789006909353407,6.517479632876147,5.2696710322780245,5.022171805713107,5.207796225636795,18.376817572445088,0.0
./Eplus-env-08-19_thermostat_rbc_eco_year_2023_case_1_rep_0_zone_0_onoffseed_5_tempseed_42_comforttemp_20_setbacktemp_17_paper2_final_runs_v4-res1,2023,1,0,0,5,42,20,17,0.0,0.0,0.0,4.186861916056513,42.425492420336184,11.405589357533257,7.167165102609055,6.744353923893988,5.826544292049087,5.032484273486645,17.21150871403527,0.0
./Eplus-env-08-19_thermostat_rbc_eco_year_2023_case_6_rep_0_zone_0_onoffseed_10_tempseed_10_comforttemp_20_setbacktemp_13_paper2_final_runs_v4-res1,2023,6,0,0,10,10,20,13,0.7321852119212128,1.5056202949365782,3.021553057646695,4.7849850469217285,5.527482726616479,19.96493760956997,24.47148602660617,9.363720738372692,6.517479632876147,5.166546354542642,18.376817572445088,0.5671857275446014
./Eplus-env-08-19_thermostat_rbc_eco_year_2023_case_3_rep_0_zone_9_onoffseed_5_tempseed_42_comforttemp_20_setbacktemp_17_paper2_final_runs_v4-res1,2023,3,0,9,5,42,20,17,0.0,0.0,0.4021862431679901,21.656182324430237,21.59430751778901,6.6412292461586055,5.310920903372177,4.619985562545117,4.692172836959885,5.084046612354336,29.998968753222645,0.0
./Eplus-env-08-19_thermostat_rbc_eco_year_2022_case_12_rep_0_zone_0_onoffseed_5_tempseed_42_comforttemp_20_setbacktemp_15_paper2_final_runs_v4-res1,2022,12,0,0,5,42,20,15,0.0,0.0,0.020624935547076416,6.84747860162937,37.1661338558317,12.684335361451996,6.6515417139321436,6.104980921934619,4.980921934618954,4.939672063524801,20.60431061152934,0.0
./Eplus-env-08-19_thermostat_rbc_eco_year_2022_case_6_rep_0_zone_9_onoffseed_5_tempseed_42_comforttemp_18_setbacktemp_13_paper2_final_runs_v4-res1,2022,6,0,9,5,42,18,13,6.424667422914303,22.099618438692378,15.99463751675776,7.342477054759204,5.259358564504486,4.568423223677426,4.3724863359802,5.135608951222028,4.444673610394967,4.393111271527276,19.944312674022893,0.020624935547076416
./Eplus-env-08-19_thermostat_rbc_eco_year_2022_case_6_rep_0_zone_0_onoffseed_15_tempseed_10_comforttemp_20_setbacktemp_17_paper2_final_runs_v4-res1,2022,6,0,0,15,10,20,17,0.0,1.9078065381045684,5.98123130865216,5.7337320820872435,5.444982984428174,18.82025368670723,20.583685675982263,8.641847994225019,5.950293905331546,5.661544807672476,21.274621016809323,0.0
./Eplus-env-08-19_thermostat_rbc_eco_year_2023_case_6_rep_0_zone_0_onoffseed_15_tempseed_10_comforttemp_20_setbacktemp_17_paper2_final_runs_v4-res1,2023,6,0,0,15,10,20,17,0.0,1.2374961328245848,6.38341755182015,6.38341755182015,6.723728988346911,19.03681550995153,21.305558420129938,8.930597091884088,6.837166133855832,5.414045581107559,17.747757038259255,0.0
./Eplus-env-08-19_thermostat_rbc_eco_year_2022_case_6_rep_0_zone_9_onoffseed_5_tempseed_42_comforttemp_18_setbacktemp_17_paper2_final_runs_v4-res1,2022,6,0,9,5,42,18,17,0.0,4.681860369186346,35.908012787460045,8.837784881922243,6.476229761781995,5.06342167680726,5.176858822316181,4.702485304733423,4.3518614004331235,4.609673094771579,20.191811900587812,0.0
./Eplus-env-08-19_thermostat_rbc_eco_year_2022_case_5_rep_0_zone_9_onoffseed_5_tempseed_42_comforttemp_18_setbacktemp_13_paper2_final_runs_v4-res1,2022,5,0,9,5,42,18,13,6.104980921934619,22.285242858616066,16.829947406414355,7.806538104568424,5.259358564504486,4.547798288130349,4.403423739300814,4.434361142621429,4.919047127977725,4.919047127977725,18.46962978240693,0.020624935547076416
./Eplus-env-08-19_thermostat_rbc_eco_year_2023_case_5_rep_0_zone_9_onoffseed_5_tempseed_42_comforttemp_18_setbacktemp_13_paper2_final_runs_v4-res1,2023,5,0,9,5,42,18,13,5.702794678766629,24.57461070434155,18.11900587810663,5.7543570176343195,4.681860369186346,4.434361142621429,5.197483757863257,5.682169743219553,4.949984531298339,5.022171805713107,15.860575435701762,0.020624935547076416
./Eplus-env-08-19_thermostat_rbc_eco_year_2022_case_14_rep_0_zone_9_onoffseed_5_tempseed_42_comforttemp_18_setbacktemp_17_paper2_final_runs_v4-res1,2022,14,0,9,5,42,18,17,0.0,3.7434258017943693,16.953697019696815,9.889656594823142,8.394348767660102,6.012168711972775,5.950293905331546,6.012168711972775,5.527482726616479,5.826544292049087,31.690213468082913,0.0
./Eplus-env-08-19_thermostat_rbc_eco_year_2022_case_1_rep_0_zone_0_onoffseed_15_tempseed_42_comforttemp_20_setbacktemp_13_paper2_final_runs_v4-res1,2022,1,0,0,15,42,20,13,2.629679282252243,4.867484789110034,6.239043002990615,14.829328658347944,20.006187480664124,8.538723316489635,6.012168711972775,5.434670516654635,4.949984531298339,5.3006084355986385,18.954315767763223,2.237805506857791
./Eplus-env-08-19_thermostat_rbc_eco_year_2023_case_8_rep_0_zone_0_onoffseed_5_tempseed_15_comforttemp_20_setbacktemp_15_paper2_final_runs_v4-res1,2023,8,0,0,5,15,20,15,0.0,0.0,0.0,0.0,0.010312467773538208,0.1443745488295349,11.261214808703723,34.50551717025884,11.570588841909869,7.13622769928844,35.371764463236055,0.0
./Eplus-env-08-19_thermostat_rbc_eco_year_2022_case_12_rep_0_zone_0_onoffseed_10_tempseed_10_comforttemp_20_setbacktemp_15_paper2_final_runs_v4-res1,2022,12,0,0,10,10,20,15,0.8662472929772095,1.5262452304836547,2.825616169949469,4.124987109415283,4.3621738682066615,19.38743941425183,25.048984221924307,8.79653501082809,6.001856244199237,5.228421161183872,21.676807259977313,0.1546870166030731
./Eplus-env-08-19_thermostat_rbc_eco_year_2022_case_1_rep_0_zone_0_onoffseed_10_tempseed_42_comforttemp_20_setbacktemp_17_paper2_final_runs_v4-res1,2022,1,0,0,10,42,20,17,0.010312467773538208,2.8359286377230073,6.5587295039703,11.395276889759721,29.266783541301432,9.085284108487162,5.98123130865216,5.228421161183872,4.712797772506961,5.042796741260184,19.882437867381665,0.0
./Eplus-env-08-19_thermostat_rbc_eco_year_2022_case_10_rep_0_zone_9_onoffseed_5_tempseed_42_comforttemp_19_setbacktemp_17_paper2_final_runs_v4-res1,2022,10,0,9,5,42,19,17,0.0,0.0,11.828400536248324,31.58708879034753,7.713725894606579,5.496545323295865,5.568732597710632,4.3621738682066615,4.671547901412808,5.042796741260184,23.728988346911418,0.0
./Eplus-env-08-19_thermostat_rbc_eco_year_2023_case_8_rep_0_zone_0_onoffseed_5_tempseed_42_comforttemp_20_setbacktemp_17_paper2_final_runs_v4-res1,2023,8,0,0,5,42,20,17,0.0,0.0,0.0,6.342167680725998,23.955862637929258,14.7365164483861,7.517789006909354,5.630607404351862,5.166546354542642,6.104980921934619,30.545529545220173,0.0
./Eplus-env-08-19_thermostat_rbc_eco_year_2023_case_6_rep_0_zone_0_onoffseed_10_tempseed_42_comforttemp_20_setbacktemp_15_paper2_final_runs_v4-res1,2023,6,0,0,10,42,20,15,2.2171805713107147,3.2587398164380734,4.712797772506961,16.561823244302364,24.51273589770032,8.301536557698256,6.04310611529339,6.104980921934619,5.579045065484171,4.929359595751263,17.448695472826646,0.32999896875322265
./Eplus-env-08-19_thermostat_rbc_eco_year_2022_case_7_rep_0_zone_0_onoffseed_5_tempseed_42_comforttemp_20_setbacktemp_17_paper2_final_runs_v4-res1,2022,7,0,0,5,42,20,17,0.0,0.0,0.0,4.8468598535629575,38.83675363514489,12.47808600598123,6.5999793750644535,5.579045065484171,5.259358564504486,5.156233886769104,21.24368361348871,0.0
./Eplus-env-08-19_thermostat_rbc_eco_year_2023_case_14_rep_0_zone_0_onoffseed_5_tempseed_15_comforttemp_20_setbacktemp_13_paper2_final_runs_v4-res1,2023,14,0,0,5,15,20,13,0.0,0.0,0.0,0.0,0.0,0.04124987109415283,7.239352377023822,32.50489842219243,15.89151283902238,7.868412911209652,36.454573579457566,0.0
./Eplus-env-08-19_thermostat_rbc_eco_year_2022_case_14_rep_0_zone_0_onoffseed_5_tempseed_10_comforttemp_20_setbacktemp_13_paper2_final_runs_v4-res1,2022,14,0,0,5,10,20,13,0.0,0.0,0.0,0.0,0.06187480664122925,5.362483242239868,25.873981643807365,14.984015674951015,9.673094771578839,7.641538620191812,36.40301124058987,0.0
./Eplus-env-08-19_thermostat_rbc_eco_year_2023_case_13_rep_0_zone_0_onoffseed_10_tempseed_42_comforttemp_20_setbacktemp_17_paper2_final_runs_v4-res1,2023,13,0,0,10,42,20,17,0.0,0.2681241621119934,2.825616169949469,11.065277921006498,21.82118180880685,10.384655047952975,6.6721666494792204,5.104671547901413,5.558420129937094,5.651232339898938,30.64865422295555,0.0
./Eplus-env-08-19_thermostat_rbc_eco_year_2022_case_13_rep_0_zone_0_onoffseed_10_tempseed_15_comforttemp_20_setbacktemp_17_paper2_final_runs_v4-res1,2022,13,0,0,10,15,20,17,0.0,0.030937403320614624,0.22687429101784057,0.6806228730535218,1.835619263689801,3.629988656285449,14.808703722800868,25.32742085180984,10.157780756935136,7.332164586985665,35.969887594101266,0.0
./Eplus-env-08-19_thermostat_rbc_eco_year_2023_case_10_rep_0_zone_9_onoffseed_5_tempseed_42_comforttemp_19_setbacktemp_13_paper2_final_runs_v4-res1,2023,10,0,9,5,42,19,13,0.08249974218830566,8.291224089924718,24.492110962153244,16.994946890790967,5.073734144580798,4.48592348148912,4.712797772506961,5.321233371145715,5.383108177786944,5.249046096730948,19.91337527070228,0.0
./Eplus-env-08-19_thermostat_rbc_eco_year_2022_case_14_rep_0_zone_0_onoffseed_15_tempseed_30_comforttemp_20_setbacktemp_17_paper2_final_runs_v4-res1,2022,14,0,0,15,30,20,17,0.06187480664122925,0.1340620810559967,1.1137465195421266,2.619366814478705,9.312158399505002,19.1090027843663,12.271836650510467,8.012787460039188,6.661854181705682,6.6824791172527584,34.02083118490255,0.0
./Eplus-env-08-19_thermostat_rbc_eco_year_2023_case_14_rep_0_zone_0_onoffseed_15_tempseed_15_comforttemp_20_setbacktemp_13_paper2_final_runs_v4-res1,2023,14,0,0,15,15,20,13,0.010312467773538208,0.1237496132824585,0.31968650097968443,0.494998453129834,2.2687429101784056,5.094359080127875,12.416211199340003,25.368670722903992,12.7668351036403,7.177477570382592,33.95895637826132,0.0
./Eplus-env-08-19_thermostat_rbc_eco_year_2023_case_12_rep_0_zone_9_onoffseed_5_tempseed_42_comforttemp_19_setbacktemp_13_paper2_final_runs_v4-res1,2023,12,0,9,5,42,19,13,0.29906156543260803,10.508404661235433,23.842425492420336,16.035887387851915,5.589357533257709,5.3006084355986385,4.609673094771579,5.249046096730948,5.094359080127875,5.001546870166031,18.46962978240693,0.0
./Eplus-env-08-19_thermostat_rbc_eco_year_2022_case_12_rep_0_zone_0_onoffseed_10_tempseed_15_comforttemp_20_setbacktemp_13_paper2_final_runs_v4-res1,2022,12,0,0,10,15,20,13,0.2887490976590698,0.6703104052799835,2.1140558935753324,3.3618644941734557,4.176549448282974,4.8056099824688046,20.87243477364133,25.069609157471383,8.982159430751778,6.084355986387543,23.275239764875735,0.29906156543260803
./Eplus-env-08-19_thermostat_rbc_eco_year_2022_case_12_rep_0_zone_0_onoffseed_10_tempseed_42_comforttemp_20_setbacktemp_17_paper2_final_runs_v4-res1,2022,12,0,0,10,42,20,17,0.020624935547076416,2.4749922656491696,6.795916262761679,12.364648860472311,27.410539342064556,8.868722285242859,5.857481695369702,5.7337320820872435,4.681860369186346,4.8056099824688046,20.985871919150252,0.0
./Eplus-env-08-19_thermostat_rbc_eco_year_2022_case_6_rep_0_zone_0_onoffseed_10_tempseed_10_comforttemp_20_setbacktemp_13_paper2_final_runs_v4-res1,2022,6,0,0,10,10,20,13,0.6187480664122924,1.536557698257193,3.4546767041352995,4.042487367226977,5.053109209033722,17.974631329277095,25.667732288336598,8.817159946375169,6.012168711972775,5.764669485407858,20.20212436836135,0.8559348252036713
./Eplus-env-08-19_thermostat_rbc_eco_year_2023_case_10_rep_0_zone_0_onoffseed_10_tempseed_15_comforttemp_20_setbacktemp_15_paper2_final_runs_v4-res1,2023,10,0,0,10,15,20,15,0.29906156543260803,0.9178096318449005,1.7531195215014954,3.444364236361761,4.3724863359802,5.403733113334021,19.356502010931216,26.42054243580489,10.116530885840982,6.579354439517377,21.33649582345055,0.0
./Eplus-env-08-19_thermostat_rbc_eco_year_2023_case_1_rep_0_zone_0_onoffseed_10_tempseed_30_comforttemp_20_setbacktemp_17_paper2_final_runs_v4-res1,2023,1,0,0,10,30,20,17,0.0,1.7015571826338043,5.661544807672476,5.114984015674951,17.314633391770652,27.173352583273175,9.095596576260698,6.744353923893988,5.7543570176343195,4.7952975146952665,16.644322986490668,0.0
./Eplus-env-08-19_thermostat_rbc_eco_year_2022_case_5_rep_0_zone_9_onoffseed_5_tempseed_42_comforttemp_21_setbacktemp_17_paper2_final_runs_v4-res1,2022,5,0,9,5,42,21,17,0.0,0.0,0.0,4.88810972465711,32.97927193977519,20.738372692585337,7.0331030215530586,5.444982984428174,4.8262349180158814,4.970609466845416,19.119315252139838,0.0
./Eplus-env-08-19_thermostat_rbc_eco_year_2023_case_12_rep_0_zone_0_onoffseed_5_tempseed_15_comforttemp_20_setbacktemp_13_paper2_final_runs_v4-res1,2023,12,0,0,5,15,20,13,0.0,0.0,0.0,0.0,0.0,0.17531195215014952,11.684025987418789,46.045168608848094,13.282458492317211,7.022790553779519,21.790244405486234,0.0
./Eplus-env-08-18_thermostat_rbc_eco_year_2022_case_0_rep_0_zone_0_onoffseed_10_tempseed_42_comforttemp_20_setbacktemp_15_paper2_final_runs_v4-res1,2022,0,0,0,10,42,20,15,2.526554604516861,3.4856141074559144,4.176549448282974,16.139012065587295,24.883984737547696,9.023409301845932,6.012168711972775,5.434670516654635,4.88810972465711,4.8468598535629575,18.211818088068473,0.3712488398473755
./Eplus-env-08-19_thermostat_rbc_eco_year_2023_case_14_rep_0_zone_0_onoffseed_5_tempseed_15_comforttemp_20_setbacktemp_15_paper2_final_runs_v4-res1,2023,14,0,0,5,15,20,15,0.0,0.0,0.0,0.0,0.0,0.030937403320614624,7.022790553779519,32.85552232649273,15.953387645663607,8.414973703207178,35.722388367536354,0.0
./Eplus-env-08-19_thermostat_rbc_eco_year_2022_case_11_rep_0_zone_0_onoffseed_15_tempseed_10_comforttemp_20_setbacktemp_15_paper2_final_runs_v4-res1,2022,11,0,0,15,10,20,15,1.2787460039187377,2.485304733422708,4.640610498092194,5.383108177786944,6.300917809631845,18.222130555842014,20.12993709394658,8.693410333092709,6.04310611529339,5.7131071465401675,20.87243477364133,0.23718675879137877
./Eplus-env-08-19_thermostat_rbc_eco_year_2022_case_11_rep_0_zone_0_onoffseed_5_tempseed_15_comforttemp_20_setbacktemp_15_paper2_final_runs_v4-res1,2022,11,0,0,5,15,20,15,0.0,0.0,0.0,0.0,0.0,0.27843662988553164,11.10652779210065,44.90048468598536,12.82870991028153,7.507476539135816,23.378364442611115,0.0
./Eplus-env-08-19_thermostat_rbc_eco_year_2023_case_7_rep_0_zone_0_onoffseed_15_tempseed_42_comforttemp_20_setbacktemp_17_paper2_final_runs_v4-res1,2023,7,0,0,15,42,20,17,0.0,4.238424254924204,9.621532432711149,14.509642157368258,22.646179230689903,8.311849025471796,6.084355986387543,6.084355986387543,5.682169743219553,4.929359595751263,17.89213158708879,0.0
./Eplus-env-08-19_thermostat_rbc_eco_year_2022_case_3_rep_0_zone_0_onoffseed_5_tempseed_30_comforttemp_20_setbacktemp_15_paper2_final_runs_v4-res1,2022,3,0,0,5,30,20,15,0.0,0.0,0.0,0.2681241621119934,10.42590491904713,23.82180055687326,12.065587295039704,7.837475507889039,6.300917809631845,5.785294420954934,33.4948953284521,0.0
./Eplus-env-08-19_thermostat_rbc_eco_year_2022_case_9_rep_0_zone_0_onoffseed_15_tempseed_15_comforttemp_20_setbacktemp_15_paper2_final_runs_v4-res1,2022,9,0,0,15,15,20,15,0.07218727441476745,0.20624935547076417,0.3712488398473755,1.0209343095802825,2.1759307002165618,4.743735175827576,11.8490254717954,22.976178199443126,11.529338970815717,8.301536557698256,36.70207280602248,0.05156233886769104
./Eplus-env-08-19_thermostat_rbc_eco_year_2022_case_10_rep_0_zone_9_onoffseed_5_tempseed_42_comforttemp_18_setbacktemp_15_paper2_final_runs_v4-res1,2022,10,0,9,5,42,18,15,0.05156233886769104,19.799938125193357,22.625554295142827,6.6412292461586055,5.86779416314324,4.599360626998041,4.3312364648860475,4.166236980509436,4.424048674847891,4.8056099824688046,22.68742910178406,0.0
./Eplus-env-08-19_thermostat_rbc_eco_year_2022_case_11_rep_0_zone_0_onoffseed_5_tempseed_30_comforttemp_20_setbacktemp_15_paper2_final_runs_v4-res1,2022,11,0,0,5,30,20,15,0.0,0.0,0.0,0.04124987109415283,8.074662266680416,40.65174796328762,12.395586263792925,6.620604310611529,5.816231824275549,5.527482726616479,20.87243477364133,0.0
./Eplus-env-08-19_thermostat_rbc_eco_year_2023_case_2_rep_0_zone_0_onoffseed_15_tempseed_30_comforttemp_20_setbacktemp_13_paper2_final_runs_v4-res1,2023,2,0,0,15,30,20,13,1.7118696504073425,3.27936475198515,5.434670516654635,7.342477054759204,17.85088171599464,19.85150046406105,8.270599154377642,6.259667938537692,5.970918840878622,5.053109209033722,18.139630813653707,0.8353098896565948
./Eplus-env-08-19_thermostat_rbc_eco_year_2023_case_1_rep_0_zone_0_onoffseed_10_tempseed_30_comforttemp_20_setbacktemp_15_paper2_final_runs_v4-res1,2023,1,0,0,10,30,20,15,1.6293699082190367,2.5884294111580903,4.279674126018356,5.2799835000515625,19.397751882025368,23.027740538310816,8.56966071981025,6.527792100649686,5.939981437558008,5.372795710013406,17.283695988450038,0.10312467773538209
./Eplus-env-08-19_thermostat_rbc_eco_year_2022_case_1_rep_0_zone_9_onoffseed_5_tempseed_42_comforttemp_21_setbacktemp_15_paper2_final_runs_v4-res1,2022,1,0,9,5,42,21,15,0.0,0.0,1.2271836650510468,16.211199340002064,25.193358770753843,17.469320408373722,5.919356502010931,5.104671547901413,4.702485304733423,4.898422192430648,19.27400226874291,0.0
./Eplus-env-08-19_thermostat_rbc_eco_year_2023_case_9_rep_0_zone_0_onoffseed_10_tempseed_10_comforttemp_20_setbacktemp_13_paper2_final_runs_v4-res1,2023,9,0,0,10,10,20,13,0.020624935547076416,0.06187480664122925,0.22687429101784057,0.8868722285242858,2.939053315458389,10.951840775497576,24.708672785397546,13.540270186655668,7.569351345777045,6.362792616273075,32.73177271321027,0.0
./Eplus-env-08-19_thermostat_rbc_eco_year_2023_case_6_rep_0_zone_0_onoffseed_5_tempseed_42_comforttemp_20_setbacktemp_15_paper2_final_runs_v4-res1,2023,6,0,0,5,42,20,15,0.0,0.0,0.010312467773538208,6.455604826234918,40.99205939981437,11.302464679797875,7.074352892647211,6.44529235846138,5.764669485407858,4.619985562545117,17.335258327317725,0.0
./Eplus-env-08-19_thermostat_rbc_eco_year_2023_case_5_rep_0_zone_0_onoffseed_15_tempseed_30_comforttemp_20_setbacktemp_15_paper2_final_runs_v4-res1,2023,5,0,0,15,30,20,15,2.289367845725482,3.5990512529648346,5.960606373105084,6.393730019593689,17.933381458182943,19.841187996287513,8.775910075281015,6.96091574713829,5.919356502010931,5.104671547901413,16.840259874187893,0.38156130762091367
./Eplus-env-08-19_thermostat_rbc_eco_year_2023_case_5_rep_0_zone_0_onoffseed_10_tempseed_30_comforttemp_20_setbacktemp_17_paper2_final_runs_v4-res1,2023,5,0,0,10,30,20,17,0.0,1.5159327627101165,5.991543776425699,5.022171805713107,16.561823244302364,27.74053831081778,9.054346705166546,6.548417036196762,5.878106630916778,5.383108177786944,16.304011549963906,0.0
./Eplus-env-08-19_thermostat_rbc_eco_year_2022_case_10_rep_0_zone_0_onoffseed_10_tempseed_10_comforttemp_20_setbacktemp_15_paper2_final_runs_v4-res1,2022,10,0,0,10,10,20,15,0.7012478086005981,1.6809322470867278,2.6709291533463957,3.722800866247293,3.929050221718057,17.531195215014954,25.54398267505414,8.198411879962874,5.98123130865216,5.909044034237393,24.028049912344024,0.10312467773538209
./Eplus-env-08-19_thermostat_rbc_eco_year_2023_case_3_rep_0_zone_0_onoffseed_10_tempseed_10_comforttemp_20_setbacktemp_17_paper2_final_runs_v4-res1,2023,3,0,0,10,10,20,17,0.0,0.06187480664122925,0.7115602763741363,2.031556151387027,3.506239043002991,20.84149737032072,20.758997628132413,8.559348252036711,6.32154274517892,5.991543776425699,31.215839950500158,0.0
./Eplus-env-08-19_thermostat_rbc_eco_year_2022_case_5_rep_0_zone_0_onoffseed_15_tempseed_30_comforttemp_20_setbacktemp_15_paper2_final_runs_v4-res1,2022,5,0,0,15,30,20,15,2.3615551201402494,3.8878003506239045,5.104671547901413,6.342167680725998,16.695885325358358,20.3774363205115,8.353098896565948,5.970918840878622,5.393420645560482,5.341858306692791,19.57306383417552,0.5981231308652161
./Eplus-env-08-19_thermostat_rbc_eco_year_2022_case_7_rep_0_zone_0_onoffseed_10_tempseed_30_comforttemp_20_setbacktemp_13_paper2_final_runs_v4-res1,2022,7,0,0,10,30,20,13,0.7321852119212128,2.1759307002165618,3.8671754150768276,5.094359080127875,16.809322470867276,23.904300299061564,8.332473961018872,6.249355470764153,5.341858306692791,5.218108693410333,21.43962050118593,0.8353098896565948
./Eplus-env-08-19_thermostat_rbc_eco_year_2022_case_6_rep_0_zone_0_onoffseed_5_tempseed_30_comforttemp_20_setbacktemp_13_paper2_final_runs_v4-res1,2022,6,0,0,5,30,20,13,0.0,0.0,0.010312467773538208,0.20624935547076417,8.188099412189336,40.24956172011962,12.53996081262246,6.857791069402907,5.424358048881097,5.661544807672476,20.862122305867796,0.0
./Eplus-env-08-18_thermostat_rbc_eco_year_2022_case_0_rep_0_zone_0_onoffseed_10_tempseed_10_comforttemp_20_setbacktemp_17_paper2_final_runs_v4-res1,2022,0,0,0,10,10,20,17,0.010312467773538208,1.041559245127359,4.506548417036197,4.382798803753738,4.424048674847891,21.037434258017942,25.585232546148294,8.879034753016397,5.919356502010931,5.444982984428174,18.76869134783954,0.0
./Eplus-env-08-19_thermostat_rbc_eco_year_2023_case_9_rep_0_zone_9_onoffseed_5_tempseed_42_comforttemp_19_setbacktemp_13_paper2_final_runs_v4-res1,2023,9,0,9,5,42,19,13,0.32999896875322265,3.959987625038672,13.004021862431681,15.169640094874703,8.126224605548108,7.321852119212127,6.115293389708157,5.558420129937094,4.970609466845416,5.455295452201712,29.988656285449107,0.0
./Eplus-env-08-19_thermostat_rbc_eco_year_2022_case_9_rep_0_zone_0_onoffseed_10_tempseed_15_comforttemp_20_setbacktemp_17_paper2_final_runs_v4-res1,2022,9,0,0,10,15,20,17,0.0,0.04124987109415283,0.1546870166030731,0.4640610498092193,1.6912447148602663,3.619676188511911,11.302464679797875,25.564607610601215,11.354027018665565,8.22934928328349,37.57863256677323,0.0
./Eplus-env-08-19_thermostat_rbc_eco_year_2023_case_3_rep_0_zone_0_onoffseed_15_tempseed_42_comforttemp_20_setbacktemp_13_paper2_final_runs_v4-res1,2023,3,0,0,15,42,20,13,0.5774981953181396,1.3199958750128906,3.7434258017943693,14.303392801897493,18.99556563885738,9.992781272558524,6.135918325255234,4.7952975146952665,4.7746725791481905,5.589357533257709,29.617407445601735,0.1546870166030731
./Eplus-env-08-19_thermostat_rbc_eco_year_2023_case_4_rep_0_zone_0_onoffseed_10_tempseed_30_comforttemp_20_setbacktemp_13_paper2_final_runs_v4-res1,2023,4,0,0,10,30,20,13,0.05156233886769104,0.23718675879137877,0.8456223574301331,2.495617201196246,12.797772506960916,20.243374239455502,12.632773022584304,7.878725378983191,5.847169227596163,5.661544807672476,31.308652160461996,0.0
./Eplus-env-08-19_thermostat_rbc_eco_year_2023_case_5_rep_0_zone_0_onoffseed_15_tempseed_10_comforttemp_20_setbacktemp_15_paper2_final_runs_v4-res1,2023,5,0,0,15,10,20,15,1.4128080849747344,2.8049912344023924,4.465298545942044,6.290605341858306,7.5899762813241205,17.59307002165618,20.95493451582964,9.054346705166546,6.899040940497062,5.475920387748788,17.294008456223576,0.16499948437661133
./Eplus-env-08-19_thermostat_rbc_eco_year_2023_case_8_rep_0_zone_0_onoffseed_5_tempseed_30_comforttemp_20_setbacktemp_15_paper2_final_runs_v4-res1,2023,8,0,0,5,30,20,15,0.0,0.0,0.0,0.0,0.9693719707125915,18.34588016912447,26.472104774672577,8.662472929772095,6.5999793750644535,6.404042487367227,32.54614829328658,0.0
./Eplus-env-08-19_thermostat_rbc_eco_year_2023_case_4_rep_0_zone_9_onoffseed_5_tempseed_42_comforttemp_18_setbacktemp_13_paper2_final_runs_v4-res1,2023,4,0,9,5,42,18,13,1.0312467773538208,6.713416520573373,18.82025368670723,10.312467773538208,7.847787975662576,5.898731566463855,5.950293905331546,4.537485820356811,5.104671547901413,4.919047127977725,28.802722491492215,0.06187480664122925
./Eplus-env-08-19_thermostat_rbc_eco_year_2022_case_4_rep_0_zone_0_onoffseed_10_tempseed_10_comforttemp_20_setbacktemp_17_paper2_final_runs_v4-res1,2022,4,0,0,10,10,20,17,0.030937403320614624,0.08249974218830566,0.3918737753944519,1.4231205527482726,3.27936475198515,14.385892544085799,21.00649685469733,10.003093740332062,8.34278642879241,6.919665876044137,34.134268330411466,0.0
./Eplus-env-08-19_thermostat_rbc_eco_year_2023_case_4_rep_0_zone_0_onoffseed_15_tempseed_15_comforttemp_20_setbacktemp_15_paper2_final_runs_v4-res1,2023,4,0,0,15,15,20,15,0.010312467773538208,0.10312467773538209,0.31968650097968443,0.9487470351655151,2.8668660410436217,5.826544292049087,15.448076724760234,22.398680004124987,10.776528823347427,6.6102918428379915,34.691141590182525,0.0
./Eplus-env-08-19_thermostat_rbc_eco_year_2022_case_4_rep_0_zone_0_onoffseed_15_tempseed_15_comforttemp_20_setbacktemp_17_paper2_final_runs_v4-res1,2022,4,0,0,15,15,20,17,0.0,0.020624935547076416,0.546560791997525,1.0518717129008972,2.6503042177993192,5.537795194390018,14.953078271630401,20.439311127152727,11.261214808703723,8.146849541095184,35.39238939878313,0.0
./Eplus-env-08-19_thermostat_rbc_eco_year_2023_case_12_rep_0_zone_9_onoffseed_5_tempseed_42_comforttemp_19_setbacktemp_15_paper2_final_runs_v4-res1,2023,12,0,9,5,42,19,15,0.0,3.588738785191296,30.13303083427864,17.644632360523875,5.568732597710632,5.3006084355986385,5.187171290089719,5.207796225636795,5.001546870166031,4.692172836959885,17.675569763844486,0.0
./Eplus-env-08-18_thermostat_rbc_eco_year_2023_case_0_rep_0_zone_0_onoffseed_5_tempseed_15_comforttemp_20_setbacktemp_17_paper2_final_runs_v4-res1,2023,0,0,0,5,15,20,17,0.0,0.0,0.0,0.0,0.0,0.1340620810559967,12.220274311642775,48.47891100340311,13.478395380014438,6.909353408270599,18.779003815613077,0.0
./Eplus-env-08-19_thermostat_rbc_eco_year_2022_case_1_rep_0_zone_0_onoffseed_10_tempseed_10_comforttemp_20_setbacktemp_15_paper2_final_runs_v4-res1,2022,1,0,0,10,10,20,15,1.0209343095802825,1.5881200371248838,3.1246777353820767,3.8878003506239045,4.8468598535629575,19.717438383005053,24.306486542229557,8.662472929772095,6.1874806641229245,5.7440445498607815,20.862122305867796,0.05156233886769104
./Eplus-env-08-19_thermostat_rbc_eco_year_2022_case_4_rep_0_zone_0_onoffseed_15_tempseed_10_comforttemp_20_setbacktemp_15_paper2_final_runs_v4-res1,2022,4,0,0,15,10,20,15,0.17531195215014952,0.2887490976590698,0.6909353408270599,2.0934309580282564,4.114674641641745,13.251521088996595,20.006187480664124,10.498092193461895,8.136537073321644,6.775291327214602,33.90739403939363,0.06187480664122925
./Eplus-env-08-19_thermostat_rbc_eco_year_2023_case_4_rep_0_zone_0_onoffseed_15_tempseed_42_comforttemp_20_setbacktemp_15_paper2_final_runs_v4-res1,2023,4,0,0,15,42,20,15,0.247499226564917,0.8456223574301331,2.7121790244405486,10.260905434670518,16.221511807775602,13.612457461070434,8.322161493245334,6.063731050840466,5.774981953181396,5.609982468804785,30.328967721975868,0.0
./Eplus-env-08-19_thermostat_rbc_eco_year_2023_case_9_rep_0_zone_0_onoffseed_15_tempseed_10_comforttemp_20_setbacktemp_15_paper2_final_runs_v4-res1,2023,9,0,0,15,10,20,15,0.010312467773538208,0.11343714550892028,0.3093740332061462,1.4334330205218109,4.155924512735898,10.508404661235433,22.718366505104672,13.612457461070434,8.353098896565948,6.228730535217077,32.55646076106012,0.0
./Eplus-env-08-19_thermostat_rbc_eco_year_2022_case_13_rep_0_zone_0_onoffseed_5_tempseed_30_comforttemp_20_setbacktemp_13_paper2_final_runs_v4-res1,2022,13,0,0,5,30,20,13,0.0,0.0,0.0,0.030937403320614624,7.5384139424564305,25.739919562751368,12.26152418273693,7.827163040115499,6.548417036196762,6.6102918428379915,33.443332989584405,0.0
./Eplus-env-08-19_thermostat_rbc_eco_year_2023_case_10_rep_0_zone_9_onoffseed_5_tempseed_42_comforttemp_21_setbacktemp_13_paper2_final_runs_v4-res1,2023,10,0,9,5,42,21,13,0.0,0.010312467773538208,2.897803444364236,12.849334845828606,25.636794885015984,15.82963803238115,6.373105084046612,5.496545323295865,5.7543570176343195,5.486232855522326,19.665876044137363,0.0
./Eplus-env-08-19_thermostat_rbc_eco_year_2023_case_10_rep_0_zone_0_onoffseed_10_tempseed_10_comforttemp_20_setbacktemp_17_paper2_final_runs_v4-res1,2023,10,0,0,10,10,20,17,0.0,0.5362483242239868,3.1143652676085387,4.681860369186346,4.980921934618954,16.530885840981746,26.410229968031352,9.930906465917294,6.73404145612045,5.919356502010931,21.161183871300402,0.0
./Eplus-env-08-19_thermostat_rbc_eco_year_2023_case_10_rep_0_zone_0_onoffseed_5_tempseed_15_comforttemp_20_setbacktemp_17_paper2_final_runs_v4-res1,2023,10,0,0,5,15,20,17,0.0,0.0,0.0,0.0,0.0,0.0,7.18779003815613,48.12828709910282,13.447457976693823,7.476539135815201,23.759925750232032,0.0
./Eplus-env-08-19_thermostat_rbc_eco_year_2023_case_4_rep_0_zone_0_onoffseed_15_tempseed_42_comforttemp_20_setbacktemp_13_paper2_final_runs_v4-res1,2023,4,0,0,15,42,20,13,0.41249871094152835,0.7012478086005981,2.7534288955347015,10.570279467876663,16.561823244302364,13.839331752088274,8.683097865319171,5.857481695369702,5.3006084355986385,5.847169227596163,29.421470557904506,0.05156233886769104
./Eplus-env-08-19_thermostat_rbc_eco_year_2022_case_4_rep_0_zone_0_onoffseed_5_tempseed_15_comforttemp_20_setbacktemp_13_paper2_final_runs_v4-res1,2022,4,0,0,5,15,20,13,0.0,0.0,0.0,0.0,0.04124987109415283,0.27843662988553164,12.467773538207695,27.049602969990723,14.406517479632877,8.693410333092709,37.063009178096316,0.0
./Eplus-env-08-19_thermostat_rbc_eco_year_2022_case_3_rep_0_zone_0_onoffseed_10_tempseed_15_comforttemp_20_setbacktemp_17_paper2_final_runs_v4-res1,2022,3,0,0,10,15,20,17,0.0,0.1237496132824585,0.3918737753944519,1.0106218418067443,2.1140558935753324,4.867484789110034,19.758688254099205,20.65587295039703,9.487470351655151,7.5384139424564305,34.05176858822316,0.0
./Eplus-env-08-19_thermostat_rbc_eco_year_2023_case_6_rep_0_zone_9_onoffseed_5_tempseed_42_comforttemp_20_setbacktemp_13_paper2_final_runs_v4-res1,2023,6,0,9,5,42,20,13,0.010312467773538208,0.29906156543260803,1.8459317314633392,9.621532432711149,24.16211199340002,22.749303908425286,8.136537073321644,5.898731566463855,5.187171290089719,4.919047127977725,17.170258842941116,0.0
./Eplus-env-08-19_thermostat_rbc_eco_year_2022_case_8_rep_0_zone_0_onoffseed_10_tempseed_15_comforttemp_20_setbacktemp_13_paper2_final_runs_v4-res1,2022,8,0,0,10,15,20,13,0.10312467773538209,0.06187480664122925,0.29906156543260803,1.09312158399505,2.1449932968959473,4.3312364648860475,14.33433020521811,24.667422914303394,9.910281530370217,7.373414458079819,35.60895122202743,0.07218727441476745
./Eplus-env-08-19_thermostat_rbc_eco_year_2023_case_10_rep_0_zone_0_onoffseed_15_tempseed_10_comforttemp_20_setbacktemp_15_paper2_final_runs_v4-res1,2023,10,0,0,15,10,20,15,1.000309374033206,2.0624935547076415,3.959987625038672,5.970918840878622,6.476229761781995,16.200886872228523,20.789935031453027,9.415283077240383,6.620604310611529,6.15654326080231,21.33649582345055,0.010312467773538208
./Eplus-env-08-19_thermostat_rbc_eco_year_2022_case_5_rep_0_zone_0_onoffseed_10_tempseed_10_comforttemp_20_setbacktemp_15_paper2_final_runs_v4-res1,2022,5,0,0,10,10,20,15,1.1653088584098175,1.835619263689801,3.1556151387026916,4.124987109415283,5.321233371145715,18.52119212127462,25.048984221924307,8.97184696297824,5.878106630916778,6.001856244199237,19.769000721872747,0.20624935547076417
./Eplus-env-08-19_thermostat_rbc_eco_year_2023_case_14_rep_0_zone_0_onoffseed_10_tempseed_30_comforttemp_20_setbacktemp_13_paper2_final_runs_v4-res1,2023,14,0,0,10,30,20,13,0.030937403320614624,0.1340620810559967,0.7012478086005981,2.0934309580282564,9.49778281942869,21.058059193565022,14.581829431783024,8.11591213777457,5.878106630916778,5.826544292049087,32.08208724347736,0.0
./Eplus-env-08-19_thermostat_rbc_eco_year_2023_case_13_rep_0_zone_0_onoffseed_15_tempseed_10_comforttemp_20_setbacktemp_17_paper2_final_runs_v4-res1,2023,13,0,0,15,10,20,17,0.0,0.09281220996184388,0.5878106630916778,2.371867587913788,4.919047127977725,14.654016706197792,24.47148602660617,9.312158399505002,5.805919356502011,6.084355986387543,31.70052593585645,0.0
./Eplus-env-08-18_thermostat_rbc_eco_year_2023_case_0_rep_0_zone_0_onoffseed_15_tempseed_15_comforttemp_20_setbacktemp_15_paper2_final_runs_v4-res1,2023,0,0,0,15,15,20,15,1.041559245127359,1.8974940703310301,3.475301639682376,5.692482210993091,6.311230277405383,7.218727441476745,20.686810353717643,20.150562029493656,9.343095802825616,6.218418067443539,17.88181911931525,0.08249974218830566
./Eplus-env-08-19_thermostat_rbc_eco_year_2023_case_12_rep_0_zone_0_onoffseed_5_tempseed_15_comforttemp_20_setbacktemp_15_paper2_final_runs_v4-res1,2023,12,0,0,5,15,20,15,0.0,0.0,0.0,0.0,0.0,0.17531195215014952,11.446839228627411,46.77735382076931,13.334020831184903,7.146540167061978,21.11993400020625,0.0
./Eplus-env-08-19_thermostat_rbc_eco_year_2023_case_5_rep_0_zone_0_onoffseed_10_tempseed_15_comforttemp_20_setbacktemp_17_paper2_final_runs_v4-res1,2023,5,0,0,10,15,20,17,0.0,0.5568732597710633,3.3206146230793028,4.207486851603589,4.681860369186346,5.06342167680726,21.192121274621016,26.523667113540274,9.229658657316696,6.589666907290914,18.63462926678354,0.0
./Eplus-env-08-19_thermostat_rbc_eco_year_2022_case_5_rep_0_zone_0_onoffseed_10_tempseed_10_comforttemp_20_setbacktemp_17_paper2_final_runs_v4-res1,2022,5,0,0,10,10,20,17,0.0,1.1137465195421266,4.217799319377127,3.9496751572651334,4.3415489326595855,18.531504589048158,25.5336702072806,8.951222027431164,6.1874806641229245,6.135918325255234,21.037434258017942,0.0
./Eplus-env-08-19_thermostat_rbc_eco_year_2022_case_6_rep_0_zone_0_onoffseed_5_tempseed_42_comforttemp_20_setbacktemp_15_paper2_final_runs_v4-res1,2022,6,0,0,5,42,20,15,0.0,0.0,0.020624935547076416,6.38341755182015,38.03238114880891,12.581210683716613,6.569041971743839,5.630607404351862,4.960296999071878,5.23873362895741,20.583685675982263,0.0
./Eplus-env-08-19_thermostat_rbc_eco_year_2023_case_6_rep_0_zone_9_onoffseed_5_tempseed_42_comforttemp_19_setbacktemp_17_paper2_final_runs_v4-res1,2023,6,0,9,5,42,19,17,0.0,0.0,17.14963390739404,32.61833556770135,6.280292874084768,5.847169227596163,5.352170774466329,5.579045065484171,5.114984015674951,4.650922965865732,17.407445601732494,0.0
./Eplus-env-08-19_thermostat_rbc_eco_year_2023_case_10_rep_0_zone_0_onoffseed_10_tempseed_15_comforttemp_20_setbacktemp_13_paper2_final_runs_v4-res1,2023,10,0,0,10,15,20,13,0.3609363720738373,0.742497679694751,1.8871816025574921,3.4856141074559144,4.88810972465711,5.6409198721254,18.94400329998969,25.554295142827677,9.652469836031763,6.806228730535217,21.81086934103331,0.22687429101784057
./Eplus-env-08-19_thermostat_rbc_eco_year_2022_case_10_rep_0_zone_0_onoffseed_5_tempseed_42_comforttemp_20_setbacktemp_15_paper2_final_runs_v4-res1,2022,10,0,0,5,42,20,15,0.0,0.0,0.0,3.4546767041352995,37.61988243786738,13.06589666907291,6.290605341858306,5.671857275446015,5.228421161183872,5.228421161183872,23.440239249252347,0.0
./Eplus-env-08-19_thermostat_rbc_eco_year_2022_case_11_rep_0_zone_0_onoffseed_5_tempseed_15_comforttemp_20_setbacktemp_13_paper2_final_runs_v4-res1,2022,11,0,0,5,15,20,13,0.0,0.0,0.0,0.0,0.020624935547076416,0.35062390430029905,11.137465195421264,45.292358461379806,12.385273796019387,7.280602248117975,23.533051459214192,0.0
./Eplus-env-08-18_thermostat_rbc_eco_year_2022_case_0_rep_0_zone_9_onoffseed_5_tempseed_42_comforttemp_18_setbacktemp_15_paper2_final_runs_v4-res1,2022,0,0,9,5,42,18,15,0.494998453129834,23.553676394761265,21.81086934103331,7.270289780344437,5.46560791997525,4.877797256883572,4.723110240280499,4.3312364648860475,4.723110240280499,4.929359595751263,17.819944312674025,0.0
./Eplus-env-08-18_thermostat_rbc_eco_year_2022_case_0_rep_0_zone_9_onoffseed_5_tempseed_42_comforttemp_19_setbacktemp_15_paper2_final_runs_v4-res1,2022,0,0,9,5,42,19,15,0.0,3.27936475198515,28.049912344023927,19.6761885119109,7.074352892647211,4.929359595751263,4.723110240280499,4.960296999071878,4.3312364648860475,4.867484789110034,18.108693410333093,0.0
./Eplus-env-08-19_thermostat_rbc_eco_year_2023_case_13_rep_0_zone_0_onoffseed_5_tempseed_30_comforttemp_20_setbacktemp_13_paper2_final_runs_v4-res1,2023,13,0,0,5,30,20,13,0.0,0.0,0.0,0.030937403320614624,7.682788491285965,29.390533154583892,13.426833041146747,6.73404145612045,5.383108177786944,5.671857275446015,31.679901000309375,0.0
./Eplus-env-08-19_thermostat_rbc_eco_year_2023_case_11_rep_0_zone_0_onoffseed_10_tempseed_42_comforttemp_20_setbacktemp_17_paper2_final_runs_v4-res1,2023,11,0,0,10,42,20,17,0.0,2.4749922656491696,7.167165102609055,13.4680829122409,28.51397339383314,8.662472929772095,6.074043518614005,5.950293905331546,5.46560791997525,4.908734660204187,17.314633391770652,0.0
./Eplus-env-08-19_thermostat_rbc_eco_year_2023_case_11_rep_0_zone_0_onoffseed_10_tempseed_42_comforttemp_20_setbacktemp_15_paper2_final_runs_v4-res1,2023,11,0,0,10,42,20,15,2.567804475611014,3.27936475198515,4.547798288130349,16.79901000309374,25.059296689697845,7.858100443436114,6.084355986387543,6.022481179746313,5.424358048881097,4.702485304733423,17.283695988450038,0.3712488398473755
./Eplus-env-08-18_thermostat_rbc_eco_year_2022_case_0_rep_0_zone_9_onoffseed_5_tempseed_42_comforttemp_18_setbacktemp_13_paper2_final_runs_v4-res1,2022,0,0,9,5,42,18,13,6.713416520573373,23.161802619366814,16.840259874187893,6.73404145612045,5.321233371145715,4.578735691450964,4.506548417036197,4.754047643601114,4.176549448282974,4.609673094771579,18.541817056821696,0.06187480664122925
./Eplus-env-08-18_thermostat_rbc_eco_year_2022_case_0_rep_0_zone_9_onoffseed_5_tempseed_42_comforttemp_18_setbacktemp_17_paper2_final_runs_v4-res1,2022,0,0,9,5,42,18,17,0.0,4.496235949262658,37.34144580798185,9.178096318449006,7.229039909250283,5.022171805713107,4.609673094771579,4.867484789110034,4.197174383830051,4.702485304733423,18.35619263689801,0.0
./Eplus-env-08-19_thermostat_rbc_eco_year_2022_case_11_rep_0_zone_0_onoffseed_5_tempseed_15_comforttemp_20_setbacktemp_17_paper2_final_runs_v4-res1,2022,11,0,0,5,15,20,17,0.0,0.0,0.0,0.0,0.0,0.21656182324430237,11.457151696400949,45.828606785603796,12.60183561926369,7.074352892647211,22.821491182840052,0.0
./Eplus-env-08-19_thermostat_rbc_eco_year_2023_case_11_rep_0_zone_0_onoffseed_5_tempseed_30_comforttemp_20_setbacktemp_15_paper2_final_runs_v4-res1,2023,11,0,0,5,30,20,15,0.0,0.0,0.0,0.04124987109415283,8.043724863359802,42.662679179127565,12.416211199340003,7.414664329173972,6.362792616273075,5.321233371145715,17.737444570485717,0.0
./Eplus-env-08-19_thermostat_rbc_eco_year_2023_case_11_rep_0_zone_0_onoffseed_15_tempseed_30_comforttemp_20_setbacktemp_17_paper2_final_runs_v4-res1,2023,11,0,0,15,30,20,17,0.0,2.928740847684851,8.023099927812725,6.929978343817676,17.964318861503557,21.192121274621016,8.755285139733939,6.569041971743839,5.847169227596163,4.949984531298339,16.840259874187893,0.0
./Eplus-env-08-19_thermostat_rbc_eco_year_2022_case_11_rep_0_zone_0_onoffseed_5_tempseed_42_comforttemp_20_setbacktemp_15_paper2_final_runs_v4-res1,2022,11,0,0,5,42,20,15,0.0,0.0,0.020624935547076416,6.424667422914303,38.455192327523974,12.694647829225532,6.115293389708157,5.826544292049087,4.980921934618954,5.692482210993091,19.789625657419823,0.0
./Eplus-env-08-18_thermostat_rbc_eco_year_2023_case_0_rep_0_zone_9_onoffseed_5_tempseed_42_comforttemp_20_setbacktemp_17_paper2_final_runs_v4-res1,2023,0,0,9,5,42,20,17,0.0,0.0,0.7734350830153656,31.329277096009072,23.852737960193874,6.84747860162937,6.146230793028772,5.506857791069403,4.723110240280499,4.733422708054038,16.087449726719605,0.0
./Eplus-env-08-19_thermostat_rbc_eco_year_2022_case_4_rep_0_zone_0_onoffseed_10_tempseed_15_comforttemp_20_setbacktemp_17_paper2_final_runs_v4-res1,2022,4,0,0,10,15,20,17,0.010312467773538208,0.06187480664122925,0.29906156543260803,0.5981231308652161,1.8665566670104154,4.3724863359802,16.345261421058062,22.2130555842013,10.611529338970815,8.084974734453954,35.53676394761266,0.0
./Eplus-env-08-19_thermostat_rbc_eco_year_2023_case_11_rep_0_zone_9_onoffseed_5_tempseed_42_comforttemp_19_setbacktemp_17_paper2_final_runs_v4-res1,2023,11,0,9,5,42,19,17,0.0,0.010312467773538208,17.675569763844486,32.6595854387955,6.744353923893988,5.6409198721254,4.764360111374652,5.352170774466329,5.207796225636795,4.919047127977725,17.02588429411158,0.0
./Eplus-env-08-19_thermostat_rbc_eco_year_2023_case_9_rep_0_zone_0_onoffseed_15_tempseed_30_comforttemp_20_setbacktemp_17_paper2_final_runs_v4-res1,2023,9,0,0,15,30,20,17,0.0,0.08249974218830566,0.8353098896565948,3.145302670929153,9.961843869237908,19.645251108590287,13.643394864391048,8.146849541095184,6.6721666494792204,6.1874806641229245,31.679901000309375,0.0
./Eplus-env-08-19_thermostat_rbc_eco_year_2023_case_3_rep_0_zone_9_onoffseed_5_tempseed_42_comforttemp_19_setbacktemp_15_paper2_final_runs_v4-res1,2023,3,0,9,5,42,19,15,0.0,2.3924925234608643,19.769000721872747,17.644632360523875,6.476229761781995,5.434670516654635,4.609673094771579,4.176549448282974,4.516860884809735,5.23873362895741,29.741157058884195,0.0
./Eplus-env-08-19_thermostat_rbc_eco_year_2022_case_5_rep_0_zone_9_onoffseed_5_tempseed_42_comforttemp_19_setbacktemp_15_paper2_final_runs_v4-res1,2022,5,0,9,5,42,19,15,0.0,3.134990203155615,27.204289986593793,19.284314736516446,6.929978343817676,5.3006084355986385,5.022171805713107,4.949984531298339,4.640610498092194,4.681860369186346,18.851191090027843,0.0
./Eplus-env-08-19_thermostat_rbc_eco_year_2023_case_1_rep_0_zone_0_onoffseed_15_tempseed_15_comforttemp_20_setbacktemp_17_paper2_final_runs_v4-res1,2023,1,0,0,15,15,20,17,0.0,0.938434567391977,4.310611529338971,5.568732597710632,6.022481179746313,6.837166133855832,22.274930390842528,20.294936578323192,9.549345158296381,6.04310611529339,18.160255749200786,0.0
./Eplus-env-08-19_thermostat_rbc_eco_year_2023_case_1_rep_0_zone_0_onoffseed_10_tempseed_30_comforttemp_20_setbacktemp_13_paper2_final_runs_v4-res1,2023,1,0,0,10,30,20,13,1.0106218418067443,2.248117974631329,4.310611529338971,5.702794678766629,18.614004331236465,24.553985768794472,9.425595545013921,6.15654326080231,5.692482210993091,4.949984531298339,16.63401051871713,0.7012478086005981
./Eplus-env-08-19_thermostat_rbc_eco_year_2023_case_1_rep_0_zone_0_onoffseed_15_tempseed_10_comforttemp_20_setbacktemp_17_paper2_final_runs_v4-res1,2023,1,0,0,15,10,20,17,0.0,1.6809322470867278,6.300917809631845,6.228730535217077,7.074352892647211,19.61431370526967,20.398061256058575,9.446220480560998,5.970918840878622,5.651232339898938,17.634319892750337,0.0
./Eplus-env-08-19_thermostat_rbc_eco_year_2022_case_3_rep_0_zone_0_onoffseed_10_tempseed_42_comforttemp_20_setbacktemp_17_paper2_final_runs_v4-res1,2022,3,0,0,10,42,20,17,0.020624935547076416,0.4434361142621429,2.9184283799113127,13.622769928843972,18.098380942559555,9.673094771578839,7.074352892647211,5.991543776425699,5.86779416314324,5.228421161183872,31.06115293389708,0.0
./Eplus-env-08-19_thermostat_rbc_eco_year_2023_case_3_rep_0_zone_9_onoffseed_5_tempseed_42_comforttemp_18_setbacktemp_15_paper2_final_runs_v4-res1,2023,3,0,9,5,42,18,15,0.19593688769722595,16.056512323398987,17.933381458182943,8.023099927812725,5.393420645560482,5.022171805713107,4.382798803753738,3.9393626894915954,4.568423223677426,5.197483757863257,29.28740847684851,0.0
./Eplus-env-08-19_thermostat_rbc_eco_year_2023_case_1_rep_0_zone_9_onoffseed_5_tempseed_42_comforttemp_20_setbacktemp_17_paper2_final_runs_v4-res1,2023,1,0,9,5,42,20,17,0.0,0.0,0.9693719707125915,30.73115396514386,23.553676394761265,6.538104568423224,5.847169227596163,5.86779416314324,5.341858306692791,5.06342167680726,16.087449726719605,0.0
./Eplus-env-08-19_thermostat_rbc_eco_year_2022_case_12_rep_0_zone_0_onoffseed_5_tempseed_30_comforttemp_20_setbacktemp_17_paper2_final_runs_v4-res1,2022,12,0,0,5,30,20,17,0.0,0.0,0.0,0.010312467773538208,7.1568526348355155,41.00237186758791,12.374961328245849,6.6721666494792204,5.764669485407858,5.414045581107559,21.604619985562547,0.0
./Eplus-env-08-19_thermostat_rbc_eco_year_2022_case_12_rep_0_zone_9_onoffseed_5_tempseed_42_comforttemp_21_setbacktemp_13_paper2_final_runs_v4-res1,2022,12,0,9,5,42,21,13,0.0,0.030937403320614624,2.691554088893472,10.24028049912344,22.398680004124987,20.84149737032072,7.18779003815613,5.321233371145715,4.949984531298339,5.135608951222028,21.202433742394554,0.0
./Eplus-env-08-19_thermostat_rbc_eco_year_2022_case_12_rep_0_zone_0_onoffseed_5_tempseed_30_comforttemp_20_setbacktemp_15_paper2_final_runs_v4-res1,2022,12,0,0,5,30,20,15,0.0,0.0,0.0,0.09281220996184388,8.394348767660102,40.20831184902548,11.725275858512942,6.991853150458905,5.826544292049087,5.176858822316181,21.58399505001547,0.0
./Eplus-env-08-19_thermostat_rbc_eco_year_2022_case_2_rep_0_zone_0_onoffseed_10_tempseed_10_comforttemp_20_setbacktemp_15_paper2_final_runs_v4-res1,2022,2,0,0,10,10,20,15,0.8662472929772095,1.6190574404454987,3.217489945343921,3.877487882850366,5.331545838919253,20.233061771681964,23.533051459214192,8.466536042074868,5.909044034237393,5.589357533257709,21.22305867794163,0.1340620810559967
./Eplus-env-08-19_thermostat_rbc_eco_year_2023_case_2_rep_0_zone_0_onoffseed_10_tempseed_42_comforttemp_20_setbacktemp_15_paper2_final_runs_v4-res1,2023,2,0,0,10,42,20,15,2.2584304424048676,3.4959265752294524,4.8468598535629575,17.005259358564505,24.06929978343818,7.919975250077344,5.898731566463855,6.33185521295246,5.795606888728472,4.7746725791481905,17.397133133958956,0.20624935547076417
./Eplus-env-08-19_thermostat_rbc_eco_year_2023_case_2_rep_0_zone_0_onoffseed_15_tempseed_30_comforttemp_20_setbacktemp_15_paper2_final_runs_v4-res1,2023,2,0,0,15,30,20,15,2.196555635763638,3.2071774775703825,5.517170258842941,7.290914715891512,18.665566670104155,18.93369083221615,8.982159430751778,6.424667422914303,5.950293905331546,5.2696710322780245,17.20119624626173,0.3609363720738373
./Eplus-env-08-19_thermostat_rbc_eco_year_2023_case_2_rep_0_zone_0_onoffseed_5_tempseed_10_comforttemp_20_setbacktemp_15_paper2_final_runs_v4-res1,2023,2,0,0,5,10,20,15,0.0,0.0,0.0,0.0,0.18562441992368775,11.024028049912344,42.76580385686295,12.869959781375684,7.847787975662576,5.919356502010931,19.38743941425183,0.0
./Eplus-env-08-18_thermostat_rbc_eco_year_2022_case_0_rep_0_zone_0_onoffseed_15_tempseed_10_comforttemp_20_setbacktemp_13_paper2_final_runs_v4-res1,2022,0,0,0,15,10,20,13,1.289058471692276,2.433742394555017,4.681860369186346,4.898422192430648,7.208414973703207,18.58306692791585,20.707435289264723,8.466536042074868,5.589357533257709,5.847169227596163,19.23275239764876,1.0621841806744354
./Eplus-env-08-19_thermostat_rbc_eco_year_2023_case_2_rep_0_zone_0_onoffseed_10_tempseed_30_comforttemp_20_setbacktemp_17_paper2_final_runs_v4-res1,2023,2,0,0,10,30,20,17,0.0,1.2168711972775086,5.568732597710632,5.084046612354336,18.036506135918327,25.28617098071568,8.806847478601629,6.290605341858306,6.476229761781995,5.053109209033722,18.180880684747862,0.0
./Eplus-env-08-19_thermostat_rbc_eco_year_2022_case_8_rep_0_zone_0_onoffseed_10_tempseed_10_comforttemp_20_setbacktemp_13_paper2_final_runs_v4-res1,2022,8,0,0,10,10,20,13,0.08249974218830566,0.1546870166030731,0.5981231308652161,1.6603073115396514,3.588738785191296,13.272146024543673,23.914612766835102,9.569970093843457,6.73404145612045,6.630916778385068,33.70114468392286,0.09281220996184388
./Eplus-env-08-19_thermostat_rbc_eco_year_2023_case_1_rep_0_zone_0_onoffseed_5_tempseed_30_comforttemp_20_setbacktemp_15_paper2_final_runs_v4-res1,2023,1,0,0,5,30,20,15,0.0,0.0,0.0,0.06187480664122925,8.827472414148705,42.84830359905125,11.869650407342478,7.301227183665052,6.053418583066928,5.156233886769104,17.88181911931525,0.0
./Eplus-env-08-19_thermostat_rbc_eco_year_2022_case_1_rep_0_zone_0_onoffseed_15_tempseed_15_comforttemp_20_setbacktemp_15_paper2_final_runs_v4-res1,2022,1,0,0,15,15,20,15,1.1549963906362792,1.8665566670104154,3.2999896875322268,5.073734144580798,5.2696710322780245,7.517789006909354,19.665876044137363,20.016499948437662,8.291224089924718,6.311230277405383,21.46024543673301,0.07218727441476745
./Eplus-env-08-19_thermostat_rbc_eco_year_2023_case_1_rep_0_zone_0_onoffseed_5_tempseed_10_comforttemp_20_setbacktemp_15_paper2_final_runs_v4-res1,2023,1,0,0,5,10,20,15,0.0,0.0,0.0,0.0,0.1443745488295349,10.621841806744355,44.08579973187584,13.643394864391048,7.36310199030628,5.764669485407858,18.376817572445088,0.0
./Eplus-env-08-19_thermostat_rbc_eco_year_2022_case_5_rep_0_zone_0_onoffseed_15_tempseed_42_comforttemp_20_setbacktemp_17_paper2_final_runs_v4-res1,2022,5,0,0,15,42,20,17,0.0,4.671547901412808,8.79653501082809,13.560895122202743,23.728988346911418,8.930597091884088,6.26998040631123,5.702794678766629,4.939672063524801,4.960296999071878,18.438692379086316,0.0
./Eplus-env-08-19_thermostat_rbc_eco_year_2023_case_5_rep_0_zone_0_onoffseed_10_tempseed_10_comforttemp_20_setbacktemp_15_paper2_final_runs_v4-res1,2023,5,0,0,10,10,20,15,1.1653088584098175,1.5571826338042694,3.4546767041352995,4.558110755903888,5.898731566463855,19.50087655976075,25.399608126224603,9.446220480560998,5.878106630916778,5.393420645560482,17.6240074249768,0.1237496132824585
./Eplus-env-08-19_thermostat_rbc_eco_year_2022_case_5_rep_0_zone_0_onoffseed_10_tempseed_30_comforttemp_20_setbacktemp_17_paper2_final_runs_v4-res1,2022,5,0,0,10,30,20,17,0.0,1.8149943281427245,5.929668969784469,4.516860884809735,15.901825306795917,27.874600391873777,8.033412395586263,6.538104568423224,5.403733113334021,5.579045065484171,18.407754975765698,0.0
./Eplus-env-08-19_thermostat_rbc_eco_year_2023_case_6_rep_0_zone_0_onoffseed_5_tempseed_15_comforttemp_20_setbacktemp_13_paper2_final_runs_v4-res1,2023,6,0,0,5,15,20,13,0.0,0.0,0.0,0.0,0.06187480664122925,0.4434361142621429,10.797153758894504,48.16953697019697,13.375270702279055,7.36310199030628,19.789625657419823,0.0
./Eplus-env-08-19_thermostat_rbc_eco_year_2022_case_6_rep_0_zone_9_onoffseed_5_tempseed_42_comforttemp_20_setbacktemp_15_paper2_final_runs_v4-res1,2022,6,0,9,5,42,20,15,0.0,0.05156233886769104,9.590595029390533,26.389605032484276,17.50025781169434,6.723728988346911,5.001546870166031,4.88810972465711,4.702485304733423,5.187171290089719,19.96493760956997,0.0
./Eplus-env-08-18_thermostat_rbc_eco_year_2023_case_0_rep_0_zone_0_onoffseed_10_tempseed_42_comforttemp_20_setbacktemp_15_paper2_final_runs_v4-res1,2023,0,0,0,10,42,20,15,2.485304733422708,3.619676188511911,5.001546870166031,16.304011549963906,25.585232546148294,8.641847994225019,6.1977931318964625,6.249355470764153,5.197483757863257,5.073734144580798,15.262452304836547,0.38156130762091367
./Eplus-env-08-19_thermostat_rbc_eco_year_2023_case_3_rep_0_zone_0_onoffseed_10_tempseed_42_comforttemp_20_setbacktemp_15_paper2_final_runs_v4-res1,2023,3,0,0,10,42,20,15,0.4434361142621429,0.9796844384861298,2.732803959987625,14.643704238424254,19.624626173043207,9.899969062596679,6.991853150458905,5.156233886769104,4.7746725791481905,5.455295452201712,29.27709600907497,0.020624935547076416
./Eplus-env-08-19_thermostat_rbc_eco_year_2022_case_3_rep_0_zone_0_onoffseed_15_tempseed_10_comforttemp_20_setbacktemp_13_paper2_final_runs_v4-res1,2022,3,0,0,15,10,20,13,0.19593688769722595,0.32999896875322265,1.000309374033206,2.6090543467051663,4.8365473857894195,16.871197277508507,18.170568216974324,9.116221511807776,6.73404145612045,6.507167165102609,33.50520779622564,0.1237496132824585
./Eplus-env-08-19_thermostat_rbc_eco_year_2023_case_3_rep_0_zone_0_onoffseed_10_tempseed_15_comforttemp_20_setbacktemp_13_paper2_final_runs_v4-res1,2023,3,0,0,10,15,20,13,0.030937403320614624,0.09281220996184388,0.21656182324430237,0.9178096318449005,2.320305249046097,5.156233886769104,21.47055790450655,22.543054552954523,8.34278642879241,6.249355470764153,32.6595854387955,0.0
./Eplus-env-08-19_thermostat_rbc_eco_year_2023_case_10_rep_0_zone_0_onoffseed_10_tempseed_10_comforttemp_20_setbacktemp_13_paper2_final_runs_v4-res1,2023,10,0,0,10,10,20,13,0.7218727441476745,1.185933793956894,2.279055377951944,4.207486851603589,4.929359595751263,16.97432195524389,24.93554707641539,9.49778281942869,6.6515417139321436,6.104980921934619,22.223368051974838,0.2887490976590698
./Eplus-env-08-19_thermostat_rbc_eco_year_2022_case_11_rep_0_zone_0_onoffseed_5_tempseed_30_comforttemp_20_setbacktemp_13_paper2_final_runs_v4-res1,2022,11,0,0,5,30,20,13,0.0,0.0,0.0,0.1340620810559967,8.105599670001032,40.72393523770238,11.921212746210168,7.198102505929669,5.702794678766629,5.352170774466329,20.862122305867796,0.0
./Eplus-env-08-19_thermostat_rbc_eco_year_2023_case_13_rep_0_zone_0_onoffseed_5_tempseed_15_comforttemp_20_setbacktemp_13_paper2_final_runs_v4-res1,2023,13,0,0,5,15,20,13,0.0,0.0,0.0,0.0,0.0,0.06187480664122925,10.972465711044652,34.85614107455915,11.539651438589255,7.259977312570898,35.30988965659482,0.0
./Eplus-env-08-19_thermostat_rbc_eco_year_2023_case_6_rep_0_zone_0_onoffseed_15_tempseed_15_comforttemp_20_setbacktemp_15_paper2_final_runs_v4-res1,2023,6,0,0,15,15,20,15,0.9693719707125915,1.536557698257193,2.897803444364236,5.011859337939569,6.96091574713829,7.198102505929669,19.44931422089306,21.130246467979788,9.611219964937609,6.517479632876147,18.614004331236465,0.10312467773538209
./Eplus-env-08-19_thermostat_rbc_eco_year_2023_case_6_rep_0_zone_0_onoffseed_10_tempseed_15_comforttemp_20_setbacktemp_15_paper2_final_runs_v4-res1,2023,6,0,0,10,15,20,15,0.7218727441476745,1.2168711972775086,2.124368361348871,3.980612560585748,5.156233886769104,6.053418583066928,20.511498401567497,25.72960709497783,9.281220996184388,6.239043002990615,18.902753428895537,0.08249974218830566
./Eplus-env-08-19_thermostat_rbc_eco_year_2023_case_6_rep_0_zone_0_onoffseed_10_tempseed_10_comforttemp_20_setbacktemp_15_paper2_final_runs_v4-res1,2023,6,0,0,10,10,20,15,0.9074971640713623,1.6087449726719605,2.825616169949469,4.7746725791481905,5.486232855522326,19.63493864081675,24.81179746313293,9.425595545013921,6.630916778385068,5.878106630916778,17.90244405486233,0.11343714550892028
./Eplus-env-08-19_thermostat_rbc_eco_year_2022_case_6_rep_0_zone_0_onoffseed_15_tempseed_10_comforttemp_20_setbacktemp_13_paper2_final_runs_v4-res1,2022,6,0,0,15,10,20,13,0.897184696297824,2.289367845725482,3.9703000928122103,5.826544292049087,6.96091574713829,17.02588429411158,20.707435289264723,8.652160461998557,5.795606888728472,5.816231824275549,20.923997112509024,1.1343714550892028
./Eplus-env-08-19_thermostat_rbc_eco_year_2023_case_5_rep_0_zone_0_onoffseed_15_tempseed_10_comforttemp_20_setbacktemp_13_paper2_final_runs_v4-res1,2023,5,0,0,15,10,20,13,1.1962462617304321,2.279055377951944,4.3518614004331235,6.754666391667525,6.981540682685367,17.706507167165103,21.037434258017942,9.332783335052078,6.239043002990615,5.383108177786944,17.685882231618027,1.0518717129008972
./Eplus-env-08-19_thermostat_rbc_eco_year_2023_case_4_rep_0_zone_0_onoffseed_5_tempseed_10_comforttemp_20_setbacktemp_15_paper2_final_runs_v4-res1,2023,4,0,0,5,10,20,15,0.0,0.0,0.0,0.0,0.11343714550892028,9.312158399505002,26.791791275652265,16.933072084149735,7.981850056718573,5.888419098690316,32.97927193977519,0.0
./Eplus-env-08-19_thermostat_rbc_eco_year_2022_case_4_rep_0_zone_9_onoffseed_5_tempseed_42_comforttemp_21_setbacktemp_15_paper2_final_runs_v4-res1,2022,4,0,9,5,42,21,15,0.020624935547076416,0.2681241621119934,1.5674951015778076,7.724038362380117,14.09714344642673,18.80994121893369,7.167165102609055,6.579354439517377,5.919356502010931,5.970918840878622,31.875837888006597,0.0
./Eplus-env-08-19_thermostat_rbc_eco_year_2022_case_3_rep_0_zone_0_onoffseed_10_tempseed_10_comforttemp_20_setbacktemp_13_paper2_final_runs_v4-res1,2022,3,0,0,10,10,20,13,0.1237496132824585,0.16499948437661133,0.5878106630916778,1.7118696504073425,4.094049706094668,17.665257296070948,20.12993709394658,9.343095802825616,6.857791069402907,6.022481179746313,33.206146230793024,0.09281220996184388
./Eplus-env-08-19_thermostat_rbc_eco_year_2023_case_5_rep_0_zone_9_onoffseed_5_tempseed_42_comforttemp_19_setbacktemp_13_paper2_final_runs_v4-res1,2023,5,0,9,5,42,19,13,0.21656182324430237,11.436526760853873,24.461173558832627,16.407136227699286,5.207796225636795,5.104671547901413,5.197483757863257,5.702794678766629,5.197483757863257,4.66123543363927,16.407136227699286,0.0
./Eplus-env-08-19_thermostat_rbc_eco_year_2022_case_11_rep_0_zone_0_onoffseed_5_tempseed_30_comforttemp_20_setbacktemp_17_paper2_final_runs_v4-res1,2022,11,0,0,5,30,20,17,0.0,0.0,0.0,0.0,6.868103537176447,41.95111890275343,12.179024440548623,7.218727441476745,5.506857791069403,5.145921418995566,21.130246467979788,0.0
./Eplus-env-08-19_thermostat_rbc_eco_year_2023_case_12_rep_0_zone_0_onoffseed_5_tempseed_30_comforttemp_20_setbacktemp_13_paper2_final_runs_v4-res1,2023,12,0,0,5,30,20,13,0.0,0.0,0.0,0.17531195215014952,7.36310199030628,42.425492420336184,11.879962875116016,7.610601216871197,6.33185521295246,4.88810972465711,19.325564607610602,0.0
./Eplus-env-08-19_thermostat_rbc_eco_year_2023_case_12_rep_0_zone_0_onoffseed_15_tempseed_42_comforttemp_20_setbacktemp_13_paper2_final_runs_v4-res1,2023,12,0,0,15,42,20,13,2.681241621119934,4.7849850469217285,7.022790553779519,16.149324533360833,19.38743941425183,7.827163040115499,6.001856244199237,5.939981437558008,5.7543570176343195,4.867484789110034,18.02619366814479,1.5571826338042694
./Eplus-env-08-19_thermostat_rbc_eco_year_2023_case_14_rep_0_zone_9_onoffseed_5_tempseed_42_comforttemp_20_setbacktemp_15_paper2_final_runs_v4-res1,2023,14,0,9,5,42,20,15,0.0,0.09281220996184388,5.558420129937094,14.643704238424254,16.91244714860266,8.817159946375169,7.002165618232444,5.383108177786944,5.372795710013406,5.424358048881097,30.793028771785085,0.0
./Eplus-env-08-19_thermostat_rbc_eco_year_2022_case_14_rep_0_zone_0_onoffseed_10_tempseed_30_comforttemp_20_setbacktemp_13_paper2_final_runs_v4-res1,2022,14,0,0,10,30,20,13,0.07218727441476745,0.1546870166030731,0.897184696297824,2.1449932968959473,9.013096834072394,20.48056099824688,12.488398473754769,7.785913169021347,6.837166133855832,6.434979890687842,33.65989481282871,0.030937403320614624
./Eplus-env-08-19_thermostat_rbc_eco_year_2022_case_14_rep_0_zone_0_onoffseed_10_tempseed_30_comforttemp_20_setbacktemp_17_paper2_final_runs_v4-res1,2022,14,0,0,10,30,20,17,0.010312467773538208,0.07218727441476745,0.8043724863359802,2.0728060224811795,9.229658657316696,20.31556151387027,12.292461586057543,8.012787460039188,6.73404145612045,6.33185521295246,34.12395586263793,0.0
./Eplus-env-08-19_thermostat_rbc_eco_year_2022_case_12_rep_0_zone_0_onoffseed_10_tempseed_30_comforttemp_20_setbacktemp_17_paper2_final_runs_v4-res1,2022,12,0,0,10,30,20,17,0.0,1.5984325048984223,5.084046612354336,4.66123543363927,16.149324533360833,25.801794369392596,8.414973703207178,5.888419098690316,5.424358048881097,5.506857791069403,21.47055790450655,0.0
./Eplus-env-08-19_thermostat_rbc_eco_year_2023_case_6_rep_0_zone_9_onoffseed_5_tempseed_42_comforttemp_21_setbacktemp_15_paper2_final_runs_v4-res1,2023,6,0,9,5,42,21,15,0.0,0.0,0.7218727441476745,16.11838713004022,26.24523048365474,16.489635969887594,6.723728988346911,5.527482726616479,5.496545323295865,5.022171805713107,17.65494482829741,0.0
./Eplus-env-08-19_thermostat_rbc_eco_year_2022_case_13_rep_0_zone_9_onoffseed_5_tempseed_42_comforttemp_20_setbacktemp_17_paper2_final_runs_v4-res1,2022,13,0,9,5,42,20,17,0.0,0.0,0.41249871094152835,20.160874497267194,18.727441476745383,7.022790553779519,5.98123130865216,5.414045581107559,5.46560791997525,4.939672063524801,31.875837888006597,0.0
./Eplus-env-08-19_thermostat_rbc_eco_year_2023_case_3_rep_0_zone_9_onoffseed_5_tempseed_42_comforttemp_19_setbacktemp_17_paper2_final_runs_v4-res1,2023,3,0,9,5,42,19,17,0.0,0.04124987109415283,13.519645251108589,24.33742394555017,8.095287202227492,5.651232339898938,4.3621738682066615,4.413736207074352,4.8571723213364955,5.249046096730948,29.4730328967722,0.0
./Eplus-env-08-19_thermostat_rbc_eco_year_2023_case_12_rep_0_zone_9_onoffseed_5_tempseed_42_comforttemp_20_setbacktemp_13_paper2_final_runs_v4-res1,2023,12,0,9,5,42,20,13,0.0,0.030937403320614624,0.6290605341858306,10.621841806744355,27.14241517995256,20.243374239455502,7.424976796947509,6.063731050840466,5.2696710322780245,4.8365473857894195,17.737444570485717,0.0
./Eplus-env-08-19_thermostat_rbc_eco_year_2023_case_2_rep_0_zone_0_onoffseed_5_tempseed_15_comforttemp_20_setbacktemp_15_paper2_final_runs_v4-res1,2023,2,0,0,5,15,20,15,0.0,0.0,0.0,0.0,0.0,0.3093740332061462,13.52995771888213,45.86985665669795,13.581520057749819,6.991853150458905,19.717438383005053,0.0
./Eplus-env-08-19_thermostat_rbc_eco_year_2023_case_2_rep_0_zone_0_onoffseed_15_tempseed_15_comforttemp_20_setbacktemp_17_paper2_final_runs_v4-res1,2023,2,0,0,15,15,20,17,0.0,0.7631226152418273,4.001237496132824,5.403733113334021,6.33185521295246,6.816541198308755,20.35681138496442,20.181499432814274,9.858719191502527,6.465917294008457,19.820563060740433,0.0
./Eplus-env-08-19_thermostat_rbc_eco_year_2022_case_6_rep_0_zone_9_onoffseed_5_tempseed_42_comforttemp_21_setbacktemp_15_paper2_final_runs_v4-res1,2022,6,0,9,5,42,21,15,0.0,0.0,0.897184696297824,14.891203464989172,25.20367123852738,17.25275858512942,6.434979890687842,5.403733113334021,5.104671547901413,4.939672063524801,19.872125399608127,0.0
./Eplus-env-08-19_thermostat_rbc_eco_year_2023_case_13_rep_0_zone_9_onoffseed_5_tempseed_42_comforttemp_20_setbacktemp_13_paper2_final_runs_v4-res1,2023,13,0,9,5,42,20,13,0.020624935547076416,0.7940600185624419,4.7849850469217285,15.633701144683924,21.52212024337424,7.734350830153655,5.630607404351862,4.589048159224503,4.558110755903888,5.2902959678251005,29.442095493451582,0.0
./Eplus-env-08-19_thermostat_rbc_eco_year_2023_case_7_rep_0_zone_9_onoffseed_5_tempseed_42_comforttemp_19_setbacktemp_13_paper2_final_runs_v4-res1,2023,7,0,9,5,42,19,13,0.42281117871506657,10.652779210064969,24.110549654532328,16.211199340002064,5.156233886769104,5.393420645560482,5.218108693410333,5.403733113334021,5.548107662163556,4.506548417036197,17.37650819841188,0.0
./Eplus-env-08-19_thermostat_rbc_eco_year_2022_case_4_rep_0_zone_0_onoffseed_15_tempseed_42_comforttemp_20_setbacktemp_17_paper2_final_runs_v4-res1,2022,4,0,0,15,42,20,17,0.04124987109415283,0.5671857275446014,2.7946787666288544,9.642157368258223,16.561823244302364,12.70496029699907,7.022790553779519,6.909353408270599,6.33185521295246,6.259667938537692,31.164277611632464,0.0
./Eplus-env-08-19_thermostat_rbc_eco_year_2022_case_2_rep_0_zone_9_onoffseed_5_tempseed_42_comforttemp_20_setbacktemp_17_paper2_final_runs_v4-res1,2022,2,0,9,5,42,20,17,0.0,0.0,1.4128080849747344,28.843972362586367,22.883365989481284,7.125915231514901,5.125296483448489,5.259358564504486,4.3621738682066615,4.754047643601114,20.233061771681964,0.0
./Eplus-env-08-18_thermostat_rbc_eco_year_2023_case_0_rep_0_zone_9_onoffseed_5_tempseed_42_comforttemp_18_setbacktemp_13_paper2_final_runs_v4-res1,2023,0,0,9,5,42,18,13,6.404042487367227,25.25523357739507,18.02619366814479,5.383108177786944,4.630298030318655,4.991234402392492,4.991234402392492,5.166546354542642,5.001546870166031,4.681860369186346,15.458389192533772,0.010312467773538208
./Eplus-env-08-18_thermostat_rbc_eco_year_2023_case_0_rep_0_zone_9_onoffseed_5_tempseed_42_comforttemp_21_setbacktemp_13_paper2_final_runs_v4-res1,2023,0,0,9,5,42,21,13,0.0,0.1340620810559967,5.011859337939569,15.633701144683924,24.079612251211717,16.139012065587295,6.579354439517377,5.970918840878622,5.568732597710632,5.2696710322780245,15.613076209136848,0.0
./Eplus-env-08-19_thermostat_rbc_eco_year_2023_case_3_rep_0_zone_0_onoffseed_15_tempseed_10_comforttemp_20_setbacktemp_13_paper2_final_runs_v4-res1,2023,3,0,0,15,10,20,13,0.11343714550892028,0.27843662988553164,1.1343714550892028,2.5162421367433225,6.32154274517892,17.397133133958956,20.336186449417344,8.445911106527792,6.1977931318964625,6.125605857481696,31.13334020831185,0.0
./Eplus-env-08-18_thermostat_rbc_eco_year_2023_case_0_rep_0_zone_0_onoffseed_10_tempseed_42_comforttemp_20_setbacktemp_17_paper2_final_runs_v4-res1,2023,0,0,0,10,42,20,17,0.0,2.815303702175931,7.961225121171496,12.364648860472311,29.761781994431267,8.940909559657625,5.816231824275549,6.053418583066928,5.228421161183872,4.980921934618954,16.077137258946067,0.0
./Eplus-env-08-18_thermostat_rbc_eco_year_2022_case_0_rep_0_zone_0_onoffseed_15_tempseed_30_comforttemp_20_setbacktemp_15_paper2_final_runs_v4-res1,2022,0,0,0,15,30,20,15,2.3512426523667114,3.7124883984737544,5.46560791997525,5.651232339898938,17.056821697432195,21.955243889862842,7.65185108796535,6.1668557285758485,5.114984015674951,5.2902959678251005,19.026503042177993,0.5568732597710633
./Eplus-env-08-19_thermostat_rbc_eco_year_2023_case_11_rep_0_zone_9_onoffseed_5_tempseed_42_comforttemp_20_setbacktemp_17_paper2_final_runs_v4-res1,2023,11,0,9,5,42,20,17,0.0,0.0,0.6599979375064453,30.452717335258328,23.19274002268743,7.239352377023822,5.764669485407858,5.692482210993091,5.249046096730948,4.650922965865732,17.09807156852635,0.0
./Eplus-env-08-19_thermostat_rbc_eco_year_2023_case_1_rep_0_zone_0_onoffseed_5_tempseed_30_comforttemp_20_setbacktemp_13_paper2_final_runs_v4-res1,2023,1,0,0,5,30,20,13,0.0,0.0,0.0,0.10312467773538209,8.136537073321644,43.88986284417861,12.632773022584304,7.229039909250283,6.239043002990615,5.032484273486645,16.73713519645251,0.0
./Eplus-env-08-19_thermostat_rbc_eco_year_2023_case_4_rep_0_zone_0_onoffseed_15_tempseed_10_comforttemp_20_setbacktemp_15_paper2_final_runs_v4-res1,2023,4,0,0,15,10,20,15,0.04124987109415283,0.2578116943384552,0.4640610498092193,1.9078065381045684,4.558110755903888,14.67464164174487,21.449932968959473,12.03464989171909,7.084665360420749,6.300917809631845,31.226152418273696,0.0
./Eplus-env-08-19_thermostat_rbc_eco_year_2022_case_4_rep_0_zone_0_onoffseed_15_tempseed_15_comforttemp_20_setbacktemp_15_paper2_final_runs_v4-res1,2022,4,0,0,15,15,20,15,0.1546870166030731,0.18562441992368775,0.3712488398473755,1.1962462617304321,2.8462411054965453,5.001546870166031,15.509951531401464,19.892750335155203,11.158090130968342,8.023099927812725,35.58832628648035,0.07218727441476745
./Eplus-env-08-19_thermostat_rbc_eco_year_2022_case_4_rep_0_zone_9_onoffseed_5_tempseed_42_comforttemp_18_setbacktemp_15_paper2_final_runs_v4-res1,2022,4,0,9,5,42,18,15,0.0,7.940600185624421,16.97432195524389,9.621532432711149,7.332164586985665,5.6409198721254,5.23873362895741,5.548107662163556,5.7337320820872435,5.888419098690316,30.081468495410952,0.0
./Eplus-env-08-19_thermostat_rbc_eco_year_2023_case_5_rep_0_zone_0_onoffseed_5_tempseed_15_comforttemp_20_setbacktemp_15_paper2_final_runs_v4-res1,2023,5,0,0,5,15,20,15,0.0,0.0,0.0,0.0,0.07218727441476745,0.5981231308652161,11.384964421986181,47.80860059812313,13.457770444467362,7.084665360420749,19.593688769722593,0.0
./Eplus-env-08-19_thermostat_rbc_eco_year_2022_case_5_rep_0_zone_0_onoffseed_5_tempseed_10_comforttemp_20_setbacktemp_15_paper2_final_runs_v4-res1,2022,5,0,0,5,10,20,15,0.0,0.0,0.0,0.06187480664122925,0.5259358564504486,9.281220996184388,44.56017324945859,12.271836650510467,7.1052902959678255,5.651232339898938,20.54243580488811,0.0
./Eplus-env-08-19_thermostat_rbc_eco_year_2023_case_10_rep_0_zone_9_onoffseed_5_tempseed_42_comforttemp_21_setbacktemp_15_paper2_final_runs_v4-res1,2023,10,0,9,5,42,21,15,0.0,0.0,0.1237496132824585,13.622769928843972,26.853666082293493,16.16994946890791,6.5999793750644535,5.310920903372177,5.403733113334021,5.475920387748788,20.439311127152727,0.0
./Eplus-env-08-19_thermostat_rbc_eco_year_2023_case_13_rep_0_zone_0_onoffseed_5_tempseed_42_comforttemp_20_setbacktemp_17_paper2_final_runs_v4-res1,2023,13,0,0,5,42,20,17,0.0,0.0,0.020624935547076416,5.486232855522326,24.430236155512013,14.767453851706714,7.919975250077344,5.651232339898938,5.372795710013406,5.176858822316181,31.174590079406002,0.0
./Eplus-env-08-19_thermostat_rbc_eco_year_2023_case_13_rep_0_zone_0_onoffseed_5_tempseed_15_comforttemp_20_setbacktemp_15_paper2_final_runs_v4-res1,2023,13,0,0,5,15,20,15,0.0,0.0,0.0,0.0,0.0,0.05156233886769104,11.240589873156646,35.49551407651851,12.14808703722801,7.1052902959678255,33.95895637826132,0.0
./Eplus-env-08-19_thermostat_rbc_eco_year_2023_case_2_rep_0_zone_0_onoffseed_15_tempseed_30_comforttemp_20_setbacktemp_17_paper2_final_runs_v4-res1,2023,2,0,0,15,30,20,17,0.0,2.887490976590698,7.909662782303806,7.36310199030628,17.85088171599464,20.233061771681964,8.45622357430133,6.579354439517377,5.7131071465401675,5.135608951222028,17.871506651541715,0.0
./Eplus-env-08-19_thermostat_rbc_eco_year_2022_case_14_rep_0_zone_0_onoffseed_15_tempseed_15_comforttemp_20_setbacktemp_13_paper2_final_runs_v4-res1,2022,14,0,0,15,15,20,13,0.09281220996184388,0.22687429101784057,0.3403114365267609,0.8043724863359802,2.2996803134990205,4.434361142621429,11.611838713004023,22.7802413117459,12.003712488398474,7.868412911209652,37.516757760131995,0.020624935547076416
./Eplus-env-08-19_thermostat_rbc_eco_year_2023_case_14_rep_0_zone_0_onoffseed_15_tempseed_10_comforttemp_20_setbacktemp_13_paper2_final_runs_v4-res1,2023,14,0,0,15,10,20,13,0.030937403320614624,0.1546870166030731,0.4640610498092193,1.2271836650510468,4.032174899453439,9.72465711044653,23.20305249046097,13.705269671032278,7.631226152418273,6.414354955140765,33.41239558626379,0.0
./Eplus-env-08-19_thermostat_rbc_eco_year_2022_case_14_rep_0_zone_0_onoffseed_15_tempseed_15_comforttemp_20_setbacktemp_15_paper2_final_runs_v4-res1,2022,14,0,0,15,15,20,15,0.10312467773538209,0.20624935547076417,0.29906156543260803,0.8249974218830567,2.279055377951944,4.681860369186346,12.03464989171909,22.26461792306899,11.436526760853873,8.445911106527792,37.403320614623084,0.020624935547076416
./Eplus-env-08-19_thermostat_rbc_eco_year_2022_case_14_rep_0_zone_0_onoffseed_15_tempseed_30_comforttemp_20_setbacktemp_15_paper2_final_runs_v4-res1,2022,14,0,0,15,30,20,15,0.23718675879137877,0.38156130762091367,1.1137465195421266,2.99061565432608,8.817159946375169,19.624626173043207,12.179024440548623,8.043724863359802,6.991853150458905,6.239043002990615,33.32989584407549,0.05156233886769104
./Eplus-env-08-19_thermostat_rbc_eco_year_2022_case_13_rep_0_zone_0_onoffseed_10_tempseed_42_comforttemp_20_setbacktemp_13_paper2_final_runs_v4-res1,2022,13,0,0,10,42,20,13,0.2681241621119934,0.7837475507889038,2.1037434258017944,10.467154790141281,19.985562545117048,9.734969578220069,6.44529235846138,6.04310611529339,6.084355986387543,5.589357533257709,32.43271114777767,0.06187480664122925
./Eplus-env-08-19_thermostat_rbc_eco_year_2023_case_13_rep_0_zone_0_onoffseed_10_tempseed_30_comforttemp_20_setbacktemp_13_paper2_final_runs_v4-res1,2023,13,0,0,10,30,20,13,0.08249974218830566,0.2578116943384552,0.9178096318449005,2.6399917500257812,13.06589666907291,23.18242755491389,10.673404145612045,6.393730019593689,5.527482726616479,5.909044034237393,31.349902031556155,0.0
./Eplus-env-08-19_thermostat_rbc_eco_year_2023_case_6_rep_0_zone_0_onoffseed_15_tempseed_30_comforttemp_20_setbacktemp_17_paper2_final_runs_v4-res1,2023,6,0,0,15,30,20,17,0.0,2.433742394555017,8.239661751057028,7.321852119212127,17.118696504073423,21.6458698566567,8.270599154377642,6.661854181705682,6.135918325255234,5.187171290089719,16.98463442301743,0.0
./Eplus-env-08-19_thermostat_rbc_eco_year_2023_case_4_rep_0_zone_0_onoffseed_10_tempseed_15_comforttemp_20_setbacktemp_13_paper2_final_runs_v4-res1,2023,4,0,0,10,15,20,13,0.0,0.06187480664122925,0.23718675879137877,0.6084355986387543,2.2584304424048676,4.867484789110034,16.871197277508507,24.234299267814787,10.962153243271116,7.022790553779519,32.87614726203981,0.0
./Eplus-env-08-19_thermostat_rbc_eco_year_2022_case_4_rep_0_zone_0_onoffseed_10_tempseed_10_comforttemp_20_setbacktemp_13_paper2_final_runs_v4-res1,2022,4,0,0,10,10,20,13,0.05156233886769104,0.10312467773538209,0.494998453129834,1.3612457461070435,3.3618644941734557,14.210580591935651,21.73868206661854,10.085593482520368,8.291224089924718,6.630916778385068,33.587707538413945,0.08249974218830566
./Eplus-env-08-19_thermostat_rbc_eco_year_2023_case_5_rep_0_zone_9_onoffseed_5_tempseed_42_comforttemp_20_setbacktemp_17_paper2_final_runs_v4-res1,2023,5,0,9,5,42,20,17,0.0,0.0,0.7631226152418273,30.597091884087863,24.708672785397546,6.84747860162937,5.970918840878622,5.950293905331546,5.084046612354336,4.3415489326595855,15.736825822419304,0.0
./Eplus-env-08-19_thermostat_rbc_eco_year_2023_case_11_rep_0_zone_9_onoffseed_5_tempseed_42_comforttemp_18_setbacktemp_17_paper2_final_runs_v4-res1,2023,11,0,9,5,42,18,17,0.0,4.3209239971125095,39.69268846034856,7.404351861400434,5.228421161183872,5.372795710013406,5.558420129937094,5.475920387748788,4.919047127977725,4.733422708054038,17.294008456223576,0.0
./Eplus-env-08-19_thermostat_rbc_eco_year_2023_case_4_rep_0_zone_0_onoffseed_5_tempseed_42_comforttemp_20_setbacktemp_17_paper2_final_runs_v4-res1,2023,4,0,0,5,42,20,17,0.0,0.0,0.010312467773538208,5.145921418995566,18.913065896669075,18.64494173455708,9.353408270599155,6.991853150458905,5.352170774466329,5.403733113334021,30.184593173146336,0.0
./Eplus-env-08-19_thermostat_rbc_eco_year_2022_case_5_rep_0_zone_0_onoffseed_5_tempseed_15_comforttemp_20_setbacktemp_15_paper2_final_runs_v4-res1,2022,5,0,0,5,15,20,15,0.0,0.0,0.0,0.010312467773538208,0.16499948437661133,0.4434361142621429,10.580591935650201,46.32360523873363,12.859647313602146,6.981540682685367,22.635866762916365,0.0
./Eplus-env-08-19_thermostat_rbc_eco_year_2022_case_4_rep_0_zone_9_onoffseed_5_tempseed_42_comforttemp_21_setbacktemp_17_paper2_final_runs_v4-res1,2022,4,0,9,5,42,21,17,0.0,0.0,0.07218727441476745,3.825925543982675,18.45931731463339,19.655563576363825,7.270289780344437,6.527792100649686,6.239043002990615,6.228730535217077,31.721150871403523,0.0
./Eplus-env-08-19_thermostat_rbc_eco_year_2022_case_1_rep_0_zone_0_onoffseed_10_tempseed_30_comforttemp_20_setbacktemp_13_paper2_final_runs_v4-res1,2022,1,0,0,10,30,20,13,1.1756213261833557,2.629679282252243,3.39280189749407,4.640610498092194,16.871197277508507,24.95617201196246,8.497473445395483,6.032793647519852,5.609982468804785,5.2696710322780245,19.882437867381665,1.041559245127359
./Eplus-env-08-19_thermostat_rbc_eco_year_2022_case_12_rep_0_zone_0_onoffseed_10_tempseed_15_comforttemp_20_setbacktemp_15_paper2_final_runs_v4-res1,2022,12,0,0,10,15,20,15,0.546560791997525,0.9487470351655151,2.0934309580282564,3.2381148808909974,4.269361658244818,5.022171805713107,20.552748272661646,25.317108384036302,8.7449726719604,6.249355470764153,22.95555326389605,0.06187480664122925
./Eplus-env-08-19_thermostat_rbc_eco_year_2022_case_9_rep_0_zone_0_onoffseed_5_tempseed_10_comforttemp_20_setbacktemp_15_paper2_final_runs_v4-res1,2022,9,0,0,5,10,20,15,0.0,0.0,0.0,0.0,0.06187480664122925,5.939981437558008,26.162730741466433,14.808703722800868,8.693410333092709,7.373414458079819,36.959884500360936,0.0
./Eplus-env-08-19_thermostat_rbc_eco_year_2023_case_12_rep_0_zone_0_onoffseed_10_tempseed_10_comforttemp_20_setbacktemp_17_paper2_final_runs_v4-res1,2023,12,0,0,10,10,20,17,0.0,0.7734350830153656,3.9496751572651334,4.764360111374652,5.001546870166031,19.72775085077859,24.863359802000616,9.013096834072394,6.6927915850262965,5.671857275446015,19.542126430854903,0.0
./Eplus-env-08-18_thermostat_rbc_eco_year_2023_case_0_rep_0_zone_0_onoffseed_10_tempseed_10_comforttemp_20_setbacktemp_13_paper2_final_runs_v4-res1,2023,0,0,0,10,10,20,13,1.0209343095802825,1.5778075693513458,2.99061565432608,4.310611529338971,6.04310611529339,20.624935547076415,24.52304836547386,9.219346189543158,6.754666391667525,5.589357533257709,16.664947922037744,0.6806228730535218
./Eplus-env-08-19_thermostat_rbc_eco_year_2023_case_3_rep_0_zone_9_onoffseed_5_tempseed_42_comforttemp_21_setbacktemp_13_paper2_final_runs_v4-res1,2023,3,0,9,5,42,21,13,0.04124987109415283,0.35062390430029905,2.031556151387027,5.7234196143137055,16.139012065587295,23.398989378158195,7.074352892647211,4.66123543363927,5.197483757863257,5.455295452201712,29.92678147880788,0.0
./Eplus-env-08-19_thermostat_rbc_eco_year_2022_case_11_rep_0_zone_0_onoffseed_5_tempseed_10_comforttemp_20_setbacktemp_13_paper2_final_runs_v4-res1,2022,11,0,0,5,10,20,13,0.0,0.0,0.0,0.010312467773538208,0.27843662988553164,9.910281530370217,42.714241517995255,12.14808703722801,6.6515417139321436,6.218418067443539,22.068681035371764,0.0
./Eplus-env-08-19_thermostat_rbc_eco_year_2022_case_10_rep_0_zone_0_onoffseed_15_tempseed_42_comforttemp_20_setbacktemp_17_paper2_final_runs_v4-res1,2022,10,0,0,15,42,20,17,0.0,3.6403011240589875,8.57997318758379,10.559967000103125,23.749613282458494,8.97184696297824,5.7440445498607815,4.929359595751263,5.084046612354336,5.372795710013406,23.368051974837577,0.0
./Eplus-env-08-19_thermostat_rbc_eco_year_2022_case_1_rep_0_zone_0_onoffseed_15_tempseed_10_comforttemp_20_setbacktemp_17_paper2_final_runs_v4-res1,2022,1,0,0,15,10,20,17,0.0,1.8871816025574921,6.1874806641229245,5.599670001031247,6.022481179746313,19.418376817572444,21.17149633907394,8.1777869444158,5.898731566463855,5.197483757863257,20.439311127152727,0.0
./Eplus-env-08-19_thermostat_rbc_eco_year_2022_case_1_rep_0_zone_0_onoffseed_15_tempseed_42_comforttemp_20_setbacktemp_15_paper2_final_runs_v4-res1,2022,1,0,0,15,42,20,15,3.764050737341446,4.980921934618954,5.496545323295865,15.489326595854388,20.3774363205115,9.054346705166546,5.517170258842941,5.517170258842941,4.589048159224503,5.053109209033722,19.304939672063526,0.8559348252036713
./Eplus-env-08-18_thermostat_rbc_eco_year_2022_case_0_rep_0_zone_9_onoffseed_5_tempseed_42_comforttemp_19_setbacktemp_17_paper2_final_runs_v4-res1,2022,0,0,9,5,42,19,17,0.0,0.020624935547076416,15.623388676910386,33.50520779622564,8.219036815509952,5.372795710013406,5.022171805713107,4.970609466845416,4.465298545942044,4.475611013715582,18.325255233577394,0.0
./Eplus-env-08-19_thermostat_rbc_eco_year_2022_case_1_rep_0_zone_0_onoffseed_15_tempseed_30_comforttemp_20_setbacktemp_15_paper2_final_runs_v4-res1,2022,1,0,0,15,30,20,15,2.2171805713107147,4.114674641641745,5.187171290089719,6.311230277405383,17.056821697432195,19.892750335155203,8.291224089924718,6.249355470764153,4.8468598535629575,5.094359080127875,20.263999175002578,0.47437351758275753
./Eplus-env-08-19_thermostat_rbc_eco_year_2022_case_12_rep_0_zone_0_onoffseed_5_tempseed_30_comforttemp_20_setbacktemp_13_paper2_final_runs_v4-res1,2022,12,0,0,5,30,20,13,0.0,0.0,0.0,0.1443745488295349,7.889037846756729,39.42456429823657,12.168711972775085,7.074352892647211,5.960606373105084,5.352170774466329,21.98618129318346,0.0
./Eplus-env-08-19_thermostat_rbc_eco_year_2023_case_11_rep_0_zone_0_onoffseed_15_tempseed_15_comforttemp_20_setbacktemp_17_paper2_final_runs_v4-res1,2023,11,0,0,15,15,20,17,0.0,0.6599979375064453,3.9909250283592863,5.403733113334021,6.352480148499535,6.723728988346911,21.00649685469733,21.264308549035785,9.095596576260698,6.311230277405383,19.191502526554604,0.0
./Eplus-env-08-19_thermostat_rbc_eco_year_2023_case_11_rep_0_zone_0_onoffseed_15_tempseed_30_comforttemp_20_setbacktemp_15_paper2_final_runs_v4-res1,2023,11,0,0,15,30,20,15,2.0624935547076415,3.5784263174177577,5.651232339898938,6.899040940497062,17.675569763844486,19.85150046406105,8.57997318758379,6.517479632876147,6.074043518614005,5.3006084355986385,17.572445086109106,0.23718675879137877
./Eplus-env-08-19_thermostat_rbc_eco_year_2022_case_11_rep_0_zone_9_onoffseed_5_tempseed_42_comforttemp_20_setbacktemp_13_paper2_final_runs_v4-res1,2022,11,0,9,5,42,20,13,0.0,0.20624935547076417,1.4334330205218109,8.34278642879241,23.048365473857892,23.92492523460864,8.002474992265649,5.2902959678251005,4.815922450242343,5.042796741260184,19.892750335155203,0.0
./Eplus-env-08-19_thermostat_rbc_eco_year_2022_case_4_rep_0_zone_0_onoffseed_15_tempseed_15_comforttemp_20_setbacktemp_13_paper2_final_runs_v4-res1,2022,4,0,0,15,15,20,13,0.1340620810559967,0.247499226564917,0.47437351758275753,1.1549963906362792,2.8462411054965453,5.2799835000515625,15.24182736928947,20.08868722285243,11.054965453232958,8.476848509848407,34.86645354233268,0.1340620810559967
./Eplus-env-08-19_thermostat_rbc_eco_year_2023_case_4_rep_0_zone_0_onoffseed_15_tempseed_30_comforttemp_20_setbacktemp_13_paper2_final_runs_v4-res1,2023,4,0,0,15,30,20,13,0.10312467773538209,0.42281117871506657,1.0621841806744354,3.908425286170981,12.70496029699907,19.026503042177993,13.210271217902445,7.414664329173972,5.7131071465401675,5.857481695369702,30.55584201299371,0.020624935547076416
./Eplus-env-08-19_thermostat_rbc_eco_year_2022_case_4_rep_0_zone_0_onoffseed_10_tempseed_42_comforttemp_20_setbacktemp_13_paper2_final_runs_v4-res1,2022,4,0,0,10,42,20,13,0.1443745488295349,0.7012478086005981,1.9696813447457977,10.06496854697329,16.221511807775602,13.06589666907291,7.528101474682892,6.538104568423224,6.6515417139321436,5.847169227596163,31.153965143858926,0.11343714550892028
./Eplus-env-08-19_thermostat_rbc_eco_year_2022_case_5_rep_0_zone_0_onoffseed_15_tempseed_10_comforttemp_20_setbacktemp_15_paper2_final_runs_v4-res1,2022,5,0,0,15,10,20,15,1.4643704238424256,2.526554604516861,4.032174899453439,5.444982984428174,6.424667422914303,17.345570795091263,20.85180983809426,9.198721253996082,5.836856759822625,5.383108177786944,21.037434258017942,0.45374858203568114
./Eplus-env-08-19_thermostat_rbc_eco_year_2023_case_4_rep_0_zone_0_onoffseed_15_tempseed_10_comforttemp_20_setbacktemp_13_paper2_final_runs_v4-res1,2023,4,0,0,15,10,20,13,0.05156233886769104,0.247499226564917,0.5981231308652161,2.0728060224811795,5.2696710322780245,14.200268124162113,20.76931009590595,11.807775600701248,7.094977828194287,6.527792100649686,31.360214499329693,0.0
./Eplus-env-08-19_thermostat_rbc_eco_year_2022_case_3_rep_0_zone_0_onoffseed_15_tempseed_10_comforttemp_20_setbacktemp_15_paper2_final_runs_v4-res1,2022,3,0,0,15,10,20,15,0.1237496132824585,0.42281117871506657,1.041559245127359,2.5162421367433225,4.867484789110034,16.994946890790967,17.510570279467878,8.497473445395483,6.837166133855832,6.208105599670001,34.90770341342683,0.07218727441476745
./Eplus-env-08-19_thermostat_rbc_eco_year_2022_case_7_rep_0_zone_0_onoffseed_10_tempseed_15_comforttemp_20_setbacktemp_13_paper2_final_runs_v4-res1,2022,7,0,0,10,15,20,13,0.27843662988553164,0.7734350830153656,1.8665566670104154,3.8362380117562136,4.269361658244818,5.764669485407858,19.366814478704754,24.492110962153244,8.889347220789935,6.713416520573373,23.213364958234507,0.5362483242239868
./Eplus-env-08-19_thermostat_rbc_eco_year_2023_case_11_rep_0_zone_0_onoffseed_15_tempseed_10_comforttemp_20_setbacktemp_17_paper2_final_runs_v4-res1,2023,11,0,0,15,10,20,17,0.0,1.289058471692276,5.939981437558008,6.6721666494792204,6.723728988346911,19.304939672063526,21.264308549035785,8.693410333092709,6.775291327214602,5.517170258842941,17.819944312674025,0.0
./Eplus-env-08-19_thermostat_rbc_eco_year_2022_case_11_rep_0_zone_0_onoffseed_15_tempseed_30_comforttemp_20_setbacktemp_17_paper2_final_runs_v4-res1,2022,11,0,0,15,30,20,17,0.0,3.0524904609673094,7.889037846756729,5.579045065484171,15.695575951325152,22.171805713107144,8.136537073321644,6.249355470764153,5.156233886769104,5.403733113334021,20.666185418170567,0.0
./Eplus-env-08-19_thermostat_rbc_eco_year_2023_case_14_rep_0_zone_9_onoffseed_5_tempseed_42_comforttemp_18_setbacktemp_17_paper2_final_runs_v4-res1,2023,14,0,9,5,42,18,17,0.0,3.980612560585748,18.614004331236465,9.487470351655151,8.45622357430133,6.991853150458905,6.713416520573373,5.506857791069403,4.754047643601114,5.444982984428174,30.05053109209034,0.0
./Eplus-env-08-19_thermostat_rbc_eco_year_2022_case_8_rep_0_zone_0_onoffseed_5_tempseed_10_comforttemp_20_setbacktemp_17_paper2_final_runs_v4-res1,2022,8,0,0,5,10,20,17,0.0,0.0,0.0,0.010312467773538208,0.11343714550892028,9.77621944931422,29.1224089924719,11.828400536248324,7.641538620191812,6.981540682685367,34.52614210580592,0.0
./Eplus-env-08-19_thermostat_rbc_eco_year_2022_case_3_rep_0_zone_0_onoffseed_10_tempseed_30_comforttemp_20_setbacktemp_13_paper2_final_runs_v4-res1,2022,3,0,0,10,30,20,13,0.10312467773538209,0.47437351758275753,1.2993709394658142,3.3824894297205326,15.396514385892543,19.27400226874291,8.775910075281015,7.24966484479736,6.32154274517892,5.878106630916778,31.679901000309375,0.16499948437661133
./Eplus-env-08-19_thermostat_rbc_eco_year_2022_case_3_rep_0_zone_0_onoffseed_10_tempseed_42_comforttemp_20_setbacktemp_13_paper2_final_runs_v4-res1,2022,3,0,0,10,42,20,13,0.20624935547076417,1.0312467773538208,2.5059296689697845,13.643394864391048,17.871506651541715,9.569970093843457,6.424667422914303,6.001856244199237,5.548107662163556,5.084046612354336,31.98927503351552,0.1237496132824585
./Eplus-env-08-19_thermostat_rbc_eco_year_2022_case_3_rep_0_zone_0_onoffseed_15_tempseed_30_comforttemp_20_setbacktemp_13_paper2_final_runs_v4-res1,2022,3,0,0,15,30,20,13,0.23718675879137877,0.7528101474682891,2.2996803134990205,4.124987109415283,15.344952047024854,17.644632360523875,8.57997318758379,6.73404145612045,5.795606888728472,5.960606373105084,32.32958647004228,0.19593688769722595
./Eplus-env-08-19_thermostat_rbc_eco_year_2022_case_14_rep_0_zone_9_onoffseed_5_tempseed_42_comforttemp_21_setbacktemp_13_paper2_final_runs_v4-res1,2022,14,0,9,5,42,21,13,0.22687429101784057,1.1343714550892028,1.8665566670104154,6.26998040631123,13.426833041146747,19.067752913272145,7.435289264721049,6.589666907290914,5.537795194390018,6.001856244199237,32.412086212230584,0.030937403320614624
./Eplus-env-08-19_thermostat_rbc_eco_year_2022_case_14_rep_0_zone_0_onoffseed_15_tempseed_42_comforttemp_20_setbacktemp_17_paper2_final_runs_v4-res1,2022,14,0,0,15,42,20,17,0.05156233886769104,0.42281117871506657,2.5059296689697845,8.074662266680416,16.448386098793442,12.7668351036403,7.878725378983191,6.6515417139321436,5.960606373105084,5.86779416314324,33.37114571516964,0.0
./Eplus-env-08-19_thermostat_rbc_eco_year_2023_case_14_rep_0_zone_0_onoffseed_10_tempseed_42_comforttemp_20_setbacktemp_15_paper2_final_runs_v4-res1,2023,14,0,0,10,42,20,15,0.06187480664122925,0.48468598535629576,1.536557698257193,8.084974734453954,17.572445086109106,13.52995771888213,9.198721253996082,7.125915231514901,5.651232339898938,5.878106630916778,30.875528513973393,0.0
./Eplus-env-08-19_thermostat_rbc_eco_year_2022_case_11_rep_0_zone_9_onoffseed_5_tempseed_42_comforttemp_21_setbacktemp_13_paper2_final_runs_v4-res1,2022,11,0,9,5,42,21,13,0.0,0.030937403320614624,0.38156130762091367,1.5159327627101165,11.302464679797875,24.966484479736,22.4296174074456,8.45622357430133,5.207796225636795,5.187171290089719,20.521810869341035,0.0
./Eplus-env-08-19_thermostat_rbc_eco_year_2023_case_11_rep_0_zone_9_onoffseed_5_tempseed_42_comforttemp_21_setbacktemp_13_paper2_final_runs_v4-res1,2023,11,0,9,5,42,21,13,0.0,0.010312467773538208,0.6084355986387543,1.9181190058781068,12.426523667113539,24.91492214086831,22.367742600804373,8.79653501082809,5.98123130865216,5.259358564504486,17.71681963493864,0.0
./Eplus-env-08-19_thermostat_rbc_eco_year_2022_case_13_rep_0_zone_0_onoffseed_10_tempseed_10_comforttemp_20_setbacktemp_15_paper2_final_runs_v4-res1,2022,13,0,0,10,10,20,15,0.11343714550892028,0.10312467773538209,0.43312364648860474,1.5881200371248838,3.16592760647623,13.364958234505517,23.93523770238218,9.590595029390533,7.198102505929669,6.455604826234918,34.031143652676086,0.020624935547076416
./Eplus-env-08-19_thermostat_rbc_eco_year_2023_case_13_rep_0_zone_0_onoffseed_5_tempseed_10_comforttemp_20_setbacktemp_17_paper2_final_runs_v4-res1,2023,13,0,0,5,10,20,17,0.0,0.0,0.0,0.0,0.010312467773538208,9.415283077240383,31.999587501289056,13.107146540167061,6.661854181705682,6.661854181705682,32.14396205011859,0.0
./Eplus-env-08-19_thermostat_rbc_eco_year_2022_case_13_rep_0_zone_0_onoffseed_10_tempseed_15_comforttemp_20_setbacktemp_15_paper2_final_runs_v4-res1,2022,13,0,0,10,15,20,15,0.04124987109415283,0.05156233886769104,0.17531195215014952,0.6703104052799835,1.835619263689801,3.7949881406620602,14.313705269671031,25.791481901619058,10.539342064556049,7.435289264721049,35.35113952768897,0.0
./Eplus-env-08-18_thermostat_rbc_eco_year_2022_case_0_rep_0_zone_0_onoffseed_5_tempseed_42_comforttemp_20_setbacktemp_15_paper2_final_runs_v4-res1,2022,0,0,0,5,42,20,15,0.0,0.0,0.010312467773538208,6.1874806641229245,38.7851912962772,12.942147055790452,6.868103537176447,5.7543570176343195,5.414045581107559,5.2799835000515625,18.758378880065997,0.0
./Eplus-env-08-19_thermostat_rbc_eco_year_2022_case_3_rep_0_zone_0_onoffseed_15_tempseed_15_comforttemp_20_setbacktemp_15_paper2_final_runs_v4-res1,2022,3,0,0,15,15,20,15,0.1237496132824585,0.16499948437661133,0.5671857275446014,1.7737444570485716,3.1246777353820767,6.1977931318964625,18.29431783025678,18.954315767763223,9.353408270599155,7.466226668041662,33.91770650716717,0.06187480664122925
./Eplus-env-08-19_thermostat_rbc_eco_year_2022_case_3_rep_0_zone_0_onoffseed_15_tempseed_30_comforttemp_20_setbacktemp_15_paper2_final_runs_v4-res1,2022,3,0,0,15,30,20,15,0.32999896875322265,0.8043724863359802,2.083118490254718,4.063112302774054,15.262452304836547,16.86088480973497,8.85840981746932,7.1156027637413635,6.352480148499535,5.898731566463855,32.28833659894813,0.08249974218830566
./Eplus-env-08-19_thermostat_rbc_eco_year_2022_case_4_rep_0_zone_0_onoffseed_10_tempseed_42_comforttemp_20_setbacktemp_15_paper2_final_runs_v4-res1,2022,4,0,0,10,42,20,15,0.1340620810559967,0.38156130762091367,0.9178096318449005,3.526863978550067,16.479323502114056,17.696194699391565,8.590285655357327,7.270289780344437,6.868103537176447,6.218418067443539,31.917087759100752,0.0
./Eplus-env-08-19_thermostat_rbc_eco_year_2022_case_5_rep_0_zone_0_onoffseed_5_tempseed_30_comforttemp_20_setbacktemp_17_paper2_final_runs_v4-res1,2022,5,0,0,5,30,20,17,0.0,0.0,0.0,0.010312467773538208,6.6412292461586055,42.868928534598325,11.56027637413633,7.352789522532742,5.795606888728472,5.527482726616479,20.243374239455502,0.0
./Eplus-env-08-19_thermostat_rbc_eco_year_2022_case_2_rep_0_zone_0_onoffseed_10_tempseed_10_comforttemp_20_setbacktemp_13_paper2_final_runs_v4-res1,2022,2,0,0,10,10,20,13,0.7115602763741363,1.4024956172011962,3.186552542023306,3.959987625038672,5.176858822316181,20.047437351758276,24.0486748478911,8.683097865319171,5.98123130865216,5.589357533257709,20.563060740435184,0.6496854697329071
./Eplus-env-08-19_thermostat_rbc_eco_year_2023_case_2_rep_0_zone_0_onoffseed_5_tempseed_10_comforttemp_20_setbacktemp_13_paper2_final_runs_v4-res1,2023,2,0,0,5,10,20,13,0.0,0.0,0.0,0.0,0.2681241621119934,10.621841806744355,43.54955140765185,13.40620810559967,7.827163040115499,5.7337320820872435,18.59337939568939,0.0
./Eplus-env-08-19_thermostat_rbc_eco_year_2022_case_1_rep_0_zone_0_onoffseed_5_tempseed_10_comforttemp_20_setbacktemp_15_paper2_final_runs_v4-res1,2022,1,0,0,5,10,20,15,0.0,0.0,0.0,0.0,0.21656182324430237,10.549654532329585,43.116427761163244,12.684335361451996,6.713416520573373,6.084355986387543,20.635248014849953,0.0
./Eplus-env-08-19_thermostat_rbc_eco_year_2023_case_11_rep_0_zone_0_onoffseed_5_tempseed_15_comforttemp_20_setbacktemp_17_paper2_final_runs_v4-res1,2023,11,0,0,5,15,20,17,0.0,0.0,0.0,0.0,0.0,0.11343714550892028,12.003712488398474,47.674538517067134,13.457770444467362,6.744353923893988,20.006187480664124,0.0
./Eplus-env-08-19_thermostat_rbc_eco_year_2022_case_12_rep_0_zone_0_onoffseed_15_tempseed_42_comforttemp_20_setbacktemp_15_paper2_final_runs_v4-res1,2022,12,0,0,15,42,20,15,3.2587398164380734,4.919047127977725,5.506857791069403,15.489326595854388,19.005878106630917,8.683097865319171,5.960606373105084,5.2696710322780245,4.929359595751263,4.8262349180158814,21.429308033412394,0.7218727441476745
./Eplus-env-08-19_thermostat_rbc_eco_year_2023_case_1_rep_0_zone_0_onoffseed_15_tempseed_15_comforttemp_20_setbacktemp_13_paper2_final_runs_v4-res1,2023,1,0,0,15,15,20,13,0.8146849541095184,1.484995359389502,3.3103021553057643,5.352170774466329,6.476229761781995,7.569351345777045,20.367123852737958,20.449623594926265,9.508095287202227,6.208105599670001,18.108693410333093,0.35062390430029905
./Eplus-env-08-19_thermostat_rbc_eco_year_2022_case_14_rep_0_zone_0_onoffseed_15_tempseed_10_comforttemp_20_setbacktemp_13_paper2_final_runs_v4-res1,2022,14,0,0,15,10,20,13,0.08249974218830566,0.17531195215014952,0.6290605341858306,1.6603073115396514,3.8362380117562136,10.549654532329585,21.96555635763638,10.817778694441579,8.476848509848407,6.78560379498814,34.95926575229452,0.06187480664122925
./Eplus-env-08-19_thermostat_rbc_eco_year_2022_case_3_rep_0_zone_9_onoffseed_5_tempseed_42_comforttemp_20_setbacktemp_13_paper2_final_runs_v4-res1,2022,3,0,9,5,42,20,13,0.1443745488295349,1.78405692482211,6.806228730535217,15.035578013818707,18.160255749200786,6.218418067443539,5.630607404351862,4.7746725791481905,5.125296483448489,5.403733113334021,30.906465917294007,0.010312467773538208
./Eplus-env-08-19_thermostat_rbc_eco_year_2023_case_3_rep_0_zone_0_onoffseed_5_tempseed_42_comforttemp_20_setbacktemp_15_paper2_final_runs_v4-res1,2023,3,0,0,5,42,20,15,0.0,0.0,0.08249974218830566,8.023099927812725,23.275239764875735,14.365267608538723,7.445601732494586,5.857481695369702,5.310920903372177,6.04310611529339,29.596782510054652,0.0
./Eplus-env-08-19_thermostat_rbc_eco_year_2023_case_1_rep_0_zone_0_onoffseed_15_tempseed_42_comforttemp_20_setbacktemp_17_paper2_final_runs_v4-res1,2023,1,0,0,15,42,20,17,0.0,4.403423739300814,10.034031143652676,14.076518510879655,23.966175105702796,7.775600701247809,6.44529235846138,6.1977931318964625,5.383108177786944,5.166546354542642,16.551510776528826,0.0
./Eplus-env-08-19_thermostat_rbc_eco_year_2022_case_4_rep_0_zone_0_onoffseed_10_tempseed_30_comforttemp_20_setbacktemp_13_paper2_final_runs_v4-res1,2022,4,0,0,10,30,20,13,0.11343714550892028,0.27843662988553164,1.1549963906362792,2.99061565432608,11.818088068474786,19.253377333195836,11.158090130968342,7.373414458079819,6.6721666494792204,6.393730019593689,32.73177271321027,0.06187480664122925
./Eplus-env-08-19_thermostat_rbc_eco_year_2022_case_4_rep_0_zone_0_onoffseed_10_tempseed_10_comforttemp_20_setbacktemp_15_paper2_final_runs_v4-res1,2022,4,0,0,10,10,20,15,0.07218727441476745,0.1546870166030731,0.47437351758275753,1.5468701660307311,3.021553057646695,13.80839434876766,21.862431679901,10.590904403423739,8.084974734453954,7.064040424873673,33.30927090852841,0.010312467773538208
./Eplus-env-08-19_thermostat_rbc_eco_year_2023_case_4_rep_0_zone_0_onoffseed_5_tempseed_42_comforttemp_20_setbacktemp_13_paper2_final_runs_v4-res1,2023,4,0,0,5,42,20,13,0.0,0.0,0.04124987109415283,5.094359080127875,18.614004331236465,17.665257296070948,9.817469320408375,6.816541198308755,5.816231824275549,5.579045065484171,30.55584201299371,0.0
./Eplus-env-08-19_thermostat_rbc_eco_year_2022_case_3_rep_0_zone_0_onoffseed_5_tempseed_15_comforttemp_20_setbacktemp_15_paper2_final_runs_v4-res1,2022,3,0,0,5,15,20,15,0.0,0.0,0.0,0.0,0.010312467773538208,0.3403114365267609,16.252449211096216,27.936475198515005,12.158399505001546,8.095287202227492,35.20676497885944,0.0
./Eplus-env-08-19_thermostat_rbc_eco_year_2023_case_3_rep_0_zone_0_onoffseed_10_tempseed_15_comforttemp_20_setbacktemp_15_paper2_final_runs_v4-res1,2023,3,0,0,10,15,20,15,0.0,0.08249974218830566,0.43312364648860474,0.8043724863359802,2.320305249046097,4.929359595751263,22.295555326389604,22.594616891822213,8.136537073321644,6.73404145612045,31.669588532535837,0.0
./Eplus-env-08-19_thermostat_rbc_eco_year_2022_case_7_rep_0_zone_0_onoffseed_5_tempseed_30_comforttemp_20_setbacktemp_15_paper2_final_runs_v4-res1,2022,7,0,0,5,30,20,15,0.0,0.0,0.0,0.05156233886769104,8.56966071981025,39.92987521913994,12.1996493760957,7.012478086005982,5.816231824275549,5.084046612354336,21.33649582345055,0.0
./Eplus-env-08-19_thermostat_rbc_eco_year_2022_case_5_rep_0_zone_0_onoffseed_10_tempseed_15_comforttemp_20_setbacktemp_15_paper2_final_runs_v4-res1,2022,5,0,0,10,15,20,15,0.7734350830153656,1.2065587295039704,2.382180055687326,4.3209239971125095,4.754047643601114,5.341858306692791,19.985562545117048,23.92492523460864,9.291533463957926,6.6824791172527584,21.088996596885636,0.247499226564917
./Eplus-env-08-19_thermostat_rbc_eco_year_2022_case_9_rep_0_zone_9_onoffseed_5_tempseed_42_comforttemp_21_setbacktemp_13_paper2_final_runs_v4-res1,2022,9,0,9,5,42,21,13,0.32999896875322265,1.1653088584098175,1.835619263689801,6.053418583066928,13.69495720325874,18.954315767763223,7.36310199030628,6.6721666494792204,5.970918840878622,5.403733113334021,32.53583582551304,0.020624935547076416
./Eplus-env-08-19_thermostat_rbc_eco_year_2023_case_6_rep_0_zone_9_onoffseed_5_tempseed_42_comforttemp_19_setbacktemp_13_paper2_final_runs_v4-res1,2023,6,0,9,5,42,19,13,0.42281117871506657,10.735278952253275,24.16211199340002,16.613385583170054,5.6409198721254,5.228421161183872,5.249046096730948,5.228421161183872,5.156233886769104,4.609673094771579,16.953697019696815,0.0
./Eplus-env-08-19_thermostat_rbc_eco_year_2022_case_7_rep_0_zone_9_onoffseed_5_tempseed_42_comforttemp_19_setbacktemp_13_paper2_final_runs_v4-res1,2022,7,0,9,5,42,19,13,0.42281117871506657,10.98277817881819,21.109621532432712,16.01526245230484,7.208414973703207,5.104671547901413,5.094359080127875,4.815922450242343,4.393111271527276,4.424048674847891,20.42899865937919,0.0
./Eplus-env-08-19_thermostat_rbc_eco_year_2023_case_13_rep_0_zone_0_onoffseed_15_tempseed_42_comforttemp_20_setbacktemp_13_paper2_final_runs_v4-res1,2023,13,0,0,15,42,20,13,0.247499226564917,1.1756213261833557,2.8668660410436217,10.786841291120965,19.97525007734351,10.920903372176962,6.96091574713829,5.2696710322780245,5.022171805713107,5.3006084355986385,31.391151902650304,0.08249974218830566
./Eplus-env-08-19_thermostat_rbc_eco_year_2022_case_12_rep_0_zone_0_onoffseed_15_tempseed_15_comforttemp_20_setbacktemp_15_paper2_final_runs_v4-res1,2022,12,0,0,15,15,20,15,0.9281220996184386,1.185933793956894,2.6503042177993192,4.599360626998041,5.7337320820872435,6.6412292461586055,18.902753428895537,21.831494276580386,8.157162008868722,6.569041971743839,22.666804166236982,0.1340620810559967
./Eplus-env-08-19_thermostat_rbc_eco_year_2022_case_8_rep_0_zone_0_onoffseed_5_tempseed_30_comforttemp_20_setbacktemp_17_paper2_final_runs_v4-res1,2022,8,0,0,5,30,20,17,0.0,0.0,0.0,0.04124987109415283,8.16747447664226,25.77085696607198,11.890275342889552,7.352789522532742,6.517479632876147,6.104980921934619,34.15489326595854,0.0
./Eplus-env-08-19_thermostat_rbc_eco_year_2023_case_5_rep_0_zone_9_onoffseed_5_tempseed_42_comforttemp_19_setbacktemp_17_paper2_final_runs_v4-res1,2023,5,0,9,5,42,19,17,0.0,0.010312467773538208,16.829947406414355,34.144580798185004,6.723728988346911,5.651232339898938,5.486232855522326,5.506857791069403,5.331545838919253,4.671547901412808,15.64401361245746,0.0
./Eplus-env-08-19_thermostat_rbc_eco_year_2023_case_6_rep_0_zone_0_onoffseed_5_tempseed_15_comforttemp_20_setbacktemp_15_paper2_final_runs_v4-res1,2023,6,0,0,5,15,20,15,0.0,0.0,0.0,0.0,0.010312467773538208,0.41249871094152835,11.529338970815717,47.36516448386099,13.859956687635352,7.1052902959678255,19.717438383005053,0.0
./Eplus-env-08-19_thermostat_rbc_eco_year_2023_case_13_rep_0_zone_9_onoffseed_5_tempseed_42_comforttemp_19_setbacktemp_13_paper2_final_runs_v4-res1,2023,13,0,9,5,42,19,13,0.21656182324430237,5.909044034237393,14.49932968959472,16.520573373208208,7.352789522532742,5.537795194390018,4.754047643601114,4.393111271527276,4.877797256883572,5.06342167680726,30.875528513973393,0.0
./Eplus-env-08-19_thermostat_rbc_eco_year_2022_case_13_rep_0_zone_0_onoffseed_10_tempseed_10_comforttemp_20_setbacktemp_17_paper2_final_runs_v4-res1,2022,13,0,0,10,10,20,17,0.010312467773538208,0.07218727441476745,0.45374858203568114,1.536557698257193,3.1040527998350007,14.076518510879655,23.54336392698773,9.745282045993605,7.466226668041662,5.847169227596163,34.144580798185004,0.0
./Eplus-env-08-19_thermostat_rbc_eco_year_2022_case_13_rep_0_zone_0_onoffseed_10_tempseed_10_comforttemp_20_setbacktemp_13_paper2_final_runs_v4-res1,2022,13,0,0,10,10,20,13,0.030937403320614624,0.1443745488295349,0.4640610498092193,1.392183149427658,2.980303186552542,13.901206558729504,23.759925750232032,9.796844384861297,7.383726925853357,6.1668557285758485,33.938331442714244,0.04124987109415283
./Eplus-env-08-19_thermostat_rbc_eco_year_2023_case_6_rep_0_zone_0_onoffseed_10_tempseed_30_comforttemp_20_setbacktemp_13_paper2_final_runs_v4-res1,2023,6,0,0,10,30,20,13,1.0828091162215119,2.237805506857791,3.9393626894915954,5.7440445498607815,17.4899453439208,24.863359802000616,8.559348252036711,6.6824791172527584,6.373105084046612,4.867484789110034,17.397133133958956,0.7631226152418273
./Eplus-env-08-19_thermostat_rbc_eco_year_2023_case_8_rep_0_zone_0_onoffseed_5_tempseed_10_comforttemp_20_setbacktemp_17_paper2_final_runs_v4-res1,2023,8,0,0,5,10,20,17,0.0,0.0,0.0,0.0,0.010312467773538208,9.446220480560998,31.205527482726612,13.179333814581828,6.775291327214602,6.569041971743839,32.81427245539857,0.0
./Eplus-env-08-19_thermostat_rbc_eco_year_2023_case_9_rep_0_zone_0_onoffseed_10_tempseed_30_comforttemp_20_setbacktemp_13_paper2_final_runs_v4-res1,2023,9,0,0,10,30,20,13,0.04124987109415283,0.17531195215014952,0.6599979375064453,2.237805506857791,9.673094771578839,20.95493451582964,13.87026915540889,8.63153552645148,6.342167680725998,5.527482726616479,31.886150355780142,0.0
./Eplus-env-08-19_thermostat_rbc_eco_year_2023_case_10_rep_0_zone_0_onoffseed_5_tempseed_10_comforttemp_20_setbacktemp_13_paper2_final_runs_v4-res1,2023,10,0,0,5,10,20,13,0.0,0.0,0.0,0.0,0.0,5.950293905331546,45.4779828813035,13.622769928843972,6.950603279364752,6.311230277405383,21.68711972775085,0.0
./Eplus-env-08-19_thermostat_rbc_eco_year_2023_case_10_rep_0_zone_0_onoffseed_5_tempseed_30_comforttemp_20_setbacktemp_17_paper2_final_runs_v4-res1,2023,10,0,0,5,30,20,17,0.0,0.0,0.0,0.0,3.8878003506239045,43.17830256780448,12.560585748169537,6.96091574713829,6.434979890687842,5.847169227596163,21.130246467979788,0.0
./Eplus-env-08-18_thermostat_rbc_eco_year_2023_case_0_rep_0_zone_9_onoffseed_5_tempseed_42_comforttemp_19_setbacktemp_17_paper2_final_runs_v4-res1,2023,0,0,9,5,42,19,17,0.0,0.030937403320614624,16.592760647622974,33.96926884603486,6.434979890687842,5.506857791069403,5.86779416314324,5.651232339898938,5.135608951222028,4.382798803753738,16.427761163246366,0.0
./Eplus-env-08-19_thermostat_rbc_eco_year_2023_case_2_rep_0_zone_0_onoffseed_5_tempseed_30_comforttemp_20_setbacktemp_13_paper2_final_runs_v4-res1,2023,2,0,0,5,30,20,13,0.0,0.0,0.0,0.19593688769722595,8.734660204186861,41.89955656388574,12.075899762813242,6.929978343817676,6.393730019593689,5.2799835000515625,18.49025471795401,0.0
./Eplus-env-08-19_thermostat_rbc_eco_year_2022_case_1_rep_0_zone_9_onoffseed_5_tempseed_42_comforttemp_21_setbacktemp_17_paper2_final_runs_v4-res1,2022,1,0,9,5,42,21,17,0.0,0.0,0.0,6.012168711972775,33.041146746416416,19.95462514179643,6.661854181705682,5.486232855522326,4.743735175827576,5.228421161183872,18.87181602557492,0.0
./Eplus-env-08-19_thermostat_rbc_eco_year_2023_case_2_rep_0_zone_0_onoffseed_10_tempseed_42_comforttemp_20_setbacktemp_13_paper2_final_runs_v4-res1,2023,2,0,0,10,42,20,13,1.9284314736516448,3.3103021553057643,5.094359080127875,16.891822213055583,23.749613282458494,8.074662266680416,6.15654326080231,6.053418583066928,5.424358048881097,4.619985562545117,17.428070537279574,1.2684335361451995
./Eplus-env-08-19_thermostat_rbc_eco_year_2022_case_5_rep_0_zone_0_onoffseed_10_tempseed_42_comforttemp_20_setbacktemp_15_paper2_final_runs_v4-res1,2022,5,0,0,10,42,20,15,2.9493657832319276,3.671238527379602,4.011549963906362,15.045890481592245,25.14179643188615,8.683097865319171,5.671857275446015,5.527482726616479,4.454986078168506,5.218108693410333,19.27400226874291,0.35062390430029905
./Eplus-env-08-19_thermostat_rbc_eco_year_2022_case_6_rep_0_zone_0_onoffseed_10_tempseed_15_comforttemp_20_setbacktemp_13_paper2_final_runs_v4-res1,2022,6,0,0,10,15,20,13,0.3918737753944519,0.938434567391977,1.9490564091987213,3.9909250283592863,4.578735691450964,5.2799835000515625,19.583376301949055,25.244921109621533,8.7449726719604,6.053418583066928,22.501804681860367,0.742497679694751
./Eplus-env-08-19_thermostat_rbc_eco_year_2022_case_6_rep_0_zone_0_onoffseed_15_tempseed_42_comforttemp_20_setbacktemp_13_paper2_final_runs_v4-res1,2022,6,0,0,15,42,20,13,2.825616169949469,4.207486851603589,5.486232855522326,14.43745488295349,19.665876044137363,8.734660204186861,5.970918840878622,5.7543570176343195,4.949984531298339,5.197483757863257,20.42899865937919,2.340930184593173
./Eplus-env-08-19_thermostat_rbc_eco_year_2022_case_6_rep_0_zone_0_onoffseed_15_tempseed_42_comforttemp_20_setbacktemp_15_paper2_final_runs_v4-res1,2022,6,0,0,15,42,20,15,3.4031143652676086,4.815922450242343,5.857481695369702,15.509951531401464,19.892750335155203,8.363411364339486,5.764669485407858,5.455295452201712,4.7952975146952665,4.702485304733423,20.738372692585337,0.7012478086005981
./Eplus-env-08-19_thermostat_rbc_eco_year_2022_case_14_rep_0_zone_0_onoffseed_10_tempseed_42_comforttemp_20_setbacktemp_17_paper2_final_runs_v4-res1,2022,14,0,0,10,42,20,17,0.010312467773538208,0.17531195215014952,1.794369392595648,7.290914715891512,17.366195730638342,12.467773538207695,7.703413426833042,6.517479632876147,6.280292874084768,6.249355470764153,34.144580798185004,0.0
./Eplus-env-08-19_thermostat_rbc_eco_year_2023_case_14_rep_0_zone_0_onoffseed_10_tempseed_30_comforttemp_20_setbacktemp_17_paper2_final_runs_v4-res1,2023,14,0,0,10,30,20,17,0.0,0.030937403320614624,0.6393730019593689,1.9284314736516448,9.642157368258223,20.83118490254718,14.416829947406415,8.353098896565948,6.373105084046612,6.001856244199237,31.78302567804476,0.0
./Eplus-env-08-18_thermostat_rbc_eco_year_2023_case_0_rep_0_zone_9_onoffseed_5_tempseed_42_comforttemp_20_setbacktemp_13_paper2_final_runs_v4-res1,2023,0,0,9,5,42,20,13,0.0,2.4028049912344023,14.416829947406415,23.667113540270186,16.592760647622974,6.434979890687842,5.475920387748788,5.7440445498607815,5.084046612354336,4.547798288130349,15.633701144683924,0.0
./Eplus-env-08-19_thermostat_rbc_eco_year_2023_case_14_rep_0_zone_0_onoffseed_10_tempseed_10_comforttemp_20_setbacktemp_13_paper2_final_runs_v4-res1,2023,14,0,0,10,10,20,13,0.030937403320614624,0.07218727441476745,0.23718675879137877,0.897184696297824,2.691554088893472,10.766216355573889,24.56429823656801,13.550582654429205,7.507476539135816,6.15654326080231,33.52583273177272,0.0
./Eplus-env-08-19_thermostat_rbc_eco_year_2022_case_14_rep_0_zone_9_onoffseed_5_tempseed_42_comforttemp_20_setbacktemp_13_paper2_final_runs_v4-res1,2022,14,0,9,5,42,20,13,0.2887490976590698,1.49530782716304,5.084046612354336,12.096524698360318,16.438073631019904,7.940600185624421,5.919356502010931,6.538104568423224,5.7440445498607815,5.589357533257709,32.834897390945656,0.030937403320614624
./Eplus-env-08-19_thermostat_rbc_eco_year_2022_case_7_rep_0_zone_9_onoffseed_5_tempseed_42_comforttemp_21_setbacktemp_13_paper2_final_runs_v4-res1,2022,7,0,9,5,42,21,13,0.0,0.07218727441476745,1.340620810559967,4.475611013715582,12.72558523254615,23.6980509435908,19.593688769722593,7.569351345777045,4.764360111374652,5.3006084355986385,20.459936062699803,0.0
./Eplus-env-08-19_thermostat_rbc_eco_year_2022_case_9_rep_0_zone_0_onoffseed_15_tempseed_42_comforttemp_20_setbacktemp_13_paper2_final_runs_v4-res1,2022,9,0,0,15,42,20,13,0.27843662988553164,0.7218727441476745,2.2171805713107147,7.074352892647211,16.3555738888316,12.447148602660617,7.198102505929669,6.857791069402907,6.455604826234918,6.373105084046612,33.90739403939363,0.11343714550892028
./Eplus-env-08-19_thermostat_rbc_eco_year_2022_case_10_rep_0_zone_0_onoffseed_5_tempseed_10_comforttemp_20_setbacktemp_15_paper2_final_runs_v4-res1,2022,10,0,0,5,10,20,15,0.0,0.0,0.0,0.0,0.0,6.496854697329072,44.147674538517066,12.096524698360318,6.465917294008457,6.084355986387543,24.708672785397546,0.0
./Eplus-env-08-19_thermostat_rbc_eco_year_2023_case_10_rep_0_zone_9_onoffseed_5_tempseed_42_comforttemp_20_setbacktemp_17_paper2_final_runs_v4-res1,2023,10,0,9,5,42,20,17,0.0,0.0,0.18562441992368775,27.55491389089409,24.254924203361863,6.538104568423224,5.23873362895741,5.145921418995566,5.661544807672476,5.46560791997525,19.95462514179643,0.0
./Eplus-env-08-19_thermostat_rbc_eco_year_2022_case_9_rep_0_zone_9_onoffseed_5_tempseed_42_comforttemp_19_setbacktemp_13_paper2_final_runs_v4-res1,2022,9,0,9,5,42,19,13,0.5568732597710633,4.238424254924204,11.395276889759721,14.49932968959472,8.16747447664226,6.476229761781995,5.114984015674951,6.022481179746313,5.857481695369702,5.970918840878622,31.6592760647623,0.04124987109415283
./Eplus-env-08-19_thermostat_rbc_eco_year_2023_case_1_rep_0_zone_0_onoffseed_10_tempseed_15_comforttemp_20_setbacktemp_17_paper2_final_runs_v4-res1,2023,1,0,0,10,15,20,17,0.0,0.45374858203568114,2.9184283799113127,4.207486851603589,4.465298545942044,4.8365473857894195,24.028049912344024,24.657110446529853,9.477157883881612,6.465917294008457,18.49025471795401,0.0
./Eplus-env-08-19_thermostat_rbc_eco_year_2023_case_1_rep_0_zone_0_onoffseed_5_tempseed_42_comforttemp_20_setbacktemp_15_paper2_final_runs_v4-res1,2023,1,0,0,5,42,20,15,0.0,0.0,0.0,6.620604310611529,40.90955965762607,11.199340002062494,7.290914715891512,6.5999793750644535,5.620294936578323,5.352170774466329,16.407136227699286,0.0
./Eplus-env-08-19_thermostat_rbc_eco_year_2023_case_1_rep_0_zone_9_onoffseed_5_tempseed_42_comforttemp_21_setbacktemp_13_paper2_final_runs_v4-res1,2023,1,0,9,5,42,21,13,0.0,0.08249974218830566,3.1556151387026916,8.239661751057028,16.087449726719605,18.273692894709704,17.974631329277095,8.507785913169021,5.579045065484171,4.949984531298339,17.14963390739404,0.0
./Eplus-env-08-19_thermostat_rbc_eco_year_2022_case_1_rep_0_zone_0_onoffseed_15_tempseed_10_comforttemp_20_setbacktemp_15_paper2_final_runs_v4-res1,2022,1,0,0,15,10,20,15,1.5984325048984223,2.6399917500257812,4.104362173868207,5.176858822316181,6.754666391667525,18.74806641229246,20.42899865937919,8.11591213777457,6.135918325255234,5.2902959678251005,20.666185418170567,0.3403114365267609
./Eplus-env-08-19_thermostat_rbc_eco_year_2023_case_2_rep_0_zone_0_onoffseed_15_tempseed_15_comforttemp_20_setbacktemp_15_paper2_final_runs_v4-res1,2023,2,0,0,15,15,20,15,0.5568732597710633,1.3303083427864288,3.0112405898731565,5.46560791997525,6.620604310611529,7.043415489326596,19.33587707538414,20.71774775703826,9.528720222749303,6.1874806641229245,20.181499432814274,0.020624935547076416
./Eplus-env-08-19_thermostat_rbc_eco_year_2023_case_4_rep_0_zone_9_onoffseed_5_tempseed_42_comforttemp_19_setbacktemp_13_paper2_final_runs_v4-res1,2023,4,0,9,5,42,19,13,0.5671857275446014,4.815922450242343,12.632773022584304,16.592760647622974,8.992471898525316,6.125605857481696,5.878106630916778,4.8056099824688046,4.970609466845416,5.2902959678251005,29.318345880169122,0.010312467773538208
./Eplus-env-08-19_thermostat_rbc_eco_year_2023_case_2_rep_0_zone_0_onoffseed_5_tempseed_30_comforttemp_20_setbacktemp_17_paper2_final_runs_v4-res1,2023,2,0,0,5,30,20,17,0.0,0.0,0.0,0.020624935547076416,8.064349798906878,42.62142930803341,12.065587295039704,7.13622769928844,7.053727957100134,5.46560791997525,17.572445086109106,0.0
./Eplus-env-08-19_thermostat_rbc_eco_year_2022_case_2_rep_0_zone_9_onoffseed_5_tempseed_42_comforttemp_19_setbacktemp_17_paper2_final_runs_v4-res1,2022,2,0,9,5,42,19,17,0.0,0.06187480664122925,16.39682375992575,31.050840466123542,7.9715375889450355,5.2902959678251005,5.2799835000515625,5.424358048881097,4.300299061565433,4.712797772506961,19.51118902753429,0.0
./Eplus-env-08-19_thermostat_rbc_eco_year_2023_case_3_rep_0_zone_0_onoffseed_10_tempseed_15_comforttemp_20_setbacktemp_17_paper2_final_runs_v4-res1,2023,3,0,0,10,15,20,17,0.0,0.010312467773538208,0.3712488398473755,0.897184696297824,2.330617716819635,4.589048159224503,21.955243889862842,21.62524492110962,8.414973703207178,6.929978343817676,32.87614726203981,0.0
./Eplus-env-08-19_thermostat_rbc_eco_year_2023_case_3_rep_0_zone_0_onoffseed_10_tempseed_10_comforttemp_20_setbacktemp_15_paper2_final_runs_v4-res1,2023,3,0,0,10,10,20,15,0.020624935547076416,0.18562441992368775,0.6393730019593689,1.835619263689801,4.475611013715582,19.222439929875218,21.604619985562547,8.724347736413323,6.104980921934619,6.32154274517892,30.865216046199855,0.0
./Eplus-env-08-19_thermostat_rbc_eco_year_2023_case_3_rep_0_zone_0_onoffseed_15_tempseed_10_comforttemp_20_setbacktemp_15_paper2_final_runs_v4-res1,2023,3,0,0,15,10,20,15,0.04124987109415283,0.3712488398473755,1.000309374033206,2.5162421367433225,5.6409198721254,18.211818088068473,19.73806331855213,8.652160461998557,5.919356502010931,5.826544292049087,32.08208724347736,0.0
./Eplus-env-08-19_thermostat_rbc_eco_year_2022_case_6_rep_0_zone_9_onoffseed_5_tempseed_42_comforttemp_21_setbacktemp_13_paper2_final_runs_v4-res1,2022,6,0,9,5,42,21,13,0.0,0.1340620810559967,4.516860884809735,13.303083427864287,23.326802103743425,17.417758069506036,6.33185521295246,5.7543570176343195,4.764360111374652,5.104671547901413,19.346189543157678,0.0
./Eplus-env-08-19_thermostat_rbc_eco_year_2022_case_6_rep_0_zone_0_onoffseed_10_tempseed_10_comforttemp_20_setbacktemp_15_paper2_final_runs_v4-res1,2022,6,0,0,10,10,20,15,0.9074971640713623,1.794369392595648,2.815303702175931,3.980612560585748,4.867484789110034,19.23275239764876,24.57461070434155,8.7449726719604,5.970918840878622,5.362483242239868,21.47055790450655,0.27843662988553164
./Eplus-env-08-19_thermostat_rbc_eco_year_2022_case_9_rep_0_zone_0_onoffseed_15_tempseed_10_comforttemp_20_setbacktemp_17_paper2_final_runs_v4-res1,2022,9,0,0,15,10,20,17,0.0,0.04124987109415283,0.3609363720738373,1.0724966484479737,2.6606166855728577,5.692482210993091,22.357430133030835,15.561513870269156,9.404970609466845,7.218727441476745,35.629576157574505,0.0
./Eplus-env-08-19_thermostat_rbc_eco_year_2022_case_9_rep_0_zone_9_onoffseed_5_tempseed_42_comforttemp_20_setbacktemp_17_paper2_final_runs_v4-res1,2022,9,0,9,5,42,20,17,0.0,0.0,0.030937403320614624,7.198102505929669,25.678044756110136,9.508095287202227,6.063731050840466,6.300917809631845,5.847169227596163,5.692482210993091,33.68051974837579,0.0
./Eplus-env-08-19_thermostat_rbc_eco_year_2023_case_14_rep_0_zone_9_onoffseed_5_tempseed_42_comforttemp_20_setbacktemp_17_paper2_final_runs_v4-res1,2023,14,0,9,5,42,20,17,0.0,0.0,0.19593688769722595,19.005878106630917,18.335567701350932,8.51809838094256,7.1052902959678255,5.537795194390018,4.970609466845416,5.506857791069403,30.823966175105706,0.0
./Eplus-env-08-19_thermostat_rbc_eco_year_2023_case_8_rep_0_zone_0_onoffseed_5_tempseed_15_comforttemp_20_setbacktemp_17_paper2_final_runs_v4-res1,2023,8,0,0,5,15,20,17,0.0,0.0,0.0,0.0,0.0,0.030937403320614624,12.26152418273693,34.1961431370527,11.519026503042177,7.682788491285965,34.30958028256162,0.0
./Eplus-env-08-19_thermostat_rbc_eco_year_2022_case_9_rep_0_zone_0_onoffseed_10_tempseed_15_comforttemp_20_setbacktemp_15_paper2_final_runs_v4-res1,2022,9,0,0,10,15,20,15,0.07218727441476745,0.08249974218830566,0.22687429101784057,0.5053109209033722,1.8665566670104154,3.9187377539445194,11.147777663194802,25.348045787356916,11.539651438589255,8.002474992265649,37.26925853356708,0.020624935547076416
./Eplus-env-08-19_thermostat_rbc_eco_year_2022_case_4_rep_0_zone_0_onoffseed_15_tempseed_42_comforttemp_20_setbacktemp_13_paper2_final_runs_v4-res1,2022,4,0,0,15,42,20,13,0.2681241621119934,1.0209343095802825,3.217489945343921,9.49778281942869,15.778075693513458,12.72558523254615,6.775291327214602,6.1668557285758485,6.465917294008457,6.486542229555532,31.33958956378261,0.2578116943384552
./Eplus-env-08-19_thermostat_rbc_eco_year_2023_case_12_rep_0_zone_0_onoffseed_10_tempseed_30_comforttemp_20_setbacktemp_15_paper2_final_runs_v4-res1,2023,12,0,0,10,30,20,15,1.2065587295039704,2.6399917500257812,4.114674641641745,5.341858306692791,17.8405692482211,24.34773641332371,8.724347736413323,6.476229761781995,5.7131071465401675,4.970609466845416,18.531504589048158,0.09281220996184388
./Eplus-env-08-19_thermostat_rbc_eco_year_2023_case_13_rep_0_zone_0_onoffseed_10_tempseed_10_comforttemp_20_setbacktemp_15_paper2_final_runs_v4-res1,2023,13,0,0,10,10,20,15,0.020624935547076416,0.1340620810559967,0.41249871094152835,1.247808600598123,3.5371764463236053,14.777766319480252,26.162730741466433,9.353408270599155,6.744353923893988,5.785294420954934,31.824275549138907,0.0
./Eplus-env-08-19_thermostat_rbc_eco_year_2023_case_13_rep_0_zone_0_onoffseed_10_tempseed_15_comforttemp_20_setbacktemp_15_paper2_final_runs_v4-res1,2023,13,0,0,10,15,20,15,0.0,0.07218727441476745,0.1546870166030731,0.42281117871506657,2.0109312158399506,4.08373723832113,14.96339073940394,28.565535732700837,8.961534495204702,6.703104052799835,34.0620810559967,0.0
./Eplus-env-08-19_thermostat_rbc_eco_year_2022_case_7_rep_0_zone_9_onoffseed_5_tempseed_42_comforttemp_19_setbacktemp_17_paper2_final_runs_v4-res1,2022,7,0,9,5,42,19,17,0.0,0.11343714550892028,16.68557285758482,30.43209239971125,7.950912653397959,5.352170774466329,5.383108177786944,5.114984015674951,4.145612044962359,4.619985562545117,20.20212436836135,0.0
./Eplus-env-08-19_thermostat_rbc_eco_year_2022_case_1_rep_0_zone_9_onoffseed_5_tempseed_42_comforttemp_18_setbacktemp_17_paper2_final_runs_v4-res1,2022,1,0,9,5,42,18,17,0.0,4.578735691450964,36.5989481282871,9.002784366298854,6.476229761781995,5.032484273486645,4.877797256883572,4.8262349180158814,4.3415489326595855,4.599360626998041,19.665876044137363,0.0
./Eplus-env-08-19_thermostat_rbc_eco_year_2023_case_1_rep_0_zone_9_onoffseed_5_tempseed_42_comforttemp_18_setbacktemp_17_paper2_final_runs_v4-res1,2023,1,0,9,5,42,18,17,0.0,4.155924512735898,40.136124574610704,7.435289264721049,5.7337320820872435,4.8468598535629575,5.609982468804785,5.805919356502011,5.362483242239868,4.88810972465711,16.025574920078377,0.0
./Eplus-env-08-19_thermostat_rbc_eco_year_2023_case_1_rep_0_zone_9_onoffseed_5_tempseed_42_comforttemp_19_setbacktemp_13_paper2_final_runs_v4-res1,2023,1,0,9,5,42,19,13,0.5259358564504486,11.415901825306795,24.028049912344024,16.38651129215221,5.620294936578323,5.414045581107559,5.444982984428174,5.795606888728472,4.980921934618954,4.506548417036197,15.881200371248841,0.0
./Eplus-env-08-19_thermostat_rbc_eco_year_2023_case_9_rep_0_zone_0_onoffseed_15_tempseed_42_comforttemp_20_setbacktemp_15_paper2_final_runs_v4-res1,2023,9,0,0,15,42,20,15,0.1443745488295349,0.5774981953181396,2.1862431679901,8.280911622151182,16.438073631019904,13.086521604619985,9.580282561616995,6.826853666082293,5.7234196143137055,5.970918840878622,31.18490254717954,0.0
./Eplus-env-08-19_thermostat_rbc_eco_year_2022_case_9_rep_0_zone_0_onoffseed_5_tempseed_15_comforttemp_20_setbacktemp_15_paper2_final_runs_v4-res1,2022,9,0,0,5,15,20,15,0.0,0.0,0.0,0.0,0.010312467773538208,0.1546870166030731,7.311539651438589,30.349592657522944,14.932453336083324,8.549035784263175,38.692379086315356,0.0
./Eplus-env-08-19_thermostat_rbc_eco_year_2022_case_8_rep_0_zone_0_onoffseed_5_tempseed_42_comforttemp_20_setbacktemp_17_paper2_final_runs_v4-res1,2022,8,0,0,5,42,20,17,0.0,0.0,0.020624935547076416,5.960606373105084,23.17211508714035,13.375270702279055,7.383726925853357,6.311230277405383,5.3006084355986385,4.991234402392492,33.48458286067856,0.0
./Eplus-env-08-19_thermostat_rbc_eco_year_2022_case_4_rep_0_zone_0_onoffseed_5_tempseed_42_comforttemp_20_setbacktemp_15_paper2_final_runs_v4-res1,2022,4,0,0,5,42,20,15,0.0,0.0,0.09281220996184388,5.187171290089719,18.263380426936166,17.005259358564505,8.198411879962874,6.5587295039703,6.434979890687842,6.290605341858306,31.968650097968442,0.0
./Eplus-env-08-19_thermostat_rbc_eco_year_2023_case_3_rep_0_zone_0_onoffseed_5_tempseed_42_comforttemp_20_setbacktemp_17_paper2_final_runs_v4-res1,2023,3,0,0,5,42,20,17,0.0,0.0,0.09281220996184388,7.662163555738887,23.4814891203465,14.220893059709189,7.9715375889450355,5.156233886769104,5.599670001031247,5.795606888728472,30.019593688769724,0.0
./Eplus-env-08-19_thermostat_rbc_eco_year_2022_case_2_rep_0_zone_9_onoffseed_5_tempseed_42_comforttemp_19_setbacktemp_13_paper2_final_runs_v4-res1,2022,2,0,9,5,42,19,13,0.8456223574301331,11.591213777456945,21.52212024337424,15.860575435701762,6.775291327214602,5.125296483448489,4.650922965865732,5.032484273486645,4.310611529338971,4.640610498092194,19.645251108590287,0.0
./Eplus-env-08-19_thermostat_rbc_eco_year_2023_case_7_rep_0_zone_0_onoffseed_15_tempseed_10_comforttemp_20_setbacktemp_17_paper2_final_runs_v4-res1,2023,7,0,0,15,10,20,17,0.0,1.09312158399505,5.909044034237393,6.496854697329072,6.6102918428379915,19.201814994328142,20.367123852737958,9.312158399505002,6.32154274517892,5.424358048881097,19.26368980096937,0.0
./Eplus-env-08-19_thermostat_rbc_eco_year_2022_case_3_rep_0_zone_0_onoffseed_15_tempseed_30_comforttemp_20_setbacktemp_17_paper2_final_runs_v4-res1,2022,3,0,0,15,30,20,17,0.010312467773538208,0.5156233886769104,2.1759307002165618,4.434361142621429,16.004949984531297,16.72682272867897,8.703722800866247,6.826853666082293,6.6102918428379915,5.816231824275549,32.17489945343921,0.0
./Eplus-env-08-19_thermostat_rbc_eco_year_2022_case_10_rep_0_zone_0_onoffseed_15_tempseed_10_comforttemp_20_setbacktemp_17_paper2_final_runs_v4-res1,2022,10,0,0,15,10,20,17,0.0,1.103434051768588,5.2696710322780245,5.094359080127875,5.310920903372177,16.27307414664329,22.2130555842013,8.57997318758379,6.434979890687842,5.929668969784469,23.790863153552642,0.0
./Eplus-env-08-19_thermostat_rbc_eco_year_2023_case_10_rep_0_zone_0_onoffseed_5_tempseed_10_comforttemp_20_setbacktemp_17_paper2_final_runs_v4-res1,2023,10,0,0,5,10,20,17,0.0,0.0,0.0,0.0,0.0,5.589357533257709,46.72579148190162,12.581210683716613,7.064040424873673,6.455604826234918,21.58399505001547,0.0
./Eplus-env-08-19_thermostat_rbc_eco_year_2022_case_3_rep_0_zone_0_onoffseed_5_tempseed_15_comforttemp_20_setbacktemp_17_paper2_final_runs_v4-res1,2022,3,0,0,5,15,20,17,0.0,0.0,0.0,0.0,0.010312467773538208,0.42281117871506657,16.01526245230484,28.101474682891613,12.044962359492626,7.476539135815201,35.928637723007114,0.0
./Eplus-env-08-19_thermostat_rbc_eco_year_2023_case_3_rep_0_zone_0_onoffseed_5_tempseed_10_comforttemp_20_setbacktemp_15_paper2_final_runs_v4-res1,2023,3,0,0,5,10,20,15,0.0,0.0,0.0,0.0,0.3093740332061462,14.055893575332576,28.23553676394761,11.446839228627411,6.919665876044137,6.44529235846138,32.58739816438074,0.0
./Eplus-env-08-19_thermostat_rbc_eco_year_2022_case_4_rep_0_zone_0_onoffseed_10_tempseed_15_comforttemp_20_setbacktemp_13_paper2_final_runs_v4-res1,2022,4,0,0,10,15,20,13,0.08249974218830566,0.07218727441476745,0.2578116943384552,0.8662472929772095,1.9284314736516448,4.393111271527276,16.087449726719605,22.594616891822213,10.539342064556049,7.827163040115499,35.28926472104775,0.06187480664122925
./Eplus-env-08-19_thermostat_rbc_eco_year_2023_case_4_rep_0_zone_0_onoffseed_5_tempseed_10_comforttemp_20_setbacktemp_13_paper2_final_runs_v4-res1,2023,4,0,0,5,10,20,13,0.0,0.0,0.0,0.0,0.04124987109415283,9.600907497164071,26.925853356708263,16.304011549963906,8.219036815509952,6.857791069402907,32.051149840156754,0.0
./Eplus-env-08-19_thermostat_rbc_eco_year_2023_case_13_rep_0_zone_0_onoffseed_15_tempseed_15_comforttemp_20_setbacktemp_15_paper2_final_runs_v4-res1,2023,13,0,0,15,15,20,15,0.010312467773538208,0.08249974218830566,0.48468598535629576,0.897184696297824,2.784366298855316,5.764669485407858,15.210889965968857,25.801794369392596,9.085284108487162,6.661854181705682,33.21645869856656,0.0
./Eplus-env-08-19_thermostat_rbc_eco_year_2023_case_13_rep_0_zone_0_onoffseed_10_tempseed_42_comforttemp_20_setbacktemp_15_paper2_final_runs_v4-res1,2023,13,0,0,10,42,20,15,0.1546870166030731,0.7940600185624419,2.1656182324430238,11.261214808703723,21.831494276580386,10.673404145612045,6.868103537176447,5.125296483448489,5.218108693410333,5.599670001031247,30.308342786428792,0.0
./Eplus-env-08-19_thermostat_rbc_eco_year_2023_case_13_rep_0_zone_0_onoffseed_5_tempseed_30_comforttemp_20_setbacktemp_15_paper2_final_runs_v4-res1,2023,13,0,0,5,30,20,15,0.0,0.0,0.0,0.04124987109415283,8.023099927812725,28.328348973909456,13.57120758997628,7.290914715891512,5.950293905331546,5.579045065484171,31.215839950500158,0.0
./Eplus-env-08-19_thermostat_rbc_eco_year_2022_case_8_rep_0_zone_0_onoffseed_10_tempseed_30_comforttemp_20_setbacktemp_15_paper2_final_runs_v4-res1,2022,8,0,0,10,30,20,15,0.1443745488295349,0.3609363720738373,1.185933793956894,2.536867072290399,11.941837681757244,21.52212024337424,9.539032690522841,7.311539651438589,6.352480148499535,5.414045581107559,33.65989481282871,0.030937403320614624
./Eplus-env-08-19_thermostat_rbc_eco_year_2023_case_9_rep_0_zone_0_onoffseed_10_tempseed_15_comforttemp_20_setbacktemp_17_paper2_final_runs_v4-res1,2023,9,0,0,10,15,20,17,0.0,0.0,0.18562441992368775,0.45374858203568114,1.247808600598123,3.4959265752294524,12.395586263792925,27.400226874291018,12.550273280395999,7.36310199030628,34.90770341342683,0.0
./Eplus-env-08-19_thermostat_rbc_eco_year_2022_case_7_rep_0_zone_0_onoffseed_5_tempseed_42_comforttemp_20_setbacktemp_13_paper2_final_runs_v4-res1,2022,7,0,0,5,42,20,13,0.0,0.0,0.020624935547076416,6.723728988346911,36.609260596060636,12.405898731566465,6.764978859441065,5.836856759822625,5.053109209033722,5.053109209033722,21.532432711147777,0.0
./Eplus-env-08-19_thermostat_rbc_eco_year_2022_case_7_rep_0_zone_0_onoffseed_5_tempseed_10_comforttemp_20_setbacktemp_13_paper2_final_runs_v4-res1,2022,7,0,0,5,10,20,13,0.0,0.0,0.010312467773538208,0.020624935547076416,0.21656182324430237,9.704032174899453,41.49737032071775,12.302774053831083,7.0331030215530586,6.228730535217077,22.986490667216664,0.0
./Eplus-env-08-19_thermostat_rbc_eco_year_2023_case_12_rep_0_zone_0_onoffseed_5_tempseed_15_comforttemp_20_setbacktemp_17_paper2_final_runs_v4-res1,2023,12,0,0,5,15,20,17,0.0,0.0,0.0,0.0,0.0,0.07218727441476745,11.73558832628648,46.4782922553367,13.375270702279055,7.064040424873673,21.274621016809323,0.0
./Eplus-env-08-19_thermostat_rbc_eco_year_2023_case_12_rep_0_zone_0_onoffseed_5_tempseed_30_comforttemp_20_setbacktemp_15_paper2_final_runs_v4-res1,2023,12,0,0,5,30,20,15,0.0,0.0,0.0,0.06187480664122925,8.291224089924718,41.43549551407652,12.509023409301845,7.177477570382592,6.527792100649686,5.218108693410333,18.779003815613077,0.0
./Eplus-env-08-19_thermostat_rbc_eco_year_2022_case_7_rep_0_zone_9_onoffseed_5_tempseed_42_comforttemp_20_setbacktemp_17_paper2_final_runs_v4-res1,2022,7,0,9,5,42,20,17,0.0,0.0,1.2065587295039704,28.441786119418378,22.68742910178406,7.18779003815613,5.218108693410333,5.156233886769104,4.527173352583273,4.681860369186346,20.893059709188407,0.0
./Eplus-env-08-19_thermostat_rbc_eco_year_2022_case_7_rep_0_zone_9_onoffseed_5_tempseed_42_comforttemp_21_setbacktemp_17_paper2_final_runs_v4-res1,2022,7,0,9,5,42,21,17,0.0,0.0,0.010312467773538208,5.486232855522326,32.597710632154275,19.139940187686914,6.1668557285758485,5.888419098690316,4.8571723213364955,4.970609466845416,20.88274724141487,0.0
./Eplus-env-08-19_thermostat_rbc_eco_year_2023_case_9_rep_0_zone_0_onoffseed_15_tempseed_15_comforttemp_20_setbacktemp_15_paper2_final_runs_v4-res1,2023,9,0,0,15,15,20,15,0.020624935547076416,0.09281220996184388,0.3093740332061462,0.6496854697329071,1.9284314736516448,5.682169743219553,12.03464989171909,25.399608126224603,12.189336908322161,7.404351861400434,34.288955347014536,0.0
./Eplus-env-08-19_thermostat_rbc_eco_year_2023_case_8_rep_0_zone_0_onoffseed_15_tempseed_10_comforttemp_20_setbacktemp_17_paper2_final_runs_v4-res1,2023,8,0,0,15,10,20,17,0.0,0.06187480664122925,0.6703104052799835,2.196555635763638,5.166546354542642,13.839331752088274,23.914612766835102,9.167783850675466,6.569041971743839,5.98123130865216,32.43271114777767,0.0
./Eplus-env-08-19_thermostat_rbc_eco_year_2023_case_14_rep_0_zone_0_onoffseed_15_tempseed_10_comforttemp_20_setbacktemp_17_paper2_final_runs_v4-res1,2023,14,0,0,15,10,20,17,0.0,0.020624935547076416,0.5156233886769104,1.4334330205218109,4.434361142621429,10.99309064659173,22.934928328348974,13.06589666907291,7.816850572341962,6.1771681963493865,32.60802309992781,0.0
./Eplus-env-08-19_thermostat_rbc_eco_year_2022_case_10_rep_0_zone_9_onoffseed_5_tempseed_42_comforttemp_20_setbacktemp_17_paper2_final_runs_v4-res1,2022,10,0,9,5,42,20,17,0.0,0.0,0.2578116943384552,24.93554707641539,24.749922656491698,7.383726925853357,5.053109209033722,4.754047643601114,4.135299577188821,5.403733113334021,23.326802103743425,0.0
./Eplus-env-08-18_thermostat_rbc_eco_year_2023_case_0_rep_0_zone_0_onoffseed_5_tempseed_10_comforttemp_20_setbacktemp_15_paper2_final_runs_v4-res1,2023,0,0,0,5,10,20,15,0.0,0.0,0.0,0.0,0.1443745488295349,10.250592966896978,45.591420026812415,13.488707847787976,7.672476023512427,5.816231824275549,17.03619676188512,0.0
./Eplus-env-08-18_thermostat_rbc_eco_year_2022_case_0_rep_0_zone_0_onoffseed_5_tempseed_15_comforttemp_20_setbacktemp_15_paper2_final_runs_v4-res1,2022,0,0,0,5,15,20,15,0.0,0.0,0.0,0.0,0.0,0.29906156543260803,12.055274827266164,45.9111065277921,12.374961328245849,7.435289264721049,21.924306486542232,0.0
./Eplus-env-08-19_thermostat_rbc_eco_year_2022_case_12_rep_0_zone_9_onoffseed_5_tempseed_42_comforttemp_18_setbacktemp_15_paper2_final_runs_v4-res1,2022,12,0,9,5,42,18,15,0.5774981953181396,21.924306486542232,20.490873466020417,7.5487264102299685,5.537795194390018,4.867484789110034,4.681860369186346,4.908734660204187,4.48592348148912,4.908734660204187,20.068062287305352,0.0
./Eplus-env-08-19_thermostat_rbc_eco_year_2022_case_5_rep_0_zone_0_onoffseed_15_tempseed_10_comforttemp_20_setbacktemp_13_paper2_final_runs_v4-res1,2022,5,0,0,15,10,20,13,1.103434051768588,2.3924925234608643,4.671547901412808,5.434670516654635,6.476229761781995,17.438383005053108,20.624935547076415,8.92028462411055,5.919356502010931,5.496545323295865,20.31556151387027,1.2065587295039704
./Eplus-env-08-19_thermostat_rbc_eco_year_2023_case_11_rep_0_zone_9_onoffseed_5_tempseed_42_comforttemp_21_setbacktemp_15_paper2_final_runs_v4-res1,2023,11,0,9,5,42,21,15,0.0,0.0,0.546560791997525,11.869650407342478,24.615860575435704,22.171805713107144,8.023099927812725,5.929668969784469,5.145921418995566,4.3209239971125095,17.37650819841188,0.0
./Eplus-env-08-19_thermostat_rbc_eco_year_2023_case_11_rep_0_zone_9_onoffseed_5_tempseed_42_comforttemp_19_setbacktemp_15_paper2_final_runs_v4-res1,2023,11,0,9,5,42,19,15,0.0,3.248427348664536,29.45240796122512,18.407754975765698,5.888419098690316,5.207796225636795,5.517170258842941,5.589357533257709,5.084046612354336,4.877797256883572,16.72682272867897,0.0
./Eplus-env-08-19_thermostat_rbc_eco_year_2023_case_7_rep_0_zone_9_onoffseed_5_tempseed_42_comforttemp_21_setbacktemp_17_paper2_final_runs_v4-res1,2023,7,0,9,5,42,21,17,0.0,0.0,0.0,5.764669485407858,35.41301433433021,18.088068474786017,6.486542229555532,5.661544807672476,5.414045581107559,5.176858822316181,17.99525626482417,0.0
./Eplus-env-08-18_thermostat_rbc_eco_year_2023_case_0_rep_0_zone_0_onoffseed_15_tempseed_10_comforttemp_20_setbacktemp_15_paper2_final_runs_v4-res1,2023,0,0,0,15,10,20,15,1.7531195215014954,3.0009281220996185,4.671547901412808,6.125605857481696,7.301227183665052,19.016190574404455,20.42899865937919,9.002784366298854,6.496854697329072,5.548107662163556,16.479323502114056,0.17531195215014952
./Eplus-env-08-19_thermostat_rbc_eco_year_2022_case_14_rep_0_zone_0_onoffseed_5_tempseed_42_comforttemp_20_setbacktemp_17_paper2_final_runs_v4-res1,2022,14,0,0,5,42,20,17,0.0,0.0,0.0,3.1143652676085387,17.861194183768177,17.232133649582345,8.559348252036711,7.002165618232444,6.32154274517892,6.414354955140765,33.4948953284521,0.0
./Eplus-env-08-19_thermostat_rbc_eco_year_2022_case_14_rep_0_zone_0_onoffseed_10_tempseed_42_comforttemp_20_setbacktemp_15_paper2_final_runs_v4-res1,2022,14,0,0,10,42,20,15,0.17531195215014952,0.43312364648860474,1.4128080849747344,7.394039393626894,17.397133133958956,13.189646282355369,7.713725894606579,6.909353408270599,6.208105599670001,5.960606373105084,33.18552129524595,0.020624935547076416
./Eplus-env-08-19_thermostat_rbc_eco_year_2022_case_7_rep_0_zone_0_onoffseed_5_tempseed_30_comforttemp_20_setbacktemp_13_paper2_final_runs_v4-res1,2022,7,0,0,5,30,20,13,0.0,0.0,0.0,0.18562441992368775,8.590285655357327,39.3523770238218,12.374961328245849,6.713416520573373,5.7440445498607815,5.341858306692791,21.69743219552439,0.0
./Eplus-env-08-19_thermostat_rbc_eco_year_2022_case_6_rep_0_zone_0_onoffseed_10_tempseed_15_comforttemp_20_setbacktemp_15_paper2_final_runs_v4-res1,2022,6,0,0,10,15,20,15,0.8662472929772095,1.1240589873156646,2.3099927812725585,3.475301639682376,4.176549448282974,6.032793647519852,19.26368980096937,24.749922656491698,9.095596576260698,6.507167165102609,22.171805713107144,0.22687429101784057
./Eplus-env-08-19_thermostat_rbc_eco_year_2022_case_6_rep_0_zone_0_onoffseed_15_tempseed_15_comforttemp_20_setbacktemp_15_paper2_final_runs_v4-res1,2022,6,0,0,15,15,20,15,1.0209343095802825,1.5984325048984223,2.897803444364236,5.011859337939569,5.671857275446015,6.630916778385068,18.24275549138909,21.109621532432712,8.683097865319171,6.239043002990615,22.49149221408683,0.4021862431679901
./Eplus-env-08-19_thermostat_rbc_eco_year_2023_case_11_rep_0_zone_9_onoffseed_5_tempseed_42_comforttemp_18_setbacktemp_13_paper2_final_runs_v4-res1,2023,11,0,9,5,42,18,13,6.538104568423224,24.533360833247396,17.428070537279574,5.331545838919253,4.289986593791895,4.692172836959885,5.218108693410333,5.383108177786944,5.06342167680726,4.754047643601114,16.74744766422605,0.020624935547076416
./Eplus-env-08-19_thermostat_rbc_eco_year_2022_case_11_rep_0_zone_0_onoffseed_15_tempseed_15_comforttemp_20_setbacktemp_15_paper2_final_runs_v4-res1,2022,11,0,0,15,15,20,15,0.989996906259668,1.5159327627101165,3.0421779931937714,4.506548417036197,5.249046096730948,7.0331030215530586,19.73806331855213,21.315870887903476,8.590285655357327,6.661854181705682,21.181808806847478,0.17531195215014952
./Eplus-env-08-19_thermostat_rbc_eco_year_2023_case_10_rep_0_zone_0_onoffseed_5_tempseed_42_comforttemp_20_setbacktemp_17_paper2_final_runs_v4-res1,2023,10,0,0,5,42,20,17,0.0,0.0,0.0,2.1553057646694853,41.87893162833866,11.395276889759721,6.971228214911829,6.249355470764153,5.836856759822625,5.6409198721254,19.872125399608127,0.0
./Eplus-env-08-19_thermostat_rbc_eco_year_2022_case_12_rep_0_zone_0_onoffseed_15_tempseed_30_comforttemp_20_setbacktemp_17_paper2_final_runs_v4-res1,2022,12,0,0,15,30,20,17,0.0,3.021553057646695,7.13622769928844,6.063731050840466,16.530885840981746,20.624935547076415,8.538723316489635,5.7337320820872435,5.197483757863257,5.826544292049087,21.326183355677014,0.0
./Eplus-env-08-19_thermostat_rbc_eco_year_2022_case_8_rep_0_zone_0_onoffseed_10_tempseed_42_comforttemp_20_setbacktemp_15_paper2_final_runs_v4-res1,2022,8,0,0,10,42,20,15,0.2887490976590698,0.8456223574301331,1.979993812519336,10.384655047952975,20.047437351758276,9.765906981540683,6.6721666494792204,6.44529235846138,6.063731050840466,5.496545323295865,31.968650097968442,0.04124987109415283
./Eplus-env-08-19_thermostat_rbc_eco_year_2022_case_8_rep_0_zone_0_onoffseed_15_tempseed_10_comforttemp_20_setbacktemp_15_paper2_final_runs_v4-res1,2022,8,0,0,15,10,20,15,0.19593688769722595,0.22687429101784057,0.7631226152418273,2.4131174590079407,4.310611529338971,13.148396411261215,21.614932453336085,9.013096834072394,7.569351345777045,6.32154274517892,34.29926781478808,0.1237496132824585
./Eplus-env-08-18_thermostat_rbc_eco_year_2023_case_0_rep_0_zone_0_onoffseed_15_tempseed_15_comforttemp_20_setbacktemp_17_paper2_final_runs_v4-res1,2023,0,0,0,15,15,20,17,0.0,0.7734350830153656,5.032484273486645,5.620294936578323,6.569041971743839,6.465917294008457,21.429308033412394,21.00649685469733,9.03372176961947,6.104980921934619,17.964318861503557,0.0
./Eplus-env-08-19_thermostat_rbc_eco_year_2022_case_3_rep_0_zone_0_onoffseed_10_tempseed_42_comforttemp_20_setbacktemp_15_paper2_final_runs_v4-res1,2022,3,0,0,10,42,20,15,0.22687429101784057,0.8456223574301331,2.1759307002165618,13.23089615344952,17.294008456223576,9.827781788181913,6.775291327214602,6.414354955140765,6.001856244199237,5.816231824275549,31.33958956378261,0.05156233886769104
./Eplus-env-08-19_thermostat_rbc_eco_year_2022_case_3_rep_0_zone_0_onoffseed_10_tempseed_30_comforttemp_20_setbacktemp_15_paper2_final_runs_v4-res1,2022,3,0,0,10,30,20,15,0.1546870166030731,0.5568732597710633,1.4231205527482726,3.2071774775703825,15.499639063627926,18.82025368670723,9.38434567391977,6.6721666494792204,6.496854697329072,5.826544292049087,31.93771269464783,0.020624935547076416
./Eplus-env-08-19_thermostat_rbc_eco_year_2022_case_14_rep_0_zone_0_onoffseed_10_tempseed_15_comforttemp_20_setbacktemp_17_paper2_final_runs_v4-res1,2022,14,0,0,10,15,20,17,0.010312467773538208,0.030937403320614624,0.23718675879137877,0.546560791997525,1.4128080849747344,3.16592760647623,11.549963906362793,26.069918531504587,11.622151180777559,8.34278642879241,37.011446839228626,0.0
./Eplus-env-08-19_thermostat_rbc_eco_year_2023_case_14_rep_0_zone_9_onoffseed_5_tempseed_42_comforttemp_21_setbacktemp_15_paper2_final_runs_v4-res1,2023,14,0,9,5,42,21,15,0.0,0.030937403320614624,0.8868722285242858,4.021862431679901,12.612148087037228,23.47117665257296,10.487779725688357,6.373105084046612,5.362483242239868,5.517170258842941,31.236464886047234,0.0
./Eplus-env-08-19_thermostat_rbc_eco_year_2023_case_7_rep_0_zone_0_onoffseed_5_tempseed_10_comforttemp_20_setbacktemp_15_paper2_final_runs_v4-res1,2023,7,0,0,5,10,20,15,0.0,0.0,0.0,0.0,0.21656182324430237,9.920593998143756,44.01361245746107,13.282458492317211,7.5796638135505825,5.620294936578323,19.366814478704754,0.0
./Eplus-env-08-19_thermostat_rbc_eco_year_2023_case_4_rep_0_zone_0_onoffseed_10_tempseed_42_comforttemp_20_setbacktemp_13_paper2_final_runs_v4-res1,2023,4,0,0,10,42,20,13,0.16499948437661133,0.47437351758275753,1.876869134783954,9.807156852634835,18.11900587810663,13.715582138805814,8.208724347736414,5.909044034237393,5.393420645560482,5.929668969784469,30.359905125296482,0.04124987109415283
./Eplus-env-08-19_thermostat_rbc_eco_year_2022_case_3_rep_0_zone_9_onoffseed_5_tempseed_42_comforttemp_19_setbacktemp_13_paper2_final_runs_v4-res1,2022,3,0,9,5,42,19,13,0.10312467773538209,3.0009281220996185,9.72465711044653,20.408373723832113,9.37403320614623,5.145921418995566,5.86779416314324,5.073734144580798,4.970609466845416,4.960296999071878,31.37052696710323,0.0
./Eplus-env-08-18_thermostat_rbc_eco_year_2023_case_0_rep_0_zone_0_onoffseed_10_tempseed_15_comforttemp_20_setbacktemp_13_paper2_final_runs_v4-res1,2023,0,0,0,10,15,20,13,0.5671857275446014,1.3303083427864288,2.320305249046097,4.289986593791895,4.465298545942044,5.805919356502011,22.635866762916365,24.987109415283076,9.941218933690832,6.249355470764153,17.10838403629989,0.29906156543260803
./Eplus-env-08-18_thermostat_rbc_eco_year_2022_case_0_rep_0_zone_0_onoffseed_15_tempseed_30_comforttemp_20_setbacktemp_13_paper2_final_runs_v4-res1,2022,0,0,0,15,30,20,13,2.031556151387027,3.702175930700217,5.06342167680726,6.280292874084768,16.97432195524389,21.027121790244404,8.435598638754254,6.022481179746313,5.218108693410333,5.558420129937094,18.191193152521397,1.49530782716304
./Eplus-env-08-19_thermostat_rbc_eco_year_2022_case_10_rep_0_zone_0_onoffseed_5_tempseed_30_comforttemp_20_setbacktemp_15_paper2_final_runs_v4-res1,2022,10,0,0,5,30,20,15,0.0,0.0,0.0,0.0,4.197174383830051,41.022996803134994,12.550273280395999,6.837166133855832,6.104980921934619,5.558420129937094,23.728988346911418,0.0
./Eplus-env-08-18_thermostat_rbc_eco_year_2022_case_0_rep_0_zone_0_onoffseed_10_tempseed_30_comforttemp_20_setbacktemp_13_paper2_final_runs_v4-res1,2022,0,0,0,10,30,20,13,1.340620810559967,2.7946787666288544,3.7743632051149842,4.815922450242343,17.304320923997114,23.976487573476334,8.765597607507477,5.847169227596163,5.393420645560482,5.836856759822625,19.181190058781066,0.9693719707125915
./Eplus-env-08-18_thermostat_rbc_eco_year_2023_case_0_rep_0_zone_0_onoffseed_10_tempseed_42_comforttemp_20_setbacktemp_13_paper2_final_runs_v4-res1,2023,0,0,0,10,42,20,13,1.8562441992368772,3.464989171908838,5.702794678766629,15.901825306795917,24.502423429926782,8.693410333092709,6.32154274517892,6.280292874084768,5.383108177786944,4.8571723213364955,15.47901412808085,1.5571826338042694
./Eplus-env-08-19_thermostat_rbc_eco_year_2022_case_1_rep_0_zone_9_onoffseed_5_tempseed_42_comforttemp_19_setbacktemp_13_paper2_final_runs_v4-res1,2022,1,0,9,5,42,19,13,0.6290605341858306,11.178715066515418,21.17149633907394,17.20119624626173,6.517479632876147,4.949984531298339,4.692172836959885,4.8468598535629575,4.7746725791481905,4.939672063524801,19.098690316592762,0.0
./Eplus-env-08-19_thermostat_rbc_eco_year_2022_case_11_rep_0_zone_0_onoffseed_15_tempseed_10_comforttemp_20_setbacktemp_13_paper2_final_runs_v4-res1,2022,11,0,0,15,10,20,13,0.8868722285242858,2.083118490254718,4.3415489326595855,5.537795194390018,6.33185521295246,17.65494482829741,20.975559451376714,8.51809838094256,5.857481695369702,5.434670516654635,21.56337011446839,0.8146849541095184
./Eplus-env-08-19_thermostat_rbc_eco_year_2023_case_11_rep_0_zone_0_onoffseed_10_tempseed_10_comforttemp_20_setbacktemp_17_paper2_final_runs_v4-res1,2023,11,0,0,10,10,20,17,0.0,0.7631226152418273,4.032174899453439,5.23873362895741,4.980921934618954,20.31556151387027,26.038981128183973,8.827472414148705,6.373105084046612,5.7543570176343195,17.675569763844486,0.0
./Eplus-env-08-19_thermostat_rbc_eco_year_2023_case_11_rep_0_zone_0_onoffseed_5_tempseed_42_comforttemp_20_setbacktemp_17_paper2_final_runs_v4-res1,2023,11,0,0,5,42,20,17,0.0,0.0,0.0,4.506548417036197,42.4564298236568,11.354027018665565,7.1156027637413635,6.26998040631123,5.579045065484171,4.8056099824688046,17.912756522635867,0.0
./Eplus-env-08-19_thermostat_rbc_eco_year_2022_case_11_rep_0_zone_0_onoffseed_15_tempseed_10_comforttemp_20_setbacktemp_17_paper2_final_runs_v4-res1,2022,11,0,0,15,10,20,17,0.0,1.5881200371248838,5.950293905331546,5.589357533257709,5.888419098690316,18.428379911312778,21.52212024337424,8.291224089924718,5.826544292049087,5.805919356502011,21.109621532432712,0.0
./Eplus-env-08-19_thermostat_rbc_eco_year_2023_case_2_rep_0_zone_0_onoffseed_5_tempseed_42_comforttemp_20_setbacktemp_17_paper2_final_runs_v4-res1,2023,2,0,0,5,42,20,17,0.0,0.0,0.0,5.094359080127875,41.34268330411467,11.003403114365268,6.919665876044137,6.352480148499535,5.960606373105084,5.125296483448489,18.201505620294935,0.0
./Eplus-env-08-19_thermostat_rbc_eco_year_2022_case_7_rep_0_zone_0_onoffseed_5_tempseed_42_comforttemp_20_setbacktemp_15_paper2_final_runs_v4-res1,2022,7,0,0,5,42,20,15,0.0,0.0,0.010312467773538208,6.744353923893988,37.97050634216768,12.1996493760957,6.579354439517377,5.609982468804785,4.939672063524801,4.877797256883572,21.06837166133856,0.0
./Eplus-env-08-19_thermostat_rbc_eco_year_2022_case_13_rep_0_zone_0_onoffseed_5_tempseed_10_comforttemp_20_setbacktemp_15_paper2_final_runs_v4-res1,2022,13,0,0,5,10,20,15,0.0,0.0,0.0,0.0,0.06187480664122925,9.518407754975765,29.92678147880788,11.601526245230485,7.569351345777045,6.6515417139321436,34.67051665463545,0.0
./Eplus-env-08-19_thermostat_rbc_eco_year_2022_case_13_rep_0_zone_0_onoffseed_10_tempseed_42_comforttemp_20_setbacktemp_15_paper2_final_runs_v4-res1,2022,13,0,0,10,42,20,15,0.19593688769722595,0.9281220996184386,1.990306280292874,10.467154790141281,19.56275136640198,9.910281530370217,7.053727957100134,6.300917809631845,5.475920387748788,5.259358564504486,32.78333505207796,0.07218727441476745
./Eplus-env-08-19_thermostat_rbc_eco_year_2022_case_10_rep_0_zone_0_onoffseed_15_tempseed_15_comforttemp_20_setbacktemp_15_paper2_final_runs_v4-res1,2022,10,0,0,15,15,20,15,0.7631226152418273,1.3199958750128906,2.8462411054965453,4.754047643601114,4.919047127977725,6.022481179746313,17.428070537279574,20.903372176961945,8.755285139733939,6.764978859441065,25.471795400639373,0.05156233886769104
./Eplus-env-08-19_thermostat_rbc_eco_year_2022_case_2_rep_0_zone_9_onoffseed_5_tempseed_42_comforttemp_18_setbacktemp_17_paper2_final_runs_v4-res1,2022,2,0,9,5,42,18,17,0.0,4.815922450242343,35.330514592141895,8.806847478601629,6.754666391667525,5.135608951222028,4.650922965865732,5.011859337939569,4.114674641641745,4.8571723213364955,20.521810869341035,0.0
./Eplus-env-08-19_thermostat_rbc_eco_year_2023_case_7_rep_0_zone_0_onoffseed_10_tempseed_42_comforttemp_20_setbacktemp_15_paper2_final_runs_v4-res1,2023,7,0,0,10,42,20,15,2.433742394555017,3.3824894297205326,4.898422192430648,16.056512323398987,24.646797978756315,8.22934928328349,5.568732597710632,5.836856759822625,5.331545838919253,5.084046612354336,18.263380426936166,0.2681241621119934
./Eplus-env-08-19_thermostat_rbc_eco_year_2023_case_8_rep_0_zone_0_onoffseed_5_tempseed_30_comforttemp_20_setbacktemp_13_paper2_final_runs_v4-res1,2023,8,0,0,5,30,20,13,0.0,0.0,0.0,0.030937403320614624,7.301227183665052,28.101474682891613,13.93214396205012,7.198102505929669,6.094668454161081,5.836856759822625,31.504589048159225,0.0
./Eplus-env-08-19_thermostat_rbc_eco_year_2022_case_8_rep_0_zone_0_onoffseed_5_tempseed_42_comforttemp_20_setbacktemp_13_paper2_final_runs_v4-res1,2022,8,0,0,5,42,20,13,0.0,0.010312467773538208,0.07218727441476745,6.465917294008457,22.61524182736929,13.261833556770137,7.672476023512427,6.527792100649686,5.331545838919253,5.352170774466329,32.690522842116124,0.0
./Eplus-env-08-19_thermostat_rbc_eco_year_2023_case_4_rep_0_zone_0_onoffseed_15_tempseed_42_comforttemp_20_setbacktemp_17_paper2_final_runs_v4-res1,2023,4,0,0,15,42,20,17,0.0,0.38156130762091367,3.1040527998350007,11.292152212024337,17.118696504073423,13.787769413220582,8.260286686604104,5.7440445498607815,5.548107662163556,5.455295452201712,29.308033412395584,0.0
./Eplus-env-08-19_thermostat_rbc_eco_year_2023_case_4_rep_0_zone_9_onoffseed_5_tempseed_42_comforttemp_18_setbacktemp_15_paper2_final_runs_v4-res1,2023,4,0,9,5,42,18,15,0.08249974218830566,13.437145508920285,15.056202949365783,9.404970609466845,7.5899762813241205,5.558420129937094,5.527482726616479,4.310611529338971,4.8365473857894195,4.465298545942044,29.73084459111065,0.0
./Eplus-env-08-19_thermostat_rbc_eco_year_2023_case_4_rep_0_zone_9_onoffseed_5_tempseed_42_comforttemp_19_setbacktemp_15_paper2_final_runs_v4-res1,2023,4,0,9,5,42,19,15,0.0,1.9181190058781068,15.406826853666084,17.6240074249768,9.178096318449006,6.38341755182015,5.568732597710632,4.723110240280499,5.218108693410333,5.2696710322780245,28.70991028153037,0.0
./Eplus-env-08-19_thermostat_rbc_eco_year_2023_case_10_rep_0_zone_9_onoffseed_5_tempseed_42_comforttemp_18_setbacktemp_13_paper2_final_runs_v4-res1,2023,10,0,9,5,42,18,13,3.753738269567908,23.966175105702796,19.50087655976075,4.8365473857894195,3.39280189749407,4.228111787150665,4.898422192430648,4.754047643601114,5.249046096730948,5.424358048881097,19.995875012890586,0.0
./Eplus-env-08-19_thermostat_rbc_eco_year_2022_case_2_rep_0_zone_0_onoffseed_10_tempseed_42_comforttemp_20_setbacktemp_17_paper2_final_runs_v4-res1,2022,2,0,0,10,42,20,17,0.010312467773538208,2.495617201196246,6.620604310611529,12.447148602660617,27.183665051046717,9.539032690522841,5.826544292049087,5.321233371145715,5.042796741260184,5.022171805713107,20.490873466020417,0.0
./Eplus-env-08-19_thermostat_rbc_eco_year_2022_case_9_rep_0_zone_9_onoffseed_5_tempseed_42_comforttemp_18_setbacktemp_13_paper2_final_runs_v4-res1,2022,9,0,9,5,42,18,13,2.485304733422708,10.446529854594203,11.776838197380632,8.775910075281015,6.971228214911829,5.630607404351862,5.455295452201712,5.383108177786944,5.568732597710632,5.7234196143137055,31.70052593585645,0.08249974218830566
./Eplus-env-08-19_thermostat_rbc_eco_year_2022_case_9_rep_0_zone_9_onoffseed_5_tempseed_42_comforttemp_20_setbacktemp_13_paper2_final_runs_v4-res1,2022,9,0,9,5,42,20,13,0.4434361142621429,1.5571826338042694,5.011859337939569,12.488398473754769,17.21150871403527,8.023099927812725,5.7131071465401675,5.7131071465401675,5.7337320820872435,5.558420129937094,32.51521088996597,0.030937403320614624
./Eplus-env-08-19_thermostat_rbc_eco_year_2023_case_9_rep_0_zone_9_onoffseed_5_tempseed_42_comforttemp_20_setbacktemp_13_paper2_final_runs_v4-res1,2023,9,0,9,5,42,20,13,0.1443745488295349,1.2168711972775086,3.8362380117562136,10.776528823347427,20.676497885944105,9.827781788181913,7.177477570382592,5.86779416314324,5.104671547901413,5.558420129937094,29.80303186552542,0.010312467773538208
./Eplus-env-08-19_thermostat_rbc_eco_year_2023_case_9_rep_0_zone_0_onoffseed_10_tempseed_30_comforttemp_20_setbacktemp_15_paper2_final_runs_v4-res1,2023,9,0,0,10,30,20,15,0.030937403320614624,0.1546870166030731,0.5568732597710633,2.041868619160565,9.013096834072394,21.192121274621016,13.87026915540889,8.260286686604104,6.538104568423224,5.527482726616479,32.81427245539857,0.0
./Eplus-env-08-19_thermostat_rbc_eco_year_2023_case_9_rep_0_zone_0_onoffseed_10_tempseed_10_comforttemp_20_setbacktemp_15_paper2_final_runs_v4-res1,2023,9,0,0,10,10,20,15,0.010312467773538208,0.05156233886769104,0.17531195215014952,0.8043724863359802,2.774053831081778,10.786841291120965,24.80148499535939,13.602144993296896,7.744663297927194,6.1977931318964625,33.051459214189954,0.0
./Eplus-env-08-19_thermostat_rbc_eco_year_2022_case_9_rep_0_zone_0_onoffseed_15_tempseed_15_comforttemp_20_setbacktemp_13_paper2_final_runs_v4-res1,2022,9,0,0,15,15,20,13,0.08249974218830566,0.2578116943384552,0.3093740332061462,1.1240589873156646,2.3512426523667114,4.733422708054038,11.519026503042177,23.3474270392905,11.10652779210065,8.404661235433638,36.71238527379602,0.05156233886769104
./Eplus-env-08-19_thermostat_rbc_eco_year_2022_case_9_rep_0_zone_0_onoffseed_10_tempseed_42_comforttemp_20_setbacktemp_13_paper2_final_runs_v4-res1,2022,9,0,0,10,42,20,13,0.1340620810559967,0.3918737753944519,1.7221821181808805,7.383726925853357,16.695885325358358,12.869959781375684,7.641538620191812,6.878416004949985,5.929668969784469,6.44529235846138,33.80426936165824,0.10312467773538209
./Eplus-env-08-19_thermostat_rbc_eco_year_2023_case_12_rep_0_zone_9_onoffseed_5_tempseed_42_comforttemp_18_setbacktemp_13_paper2_final_runs_v4-res1,2023,12,0,9,5,42,18,13,6.775291327214602,23.87336289574095,17.675569763844486,5.001546870166031,4.3312364648860475,4.516860884809735,4.424048674847891,5.156233886769104,5.589357533257709,4.743735175827576,17.912756522635867,0.0
./Eplus-env-08-19_thermostat_rbc_eco_year_2022_case_2_rep_0_zone_0_onoffseed_5_tempseed_42_comforttemp_20_setbacktemp_13_paper2_final_runs_v4-res1,2022,2,0,0,5,42,20,13,0.0,0.0,0.1237496132824585,7.311539651438589,36.557698257192946,12.808084974734454,6.538104568423224,5.888419098690316,5.114984015674951,4.991234402392492,20.666185418170567,0.0
./Eplus-env-08-19_thermostat_rbc_eco_year_2023_case_1_rep_0_zone_9_onoffseed_5_tempseed_42_comforttemp_20_setbacktemp_13_paper2_final_runs_v4-res1,2023,1,0,9,5,42,20,13,0.0,1.0518717129008972,5.2696710322780245,11.8490254717954,20.614623079302877,21.047746725791484,8.208724347736414,5.579045065484171,5.496545323295865,4.8365473857894195,16.04619985562545,0.0
./Eplus-env-08-19_thermostat_rbc_eco_year_2023_case_14_rep_0_zone_0_onoffseed_5_tempseed_30_comforttemp_20_setbacktemp_15_paper2_final_runs_v4-res1,2023,14,0,0,5,30,20,15,0.0,0.0,0.0,0.010312467773538208,4.516860884809735,22.573991956275137,17.737444570485717,9.291533463957926,7.332164586985665,5.826544292049087,32.7111477776632,0.0
./Eplus-env-08-19_thermostat_rbc_eco_year_2023_case_8_rep_0_zone_0_onoffseed_5_tempseed_42_comforttemp_20_setbacktemp_13_paper2_final_runs_v4-res1,2023,8,0,0,5,42,20,13,0.0,0.0,0.06187480664122925,5.434670516654635,24.110549654532328,14.592141899556562,8.136537073321644,5.98123130865216,5.259358564504486,5.661544807672476,30.76209136846447,0.0
./Eplus-env-08-19_thermostat_rbc_eco_year_2022_case_1_rep_0_zone_0_onoffseed_10_tempseed_15_comforttemp_20_setbacktemp_13_paper2_final_runs_v4-res1,2022,1,0,0,10,15,20,13,0.3918737753944519,1.0724966484479737,2.2687429101784056,3.5990512529648346,3.9187377539445194,5.991543776425699,21.449932968959473,23.52273899144065,8.982159430751778,6.5999793750644535,21.913994018768694,0.2887490976590698
./Eplus-env-08-19_thermostat_rbc_eco_year_2023_case_7_rep_0_zone_0_onoffseed_15_tempseed_10_comforttemp_20_setbacktemp_13_paper2_final_runs_v4-res1,2023,7,0,0,15,10,20,13,0.9178096318449005,2.041868619160565,4.238424254924204,6.032793647519852,7.383726925853357,17.809631844900483,20.459936062699803,9.023409301845932,6.744353923893988,5.609982468804785,19.067752913272145,0.6703104052799835
./Eplus-env-08-19_thermostat_rbc_eco_year_2023_case_7_rep_0_zone_0_onoffseed_15_tempseed_30_comforttemp_20_setbacktemp_15_paper2_final_runs_v4-res1,2023,7,0,0,15,30,20,15,1.8974940703310301,3.248427348664536,5.352170774466329,6.857791069402907,17.809631844900483,19.944312674022893,8.425286170980716,6.6927915850262965,6.022481179746313,4.754047643601114,18.830566154480767,0.16499948437661133
./Eplus-env-08-19_thermostat_rbc_eco_year_2022_case_6_rep_0_zone_0_onoffseed_10_tempseed_42_comforttemp_20_setbacktemp_15_paper2_final_runs_v4-res1,2022,6,0,0,10,42,20,15,2.526554604516861,3.7124883984737544,3.8053006084355987,14.922140868309786,23.780550685779104,8.92028462411055,5.888419098690316,5.352170774466329,5.053109209033722,5.2902959678251005,20.274311642776116,0.47437351758275753
./Eplus-env-08-19_thermostat_rbc_eco_year_2022_case_14_rep_0_zone_0_onoffseed_5_tempseed_15_comforttemp_20_setbacktemp_13_paper2_final_runs_v4-res1,2022,14,0,0,5,15,20,13,0.0,0.0,0.0,0.0,0.010312467773538208,0.06187480664122925,4.124987109415283,23.54336392698773,22.26461792306899,9.642157368258223,40.35268639785501,0.0
./Eplus-env-08-19_thermostat_rbc_eco_year_2022_case_11_rep_0_zone_0_onoffseed_15_tempseed_42_comforttemp_20_setbacktemp_15_paper2_final_runs_v4-res1,2022,11,0,0,15,42,20,15,3.629988656285449,4.650922965865732,5.537795194390018,14.7365164483861,19.83087552851397,8.652160461998557,6.022481179746313,5.6409198721254,4.8468598535629575,5.403733113334021,20.233061771681964,0.8146849541095184
./Eplus-env-08-19_thermostat_rbc_eco_year_2023_case_10_rep_0_zone_0_onoffseed_15_tempseed_30_comforttemp_20_setbacktemp_17_paper2_final_runs_v4-res1,2023,10,0,0,15,30,20,17,0.0,1.8974940703310301,7.352789522532742,7.5487264102299685,14.571516964009486,22.398680004124987,8.786222543054553,5.816231824275549,5.630607404351862,5.537795194390018,20.459936062699803,0.0
./Eplus-env-08-19_thermostat_rbc_eco_year_2023_case_10_rep_0_zone_0_onoffseed_15_tempseed_42_comforttemp_20_setbacktemp_17_paper2_final_runs_v4-res1,2023,10,0,0,15,42,20,17,0.0,2.9596782510054656,9.054346705166546,11.642776116324637,24.95617201196246,7.785913169021347,6.249355470764153,5.692482210993091,5.785294420954934,5.630607404351862,20.243374239455502,0.0
./Eplus-env-08-19_thermostat_rbc_eco_year_2023_case_10_rep_0_zone_0_onoffseed_15_tempseed_15_comforttemp_20_setbacktemp_15_paper2_final_runs_v4-res1,2023,10,0,0,15,15,20,15,0.6084355986387543,1.4334330205218109,2.3615551201402494,5.104671547901413,6.6721666494792204,6.548417036196762,18.325255233577394,20.913684644735486,9.72465711044653,6.414354955140765,21.87274414767454,0.020624935547076416
./Eplus-env-08-19_thermostat_rbc_eco_year_2023_case_6_rep_0_zone_0_onoffseed_5_tempseed_42_comforttemp_20_setbacktemp_17_paper2_final_runs_v4-res1,2023,6,0,0,5,42,20,17,0.0,0.0,0.0,4.382798803753738,42.353305145921425,11.446839228627411,6.909353408270599,6.1874806641229245,5.682169743219553,4.960296999071878,18.07775600701248,0.0
./Eplus-env-08-19_thermostat_rbc_eco_year_2022_case_6_rep_0_zone_0_onoffseed_15_tempseed_10_comforttemp_20_setbacktemp_15_paper2_final_runs_v4-res1,2022,6,0,0,15,10,20,15,1.794369392595648,2.7637413633082395,3.908425286170981,5.496545323295865,6.290605341858306,17.696194699391565,20.69712282149118,8.311849025471796,6.507167165102609,5.7543570176343195,20.47024853047334,0.3093740332061462
./Eplus-env-08-19_thermostat_rbc_eco_year_2022_case_5_rep_0_zone_0_onoffseed_10_tempseed_30_comforttemp_20_setbacktemp_15_paper2_final_runs_v4-res1,2022,5,0,0,10,30,20,15,1.484995359389502,2.7534288955347015,3.9909250283592863,4.197174383830051,17.015571826338043,25.224296174074457,8.322161493245334,6.393730019593689,5.7440445498607815,5.527482726616479,18.974940703310303,0.3712488398473755
./Eplus-env-08-19_thermostat_rbc_eco_year_2023_case_7_rep_0_zone_9_onoffseed_5_tempseed_42_comforttemp_20_setbacktemp_13_paper2_final_runs_v4-res1,2023,7,0,9,5,42,20,13,0.0,0.1340620810559967,1.3199958750128906,11.209652469836032,26.399917500257814,19.799938125193357,6.96091574713829,5.785294420954934,5.764669485407858,4.8365473857894195,17.789006909353407,0.0
./Eplus-env-08-19_thermostat_rbc_eco_year_2022_case_5_rep_0_zone_0_onoffseed_15_tempseed_42_comforttemp_20_setbacktemp_13_paper2_final_runs_v4-res1,2022,5,0,0,15,42,20,13,2.9493657832319276,4.66123543363927,6.1874806641229245,15.819325564607611,20.346498917190882,8.105599670001032,5.857481695369702,5.486232855522326,4.960296999071878,5.022171805713107,18.29431783025678,2.3099927812725585
./Eplus-env-08-19_thermostat_rbc_eco_year_2023_case_7_rep_0_zone_0_onoffseed_10_tempseed_15_comforttemp_20_setbacktemp_15_paper2_final_runs_v4-res1,2023,7,0,0,10,15,20,15,0.45374858203568114,0.6599979375064453,1.876869134783954,3.4546767041352995,4.929359595751263,5.774981953181396,20.408373723832113,26.24523048365474,10.116530885840982,6.465917294008457,19.57306383417552,0.04124987109415283
./Eplus-env-08-19_thermostat_rbc_eco_year_2023_case_10_rep_0_zone_0_onoffseed_15_tempseed_42_comforttemp_20_setbacktemp_13_paper2_final_runs_v4-res1,2023,10,0,0,15,42,20,13,2.1140558935753324,4.135299577188821,6.548417036196762,14.819016190574406,20.985871919150252,7.497164071362277,6.074043518614005,5.548107662163556,5.475920387748788,5.579045065484171,19.748375786325667,1.4746828916159638
./Eplus-env-08-19_thermostat_rbc_eco_year_2023_case_2_rep_0_zone_9_onoffseed_5_tempseed_42_comforttemp_20_setbacktemp_17_paper2_final_runs_v4-res1,2023,2,0,9,5,42,20,17,0.0,0.0,1.041559245127359,32.257399195627514,21.69743219552439,7.022790553779519,5.383108177786944,5.084046612354336,5.218108693410333,4.671547901412808,17.6240074249768,0.0
./Eplus-env-08-18_thermostat_rbc_eco_year_2023_case_0_rep_0_zone_0_onoffseed_15_tempseed_42_comforttemp_20_setbacktemp_15_paper2_final_runs_v4-res1,2023,0,0,0,15,42,20,15,3.9187377539445194,5.011859337939569,6.868103537176447,16.90213468082912,20.20212436836135,8.476848509848407,6.084355986387543,6.063731050840466,5.414045581107559,4.764360111374652,15.64401361245746,0.6496854697329071
./Eplus-env-08-19_thermostat_rbc_eco_year_2022_case_12_rep_0_zone_0_onoffseed_15_tempseed_10_comforttemp_20_setbacktemp_17_paper2_final_runs_v4-res1,2022,12,0,0,15,10,20,17,0.0,1.4231205527482726,5.702794678766629,6.032793647519852,5.785294420954934,18.387130040218626,20.65587295039703,8.280911622151182,6.1874806641229245,5.548107662163556,21.996493760956998,0.0
./Eplus-env-08-19_thermostat_rbc_eco_year_2022_case_8_rep_0_zone_0_onoffseed_15_tempseed_42_comforttemp_20_setbacktemp_13_paper2_final_runs_v4-res1,2022,8,0,0,15,42,20,13,0.31968650097968443,1.2581210683716613,3.1040527998350007,10.518717129008971,18.655254202330617,9.858719191502527,6.44529235846138,5.836856759822625,5.7440445498607815,5.23873362895741,32.72146024543673,0.29906156543260803
./Eplus-env-08-19_thermostat_rbc_eco_year_2022_case_8_rep_0_zone_0_onoffseed_15_tempseed_10_comforttemp_20_setbacktemp_13_paper2_final_runs_v4-res1,2022,8,0,0,15,10,20,13,0.18562441992368775,0.31968650097968443,0.8146849541095184,2.1759307002165618,4.434361142621429,12.983396926884602,21.09930906465917,9.621532432711149,6.929978343817676,6.259667938537692,35.04176549448283,0.1340620810559967
./Eplus-env-08-19_thermostat_rbc_eco_year_2022_case_8_rep_0_zone_0_onoffseed_15_tempseed_15_comforttemp_20_setbacktemp_13_paper2_final_runs_v4-res1,2022,8,0,0,15,15,20,13,0.18562441992368775,0.21656182324430237,0.6496854697329071,1.144683922862741,2.732803959987625,5.383108177786944,13.612457461070434,22.243992987521914,9.848406723728989,7.476539135815201,36.34113643394865,0.16499948437661133
./Eplus-env-08-19_thermostat_rbc_eco_year_2023_case_5_rep_0_zone_0_onoffseed_5_tempseed_10_comforttemp_20_setbacktemp_17_paper2_final_runs_v4-res1,2023,5,0,0,5,10,20,17,0.0,0.0,0.0,0.0,0.08249974218830566,9.085284108487162,46.06579354439517,13.890894090955966,7.734350830153655,6.053418583066928,17.087759100752812,0.0
./Eplus-env-08-19_thermostat_rbc_eco_year_2023_case_6_rep_0_zone_0_onoffseed_5_tempseed_42_comforttemp_20_setbacktemp_13_paper2_final_runs_v4-res1,2023,6,0,0,5,42,20,13,0.0,0.0,0.05156233886769104,6.32154274517892,41.229246158605754,10.972465711044652,6.703104052799835,6.1977931318964625,6.074043518614005,4.815922450242343,17.634319892750337,0.0
./Eplus-env-08-19_thermostat_rbc_eco_year_2023_case_5_rep_0_zone_0_onoffseed_10_tempseed_42_comforttemp_20_setbacktemp_17_paper2_final_runs_v4-res1,2023,5,0,0,10,42,20,17,0.0,2.5471795400639374,7.198102505929669,12.292461586057543,30.153655769825722,8.51809838094256,6.1668557285758485,6.146230793028772,5.527482726616479,4.8056099824688046,16.644322986490668,0.0
./Eplus-env-08-19_thermostat_rbc_eco_year_2022_case_10_rep_0_zone_0_onoffseed_10_tempseed_15_comforttemp_20_setbacktemp_13_paper2_final_runs_v4-res1,2022,10,0,0,10,15,20,13,0.35062390430029905,0.7631226152418273,1.8665566670104154,3.145302670929153,3.7846756728885227,4.712797772506961,17.60338248942972,26.111168402598743,9.116221511807776,6.44529235846138,25.760544498298444,0.3403114365267609
./Eplus-env-08-19_thermostat_rbc_eco_year_2022_case_8_rep_0_zone_0_onoffseed_5_tempseed_10_comforttemp_20_setbacktemp_13_paper2_final_runs_v4-res1,2022,8,0,0,5,10,20,13,0.0,0.0,0.010312467773538208,0.020624935547076416,0.08249974218830566,9.37403320614623,29.297720944622046,11.426214293080335,7.868412911209652,6.6412292461586055,35.27895225327421,0.0
./Eplus-env-08-19_thermostat_rbc_eco_year_2022_case_8_rep_0_zone_0_onoffseed_5_tempseed_30_comforttemp_20_setbacktemp_13_paper2_final_runs_v4-res1,2022,8,0,0,5,30,20,13,0.0,0.0,0.0,0.1443745488295349,7.816850572341962,26.544292049087346,12.31308652160462,7.455914200268124,6.434979890687842,6.1668557285758485,33.12364648860473,0.0
./Eplus-env-08-19_thermostat_rbc_eco_year_2023_case_8_rep_0_zone_0_onoffseed_10_tempseed_10_comforttemp_20_setbacktemp_13_paper2_final_runs_v4-res1,2023,8,0,0,10,10,20,13,0.05156233886769104,0.07218727441476745,0.3712488398473755,1.6293699082190367,3.5474889140971433,14.519954625141796,25.71929462720429,9.064659172940084,6.713416520573373,5.98123130865216,32.32958647004228,0.0
./Eplus-env-08-19_thermostat_rbc_eco_year_2023_case_8_rep_0_zone_0_onoffseed_15_tempseed_15_comforttemp_20_setbacktemp_17_paper2_final_runs_v4-res1,2023,8,0,0,15,15,20,17,0.0,0.07218727441476745,0.3918737753944519,1.09312158399505,2.7121790244405486,5.630607404351862,15.582138805816232,24.677735382076932,9.136846447354852,6.424667422914303,34.278642879241,0.0
./Eplus-env-08-19_thermostat_rbc_eco_year_2022_case_7_rep_0_zone_0_onoffseed_10_tempseed_10_comforttemp_20_setbacktemp_17_paper2_final_runs_v4-res1,2022,7,0,0,10,10,20,17,0.0,0.7631226152418273,3.8878003506239045,4.186861916056513,4.289986593791895,19.820563060740433,25.028359286377228,8.270599154377642,6.228730535217077,5.527482726616479,21.996493760956998,0.0
./Eplus-env-08-19_thermostat_rbc_eco_year_2022_case_5_rep_0_zone_0_onoffseed_10_tempseed_42_comforttemp_20_setbacktemp_17_paper2_final_runs_v4-res1,2022,5,0,0,10,42,20,17,0.0,2.5987418789316283,7.084665360420749,11.364339486439105,29.28740847684851,8.817159946375169,5.816231824275549,5.548107662163556,5.383108177786944,4.980921934618954,19.119315252139838,0.0
./Eplus-env-08-19_thermostat_rbc_eco_year_2023_case_6_rep_0_zone_0_onoffseed_5_tempseed_30_comforttemp_20_setbacktemp_13_paper2_final_runs_v4-res1,2023,6,0,0,5,30,20,13,0.0,0.0,0.0,0.17531195215014952,8.136537073321644,42.63174177580695,12.127462101680932,7.981850056718573,6.290605341858306,4.8365473857894195,17.819944312674025,0.0
./Eplus-env-08-19_thermostat_rbc_eco_year_2022_case_7_rep_0_zone_9_onoffseed_5_tempseed_42_comforttemp_18_setbacktemp_13_paper2_final_runs_v4-res1,2022,7,0,9,5,42,18,13,6.208105599670001,20.95493451582964,16.221511807775602,7.208414973703207,5.073734144580798,4.8468598535629575,4.7849850469217285,4.88810972465711,4.640610498092194,4.764360111374652,20.31556151387027,0.09281220996184388
./Eplus-env-08-19_thermostat_rbc_eco_year_2023_case_4_rep_0_zone_0_onoffseed_5_tempseed_30_comforttemp_20_setbacktemp_15_paper2_final_runs_v4-res1,2023,4,0,0,5,30,20,15,0.0,0.0,0.0,0.04124987109415283,7.311539651438589,22.078993503145302,18.314942765803856,8.590285655357327,6.300917809631845,5.816231824275549,31.545838919253377,0.0
./Eplus-env-08-19_thermostat_rbc_eco_year_2022_case_3_rep_0_zone_0_onoffseed_15_tempseed_15_comforttemp_20_setbacktemp_13_paper2_final_runs_v4-res1,2022,3,0,0,15,15,20,13,0.16499948437661133,0.1546870166030731,0.5259358564504486,1.4334330205218109,2.8771785088171598,6.703104052799835,18.655254202330617,18.665566670104155,9.415283077240383,7.424976796947509,33.90739403939363,0.07218727441476745
./Eplus-env-08-19_thermostat_rbc_eco_year_2023_case_3_rep_0_zone_0_onoffseed_10_tempseed_42_comforttemp_20_setbacktemp_13_paper2_final_runs_v4-res1,2023,3,0,0,10,42,20,13,0.3093740332061462,0.7940600185624419,2.4543673301020936,11.756213261833556,20.95493451582964,11.725275858512942,6.342167680725998,4.991234402392492,4.8262349180158814,5.816231824275549,29.96803134990203,0.06187480664122925
./Eplus-env-08-19_thermostat_rbc_eco_year_2023_case_14_rep_0_zone_0_onoffseed_10_tempseed_42_comforttemp_20_setbacktemp_17_paper2_final_runs_v4-res1,2023,14,0,0,10,42,20,17,0.0,0.08249974218830566,1.835619263689801,7.724038362380117,18.93369083221615,13.767144477673506,8.528410848716097,6.775291327214602,5.805919356502011,5.7131071465401675,30.83427864287924,0.0
./Eplus-env-08-19_thermostat_rbc_eco_year_2022_case_3_rep_0_zone_0_onoffseed_15_tempseed_42_comforttemp_20_setbacktemp_13_paper2_final_runs_v4-res1,2022,3,0,0,15,42,20,13,0.5259358564504486,1.6499948437661134,3.39280189749407,13.138083943487677,16.221511807775602,9.415283077240383,6.764978859441065,5.682169743219553,5.774981953181396,5.444982984428174,31.618026193668147,0.3712488398473755
./Eplus-env-08-19_thermostat_rbc_eco_year_2023_case_13_rep_0_zone_0_onoffseed_5_tempseed_15_comforttemp_20_setbacktemp_17_paper2_final_runs_v4-res1,2023,13,0,0,5,15,20,17,0.0,0.0,0.0,0.0,0.0,0.05156233886769104,11.745900794060018,34.07239352377024,11.921212746210168,7.507476539135816,34.70145405795607,0.0
./Eplus-env-08-19_thermostat_rbc_eco_year_2023_case_8_rep_0_zone_0_onoffseed_5_tempseed_42_comforttemp_20_setbacktemp_15_paper2_final_runs_v4-res1,2023,8,0,0,5,42,20,15,0.0,0.0,0.0,6.012168711972775,23.409301845931733,14.973703207177477,7.734350830153655,5.630607404351862,5.23873362895741,5.816231824275549,31.18490254717954,0.0
./Eplus-env-08-19_thermostat_rbc_eco_year_2022_case_8_rep_0_zone_0_onoffseed_5_tempseed_10_comforttemp_20_setbacktemp_15_paper2_final_runs_v4-res1,2022,8,0,0,5,10,20,15,0.0,0.0,0.0,0.020624935547076416,0.19593688769722595,8.92028462411055,29.215221202433746,11.745900794060018,8.002474992265649,6.548417036196762,35.35113952768897,0.0
./Eplus-env-08-19_thermostat_rbc_eco_year_2023_case_8_rep_0_zone_0_onoffseed_15_tempseed_10_comforttemp_20_setbacktemp_13_paper2_final_runs_v4-res1,2023,8,0,0,15,10,20,13,0.09281220996184388,0.27843662988553164,0.7012478086005981,2.1862431679901,5.022171805713107,14.396205011859339,23.254614829328656,9.198721253996082,6.6515417139321436,5.909044034237393,32.308961534495204,0.0
./Eplus-env-08-19_thermostat_rbc_eco_year_2022_case_2_rep_0_zone_0_onoffseed_10_tempseed_15_comforttemp_20_setbacktemp_13_paper2_final_runs_v4-res1,2022,2,0,0,10,15,20,13,0.42281117871506657,0.8662472929772095,2.0934309580282564,3.4856141074559144,3.6918634629266784,5.919356502010931,21.955243889862842,23.4814891203465,8.703722800866247,6.837166133855832,22.285242858616066,0.2578116943384552
./Eplus-env-08-19_thermostat_rbc_eco_year_2022_case_9_rep_0_zone_0_onoffseed_5_tempseed_30_comforttemp_20_setbacktemp_17_paper2_final_runs_v4-res1,2022,9,0,0,5,30,20,17,0.0,0.0,0.0,0.020624935547076416,4.8468598535629575,21.491182840053625,15.974012581210683,8.703722800866247,7.36310199030628,6.6721666494792204,34.928328348973906,0.0
./Eplus-env-08-19_thermostat_rbc_eco_year_2023_case_9_rep_0_zone_9_onoffseed_5_tempseed_42_comforttemp_19_setbacktemp_15_paper2_final_runs_v4-res1,2023,9,0,9,5,42,19,15,0.0,1.0518717129008972,15.190265030421779,16.139012065587295,8.414973703207178,7.208414973703207,6.486542229555532,5.042796741260184,5.362483242239868,5.094359080127875,30.009281220996186,0.0
./Eplus-env-08-19_thermostat_rbc_eco_year_2023_case_10_rep_0_zone_9_onoffseed_5_tempseed_42_comforttemp_18_setbacktemp_17_paper2_final_runs_v4-res1,2023,10,0,9,5,42,18,17,0.0,1.8974940703310301,40.28049912344024,7.394039393626894,4.712797772506961,4.898422192430648,4.8468598535629575,5.032484273486645,5.414045581107559,5.702794678766629,19.820563060740433,0.0
./Eplus-env-08-19_thermostat_rbc_eco_year_2023_case_11_rep_0_zone_0_onoffseed_15_tempseed_15_comforttemp_20_setbacktemp_15_paper2_final_runs_v4-res1,2023,11,0,0,15,15,20,15,0.8868722285242858,1.443745488295349,3.031865525420233,5.3006084355986385,6.661854181705682,7.125915231514901,19.03681550995153,22.45024234299268,9.281220996184388,6.074043518614005,18.675879137877693,0.030937403320614624
./Eplus-env-08-19_thermostat_rbc_eco_year_2023_case_4_rep_0_zone_0_onoffseed_10_tempseed_10_comforttemp_20_setbacktemp_17_paper2_final_runs_v4-res1,2023,4,0,0,10,10,20,17,0.0,0.010312467773538208,0.3918737753944519,1.185933793956894,3.6609260596060635,15.283077240383625,22.26461792306899,12.014024956172012,6.868103537176447,5.919356502010931,32.401773744457046,0.0
./Eplus-env-08-19_thermostat_rbc_eco_year_2023_case_4_rep_0_zone_9_onoffseed_5_tempseed_42_comforttemp_20_setbacktemp_13_paper2_final_runs_v4-res1,2023,4,0,9,5,42,20,13,0.20624935547076417,1.5571826338042694,3.702175930700217,11.065277921006498,21.62524492110962,10.137155821388058,6.290605341858306,5.06342167680726,5.053109209033722,5.702794678766629,29.596782510054652,0.0
./Eplus-env-08-19_thermostat_rbc_eco_year_2023_case_12_rep_0_zone_0_onoffseed_10_tempseed_30_comforttemp_20_setbacktemp_17_paper2_final_runs_v4-res1,2023,12,0,0,10,30,20,17,0.0,1.4643704238424256,5.2799835000515625,4.877797256883572,17.273383520676497,26.265855419201817,8.889347220789935,6.1977931318964625,6.094668454161081,4.764360111374652,18.892440961121995,0.0
./Eplus-env-08-19_thermostat_rbc_eco_year_2023_case_12_rep_0_zone_0_onoffseed_15_tempseed_30_comforttemp_20_setbacktemp_17_paper2_final_runs_v4-res1,2023,12,0,0,15,30,20,17,0.0,2.495617201196246,7.754975765700732,7.259977312570898,17.283695988450038,21.28493348458286,8.734660204186861,6.135918325255234,6.208105599670001,4.743735175827576,18.098380942559555,0.0
./Eplus-env-08-19_thermostat_rbc_eco_year_2022_case_12_rep_0_zone_0_onoffseed_15_tempseed_15_comforttemp_20_setbacktemp_17_paper2_final_runs_v4-res1,2022,12,0,0,15,15,20,17,0.0,0.8765597607507477,3.588738785191296,5.259358564504486,5.527482726616479,5.898731566463855,19.078065381045683,21.212746210168092,8.724347736413323,6.713416520573373,23.12055274827266,0.0
./Eplus-env-08-18_thermostat_rbc_eco_year_2022_case_0_rep_0_zone_9_onoffseed_5_tempseed_42_comforttemp_21_setbacktemp_17_paper2_final_runs_v4-res1,2022,0,0,9,5,42,21,17,0.0,0.0,0.0,5.599670001031247,33.7114571516964,20.32587398164381,6.455604826234918,5.424358048881097,5.032484273486645,5.001546870166031,18.449004846859854,0.0
./Eplus-env-08-19_thermostat_rbc_eco_year_2022_case_9_rep_0_zone_0_onoffseed_5_tempseed_30_comforttemp_20_setbacktemp_15_paper2_final_runs_v4-res1,2022,9,0,0,5,30,20,15,0.0,0.0,0.0,0.030937403320614624,4.547798288130349,22.243992987521914,15.819325564607611,8.538723316489635,7.466226668041662,6.589666907290914,34.7633288645973,0.0
./Eplus-env-08-19_thermostat_rbc_eco_year_2022_case_13_rep_0_zone_0_onoffseed_5_tempseed_15_comforttemp_20_setbacktemp_13_paper2_final_runs_v4-res1,2022,13,0,0,5,15,20,13,0.0,0.0,0.0,0.0,0.0,0.10312467773538209,10.168093224708672,32.298649066721666,12.354336392698773,8.198411879962874,36.87738475817263,0.0
./Eplus-env-08-19_thermostat_rbc_eco_year_2022_case_11_rep_0_zone_0_onoffseed_5_tempseed_42_comforttemp_20_setbacktemp_17_paper2_final_runs_v4-res1,2022,11,0,0,5,42,20,17,0.0,0.0,0.0,4.434361142621429,40.06393730019593,12.31308652160462,6.424667422914303,5.960606373105084,5.383108177786944,5.176858822316181,20.243374239455502,0.0
./Eplus-env-08-19_thermostat_rbc_eco_year_2023_case_11_rep_0_zone_0_onoffseed_15_tempseed_10_comforttemp_20_setbacktemp_15_paper2_final_runs_v4-res1,2023,11,0,0,15,10,20,15,1.247808600598123,2.433742394555017,4.66123543363927,5.857481695369702,7.1568526348355155,18.500567185727547,20.35681138496442,8.97184696297824,6.6824791172527584,5.094359080127875,18.93369083221615,0.10312467773538209
./Eplus-env-08-19_thermostat_rbc_eco_year_2022_case_13_rep_0_zone_9_onoffseed_5_tempseed_42_comforttemp_19_setbacktemp_15_paper2_final_runs_v4-res1,2022,13,0,9,5,42,19,15,0.0,0.1546870166030731,5.114984015674951,26.028668660410435,10.023718675879138,5.486232855522326,5.785294420954934,4.970609466845416,5.506857791069403,4.650922965865732,32.27802413117459,0.0
./Eplus-env-08-19_thermostat_rbc_eco_year_2023_case_6_rep_0_zone_0_onoffseed_15_tempseed_10_comforttemp_20_setbacktemp_15_paper2_final_runs_v4-res1,2023,6,0,0,15,10,20,15,1.185933793956894,2.5471795400639374,4.310611529338971,6.290605341858306,7.332164586985665,18.923378364442613,20.284624110549654,9.126533979581314,6.455604826234918,5.125296483448489,18.263380426936166,0.1546870166030731
./Eplus-env-08-18_thermostat_rbc_eco_year_2023_case_0_rep_0_zone_0_onoffseed_5_tempseed_10_comforttemp_20_setbacktemp_17_paper2_final_runs_v4-res1,2023,0,0,0,5,10,20,17,0.0,0.0,0.0,0.0,0.04124987109415283,10.436217386820665,45.99360626998041,12.839022378055068,7.559038878003506,5.857481695369702,17.273383520676497,0.0
./Eplus-env-08-18_thermostat_rbc_eco_year_2022_case_0_rep_0_zone_0_onoffseed_5_tempseed_42_comforttemp_20_setbacktemp_17_paper2_final_runs_v4-res1,2022,0,0,0,5,42,20,17,0.0,0.0,0.0,3.846550479529751,42.03361864494173,12.931834588016914,6.5587295039703,5.909044034237393,5.2902959678251005,5.187171290089719,18.24275549138909,0.0
./Eplus-env-08-19_thermostat_rbc_eco_year_2022_case_9_rep_0_zone_9_onoffseed_5_tempseed_42_comforttemp_21_setbacktemp_15_paper2_final_runs_v4-res1,2022,9,0,9,5,42,21,15,0.010312467773538208,0.17531195215014952,1.7221821181808805,6.455604826234918,13.138083943487677,19.222439929875218,7.6002887490976585,6.661854181705682,5.98123130865216,5.774981953181396,33.25770856966072,0.0
./Eplus-env-08-19_thermostat_rbc_eco_year_2022_case_7_rep_0_zone_0_onoffseed_10_tempseed_30_comforttemp_20_setbacktemp_15_paper2_final_runs_v4-res1,2022,7,0,0,10,30,20,15,1.1962462617304321,2.4543673301020936,3.702175930700217,4.042487367226977,17.89213158708879,24.461173558832627,8.291224089924718,6.5999793750644535,5.362483242239868,5.383108177786944,20.32587398164381,0.2887490976590698
./Eplus-env-08-19_thermostat_rbc_eco_year_2023_case_8_rep_0_zone_0_onoffseed_5_tempseed_10_comforttemp_20_setbacktemp_13_paper2_final_runs_v4-res1,2023,8,0,0,5,10,20,13,0.0,0.0,0.0,0.0,0.08249974218830566,9.539032690522841,31.45302670929153,12.591523151490152,6.630916778385068,6.424667422914303,33.2783335052078,0.0
./Eplus-env-08-19_thermostat_rbc_eco_year_2023_case_12_rep_0_zone_9_onoffseed_5_tempseed_42_comforttemp_21_setbacktemp_15_paper2_final_runs_v4-res1,2023,12,0,9,5,42,21,15,0.0,0.0,0.04124987109415283,1.2581210683716613,11.570588841909869,29.607094977828197,20.047437351758276,8.012787460039188,5.805919356502011,4.7952975146952665,18.86150355780138,0.0
./Eplus-env-08-19_thermostat_rbc_eco_year_2022_case_6_rep_0_zone_0_onoffseed_5_tempseed_10_comforttemp_20_setbacktemp_13_paper2_final_runs_v4-res1,2022,6,0,0,5,10,20,13,0.0,0.0,0.010312467773538208,0.06187480664122925,0.5259358564504486,9.83809425595545,42.9411158090131,12.777147571413838,6.362792616273075,6.084355986387543,21.398370630091783,0.0
./Eplus-env-08-19_thermostat_rbc_eco_year_2023_case_9_rep_0_zone_0_onoffseed_5_tempseed_15_comforttemp_20_setbacktemp_15_paper2_final_runs_v4-res1,2023,9,0,0,5,15,20,15,0.0,0.0,0.0,0.0,0.0,0.05156233886769104,7.76528823347427,32.17489945343921,16.10807466226668,7.992162524492111,35.908012787460045,0.0
./Eplus-env-08-19_thermostat_rbc_eco_year_2022_case_2_rep_0_zone_0_onoffseed_10_tempseed_30_comforttemp_20_setbacktemp_15_paper2_final_runs_v4-res1,2022,2,0,0,10,30,20,15,1.4540579560688873,2.691554088893472,3.8878003506239045,4.3415489326595855,18.139630813653707,23.759925750232032,8.260286686604104,6.424667422914303,5.341858306692791,5.321233371145715,20.20212436836135,0.17531195215014952
./Eplus-env-08-19_thermostat_rbc_eco_year_2023_case_12_rep_0_zone_0_onoffseed_5_tempseed_10_comforttemp_20_setbacktemp_13_paper2_final_runs_v4-res1,2023,12,0,0,5,10,20,13,0.0,0.0,0.0,0.0,0.16499948437661133,9.72465711044653,44.240486748478915,12.89058471692276,7.455914200268124,5.970918840878622,19.55243889862844,0.0
./Eplus-env-08-19_thermostat_rbc_eco_year_2023_case_9_rep_0_zone_0_onoffseed_5_tempseed_10_comforttemp_20_setbacktemp_13_paper2_final_runs_v4-res1,2023,9,0,0,5,10,20,13,0.0,0.0,0.0,0.0,0.0,5.609982468804785,27.049602969990723,17.407445601732494,9.167783850675466,6.486542229555532,34.278642879241,0.0
./Eplus-env-08-19_thermostat_rbc_eco_year_2022_case_9_rep_0_zone_0_onoffseed_10_tempseed_15_comforttemp_20_setbacktemp_13_paper2_final_runs_v4-res1,2022,9,0,0,10,15,20,13,0.09281220996184388,0.09281220996184388,0.2578116943384552,0.5878106630916778,1.7221821181808805,3.5165515107765293,11.250902340930184,25.502732803959987,11.250902340930184,8.043724863359802,37.661132308961534,0.020624935547076416
./Eplus-env-08-19_thermostat_rbc_eco_year_2022_case_3_rep_0_zone_0_onoffseed_5_tempseed_10_comforttemp_20_setbacktemp_17_paper2_final_runs_v4-res1,2022,3,0,0,5,10,20,17,0.0,0.0,0.0,0.0,0.29906156543260803,12.82870991028153,26.81241621119934,12.240899247189853,7.5384139424564305,6.579354439517377,33.70114468392286,0.0
./Eplus-env-08-19_thermostat_rbc_eco_year_2022_case_3_rep_0_zone_9_onoffseed_5_tempseed_42_comforttemp_20_setbacktemp_15_paper2_final_runs_v4-res1,2022,3,0,9,5,42,20,15,0.0,0.0,3.062802928740848,11.632463648551099,22.759616376198824,9.353408270599155,5.2696710322780245,5.383108177786944,5.434670516654635,5.053109209033722,32.051149840156754,0.0
./Eplus-env-08-19_thermostat_rbc_eco_year_2022_case_7_rep_0_zone_0_onoffseed_15_tempseed_30_comforttemp_20_setbacktemp_13_paper2_final_runs_v4-res1,2022,7,0,0,15,30,20,13,1.3715582138805815,3.3515520263999177,5.228421161183872,6.1771681963493865,15.623388676910386,20.346498917190882,8.51809838094256,6.1771681963493865,5.032484273486645,5.372795710013406,21.553057646694853,1.247808600598123
./Eplus-env-08-19_thermostat_rbc_eco_year_2023_case_2_rep_0_zone_0_onoffseed_15_tempseed_15_comforttemp_20_setbacktemp_13_paper2_final_runs_v4-res1,2023,2,0,0,15,15,20,13,0.5568732597710633,1.3509332783335053,3.0937403320614623,5.042796741260184,6.465917294008457,7.682788491285965,20.459936062699803,20.521810869341035,9.26059606063731,6.208105599670001,19.181190058781066,0.17531195215014952
./Eplus-env-08-19_thermostat_rbc_eco_year_2022_case_5_rep_0_zone_0_onoffseed_5_tempseed_42_comforttemp_20_setbacktemp_15_paper2_final_runs_v4-res1,2022,5,0,0,5,42,20,15,0.0,0.0,0.030937403320614624,6.012168711972775,39.53800144374549,12.591523151490152,6.6515417139321436,5.558420129937094,5.331545838919253,5.094359080127875,19.191502526554604,0.0
./Eplus-env-08-19_thermostat_rbc_eco_year_2022_case_10_rep_0_zone_0_onoffseed_5_tempseed_15_comforttemp_20_setbacktemp_17_paper2_final_runs_v4-res1,2022,10,0,0,5,15,20,17,0.0,0.0,0.0,0.0,0.0,0.020624935547076416,7.094977828194287,45.642982365680105,13.643394864391048,7.084665360420749,26.513354645766736,0.0
./Eplus-env-08-19_thermostat_rbc_eco_year_2022_case_1_rep_0_zone_0_onoffseed_10_tempseed_15_comforttemp_20_setbacktemp_17_paper2_final_runs_v4-res1,2022,1,0,0,10,15,20,17,0.0,0.6290605341858306,3.073115396514386,3.7743632051149842,4.011549963906362,5.001546870166031,22.996803134990206,23.801175621326184,9.095596576260698,6.373105084046612,21.24368361348871,0.0
./Eplus-env-08-19_thermostat_rbc_eco_year_2022_case_11_rep_0_zone_0_onoffseed_10_tempseed_30_comforttemp_20_setbacktemp_15_paper2_final_runs_v4-res1,2022,11,0,0,10,30,20,15,1.484995359389502,2.825616169949469,3.722800866247293,4.176549448282974,17.634319892750337,24.79117252758585,7.868412911209652,6.33185521295246,5.114984015674951,5.310920903372177,20.511498401567497,0.22687429101784057
./Eplus-env-08-19_thermostat_rbc_eco_year_2022_case_5_rep_0_zone_9_onoffseed_5_tempseed_42_comforttemp_18_setbacktemp_15_paper2_final_runs_v4-res1,2022,5,0,9,5,42,18,15,0.43312364648860474,21.00649685469733,22.635866762916365,7.785913169021347,6.032793647519852,4.939672063524801,4.475611013715582,4.599360626998041,4.454986078168506,4.764360111374652,18.87181602557492,0.0
./Eplus-env-08-19_thermostat_rbc_eco_year_2023_case_8_rep_0_zone_0_onoffseed_10_tempseed_30_comforttemp_20_setbacktemp_15_paper2_final_runs_v4-res1,2023,8,0,0,10,30,20,15,0.08249974218830566,0.35062390430029905,1.09312158399505,2.774053831081778,12.931834588016914,24.110549654532328,10.06496854697329,6.496854697329072,5.630607404351862,5.702794678766629,30.76209136846447,0.0
./Eplus-env-08-19_thermostat_rbc_eco_year_2022_case_7_rep_0_zone_0_onoffseed_15_tempseed_10_comforttemp_20_setbacktemp_15_paper2_final_runs_v4-res1,2022,7,0,0,15,10,20,15,0.9796844384861298,2.0624935547076415,3.9393626894915954,5.310920903372177,6.96091574713829,17.397133133958956,20.7280602248118,8.56966071981025,6.125605857481696,5.651232339898938,22.017118696504074,0.2578116943384552
./Eplus-env-08-19_thermostat_rbc_eco_year_2022_case_7_rep_0_zone_0_onoffseed_15_tempseed_15_comforttemp_20_setbacktemp_15_paper2_final_runs_v4-res1,2022,7,0,0,15,15,20,15,0.8765597607507477,1.3303083427864288,2.4131174590079407,4.949984531298339,5.764669485407858,6.795916262761679,18.139630813653707,21.253996081262247,8.899659688563473,6.434979890687842,22.811178715066514,0.32999896875322265
./Eplus-env-08-19_thermostat_rbc_eco_year_2023_case_7_rep_0_zone_0_onoffseed_15_tempseed_15_comforttemp_20_setbacktemp_15_paper2_final_runs_v4-res1,2023,7,0,0,15,15,20,15,0.8249974218830567,1.3303083427864288,2.619366814478705,4.640610498092194,7.043415489326596,7.301227183665052,19.005878106630917,21.233371145715168,9.38434567391977,6.1668557285758485,20.367123852737958,0.08249974218830566
./Eplus-env-08-19_thermostat_rbc_eco_year_2022_case_12_rep_0_zone_0_onoffseed_5_tempseed_15_comforttemp_20_setbacktemp_17_paper2_final_runs_v4-res1,2022,12,0,0,5,15,20,17,0.0,0.0,0.0,0.0,0.0,0.1340620810559967,11.498401567495103,44.72517273383521,12.374961328245849,7.177477570382592,24.08992471898525,0.0
./Eplus-env-08-19_thermostat_rbc_eco_year_2022_case_1_rep_0_zone_0_onoffseed_10_tempseed_30_comforttemp_20_setbacktemp_17_paper2_final_runs_v4-res1,2022,1,0,0,10,30,20,17,0.010312467773538208,1.7221821181808805,5.785294420954934,4.217799319377127,16.98463442301743,26.977415695575953,8.425286170980716,6.15654326080231,5.197483757863257,4.980921934618954,19.542126430854903,0.0
./Eplus-env-08-19_thermostat_rbc_eco_year_2022_case_9_rep_0_zone_0_onoffseed_5_tempseed_15_comforttemp_20_setbacktemp_17_paper2_final_runs_v4-res1,2022,9,0,0,5,15,20,17,0.0,0.0,0.0,0.0,0.0,0.08249974218830566,7.858100443436114,29.741157058884195,14.550892028462412,9.37403320614623,38.393317520882746,0.0
./Eplus-env-08-19_thermostat_rbc_eco_year_2022_case_1_rep_0_zone_0_onoffseed_10_tempseed_42_comforttemp_20_setbacktemp_13_paper2_final_runs_v4-res1,2022,1,0,0,10,42,20,13,1.938743941425183,3.4340517685882235,4.516860884809735,15.695575951325152,23.70836341136434,8.590285655357327,5.486232855522326,5.228421161183872,4.671547901412808,5.073734144580798,20.109312158399504,1.5468701660307311
./Eplus-env-08-19_thermostat_rbc_eco_year_2023_case_10_rep_0_zone_0_onoffseed_15_tempseed_30_comforttemp_20_setbacktemp_13_paper2_final_runs_v4-res1,2023,10,0,0,15,30,20,13,1.5056202949365782,2.825616169949469,4.980921934618954,7.5487264102299685,15.406826853666084,20.82087243477364,8.280911622151182,6.208105599670001,6.063731050840466,5.455295452201712,20.12993709394658,0.7734350830153656
./Eplus-env-08-19_thermostat_rbc_eco_year_2022_case_10_rep_0_zone_0_onoffseed_10_tempseed_42_comforttemp_20_setbacktemp_13_paper2_final_runs_v4-res1,2022,10,0,0,10,42,20,13,1.4128080849747344,3.073115396514386,3.7124883984737544,12.354336392698773,24.16211199340002,9.72465711044653,5.795606888728472,5.558420129937094,4.7952975146952665,5.372795710013406,23.017428070537278,1.0209343095802825
./Eplus-env-08-19_thermostat_rbc_eco_year_2022_case_3_rep_0_zone_9_onoffseed_5_tempseed_42_comforttemp_19_setbacktemp_17_paper2_final_runs_v4-res1,2022,3,0,9,5,42,19,17,0.0,0.18562441992368775,12.839022378055068,21.96555635763638,7.6002887490976585,5.620294936578323,5.826544292049087,4.877797256883572,5.620294936578323,4.7952975146952665,30.669279158502626,0.0
./Eplus-env-08-19_thermostat_rbc_eco_year_2023_case_13_rep_0_zone_9_onoffseed_5_tempseed_42_comforttemp_21_setbacktemp_15_paper2_final_runs_v4-res1,2023,13,0,9,5,42,21,15,0.0,0.0,0.29906156543260803,5.2799835000515625,15.004640610498093,24.729297720944622,8.064349798906878,5.218108693410333,5.06342167680726,5.46560791997525,30.875528513973393,0.0
./Eplus-env-08-19_thermostat_rbc_eco_year_2022_case_13_rep_0_zone_0_onoffseed_15_tempseed_15_comforttemp_20_setbacktemp_17_paper2_final_runs_v4-res1,2022,13,0,0,15,15,20,17,0.0,0.10312467773538209,0.5671857275446014,1.000309374033206,2.444054862328555,5.352170774466329,14.695266577291946,22.800866247292976,9.72465711044653,7.641538620191812,35.670826028668664,0.0
./Eplus-env-08-19_thermostat_rbc_eco_year_2023_case_13_rep_0_zone_0_onoffseed_10_tempseed_10_comforttemp_20_setbacktemp_13_paper2_final_runs_v4-res1,2023,13,0,0,10,10,20,13,0.030937403320614624,0.18562441992368775,0.29906156543260803,1.5674951015778076,3.423739300814685,14.220893059709189,25.275858512942147,9.477157883881612,6.6515417139321436,6.290605341858306,32.5770856966072,0.0
./Eplus-env-08-19_thermostat_rbc_eco_year_2022_case_5_rep_0_zone_9_onoffseed_5_tempseed_42_comforttemp_20_setbacktemp_13_paper2_final_runs_v4-res1,2022,5,0,9,5,42,20,13,0.010312467773538208,1.9490564091987213,14.262142930803343,21.676807259977313,17.77869444157987,6.228730535217077,4.7849850469217285,4.7952975146952665,4.640610498092194,4.919047127977725,18.954315767763223,0.0
./Eplus-env-08-19_thermostat_rbc_eco_year_2023_case_12_rep_0_zone_9_onoffseed_5_tempseed_42_comforttemp_19_setbacktemp_17_paper2_final_runs_v4-res1,2023,12,0,9,5,42,19,17,0.0,0.0,17.6240074249768,31.97896256574198,6.249355470764153,5.661544807672476,5.06342167680726,5.939981437558008,5.2696710322780245,4.434361142621429,17.77869444157987,0.0
./Eplus-env-08-19_thermostat_rbc_eco_year_2022_case_2_rep_0_zone_9_onoffseed_5_tempseed_42_comforttemp_21_setbacktemp_17_paper2_final_runs_v4-res1,2022,2,0,9,5,42,21,17,0.0,0.0,0.0,6.1874806641229245,33.237083634113645,19.531813963081365,6.115293389708157,5.403733113334021,4.516860884809735,4.949984531298339,20.057749819531814,0.0
./Eplus-env-08-19_thermostat_rbc_eco_year_2022_case_7_rep_0_zone_9_onoffseed_5_tempseed_42_comforttemp_20_setbacktemp_13_paper2_final_runs_v4-res1,2022,7,0,9,5,42,20,13,0.0,0.47437351758275753,3.227802413117459,10.3640301124059,23.151490151593276,20.398061256058575,6.857791069402907,5.589357533257709,4.599360626998041,4.48592348148912,20.85180983809426,0.0
./Eplus-env-08-19_thermostat_rbc_eco_year_2022_case_14_rep_0_zone_9_onoffseed_5_tempseed_42_comforttemp_20_setbacktemp_15_paper2_final_runs_v4-res1,2022,14,0,9,5,42,20,15,0.010312467773538208,0.22687429101784057,4.960296999071878,13.818706816541198,17.221821181808807,8.7449726719604,5.259358564504486,5.98123130865216,6.393730019593689,5.403733113334021,31.97896256574198,0.0
./Eplus-env-08-19_thermostat_rbc_eco_year_2022_case_14_rep_0_zone_0_onoffseed_15_tempseed_15_comforttemp_20_setbacktemp_17_paper2_final_runs_v4-res1,2022,14,0,0,15,15,20,17,0.010312467773538208,0.10312467773538209,0.38156130762091367,0.7115602763741363,2.2996803134990205,4.929359595751263,11.653088584098175,22.800866247292976,12.271836650510467,8.198411879962874,36.64019799938125,0.0
./Eplus-env-08-19_thermostat_rbc_eco_year_2023_case_14_rep_0_zone_9_onoffseed_5_tempseed_42_comforttemp_21_setbacktemp_13_paper2_final_runs_v4-res1,2023,14,0,9,5,42,21,13,0.10312467773538209,1.0724966484479737,2.289367845725482,6.249355470764153,13.942456429823658,19.129627719913376,8.79653501082809,6.115293389708157,5.816231824275549,5.197483757863257,31.28802722491492,0.0
./Eplus-env-08-19_thermostat_rbc_eco_year_2023_case_9_rep_0_zone_9_onoffseed_5_tempseed_42_comforttemp_18_setbacktemp_13_paper2_final_runs_v4-res1,2023,9,0,9,5,42,18,13,0.11343714550892028,6.373105084046612,18.428379911312778,9.044034237393008,7.36310199030628,6.6515417139321436,6.094668454161081,4.949984531298339,5.042796741260184,5.341858306692791,30.597091884087863,0.0
./Eplus-env-08-19_thermostat_rbc_eco_year_2023_case_5_rep_0_zone_9_onoffseed_5_tempseed_42_comforttemp_18_setbacktemp_15_paper2_final_runs_v4-res1,2023,5,0,9,5,42,18,15,0.2681241621119934,23.790863153552642,24.79117252758585,5.836856759822625,4.434361142621429,5.084046612354336,5.176858822316181,5.795606888728472,4.702485304733423,4.413736207074352,15.70588841909869,0.0
./Eplus-env-08-19_thermostat_rbc_eco_year_2023_case_9_rep_0_zone_0_onoffseed_5_tempseed_30_comforttemp_20_setbacktemp_17_paper2_final_runs_v4-res1,2023,9,0,0,5,30,20,17,0.0,0.0,0.0,0.0,4.393111271527276,22.67711663401052,18.449004846859854,9.250283592863774,6.837166133855832,5.7337320820872435,32.6595854387955,0.0
./Eplus-env-08-19_thermostat_rbc_eco_year_2022_case_5_rep_0_zone_9_onoffseed_5_tempseed_42_comforttemp_19_setbacktemp_17_paper2_final_runs_v4-res1,2022,5,0,9,5,42,19,17,0.0,0.07218727441476745,15.747138290192844,32.350211405589356,7.858100443436114,5.352170774466329,4.991234402392492,5.06342167680726,4.8056099824688046,5.156233886769104,18.603691863462927,0.0
./Eplus-env-08-19_thermostat_rbc_eco_year_2022_case_4_rep_0_zone_0_onoffseed_10_tempseed_30_comforttemp_20_setbacktemp_17_paper2_final_runs_v4-res1,2022,4,0,0,10,30,20,17,0.010312467773538208,0.1237496132824585,0.938434567391977,2.3924925234608643,12.354336392698773,19.50087655976075,11.116840259874188,7.662163555738887,6.73404145612045,6.579354439517377,32.58739816438074,0.0
./Eplus-env-08-19_thermostat_rbc_eco_year_2023_case_4_rep_0_zone_0_onoffseed_15_tempseed_30_comforttemp_20_setbacktemp_15_paper2_final_runs_v4-res1,2023,4,0,0,15,30,20,15,0.04124987109415283,0.29906156543260803,1.392183149427658,4.063112302774054,12.168711972775085,19.27400226874291,12.808084974734454,8.105599670001032,5.609982468804785,5.909044034237393,30.328967721975868,0.0
./Eplus-env-08-19_thermostat_rbc_eco_year_2022_case_2_rep_0_zone_0_onoffseed_15_tempseed_10_comforttemp_20_setbacktemp_13_paper2_final_runs_v4-res1,2022,2,0,0,15,10,20,13,1.0621841806744354,2.330617716819635,4.094049706094668,5.609982468804785,7.084665360420749,18.07775600701248,20.20212436836135,8.126224605548108,5.909044034237393,5.909044034237393,20.85180983809426,0.742497679694751
./Eplus-env-08-19_thermostat_rbc_eco_year_2022_case_1_rep_0_zone_0_onoffseed_15_tempseed_42_comforttemp_20_setbacktemp_17_paper2_final_runs_v4-res1,2022,1,0,0,15,42,20,17,0.010312467773538208,4.279674126018356,8.7449726719604,13.705269671032278,23.409301845931733,9.270908528410848,6.135918325255234,5.486232855522326,4.815922450242343,4.960296999071878,19.181190058781066,0.0
./Eplus-env-08-19_thermostat_rbc_eco_year_2022_case_2_rep_0_zone_0_onoffseed_10_tempseed_42_comforttemp_20_setbacktemp_13_paper2_final_runs_v4-res1,2022,2,0,0,10,42,20,13,1.49530782716304,3.134990203155615,4.434361142621429,15.41713932143962,23.52273899144065,9.209033721769618,5.98123130865216,5.682169743219553,4.8056099824688046,5.073734144580798,19.799938125193357,1.443745488295349
./Eplus-env-08-19_thermostat_rbc_eco_year_2022_case_13_rep_0_zone_9_onoffseed_5_tempseed_42_comforttemp_21_setbacktemp_15_paper2_final_runs_v4-res1,2022,13,0,9,5,42,21,15,0.0,0.020624935547076416,0.7012478086005981,8.1777869444158,17.520882747241416,17.737444570485717,6.517479632876147,5.816231824275549,5.414045581107559,5.6409198721254,32.45333608332474,0.0
./Eplus-env-08-19_thermostat_rbc_eco_year_2022_case_10_rep_0_zone_0_onoffseed_15_tempseed_30_comforttemp_20_setbacktemp_13_paper2_final_runs_v4-res1,2022,10,0,0,15,30,20,13,1.185933793956894,3.0834278642879243,4.970609466845416,5.898731566463855,14.107455914200267,21.109621532432712,8.466536042074868,5.7543570176343195,5.403733113334021,5.785294420954934,23.398989378158195,0.8353098896565948
./Eplus-env-08-19_thermostat_rbc_eco_year_2022_case_1_rep_0_zone_0_onoffseed_5_tempseed_30_comforttemp_20_setbacktemp_13_paper2_final_runs_v4-res1,2022,1,0,0,5,30,20,13,0.0,0.0,0.0,0.17531195215014952,8.724347736413323,40.51768588223162,12.426523667113539,6.73404145612045,5.847169227596163,5.073734144580798,20.501185933793955,0.0
./Eplus-env-08-19_thermostat_rbc_eco_year_2022_case_14_rep_0_zone_0_onoffseed_5_tempseed_10_comforttemp_20_setbacktemp_15_paper2_final_runs_v4-res1,2022,14,0,0,5,10,20,15,0.0,0.0,0.0,0.0,0.020624935547076416,6.084355986387543,26.214293080334123,15.107765288233473,9.466845416108075,6.826853666082293,36.27926162730741,0.0
./Eplus-env-08-19_thermostat_rbc_eco_year_2023_case_5_rep_0_zone_9_onoffseed_5_tempseed_42_comforttemp_18_setbacktemp_17_paper2_final_runs_v4-res1,2023,5,0,9,5,42,18,17,0.0,4.052799835000516,40.44549860781685,8.239661751057028,5.599670001031247,5.372795710013406,5.661544807672476,5.310920903372177,4.898422192430648,4.66123543363927,15.757450757966382,0.0
./Eplus-env-08-18_thermostat_rbc_eco_year_2023_case_0_rep_0_zone_0_onoffseed_10_tempseed_10_comforttemp_20_setbacktemp_17_paper2_final_runs_v4-res1,2023,0,0,0,10,10,20,17,0.0,0.9178096318449005,4.640610498092194,4.919047127977725,4.8262349180158814,20.810559967000103,25.564607610601215,9.518407754975765,6.053418583066928,5.06342167680726,17.685882231618027,0.0
./Eplus-env-08-19_thermostat_rbc_eco_year_2022_case_2_rep_0_zone_0_onoffseed_15_tempseed_10_comforttemp_20_setbacktemp_17_paper2_final_runs_v4-res1,2022,2,0,0,15,10,20,17,0.0,1.794369392595648,6.300917809631845,5.579045065484171,6.115293389708157,19.191502526554604,20.346498917190882,8.219036815509952,5.671857275446015,5.7131071465401675,21.06837166133856,0.0
./Eplus-env-08-19_thermostat_rbc_eco_year_2022_case_2_rep_0_zone_0_onoffseed_15_tempseed_15_comforttemp_20_setbacktemp_17_paper2_final_runs_v4-res1,2022,2,0,0,15,15,20,17,0.0,0.8662472929772095,4.434361142621429,4.671547901412808,5.06342167680726,6.6927915850262965,21.24368361348871,19.531813963081365,8.51809838094256,6.311230277405383,22.666804166236982,0.0
./Eplus-env-08-19_thermostat_rbc_eco_year_2023_case_10_rep_0_zone_0_onoffseed_5_tempseed_10_comforttemp_20_setbacktemp_15_paper2_final_runs_v4-res1,2023,10,0,0,5,10,20,15,0.0,0.0,0.0,0.0,0.010312467773538208,6.1977931318964625,45.05517170258843,12.715272764772608,7.641538620191812,6.5587295039703,21.82118180880685,0.0
./Eplus-env-08-19_thermostat_rbc_eco_year_2022_case_5_rep_0_zone_0_onoffseed_5_tempseed_15_comforttemp_20_setbacktemp_17_paper2_final_runs_v4-res1,2022,5,0,0,5,15,20,17,0.0,0.0,0.0,0.0,0.030937403320614624,0.3093740332061462,11.436526760853873,45.4264205424358,13.086521604619985,7.662163555738887,22.048056099824688,0.0
./Eplus-env-08-18_thermostat_rbc_eco_year_2023_case_0_rep_0_zone_0_onoffseed_10_tempseed_30_comforttemp_20_setbacktemp_17_paper2_final_runs_v4-res1,2023,0,0,0,10,30,20,17,0.0,1.6190574404454987,6.290605341858306,4.991234402392492,16.994946890790967,26.843353614519955,9.116221511807776,7.36310199030628,5.7440445498607815,5.145921418995566,15.89151283902238,0.0
./Eplus-env-08-19_thermostat_rbc_eco_year_2022_case_5_rep_0_zone_0_onoffseed_15_tempseed_10_comforttemp_20_setbacktemp_17_paper2_final_runs_v4-res1,2022,5,0,0,15,10,20,17,0.0,1.7634319892750334,6.703104052799835,5.558420129937094,5.682169743219553,18.913065896669075,21.161183871300402,8.961534495204702,5.558420129937094,5.455295452201712,20.243374239455502,0.0
./Eplus-env-08-19_thermostat_rbc_eco_year_2022_case_10_rep_0_zone_0_onoffseed_10_tempseed_30_comforttemp_20_setbacktemp_17_paper2_final_runs_v4-res1,2022,10,0,0,10,30,20,17,0.0,1.3199958750128906,5.042796741260184,4.393111271527276,12.560585748169537,27.771475714138393,8.775910075281015,5.197483757863257,5.3006084355986385,5.836856759822625,23.801175621326184,0.0
./Eplus-env-08-19_thermostat_rbc_eco_year_2022_case_10_rep_0_zone_0_onoffseed_15_tempseed_10_comforttemp_20_setbacktemp_15_paper2_final_runs_v4-res1,2022,10,0,0,15,10,20,15,1.2168711972775086,2.1759307002165618,4.114674641641745,5.094359080127875,5.475920387748788,16.530885840981746,21.33649582345055,8.05403733113334,6.001856244199237,5.7131071465401675,24.131174590079407,0.1546870166030731
./Eplus-env-08-19_thermostat_rbc_eco_year_2023_case_7_rep_0_zone_0_onoffseed_15_tempseed_15_comforttemp_20_setbacktemp_17_paper2_final_runs_v4-res1,2023,7,0,0,15,15,20,17,0.0,0.7321852119212128,3.5784263174177577,5.104671547901413,6.579354439517377,6.713416520573373,19.6761885119109,21.944931422089304,9.693719707125915,5.939981437558008,20.03712488398474,0.0
./Eplus-env-08-19_thermostat_rbc_eco_year_2023_case_12_rep_0_zone_0_onoffseed_10_tempseed_10_comforttemp_20_setbacktemp_13_paper2_final_runs_v4-res1,2023,12,0,0,10,10,20,13,0.6496854697329071,1.4334330205218109,2.7946787666288544,4.578735691450964,5.455295452201712,19.16056512323399,24.461173558832627,9.291533463957926,7.146540167061978,5.537795194390018,19.191502526554604,0.29906156543260803
./Eplus-env-08-19_thermostat_rbc_eco_year_2022_case_7_rep_0_zone_0_onoffseed_15_tempseed_15_comforttemp_20_setbacktemp_13_paper2_final_runs_v4-res1,2022,7,0,0,15,15,20,13,0.5774981953181396,1.0828091162215119,2.825616169949469,5.042796741260184,5.785294420954934,6.5999793750644535,17.675569763844486,20.913684644735486,9.002784366298854,6.527792100649686,23.048365473857892,0.9178096318449005
./Eplus-env-08-19_thermostat_rbc_eco_year_2023_case_11_rep_0_zone_0_onoffseed_10_tempseed_30_comforttemp_20_setbacktemp_15_paper2_final_runs_v4-res1,2023,11,0,0,10,30,20,15,1.5778075693513458,2.4749922656491696,3.68155099515314,4.723110240280499,18.696504073424773,24.646797978756315,8.384036299886564,6.548417036196762,6.022481179746313,5.06342167680726,18.088068474786017,0.09281220996184388
./Eplus-env-08-19_thermostat_rbc_eco_year_2022_case_1_rep_0_zone_0_onoffseed_5_tempseed_10_comforttemp_20_setbacktemp_13_paper2_final_runs_v4-res1,2022,1,0,0,5,10,20,13,0.0,0.0,0.0,0.0,0.29906156543260803,10.797153758894504,43.20923997112509,11.983087552851398,6.6824791172527584,5.888419098690316,21.140558935753326,0.0
./Eplus-env-08-19_thermostat_rbc_eco_year_2022_case_14_rep_0_zone_0_onoffseed_5_tempseed_15_comforttemp_20_setbacktemp_17_paper2_final_runs_v4-res1,2022,14,0,0,5,15,20,17,0.0,0.0,0.0,0.0,0.0,0.1340620810559967,7.383726925853357,30.390842528617096,14.344642672991647,8.765597607507477,38.98112818397442,0.0
./Eplus-env-08-19_thermostat_rbc_eco_year_2023_case_4_rep_0_zone_0_onoffseed_15_tempseed_10_comforttemp_20_setbacktemp_17_paper2_final_runs_v4-res1,2023,4,0,0,15,10,20,17,0.0,0.07218727441476745,0.4434361142621429,1.3199958750128906,3.6918634629266784,9.611219964937609,21.388058162318245,16.891822213055583,7.424976796947509,6.754666391667525,32.401773744457046,0.0
./Eplus-env-08-19_thermostat_rbc_eco_year_2023_case_13_rep_0_zone_0_onoffseed_10_tempseed_10_comforttemp_20_setbacktemp_17_paper2_final_runs_v4-res1,2023,13,0,0,10,10,20,17,0.0,0.020624935547076416,0.494998453129834,1.4746828916159638,3.4340517685882235,14.746828916159638,26.038981128183973,9.600907497164071,5.970918840878622,6.012168711972775,32.205836856759824,0.0
./Eplus-env-08-19_thermostat_rbc_eco_year_2023_case_7_rep_0_zone_0_onoffseed_5_tempseed_10_comforttemp_20_setbacktemp_13_paper2_final_runs_v4-res1,2023,7,0,0,5,10,20,13,0.0,0.0,0.0,0.0,0.16499948437661133,9.77621944931422,44.890172218211816,12.694647829225532,7.569351345777045,5.816231824275549,19.08837784881922,0.0
./Eplus-env-08-19_thermostat_rbc_eco_year_2023_case_7_rep_0_zone_9_onoffseed_5_tempseed_42_comforttemp_18_setbacktemp_13_paper2_final_runs_v4-res1,2023,7,0,9,5,42,18,13,6.878416004949985,23.832113024646798,17.819944312674025,5.104671547901413,4.424048674847891,4.702485304733423,5.011859337939569,5.073734144580798,4.568423223677426,5.053109209033722,17.531195215014954,0.0
./Eplus-env-08-19_thermostat_rbc_eco_year_2022_case_14_rep_0_zone_0_onoffseed_5_tempseed_30_comforttemp_20_setbacktemp_13_paper2_final_runs_v4-res1,2022,14,0,0,5,30,20,13,0.0,0.0,0.0,0.010312467773538208,4.300299061565433,21.253996081262247,17.15994637516758,8.476848509848407,7.486851603588739,6.888728472723522,34.42301742807054,0.0
./Eplus-env-08-19_thermostat_rbc_eco_year_2023_case_12_rep_0_zone_0_onoffseed_15_tempseed_15_comforttemp_20_setbacktemp_17_paper2_final_runs_v4-res1,2023,12,0,0,15,15,20,17,0.0,0.47437351758275753,3.6609260596060635,4.970609466845416,6.723728988346911,6.6412292461586055,20.181499432814274,21.2952459523564,9.569970093843457,6.125605857481696,20.35681138496442,0.0
./Eplus-env-08-18_thermostat_rbc_eco_year_2022_case_0_rep_0_zone_0_onoffseed_10_tempseed_10_comforttemp_20_setbacktemp_13_paper2_final_runs_v4-res1,2022,0,0,0,10,10,20,13,0.8765597607507477,1.8562441992368772,3.27936475198515,3.7743632051149842,5.2902959678251005,19.665876044137363,24.182736928947097,8.693410333092709,6.249355470764153,5.702794678766629,19.717438383005053,0.7115602763741363
./Eplus-env-08-19_thermostat_rbc_eco_year_2022_case_12_rep_0_zone_9_onoffseed_5_tempseed_42_comforttemp_19_setbacktemp_13_paper2_final_runs_v4-res1,2022,12,0,9,5,42,19,13,0.43312364648860474,9.508095287202227,19.624626173043207,18.830566154480767,7.827163040115499,4.723110240280499,4.424048674847891,5.135608951222028,4.166236980509436,4.454986078168506,20.87243477364133,0.0
./Eplus-env-08-19_thermostat_rbc_eco_year_2022_case_10_rep_0_zone_9_onoffseed_5_tempseed_42_comforttemp_21_setbacktemp_15_paper2_final_runs_v4-res1,2022,10,0,9,5,42,21,15,0.0,0.0,0.22687429101784057,10.508404661235433,22.85242858616067,21.037434258017942,7.259977312570898,4.743735175827576,4.8262349180158814,5.341858306692791,23.20305249046097,0.0
./Eplus-env-08-19_thermostat_rbc_eco_year_2022_case_13_rep_0_zone_0_onoffseed_5_tempseed_30_comforttemp_20_setbacktemp_17_paper2_final_runs_v4-res1,2022,13,0,0,5,30,20,17,0.0,0.0,0.0,0.020624935547076416,8.198411879962874,25.946168918222128,12.488398473754769,7.332164586985665,6.527792100649686,5.950293905331546,33.536145199546255,0.0
./Eplus-env-08-18_thermostat_rbc_eco_year_2022_case_0_rep_0_zone_0_onoffseed_15_tempseed_42_comforttemp_20_setbacktemp_17_paper2_final_runs_v4-res1,2022,0,0,0,15,42,20,17,0.04124987109415283,4.7746725791481905,9.085284108487162,12.839022378055068,23.718675879137876,9.044034237393008,6.393730019593689,5.579045065484171,4.898422192430648,5.011859337939569,18.614004331236465,0.0
./Eplus-env-08-19_thermostat_rbc_eco_year_2023_case_12_rep_0_zone_0_onoffseed_5_tempseed_10_comforttemp_20_setbacktemp_17_paper2_final_runs_v4-res1,2023,12,0,0,5,10,20,17,0.0,0.0,0.0,0.0,0.030937403320614624,10.157780756935136,44.86954728266474,13.045271733525832,7.569351345777045,5.682169743219553,18.64494173455708,0.0
./Eplus-env-08-19_thermostat_rbc_eco_year_2023_case_9_rep_0_zone_0_onoffseed_10_tempseed_42_comforttemp_20_setbacktemp_13_paper2_final_runs_v4-res1,2023,9,0,0,10,42,20,13,0.030937403320614624,0.5259358564504486,1.49530782716304,7.631226152418273,18.07775600701248,13.98370630091781,9.312158399505002,6.32154274517892,5.7543570176343195,5.909044034237393,30.93740332061462,0.020624935547076416
./Eplus-env-08-19_thermostat_rbc_eco_year_2022_case_8_rep_0_zone_0_onoffseed_10_tempseed_15_comforttemp_20_setbacktemp_17_paper2_final_runs_v4-res1,2022,8,0,0,10,15,20,17,0.020624935547076416,0.1237496132824585,0.31968650097968443,0.742497679694751,1.9490564091987213,4.073424770547592,14.262142930803343,25.636794885015984,10.271217902444056,7.703413426833042,34.89739094565329,0.0
./Eplus-env-08-19_thermostat_rbc_eco_year_2022_case_11_rep_0_zone_0_onoffseed_10_tempseed_15_comforttemp_20_setbacktemp_17_paper2_final_runs_v4-res1,2022,11,0,0,10,15,20,17,0.0,0.48468598535629576,2.897803444364236,3.9909250283592863,3.9496751572651334,4.475611013715582,21.233371145715168,25.399608126224603,8.765597607507477,6.424667422914303,22.37805506857791,0.0
./Eplus-env-08-19_thermostat_rbc_eco_year_2023_case_11_rep_0_zone_0_onoffseed_15_tempseed_10_comforttemp_20_setbacktemp_13_paper2_final_runs_v4-res1,2023,11,0,0,15,10,20,13,1.144683922862741,2.495617201196246,4.444673610394967,5.929668969784469,7.064040424873673,18.675879137877693,20.109312158399504,8.868722285242859,6.837166133855832,5.568732597710632,18.253067959162628,0.6084355986387543
./Eplus-env-08-19_thermostat_rbc_eco_year_2023_case_11_rep_0_zone_0_onoffseed_15_tempseed_15_comforttemp_20_setbacktemp_13_paper2_final_runs_v4-res1,2023,11,0,0,15,15,20,13,0.47437351758275753,1.3199958750128906,2.9596782510054656,5.011859337939569,6.826853666082293,7.167165102609055,19.067752913272145,21.480870372280087,9.714344642672991,6.290605341858306,19.325564607610602,0.3609363720738373
./Eplus-env-08-19_thermostat_rbc_eco_year_2022_case_7_rep_0_zone_0_onoffseed_5_tempseed_15_comforttemp_20_setbacktemp_15_paper2_final_runs_v4-res1,2022,7,0,0,5,15,20,15,0.0,0.0,0.0,0.010312467773538208,0.05156233886769104,0.45374858203568114,10.601216871197277,45.75641951118903,12.240899247189853,7.290914715891512,23.59492626585542,0.0
./Eplus-env-08-19_thermostat_rbc_eco_year_2023_case_7_rep_0_zone_0_onoffseed_5_tempseed_15_comforttemp_20_setbacktemp_15_paper2_final_runs_v4-res1,2023,7,0,0,5,15,20,15,0.0,0.0,0.0,0.0,0.010312467773538208,0.22687429101784057,11.776838197380632,46.36485510982778,13.447457976693823,7.208414973703207,20.965246983603176,0.0
./Eplus-env-08-19_thermostat_rbc_eco_year_2023_case_2_rep_0_zone_0_onoffseed_10_tempseed_10_comforttemp_20_setbacktemp_13_paper2_final_runs_v4-res1,2023,2,0,0,10,10,20,13,0.8765597607507477,1.6603073115396514,2.681241621119934,4.516860884809735,5.98123130865216,20.222749303908426,24.182736928947097,9.074971640713622,6.465917294008457,5.496545323295865,18.572754460142313,0.2681241621119934
./Eplus-env-08-19_thermostat_rbc_eco_year_2023_case_5_rep_0_zone_0_onoffseed_15_tempseed_42_comforttemp_20_setbacktemp_17_paper2_final_runs_v4-res1,2023,5,0,0,15,42,20,17,0.0,4.66123543363927,10.17840569248221,14.066206043106117,23.780550685779104,8.466536042074868,6.26998040631123,6.208105599670001,5.372795710013406,4.8056099824688046,16.190574404454985,0.0
./Eplus-env-08-19_thermostat_rbc_eco_year_2023_case_14_rep_0_zone_0_onoffseed_10_tempseed_10_comforttemp_20_setbacktemp_17_paper2_final_runs_v4-res1,2023,14,0,0,10,10,20,17,0.0,0.010312467773538208,0.3403114365267609,0.9796844384861298,2.567804475611014,11.323089615344951,24.34773641332371,12.931834588016914,7.76528823347427,6.73404145612045,32.999896875322264,0.0
./Eplus-env-08-19_thermostat_rbc_eco_year_2023_case_1_rep_0_zone_0_onoffseed_5_tempseed_42_comforttemp_20_setbacktemp_13_paper2_final_runs_v4-res1,2023,1,0,0,5,42,20,13,0.0,0.0,0.06187480664122925,7.1156027637413635,39.80612560585748,11.8490254717954,7.414664329173972,6.300917809631845,6.074043518614005,4.815922450242343,16.561823244302364,0.0
./Eplus-env-08-19_thermostat_rbc_eco_year_2022_case_1_rep_0_zone_0_onoffseed_15_tempseed_30_comforttemp_20_setbacktemp_17_paper2_final_runs_v4-res1,2022,1,0,0,15,30,20,17,0.0,2.8771785088171598,7.930287717850881,5.661544807672476,17.397133133958956,22.120243374239458,8.012787460039188,6.053418583066928,5.372795710013406,4.867484789110034,19.707125915231515,0.0
./Eplus-env-08-18_thermostat_rbc_eco_year_2023_case_0_rep_0_zone_9_onoffseed_5_tempseed_42_comforttemp_20_setbacktemp_15_paper2_final_runs_v4-res1,2023,0,0,9,5,42,20,15,0.0,0.030937403320614624,10.570279467876663,29.85459420439311,16.79901000309374,6.393730019593689,5.434670516654635,5.434670516654635,5.341858306692791,4.640610498092194,15.499639063627926,0.0
./Eplus-env-08-18_thermostat_rbc_eco_year_2022_case_0_rep_0_zone_9_onoffseed_5_tempseed_42_comforttemp_20_setbacktemp_15_paper2_final_runs_v4-res1,2022,0,0,9,5,42,20,15,0.0,0.10312467773538209,9.827781788181913,26.82272867897288,18.913065896669075,6.373105084046612,4.929359595751263,4.650922965865732,4.599360626998041,4.88810972465711,18.892440961121995,0.0
./Eplus-env-08-19_thermostat_rbc_eco_year_2022_case_9_rep_0_zone_9_onoffseed_5_tempseed_42_comforttemp_18_setbacktemp_15_paper2_final_runs_v4-res1,2022,9,0,9,5,42,18,15,0.11343714550892028,12.684335361451996,12.282149118284005,8.435598638754254,7.167165102609055,5.7337320820872435,4.88810972465711,5.579045065484171,5.548107662163556,5.98123130865216,31.58708879034753,0.0
./Eplus-env-08-19_thermostat_rbc_eco_year_2023_case_9_rep_0_zone_0_onoffseed_5_tempseed_42_comforttemp_20_setbacktemp_15_paper2_final_runs_v4-res1,2023,9,0,0,5,42,20,15,0.0,0.0,0.0,3.4031143652676086,19.253377333195836,16.964009487470353,10.539342064556049,7.785913169021347,5.774981953181396,5.558420129937094,30.720841497370323,0.0
./Eplus-env-08-19_thermostat_rbc_eco_year_2023_case_10_rep_0_zone_9_onoffseed_5_tempseed_42_comforttemp_19_setbacktemp_17_paper2_final_runs_v4-res1,2023,10,0,9,5,42,19,17,0.0,0.0,12.581210683716613,35.423326802103745,6.280292874084768,4.898422192430648,5.352170774466329,5.310920903372177,5.073734144580798,5.104671547901413,19.97525007734351,0.0
./Eplus-env-08-19_thermostat_rbc_eco_year_2022_case_14_rep_0_zone_9_onoffseed_5_tempseed_42_comforttemp_19_setbacktemp_17_paper2_final_runs_v4-res1,2022,14,0,9,5,42,19,17,0.0,0.0,11.054965453232958,17.861194183768177,8.363411364339486,7.270289780344437,5.537795194390018,5.589357533257709,5.991543776425699,5.630607404351862,32.70083530988966,0.0
./Eplus-env-08-19_thermostat_rbc_eco_year_2023_case_14_rep_0_zone_0_onoffseed_5_tempseed_15_comforttemp_20_setbacktemp_17_paper2_final_runs_v4-res1,2023,14,0,0,5,15,20,17,0.0,0.0,0.0,0.0,0.0,0.020624935547076416,7.332164586985665,32.58739816438074,16.871197277508507,8.095287202227492,35.09332783335052,0.0
./Eplus-env-08-19_thermostat_rbc_eco_year_2023_case_14_rep_0_zone_9_onoffseed_5_tempseed_42_comforttemp_18_setbacktemp_15_paper2_final_runs_v4-res1,2023,14,0,9,5,42,18,15,0.010312467773538208,12.323398989378157,14.33433020521811,8.239661751057028,7.466226668041662,6.104980921934619,6.135918325255234,4.919047127977725,4.527173352583273,5.599670001031247,30.339280189749406,0.0
./Eplus-env-08-19_thermostat_rbc_eco_year_2022_case_9_rep_0_zone_0_onoffseed_15_tempseed_30_comforttemp_20_setbacktemp_17_paper2_final_runs_v4-res1,2022,9,0,0,15,30,20,17,0.010312467773538208,0.16499948437661133,1.103434051768588,3.1040527998350007,9.013096834072394,19.03681550995153,11.96246261730432,7.940600185624421,7.5796638135505825,6.404042487367227,33.68051974837579,0.0
./Eplus-env-08-19_thermostat_rbc_eco_year_2022_case_10_rep_0_zone_9_onoffseed_5_tempseed_42_comforttemp_21_setbacktemp_13_paper2_final_runs_v4-res1,2022,10,0,9,5,42,21,13,0.0,0.0,0.6909353408270599,2.1759307002165618,9.002784366298854,21.656182324430237,23.502114055893575,8.848097349695783,4.898422192430648,5.403733113334021,23.82180055687326,0.0
./Eplus-env-08-19_thermostat_rbc_eco_year_2022_case_2_rep_0_zone_0_onoffseed_5_tempseed_10_comforttemp_20_setbacktemp_15_paper2_final_runs_v4-res1,2022,2,0,0,5,10,20,15,0.0,0.0,0.0,0.0,0.247499226564917,10.724966484479737,41.43549551407652,11.91090027843663,6.816541198308755,6.362792616273075,22.501804681860367,0.0
./Eplus-env-08-19_thermostat_rbc_eco_year_2022_case_1_rep_0_zone_0_onoffseed_10_tempseed_10_comforttemp_20_setbacktemp_17_paper2_final_runs_v4-res1,2022,1,0,0,10,10,20,17,0.0,1.1240589873156646,4.145612044962359,3.908425286170981,4.186861916056513,20.03712488398474,25.812106837166134,8.353098896565948,6.393730019593689,5.898731566463855,20.14024956172012,0.0
./Eplus-env-08-19_thermostat_rbc_eco_year_2023_case_1_rep_0_zone_0_onoffseed_10_tempseed_42_comforttemp_20_setbacktemp_17_paper2_final_runs_v4-res1,2023,1,0,0,10,42,20,17,0.0,2.485304733422708,7.466226668041662,12.622460554810766,29.96803134990203,8.507785913169021,6.527792100649686,6.1668557285758485,5.568732597710632,4.609673094771579,16.077137258946067,0.0
./Eplus-env-08-19_thermostat_rbc_eco_year_2022_case_11_rep_0_zone_9_onoffseed_5_tempseed_42_comforttemp_18_setbacktemp_17_paper2_final_runs_v4-res1,2022,11,0,9,5,42,18,17,0.0,4.3621738682066615,35.70176343198928,9.363720738372692,6.878416004949985,5.7440445498607815,4.815922450242343,4.48592348148912,4.48592348148912,4.7849850469217285,19.377126946478292,0.0
./Eplus-env-08-19_thermostat_rbc_eco_year_2022_case_1_rep_0_zone_0_onoffseed_15_tempseed_30_comforttemp_20_setbacktemp_13_paper2_final_runs_v4-res1,2022,1,0,0,15,30,20,13,1.6706197793131896,3.506239043002991,5.630607404351862,6.393730019593689,16.74744766422605,19.96493760956997,7.65185108796535,6.115293389708157,5.424358048881097,5.444982984428174,19.841187996287513,1.6087449726719605
./Eplus-env-08-19_thermostat_rbc_eco_year_2023_case_6_rep_0_zone_0_onoffseed_10_tempseed_30_comforttemp_20_setbacktemp_17_paper2_final_runs_v4-res1,2023,6,0,0,10,30,20,17,0.0,1.4334330205218109,5.970918840878622,5.218108693410333,16.62369805094359,26.13179333814582,9.415283077240383,6.837166133855832,5.537795194390018,5.125296483448489,17.706507167165103,0.0
./Eplus-env-08-19_thermostat_rbc_eco_year_2022_case_7_rep_0_zone_0_onoffseed_5_tempseed_10_comforttemp_20_setbacktemp_15_paper2_final_runs_v4-res1,2022,7,0,0,5,10,20,15,0.0,0.0,0.0,0.010312467773538208,0.29906156543260803,9.49778281942869,41.72424461173559,11.931525213983708,6.806228730535217,6.239043002990615,23.491801588120037,0.0
./Eplus-env-08-19_thermostat_rbc_eco_year_2022_case_6_rep_0_zone_0_onoffseed_15_tempseed_42_comforttemp_20_setbacktemp_17_paper2_final_runs_v4-res1,2022,6,0,0,15,42,20,17,0.0,4.692172836959885,8.291224089924718,13.158708879034753,23.667113540270186,9.167783850675466,5.774981953181396,5.2696710322780245,4.939672063524801,4.733422708054038,20.305249046096733,0.0
./Eplus-env-08-19_thermostat_rbc_eco_year_2022_case_1_rep_0_zone_0_onoffseed_5_tempseed_42_comforttemp_20_setbacktemp_17_paper2_final_runs_v4-res1,2022,1,0,0,5,42,20,17,0.0,0.0,0.0,4.3621738682066615,39.888625348045785,13.23089615344952,6.868103537176447,5.661544807672476,5.011859337939569,5.011859337939569,19.96493760956997,0.0
./Eplus-env-08-19_thermostat_rbc_eco_year_2022_case_14_rep_0_zone_0_onoffseed_15_tempseed_30_comforttemp_20_setbacktemp_13_paper2_final_runs_v4-res1,2022,14,0,0,15,30,20,13,0.18562441992368775,0.32999896875322265,1.041559245127359,3.4340517685882235,8.724347736413323,18.449004846859854,12.64308549035784,8.146849541095184,6.795916262761679,6.352480148499535,33.793956893884705,0.10312467773538209
./Eplus-env-08-19_thermostat_rbc_eco_year_2022_case_12_rep_0_zone_0_onoffseed_5_tempseed_10_comforttemp_20_setbacktemp_17_paper2_final_runs_v4-res1,2022,12,0,0,5,10,20,17,0.0,0.0,0.0,0.0,0.04124987109415283,9.549345158296381,43.271114777766314,11.8490254717954,6.517479632876147,6.280292874084768,22.49149221408683,0.0
./Eplus-env-08-19_thermostat_rbc_eco_year_2022_case_12_rep_0_zone_0_onoffseed_10_tempseed_30_comforttemp_20_setbacktemp_15_paper2_final_runs_v4-res1,2022,12,0,0,10,30,20,15,1.4128080849747344,2.3924925234608643,3.5578013818706817,4.176549448282974,17.087759100752812,24.275549138908943,9.013096834072394,5.609982468804785,5.383108177786944,5.310920903372177,21.614932453336085,0.16499948437661133
./Eplus-env-08-19_thermostat_rbc_eco_year_2022_case_3_rep_0_zone_0_onoffseed_5_tempseed_10_comforttemp_20_setbacktemp_13_paper2_final_runs_v4-res1,2022,3,0,0,5,10,20,13,0.0,0.0,0.0,0.0,0.3403114365267609,12.808084974734454,26.998040631123025,11.488089099721563,7.837475507889039,6.940290811591214,33.587707538413945,0.0
./Eplus-env-08-19_thermostat_rbc_eco_year_2023_case_3_rep_0_zone_0_onoffseed_15_tempseed_15_comforttemp_20_setbacktemp_13_paper2_final_runs_v4-res1,2023,3,0,0,15,15,20,13,0.020624935547076416,0.19593688769722595,0.43312364648860474,1.3096834072393524,3.3824894297205326,6.775291327214602,20.057749819531814,20.573373208208725,8.332473961018872,6.919665876044137,31.999587501289056,0.0
./Eplus-env-08-19_thermostat_rbc_eco_year_2023_case_2_rep_0_zone_0_onoffseed_5_tempseed_42_comforttemp_20_setbacktemp_13_paper2_final_runs_v4-res1,2023,2,0,0,5,42,20,13,0.0,0.0,0.07218727441476745,6.837166133855832,40.435186140043314,11.67371351964525,6.826853666082293,6.38341755182015,5.620294936578323,5.053109209033722,17.09807156852635,0.0
./Eplus-env-08-19_thermostat_rbc_eco_year_2022_case_1_rep_0_zone_0_onoffseed_10_tempseed_30_comforttemp_20_setbacktemp_15_paper2_final_runs_v4-res1,2022,1,0,0,10,30,20,15,1.484995359389502,2.8359286377230073,3.4134268330411466,4.413736207074352,17.572445086109106,24.729297720944622,8.249974218830566,6.496854697329072,5.393420645560482,5.176858822316181,19.882437867381665,0.35062390430029905
./Eplus-env-08-19_thermostat_rbc_eco_year_2023_case_9_rep_0_zone_0_onoffseed_10_tempseed_42_comforttemp_20_setbacktemp_17_paper2_final_runs_v4-res1,2023,9,0,0,10,42,20,17,0.0,0.11343714550892028,1.5056202949365782,7.394039393626894,18.35619263689801,13.952768897597196,9.394658141693307,7.239352377023822,5.548107662163556,5.568732597710632,30.927090852841083,0.0
./Eplus-env-08-19_thermostat_rbc_eco_year_2022_case_13_rep_0_zone_9_onoffseed_5_tempseed_42_comforttemp_18_setbacktemp_17_paper2_final_runs_v4-res1,2022,13,0,9,5,42,18,17,0.010312467773538208,4.8365473857894195,20.346498917190882,9.229658657316696,7.517789006909354,5.630607404351862,5.692482210993091,4.980921934618954,5.094359080127875,5.053109209033722,31.607713725894605,0.0
./Eplus-env-08-19_thermostat_rbc_eco_year_2023_case_14_rep_0_zone_0_onoffseed_15_tempseed_42_comforttemp_20_setbacktemp_13_paper2_final_runs_v4-res1,2023,14,0,0,15,42,20,13,0.19593688769722595,0.6084355986387543,1.9593688769722597,8.899659688563473,16.98463442301743,12.869959781375684,9.332783335052078,6.6824791172527584,5.682169743219553,5.362483242239868,31.391151902650304,0.030937403320614624
./Eplus-env-08-19_thermostat_rbc_eco_year_2023_case_13_rep_0_zone_0_onoffseed_15_tempseed_10_comforttemp_20_setbacktemp_15_paper2_final_runs_v4-res1,2023,13,0,0,15,10,20,15,0.030937403320614624,0.23718675879137877,0.48468598535629576,2.0934309580282564,4.929359595751263,14.0352686397855,23.65680107249665,9.466845416108075,6.455604826234918,6.012168711972775,32.597710632154275,0.0
./Eplus-env-08-19_thermostat_rbc_eco_year_2022_case_6_rep_0_zone_9_onoffseed_5_tempseed_42_comforttemp_19_setbacktemp_13_paper2_final_runs_v4-res1,2022,6,0,9,5,42,19,13,0.43312364648860474,10.910590904403424,21.398370630091783,16.891822213055583,6.579354439517377,4.7849850469217285,5.104671547901413,4.692172836959885,4.465298545942044,4.619985562545117,20.119624626173042,0.0
./Eplus-env-08-19_thermostat_rbc_eco_year_2023_case_7_rep_0_zone_0_onoffseed_10_tempseed_30_comforttemp_20_setbacktemp_13_paper2_final_runs_v4-res1,2023,7,0,0,10,30,20,13,0.9281220996184386,2.2687429101784056,3.846550479529751,5.331545838919253,18.479942250180468,24.141487057852945,8.621223058677941,6.589666907290914,5.764669485407858,4.898422192430648,18.51087965350108,0.6187480664122924
./Eplus-env-08-19_thermostat_rbc_eco_year_2023_case_13_rep_0_zone_0_onoffseed_5_tempseed_10_comforttemp_20_setbacktemp_15_paper2_final_runs_v4-res1,2023,13,0,0,5,10,20,15,0.0,0.0,0.0,0.0,0.05156233886769104,9.652469836031763,31.318964628235534,11.8490254717954,7.064040424873673,6.424667422914303,33.639269877281635,0.0
./Eplus-env-08-19_thermostat_rbc_eco_year_2023_case_13_rep_0_zone_0_onoffseed_10_tempseed_15_comforttemp_20_setbacktemp_13_paper2_final_runs_v4-res1,2023,13,0,0,10,15,20,13,0.0,0.06187480664122925,0.23718675879137877,0.5671857275446014,1.9078065381045684,4.454986078168506,15.200577498195317,28.132412086212234,8.961534495204702,6.723728988346911,33.75270702279055,0.0
./Eplus-env-08-19_thermostat_rbc_eco_year_2023_case_11_rep_0_zone_0_onoffseed_5_tempseed_30_comforttemp_20_setbacktemp_17_paper2_final_runs_v4-res1,2023,11,0,0,5,30,20,17,0.0,0.0,0.0,0.010312467773538208,6.795916262761679,43.81767556976384,11.869650407342478,7.022790553779519,6.527792100649686,5.424358048881097,18.531504589048158,0.0
./Eplus-env-08-19_thermostat_rbc_eco_year_2022_case_1_rep_0_zone_9_onoffseed_5_tempseed_42_comforttemp_18_setbacktemp_13_paper2_final_runs_v4-res1,2022,1,0,9,5,42,18,13,6.620604310611529,21.800556873259772,16.345261421058062,7.022790553779519,5.847169227596163,4.919047127977725,4.815922450242343,4.3312364648860475,4.269361658244818,5.218108693410333,18.76869134783954,0.04124987109415283
./Eplus-env-08-19_thermostat_rbc_eco_year_2023_case_1_rep_0_zone_9_onoffseed_5_tempseed_42_comforttemp_18_setbacktemp_13_paper2_final_runs_v4-res1,2023,1,0,9,5,42,18,13,6.6927915850262965,24.68804784985047,18.06744353923894,5.145921418995566,4.475611013715582,4.919047127977725,5.341858306692791,5.001546870166031,5.331545838919253,4.578735691450964,15.736825822419304,0.020624935547076416
./Eplus-env-08-19_thermostat_rbc_eco_year_2023_case_2_rep_0_zone_9_onoffseed_5_tempseed_42_comforttemp_18_setbacktemp_15_paper2_final_runs_v4-res1,2023,2,0,9,5,42,18,15,0.5259358564504486,25.29648344848922,22.656491698463444,5.444982984428174,4.898422192430648,4.609673094771579,4.743735175827576,4.949984531298339,4.949984531298339,4.403423739300814,17.520882747241416,0.0
./Eplus-env-08-19_thermostat_rbc_eco_year_2023_case_14_rep_0_zone_0_onoffseed_15_tempseed_30_comforttemp_20_setbacktemp_17_paper2_final_runs_v4-res1,2023,14,0,0,15,30,20,17,0.0,0.09281220996184388,0.742497679694751,3.031865525420233,9.301845931731464,18.974940703310303,14.313705269671031,8.600598123130865,6.38341755182015,5.960606373105084,32.597710632154275,0.0
./Eplus-env-08-19_thermostat_rbc_eco_year_2023_case_14_rep_0_zone_0_onoffseed_15_tempseed_30_comforttemp_20_setbacktemp_15_paper2_final_runs_v4-res1,2023,14,0,0,15,30,20,15,0.09281220996184388,0.3093740332061462,0.8662472929772095,2.825616169949469,9.683407239352377,19.758688254099205,14.262142930803343,8.528410848716097,6.26998040631123,5.630607404351862,31.77271321027122,0.0
./Eplus-env-08-19_thermostat_rbc_eco_year_2022_case_3_rep_0_zone_0_onoffseed_5_tempseed_15_comforttemp_20_setbacktemp_13_paper2_final_runs_v4-res1,2022,3,0,0,5,15,20,13,0.0,0.0,0.0,0.0,0.0,0.32999896875322265,16.025574920078377,28.43147365164484,11.952150149530782,8.074662266680416,35.18614004331236,0.0
./Eplus-env-08-19_thermostat_rbc_eco_year_2022_case_2_rep_0_zone_9_onoffseed_5_tempseed_42_comforttemp_21_setbacktemp_13_paper2_final_runs_v4-res1,2022,2,0,9,5,42,21,13,0.0,0.07218727441476745,2.031556151387027,5.816231824275549,12.385273796019387,21.501495307827163,19.63493864081675,6.795916262761679,5.310920903372177,5.352170774466329,21.09930906465917,0.0
./Eplus-env-08-19_thermostat_rbc_eco_year_2023_case_13_rep_0_zone_0_onoffseed_5_tempseed_10_comforttemp_20_setbacktemp_13_paper2_final_runs_v4-res1,2023,13,0,0,5,10,20,13,0.0,0.0,0.0,0.0,0.04124987109415283,9.941218933690832,31.226152418273696,12.354336392698773,7.218727441476745,6.517479632876147,32.70083530988966,0.0
./Eplus-env-08-19_thermostat_rbc_eco_year_2022_case_13_rep_0_zone_0_onoffseed_5_tempseed_15_comforttemp_20_setbacktemp_17_paper2_final_runs_v4-res1,2022,13,0,0,5,15,20,17,0.0,0.0,0.0,0.0,0.0,0.07218727441476745,10.281530370217592,32.412086212230584,12.787460039187378,7.672476023512427,36.77426008043725,0.0
./Eplus-env-08-19_thermostat_rbc_eco_year_2023_case_13_rep_0_zone_0_onoffseed_5_tempseed_30_comforttemp_20_setbacktemp_17_paper2_final_runs_v4-res1,2023,13,0,0,5,30,20,17,0.0,0.0,0.0,0.020624935547076416,7.744663297927194,27.606476229761785,13.581520057749819,7.064040424873673,5.909044034237393,6.125605857481696,31.948025162421366,0.0
./Eplus-env-08-19_thermostat_rbc_eco_year_2023_case_12_rep_0_zone_9_onoffseed_5_tempseed_42_comforttemp_18_setbacktemp_17_paper2_final_runs_v4-res1,2023,12,0,9,5,42,18,17,0.0,5.001546870166031,38.14581829431783,7.507476539135816,5.352170774466329,5.2902959678251005,5.23873362895741,5.475920387748788,4.8571723213364955,5.310920903372177,17.819944312674025,0.0
./Eplus-env-08-19_thermostat_rbc_eco_year_2022_case_13_rep_0_zone_9_onoffseed_5_tempseed_42_comforttemp_18_setbacktemp_13_paper2_final_runs_v4-res1,2022,13,0,9,5,42,18,13,3.186552542023306,12.333711457151697,14.973703207177477,7.476539135815201,6.063731050840466,4.743735175827576,5.022171805713107,4.681860369186346,5.197483757863257,4.671547901412808,31.638651129215223,0.010312467773538208
./Eplus-env-08-19_thermostat_rbc_eco_year_2023_case_14_rep_0_zone_0_onoffseed_5_tempseed_30_comforttemp_20_setbacktemp_13_paper2_final_runs_v4-res1,2023,14,0,0,5,30,20,13,0.0,0.0,0.0,0.010312467773538208,4.403423739300814,22.192430648654224,18.139630813653707,9.549345158296381,6.991853150458905,6.053418583066928,32.6595854387955,0.0
./Eplus-env-08-19_thermostat_rbc_eco_year_2022_case_13_rep_0_zone_0_onoffseed_10_tempseed_30_comforttemp_20_setbacktemp_13_paper2_final_runs_v4-res1,2022,13,0,0,10,30,20,13,0.11343714550892028,0.19593688769722595,1.000309374033206,2.774053831081778,11.766525729607096,22.72867897287821,9.229658657316696,6.816541198308755,6.32154274517892,5.424358048881097,33.57739507064041,0.05156233886769104
./Eplus-env-08-19_thermostat_rbc_eco_year_2022_case_6_rep_0_zone_9_onoffseed_5_tempseed_42_comforttemp_20_setbacktemp_13_paper2_final_runs_v4-res1,2022,6,0,9,5,42,20,13,0.0,0.21656182324430237,0.9487470351655151,8.095287202227492,24.378673816644323,23.58461379808188,8.34278642879241,5.2799835000515625,4.681860369186346,5.084046612354336,19.38743941425183,0.0
./Eplus-env-08-19_thermostat_rbc_eco_year_2023_case_8_rep_0_zone_0_onoffseed_10_tempseed_42_comforttemp_20_setbacktemp_17_paper2_final_runs_v4-res1,2023,8,0,0,10,42,20,17,0.010312467773538208,0.2578116943384552,2.5162421367433225,11.632463648551099,20.532123337114573,10.98277817881819,6.6721666494792204,4.960296999071878,5.011859337939569,5.414045581107559,32.009899969062594,0.0
./Eplus-env-08-19_thermostat_rbc_eco_year_2023_case_5_rep_0_zone_0_onoffseed_5_tempseed_15_comforttemp_20_setbacktemp_13_paper2_final_runs_v4-res1,2023,5,0,0,5,15,20,13,0.0,0.0,0.0,0.020624935547076416,0.19593688769722595,0.48468598535629576,10.828091162215118,48.014849953593895,14.241517995256265,7.18779003815613,19.026503042177993,0.0
./Eplus-env-08-19_thermostat_rbc_eco_year_2022_case_6_rep_0_zone_0_onoffseed_15_tempseed_30_comforttemp_20_setbacktemp_15_paper2_final_runs_v4-res1,2022,6,0,0,15,30,20,15,2.2584304424048676,3.4959265752294524,5.331545838919253,5.785294420954934,16.840259874187893,19.944312674022893,8.208724347736414,6.32154274517892,5.011859337939569,5.084046612354336,21.109621532432712,0.6084355986387543
./Eplus-env-08-19_thermostat_rbc_eco_year_2023_case_4_rep_0_zone_0_onoffseed_10_tempseed_42_comforttemp_20_setbacktemp_15_paper2_final_runs_v4-res1,2023,4,0,0,10,42,20,15,0.1443745488295349,0.6290605341858306,1.876869134783954,10.652779210064969,17.8405692482211,13.777456945447044,8.683097865319171,5.847169227596163,5.506857791069403,5.517170258842941,29.52459523563989,0.0
./Eplus-env-08-19_thermostat_rbc_eco_year_2023_case_14_rep_0_zone_9_onoffseed_5_tempseed_42_comforttemp_19_setbacktemp_15_paper2_final_runs_v4-res1,2023,14,0,9,5,42,19,15,0.0,1.1653088584098175,13.581520057749819,17.03619676188512,8.848097349695783,7.24966484479736,5.857481695369702,4.919047127977725,5.176858822316181,5.372795710013406,30.793028771785085,0.0
./Eplus-env-08-19_thermostat_rbc_eco_year_2022_case_14_rep_0_zone_0_onoffseed_5_tempseed_15_comforttemp_20_setbacktemp_15_paper2_final_runs_v4-res1,2022,14,0,0,5,15,20,15,0.0,0.0,0.0,0.0,0.0,0.05156233886769104,3.629988656285449,24.543673301020934,21.944931422089304,10.034031143652676,39.79581313808394,0.0
./Eplus-env-08-19_thermostat_rbc_eco_year_2022_case_10_rep_0_zone_0_onoffseed_10_tempseed_15_comforttemp_20_setbacktemp_15_paper2_final_runs_v4-res1,2022,10,0,0,10,15,20,15,0.5156233886769104,0.897184696297824,1.835619263689801,3.1143652676085387,3.959987625038672,4.8365473857894195,18.108693410333093,25.997731257089825,8.930597091884088,6.775291327214602,24.987109415283076,0.04124987109415283
./Eplus-env-08-19_thermostat_rbc_eco_year_2023_case_13_rep_0_zone_0_onoffseed_15_tempseed_30_comforttemp_20_setbacktemp_17_paper2_final_runs_v4-res1,2023,13,0,0,15,30,20,17,0.0,0.21656182324430237,1.5984325048984223,4.063112302774054,13.664019799938126,21.87274414767454,9.77621944931422,5.929668969784469,5.537795194390018,5.548107662163556,31.793338145818296,0.0
./Eplus-env-08-19_thermostat_rbc_eco_year_2022_case_12_rep_0_zone_9_onoffseed_5_tempseed_42_comforttemp_18_setbacktemp_13_paper2_final_runs_v4-res1,2022,12,0,9,5,42,18,13,5.888419098690316,22.068681035371764,15.89151283902238,7.321852119212127,5.053109209033722,4.919047127977725,4.269361658244818,4.578735691450964,4.403423739300814,4.8468598535629575,20.738372692585337,0.020624935547076416
./Eplus-env-08-19_thermostat_rbc_eco_year_2022_case_12_rep_0_zone_9_onoffseed_5_tempseed_42_comforttemp_18_setbacktemp_17_paper2_final_runs_v4-res1,2022,12,0,9,5,42,18,17,0.0,4.898422192430648,35.021140558935755,9.219346189543158,6.228730535217077,4.908734660204187,4.867484789110034,4.8056099824688046,4.465298545942044,4.7952975146952665,20.789935031453027,0.0
./Eplus-env-08-19_thermostat_rbc_eco_year_2023_case_12_rep_0_zone_0_onoffseed_15_tempseed_42_comforttemp_20_setbacktemp_17_paper2_final_runs_v4-res1,2023,12,0,0,15,42,20,17,0.010312467773538208,4.424048674847891,9.332783335052078,14.220893059709189,22.934928328348974,8.291224089924718,5.98123130865216,6.362792616273075,5.630607404351862,4.7849850469217285,18.02619366814479,0.0
./Eplus-env-08-19_thermostat_rbc_eco_year_2023_case_1_rep_0_zone_0_onoffseed_5_tempseed_15_comforttemp_20_setbacktemp_17_paper2_final_runs_v4-res1,2023,1,0,0,5,15,20,17,0.0,0.0,0.0,0.0,0.0,0.23718675879137877,12.26152418273693,46.962978240693,14.344642672991647,7.610601216871197,18.58306692791585,0.0
./Eplus-env-08-19_thermostat_rbc_eco_year_2023_case_11_rep_0_zone_9_onoffseed_5_tempseed_42_comforttemp_18_setbacktemp_15_paper2_final_runs_v4-res1,2023,11,0,9,5,42,18,15,0.45374858203568114,25.00773435083015,23.388676910384653,5.372795710013406,4.527173352583273,4.7849850469217285,4.640610498092194,5.310920903372177,4.8365473857894195,4.919047127977725,16.75776013199959,0.0
./Eplus-env-08-19_thermostat_rbc_eco_year_2023_case_1_rep_0_zone_0_onoffseed_5_tempseed_30_comforttemp_20_setbacktemp_17_paper2_final_runs_v4-res1,2023,1,0,0,5,30,20,17,0.0,0.0,0.0,0.010312467773538208,7.1156027637413635,44.52923584613798,12.096524698360318,7.208414973703207,6.569041971743839,5.321233371145715,17.14963390739404,0.0
./Eplus-env-08-19_thermostat_rbc_eco_year_2023_case_14_rep_0_zone_0_onoffseed_5_tempseed_10_comforttemp_20_setbacktemp_17_paper2_final_runs_v4-res1,2023,14,0,0,5,10,20,17,0.0,0.0,0.0,0.0,0.0,6.486542229555532,27.61678869753532,18.191193152521397,8.600598123130865,6.5999793750644535,32.50489842219243,0.0
./Eplus-env-08-19_thermostat_rbc_eco_year_2023_case_14_rep_0_zone_0_onoffseed_5_tempseed_30_comforttemp_20_setbacktemp_17_paper2_final_runs_v4-res1,2023,14,0,0,5,30,20,17,0.0,0.0,0.0,0.0,4.207486851603589,22.697741569557593,18.201505620294935,10.467154790141281,6.713416520573373,5.589357533257709,32.12333711457151,0.0
./Eplus-env-08-19_thermostat_rbc_eco_year_2023_case_9_rep_0_zone_0_onoffseed_5_tempseed_10_comforttemp_20_setbacktemp_17_paper2_final_runs_v4-res1,2023,9,0,0,5,10,20,17,0.0,0.0,0.0,0.0,0.010312467773538208,6.249355470764153,27.163040115499637,17.65494482829741,8.755285139733939,6.754666391667525,33.41239558626379,0.0
./Eplus-env-08-19_thermostat_rbc_eco_year_2022_case_2_rep_0_zone_0_onoffseed_15_tempseed_30_comforttemp_20_setbacktemp_17_paper2_final_runs_v4-res1,2022,2,0,0,15,30,20,17,0.010312467773538208,2.8359286377230073,7.270289780344437,5.950293905331546,16.62369805094359,21.47055790450655,8.662472929772095,6.135918325255234,4.7746725791481905,5.486232855522326,20.77962256367949,0.0
./Eplus-env-08-19_thermostat_rbc_eco_year_2022_case_12_rep_0_zone_0_onoffseed_10_tempseed_10_comforttemp_20_setbacktemp_13_paper2_final_runs_v4-res1,2022,12,0,0,10,10,20,13,0.6084355986387543,1.3199958750128906,2.9184283799113127,4.094049706094668,4.8262349180158814,19.21212746210168,25.100546560791997,8.414973703207178,5.847169227596163,5.651232339898938,21.491182840053625,0.5156233886769104
./Eplus-env-08-19_thermostat_rbc_eco_year_2023_case_12_rep_0_zone_0_onoffseed_15_tempseed_10_comforttemp_20_setbacktemp_13_paper2_final_runs_v4-res1,2023,12,0,0,15,10,20,13,0.9487470351655151,1.876869134783954,4.382798803753738,6.465917294008457,6.84747860162937,18.253067959162628,20.367123852737958,9.013096834072394,6.837166133855832,5.857481695369702,18.675879137877693,0.47437351758275753
./Eplus-env-08-19_thermostat_rbc_eco_year_2023_case_12_rep_0_zone_0_onoffseed_10_tempseed_10_comforttemp_20_setbacktemp_15_paper2_final_runs_v4-res1,2023,12,0,0,10,10,20,15,0.6496854697329071,1.6190574404454987,2.743116427761163,4.743735175827576,5.558420129937094,19.73806331855213,24.95617201196246,8.85840981746932,6.44529235846138,5.46560791997525,19.16056512323399,0.06187480664122925
./Eplus-env-08-18_thermostat_rbc_eco_year_2023_case_0_rep_0_zone_0_onoffseed_10_tempseed_30_comforttemp_20_setbacktemp_13_paper2_final_runs_v4-res1,2023,0,0,0,10,30,20,13,1.3715582138805815,2.6503042177993192,4.032174899453439,5.589357533257709,18.12931834588017,23.99711250902341,9.693719707125915,6.239043002990615,6.1771681963493865,5.094359080127875,15.922450242342991,1.103434051768588
./Eplus-env-08-18_thermostat_rbc_eco_year_2023_case_0_rep_0_zone_9_onoffseed_5_tempseed_42_comforttemp_21_setbacktemp_15_paper2_final_runs_v4-res1,2023,0,0,9,5,42,21,15,0.0,0.0,0.8765597607507477,17.26307105290296,26.678354130143344,16.438073631019904,6.971228214911829,5.548107662163556,5.084046612354336,5.022171805713107,16.11838713004022,0.0
./Eplus-env-08-19_thermostat_rbc_eco_year_2023_case_14_rep_0_zone_9_onoffseed_5_tempseed_42_comforttemp_19_setbacktemp_17_paper2_final_runs_v4-res1,2023,14,0,9,5,42,19,17,0.0,0.0,11.384964421986181,19.789625657419823,9.095596576260698,7.198102505929669,6.744353923893988,4.898422192430648,4.815922450242343,5.372795710013406,30.700216561823247,0.0
./Eplus-env-08-19_thermostat_rbc_eco_year_2023_case_5_rep_0_zone_0_onoffseed_5_tempseed_42_comforttemp_20_setbacktemp_15_paper2_final_runs_v4-res1,2023,5,0,0,5,42,20,15,0.0,0.0,0.0,6.455604826234918,41.64174486954728,12.075899762813242,6.857791069402907,6.352480148499535,5.517170258842941,4.764360111374652,16.33494895328452,0.0
./Eplus-env-08-19_thermostat_rbc_eco_year_2023_case_4_rep_0_zone_9_onoffseed_5_tempseed_42_comforttemp_19_setbacktemp_17_paper2_final_runs_v4-res1,2023,4,0,9,5,42,19,17,0.0,0.010312467773538208,11.580901309683407,20.903372176961945,9.941218933690832,7.5384139424564305,5.929668969784469,5.114984015674951,5.135608951222028,5.46560791997525,28.379911312777146,0.0
./Eplus-env-08-19_thermostat_rbc_eco_year_2022_case_5_rep_0_zone_0_onoffseed_5_tempseed_42_comforttemp_20_setbacktemp_13_paper2_final_runs_v4-res1,2022,5,0,0,5,42,20,13,0.0,0.0,0.1237496132824585,6.032793647519852,39.03269052284212,12.168711972775085,6.744353923893988,5.919356502010931,5.053109209033722,5.135608951222028,19.789625657419823,0.0
./Eplus-env-08-19_thermostat_rbc_eco_year_2023_case_5_rep_0_zone_0_onoffseed_15_tempseed_15_comforttemp_20_setbacktemp_17_paper2_final_runs_v4-res1,2023,5,0,0,15,15,20,17,0.0,0.8043724863359802,4.609673094771579,5.692482210993091,6.548417036196762,6.826853666082293,20.758997628132413,21.532432711147777,9.43590801278746,6.012168711972775,17.77869444157987,0.0
./Eplus-env-08-19_thermostat_rbc_eco_year_2023_case_2_rep_0_zone_0_onoffseed_15_tempseed_42_comforttemp_20_setbacktemp_17_paper2_final_runs_v4-res1,2023,2,0,0,15,42,20,17,0.0,4.48592348148912,9.78653191708776,14.922140868309786,23.038053006084354,7.899350314530267,6.507167165102609,5.630607404351862,5.558420129937094,4.991234402392492,17.180571310714654,0.0
./Eplus-env-08-19_thermostat_rbc_eco_year_2022_case_11_rep_0_zone_0_onoffseed_10_tempseed_10_comforttemp_20_setbacktemp_15_paper2_final_runs_v4-res1,2022,11,0,0,10,10,20,15,0.9074971640713623,1.6087449726719605,3.1762400742497676,3.9187377539445194,4.898422192430648,19.55243889862844,24.966484479736,9.239971125090234,5.702794678766629,5.7337320820872435,20.212436836134888,0.08249974218830566
./Eplus-env-08-19_thermostat_rbc_eco_year_2022_case_13_rep_0_zone_0_onoffseed_5_tempseed_42_comforttemp_20_setbacktemp_13_paper2_final_runs_v4-res1,2022,13,0,0,5,42,20,13,0.0,0.0,0.0,5.774981953181396,23.667113540270186,12.973084459111064,7.13622769928844,6.620604310611529,5.826544292049087,5.589357533257709,32.412086212230584,0.0
./Eplus-env-08-19_thermostat_rbc_eco_year_2023_case_12_rep_0_zone_9_onoffseed_5_tempseed_42_comforttemp_21_setbacktemp_13_paper2_final_runs_v4-res1,2023,12,0,9,5,42,21,13,0.0,0.0,0.04124987109415283,1.6809322470867278,12.426523667113539,28.503660926059602,21.00649685469733,7.435289264721049,5.671857275446015,4.640610498092194,18.59337939568939,0.0
./Eplus-env-08-19_thermostat_rbc_eco_year_2022_case_10_rep_0_zone_0_onoffseed_5_tempseed_10_comforttemp_20_setbacktemp_17_paper2_final_runs_v4-res1,2022,10,0,0,5,10,20,17,0.0,0.0,0.0,0.0,0.0,5.558420129937094,44.18892440961122,11.91090027843663,6.795916262761679,5.878106630916778,25.667732288336598,0.0
./Eplus-env-08-19_thermostat_rbc_eco_year_2023_case_10_rep_0_zone_0_onoffseed_5_tempseed_15_comforttemp_20_setbacktemp_15_paper2_final_runs_v4-res1,2023,10,0,0,5,15,20,15,0.0,0.0,0.0,0.0,0.0,0.05156233886769104,7.5796638135505825,47.509539032690526,13.98370630091781,7.6002887490976585,23.275239764875735,0.0
./Eplus-env-08-19_thermostat_rbc_eco_year_2023_case_11_rep_0_zone_0_onoffseed_15_tempseed_42_comforttemp_20_setbacktemp_13_paper2_final_runs_v4-res1,2023,11,0,0,15,42,20,13,2.825616169949469,4.702485304733423,7.177477570382592,16.04619985562545,19.872125399608127,8.322161493245334,6.26998040631123,5.816231824275549,5.527482726616479,4.815922450242343,16.86088480973497,1.7634319892750334
./Eplus-env-08-19_thermostat_rbc_eco_year_2023_case_12_rep_0_zone_0_onoffseed_5_tempseed_10_comforttemp_20_setbacktemp_15_paper2_final_runs_v4-res1,2023,12,0,0,5,10,20,15,0.0,0.0,0.0,0.0,0.11343714550892028,9.32247086727854,45.06548417036197,12.519335877075385,7.332164586985665,5.785294420954934,19.86181293183459,0.0
./Eplus-env-08-19_thermostat_rbc_eco_year_2022_case_12_rep_0_zone_0_onoffseed_15_tempseed_30_comforttemp_20_setbacktemp_15_paper2_final_runs_v4-res1,2022,12,0,0,15,30,20,15,1.876869134783954,3.526863978550067,4.991234402392492,6.001856244199237,16.90213468082912,20.82087243477364,8.363411364339486,6.32154274517892,5.228421161183872,5.424358048881097,20.181499432814274,0.3609363720738373
./Eplus-env-08-19_thermostat_rbc_eco_year_2023_case_10_rep_0_zone_9_onoffseed_5_tempseed_42_comforttemp_20_setbacktemp_15_paper2_final_runs_v4-res1,2023,10,0,9,5,42,20,15,0.0,0.0,7.043415489326596,29.79271939775188,16.365886356605134,6.074043518614005,5.084046612354336,5.3006084355986385,5.558420129937094,5.383108177786944,19.397751882025368,0.0
./Eplus-env-08-19_thermostat_rbc_eco_year_2022_case_7_rep_0_zone_0_onoffseed_10_tempseed_42_comforttemp_20_setbacktemp_13_paper2_final_runs_v4-res1,2022,7,0,0,10,42,20,13,1.7428070537279572,3.1040527998350007,4.547798288130349,14.932453336083324,23.553676394761265,8.22934928328349,5.434670516654635,5.568732597710632,4.970609466845416,5.527482726616479,21.17149633907394,1.2168711972775086
./Eplus-env-08-19_thermostat_rbc_eco_year_2022_case_7_rep_0_zone_0_onoffseed_10_tempseed_15_comforttemp_20_setbacktemp_17_paper2_final_runs_v4-res1,2022,7,0,0,10,15,20,17,0.0,0.47437351758275753,2.6399917500257812,3.588738785191296,3.9909250283592863,4.7849850469217285,20.31556151387027,26.111168402598743,8.693410333092709,5.939981437558008,23.460864184799423,0.0
./Eplus-env-08-19_thermostat_rbc_eco_year_2023_case_1_rep_0_zone_0_onoffseed_5_tempseed_15_comforttemp_20_setbacktemp_15_paper2_final_runs_v4-res1,2023,1,0,0,5,15,20,15,0.0,0.0,0.0,0.0,0.0,0.31968650097968443,12.529648344848923,47.5301639682376,13.014334330205218,6.919665876044137,19.68650097968444,0.0
./Eplus-env-08-19_thermostat_rbc_eco_year_2023_case_10_rep_0_zone_0_onoffseed_10_tempseed_42_comforttemp_20_setbacktemp_13_paper2_final_runs_v4-res1,2023,10,0,0,10,42,20,13,1.5262452304836547,2.9081159121377747,4.681860369186346,13.725894606579356,25.739919562751368,7.631226152418273,6.1668557285758485,5.991543776425699,5.259358564504486,5.444982984428174,20.016499948437662,0.9074971640713623
./Eplus-env-08-19_thermostat_rbc_eco_year_2022_case_11_rep_0_zone_0_onoffseed_10_tempseed_42_comforttemp_20_setbacktemp_13_paper2_final_runs_v4-res1,2022,11,0,0,10,42,20,13,1.990306280292874,3.506239043002991,4.465298545942044,15.179952562648241,24.08992471898525,8.775910075281015,6.032793647519852,5.104671547901413,4.8571723213364955,4.8571723213364955,19.769000721872747,1.3715582138805815
./Eplus-env-08-19_thermostat_rbc_eco_year_2022_case_6_rep_0_zone_0_onoffseed_5_tempseed_10_comforttemp_20_setbacktemp_15_paper2_final_runs_v4-res1,2022,6,0,0,5,10,20,15,0.0,0.0,0.0,0.010312467773538208,0.41249871094152835,10.229968031349902,42.817366195730635,12.271836650510467,6.73404145612045,6.074043518614005,21.449932968959473,0.0
./Eplus-env-08-19_thermostat_rbc_eco_year_2022_case_5_rep_0_zone_0_onoffseed_15_tempseed_42_comforttemp_20_setbacktemp_15_paper2_final_runs_v4-res1,2022,5,0,0,15,42,20,15,3.7949881406620602,4.908734660204187,5.795606888728472,14.870578529442097,20.449623594926265,8.652160461998557,6.104980921934619,5.826544292049087,4.8365473857894195,4.980921934618954,18.99556563885738,0.7837475507889038
./Eplus-env-08-19_thermostat_rbc_eco_year_2023_case_5_rep_0_zone_0_onoffseed_10_tempseed_10_comforttemp_20_setbacktemp_17_paper2_final_runs_v4-res1,2023,5,0,0,10,10,20,17,0.0,0.9074971640713623,4.712797772506961,4.867484789110034,4.877797256883572,20.109312158399504,26.410229968031352,9.03372176961947,6.6721666494792204,5.434670516654635,16.97432195524389,0.0
./Eplus-env-08-19_thermostat_rbc_eco_year_2022_case_12_rep_0_zone_0_onoffseed_10_tempseed_10_comforttemp_20_setbacktemp_17_paper2_final_runs_v4-res1,2022,12,0,0,10,10,20,17,0.0,0.7940600185624419,3.8362380117562136,3.8362380117562136,4.073424770547592,19.284314736516446,25.09023409301846,8.672785397545631,6.259667938537692,5.579045065484171,22.573991956275137,0.0
./Eplus-env-08-19_thermostat_rbc_eco_year_2023_case_1_rep_0_zone_0_onoffseed_15_tempseed_30_comforttemp_20_setbacktemp_13_paper2_final_runs_v4-res1,2023,1,0,0,15,30,20,13,1.7531195215014954,3.5371764463236053,5.651232339898938,7.930287717850881,17.861194183768177,19.294627204289984,8.600598123130865,6.434979890687842,5.7131071465401675,5.2902959678251005,16.73713519645251,1.1962462617304321
./Eplus-env-08-19_thermostat_rbc_eco_year_2023_case_1_rep_0_zone_0_onoffseed_5_tempseed_15_comforttemp_20_setbacktemp_13_paper2_final_runs_v4-res1,2023,1,0,0,5,15,20,13,0.0,0.0,0.0,0.0,0.0,0.3712488398473755,11.684025987418789,47.21047746725792,13.323708363411365,7.724038362380117,19.68650097968444,0.0
./Eplus-env-08-19_thermostat_rbc_eco_year_2023_case_8_rep_0_zone_0_onoffseed_15_tempseed_15_comforttemp_20_setbacktemp_15_paper2_final_runs_v4-res1,2023,8,0,0,15,15,20,15,0.020624935547076416,0.19593688769722595,0.3609363720738373,1.041559245127359,3.0421779931937714,5.517170258842941,14.550892028462412,25.65741982056306,8.899659688563473,7.1156027637413635,33.59802000618748,0.0
./Eplus-env-08-19_thermostat_rbc_eco_year_2022_case_2_rep_0_zone_0_onoffseed_5_tempseed_42_comforttemp_20_setbacktemp_17_paper2_final_runs_v4-res1,2022,2,0,0,5,42,20,17,0.0,0.0,0.0,5.6409198721254,38.66144168299474,12.983396926884602,6.816541198308755,5.774981953181396,4.712797772506961,5.022171805713107,20.387748788285037,0.0
./Eplus-env-08-19_thermostat_rbc_eco_year_2022_case_4_rep_0_zone_9_onoffseed_5_tempseed_42_comforttemp_20_setbacktemp_13_paper2_final_runs_v4-res1,2022,4,0,9,5,42,20,13,0.546560791997525,1.4746828916159638,5.517170258842941,12.436836134887079,18.170568216974324,7.961225121171496,5.393420645560482,5.7440445498607815,5.393420645560482,5.414045581107559,31.834588016912445,0.11343714550892028
./Eplus-env-08-19_thermostat_rbc_eco_year_2023_case_7_rep_0_zone_0_onoffseed_15_tempseed_42_comforttemp_20_setbacktemp_15_paper2_final_runs_v4-res1,2023,7,0,0,15,42,20,15,3.1246777353820767,4.754047643601114,7.239352377023822,16.716510260905434,18.94400329998969,7.796225636794885,6.15654326080231,6.074043518614005,5.7131071465401675,4.764360111374652,18.139630813653707,0.5774981953181396
./Eplus-env-08-19_thermostat_rbc_eco_year_2022_case_6_rep_0_zone_9_onoffseed_5_tempseed_42_comforttemp_19_setbacktemp_15_paper2_final_runs_v4-res1,2022,6,0,9,5,42,19,15,0.0,3.3412395586263792,27.26616479323502,18.851191090027843,7.064040424873673,4.66123543363927,4.671547901412808,4.960296999071878,5.06342167680726,4.300299061565433,19.820563060740433,0.0
./Eplus-env-08-19_thermostat_rbc_eco_year_2022_case_3_rep_0_zone_9_onoffseed_5_tempseed_42_comforttemp_18_setbacktemp_15_paper2_final_runs_v4-res1,2022,3,0,9,5,42,18,15,0.2681241621119934,15.107765288233473,15.509951531401464,7.125915231514901,5.589357533257709,4.8468598535629575,5.46560791997525,5.094359080127875,5.094359080127875,4.939672063524801,30.9580282561617,0.0
./Eplus-env-08-19_thermostat_rbc_eco_year_2023_case_4_rep_0_zone_9_onoffseed_5_tempseed_42_comforttemp_20_setbacktemp_15_paper2_final_runs_v4-res1,2023,4,0,9,5,42,20,15,0.0,0.09281220996184388,6.146230793028772,15.169640094874703,19.119315252139838,7.940600185624421,6.661854181705682,5.2696710322780245,4.939672063524801,5.46560791997525,29.194596266886663,0.0
./Eplus-env-08-19_thermostat_rbc_eco_year_2022_case_4_rep_0_zone_9_onoffseed_5_tempseed_42_comforttemp_20_setbacktemp_15_paper2_final_runs_v4-res1,2022,4,0,9,5,42,20,15,0.020624935547076416,0.27843662988553164,5.537795194390018,13.952768897597196,18.273692894709704,7.5796638135505825,5.455295452201712,5.970918840878622,6.104980921934619,5.414045581107559,31.41177683819738,0.0
./Eplus-env-08-19_thermostat_rbc_eco_year_2022_case_14_rep_0_zone_0_onoffseed_10_tempseed_42_comforttemp_20_setbacktemp_13_paper2_final_runs_v4-res1,2022,14,0,0,10,42,20,13,0.1237496132824585,0.494998453129834,1.732494585954419,7.796225636794885,17.6240074249768,12.581210683716613,7.1568526348355155,7.290914715891512,6.15654326080231,5.98123130865216,32.999896875322264,0.06187480664122925
./Eplus-env-08-19_thermostat_rbc_eco_year_2023_case_13_rep_0_zone_0_onoffseed_15_tempseed_30_comforttemp_20_setbacktemp_15_paper2_final_runs_v4-res1,2023,13,0,0,15,30,20,15,0.09281220996184388,0.6187480664122924,1.5056202949365782,4.021862431679901,13.055584201299371,22.243992987521914,9.930906465917294,6.146230793028772,5.991543776425699,5.764669485407858,30.628029287408477,0.0
./Eplus-env-08-19_thermostat_rbc_eco_year_2022_case_14_rep_0_zone_0_onoffseed_15_tempseed_42_comforttemp_20_setbacktemp_15_paper2_final_runs_v4-res1,2022,14,0,0,15,42,20,15,0.17531195215014952,0.6599979375064453,2.330617716819635,8.270599154377642,16.221511807775602,12.230586779416313,7.1568526348355155,6.569041971743839,6.527792100649686,6.146230793028772,33.64958234505517,0.06187480664122925
./Eplus-env-08-19_thermostat_rbc_eco_year_2022_case_8_rep_0_zone_0_onoffseed_15_tempseed_42_comforttemp_20_setbacktemp_15_paper2_final_runs_v4-res1,2022,8,0,0,15,42,20,15,0.546560791997525,1.3096834072393524,2.897803444364236,10.250592966896978,18.273692894709704,10.137155821388058,6.919665876044137,5.795606888728472,5.7131071465401675,5.249046096730948,32.803959987625035,0.10312467773538209
./Eplus-env-08-19_thermostat_rbc_eco_year_2023_case_5_rep_0_zone_0_onoffseed_5_tempseed_10_comforttemp_20_setbacktemp_15_paper2_final_runs_v4-res1,2023,5,0,0,5,10,20,15,0.0,0.0,0.0,0.010312467773538208,0.35062390430029905,9.38434567391977,45.99360626998041,12.973084459111064,7.414664329173972,5.434670516654635,18.438692379086316,0.0
./Eplus-env-08-19_thermostat_rbc_eco_year_2023_case_4_rep_0_zone_0_onoffseed_5_tempseed_30_comforttemp_20_setbacktemp_17_paper2_final_runs_v4-res1,2023,4,0,0,5,30,20,17,0.0,0.0,0.0,0.030937403320614624,7.1156027637413635,22.584304424048675,18.046818603691865,8.641847994225019,6.6824791172527584,5.847169227596163,31.050840466123542,0.0
./Eplus-env-08-19_thermostat_rbc_eco_year_2022_case_5_rep_0_zone_0_onoffseed_5_tempseed_30_comforttemp_20_setbacktemp_13_paper2_final_runs_v4-res1,2022,5,0,0,5,30,20,13,0.0,0.010312467773538208,0.030937403320614624,0.3609363720738373,7.940600185624421,41.52830772403836,11.776838197380632,7.198102505929669,5.609982468804785,5.517170258842941,20.026812416211197,0.0
./Eplus-env-08-19_thermostat_rbc_eco_year_2023_case_6_rep_0_zone_9_onoffseed_5_tempseed_42_comforttemp_21_setbacktemp_13_paper2_final_runs_v4-res1,2023,6,0,9,5,42,21,13,0.0,0.030937403320614624,0.6084355986387543,2.1449932968959473,12.354336392698773,25.306795916262764,21.924306486542232,8.930597091884088,5.847169227596163,5.114984015674951,17.737444570485717,0.0
./Eplus-env-08-19_thermostat_rbc_eco_year_2023_case_5_rep_0_zone_9_onoffseed_5_tempseed_42_comforttemp_21_setbacktemp_17_paper2_final_runs_v4-res1,2023,5,0,9,5,42,21,17,0.0,0.0,0.0,5.2696710322780245,35.44395173765082,19.96493760956997,7.218727441476745,5.970918840878622,5.022171805713107,5.011859337939569,16.097762194493143,0.0
./Eplus-env-08-19_thermostat_rbc_eco_year_2022_case_11_rep_0_zone_0_onoffseed_10_tempseed_15_comforttemp_20_setbacktemp_13_paper2_final_runs_v4-res1,2022,11,0,0,10,15,20,13,0.4021862431679901,0.7837475507889038,2.444054862328555,3.5371764463236053,4.578735691450964,5.259358564504486,19.294627204289984,25.513045271733525,9.085284108487162,6.589666907290914,22.182118180880686,0.32999896875322265
./Eplus-env-08-19_thermostat_rbc_eco_year_2022_case_2_rep_0_zone_0_onoffseed_15_tempseed_42_comforttemp_20_setbacktemp_15_paper2_final_runs_v4-res1,2022,2,0,0,15,42,20,15,3.2381148808909974,5.094359080127875,5.609982468804785,15.59245127358977,19.91337527070228,8.384036299886564,5.6409198721254,5.548107662163556,4.568423223677426,5.197483757863257,20.32587398164381,0.8868722285242858
./Eplus-env-08-19_thermostat_rbc_eco_year_2022_case_2_rep_0_zone_0_onoffseed_15_tempseed_42_comforttemp_20_setbacktemp_17_paper2_final_runs_v4-res1,2022,2,0,0,15,42,20,17,0.020624935547076416,4.877797256883572,8.476848509848407,13.911519026503042,21.924306486542232,9.250283592863774,5.847169227596163,5.341858306692791,4.568423223677426,5.414045581107559,20.367123852737958,0.0
./Eplus-env-08-19_thermostat_rbc_eco_year_2022_case_3_rep_0_zone_0_onoffseed_5_tempseed_42_comforttemp_20_setbacktemp_15_paper2_final_runs_v4-res1,2022,3,0,0,5,42,20,15,0.0,0.0,0.16499948437661133,8.384036299886564,21.212746210168092,12.95245952356399,7.218727441476745,6.26998040631123,6.239043002990615,5.7234196143137055,31.834588016912445,0.0
./Eplus-env-08-19_thermostat_rbc_eco_year_2023_case_10_rep_0_zone_9_onoffseed_5_tempseed_42_comforttemp_19_setbacktemp_15_paper2_final_runs_v4-res1,2023,10,0,9,5,42,19,15,0.0,1.4540579560688873,28.658347942662683,19.201814994328142,4.733422708054038,4.733422708054038,5.3006084355986385,5.310920903372177,5.3006084355986385,5.414045581107559,19.892750335155203,0.0
./Eplus-env-08-19_thermostat_rbc_eco_year_2022_case_2_rep_0_zone_0_onoffseed_15_tempseed_10_comforttemp_20_setbacktemp_15_paper2_final_runs_v4-res1,2022,2,0,0,15,10,20,15,1.484995359389502,2.4646797978756316,4.166236980509436,5.3006084355986385,6.6927915850262965,18.799628751160153,20.20212436836135,8.095287202227492,5.878106630916778,5.671857275446015,21.037434258017942,0.20624935547076417
./Eplus-env-08-19_thermostat_rbc_eco_year_2022_case_2_rep_0_zone_0_onoffseed_10_tempseed_42_comforttemp_20_setbacktemp_15_paper2_final_runs_v4-res1,2022,2,0,0,10,42,20,15,1.78405692482211,3.526863978550067,4.424048674847891,15.695575951325152,23.739300814684956,8.930597091884088,6.022481179746313,5.249046096730948,4.66123543363927,5.228421161183872,20.274311642776116,0.4640610498092193
./Eplus-env-08-19_thermostat_rbc_eco_year_2022_case_6_rep_0_zone_0_onoffseed_15_tempseed_15_comforttemp_20_setbacktemp_13_paper2_final_runs_v4-res1,2022,6,0,0,15,15,20,13,0.6187480664122924,1.0724966484479737,2.8462411054965453,5.166546354542642,5.826544292049087,6.589666907290914,18.51087965350108,21.656182324430237,9.03372176961947,5.692482210993091,22.130555842012996,0.8559348252036713
./Eplus-env-08-19_thermostat_rbc_eco_year_2022_case_9_rep_0_zone_0_onoffseed_10_tempseed_42_comforttemp_20_setbacktemp_17_paper2_final_runs_v4-res1,2022,9,0,0,10,42,20,17,0.0,0.16499948437661133,1.4231205527482726,7.610601216871197,17.696194699391565,12.333711457151697,7.662163555738887,7.435289264721049,6.393730019593689,6.414354955140765,32.86583479426627,0.0
./Eplus-env-08-19_thermostat_rbc_eco_year_2023_case_9_rep_0_zone_9_onoffseed_5_tempseed_42_comforttemp_20_setbacktemp_17_paper2_final_runs_v4-res1,2023,9,0,9,5,42,20,17,0.0,0.0,0.10312467773538209,8.909972156337012,25.152108899659687,10.343405176858822,7.724038362380117,6.434979890687842,5.455295452201712,5.527482726616479,30.349592657522944,0.0
./Eplus-env-08-19_thermostat_rbc_eco_year_2023_case_9_rep_0_zone_0_onoffseed_15_tempseed_30_comforttemp_20_setbacktemp_15_paper2_final_runs_v4-res1,2023,9,0,0,15,30,20,15,0.07218727441476745,0.19593688769722595,0.7940600185624419,2.743116427761163,9.652469836031763,18.974940703310303,13.93214396205012,8.961534495204702,6.404042487367227,5.826544292049087,32.443023615551205,0.0
./Eplus-env-08-19_thermostat_rbc_eco_year_2023_case_11_rep_0_zone_0_onoffseed_10_tempseed_30_comforttemp_20_setbacktemp_17_paper2_final_runs_v4-res1,2023,11,0,0,10,30,20,17,0.0,1.5159327627101165,5.795606888728472,4.980921934618954,16.603073115396512,27.54460142312055,9.126533979581314,6.620604310611529,5.929668969784469,4.8571723213364955,17.02588429411158,0.0
./Eplus-env-08-19_thermostat_rbc_eco_year_2023_case_11_rep_0_zone_0_onoffseed_15_tempseed_42_comforttemp_20_setbacktemp_17_paper2_final_runs_v4-res1,2023,11,0,0,15,42,20,17,0.0,4.3724863359802,9.631844900484685,14.458079818500567,23.801175621326184,8.208724347736414,6.280292874084768,5.805919356502011,5.620294936578323,4.66123543363927,17.15994637516758,0.0
./Eplus-env-08-19_thermostat_rbc_eco_year_2022_case_11_rep_0_zone_0_onoffseed_10_tempseed_42_comforttemp_20_setbacktemp_15_paper2_final_runs_v4-res1,2022,11,0,0,10,42,20,15,2.3512426523667114,4.094049706094668,4.021862431679901,15.314014643704239,24.62617304320924,8.425286170980716,5.527482726616479,5.630607404351862,4.568423223677426,4.7746725791481905,20.150562029493656,0.5156233886769104
./Eplus-env-08-19_thermostat_rbc_eco_year_2022_case_11_rep_0_zone_0_onoffseed_5_tempseed_10_comforttemp_20_setbacktemp_15_paper2_final_runs_v4-res1,2022,11,0,0,5,10,20,15,0.0,0.0,0.0,0.0,0.1237496132824585,9.49778281942869,43.41548932659585,12.323398989378157,6.6927915850262965,5.939981437558008,22.006806228730536,0.0
./Eplus-env-08-19_thermostat_rbc_eco_year_2022_case_10_rep_0_zone_9_onoffseed_5_tempseed_42_comforttemp_19_setbacktemp_15_paper2_final_runs_v4-res1,2022,10,0,9,5,42,19,15,0.0,1.5262452304836547,25.678044756110136,18.552129524595234,7.724038362380117,5.599670001031247,4.650922965865732,4.104362173868207,4.310611529338971,4.496235949262658,23.35773950706404,0.0
./Eplus-env-08-19_thermostat_rbc_eco_year_2022_case_10_rep_0_zone_0_onoffseed_10_tempseed_30_comforttemp_20_setbacktemp_15_paper2_final_runs_v4-res1,2022,10,0,0,10,30,20,15,1.2581210683716613,2.206868103537176,3.2381148808909974,4.011549963906362,14.303392801897493,25.25523357739507,8.414973703207178,5.857481695369702,5.218108693410333,5.599670001031247,24.47148602660617,0.16499948437661133
./Eplus-env-08-19_thermostat_rbc_eco_year_2022_case_7_rep_0_zone_0_onoffseed_10_tempseed_42_comforttemp_20_setbacktemp_17_paper2_final_runs_v4-res1,2022,7,0,0,10,42,20,17,0.0,2.619366814478705,6.5587295039703,12.395586263792925,26.53397958131381,9.569970093843457,5.795606888728472,5.475920387748788,5.032484273486645,4.712797772506961,21.305558420129938,0.0
./Eplus-env-08-19_thermostat_rbc_eco_year_2023_case_14_rep_0_zone_0_onoffseed_10_tempseed_15_comforttemp_20_setbacktemp_17_paper2_final_runs_v4-res1,2023,14,0,0,10,15,20,17,0.0,0.0,0.16499948437661133,0.45374858203568114,1.2374961328245848,3.671238527379602,12.230586779416313,26.791791275652265,12.426523667113539,7.455914200268124,35.56770135093328,0.0
./Eplus-env-08-19_thermostat_rbc_eco_year_2022_case_2_rep_0_zone_0_onoffseed_10_tempseed_15_comforttemp_20_setbacktemp_15_paper2_final_runs_v4-res1,2022,2,0,0,10,15,20,15,0.5774981953181396,1.0106218418067443,2.2171805713107147,3.3515520263999177,3.8671754150768276,5.764669485407858,22.15118077756007,23.41961431370527,8.755285139733939,6.1977931318964625,22.584304424048675,0.10312467773538209
./Eplus-env-08-19_thermostat_rbc_eco_year_2023_case_2_rep_0_zone_0_onoffseed_15_tempseed_10_comforttemp_20_setbacktemp_15_paper2_final_runs_v4-res1,2023,2,0,0,15,10,20,15,1.247808600598123,2.4028049912344023,4.207486851603589,6.26998040631123,7.476539135815201,19.181190058781066,19.655563576363825,9.054346705166546,6.496854697329072,5.187171290089719,18.779003815613077,0.04124987109415283
./Eplus-env-08-19_thermostat_rbc_eco_year_2022_case_13_rep_0_zone_9_onoffseed_5_tempseed_42_comforttemp_20_setbacktemp_15_paper2_final_runs_v4-res1,2022,13,0,9,5,42,20,15,0.0,0.030937403320614624,5.816231824275549,17.32494585954419,17.861194183768177,6.538104568423224,5.836856759822625,5.135608951222028,5.414045581107559,5.001546870166031,31.040527998350004,0.0
./Eplus-env-08-19_thermostat_rbc_eco_year_2022_case_1_rep_0_zone_0_onoffseed_5_tempseed_42_comforttemp_20_setbacktemp_13_paper2_final_runs_v4-res1,2022,1,0,0,5,42,20,13,0.0,0.0,0.09281220996184388,7.394039393626894,37.599257502320306,12.488398473754769,6.816541198308755,5.362483242239868,4.7849850469217285,5.383108177786944,20.07837475507889,0.0
./Eplus-env-08-19_thermostat_rbc_eco_year_2023_case_1_rep_0_zone_0_onoffseed_15_tempseed_10_comforttemp_20_setbacktemp_13_paper2_final_runs_v4-res1,2023,1,0,0,15,10,20,13,1.1653088584098175,2.1862431679901,4.052799835000516,7.198102505929669,7.620913684644735,18.572754460142313,20.068062287305352,9.301845931731464,6.373105084046612,5.331545838919253,17.469320408373722,0.6599979375064453
./Eplus-env-08-18_thermostat_rbc_eco_year_2022_case_0_rep_0_zone_0_onoffseed_5_tempseed_15_comforttemp_20_setbacktemp_17_paper2_final_runs_v4-res1,2022,0,0,0,5,15,20,17,0.0,0.0,0.0,0.0,0.0,0.1237496132824585,12.14808703722801,45.880169124471486,12.64308549035784,7.569351345777045,21.635557388883157,0.0
./Eplus-env-08-18_thermostat_rbc_eco_year_2023_case_0_rep_0_zone_0_onoffseed_5_tempseed_15_comforttemp_20_setbacktemp_13_paper2_final_runs_v4-res1,2023,0,0,0,5,15,20,13,0.0,0.0,0.0,0.0,0.0,0.47437351758275753,12.47808600598123,47.36516448386099,13.973393833144272,7.229039909250283,18.479942250180468,0.0
./Eplus-env-08-19_thermostat_rbc_eco_year_2023_case_11_rep_0_zone_0_onoffseed_10_tempseed_15_comforttemp_20_setbacktemp_15_paper2_final_runs_v4-res1,2023,11,0,0,10,15,20,15,0.1546870166030731,0.7734350830153656,1.4540579560688873,2.444054862328555,3.4031143652676086,4.578735691450964,7.053727957100134,17.47963287614726,34.031143652676086,7.806538104568424,20.789935031453027,0.030937403320614624
./Eplus-env-08-19_thermostat_rbc_eco_year_2022_case_14_rep_0_zone_9_onoffseed_5_tempseed_42_comforttemp_21_setbacktemp_15_paper2_final_runs_v4-res1,2022,14,0,9,5,42,21,15,0.0,0.020624935547076416,0.8249974218830567,5.527482726616479,12.230586779416313,21.202433742394554,7.713725894606579,6.589666907290914,6.33185521295246,6.26998040631123,33.288645972981335,0.0
./Eplus-env-08-19_thermostat_rbc_eco_year_2022_case_13_rep_0_zone_0_onoffseed_15_tempseed_10_comforttemp_20_setbacktemp_17_paper2_final_runs_v4-res1,2022,13,0,0,15,10,20,17,0.030937403320614624,0.17531195215014952,0.7321852119212128,2.536867072290399,4.516860884809735,13.591832525523358,21.161183871300402,9.642157368258223,6.775291327214602,6.517479632876147,34.31989275033516,0.0
./Eplus-env-08-19_thermostat_rbc_eco_year_2023_case_2_rep_0_zone_0_onoffseed_10_tempseed_30_comforttemp_20_setbacktemp_13_paper2_final_runs_v4-res1,2023,2,0,0,10,30,20,13,0.8249974218830567,2.382180055687326,3.8878003506239045,5.579045065484171,19.44931422089306,23.17211508714035,8.806847478601629,6.362792616273075,5.950293905331546,4.898422192430648,18.057131071465403,0.6290605341858306
./Eplus-env-08-19_thermostat_rbc_eco_year_2023_case_2_rep_0_zone_0_onoffseed_15_tempseed_10_comforttemp_20_setbacktemp_13_paper2_final_runs_v4-res1,2023,2,0,0,15,10,20,13,0.9590595029390534,2.619366814478705,4.176549448282974,6.434979890687842,7.476539135815201,18.779003815613077,19.191502526554604,8.97184696297824,6.78560379498814,5.816231824275549,18.304630298030318,0.48468598535629576
./Eplus-env-08-19_thermostat_rbc_eco_year_2023_case_2_rep_0_zone_0_onoffseed_5_tempseed_10_comforttemp_20_setbacktemp_17_paper2_final_runs_v4-res1,2023,2,0,0,5,10,20,17,0.0,0.0,0.0,0.0,0.04124987109415283,10.879653501082808,45.137671444776736,12.251211714963391,7.620913684644735,5.805919356502011,18.263380426936166,0.0
./Eplus-env-08-19_thermostat_rbc_eco_year_2022_case_12_rep_0_zone_0_onoffseed_10_tempseed_30_comforttemp_20_setbacktemp_13_paper2_final_runs_v4-res1,2022,12,0,0,10,30,20,13,1.000309374033206,2.196555635763638,3.475301639682376,4.454986078168506,17.60338248942972,24.079612251211717,8.16747447664226,6.146230793028772,5.3006084355986385,5.362483242239868,21.449932968959473,0.7631226152418273
./Eplus-env-08-19_thermostat_rbc_eco_year_2023_case_9_rep_0_zone_9_onoffseed_5_tempseed_42_comforttemp_20_setbacktemp_15_paper2_final_runs_v4-res1,2023,9,0,9,5,42,20,15,0.0,0.1443745488295349,3.3103021553057643,15.210889965968857,18.335567701350932,9.343095802825616,7.259977312570898,4.960296999071878,5.207796225636795,5.486232855522326,30.7414664329174,0.0
./Eplus-env-08-19_thermostat_rbc_eco_year_2023_case_5_rep_0_zone_0_onoffseed_15_tempseed_30_comforttemp_20_setbacktemp_17_paper2_final_runs_v4-res1,2023,5,0,0,15,30,20,17,0.0,2.9184283799113127,7.940600185624421,6.754666391667525,17.12900897184696,22.006806228730536,9.167783850675466,6.723728988346911,5.805919356502011,5.06342167680726,16.489635969887594,0.0
./Eplus-env-08-19_thermostat_rbc_eco_year_2022_case_9_rep_0_zone_0_onoffseed_5_tempseed_42_comforttemp_20_setbacktemp_15_paper2_final_runs_v4-res1,2022,9,0,0,5,42,20,15,0.0,0.0,0.020624935547076416,3.2999896875322268,17.76838197380633,16.200886872228523,8.827472414148705,6.764978859441065,6.548417036196762,7.002165618232444,33.56708260286687,0.0
./Eplus-env-08-19_thermostat_rbc_eco_year_2023_case_5_rep_0_zone_0_onoffseed_15_tempseed_30_comforttemp_20_setbacktemp_13_paper2_final_runs_v4-res1,2023,5,0,0,15,30,20,13,1.794369392595648,3.5578013818706817,5.826544292049087,7.569351345777045,16.788697535320203,20.707435289264723,8.497473445395483,6.84747860162937,5.86779416314324,4.702485304733423,16.5721357120759,1.2684335361451995
./Eplus-env-08-19_thermostat_rbc_eco_year_2022_case_4_rep_0_zone_0_onoffseed_5_tempseed_10_comforttemp_20_setbacktemp_15_paper2_final_runs_v4-res1,2022,4,0,0,5,10,20,15,0.0,0.0,0.0,0.0,0.21656182324430237,9.270908528410848,25.069609157471383,14.344642672991647,9.425595545013921,7.125915231514901,34.54676704135299,0.0
./Eplus-env-08-19_thermostat_rbc_eco_year_2022_case_2_rep_0_zone_9_onoffseed_5_tempseed_42_comforttemp_18_setbacktemp_15_paper2_final_runs_v4-res1,2022,2,0,9,5,42,18,15,0.6806228730535218,22.635866762916365,21.140558935753326,7.218727441476745,6.001856244199237,4.197174383830051,3.8981128183974425,5.156233886769104,4.3312364648860475,4.88810972465711,19.85150046406105,0.0
./Eplus-env-08-19_thermostat_rbc_eco_year_2023_case_14_rep_0_zone_0_onoffseed_10_tempseed_15_comforttemp_20_setbacktemp_15_paper2_final_runs_v4-res1,2023,14,0,0,10,15,20,15,0.0,0.04124987109415283,0.10312467773538209,0.3712488398473755,1.4746828916159638,3.733113334020831,11.642776116324637,28.23553676394761,12.653397958131382,7.466226668041662,34.278642879241,0.0
./Eplus-env-08-19_thermostat_rbc_eco_year_2022_case_14_rep_0_zone_9_onoffseed_5_tempseed_42_comforttemp_19_setbacktemp_15_paper2_final_runs_v4-res1,2022,14,0,9,5,42,19,15,0.0,0.4434361142621429,8.590285655357327,19.428689285345982,9.683407239352377,7.167165102609055,5.393420645560482,5.826544292049087,5.795606888728472,5.939981437558008,31.73146333917706,0.0
./Eplus-env-08-19_thermostat_rbc_eco_year_2022_case_10_rep_0_zone_9_onoffseed_5_tempseed_42_comforttemp_20_setbacktemp_15_paper2_final_runs_v4-res1,2022,10,0,9,5,42,20,15,0.0,0.0,6.857791069402907,25.523357739507063,18.284005362483242,6.888728472723522,5.259358564504486,4.527173352583273,4.8262349180158814,4.8468598535629575,22.986490667216664,0.0
./Eplus-env-08-19_thermostat_rbc_eco_year_2022_case_7_rep_0_zone_9_onoffseed_5_tempseed_42_comforttemp_21_setbacktemp_15_paper2_final_runs_v4-res1,2022,7,0,9,5,42,21,15,0.0,0.0,0.897184696297824,14.602454367330104,24.729297720944622,17.335258327317725,6.424667422914303,5.249046096730948,4.454986078168506,4.764360111374652,21.542745178921315,0.0
./Eplus-env-08-19_thermostat_rbc_eco_year_2023_case_10_rep_0_zone_0_onoffseed_5_tempseed_30_comforttemp_20_setbacktemp_15_paper2_final_runs_v4-res1,2023,10,0,0,5,30,20,15,0.0,0.0,0.0,0.0,4.3312364648860475,44.28173661957307,11.591213777456945,7.18779003815613,6.373105084046612,5.929668969784469,20.305249046096733,0.0
./Eplus-env-08-19_thermostat_rbc_eco_year_2023_case_9_rep_0_zone_9_onoffseed_5_tempseed_42_comforttemp_18_setbacktemp_17_paper2_final_runs_v4-res1,2023,9,0,9,5,42,18,17,0.0,3.722800866247293,18.87181602557492,10.054656079199752,8.332473961018872,7.559038878003506,6.744353923893988,5.187171290089719,5.3006084355986385,5.218108693410333,29.00897184696298,0.0
./Eplus-env-08-19_thermostat_rbc_eco_year_2022_case_13_rep_0_zone_0_onoffseed_10_tempseed_30_comforttemp_20_setbacktemp_17_paper2_final_runs_v4-res1,2022,13,0,0,10,30,20,17,0.0,0.09281220996184388,1.103434051768588,2.7637413633082395,12.333711457151697,21.883056615448076,9.466845416108075,7.239352377023822,6.280292874084768,5.424358048881097,33.41239558626379,0.0
./Eplus-env-08-19_thermostat_rbc_eco_year_2023_case_13_rep_0_zone_0_onoffseed_15_tempseed_42_comforttemp_20_setbacktemp_17_paper2_final_runs_v4-res1,2023,13,0,0,15,42,20,17,0.0,0.5568732597710633,3.6093637207383726,12.209961843869237,19.758688254099205,10.652779210064969,6.744353923893988,5.259358564504486,5.135608951222028,5.589357533257709,30.48365473857894,0.0
./Eplus-env-08-18_thermostat_rbc_eco_year_2023_case_0_rep_0_zone_0_onoffseed_15_tempseed_30_comforttemp_20_setbacktemp_13_paper2_final_runs_v4-res1,2023,0,0,0,15,30,20,13,1.990306280292874,3.68155099515314,6.115293389708157,8.074662266680416,17.582757553882644,19.191502526554604,9.239971125090234,6.26998040631123,6.146230793028772,4.733422708054038,15.623388676910386,1.3509332783335053
./Eplus-env-08-19_thermostat_rbc_eco_year_2023_case_6_rep_0_zone_0_onoffseed_15_tempseed_15_comforttemp_20_setbacktemp_13_paper2_final_runs_v4-res1,2023,6,0,0,15,15,20,13,0.7528101474682891,1.6293699082190367,2.815303702175931,5.424358048881097,6.6102918428379915,7.1052902959678255,19.284314736516446,20.87243477364133,9.693719707125915,6.476229761781995,18.63462926678354,0.7012478086005981
./Eplus-env-08-18_thermostat_rbc_eco_year_2023_case_0_rep_0_zone_0_onoffseed_15_tempseed_10_comforttemp_20_setbacktemp_13_paper2_final_runs_v4-res1,2023,0,0,0,15,10,20,13,1.289058471692276,2.567804475611014,4.176549448282974,6.569041971743839,7.394039393626894,18.170568216974324,20.212436836134888,9.848406723728989,6.342167680725998,5.7131071465401675,16.891822213055583,0.8249974218830567
./Eplus-env-08-19_thermostat_rbc_eco_year_2022_case_8_rep_0_zone_0_onoffseed_15_tempseed_30_comforttemp_20_setbacktemp_15_paper2_final_runs_v4-res1,2022,8,0,0,15,30,20,15,0.2887490976590698,0.5774981953181396,1.8046818603691863,3.722800866247293,11.766525729607096,20.31556151387027,9.105909044034236,7.002165618232444,6.115293389708157,5.816231824275549,33.42270805403733,0.06187480664122925
./Eplus-env-08-19_thermostat_rbc_eco_year_2023_case_7_rep_0_zone_9_onoffseed_5_tempseed_42_comforttemp_21_setbacktemp_13_paper2_final_runs_v4-res1,2023,7,0,9,5,42,21,13,0.0,0.020624935547076416,1.3612457461070435,4.382798803753738,13.210271217902445,24.34773641332371,19.480251624213672,7.981850056718573,5.537795194390018,4.7952975146952665,18.882128493348457,0.0
./Eplus-env-08-19_thermostat_rbc_eco_year_2023_case_3_rep_0_zone_9_onoffseed_5_tempseed_42_comforttemp_18_setbacktemp_17_paper2_final_runs_v4-res1,2023,3,0,9,5,42,18,17,0.010312467773538208,5.506857791069403,23.326802103743425,10.41559245127359,7.053727957100134,5.599670001031247,4.424048674847891,4.25904919047128,4.279674126018356,5.795606888728472,29.32865834794266,0.0
./Eplus-env-08-19_thermostat_rbc_eco_year_2023_case_12_rep_0_zone_0_onoffseed_15_tempseed_10_comforttemp_20_setbacktemp_15_paper2_final_runs_v4-res1,2023,12,0,0,15,10,20,15,0.8868722285242858,2.1140558935753324,4.558110755903888,5.960606373105084,7.342477054759204,18.46962978240693,20.222749303908426,9.002784366298854,6.6927915850262965,5.506857791069403,19.170877591007528,0.07218727441476745
./Eplus-env-08-18_thermostat_rbc_eco_year_2023_case_0_rep_0_zone_0_onoffseed_15_tempseed_42_comforttemp_20_setbacktemp_13_paper2_final_runs_v4-res1,2023,0,0,0,15,42,20,13,2.99061565432608,4.929359595751263,7.1568526348355155,16.469011034340518,20.42899865937919,8.301536557698256,6.094668454161081,5.826544292049087,5.176858822316181,4.681860369186346,15.695575951325152,2.248117974631329
./Eplus-env-08-19_thermostat_rbc_eco_year_2023_case_8_rep_0_zone_0_onoffseed_5_tempseed_10_comforttemp_20_setbacktemp_15_paper2_final_runs_v4-res1,2023,8,0,0,5,10,20,15,0.0,0.0,0.0,0.0,0.06187480664122925,9.642157368258223,32.308961534495204,12.395586263792925,7.074352892647211,6.32154274517892,32.195524388986286,0.0
./Eplus-env-08-19_thermostat_rbc_eco_year_2022_case_2_rep_0_zone_0_onoffseed_15_tempseed_15_comforttemp_20_setbacktemp_13_paper2_final_runs_v4-res1,2022,2,0,0,15,15,20,13,0.7012478086005981,1.4024956172011962,3.0937403320614623,4.527173352583273,5.104671547901413,7.569351345777045,19.4596266886666,20.274311642776116,8.51809838094256,6.1771681963493865,22.862741053934208,0.3093740332061462
./Eplus-env-08-19_thermostat_rbc_eco_year_2022_case_8_rep_0_zone_0_onoffseed_5_tempseed_15_comforttemp_20_setbacktemp_13_paper2_final_runs_v4-res1,2022,8,0,0,5,15,20,13,0.0,0.0,0.0,0.0,0.030937403320614624,0.20624935547076417,11.240589873156646,32.03052490460968,12.158399505001546,7.785913169021347,36.54738578941941,0.0
./Eplus-env-08-19_thermostat_rbc_eco_year_2023_case_1_rep_0_zone_0_onoffseed_15_tempseed_42_comforttemp_20_setbacktemp_15_paper2_final_runs_v4-res1,2023,1,0,0,15,42,20,15,3.5578013818706817,5.084046612354336,7.18779003815613,16.365886356605134,20.20212436836135,7.713725894606579,6.208105599670001,6.022481179746313,5.671857275446015,4.8056099824688046,16.469011034340518,0.7115602763741363
./Eplus-env-08-19_thermostat_rbc_eco_year_2023_case_7_rep_0_zone_0_onoffseed_10_tempseed_15_comforttemp_20_setbacktemp_13_paper2_final_runs_v4-res1,2023,7,0,0,10,15,20,13,0.3712488398473755,0.7837475507889038,1.835619263689801,3.980612560585748,5.2799835000515625,5.950293905331546,19.820563060740433,25.399608126224603,9.312158399505002,6.1874806641229245,20.85180983809426,0.22687429101784057
./Eplus-env-08-19_thermostat_rbc_eco_year_2022_case_11_rep_0_zone_0_onoffseed_15_tempseed_30_comforttemp_20_setbacktemp_13_paper2_final_runs_v4-res1,2022,11,0,0,15,30,20,13,1.639682375992575,3.7124883984737544,5.352170774466329,6.1977931318964625,16.097762194493143,20.71774775703826,8.146849541095184,6.352480148499535,5.46560791997525,5.166546354542642,19.95462514179643,1.1962462617304321
./Eplus-env-08-19_thermostat_rbc_eco_year_2022_case_4_rep_0_zone_9_onoffseed_5_tempseed_42_comforttemp_20_setbacktemp_17_paper2_final_runs_v4-res1,2022,4,0,9,5,42,20,17,0.0,0.0,0.020624935547076416,3.39280189749407,30.638341755182015,10.405279983500051,6.1771681963493865,6.104980921934619,6.104980921934619,6.280292874084768,30.875528513973393,0.0
./Eplus-env-08-19_thermostat_rbc_eco_year_2023_case_4_rep_0_zone_9_onoffseed_5_tempseed_42_comforttemp_20_setbacktemp_17_paper2_final_runs_v4-res1,2023,4,0,9,5,42,20,17,0.0,0.0,0.07218727441476745,4.650922965865732,30.854903578426317,11.158090130968342,7.620913684644735,5.104671547901413,5.156233886769104,5.352170774466329,30.029906156543262,0.0
./Eplus-env-08-19_thermostat_rbc_eco_year_2022_case_7_rep_0_zone_0_onoffseed_15_tempseed_10_comforttemp_20_setbacktemp_17_paper2_final_runs_v4-res1,2022,7,0,0,15,10,20,17,0.0,1.7015571826338043,5.434670516654635,5.816231824275549,6.135918325255234,18.263380426936166,20.85180983809426,8.033412395586263,6.1874806641229245,5.7543570176343195,21.82118180880685,0.0
./Eplus-env-08-19_thermostat_rbc_eco_year_2022_case_7_rep_0_zone_9_onoffseed_5_tempseed_42_comforttemp_18_setbacktemp_15_paper2_final_runs_v4-res1,2022,7,0,9,5,42,18,15,0.5362483242239868,22.769928843972362,20.449623594926265,7.507476539135816,5.661544807672476,4.640610498092194,4.496235949262658,4.619985562545117,4.207486851603589,4.516860884809735,20.5939981437558,0.0
./Eplus-env-08-19_thermostat_rbc_eco_year_2023_case_7_rep_0_zone_0_onoffseed_5_tempseed_30_comforttemp_20_setbacktemp_15_paper2_final_runs_v4-res1,2023,7,0,0,5,30,20,15,0.0,0.0,0.0,0.06187480664122925,7.476539135815201,42.17799319377127,11.807775600701248,7.672476023512427,6.486542229555532,5.341858306692791,18.974940703310303,0.0
./Eplus-env-08-19_thermostat_rbc_eco_year_2023_case_6_rep_0_zone_0_onoffseed_5_tempseed_10_comforttemp_20_setbacktemp_15_paper2_final_runs_v4-res1,2023,6,0,0,5,10,20,15,0.0,0.0,0.0,0.0,0.1443745488295349,9.49778281942869,45.4264205424358,12.694647829225532,7.6002887490976585,5.909044034237393,18.727441476745383,0.0
./Eplus-env-08-19_thermostat_rbc_eco_year_2023_case_5_rep_0_zone_0_onoffseed_15_tempseed_42_comforttemp_20_setbacktemp_15_paper2_final_runs_v4-res1,2023,5,0,0,15,42,20,15,3.56811384964422,5.176858822316181,6.826853666082293,15.695575951325152,20.71774775703826,8.301536557698256,6.259667938537692,5.991543776425699,5.187171290089719,5.073734144580798,16.541198308755284,0.6599979375064453
./Eplus-env-08-19_thermostat_rbc_eco_year_2023_case_10_rep_0_zone_9_onoffseed_5_tempseed_42_comforttemp_20_setbacktemp_13_paper2_final_runs_v4-res1,2023,10,0,9,5,42,20,13,0.0,0.04124987109415283,0.7528101474682891,7.404351861400434,22.914303392801898,23.801175621326184,8.559348252036711,5.104671547901413,5.651232339898938,5.599670001031247,20.171186965040736,0.0
./Eplus-env-08-19_thermostat_rbc_eco_year_2023_case_1_rep_0_zone_0_onoffseed_10_tempseed_42_comforttemp_20_setbacktemp_15_paper2_final_runs_v4-res1,2023,1,0,0,10,42,20,15,2.629679282252243,3.39280189749407,4.867484789110034,16.376198824378672,24.873672269774158,8.34278642879241,6.259667938537692,5.960606373105084,5.620294936578323,4.733422708054038,16.63401051871713,0.3093740332061462
./Eplus-env-08-19_thermostat_rbc_eco_year_2022_case_1_rep_0_zone_9_onoffseed_5_tempseed_42_comforttemp_20_setbacktemp_13_paper2_final_runs_v4-res1,2022,1,0,9,5,42,20,13,0.0,0.7837475507889038,2.99061565432608,8.693410333092709,22.25430545529545,22.697741569557593,8.291224089924718,5.372795710013406,4.7952975146952665,4.919047127977725,19.201814994328142,0.0
./Eplus-env-08-19_thermostat_rbc_eco_year_2023_case_11_rep_0_zone_9_onoffseed_5_tempseed_42_comforttemp_21_setbacktemp_17_paper2_final_runs_v4-res1,2023,11,0,9,5,42,21,17,0.0,0.0,0.0,5.599670001031247,35.227389914406515,19.170877591007528,7.332164586985665,5.878106630916778,5.114984015674951,4.7746725791481905,16.90213468082912,0.0
./Eplus-env-08-19_thermostat_rbc_eco_year_2023_case_9_rep_0_zone_0_onoffseed_10_tempseed_15_comforttemp_20_setbacktemp_13_paper2_final_runs_v4-res1,2023,9,0,0,10,15,20,13,0.0,0.010312467773538208,0.20624935547076417,0.4434361142621429,1.3715582138805815,3.8981128183974425,12.47808600598123,27.27647726100856,12.364648860472311,7.311539651438589,34.63957925131484,0.0
./Eplus-env-08-19_thermostat_rbc_eco_year_2022_case_10_rep_0_zone_9_onoffseed_5_tempseed_42_comforttemp_20_setbacktemp_13_paper2_final_runs_v4-res1,2022,10,0,9,5,42,20,13,0.0,0.897184696297824,11.054965453232958,21.264308549035785,17.737444570485717,6.909353408270599,4.8056099824688046,4.8365473857894195,4.743735175827576,4.7849850469217285,22.965865731669588,0.0
./Eplus-env-08-19_thermostat_rbc_eco_year_2022_case_5_rep_0_zone_0_onoffseed_15_tempseed_15_comforttemp_20_setbacktemp_15_paper2_final_runs_v4-res1,2022,5,0,0,15,15,20,15,1.1240589873156646,1.4540579560688873,3.1143652676085387,5.331545838919253,5.259358564504486,6.940290811591214,18.273692894709704,22.274930390842528,8.683097865319171,6.33185521295246,20.84149737032072,0.3712488398473755
./Eplus-env-08-19_thermostat_rbc_eco_year_2022_case_6_rep_0_zone_0_onoffseed_15_tempseed_30_comforttemp_20_setbacktemp_13_paper2_final_runs_v4-res1,2022,6,0,0,15,30,20,13,1.4128080849747344,3.062802928740848,5.630607404351862,6.012168711972775,16.077137258946067,20.686810353717643,8.219036815509952,6.352480148499535,5.094359080127875,5.568732597710632,20.60431061152934,1.2787460039187377
./Eplus-env-08-19_thermostat_rbc_eco_year_2022_case_5_rep_0_zone_0_onoffseed_10_tempseed_10_comforttemp_20_setbacktemp_13_paper2_final_runs_v4-res1,2022,5,0,0,10,10,20,13,0.7321852119212128,1.6603073115396514,3.4031143652676086,4.475611013715582,5.084046612354336,18.046818603691865,24.925234608641848,8.961534495204702,5.991543776425699,5.785294420954934,20.016499948437662,0.9178096318449005
./Eplus-env-08-19_thermostat_rbc_eco_year_2023_case_7_rep_0_zone_9_onoffseed_5_tempseed_42_comforttemp_21_setbacktemp_15_paper2_final_runs_v4-res1,2023,7,0,9,5,42,21,15,0.0,0.0,0.030937403320614624,1.49530782716304,10.663091677838507,29.988656285449107,20.923997112509024,7.878725378983191,5.207796225636795,4.877797256883572,18.93369083221615,0.0
./Eplus-env-08-19_thermostat_rbc_eco_year_2022_case_14_rep_0_zone_9_onoffseed_5_tempseed_42_comforttemp_18_setbacktemp_13_paper2_final_runs_v4-res1,2022,14,0,9,5,42,18,13,1.3818706816541197,7.754975765700732,15.386201918119005,8.714035268639787,7.218727441476745,5.919356502010931,5.011859337939569,5.847169227596163,5.249046096730948,5.321233371145715,32.195524388986286,0.0
./Eplus-env-08-19_thermostat_rbc_eco_year_2022_case_14_rep_0_zone_0_onoffseed_15_tempseed_10_comforttemp_20_setbacktemp_17_paper2_final_runs_v4-res1,2022,14,0,0,15,10,20,17,0.0,0.030937403320614624,0.3712488398473755,0.938434567391977,2.732803959987625,6.228730535217077,22.7802413117459,14.458079818500567,9.43590801278746,7.36310199030628,35.660513560895126,0.0
./Eplus-env-08-19_thermostat_rbc_eco_year_2022_case_8_rep_0_zone_0_onoffseed_5_tempseed_15_comforttemp_20_setbacktemp_17_paper2_final_runs_v4-res1,2022,8,0,0,5,15,20,17,0.0,0.0,0.0,0.0,0.05156233886769104,0.23718675879137877,11.065277921006498,32.70083530988966,11.498401567495103,8.002474992265649,36.44426111168403,0.0
./Eplus-env-08-18_thermostat_rbc_eco_year_2023_case_0_rep_0_zone_9_onoffseed_5_tempseed_42_comforttemp_18_setbacktemp_17_paper2_final_runs_v4-res1,2023,0,0,9,5,42,18,17,0.0,4.032174899453439,40.66206043106115,7.631226152418273,5.939981437558008,5.7337320820872435,5.414045581107559,5.7131071465401675,4.465298545942044,5.197483757863257,15.210889965968857,0.0
./Eplus-env-08-19_thermostat_rbc_eco_year_2022_case_8_rep_0_zone_0_onoffseed_10_tempseed_10_comforttemp_20_setbacktemp_15_paper2_final_runs_v4-res1,2022,8,0,0,10,10,20,15,0.11343714550892028,0.18562441992368775,0.5568732597710633,1.5778075693513458,3.2071774775703825,13.859956687635352,22.934928328348974,9.910281530370217,6.816541198308755,6.342167680725998,34.484892234711765,0.010312467773538208
./Eplus-env-08-19_thermostat_rbc_eco_year_2022_case_7_rep_0_zone_0_onoffseed_15_tempseed_30_comforttemp_20_setbacktemp_15_paper2_final_runs_v4-res1,2022,7,0,0,15,30,20,15,2.196555635763638,3.330927090852841,5.2696710322780245,6.455604826234918,17.10838403629989,20.07837475507889,8.714035268639787,5.620294936578323,5.073734144580798,4.919047127977725,20.77962256367949,0.45374858203568114
./Eplus-env-08-19_thermostat_rbc_eco_year_2022_case_5_rep_0_zone_9_onoffseed_5_tempseed_42_comforttemp_20_setbacktemp_17_paper2_final_runs_v4-res1,2022,5,0,9,5,42,20,17,0.0,0.0,0.9487470351655151,28.225224296174073,25.399608126224603,6.795916262761679,5.114984015674951,4.815922450242343,4.7746725791481905,5.228421161183872,18.696504073424773,0.0
./Eplus-env-08-19_thermostat_rbc_eco_year_2023_case_5_rep_0_zone_0_onoffseed_10_tempseed_15_comforttemp_20_setbacktemp_13_paper2_final_runs_v4-res1,2023,5,0,0,10,15,20,13,0.6393730019593689,0.9693719707125915,2.237805506857791,4.186861916056513,5.094359080127875,5.970918840878622,20.583685675982263,25.275858512942147,10.137155821388058,6.38341755182015,17.90244405486233,0.6187480664122924
./Eplus-env-08-19_thermostat_rbc_eco_year_2022_case_10_rep_0_zone_0_onoffseed_5_tempseed_15_comforttemp_20_setbacktemp_15_paper2_final_runs_v4-res1,2022,10,0,0,5,15,20,15,0.0,0.0,0.0,0.0,0.010312467773538208,0.16499948437661133,7.13622769928844,46.83922862741054,12.653397958131382,7.167165102609055,26.028668660410435,0.0
./Eplus-env-08-19_thermostat_rbc_eco_year_2022_case_12_rep_0_zone_9_onoffseed_5_tempseed_42_comforttemp_21_setbacktemp_15_paper2_final_runs_v4-res1,2022,12,0,9,5,42,21,15,0.0,0.0,1.000309374033206,14.777766319480252,25.863669176033827,16.63401051871713,5.785294420954934,5.372795710013406,4.733422708054038,5.156233886769104,20.676497885944105,0.0
./Eplus-env-08-19_thermostat_rbc_eco_year_2022_case_14_rep_0_zone_9_onoffseed_5_tempseed_42_comforttemp_21_setbacktemp_17_paper2_final_runs_v4-res1,2022,14,0,9,5,42,21,17,0.0,0.0,0.04124987109415283,3.0524904609673094,18.87181602557492,19.55243889862844,7.125915231514901,6.661854181705682,6.352480148499535,5.7440445498607815,32.597710632154275,0.0
./Eplus-env-08-19_thermostat_rbc_eco_year_2022_case_1_rep_0_zone_0_onoffseed_5_tempseed_30_comforttemp_20_setbacktemp_17_paper2_final_runs_v4-res1,2022,1,0,0,5,30,20,17,0.0,0.0,0.0,0.0,6.744353923893988,43.013303083427864,12.344023924925235,6.971228214911829,5.805919356502011,5.383108177786944,19.73806331855213,0.0
./Eplus-env-08-19_thermostat_rbc_eco_year_2023_case_2_rep_0_zone_0_onoffseed_15_tempseed_42_comforttemp_20_setbacktemp_13_paper2_final_runs_v4-res1,2023,2,0,0,15,42,20,13,2.722491492214087,4.547798288130349,7.167165102609055,17.02588429411158,19.521501495307827,7.672476023512427,6.527792100649686,5.929668969784469,5.166546354542642,4.877797256883572,17.07744663297927,1.7634319892750334
./Eplus-env-08-19_thermostat_rbc_eco_year_2023_case_2_rep_0_zone_0_onoffseed_5_tempseed_42_comforttemp_20_setbacktemp_15_paper2_final_runs_v4-res1,2023,2,0,0,5,42,20,15,0.0,0.0,0.05156233886769104,6.424667422914303,40.538310817778694,11.292152212024337,6.620604310611529,6.1771681963493865,5.702794678766629,5.156233886769104,18.036506135918327,0.0
./Eplus-env-08-19_thermostat_rbc_eco_year_2023_case_4_rep_0_zone_0_onoffseed_15_tempseed_15_comforttemp_20_setbacktemp_17_paper2_final_runs_v4-res1,2023,4,0,0,15,15,20,17,0.0,0.05156233886769104,0.42281117871506657,0.8765597607507477,2.6606166855728577,5.960606373105084,15.118077756007011,23.636176136949572,11.405589357533257,7.0331030215530586,32.834897390945656,0.0
./Eplus-env-08-19_thermostat_rbc_eco_year_2022_case_7_rep_0_zone_0_onoffseed_15_tempseed_30_comforttemp_20_setbacktemp_17_paper2_final_runs_v4-res1,2022,7,0,0,15,30,20,17,0.0,2.6090543467051663,7.002165618232444,6.146230793028772,16.469011034340518,21.22305867794163,8.652160461998557,6.15654326080231,5.2799835000515625,5.393420645560482,21.06837166133856,0.0
./Eplus-env-08-19_thermostat_rbc_eco_year_2022_case_7_rep_0_zone_0_onoffseed_15_tempseed_15_comforttemp_20_setbacktemp_17_paper2_final_runs_v4-res1,2022,7,0,0,15,15,20,17,0.0,0.9281220996184386,3.3515520263999177,4.650922965865732,5.589357533257709,6.228730535217077,19.60400123749613,21.449932968959473,8.600598123130865,6.455604826234918,23.141177683819738,0.0
./Eplus-env-08-19_thermostat_rbc_eco_year_2023_case_13_rep_0_zone_0_onoffseed_15_tempseed_15_comforttemp_20_setbacktemp_13_paper2_final_runs_v4-res1,2023,13,0,0,15,15,20,13,0.0,0.10312467773538209,0.3712488398473755,0.9693719707125915,2.969990718779004,5.568732597710632,14.777766319480252,25.997731257089825,8.652160461998557,6.78560379498814,33.80426936165824,0.0
./Eplus-env-08-19_thermostat_rbc_eco_year_2023_case_13_rep_0_zone_9_onoffseed_5_tempseed_42_comforttemp_19_setbacktemp_17_paper2_final_runs_v4-res1,2023,13,0,9,5,42,19,17,0.0,0.0,12.189336908322161,23.728988346911418,7.919975250077344,6.146230793028772,4.877797256883572,4.506548417036197,4.630298030318655,5.166546354542642,30.83427864287924,0.0
./Eplus-env-08-19_thermostat_rbc_eco_year_2023_case_1_rep_0_zone_0_onoffseed_10_tempseed_15_comforttemp_20_setbacktemp_13_paper2_final_runs_v4-res1,2023,1,0,0,10,15,20,13,0.546560791997525,1.041559245127359,2.0212436836134886,3.8053006084355987,4.217799319377127,5.919356502010931,23.285552232649273,24.45086109105909,9.673094771578839,6.218418067443539,18.63462926678354,0.18562441992368775
./Eplus-env-08-19_thermostat_rbc_eco_year_2023_case_1_rep_0_zone_0_onoffseed_10_tempseed_10_comforttemp_20_setbacktemp_13_paper2_final_runs_v4-res1,2023,1,0,0,10,10,20,13,0.8456223574301331,1.7428070537279572,3.062802928740848,4.114674641641745,6.04310611529339,19.97525007734351,24.698360317624008,9.26059606063731,6.6927915850262965,5.434670516654635,17.72713210271218,0.4021862431679901
./Eplus-env-08-19_thermostat_rbc_eco_year_2023_case_12_rep_0_zone_9_onoffseed_5_tempseed_42_comforttemp_18_setbacktemp_15_paper2_final_runs_v4-res1,2023,12,0,9,5,42,18,15,0.3712488398473755,24.17242446117356,23.089615344952048,5.599670001031247,4.867484789110034,4.7952975146952665,4.300299061565433,5.568732597710632,5.156233886769104,4.7746725791481905,17.304320923997114,0.0
./Eplus-env-08-19_thermostat_rbc_eco_year_2023_case_1_rep_0_zone_0_onoffseed_5_tempseed_10_comforttemp_20_setbacktemp_13_paper2_final_runs_v4-res1,2023,1,0,0,5,10,20,13,0.0,0.0,0.0,0.0,0.21656182324430237,10.508404661235433,45.09642157368258,12.89058471692276,7.259977312570898,5.805919356502011,18.222130555842014,0.0
./Eplus-env-08-19_thermostat_rbc_eco_year_2023_case_8_rep_0_zone_0_onoffseed_15_tempseed_42_comforttemp_20_setbacktemp_13_paper2_final_runs_v4-res1,2023,8,0,0,15,42,20,13,0.5053109209033722,1.1240589873156646,3.021553057646695,11.354027018665565,19.50087655976075,10.42590491904713,7.394039393626894,5.383108177786944,5.022171805713107,5.506857791069403,30.61771681963494,0.1443745488295349
./Eplus-env-08-19_thermostat_rbc_eco_year_2022_case_8_rep_0_zone_0_onoffseed_10_tempseed_30_comforttemp_20_setbacktemp_13_paper2_final_runs_v4-res1,2022,8,0,0,10,30,20,13,0.10312467773538209,0.31968650097968443,1.2065587295039704,2.2996803134990205,12.436836134887079,22.274930390842528,9.415283077240383,6.806228730535217,6.703104052799835,5.888419098690316,32.45333608332474,0.09281220996184388
./Eplus-env-08-18_thermostat_rbc_eco_year_2023_case_0_rep_0_zone_0_onoffseed_10_tempseed_15_comforttemp_20_setbacktemp_17_paper2_final_runs_v4-res1,2023,0,0,0,10,15,20,17,0.0,0.38156130762091367,3.1246777353820767,4.269361658244818,4.465298545942044,5.011859337939569,23.027740538310816,25.100546560791997,9.765906981540683,6.455604826234918,18.397442507992164,0.0
./Eplus-env-08-19_thermostat_rbc_eco_year_2022_case_7_rep_0_zone_0_onoffseed_10_tempseed_42_comforttemp_20_setbacktemp_15_paper2_final_runs_v4-res1,2022,7,0,0,10,42,20,15,2.279055377951944,3.39280189749407,4.197174383830051,14.83964112612148,24.028049912344024,9.074971640713622,5.857481695369702,5.372795710013406,4.516860884809735,4.867484789110034,21.088996596885636,0.48468598535629576
./Eplus-env-08-19_thermostat_rbc_eco_year_2023_case_7_rep_0_zone_0_onoffseed_5_tempseed_42_comforttemp_20_setbacktemp_15_paper2_final_runs_v4-res1,2023,7,0,0,5,42,20,15,0.0,0.0,0.030937403320614624,6.290605341858306,41.064246674229146,11.2818397442508,6.96091574713829,6.094668454161081,6.135918325255234,4.8056099824688046,17.335258327317725,0.0
./Eplus-env-08-18_thermostat_rbc_eco_year_2023_case_0_rep_0_zone_0_onoffseed_15_tempseed_10_comforttemp_20_setbacktemp_17_paper2_final_runs_v4-res1,2023,0,0,0,15,10,20,17,0.0,1.7531195215014954,6.6412292461586055,6.795916262761679,6.507167165102609,19.49056409198721,20.789935031453027,8.909972156337012,6.620604310611529,5.970918840878622,16.520573373208208,0.0
./Eplus-env-08-19_thermostat_rbc_eco_year_2022_case_12_rep_0_zone_0_onoffseed_15_tempseed_10_comforttemp_20_setbacktemp_13_paper2_final_runs_v4-res1,2022,12,0,0,15,10,20,13,0.989996906259668,2.134680829122409,3.908425286170981,5.651232339898938,6.496854697329072,17.386820666185418,20.60431061152934,8.982159430751778,6.290605341858306,5.970918840878622,20.88274724141487,0.7012478086005981
./Eplus-env-08-19_thermostat_rbc_eco_year_2022_case_12_rep_0_zone_0_onoffseed_10_tempseed_42_comforttemp_20_setbacktemp_15_paper2_final_runs_v4-res1,2022,12,0,0,10,42,20,15,2.124368361348871,3.248427348664536,3.929050221718057,15.520263999175002,23.70836341136434,8.92028462411055,5.455295452201712,5.537795194390018,4.867484789110034,4.743735175827576,21.429308033412394,0.5156233886769104
./Eplus-env-08-19_thermostat_rbc_eco_year_2023_case_7_rep_0_zone_0_onoffseed_10_tempseed_42_comforttemp_20_setbacktemp_17_paper2_final_runs_v4-res1,2023,7,0,0,10,42,20,17,0.0,2.485304733422708,7.13622769928844,13.52995771888213,28.287099102815304,8.260286686604104,5.568732597710632,5.249046096730948,5.651232339898938,4.7952975146952665,19.03681550995153,0.0
./Eplus-env-08-19_thermostat_rbc_eco_year_2022_case_9_rep_0_zone_0_onoffseed_15_tempseed_15_comforttemp_20_setbacktemp_17_paper2_final_runs_v4-res1,2022,9,0,0,15,15,20,17,0.030937403320614624,0.11343714550892028,0.4021862431679901,0.8662472929772095,2.2171805713107147,4.723110240280499,12.065587295039704,22.470867278539757,11.508714035268639,7.9715375889450355,37.63019490564092,0.0
./Eplus-env-08-18_thermostat_rbc_eco_year_2022_case_0_rep_0_zone_9_onoffseed_5_tempseed_42_comforttemp_20_setbacktemp_17_paper2_final_runs_v4-res1,2022,0,0,9,5,42,20,17,0.0,0.0,1.1756213261833557,29.576157574507576,24.945859544188924,6.991853150458905,5.661544807672476,4.589048159224503,4.619985562545117,4.949984531298339,17.4899453439208,0.0
./Eplus-env-08-19_thermostat_rbc_eco_year_2022_case_14_rep_0_zone_0_onoffseed_10_tempseed_30_comforttemp_20_setbacktemp_15_paper2_final_runs_v4-res1,2022,14,0,0,10,30,20,15,0.06187480664122925,0.1546870166030731,0.8765597607507477,2.0212436836134886,8.961534495204702,20.263999175002578,12.168711972775085,7.620913684644735,7.229039909250283,7.002165618232444,33.6289574095081,0.010312467773538208
./Eplus-env-08-19_thermostat_rbc_eco_year_2023_case_5_rep_0_zone_9_onoffseed_5_tempseed_42_comforttemp_21_setbacktemp_13_paper2_final_runs_v4-res1,2023,5,0,9,5,42,21,13,0.0,0.030937403320614624,0.742497679694751,2.1553057646694853,11.67371351964525,23.955862637929258,24.57461070434155,9.178096318449006,5.455295452201712,5.001546870166031,17.232133649582345,0.0
./Eplus-env-08-19_thermostat_rbc_eco_year_2022_case_11_rep_0_zone_9_onoffseed_5_tempseed_42_comforttemp_18_setbacktemp_15_paper2_final_runs_v4-res1,2022,11,0,9,5,42,18,15,0.35062390430029905,21.5118077756007,22.017118696504074,7.899350314530267,5.321233371145715,4.537485820356811,4.692172836959885,4.650922965865732,4.516860884809735,4.496235949262658,20.006187480664124,0.0
./Eplus-env-08-19_thermostat_rbc_eco_year_2022_case_13_rep_0_zone_0_onoffseed_15_tempseed_42_comforttemp_20_setbacktemp_17_paper2_final_runs_v4-res1,2022,13,0,0,15,42,20,17,0.030937403320614624,0.8249974218830567,3.2071774775703825,11.869650407342478,17.799319377126945,9.353408270599155,6.5587295039703,6.04310611529339,5.661544807672476,5.321233371145715,33.32989584407549,0.0
./Eplus-env-08-19_thermostat_rbc_eco_year_2022_case_13_rep_0_zone_9_onoffseed_5_tempseed_42_comforttemp_21_setbacktemp_13_paper2_final_runs_v4-res1,2022,13,0,9,5,42,21,13,0.06187480664122925,0.4434361142621429,2.1037434258017944,6.84747860162937,15.396514385892543,18.74806641229246,6.878416004949985,5.909044034237393,5.826544292049087,5.011859337939569,32.77302258430442,0.0
./Eplus-env-08-19_thermostat_rbc_eco_year_2022_case_13_rep_0_zone_0_onoffseed_15_tempseed_42_comforttemp_20_setbacktemp_15_paper2_final_runs_v4-res1,2022,13,0,0,15,42,20,15,0.38156130762091367,1.3509332783335053,3.0112405898731565,11.333402083118491,18.036506135918327,9.404970609466845,6.661854181705682,6.032793647519852,5.98123130865216,5.125296483448489,32.61833556770135,0.06187480664122925
./Eplus-env-08-19_thermostat_rbc_eco_year_2022_case_10_rep_0_zone_0_onoffseed_10_tempseed_42_comforttemp_20_setbacktemp_17_paper2_final_runs_v4-res1,2022,10,0,0,10,42,20,17,0.0,1.9490564091987213,6.589666907290914,8.951222027431164,28.328348973909456,9.961843869237908,5.517170258842941,4.991234402392492,5.001546870166031,5.599670001031247,23.110240280499124,0.0
./Eplus-env-08-19_thermostat_rbc_eco_year_2022_case_11_rep_0_zone_9_onoffseed_5_tempseed_42_comforttemp_21_setbacktemp_15_paper2_final_runs_v4-res1,2022,11,0,9,5,42,21,15,0.0,0.0,0.8662472929772095,14.870578529442097,25.77085696607198,17.789006909353407,6.486542229555532,5.218108693410333,4.970609466845416,5.094359080127875,18.93369083221615,0.0
./Eplus-env-08-19_thermostat_rbc_eco_year_2022_case_8_rep_0_zone_0_onoffseed_15_tempseed_42_comforttemp_20_setbacktemp_17_paper2_final_runs_v4-res1,2022,8,0,0,15,42,20,17,0.04124987109415283,0.8043724863359802,3.3618644941734557,11.024028049912344,18.211818088068473,9.920593998143756,6.713416520573373,5.805919356502011,5.991543776425699,5.568732597710632,32.55646076106012,0.0
./Eplus-env-08-19_thermostat_rbc_eco_year_2022_case_8_rep_0_zone_0_onoffseed_15_tempseed_30_comforttemp_20_setbacktemp_17_paper2_final_runs_v4-res1,2022,8,0,0,15,30,20,17,0.04124987109415283,0.5362483242239868,1.825306795916263,3.7846756728885227,12.436836134887079,20.006187480664124,9.37403320614623,7.012478086005982,6.311230277405383,5.579045065484171,33.09270908528411,0.0
./Eplus-env-08-19_thermostat_rbc_eco_year_2022_case_9_rep_0_zone_0_onoffseed_10_tempseed_10_comforttemp_20_setbacktemp_15_paper2_final_runs_v4-res1,2022,9,0,0,10,10,20,15,0.030937403320614624,0.1340620810559967,0.19593688769722595,0.6393730019593689,1.8562441992368772,4.197174383830051,23.275239764875735,16.469011034340518,9.198721253996082,7.239352377023822,36.76394761266371,0.0
./Eplus-env-08-18_thermostat_rbc_eco_year_2023_case_0_rep_0_zone_0_onoffseed_5_tempseed_42_comforttemp_20_setbacktemp_17_paper2_final_runs_v4-res1,2023,0,0,0,5,42,20,17,0.0,0.0,0.0,4.063112302774054,44.33329895844075,12.179024440548623,6.826853666082293,6.6721666494792204,5.506857791069403,4.733422708054038,15.685263483551616,0.0
./Eplus-env-08-18_thermostat_rbc_eco_year_2022_case_0_rep_0_zone_0_onoffseed_15_tempseed_10_comforttemp_20_setbacktemp_15_paper2_final_runs_v4-res1,2022,0,0,0,15,10,20,15,1.9181190058781068,2.743116427761163,4.207486851603589,5.2799835000515625,7.053727957100134,18.531504589048158,20.20212436836135,8.476848509848407,6.074043518614005,5.98123130865216,19.27400226874291,0.2578116943384552
./Eplus-env-08-19_thermostat_rbc_eco_year_2022_case_13_rep_0_zone_9_onoffseed_5_tempseed_42_comforttemp_21_setbacktemp_17_paper2_final_runs_v4-res1,2022,13,0,9,5,42,21,17,0.0,0.0,0.0,3.2381148808909974,22.543054552954523,18.696504073424773,6.971228214911829,5.86779416314324,5.661544807672476,5.568732597710632,31.45302670929153,0.0
./Eplus-env-08-19_thermostat_rbc_eco_year_2022_case_13_rep_0_zone_0_onoffseed_5_tempseed_42_comforttemp_20_setbacktemp_15_paper2_final_runs_v4-res1,2022,13,0,0,5,42,20,15,0.0,0.0,0.010312467773538208,6.084355986387543,22.986490667216664,12.911209652469836,7.424976796947509,6.32154274517892,5.661544807672476,5.548107662163556,33.051459214189954,0.0
./Eplus-env-08-19_thermostat_rbc_eco_year_2023_case_12_rep_0_zone_0_onoffseed_5_tempseed_42_comforttemp_20_setbacktemp_17_paper2_final_runs_v4-res1,2023,12,0,0,5,42,20,17,0.0,0.0,0.0,4.867484789110034,41.70361967618852,11.354027018665565,6.775291327214602,6.259667938537692,5.661544807672476,4.815922450242343,18.562441992368775,0.0
./Eplus-env-08-19_thermostat_rbc_eco_year_2023_case_13_rep_0_zone_9_onoffseed_5_tempseed_42_comforttemp_20_setbacktemp_17_paper2_final_runs_v4-res1,2023,13,0,9,5,42,20,17,0.0,0.0,0.21656182324430237,21.728369598845003,20.398061256058575,7.074352892647211,5.847169227596163,4.8468598535629575,4.7849850469217285,5.218108693410333,29.885531607713727,0.0
./Eplus-env-08-19_thermostat_rbc_eco_year_2023_case_9_rep_0_zone_0_onoffseed_5_tempseed_42_comforttemp_20_setbacktemp_13_paper2_final_runs_v4-res1,2023,9,0,0,5,42,20,13,0.0,0.0,0.010312467773538208,3.2896772197586883,18.93369083221615,16.72682272867897,10.18871816025575,7.65185108796535,6.074043518614005,5.661544807672476,31.46333917706507,0.0
./Eplus-env-08-19_thermostat_rbc_eco_year_2022_case_9_rep_0_zone_0_onoffseed_5_tempseed_10_comforttemp_20_setbacktemp_13_paper2_final_runs_v4-res1,2022,9,0,0,5,10,20,13,0.0,0.0,0.0,0.0,0.020624935547076416,6.146230793028772,26.389605032484276,14.550892028462412,8.992471898525316,7.208414973703207,36.69176033824894,0.0
./Eplus-env-08-19_thermostat_rbc_eco_year_2022_case_13_rep_0_zone_0_onoffseed_15_tempseed_30_comforttemp_20_setbacktemp_13_paper2_final_runs_v4-res1,2022,13,0,0,15,30,20,13,0.19593688769722595,0.5568732597710633,1.7531195215014954,3.6609260596060635,11.983087552851398,20.408373723832113,9.343095802825616,6.950603279364752,5.816231824275549,5.939981437558008,33.30927090852841,0.08249974218830566
./Eplus-env-08-19_thermostat_rbc_eco_year_2023_case_5_rep_0_zone_0_onoffseed_10_tempseed_42_comforttemp_20_setbacktemp_13_paper2_final_runs_v4-res1,2023,5,0,0,10,42,20,13,2.134680829122409,2.9493657832319276,5.259358564504486,16.035887387851915,24.419923687738475,8.672785397545631,6.001856244199237,6.465917294008457,5.176858822316181,5.06342167680726,16.38651129215221,1.4334330205218109
./Eplus-env-08-19_thermostat_rbc_eco_year_2023_case_5_rep_0_zone_0_onoffseed_5_tempseed_30_comforttemp_20_setbacktemp_13_paper2_final_runs_v4-res1,2023,5,0,0,5,30,20,13,0.0,0.0,0.0,0.2578116943384552,7.76528823347427,43.51861400433123,12.488398473754769,7.744663297927194,5.774981953181396,5.166546354542642,17.283695988450038,0.0
./Eplus-env-08-19_thermostat_rbc_eco_year_2022_case_4_rep_0_zone_0_onoffseed_5_tempseed_30_comforttemp_20_setbacktemp_17_paper2_final_runs_v4-res1,2022,4,0,0,5,30,20,17,0.0,0.0,0.0,0.07218727441476745,6.981540682685367,21.769619469939155,15.788388161286996,8.322161493245334,7.497164071362277,6.507167165102609,33.06177168196349,0.0
./Eplus-env-08-19_thermostat_rbc_eco_year_2022_case_1_rep_0_zone_0_onoffseed_10_tempseed_15_comforttemp_20_setbacktemp_15_paper2_final_runs_v4-res1,2022,1,0,0,10,15,20,15,0.6599979375064453,1.1962462617304321,2.1862431679901,3.423739300814685,3.7434258017943693,5.7440445498607815,22.295555326389604,24.03836238011756,8.714035268639787,6.538104568423224,21.429308033412394,0.030937403320614624
./Eplus-env-08-19_thermostat_rbc_eco_year_2022_case_12_rep_0_zone_0_onoffseed_5_tempseed_10_comforttemp_20_setbacktemp_15_paper2_final_runs_v4-res1,2022,12,0,0,5,10,20,15,0.0,0.0,0.0,0.0,0.22687429101784057,9.807156852634835,42.662679179127565,12.447148602660617,6.486542229555532,5.527482726616479,22.84211611838713,0.0
./Eplus-env-08-19_thermostat_rbc_eco_year_2023_case_9_rep_0_zone_0_onoffseed_5_tempseed_42_comforttemp_20_setbacktemp_17_paper2_final_runs_v4-res1,2023,9,0,0,5,42,20,17,0.0,0.0,0.0,3.3412395586263792,19.139940187686914,16.664947922037744,10.374342580179437,7.125915231514901,5.816231824275549,5.620294936578323,31.917087759100752,0.0
./Eplus-env-08-19_thermostat_rbc_eco_year_2022_case_11_rep_0_zone_9_onoffseed_5_tempseed_42_comforttemp_21_setbacktemp_17_paper2_final_runs_v4-res1,2022,11,0,9,5,42,21,17,0.0,0.0,0.0,5.558420129937094,32.896772197586884,19.665876044137363,6.135918325255234,5.414045581107559,4.908734660204187,5.145921418995566,20.274311642776116,0.0
./Eplus-env-08-19_thermostat_rbc_eco_year_2022_case_3_rep_0_zone_9_onoffseed_5_tempseed_42_comforttemp_20_setbacktemp_17_paper2_final_runs_v4-res1,2022,3,0,9,5,42,20,17,0.0,0.0,0.5981231308652161,20.068062287305352,19.73806331855213,6.6927915850262965,6.352480148499535,5.053109209033722,5.2799835000515625,5.2902959678251005,30.927090852841083,0.0
./Eplus-env-08-19_thermostat_rbc_eco_year_2023_case_4_rep_0_zone_0_onoffseed_5_tempseed_42_comforttemp_20_setbacktemp_15_paper2_final_runs_v4-res1,2023,4,0,0,5,42,20,15,0.0,0.0,0.04124987109415283,5.310920903372177,18.63462926678354,18.201505620294935,9.817469320408375,6.589666907290914,5.114984015674951,5.7337320820872435,30.55584201299371,0.0
./Eplus-env-08-19_thermostat_rbc_eco_year_2023_case_7_rep_0_zone_0_onoffseed_15_tempseed_15_comforttemp_20_setbacktemp_13_paper2_final_runs_v4-res1,2023,7,0,0,15,15,20,13,0.6187480664122924,1.3715582138805815,2.6090543467051663,4.403423739300814,6.981540682685367,7.414664329173972,18.675879137877693,20.758997628132413,9.704032174899453,6.300917809631845,20.635248014849953,0.5259358564504486
./Eplus-env-08-19_thermostat_rbc_eco_year_2022_case_6_rep_0_zone_9_onoffseed_5_tempseed_42_comforttemp_20_setbacktemp_17_paper2_final_runs_v4-res1,2022,6,0,9,5,42,20,17,0.0,0.0,1.1653088584098175,28.400536248324226,24.03836238011756,7.290914715891512,5.114984015674951,5.104671547901413,4.558110755903888,4.681860369186346,19.645251108590287,0.0
./Eplus-env-08-19_thermostat_rbc_eco_year_2022_case_11_rep_0_zone_0_onoffseed_10_tempseed_15_comforttemp_20_setbacktemp_15_paper2_final_runs_v4-res1,2022,11,0,0,10,15,20,15,0.6187480664122924,0.938434567391977,2.248117974631329,3.671238527379602,4.073424770547592,5.022171805713107,19.872125399608127,25.946168918222128,8.724347736413323,6.373105084046612,22.419304939672063,0.09281220996184388
./Eplus-env-08-19_thermostat_rbc_eco_year_2022_case_7_rep_0_zone_0_onoffseed_5_tempseed_15_comforttemp_20_setbacktemp_13_paper2_final_runs_v4-res1,2022,7,0,0,5,15,20,13,0.0,0.0,0.0,0.010312467773538208,0.10312467773538209,0.48468598535629576,10.652779210064969,45.07579663813551,12.777147571413838,6.981540682685367,23.914612766835102,0.0
./Eplus-env-08-19_thermostat_rbc_eco_year_2023_case_6_rep_0_zone_0_onoffseed_10_tempseed_15_comforttemp_20_setbacktemp_17_paper2_final_runs_v4-res1,2023,6,0,0,10,15,20,17,0.0,0.47437351758275753,2.8462411054965453,3.8568629473032896,4.527173352583273,4.7952975146952665,22.274930390842528,25.85335670826029,9.446220480560998,6.074043518614005,19.85150046406105,0.0
./Eplus-env-08-19_thermostat_rbc_eco_year_2023_case_6_rep_0_zone_0_onoffseed_10_tempseed_10_comforttemp_20_setbacktemp_17_paper2_final_runs_v4-res1,2023,6,0,0,10,10,20,17,0.0,0.8559348252036713,4.3312364648860475,4.712797772506961,4.898422192430648,19.83087552851397,25.791481901619058,9.487470351655151,6.1977931318964625,5.414045581107559,18.479942250180468,0.0
./Eplus-env-08-19_thermostat_rbc_eco_year_2022_case_13_rep_0_zone_0_onoffseed_15_tempseed_30_comforttemp_20_setbacktemp_15_paper2_final_runs_v4-res1,2022,13,0,0,15,30,20,15,0.1340620810559967,0.5156233886769104,1.7531195215014954,3.7949881406620602,11.570588841909869,19.985562545117048,9.209033721769618,7.043415489326596,6.311230277405383,5.919356502010931,33.75270702279055,0.010312467773538208
./Eplus-env-08-19_thermostat_rbc_eco_year_2023_case_14_rep_0_zone_0_onoffseed_10_tempseed_42_comforttemp_20_setbacktemp_13_paper2_final_runs_v4-res1,2023,14,0,0,10,42,20,13,0.05156233886769104,0.2681241621119934,1.340620810559967,7.352789522532742,18.614004331236465,14.540579560688874,8.889347220789935,6.744353923893988,5.671857275446015,5.805919356502011,30.710529029596785,0.010312467773538208
./Eplus-env-08-19_thermostat_rbc_eco_year_2022_case_11_rep_0_zone_0_onoffseed_10_tempseed_10_comforttemp_20_setbacktemp_13_paper2_final_runs_v4-res1,2022,11,0,0,10,10,20,13,0.6393730019593689,1.5778075693513458,3.227802413117459,4.217799319377127,4.7849850469217285,19.1090027843663,24.677735382076932,8.528410848716097,6.1977931318964625,5.568732597710632,20.87243477364133,0.5981231308652161
./Eplus-env-08-19_thermostat_rbc_eco_year_2023_case_11_rep_0_zone_0_onoffseed_5_tempseed_10_comforttemp_20_setbacktemp_17_paper2_final_runs_v4-res1,2023,11,0,0,5,10,20,17,0.0,0.0,0.0,0.0,0.04124987109415283,8.92028462411055,46.467979787563166,12.818397442507992,7.816850572341962,5.86779416314324,18.06744353923894,0.0
./Eplus-env-08-19_thermostat_rbc_eco_year_2022_case_11_rep_0_zone_9_onoffseed_5_tempseed_42_comforttemp_18_setbacktemp_13_paper2_final_runs_v4-res1,2022,11,0,9,5,42,18,13,6.104980921934619,22.70805403733113,16.128699597813757,7.342477054759204,5.372795710013406,4.877797256883572,4.66123543363927,4.568423223677426,4.238424254924204,4.619985562545117,19.377126946478292,0.0
./Eplus-env-08-19_thermostat_rbc_eco_year_2023_case_3_rep_0_zone_0_onoffseed_15_tempseed_42_comforttemp_20_setbacktemp_17_paper2_final_runs_v4-res1,2023,3,0,0,15,42,20,17,0.030937403320614624,1.0209343095802825,4.3415489326595855,14.602454367330104,18.438692379086316,10.529029596782511,6.661854181705682,4.7746725791481905,4.991234402392492,5.372795710013406,29.23584613798082,0.0
./Eplus-env-08-19_thermostat_rbc_eco_year_2022_case_11_rep_0_zone_0_onoffseed_10_tempseed_30_comforttemp_20_setbacktemp_17_paper2_final_runs_v4-res1,2022,11,0,0,10,30,20,17,0.0,1.4746828916159638,5.939981437558008,4.238424254924204,15.59245127358977,27.297102196555635,8.445911106527792,5.7337320820872435,5.310920903372177,5.218108693410333,20.748685160358875,0.0
./Eplus-env-08-19_thermostat_rbc_eco_year_2022_case_11_rep_0_zone_0_onoffseed_15_tempseed_15_comforttemp_20_setbacktemp_13_paper2_final_runs_v4-res1,2022,11,0,0,15,15,20,13,0.5568732597710633,1.4231205527482726,3.248427348664536,5.228421161183872,5.651232339898938,7.5899762813241205,18.531504589048158,19.944312674022893,8.425286170980716,6.837166133855832,21.769619469939155,0.7940600185624419
./Eplus-env-08-19_thermostat_rbc_eco_year_2023_case_11_rep_0_zone_0_onoffseed_10_tempseed_10_comforttemp_20_setbacktemp_15_paper2_final_runs_v4-res1,2023,11,0,0,10,10,20,15,1.09312158399505,1.536557698257193,3.3515520263999177,4.506548417036197,5.352170774466329,19.985562545117048,25.348045787356916,9.26059606063731,6.465917294008457,5.558420129937094,17.47963287614726,0.06187480664122925
./Eplus-env-08-18_thermostat_rbc_eco_year_2022_case_0_rep_0_zone_0_onoffseed_15_tempseed_15_comforttemp_20_setbacktemp_15_paper2_final_runs_v4-res1,2022,0,0,0,15,15,20,15,1.2168711972775086,1.9284314736516448,3.423739300814685,4.723110240280499,5.362483242239868,7.827163040115499,19.253377333195836,20.459936062699803,8.940909559657625,6.259667938537692,20.449623594926265,0.1546870166030731
./Eplus-env-08-19_thermostat_rbc_eco_year_2023_case_8_rep_0_zone_0_onoffseed_15_tempseed_30_comforttemp_20_setbacktemp_15_paper2_final_runs_v4-res1,2023,8,0,0,15,30,20,15,0.1237496132824585,0.494998453129834,1.6603073115396514,3.702175930700217,12.560585748169537,22.017118696504074,9.446220480560998,6.6102918428379915,5.558420129937094,6.393730019593689,31.422089305970918,0.010312467773538208
./Eplus-env-08-19_thermostat_rbc_eco_year_2022_case_8_rep_0_zone_0_onoffseed_15_tempseed_15_comforttemp_20_setbacktemp_15_paper2_final_runs_v4-res1,2022,8,0,0,15,15,20,15,0.19593688769722595,0.3093740332061462,0.5259358564504486,1.289058471692276,2.9493657832319276,5.23873362895741,13.457770444467362,23.337114571516963,9.972156337011446,7.259977312570898,35.38207693100959,0.08249974218830566
./Eplus-env-08-19_thermostat_rbc_eco_year_2023_case_8_rep_0_zone_0_onoffseed_5_tempseed_30_comforttemp_20_setbacktemp_17_paper2_final_runs_v4-res1,2023,8,0,0,5,30,20,17,0.0,0.0,0.0,0.020624935547076416,7.713725894606579,28.287099102815304,13.313395895637825,6.703104052799835,5.847169227596163,5.795606888728472,32.31927400226874,0.0
./Eplus-env-08-19_thermostat_rbc_eco_year_2022_case_8_rep_0_zone_0_onoffseed_5_tempseed_42_comforttemp_20_setbacktemp_15_paper2_final_runs_v4-res1,2022,8,0,0,5,42,20,15,0.0,0.0,0.08249974218830566,6.280292874084768,22.573991956275137,13.12777147571414,6.795916262761679,6.909353408270599,6.04310611529339,5.6409198721254,32.54614829328658,0.0
./Eplus-env-08-19_thermostat_rbc_eco_year_2023_case_5_rep_0_zone_9_onoffseed_5_tempseed_42_comforttemp_20_setbacktemp_15_paper2_final_runs_v4-res1,2023,5,0,9,5,42,20,15,0.0,0.030937403320614624,9.281220996184388,29.596782510054652,16.953697019696815,6.971228214911829,5.444982984428174,6.208105599670001,5.310920903372177,4.671547901412808,15.53057646694854,0.0
./Eplus-env-08-19_thermostat_rbc_eco_year_2022_case_5_rep_0_zone_9_onoffseed_5_tempseed_42_comforttemp_20_setbacktemp_15_paper2_final_runs_v4-res1,2022,5,0,9,5,42,20,15,0.0,0.06187480664122925,9.910281530370217,27.74053831081778,18.727441476745383,6.074043518614005,4.733422708054038,4.743735175827576,4.444673610394967,5.084046612354336,18.479942250180468,0.0
./Eplus-env-08-19_thermostat_rbc_eco_year_2023_case_7_rep_0_zone_0_onoffseed_15_tempseed_30_comforttemp_20_setbacktemp_13_paper2_final_runs_v4-res1,2023,7,0,0,15,30,20,13,1.4128080849747344,3.16592760647623,5.331545838919253,7.713725894606579,17.71681963493864,19.243064865422298,8.549035784263175,6.548417036196762,5.403733113334021,5.145921418995566,18.71712900897185,1.0518717129008972
./Eplus-env-08-19_thermostat_rbc_eco_year_2022_case_7_rep_0_zone_0_onoffseed_15_tempseed_42_comforttemp_20_setbacktemp_13_paper2_final_runs_v4-res1,2022,7,0,0,15,42,20,13,2.5574920078374754,4.413736207074352,5.847169227596163,15.375889450345467,19.253377333195836,8.775910075281015,5.692482210993091,5.176858822316181,4.764360111374652,4.991234402392492,21.212746210168092,1.938743941425183
./Eplus-env-08-19_thermostat_rbc_eco_year_2023_case_4_rep_0_zone_0_onoffseed_5_tempseed_15_comforttemp_20_setbacktemp_15_paper2_final_runs_v4-res1,2023,4,0,0,5,15,20,15,0.0,0.0,0.0,0.0,0.010312467773538208,0.1340620810559967,12.168711972775085,30.153655769825722,15.41713932143962,7.847787975662576,34.26833041146746,0.0
./Eplus-env-08-19_thermostat_rbc_eco_year_2023_case_5_rep_0_zone_0_onoffseed_15_tempseed_42_comforttemp_20_setbacktemp_13_paper2_final_runs_v4-res1,2023,5,0,0,15,42,20,13,3.073115396514386,4.630298030318655,6.991853150458905,16.025574920078377,20.635248014849953,8.22934928328349,6.414354955140765,5.929668969784469,5.207796225636795,4.877797256883572,16.077137258946067,1.9078065381045684
./Eplus-env-08-19_thermostat_rbc_eco_year_2023_case_4_rep_0_zone_9_onoffseed_5_tempseed_42_comforttemp_18_setbacktemp_17_paper2_final_runs_v4-res1,2023,4,0,9,5,42,18,17,0.010312467773538208,3.8568629473032896,19.067752913272145,11.457151696400949,8.363411364339486,6.837166133855832,5.929668969784469,5.104671547901413,5.259358564504486,4.754047643601114,29.359595751263278,0.0
./Eplus-env-08-19_thermostat_rbc_eco_year_2023_case_5_rep_0_zone_0_onoffseed_5_tempseed_30_comforttemp_20_setbacktemp_15_paper2_final_runs_v4-res1,2023,5,0,0,5,30,20,15,0.0,0.0,0.0,0.08249974218830566,7.847787975662576,43.39486439104878,12.467773538207695,7.1052902959678255,6.208105599670001,5.393420645560482,17.50025781169434,0.0
./Eplus-env-08-19_thermostat_rbc_eco_year_2023_case_4_rep_0_zone_0_onoffseed_5_tempseed_15_comforttemp_20_setbacktemp_17_paper2_final_runs_v4-res1,2023,4,0,0,5,15,20,17,0.0,0.0,0.0,0.0,0.0,0.22687429101784057,12.436836134887079,29.833969268846033,15.231514901515933,7.837475507889039,34.433329895844075,0.0
./Eplus-env-08-19_thermostat_rbc_eco_year_2023_case_9_rep_0_zone_0_onoffseed_15_tempseed_15_comforttemp_20_setbacktemp_17_paper2_final_runs_v4-res1,2023,9,0,0,15,15,20,17,0.0,0.010312467773538208,0.35062390430029905,0.6806228730535218,2.340930184593173,5.321233371145715,12.333711457151697,25.739919562751368,12.53996081262246,6.950603279364752,33.73208208724348,0.0
./Eplus-env-08-19_thermostat_rbc_eco_year_2023_case_2_rep_0_zone_9_onoffseed_5_tempseed_42_comforttemp_20_setbacktemp_13_paper2_final_runs_v4-res1,2023,2,0,9,5,42,20,13,0.0,1.7531195215014954,10.611529338970815,21.924306486542232,19.129627719913376,7.280602248117975,5.486232855522326,5.537795194390018,5.249046096730948,5.259358564504486,17.76838197380633,0.0
./Eplus-env-08-19_thermostat_rbc_eco_year_2023_case_1_rep_0_zone_9_onoffseed_5_tempseed_42_comforttemp_20_setbacktemp_15_paper2_final_runs_v4-res1,2023,1,0,9,5,42,20,15,0.0,0.030937403320614624,10.590904403423739,29.050221718057127,17.14963390739404,6.259667938537692,5.558420129937094,5.444982984428174,5.166546354542642,4.228111787150665,16.520573373208208,0.0
./Eplus-env-08-19_thermostat_rbc_eco_year_2023_case_5_rep_0_zone_0_onoffseed_10_tempseed_10_comforttemp_20_setbacktemp_13_paper2_final_runs_v4-res1,2023,5,0,0,10,10,20,13,0.8043724863359802,1.443745488295349,3.217489945343921,4.527173352583273,6.280292874084768,18.552129524595234,25.71929462720429,9.549345158296381,6.6721666494792204,5.2696710322780245,17.355883262864804,0.6084355986387543
./Eplus-env-08-19_thermostat_rbc_eco_year_2023_case_5_rep_0_zone_0_onoffseed_5_tempseed_10_comforttemp_20_setbacktemp_13_paper2_final_runs_v4-res1,2023,5,0,0,5,10,20,13,0.0,0.0,0.0,0.030937403320614624,0.5053109209033722,9.477157883881612,45.01392183149427,13.210271217902445,7.682788491285965,6.218418067443539,17.861194183768177,0.0
./Eplus-env-08-19_thermostat_rbc_eco_year_2023_case_4_rep_0_zone_9_onoffseed_5_tempseed_42_comforttemp_21_setbacktemp_17_paper2_final_runs_v4-res1,2023,4,0,9,5,42,21,17,0.0,0.0,0.04124987109415283,3.56811384964422,19.96493760956997,20.9446220480561,8.394348767660102,5.898731566463855,5.135608951222028,5.589357533257709,30.463029803031866,0.0
./Eplus-env-08-19_thermostat_rbc_eco_year_2023_case_3_rep_0_zone_0_onoffseed_10_tempseed_10_comforttemp_20_setbacktemp_13_paper2_final_runs_v4-res1,2023,3,0,0,10,10,20,13,0.06187480664122925,0.18562441992368775,0.5362483242239868,1.7737444570485716,3.9703000928122103,18.851191090027843,21.666494792203775,8.590285655357327,6.1771681963493865,6.146230793028772,32.040837372383216,0.0
./Eplus-env-08-19_thermostat_rbc_eco_year_2023_case_7_rep_0_zone_0_onoffseed_5_tempseed_15_comforttemp_20_setbacktemp_13_paper2_final_runs_v4-res1,2023,7,0,0,5,15,20,13,0.0,0.0,0.0,0.0,0.05156233886769104,0.27843662988553164,11.952150149530782,45.189233783644426,13.725894606579356,7.290914715891512,21.5118077756007,0.0
./Eplus-env-08-19_thermostat_rbc_eco_year_2022_case_2_rep_0_zone_9_onoffseed_5_tempseed_42_comforttemp_21_setbacktemp_15_paper2_final_runs_v4-res1,2022,2,0,9,5,42,21,15,0.0,0.0,0.7012478086005981,10.828091162215118,22.43992987521914,23.233989893781583,7.424976796947509,5.403733113334021,4.929359595751263,4.960296999071878,20.07837475507889,0.0
./Eplus-env-08-19_thermostat_rbc_eco_year_2022_case_11_rep_0_zone_0_onoffseed_5_tempseed_10_comforttemp_20_setbacktemp_17_paper2_final_runs_v4-res1,2022,11,0,0,5,10,20,17,0.0,0.0,0.0,0.0,0.05156233886769104,9.126533979581314,42.868928534598325,12.395586263792925,6.981540682685367,6.1977931318964625,22.37805506857791,0.0
./Eplus-env-08-19_thermostat_rbc_eco_year_2022_case_12_rep_0_zone_0_onoffseed_5_tempseed_42_comforttemp_20_setbacktemp_13_paper2_final_runs_v4-res1,2022,12,0,0,5,42,20,13,0.0,0.0,0.05156233886769104,6.713416520573373,36.15551201402496,12.47808600598123,6.878416004949985,5.671857275446015,5.187171290089719,5.383108177786944,21.480870372280087,0.0
./Eplus-env-08-19_thermostat_rbc_eco_year_2023_case_3_rep_0_zone_0_onoffseed_5_tempseed_30_comforttemp_20_setbacktemp_13_paper2_final_runs_v4-res1,2023,3,0,0,5,30,20,13,0.0,0.0,0.0,0.23718675879137877,10.467154790141281,25.461482932865838,13.4680829122409,6.795916262761679,5.98123130865216,5.919356502010931,31.669588532535837,0.0
./Eplus-env-08-19_thermostat_rbc_eco_year_2023_case_3_rep_0_zone_0_onoffseed_5_tempseed_42_comforttemp_20_setbacktemp_13_paper2_final_runs_v4-res1,2023,3,0,0,5,42,20,13,0.0,0.0,0.1340620810559967,8.012787460039188,23.4814891203465,14.581829431783024,8.033412395586263,5.455295452201712,4.867484789110034,5.176858822316181,30.2567804475611,0.0
./Eplus-env-08-19_thermostat_rbc_eco_year_2023_case_3_rep_0_zone_0_onoffseed_5_tempseed_10_comforttemp_20_setbacktemp_13_paper2_final_runs_v4-res1,2023,3,0,0,5,10,20,13,0.0,0.0,0.0,0.0,0.2681241621119934,14.169330720841497,28.771785088171598,12.333711457151697,6.764978859441065,6.022481179746313,31.669588532535837,0.0
./Eplus-env-08-19_thermostat_rbc_eco_year_2023_case_2_rep_0_zone_9_onoffseed_5_tempseed_42_comforttemp_21_setbacktemp_13_paper2_final_runs_v4-res1,2023,2,0,9,5,42,21,13,0.0,0.06187480664122925,2.7534288955347015,6.249355470764153,13.93214396205012,21.2952459523564,19.38743941425183,7.569351345777045,5.826544292049087,5.042796741260184,17.88181911931525,0.0
./Eplus-env-08-19_thermostat_rbc_eco_year_2022_case_14_rep_0_zone_9_onoffseed_5_tempseed_42_comforttemp_20_setbacktemp_17_paper2_final_runs_v4-res1,2022,14,0,9,5,42,20,17,0.0,0.0,0.2887490976590698,16.644322986490668,17.799319377126945,7.785913169021347,6.6824791172527584,6.15654326080231,6.404042487367227,5.609982468804785,32.62864803547489,0.0
./Eplus-env-08-19_thermostat_rbc_eco_year_2022_case_14_rep_0_zone_0_onoffseed_5_tempseed_10_comforttemp_20_setbacktemp_17_paper2_final_runs_v4-res1,2022,14,0,0,5,10,20,17,0.0,0.0,0.0,0.0,0.10312467773538209,5.310920903372177,26.843353614519955,14.819016190574406,9.312158399505002,7.455914200268124,36.15551201402496,0.0
./Eplus-env-08-19_thermostat_rbc_eco_year_2023_case_12_rep_0_zone_0_onoffseed_10_tempseed_15_comforttemp_20_setbacktemp_17_paper2_final_runs_v4-res1,2023,12,0,0,10,15,20,17,0.0,0.32999896875322265,2.495617201196246,3.9496751572651334,4.537485820356811,5.249046096730948,21.398370630091783,25.647107352789522,9.941218933690832,6.6412292461586055,19.810250592966895,0.0
./Eplus-env-08-19_thermostat_rbc_eco_year_2022_case_5_rep_0_zone_0_onoffseed_15_tempseed_30_comforttemp_20_setbacktemp_13_paper2_final_runs_v4-res1,2022,5,0,0,15,30,20,13,1.6190574404454987,3.9393626894915954,5.558420129937094,6.063731050840466,15.47901412808085,20.84149737032072,8.270599154377642,6.300917809631845,5.197483757863257,5.403733113334021,19.624626173043207,1.7015571826338043
./Eplus-env-08-19_thermostat_rbc_eco_year_2022_case_5_rep_0_zone_0_onoffseed_5_tempseed_30_comforttemp_20_setbacktemp_15_paper2_final_runs_v4-res1,2022,5,0,0,5,30,20,15,0.0,0.0,0.0,0.17531195215014952,7.703413426833042,41.55924512735898,12.436836134887079,6.527792100649686,5.826544292049087,5.414045581107559,20.35681138496442,0.0
./Eplus-env-08-19_thermostat_rbc_eco_year_2023_case_8_rep_0_zone_0_onoffseed_10_tempseed_10_comforttemp_20_setbacktemp_15_paper2_final_runs_v4-res1,2023,8,0,0,10,10,20,15,0.04124987109415283,0.1237496132824585,0.5774981953181396,1.5778075693513458,3.9187377539445194,14.138393317520883,25.71929462720429,9.14715891512839,6.434979890687842,6.26998040631123,32.051149840156754,0.0
./Eplus-env-08-19_thermostat_rbc_eco_year_2022_case_14_rep_0_zone_0_onoffseed_10_tempseed_10_comforttemp_20_setbacktemp_17_paper2_final_runs_v4-res1,2022,14,0,0,10,10,20,17,0.0,0.0,0.22687429101784057,1.1137465195421266,2.340930184593173,10.044343611426214,24.657110446529853,11.653088584098175,8.363411364339486,6.630916778385068,34.969578220068065,0.0
./Eplus-env-08-19_thermostat_rbc_eco_year_2023_case_5_rep_0_zone_0_onoffseed_10_tempseed_30_comforttemp_20_setbacktemp_13_paper2_final_runs_v4-res1,2023,5,0,0,10,30,20,13,1.0828091162215119,2.1862431679901,4.011549963906362,5.702794678766629,17.510570279467878,25.183046302980305,8.879034753016397,7.002165618232444,5.939981437558008,4.898422192430648,16.541198308755284,1.0621841806744354
./Eplus-env-08-19_thermostat_rbc_eco_year_2022_case_6_rep_0_zone_0_onoffseed_5_tempseed_15_comforttemp_20_setbacktemp_15_paper2_final_runs_v4-res1,2022,6,0,0,5,15,20,15,0.0,0.0,0.0,0.0,0.08249974218830566,0.47437351758275753,11.240589873156646,45.49860781685057,12.426523667113539,7.125915231514901,23.151490151593276,0.0
./Eplus-env-08-19_thermostat_rbc_eco_year_2022_case_5_rep_0_zone_0_onoffseed_10_tempseed_15_comforttemp_20_setbacktemp_17_paper2_final_runs_v4-res1,2022,5,0,0,10,15,20,17,0.0,0.7837475507889038,3.227802413117459,3.733113334020831,4.042487367226977,5.176858822316181,21.09930906465917,25.389295658451065,9.178096318449006,6.713416520573373,20.65587295039703,0.0
./Eplus-env-08-19_thermostat_rbc_eco_year_2023_case_5_rep_0_zone_0_onoffseed_10_tempseed_30_comforttemp_20_setbacktemp_15_paper2_final_runs_v4-res1,2023,5,0,0,10,30,20,15,1.5881200371248838,2.619366814478705,4.248736722697742,5.176858822316181,18.211818088068473,24.80148499535939,9.095596576260698,6.476229761781995,5.692482210993091,5.187171290089719,16.778385067546665,0.1237496132824585
./Eplus-env-08-19_thermostat_rbc_eco_year_2023_case_12_rep_0_zone_0_onoffseed_5_tempseed_42_comforttemp_20_setbacktemp_13_paper2_final_runs_v4-res1,2023,12,0,0,5,42,20,13,0.0,0.0,0.07218727441476745,7.012478086005982,39.85768794472517,10.436217386820665,6.878416004949985,6.1771681963493865,6.04310611529339,5.176858822316181,18.34588016912447,0.0
./Eplus-env-08-19_thermostat_rbc_eco_year_2022_case_12_rep_0_zone_0_onoffseed_5_tempseed_15_comforttemp_20_setbacktemp_13_paper2_final_runs_v4-res1,2022,12,0,0,5,15,20,13,0.0,0.0,0.0,0.0,0.010312467773538208,0.3712488398473755,10.900278436629886,45.45735794575642,11.446839228627411,7.053727957100134,24.760235124265236,0.0
./Eplus-env-08-19_thermostat_rbc_eco_year_2023_case_11_rep_0_zone_0_onoffseed_10_tempseed_15_comforttemp_20_setbacktemp_13_paper2_final_runs_v4-res1,2023,11,0,0,10,15,20,13,0.47437351758275753,0.9796844384861298,2.196555635763638,3.629988656285449,4.609673094771579,5.568732597710632,21.491182840053625,24.832422398680006,10.116530885840982,6.239043002990615,19.63493864081675,0.22687429101784057
./Eplus-env-08-18_thermostat_rbc_eco_year_2022_case_0_rep_0_zone_0_onoffseed_5_tempseed_30_comforttemp_20_setbacktemp_17_paper2_final_runs_v4-res1,2022,0,0,0,5,30,20,17,0.0,0.0,0.0,0.0,6.888728472723522,43.03392801897494,12.70496029699907,6.816541198308755,5.372795710013406,5.46560791997525,19.717438383005053,0.0
./Eplus-env-08-18_thermostat_rbc_eco_year_2023_case_0_rep_0_zone_0_onoffseed_5_tempseed_15_comforttemp_20_setbacktemp_15_paper2_final_runs_v4-res1,2023,0,0,0,5,15,20,15,0.0,0.0,0.0,0.0,0.0,0.3093740332061462,12.055274827266164,48.65422295555326,13.52995771888213,6.950603279364752,18.500567185727547,0.0
./Eplus-env-08-19_thermostat_rbc_eco_year_2023_case_2_rep_0_zone_0_onoffseed_15_tempseed_42_comforttemp_20_setbacktemp_15_paper2_final_runs_v4-res1,2023,2,0,0,15,42,20,15,3.2999896875322268,4.640610498092194,7.559038878003506,16.582448179849436,19.60400123749613,8.11591213777457,6.1977931318964625,6.012168711972775,5.145921418995566,4.8262349180158814,17.417758069506036,0.5981231308652161
./Eplus-env-08-19_thermostat_rbc_eco_year_2022_case_7_rep_0_zone_0_onoffseed_15_tempseed_42_comforttemp_20_setbacktemp_17_paper2_final_runs_v4-res1,2022,7,0,0,15,42,20,17,0.020624935547076416,4.516860884809735,8.662472929772095,13.715582138805814,22.532742085180985,9.013096834072394,5.805919356502011,5.145921418995566,5.053109209033722,4.619985562545117,20.913684644735486,0.0
./Eplus-env-08-19_thermostat_rbc_eco_year_2023_case_7_rep_0_zone_0_onoffseed_5_tempseed_30_comforttemp_20_setbacktemp_17_paper2_final_runs_v4-res1,2023,7,0,0,5,30,20,17,0.0,0.0,0.0,0.030937403320614624,7.1052902959678255,42.961740744560174,12.065587295039704,7.229039909250283,6.352480148499535,5.372795710013406,18.882128493348457,0.0
./Eplus-env-08-19_thermostat_rbc_eco_year_2022_case_12_rep_0_zone_0_onoffseed_10_tempseed_42_comforttemp_20_setbacktemp_13_paper2_final_runs_v4-res1,2022,12,0,0,10,42,20,13,1.5571826338042694,2.732803959987625,4.444673610394967,15.12839022378055,23.70836341136434,8.817159946375169,5.486232855522326,5.7234196143137055,4.723110240280499,5.094359080127875,21.34680829122409,1.2374961328245848
./Eplus-env-08-19_thermostat_rbc_eco_year_2023_case_12_rep_0_zone_0_onoffseed_5_tempseed_30_comforttemp_20_setbacktemp_17_paper2_final_runs_v4-res1,2023,12,0,0,5,30,20,17,0.0,0.0,0.0,0.0,7.1052902959678255,42.28111787150665,12.344023924925235,7.342477054759204,6.5587295039703,5.156233886769104,19.21212746210168,0.0
./Eplus-env-08-19_thermostat_rbc_eco_year_2023_case_2_rep_0_zone_9_onoffseed_5_tempseed_42_comforttemp_19_setbacktemp_13_paper2_final_runs_v4-res1,2023,2,0,9,5,42,19,13,0.5156233886769104,11.828400536248324,23.6980509435908,15.788388161286996,5.764669485407858,4.7849850469217285,5.362483242239868,5.022171805713107,5.094359080127875,5.032484273486645,17.10838403629989,0.0
./Eplus-env-08-19_thermostat_rbc_eco_year_2022_case_9_rep_0_zone_9_onoffseed_5_tempseed_42_comforttemp_19_setbacktemp_17_paper2_final_runs_v4-res1,2022,9,0,9,5,42,19,17,0.0,0.010312467773538208,10.86934103330927,17.954006393730022,8.466536042074868,7.064040424873673,5.795606888728472,5.939981437558008,5.568732597710632,5.2696710322780245,33.06177168196349,0.0
./Eplus-env-08-19_thermostat_rbc_eco_year_2023_case_9_rep_0_zone_0_onoffseed_15_tempseed_10_comforttemp_20_setbacktemp_17_paper2_final_runs_v4-res1,2023,9,0,0,15,10,20,17,0.0,0.04124987109415283,0.45374858203568114,1.1137465195421266,4.032174899453439,11.312777147571413,22.08930597091884,13.643394864391048,8.002474992265649,6.73404145612045,32.5770856966072,0.0
./Eplus-env-08-19_thermostat_rbc_eco_year_2023_case_7_rep_0_zone_0_onoffseed_10_tempseed_10_comforttemp_20_setbacktemp_17_paper2_final_runs_v4-res1,2023,7,0,0,10,10,20,17,0.0,0.6703104052799835,3.8671754150768276,4.877797256883572,5.001546870166031,20.047437351758276,24.368361348870785,8.734660204186861,7.094977828194287,5.455295452201712,19.882437867381665,0.0
./Eplus-env-08-19_thermostat_rbc_eco_year_2023_case_14_rep_0_zone_0_onoffseed_15_tempseed_30_comforttemp_20_setbacktemp_13_paper2_final_runs_v4-res1,2023,14,0,0,15,30,20,13,0.06187480664122925,0.32999896875322265,0.8765597607507477,3.0421779931937714,9.631844900484685,19.243064865422298,13.364958234505517,8.765597607507477,6.465917294008457,5.579045065484171,32.63896050324843,0.0
./Eplus-env-08-19_thermostat_rbc_eco_year_2023_case_4_rep_0_zone_9_onoffseed_5_tempseed_42_comforttemp_21_setbacktemp_13_paper2_final_runs_v4-res1,2023,4,0,9,5,42,21,13,0.21656182324430237,0.8456223574301331,2.1759307002165618,4.815922450242343,14.231205527482727,22.790553779519442,9.044034237393008,5.919356502010931,5.207796225636795,5.537795194390018,29.215221202433746,0.0
./Eplus-env-08-18_thermostat_rbc_eco_year_2022_case_0_rep_0_zone_0_onoffseed_10_tempseed_15_comforttemp_20_setbacktemp_15_paper2_final_runs_v4-res1,2022,0,0,0,10,15,20,15,0.7734350830153656,1.1756213261833557,2.578116943384552,3.4340517685882235,3.5784263174177577,5.857481695369702,22.37805506857791,23.801175621326184,8.85840981746932,6.6824791172527584,20.82087243477364,0.06187480664122925
./Eplus-env-08-18_thermostat_rbc_eco_year_2022_case_0_rep_0_zone_0_onoffseed_15_tempseed_15_comforttemp_20_setbacktemp_13_paper2_final_runs_v4-res1,2022,0,0,0,15,15,20,13,0.7940600185624419,1.8046818603691863,3.464989171908838,5.001546870166031,5.249046096730948,7.631226152418273,19.696813447457977,20.3774363205115,8.507785913169021,6.569041971743839,20.294936578323192,0.6084355986387543
./Eplus-env-08-18_thermostat_rbc_eco_year_2023_case_0_rep_0_zone_0_onoffseed_5_tempseed_42_comforttemp_20_setbacktemp_13_paper2_final_runs_v4-res1,2023,0,0,0,5,42,20,13,0.0,0.0,0.030937403320614624,6.290605341858306,42.1883056615448,11.766525729607096,6.950603279364752,6.6102918428379915,5.424358048881097,4.8365473857894195,15.901825306795917,0.0
./Eplus-env-08-19_thermostat_rbc_eco_year_2023_case_14_rep_0_zone_9_onoffseed_5_tempseed_42_comforttemp_18_setbacktemp_13_paper2_final_runs_v4-res1,2023,14,0,9,5,42,18,13,2.340930184593173,11.178715066515418,13.261833556770137,8.63153552645148,6.981540682685367,6.290605341858306,5.826544292049087,4.991234402392492,4.640610498092194,5.042796741260184,30.803341239558623,0.010312467773538208
./Eplus-env-08-19_thermostat_rbc_eco_year_2022_case_14_rep_0_zone_0_onoffseed_5_tempseed_42_comforttemp_20_setbacktemp_13_paper2_final_runs_v4-res1,2022,14,0,0,5,42,20,13,0.0,0.0,0.010312467773538208,3.186552542023306,17.665257296070948,16.314324017737444,8.662472929772095,7.394039393626894,6.84747860162937,5.878106630916778,34.041456120449624,0.0
./Eplus-env-08-19_thermostat_rbc_eco_year_2022_case_13_rep_0_zone_0_onoffseed_10_tempseed_42_comforttemp_20_setbacktemp_17_paper2_final_runs_v4-res1,2022,13,0,0,10,42,20,17,0.010312467773538208,0.3609363720738373,2.3099927812725585,11.302464679797875,19.098690316592762,10.044343611426214,6.96091574713829,5.898731566463855,5.630607404351862,5.455295452201712,32.9277096009075,0.0
./Eplus-env-08-18_thermostat_rbc_eco_year_2022_case_0_rep_0_zone_0_onoffseed_10_tempseed_15_comforttemp_20_setbacktemp_17_paper2_final_runs_v4-res1,2022,0,0,0,10,15,20,17,0.0,0.6909353408270599,3.464989171908838,3.68155099515314,3.980612560585748,5.053109209033722,21.656182324430237,24.51273589770032,9.415283077240383,6.589666907290914,20.95493451582964,0.0
./Eplus-env-08-18_thermostat_rbc_eco_year_2022_case_0_rep_0_zone_0_onoffseed_15_tempseed_42_comforttemp_20_setbacktemp_13_paper2_final_runs_v4-res1,2022,0,0,0,15,42,20,13,3.186552542023306,4.743735175827576,6.218418067443539,14.911828400536248,19.91337527070228,8.765597607507477,5.671857275446015,5.651232339898938,5.001546870166031,5.207796225636795,18.284005362483242,2.444054862328555
./Eplus-env-08-19_thermostat_rbc_eco_year_2022_case_13_rep_0_zone_0_onoffseed_15_tempseed_30_comforttemp_20_setbacktemp_17_paper2_final_runs_v4-res1,2022,13,0,0,15,30,20,17,0.020624935547076416,0.3093740332061462,1.6603073115396514,3.7846756728885227,12.591523151490152,19.995875012890586,9.03372176961947,7.053727957100134,6.146230793028772,5.589357533257709,33.81458182943178,0.0
./Eplus-env-08-19_thermostat_rbc_eco_year_2023_case_13_rep_0_zone_0_onoffseed_10_tempseed_30_comforttemp_20_setbacktemp_17_paper2_final_runs_v4-res1,2023,13,0,0,10,30,20,17,0.0,0.05156233886769104,1.1962462617304321,3.0009281220996185,13.581520057749819,23.6980509435908,10.281530370217592,6.249355470764153,5.929668969784469,5.537795194390018,30.473342270805404,0.0
./Eplus-env-08-19_thermostat_rbc_eco_year_2023_case_13_rep_0_zone_9_onoffseed_5_tempseed_42_comforttemp_21_setbacktemp_13_paper2_final_runs_v4-res1,2023,13,0,9,5,42,21,13,0.0,0.35062390430029905,2.279055377951944,7.5487264102299685,17.562132618335568,20.222749303908426,6.424667422914303,4.692172836959885,5.166546354542642,5.042796741260184,30.710529029596785,0.0
./Eplus-env-08-19_thermostat_rbc_eco_year_2022_case_9_rep_0_zone_0_onoffseed_15_tempseed_10_comforttemp_20_setbacktemp_15_paper2_final_runs_v4-res1,2022,9,0,0,15,10,20,15,0.16499948437661133,0.247499226564917,0.5568732597710633,1.6603073115396514,3.9496751572651334,10.446529854594203,21.46024543673301,11.395276889759721,8.662472929772095,6.239043002990615,35.16551510776529,0.05156233886769104
./Eplus-env-08-19_thermostat_rbc_eco_year_2022_case_10_rep_0_zone_0_onoffseed_5_tempseed_15_comforttemp_20_setbacktemp_13_paper2_final_runs_v4-res1,2022,10,0,0,5,15,20,13,0.0,0.0,0.0,0.0,0.020624935547076416,0.16499948437661133,7.641538620191812,46.684541610807464,12.385273796019387,7.5487264102299685,25.554295142827677,0.0
./Eplus-env-08-19_thermostat_rbc_eco_year_2022_case_13_rep_0_zone_0_onoffseed_15_tempseed_42_comforttemp_20_setbacktemp_13_paper2_final_runs_v4-res1,2022,13,0,0,15,42,20,13,0.45374858203568114,1.1343714550892028,3.145302670929153,10.343405176858822,18.02619366814479,10.106218418067444,6.703104052799835,6.104980921934619,5.7234196143137055,4.960296999071878,33.08239661751057,0.21656182324430237
./Eplus-env-08-19_thermostat_rbc_eco_year_2022_case_4_rep_0_zone_0_onoffseed_10_tempseed_15_comforttemp_20_setbacktemp_15_paper2_final_runs_v4-res1,2022,4,0,0,10,15,20,15,0.05156233886769104,0.1237496132824585,0.2681241621119934,0.8662472929772095,1.835619263689801,4.48592348148912,16.304011549963906,21.883056615448076,11.065277921006498,8.445911106527792,34.64989171908838,0.020624935547076416
./Eplus-env-08-19_thermostat_rbc_eco_year_2022_case_4_rep_0_zone_0_onoffseed_15_tempseed_10_comforttemp_20_setbacktemp_17_paper2_final_runs_v4-res1,2022,4,0,0,15,10,20,17,0.06187480664122925,0.2578116943384552,0.6290605341858306,1.8665566670104154,4.537485820356811,14.612766835103642,19.717438383005053,9.961843869237908,8.208724347736414,7.301227183665052,32.845209858719194,0.0
./Eplus-env-08-19_thermostat_rbc_eco_year_2023_case_5_rep_0_zone_0_onoffseed_5_tempseed_42_comforttemp_20_setbacktemp_13_paper2_final_runs_v4-res1,2023,5,0,0,5,42,20,13,0.0,0.0,0.020624935547076416,6.404042487367227,42.20893059709188,11.250902340930184,6.909353408270599,6.218418067443539,5.7131071465401675,4.8468598535629575,16.427761163246366,0.0
./Eplus-env-08-19_thermostat_rbc_eco_year_2022_case_9_rep_0_zone_0_onoffseed_5_tempseed_42_comforttemp_20_setbacktemp_13_paper2_final_runs_v4-res1,2022,9,0,0,5,42,20,13,0.0,0.0,0.04124987109415283,3.2071774775703825,18.160255749200786,16.11838713004022,8.63153552645148,6.888728472723522,6.569041971743839,6.6515417139321436,33.73208208724348,0.0
./Eplus-env-08-19_thermostat_rbc_eco_year_2022_case_9_rep_0_zone_0_onoffseed_10_tempseed_30_comforttemp_20_setbacktemp_13_paper2_final_runs_v4-res1,2022,9,0,0,10,30,20,13,0.10312467773538209,0.1340620810559967,0.8146849541095184,2.237805506857791,9.157471382901928,19.872125399608127,12.426523667113539,7.486851603588739,6.548417036196762,6.496854697329072,34.68082912240899,0.04124987109415283
./Eplus-env-08-19_thermostat_rbc_eco_year_2022_case_8_rep_0_zone_0_onoffseed_10_tempseed_10_comforttemp_20_setbacktemp_17_paper2_final_runs_v4-res1,2022,8,0,0,10,10,20,17,0.010312467773538208,0.10312467773538209,0.47437351758275753,1.340620810559967,3.269052284211612,14.024956172011963,23.233989893781583,9.972156337011446,7.125915231514901,6.249355470764153,34.1961431370527,0.0
./Eplus-env-08-19_thermostat_rbc_eco_year_2023_case_7_rep_0_zone_0_onoffseed_10_tempseed_30_comforttemp_20_setbacktemp_17_paper2_final_runs_v4-res1,2023,7,0,0,10,30,20,17,0.0,1.3509332783335053,5.692482210993091,5.084046612354336,17.65494482829741,25.20367123852738,9.095596576260698,6.44529235846138,5.826544292049087,5.393420645560482,18.253067959162628,0.0
./Eplus-env-08-19_thermostat_rbc_eco_year_2022_case_7_rep_0_zone_0_onoffseed_5_tempseed_15_comforttemp_20_setbacktemp_17_paper2_final_runs_v4-res1,2022,7,0,0,5,15,20,17,0.0,0.0,0.0,0.0,0.0,0.2578116943384552,11.745900794060018,44.62204805609982,12.72558523254615,6.899040940497062,23.749613282458494,0.0
./Eplus-env-08-19_thermostat_rbc_eco_year_2023_case_2_rep_0_zone_0_onoffseed_10_tempseed_15_comforttemp_20_setbacktemp_15_paper2_final_runs_v4-res1,2023,2,0,0,10,15,20,15,0.48468598535629576,1.4024956172011962,2.1553057646694853,3.5578013818706817,4.919047127977725,6.115293389708157,22.367742600804373,23.59492626585542,9.765906981540683,6.208105599670001,19.428689285345982,0.0
./Eplus-env-08-19_thermostat_rbc_eco_year_2022_case_1_rep_0_zone_0_onoffseed_5_tempseed_42_comforttemp_20_setbacktemp_15_paper2_final_runs_v4-res1,2022,1,0,0,5,42,20,15,0.0,0.0,0.010312467773538208,6.929978343817676,37.393008146849546,12.70496029699907,6.84747860162937,6.094668454161081,5.104671547901413,5.104671547901413,19.810250592966895,0.0
