filename,year,case,rep,zones_controlled,onoffseed,tempseed,comforttemp,setbacktemp,Percent at 15,Percent at 16,Percent at 17,Percent at 18,Percent at 19,Percent at 20,Percent at 21,Percent at 22,Percent at 23,Percent at 24,Percent at 25 or above,Percent at 15 or below
./Eplus-env-08-19_thermostat_rbc_eco_year_2023_case_13_rep_0_zone_0_onoffseed_15_tempseed_15_comforttemp_20_setbacktemp_17_paper2_final_runs_v4-res1,2023,13,0,0,15,15,20,17,0.0,0.020624935547076416,0.32999896875322265,0.7631226152418273,2.4028049912344023,4.424048674847891,7.497164071362277,25.471795400639373,16.025574920078377,8.549035784263175,34.51582963803238,0.0
./Eplus-env-08-19_thermostat_rbc_eco_year_2023_case_13_rep_0_zone_0_onoffseed_15_tempseed_10_comforttemp_20_setbacktemp_13_paper2_final_runs_v4-res1,2023,13,0,0,15,10,20,13,0.020624935547076416,0.23718675879137877,0.5156233886769104,1.6912447148602663,3.372176961946994,6.393730019593689,23.976487573476334,15.41713932143962,7.754975765700732,6.455604826234918,34.16520573373209,0.0
./Eplus-env-08-19_thermostat_rbc_eco_year_2023_case_1_rep_0_zone_9_onoffseed_5_tempseed_42_comforttemp_21_setbacktemp_15_paper2_final_runs_v4-res1,2023,1,0,9,5,42,21,15,0.0,0.0,0.0,0.0,0.0,39.36268949159534,26.719604001237496,6.373105084046612,6.001856244199237,5.073734144580798,16.469011034340518,0.0
./Eplus-env-08-19_thermostat_rbc_eco_year_2022_case_11_rep_0_zone_9_onoffseed_5_tempseed_42_comforttemp_20_setbacktemp_15_paper2_final_runs_v4-res1,2022,11,0,9,5,42,20,15,0.0,0.0,0.0,0.0,28.6377230071156,30.854903578426317,5.692482210993091,5.259358564504486,4.496235949262658,4.8365473857894195,20.222749303908426,0.0
./Eplus-env-08-19_thermostat_rbc_eco_year_2022_case_1_rep_0_zone_0_onoffseed_5_tempseed_30_comforttemp_20_setbacktemp_15_paper2_final_runs_v4-res1,2022,1,0,0,5,30,20,15,0.0,0.0,0.0,0.0,0.0,6.352480148499535,53.28452098587192,8.34278642879241,5.909044034237393,5.537795194390018,20.573373208208725,0.0
./Eplus-env-08-19_thermostat_rbc_eco_year_2023_case_2_rep_0_zone_9_onoffseed_5_tempseed_42_comforttemp_20_setbacktemp_15_paper2_final_runs_v4-res1,2023,2,0,9,5,42,20,15,0.0,0.0,0.0,0.0,34.34051768588223,25.13148396411261,5.599670001031247,6.115293389708157,5.496545323295865,4.991234402392492,18.325255233577394,0.0
./Eplus-env-08-19_thermostat_rbc_eco_year_2023_case_12_rep_0_zone_0_onoffseed_10_tempseed_42_comforttemp_20_setbacktemp_17_paper2_final_runs_v4-res1,2023,12,0,0,10,42,20,17,0.0,0.7115602763741363,6.104980921934619,6.44529235846138,9.518407754975765,33.78364442611117,7.146540167061978,6.538104568423224,5.609982468804785,5.166546354542642,18.974940703310303,0.0
./Eplus-env-08-19_thermostat_rbc_eco_year_2022_case_4_rep_0_zone_0_onoffseed_10_tempseed_30_comforttemp_20_setbacktemp_15_paper2_final_runs_v4-res1,2022,4,0,0,10,30,20,15,0.06187480664122925,0.23718675879137877,0.6806228730535218,1.5571826338042694,3.6918634629266784,22.60492935959575,15.314014643704239,7.816850572341962,7.342477054759204,6.6927915850262965,33.96926884603486,0.030937403320614624
./Eplus-env-08-19_thermostat_rbc_eco_year_2023_case_4_rep_0_zone_0_onoffseed_10_tempseed_30_comforttemp_20_setbacktemp_15_paper2_final_runs_v4-res1,2023,4,0,0,10,30,20,15,0.020624935547076416,0.16499948437661133,0.5156233886769104,1.5571826338042694,3.629988656285449,24.29617407445602,16.62369805094359,9.281220996184388,6.125605857481696,5.7543570176343195,32.03052490460968,0.0
./Eplus-env-08-19_thermostat_rbc_eco_year_2022_case_7_rep_0_zone_9_onoffseed_5_tempseed_42_comforttemp_18_setbacktemp_17_paper2_final_runs_v4-res1,2022,7,0,9,5,42,18,17,0.0,0.0,12.447148602660617,33.38145818294318,7.352789522532742,5.475920387748788,5.104671547901413,5.032484273486645,4.506548417036197,5.011859337939569,21.68711972775085,0.0
./Eplus-env-08-19_thermostat_rbc_eco_year_2022_case_11_rep_0_zone_0_onoffseed_15_tempseed_30_comforttemp_20_setbacktemp_15_paper2_final_runs_v4-res1,2022,11,0,0,15,30,20,15,1.938743941425183,3.7124883984737544,4.506548417036197,4.991234402392492,4.877797256883572,12.931834588016914,27.369289470970404,7.36310199030628,5.444982984428174,5.362483242239868,21.109621532432712,0.3918737753944519
./Eplus-env-08-19_thermostat_rbc_eco_year_2023_case_7_rep_0_zone_0_onoffseed_5_tempseed_15_comforttemp_20_setbacktemp_17_paper2_final_runs_v4-res1,2023,7,0,0,5,15,20,17,0.0,0.0,0.0,0.0,0.0,0.0,0.0,14.519954625141796,53.89295658451068,9.508095287202227,22.078993503145302,0.0
./Eplus-env-08-19_thermostat_rbc_eco_year_2022_case_13_rep_0_zone_9_onoffseed_5_tempseed_42_comforttemp_18_setbacktemp_15_paper2_final_runs_v4-res1,2022,13,0,9,5,42,18,15,0.0,0.010312467773538208,24.17242446117356,10.343405176858822,6.15654326080231,6.012168711972775,5.517170258842941,4.8571723213364955,4.8571723213364955,4.929359595751263,33.1442714241518,0.0
./Eplus-env-08-19_thermostat_rbc_eco_year_2023_case_13_rep_0_zone_9_onoffseed_5_tempseed_42_comforttemp_18_setbacktemp_13_paper2_final_runs_v4-res1,2023,13,0,9,5,42,18,13,0.0,0.05156233886769104,26.564916984634422,11.436526760853873,6.630916778385068,5.176858822316181,4.7746725791481905,4.393111271527276,4.66123543363927,4.764360111374652,31.545838919253377,0.0
./Eplus-env-08-19_thermostat_rbc_eco_year_2022_case_13_rep_0_zone_0_onoffseed_5_tempseed_10_comforttemp_20_setbacktemp_17_paper2_final_runs_v4-res1,2022,13,0,0,5,10,20,17,0.0,0.0,0.0,0.0,0.0,0.4640610498092193,30.93740332061462,16.768072599773127,8.476848509848407,7.404351861400434,35.94926265855419,0.0
./Eplus-env-08-19_thermostat_rbc_eco_year_2023_case_13_rep_0_zone_0_onoffseed_15_tempseed_42_comforttemp_20_setbacktemp_15_paper2_final_runs_v4-res1,2023,13,0,0,15,42,20,15,0.2578116943384552,0.6496854697329071,2.2687429101784056,4.723110240280499,20.511498401567497,14.509642157368258,7.734350830153655,5.86779416314324,5.403733113334021,5.527482726616479,32.54614829328658,0.0
./Eplus-env-08-19_thermostat_rbc_eco_year_2023_case_8_rep_0_zone_0_onoffseed_5_tempseed_15_comforttemp_20_setbacktemp_13_paper2_final_runs_v4-res1,2023,8,0,0,5,15,20,13,0.0,0.0,0.0,0.0,0.0,0.0,0.6187480664122924,38.14581829431783,16.768072599773127,7.682788491285965,36.78457254821079,0.0
./Eplus-env-08-19_thermostat_rbc_eco_year_2023_case_1_rep_0_zone_9_onoffseed_5_tempseed_42_comforttemp_19_setbacktemp_17_paper2_final_runs_v4-res1,2023,1,0,9,5,42,19,17,0.0,0.0,0.0,15.82963803238115,39.733938331442715,5.816231824275549,5.2902959678251005,5.98123130865216,5.393420645560482,5.053109209033722,16.90213468082912,0.0
./Eplus-env-08-19_thermostat_rbc_eco_year_2022_case_2_rep_0_zone_9_onoffseed_5_tempseed_42_comforttemp_19_setbacktemp_15_paper2_final_runs_v4-res1,2022,2,0,9,5,42,19,15,0.0,0.0,0.0,25.20367123852738,28.895534701454057,5.455295452201712,4.66123543363927,5.022171805713107,4.599360626998041,5.187171290089719,20.975559451376714,0.0
./Eplus-env-08-19_thermostat_rbc_eco_year_2023_case_8_rep_0_zone_0_onoffseed_15_tempseed_30_comforttemp_20_setbacktemp_17_paper2_final_runs_v4-res1,2023,8,0,0,15,30,20,17,0.030937403320614624,0.1443745488295349,1.2168711972775086,3.0112405898731565,5.671857275446015,24.058987315664638,14.200268124162113,7.476539135815201,5.7337320820872435,5.6409198721254,32.81427245539857,0.0
./Eplus-env-08-19_thermostat_rbc_eco_year_2023_case_9_rep_0_zone_0_onoffseed_5_tempseed_15_comforttemp_20_setbacktemp_13_paper2_final_runs_v4-res1,2023,9,0,0,5,15,20,13,0.0,0.0,0.0,0.0,0.0,0.0,0.3609363720738373,29.411158090130968,22.49149221408683,9.879344127049603,37.85706919665876,0.0
./Eplus-env-08-19_thermostat_rbc_eco_year_2022_case_12_rep_0_zone_0_onoffseed_15_tempseed_30_comforttemp_20_setbacktemp_13_paper2_final_runs_v4-res1,2022,12,0,0,15,30,20,13,1.144683922862741,2.485304733422708,4.589048159224503,4.939672063524801,5.104671547901413,13.220583685675983,26.368980096937193,7.383726925853357,5.517170258842941,5.23873362895741,22.862741053934208,1.144683922862741
./Eplus-env-08-19_thermostat_rbc_eco_year_2022_case_6_rep_0_zone_9_onoffseed_5_tempseed_42_comforttemp_21_setbacktemp_17_paper2_final_runs_v4-res1,2022,6,0,9,5,42,21,17,0.0,0.0,0.0,0.0,0.0,28.19428689285346,35.53676394761266,5.7234196143137055,4.764360111374652,5.321233371145715,20.459936062699803,0.0
./Eplus-env-08-19_thermostat_rbc_eco_year_2023_case_6_rep_0_zone_9_onoffseed_5_tempseed_42_comforttemp_18_setbacktemp_15_paper2_final_runs_v4-res1,2023,6,0,9,5,42,18,15,0.0,0.0,13.179333814581828,38.83675363514489,4.619985562545117,4.66123543363927,5.475920387748788,5.455295452201712,5.166546354542642,4.980921934618954,17.6240074249768,0.0
./Eplus-env-08-19_thermostat_rbc_eco_year_2022_case_4_rep_0_zone_0_onoffseed_5_tempseed_15_comforttemp_20_setbacktemp_15_paper2_final_runs_v4-res1,2022,4,0,0,5,15,20,15,0.0,0.0,0.0,0.0,0.0,0.08249974218830566,1.49530782716304,32.597710632154275,17.046509229658657,9.642157368258223,39.135815200577504,0.0
./Eplus-env-08-19_thermostat_rbc_eco_year_2022_case_4_rep_0_zone_0_onoffseed_5_tempseed_15_comforttemp_20_setbacktemp_17_paper2_final_runs_v4-res1,2022,4,0,0,5,15,20,17,0.0,0.0,0.0,0.0,0.0,0.05156233886769104,1.3199958750128906,31.917087759100752,18.253067959162628,9.415283077240383,39.043002990615655,0.0
./Eplus-env-08-19_thermostat_rbc_eco_year_2023_case_14_rep_0_zone_0_onoffseed_5_tempseed_42_comforttemp_20_setbacktemp_13_paper2_final_runs_v4-res1,2023,14,0,0,5,42,20,13,0.0,0.0,0.0,0.1237496132824585,14.427142415179953,19.769000721872747,11.632463648551099,8.043724863359802,6.703104052799835,5.527482726616479,33.773331958337636,0.0
./Eplus-env-08-19_thermostat_rbc_eco_year_2023_case_13_rep_0_zone_0_onoffseed_15_tempseed_30_comforttemp_20_setbacktemp_13_paper2_final_runs_v4-res1,2023,13,0,0,15,30,20,13,0.11343714550892028,0.41249871094152835,1.1549963906362792,2.939053315458389,5.7543570176343195,22.61524182736929,15.231514901515933,8.023099927812725,5.692482210993091,5.6409198721254,32.42239868000413,0.0
./Eplus-env-08-19_thermostat_rbc_eco_year_2022_case_13_rep_0_zone_0_onoffseed_15_tempseed_15_comforttemp_20_setbacktemp_13_paper2_final_runs_v4-res1,2022,13,0,0,15,15,20,13,0.06187480664122925,0.1340620810559967,0.247499226564917,1.0106218418067443,2.0624935547076415,4.403423739300814,7.218727441476745,23.82180055687326,15.375889450345467,8.538723316489635,37.063009178096316,0.06187480664122925
./Eplus-env-08-19_thermostat_rbc_eco_year_2022_case_12_rep_0_zone_9_onoffseed_5_tempseed_42_comforttemp_19_setbacktemp_15_paper2_final_runs_v4-res1,2022,12,0,9,5,42,19,15,0.0,0.0,0.0,23.058677941631434,30.48365473857894,5.795606888728472,4.991234402392492,4.991234402392492,4.578735691450964,4.8365473857894195,21.264308549035785,0.0
./Eplus-env-08-19_thermostat_rbc_eco_year_2023_case_3_rep_0_zone_9_onoffseed_5_tempseed_42_comforttemp_21_setbacktemp_15_paper2_final_runs_v4-res1,2023,3,0,9,5,42,21,15,0.0,0.0,0.0,0.06187480664122925,0.5362483242239868,28.43147365164484,23.99711250902341,5.424358048881097,5.114984015674951,5.7440445498607815,30.68990409404971,0.0
./Eplus-env-08-19_thermostat_rbc_eco_year_2022_case_5_rep_0_zone_0_onoffseed_5_tempseed_15_comforttemp_20_setbacktemp_13_paper2_final_runs_v4-res1,2022,5,0,0,5,15,20,13,0.0,0.0,0.0,0.0,0.020624935547076416,0.09281220996184388,0.3093740332061462,13.839331752088274,53.68670722903991,8.889347220789935,23.161802619366814,0.0
./Eplus-env-08-19_thermostat_rbc_eco_year_2023_case_10_rep_0_zone_0_onoffseed_10_tempseed_15_comforttemp_20_setbacktemp_17_paper2_final_runs_v4-res1,2023,10,0,0,10,15,20,17,0.0,0.27843662988553164,2.0934309580282564,3.444364236361761,4.454986078168506,4.3415489326595855,2.578116943384552,13.395895637826133,36.908322161493246,8.930597091884088,23.57430133030834,0.0
./Eplus-env-08-19_thermostat_rbc_eco_year_2023_case_10_rep_0_zone_0_onoffseed_10_tempseed_30_comforttemp_20_setbacktemp_15_paper2_final_runs_v4-res1,2023,10,0,0,10,30,20,15,1.1962462617304321,1.7634319892750334,3.2071774775703825,4.465298545942044,4.3518614004331235,9.116221511807776,35.175827575538825,7.476539135815201,6.434979890687842,5.671857275446015,21.088996596885636,0.05156233886769104
./Eplus-env-08-19_thermostat_rbc_eco_year_2022_case_1_rep_0_zone_9_onoffseed_5_tempseed_42_comforttemp_20_setbacktemp_17_paper2_final_runs_v4-res1,2022,1,0,9,5,42,20,17,0.0,0.0,0.0,0.0,18.46962978240693,41.517995256264825,5.414045581107559,5.011859337939569,4.475611013715582,4.66123543363927,20.449623594926265,0.0
./Eplus-env-08-19_thermostat_rbc_eco_year_2022_case_10_rep_0_zone_0_onoffseed_15_tempseed_30_comforttemp_20_setbacktemp_17_paper2_final_runs_v4-res1,2022,10,0,0,15,30,20,17,0.0,1.4643704238424256,6.6102918428379915,5.414045581107559,4.434361142621429,10.18871816025575,29.27709600907497,6.507167165102609,5.816231824275549,5.249046096730948,25.03867175415077,0.0
./Eplus-env-08-19_thermostat_rbc_eco_year_2023_case_10_rep_0_zone_0_onoffseed_10_tempseed_30_comforttemp_20_setbacktemp_13_paper2_final_runs_v4-res1,2023,10,0,0,10,30,20,13,0.9487470351655151,1.7221821181808805,3.423739300814685,4.640610498092194,4.176549448282974,8.982159430751778,35.526451479839125,7.455914200268124,6.507167165102609,5.7543570176343195,20.305249046096733,0.5568732597710633
./Eplus-env-08-19_thermostat_rbc_eco_year_2022_case_10_rep_0_zone_0_onoffseed_15_tempseed_30_comforttemp_20_setbacktemp_15_paper2_final_runs_v4-res1,2022,10,0,0,15,30,20,15,1.6603073115396514,3.0112405898731565,4.671547901412808,4.929359595751263,4.609673094771579,10.838403629988656,28.091162215118075,6.764978859441065,5.424358048881097,5.506857791069403,24.06929978343818,0.42281117871506657
./Eplus-env-08-19_thermostat_rbc_eco_year_2023_case_4_rep_0_zone_0_onoffseed_5_tempseed_15_comforttemp_20_setbacktemp_13_paper2_final_runs_v4-res1,2023,4,0,0,5,15,20,13,0.0,0.0,0.0,0.0,0.0,0.0,1.2993709394658142,34.22708054037331,19.97525007734351,8.85840981746932,35.63988862534805,0.0
./Eplus-env-08-19_thermostat_rbc_eco_year_2022_case_3_rep_0_zone_0_onoffseed_10_tempseed_10_comforttemp_20_setbacktemp_15_paper2_final_runs_v4-res1,2022,3,0,0,10,10,20,15,0.11343714550892028,0.1443745488295349,0.5671857275446014,1.2993709394658142,2.784366298855316,4.650922965865732,30.545529545220173,11.054965453232958,7.806538104568424,6.496854697329072,34.51582963803238,0.020624935547076416
./Eplus-env-08-19_thermostat_rbc_eco_year_2022_case_3_rep_0_zone_0_onoffseed_10_tempseed_15_comforttemp_20_setbacktemp_15_paper2_final_runs_v4-res1,2022,3,0,0,10,15,20,15,0.04124987109415283,0.09281220996184388,0.2887490976590698,0.7734350830153656,1.732494585954419,3.27936475198515,5.249046096730948,32.494585954418895,11.570588841909869,8.002474992265649,36.464886047231104,0.010312467773538208
./Eplus-env-08-19_thermostat_rbc_eco_year_2022_case_12_rep_0_zone_9_onoffseed_5_tempseed_42_comforttemp_20_setbacktemp_15_paper2_final_runs_v4-res1,2022,12,0,9,5,42,20,15,0.0,0.0,0.0,0.0,30.1227183665051,27.245539857687945,6.022481179746313,5.187171290089719,4.929359595751263,5.022171805713107,21.47055790450655,0.0
./Eplus-env-08-19_thermostat_rbc_eco_year_2023_case_10_rep_0_zone_0_onoffseed_15_tempseed_10_comforttemp_20_setbacktemp_17_paper2_final_runs_v4-res1,2023,10,0,0,15,10,20,17,0.0,0.897184696297824,4.558110755903888,6.135918325255234,6.259667938537692,4.929359595751263,10.456842322367743,31.298339692688458,7.5487264102299685,6.104980921934619,21.81086934103331,0.0
./Eplus-env-08-19_thermostat_rbc_eco_year_2023_case_11_rep_0_zone_0_onoffseed_5_tempseed_30_comforttemp_20_setbacktemp_13_paper2_final_runs_v4-res1,2023,11,0,0,5,30,20,13,0.0,0.0,0.0,0.0,0.0,9.714344642672991,49.28328348973909,9.49778281942869,6.538104568423224,6.032793647519852,18.93369083221615,0.0
./Eplus-env-08-19_thermostat_rbc_eco_year_2023_case_10_rep_0_zone_0_onoffseed_10_tempseed_42_comforttemp_20_setbacktemp_17_paper2_final_runs_v4-res1,2023,10,0,0,10,42,20,17,0.0,0.7940600185624419,5.46560791997525,5.805919356502011,7.806538104568424,34.9798906878416,6.434979890687842,5.7440445498607815,5.816231824275549,5.661544807672476,21.491182840053625,0.0
./Eplus-env-08-19_thermostat_rbc_eco_year_2022_case_7_rep_0_zone_9_onoffseed_5_tempseed_42_comforttemp_19_setbacktemp_15_paper2_final_runs_v4-res1,2022,7,0,9,5,42,19,15,0.0,0.0,0.0,22.60492935959575,30.071156027637414,5.847169227596163,5.104671547901413,4.898422192430648,4.7849850469217285,4.764360111374652,21.924306486542232,0.0
./Eplus-env-08-19_thermostat_rbc_eco_year_2023_case_14_rep_0_zone_0_onoffseed_5_tempseed_42_comforttemp_20_setbacktemp_15_paper2_final_runs_v4-res1,2023,14,0,0,5,42,20,15,0.0,0.0,0.0,0.18562441992368775,14.550892028462412,20.367123852737958,11.807775600701248,8.414973703207178,7.064040424873673,5.795606888728472,31.813963081365372,0.0
./Eplus-env-08-18_thermostat_rbc_eco_year_2023_case_0_rep_0_zone_9_onoffseed_5_tempseed_42_comforttemp_18_setbacktemp_15_paper2_final_runs_v4-res1,2023,0,0,9,5,42,18,15,0.0,0.0,14.169330720841497,39.20800247499226,4.723110240280499,5.331545838919253,5.084046612354336,5.321233371145715,5.310920903372177,5.053109209033722,15.798700629060534,0.0
./Eplus-env-08-19_thermostat_rbc_eco_year_2023_case_8_rep_0_zone_0_onoffseed_10_tempseed_15_comforttemp_20_setbacktemp_17_paper2_final_runs_v4-res1,2023,8,0,0,10,15,20,17,0.0,0.0,0.16499948437661133,0.494998453129834,1.5159327627101165,3.1040527998350007,5.764669485407858,30.143343302052184,16.304011549963906,7.899350314530267,34.60864184799423,0.0
./Eplus-env-08-19_thermostat_rbc_eco_year_2022_case_9_rep_0_zone_0_onoffseed_5_tempseed_15_comforttemp_20_setbacktemp_13_paper2_final_runs_v4-res1,2022,9,0,0,5,15,20,13,0.0,0.0,0.0,0.0,0.0,0.020624935547076416,0.45374858203568114,28.586160668247913,19.90306280292874,10.281530370217592,40.754872641023,0.0
./Eplus-env-08-19_thermostat_rbc_eco_year_2022_case_9_rep_0_zone_0_onoffseed_10_tempseed_42_comforttemp_20_setbacktemp_15_paper2_final_runs_v4-res1,2022,9,0,0,10,42,20,15,0.09281220996184388,0.32999896875322265,1.0621841806744354,2.3512426523667114,15.375889450345467,16.72682272867897,9.013096834072394,6.517479632876147,6.868103537176447,6.300917809631845,35.34082705991543,0.020624935547076416
./Eplus-env-08-19_thermostat_rbc_eco_year_2023_case_8_rep_0_zone_0_onoffseed_10_tempseed_30_comforttemp_20_setbacktemp_17_paper2_final_runs_v4-res1,2023,8,0,0,10,30,20,17,0.0,0.020624935547076416,0.7940600185624419,2.0934309580282564,3.980612560585748,26.492729710219653,14.654016706197792,7.342477054759204,5.527482726616479,5.960606373105084,33.133958956378265,0.0
./Eplus-env-08-19_thermostat_rbc_eco_year_2023_case_9_rep_0_zone_0_onoffseed_5_tempseed_30_comforttemp_20_setbacktemp_13_paper2_final_runs_v4-res1,2023,9,0,0,5,30,20,13,0.0,0.0,0.0,0.0,0.1546870166030731,18.758378880065997,21.676807259977313,11.684025987418789,7.424976796947509,6.404042487367227,33.89708157162009,0.0
./Eplus-env-08-19_thermostat_rbc_eco_year_2022_case_1_rep_0_zone_9_onoffseed_5_tempseed_42_comforttemp_19_setbacktemp_15_paper2_final_runs_v4-res1,2022,1,0,9,5,42,19,15,0.0,0.0,0.0,22.2130555842013,32.91739713313396,5.7131071465401675,4.733422708054038,5.06342167680726,4.692172836959885,4.929359595751263,19.73806331855213,0.0
./Eplus-env-08-19_thermostat_rbc_eco_year_2023_case_5_rep_0_zone_0_onoffseed_15_tempseed_15_comforttemp_20_setbacktemp_13_paper2_final_runs_v4-res1,2023,5,0,0,15,15,20,13,0.9796844384861298,1.4334330205218109,2.774053831081778,4.908734660204187,6.084355986387543,5.3006084355986385,4.599360626998041,15.47901412808085,30.524904609673094,7.373414458079819,19.542126430854903,1.000309374033206
./Eplus-env-08-19_thermostat_rbc_eco_year_2022_case_3_rep_0_zone_0_onoffseed_5_tempseed_42_comforttemp_20_setbacktemp_13_paper2_final_runs_v4-res1,2022,3,0,0,5,42,20,13,0.0,0.0,0.0,0.5774981953181396,23.450551717025885,15.860575435701762,8.528410848716097,6.208105599670001,6.476229761781995,5.970918840878622,32.9277096009075,0.0
./Eplus-env-08-19_thermostat_rbc_eco_year_2023_case_2_rep_0_zone_0_onoffseed_10_tempseed_10_comforttemp_20_setbacktemp_15_paper2_final_runs_v4-res1,2023,2,0,0,10,10,20,15,0.546560791997525,1.639682375992575,2.382180055687326,3.650613591832526,4.764360111374652,3.6609260596060635,8.074662266680416,42.40486748478911,7.744663297927194,5.589357533257709,19.50087655976075,0.04124987109415283
./Eplus-env-08-19_thermostat_rbc_eco_year_2022_case_4_rep_0_zone_0_onoffseed_15_tempseed_30_comforttemp_20_setbacktemp_13_paper2_final_runs_v4-res1,2022,4,0,0,15,30,20,13,0.1237496132824585,0.38156130762091367,1.0518717129008972,2.485304733422708,4.568423223677426,20.923997112509024,14.354955140765185,8.249974218830566,7.218727441476745,6.754666391667525,33.73208208724348,0.1546870166030731
./Eplus-env-08-19_thermostat_rbc_eco_year_2022_case_3_rep_0_zone_0_onoffseed_15_tempseed_42_comforttemp_20_setbacktemp_17_paper2_final_runs_v4-res1,2022,3,0,0,15,42,20,17,0.020624935547076416,0.6496854697329071,2.8049912344023924,5.207796225636795,22.584304424048675,11.446839228627411,7.13622769928844,6.33185521295246,5.98123130865216,5.651232339898938,32.18521192121275,0.0
./Eplus-env-08-19_thermostat_rbc_eco_year_2023_case_3_rep_0_zone_0_onoffseed_10_tempseed_42_comforttemp_20_setbacktemp_17_paper2_final_runs_v4-res1,2023,3,0,0,10,42,20,17,0.0,0.1340620810559967,1.5674951015778076,4.3209239971125095,26.57522945240796,12.560585748169537,7.259977312570898,5.785294420954934,5.372795710013406,5.372795710013406,31.050840466123542,0.0
./Eplus-env-08-19_thermostat_rbc_eco_year_2022_case_4_rep_0_zone_0_onoffseed_15_tempseed_10_comforttemp_20_setbacktemp_13_paper2_final_runs_v4-res1,2022,4,0,0,15,10,20,13,0.1340620810559967,0.22687429101784057,0.45374858203568114,1.4334330205218109,3.444364236361761,5.362483242239868,23.58461379808188,13.189646282355369,9.054346705166546,7.239352377023822,35.773950706404044,0.10312467773538209
./Eplus-env-08-19_thermostat_rbc_eco_year_2023_case_3_rep_0_zone_0_onoffseed_10_tempseed_30_comforttemp_20_setbacktemp_17_paper2_final_runs_v4-res1,2023,3,0,0,10,30,20,17,0.0,0.05156233886769104,0.8765597607507477,2.722491492214087,4.919047127977725,30.64865422295555,11.034340517685882,7.146540167061978,5.826544292049087,5.7440445498607815,31.030215530576466,0.0
./Eplus-env-08-19_thermostat_rbc_eco_year_2022_case_11_rep_0_zone_9_onoffseed_5_tempseed_42_comforttemp_19_setbacktemp_15_paper2_final_runs_v4-res1,2022,11,0,9,5,42,19,15,0.0,0.0,0.0,20.109312158399504,34.18583066927916,5.764669485407858,5.053109209033722,4.919047127977725,4.527173352583273,4.877797256883572,20.563060740435184,0.0
./Eplus-env-08-19_thermostat_rbc_eco_year_2023_case_3_rep_0_zone_9_onoffseed_5_tempseed_42_comforttemp_21_setbacktemp_17_paper2_final_runs_v4-res1,2023,3,0,9,5,42,21,17,0.0,0.0,0.0,0.0,0.09281220996184388,44.67361039496752,8.889347220789935,5.114984015674951,4.867484789110034,5.517170258842941,30.84459111065278,0.0
./Eplus-env-08-19_thermostat_rbc_eco_year_2023_case_11_rep_0_zone_0_onoffseed_15_tempseed_30_comforttemp_20_setbacktemp_13_paper2_final_runs_v4-res1,2023,11,0,0,15,30,20,13,1.5674951015778076,2.6503042177993192,5.2902959678251005,6.414354955140765,5.135608951222028,11.116840259874188,28.51397339383314,8.126224605548108,6.125605857481696,5.073734144580798,18.892440961121995,1.09312158399505
./Eplus-env-08-19_thermostat_rbc_eco_year_2022_case_3_rep_0_zone_0_onoffseed_5_tempseed_30_comforttemp_20_setbacktemp_13_paper2_final_runs_v4-res1,2022,3,0,0,5,30,20,13,0.0,0.0,0.0,0.0,0.8765597607507477,28.771785088171598,14.695266577291946,8.157162008868722,6.5587295039703,6.486542229555532,34.45395483139115,0.0
./Eplus-env-08-19_thermostat_rbc_eco_year_2023_case_6_rep_0_zone_9_onoffseed_5_tempseed_42_comforttemp_20_setbacktemp_15_paper2_final_runs_v4-res1,2023,6,0,9,5,42,20,15,0.0,0.0,0.0,0.0,29.112096524698362,30.823966175105706,5.7440445498607815,5.651232339898938,4.960296999071878,5.321233371145715,18.387130040218626,0.0
./Eplus-env-08-18_thermostat_rbc_eco_year_2022_case_0_rep_0_zone_0_onoffseed_10_tempseed_42_comforttemp_20_setbacktemp_13_paper2_final_runs_v4-res1,2022,0,0,0,10,42,20,13,1.5159327627101165,3.0421779931937714,3.588738785191296,3.27936475198515,7.24966484479736,37.67144477673507,6.33185521295246,5.671857275446015,5.249046096730948,5.7131071465401675,19.325564607610602,1.3612457461070435
./Eplus-env-08-19_thermostat_rbc_eco_year_2022_case_10_rep_0_zone_0_onoffseed_15_tempseed_15_comforttemp_20_setbacktemp_17_paper2_final_runs_v4-res1,2022,10,0,0,15,15,20,17,0.0,0.6084355986387543,3.2071774775703825,4.599360626998041,5.011859337939569,4.248736722697742,5.084046612354336,14.107455914200267,28.36959884500361,7.9715375889450355,26.791791275652265,0.0
./Eplus-env-08-19_thermostat_rbc_eco_year_2022_case_10_rep_0_zone_0_onoffseed_15_tempseed_15_comforttemp_20_setbacktemp_13_paper2_final_runs_v4-res1,2022,10,0,0,15,15,20,13,0.6084355986387543,1.0312467773538208,2.6606166855728577,4.558110755903888,4.723110240280499,4.8056099824688046,4.991234402392492,13.63308239661751,28.19428689285346,7.744663297927194,26.441167371351966,0.6084355986387543
./Eplus-env-08-19_thermostat_rbc_eco_year_2023_case_7_rep_0_zone_0_onoffseed_5_tempseed_42_comforttemp_20_setbacktemp_17_paper2_final_runs_v4-res1,2023,7,0,0,5,42,20,17,0.0,0.0,0.0,0.0,9.363720738372692,45.22017118696504,8.126224605548108,6.496854697329072,6.104980921934619,5.702794678766629,18.98525317108384,0.0
./Eplus-env-08-19_thermostat_rbc_eco_year_2023_case_7_rep_0_zone_0_onoffseed_5_tempseed_10_comforttemp_20_setbacktemp_17_paper2_final_runs_v4-res1,2023,7,0,0,5,10,20,17,0.0,0.0,0.0,0.0,0.0,0.0,11.869650407342478,51.28390223780551,10.209343095802826,5.939981437558008,20.69712282149118,0.0
./Eplus-env-08-19_thermostat_rbc_eco_year_2023_case_3_rep_0_zone_0_onoffseed_5_tempseed_10_comforttemp_20_setbacktemp_17_paper2_final_runs_v4-res1,2023,3,0,0,5,10,20,17,0.0,0.0,0.0,0.0,0.0,1.3509332783335053,36.6814478704754,14.777766319480252,7.6002887490976585,6.888728472723522,32.70083530988966,0.0
./Eplus-env-08-19_thermostat_rbc_eco_year_2022_case_3_rep_0_zone_0_onoffseed_5_tempseed_30_comforttemp_20_setbacktemp_17_paper2_final_runs_v4-res1,2022,3,0,0,5,30,20,17,0.0,0.0,0.0,0.0,0.9693719707125915,28.864597298133443,14.746828916159638,8.332473961018872,6.878416004949985,6.32154274517892,33.88676910384655,0.0
./Eplus-env-08-19_thermostat_rbc_eco_year_2023_case_13_rep_0_zone_9_onoffseed_5_tempseed_42_comforttemp_18_setbacktemp_15_paper2_final_runs_v4-res1,2023,13,0,9,5,42,18,15,0.0,0.010312467773538208,26.358667629163655,10.900278436629886,6.589666907290914,5.424358048881097,5.259358564504486,4.424048674847891,4.454986078168506,4.991234402392492,31.58708879034753,0.0
./Eplus-env-08-19_thermostat_rbc_eco_year_2022_case_13_rep_0_zone_0_onoffseed_15_tempseed_15_comforttemp_20_setbacktemp_15_paper2_final_runs_v4-res1,2022,13,0,0,15,15,20,15,0.07218727441476745,0.18562441992368775,0.3403114365267609,0.8146849541095184,2.0109312158399506,4.475611013715582,6.434979890687842,23.161802619366814,15.54088893472208,8.79653501082809,38.12519335877075,0.04124987109415283
./Eplus-env-08-19_thermostat_rbc_eco_year_2022_case_13_rep_0_zone_0_onoffseed_5_tempseed_30_comforttemp_20_setbacktemp_15_paper2_final_runs_v4-res1,2022,13,0,0,5,30,20,15,0.0,0.0,0.0,0.0,0.38156130762091367,26.57522945240796,16.489635969887594,8.590285655357327,6.888728472723522,6.032793647519852,35.04176549448283,0.0
./Eplus-env-08-19_thermostat_rbc_eco_year_2022_case_1_rep_0_zone_0_onoffseed_15_tempseed_15_comforttemp_20_setbacktemp_13_paper2_final_runs_v4-res1,2022,1,0,0,15,15,20,13,0.8662472929772095,1.536557698257193,2.9184283799113127,4.516860884809735,4.939672063524801,4.66123543363927,4.589048159224503,10.786841291120965,35.14489017221821,6.795916262761679,22.60492935959575,0.6393730019593689
./Eplus-env-08-19_thermostat_rbc_eco_year_2023_case_14_rep_0_zone_9_onoffseed_5_tempseed_42_comforttemp_21_setbacktemp_17_paper2_final_runs_v4-res1,2023,14,0,9,5,42,21,17,0.0,0.0,0.0,0.04124987109415283,0.8146849541095184,36.062699804063115,13.220583685675983,6.888728472723522,5.7337320820872435,5.383108177786944,31.85521295245952,0.0
./Eplus-env-08-19_thermostat_rbc_eco_year_2023_case_9_rep_0_zone_0_onoffseed_15_tempseed_42_comforttemp_20_setbacktemp_17_paper2_final_runs_v4-res1,2023,9,0,0,15,42,20,17,0.0,0.09281220996184388,1.4334330205218109,3.6403011240589875,15.8708879034753,16.98463442301743,9.879344127049603,7.682788491285965,5.86779416314324,5.630607404351862,32.91739713313396,0.0
./Eplus-env-08-19_thermostat_rbc_eco_year_2022_case_9_rep_0_zone_0_onoffseed_10_tempseed_10_comforttemp_20_setbacktemp_13_paper2_final_runs_v4-res1,2022,9,0,0,10,10,20,13,0.07218727441476745,0.07218727441476745,0.16499948437661133,0.3712488398473755,1.4540579560688873,3.2381148808909974,12.240899247189853,25.832731772713206,10.508404661235433,7.816850572341962,38.2180055687326,0.010312467773538208
./Eplus-env-08-19_thermostat_rbc_eco_year_2022_case_9_rep_0_zone_0_onoffseed_15_tempseed_42_comforttemp_20_setbacktemp_15_paper2_final_runs_v4-res1,2022,9,0,0,15,42,20,15,0.20624935547076417,0.45374858203568114,1.5262452304836547,3.2071774775703825,14.66432917397133,16.077137258946067,9.239971125090234,7.022790553779519,6.6412292461586055,6.38341755182015,34.51582963803238,0.06187480664122925
./Eplus-env-08-19_thermostat_rbc_eco_year_2022_case_8_rep_0_zone_0_onoffseed_15_tempseed_15_comforttemp_20_setbacktemp_17_paper2_final_runs_v4-res1,2022,8,0,0,15,15,20,17,0.020624935547076416,0.19593688769722595,0.45374858203568114,0.8868722285242858,2.4646797978756316,4.114674641641745,6.620604310611529,23.19274002268743,16.097762194493143,8.714035268639787,37.23832113024647,0.0
./Eplus-env-08-19_thermostat_rbc_eco_year_2022_case_8_rep_0_zone_0_onoffseed_10_tempseed_42_comforttemp_20_setbacktemp_17_paper2_final_runs_v4-res1,2022,8,0,0,10,42,20,17,0.020624935547076416,0.16499948437661133,1.4231205527482726,3.8878003506239045,22.419304939672063,13.251521088996595,7.6002887490976585,6.630916778385068,5.620294936578323,5.692482210993091,33.288645972981335,0.0
./Eplus-env-08-19_thermostat_rbc_eco_year_2022_case_14_rep_0_zone_0_onoffseed_10_tempseed_15_comforttemp_20_setbacktemp_15_paper2_final_runs_v4-res1,2022,14,0,0,10,15,20,15,0.010312467773538208,0.1237496132824585,0.11343714550892028,0.42281117871506657,1.09312158399505,2.928740847684851,4.609673094771579,24.553985768794472,17.964318861503557,9.343095802825616,38.83675363514489,0.0
./Eplus-env-08-19_thermostat_rbc_eco_year_2022_case_3_rep_0_zone_0_onoffseed_10_tempseed_15_comforttemp_20_setbacktemp_13_paper2_final_runs_v4-res1,2022,3,0,0,10,15,20,13,0.08249974218830566,0.10312467773538209,0.27843662988553164,0.7940600185624419,1.6603073115396514,3.372176961946994,5.475920387748788,31.71083840362999,12.323398989378157,8.126224605548108,36.031762400742494,0.04124987109415283
./Eplus-env-08-19_thermostat_rbc_eco_year_2022_case_5_rep_0_zone_9_onoffseed_5_tempseed_42_comforttemp_19_setbacktemp_13_paper2_final_runs_v4-res1,2022,5,0,9,5,42,19,13,0.0,0.0,0.0,24.492110962153244,30.55584201299371,5.548107662163556,4.692172836959885,5.032484273486645,4.640610498092194,5.414045581107559,19.624626173043207,0.0
./Eplus-env-08-18_thermostat_rbc_eco_year_2023_case_0_rep_0_zone_0_onoffseed_15_tempseed_15_comforttemp_20_setbacktemp_13_paper2_final_runs_v4-res1,2023,0,0,0,15,15,20,13,0.8662472929772095,1.8459317314633392,3.4546767041352995,5.2696710322780245,5.630607404351862,4.568423223677426,3.7743632051149842,9.466845416108075,39.46581416933072,7.208414973703207,18.149943281427245,0.29906156543260803
./Eplus-env-08-18_thermostat_rbc_eco_year_2023_case_0_rep_0_zone_0_onoffseed_10_tempseed_10_comforttemp_20_setbacktemp_15_paper2_final_runs_v4-res1,2023,0,0,0,10,10,20,15,0.7528101474682891,1.7428070537279572,2.8565535732700837,4.300299061565433,4.867484789110034,3.0937403320614623,7.002165618232444,44.054862328555224,7.713725894606579,5.486232855522326,18.108693410333093,0.020624935547076416
./Eplus-env-08-19_thermostat_rbc_eco_year_2023_case_8_rep_0_zone_0_onoffseed_10_tempseed_42_comforttemp_20_setbacktemp_13_paper2_final_runs_v4-res1,2023,8,0,0,10,42,20,13,0.1546870166030731,0.5259358564504486,1.639682375992575,3.0421779931937714,23.110240280499124,15.118077756007011,7.796225636794885,5.506857791069403,5.218108693410333,5.630607404351862,32.23677426008044,0.020624935547076416
./Eplus-env-08-19_thermostat_rbc_eco_year_2023_case_5_rep_0_zone_9_onoffseed_5_tempseed_42_comforttemp_19_setbacktemp_15_paper2_final_runs_v4-res1,2023,5,0,9,5,42,19,15,0.0,0.0,0.0,18.06744353923894,38.156130762091365,5.362483242239868,5.537795194390018,5.609982468804785,5.228421161183872,4.960296999071878,17.07744663297927,0.0
./Eplus-env-08-19_thermostat_rbc_eco_year_2022_case_9_rep_0_zone_9_onoffseed_5_tempseed_42_comforttemp_20_setbacktemp_15_paper2_final_runs_v4-res1,2022,9,0,9,5,42,20,15,0.0,0.020624935547076416,0.16499948437661133,0.7218727441476745,28.48303599051253,11.8490254717954,6.630916778385068,5.898731566463855,5.847169227596163,6.26998040631123,34.11364339486439,0.0
./Eplus-env-08-19_thermostat_rbc_eco_year_2023_case_12_rep_0_zone_0_onoffseed_15_tempseed_42_comforttemp_20_setbacktemp_15_paper2_final_runs_v4-res1,2023,12,0,0,15,42,20,15,2.4749922656491696,4.3621738682066615,5.651232339898938,6.125605857481696,10.147468289161596,27.14241517995256,7.218727441476745,6.579354439517377,6.1668557285758485,4.8571723213364955,18.99556563885738,0.27843662988553164
./Eplus-env-08-19_thermostat_rbc_eco_year_2023_case_13_rep_0_zone_9_onoffseed_5_tempseed_42_comforttemp_19_setbacktemp_15_paper2_final_runs_v4-res1,2023,13,0,9,5,42,19,15,0.0,0.0,0.0,6.837166133855832,33.59802000618748,7.559038878003506,5.527482726616479,4.733422708054038,4.403423739300814,5.145921418995566,32.195524388986286,0.0
./Eplus-env-08-19_thermostat_rbc_eco_year_2023_case_3_rep_0_zone_0_onoffseed_10_tempseed_30_comforttemp_20_setbacktemp_13_paper2_final_runs_v4-res1,2023,3,0,0,10,30,20,13,0.07218727441476745,0.31968650097968443,0.8662472929772095,2.2996803134990205,4.589048159224503,30.61771681963494,11.34371455089203,7.218727441476745,5.702794678766629,6.15654326080231,30.81365370733217,0.0
./Eplus-env-08-19_thermostat_rbc_eco_year_2023_case_5_rep_0_zone_0_onoffseed_15_tempseed_10_comforttemp_20_setbacktemp_17_paper2_final_runs_v4-res1,2023,5,0,0,15,10,20,17,0.0,1.1137465195421266,6.1977931318964625,6.6515417139321436,5.991543776425699,4.145612044962359,11.446839228627411,31.77271321027122,8.146849541095184,5.98123130865216,18.552129524595234,0.0
./Eplus-env-08-19_thermostat_rbc_eco_year_2023_case_7_rep_0_zone_0_onoffseed_15_tempseed_42_comforttemp_20_setbacktemp_13_paper2_final_runs_v4-res1,2023,7,0,0,15,42,20,13,2.1140558935753324,4.052799835000516,5.475920387748788,5.970918840878622,10.879653501082808,25.82241930493967,7.321852119212127,6.507167165102609,6.04310611529339,5.218108693410333,19.33587707538414,1.2581210683716613
./Eplus-env-08-19_thermostat_rbc_eco_year_2022_case_11_rep_0_zone_0_onoffseed_5_tempseed_42_comforttemp_20_setbacktemp_13_paper2_final_runs_v4-res1,2022,11,0,0,5,42,20,13,0.0,0.0,0.0,0.0,8.806847478601629,45.034546767041356,8.786222543054553,5.919356502010931,5.414045581107559,4.939672063524801,21.09930906465917,0.0
./Eplus-env-08-19_thermostat_rbc_eco_year_2023_case_6_rep_0_zone_9_onoffseed_5_tempseed_42_comforttemp_21_setbacktemp_17_paper2_final_runs_v4-res1,2023,6,0,9,5,42,21,17,0.0,0.0,0.0,0.0,0.0,29.32865834794266,35.83582551304527,6.362792616273075,5.847169227596163,4.919047127977725,17.706507167165103,0.0
./Eplus-env-08-19_thermostat_rbc_eco_year_2023_case_6_rep_0_zone_9_onoffseed_5_tempseed_42_comforttemp_20_setbacktemp_17_paper2_final_runs_v4-res1,2023,6,0,9,5,42,20,17,0.0,0.0,0.0,0.0,16.62369805094359,42.83799113127771,5.661544807672476,6.053418583066928,5.651232339898938,4.3518614004331235,18.82025368670723,0.0
./Eplus-env-08-19_thermostat_rbc_eco_year_2023_case_13_rep_0_zone_9_onoffseed_5_tempseed_42_comforttemp_21_setbacktemp_17_paper2_final_runs_v4-res1,2023,13,0,9,5,42,21,17,0.0,0.0,0.0,0.0,0.020624935547076416,14.72620398061256,36.53707332164587,6.290605341858306,5.094359080127875,5.537795194390018,31.793338145818296,0.0
./Eplus-env-08-19_thermostat_rbc_eco_year_2023_case_11_rep_0_zone_0_onoffseed_5_tempseed_10_comforttemp_20_setbacktemp_13_paper2_final_runs_v4-res1,2023,11,0,0,5,10,20,13,0.0,0.0,0.0,0.0,0.0,0.0,11.859337939568938,51.96452511085903,9.704032174899453,6.455604826234918,20.016499948437662,0.0
./Eplus-env-08-19_thermostat_rbc_eco_year_2022_case_10_rep_0_zone_0_onoffseed_10_tempseed_42_comforttemp_20_setbacktemp_15_paper2_final_runs_v4-res1,2022,10,0,0,10,42,20,15,1.4746828916159638,2.8359286377230073,3.2999896875322268,3.5784263174177577,8.951222027431164,33.02052181086934,6.940290811591214,5.414045581107559,5.135608951222028,5.114984015674951,23.98680004124987,0.247499226564917
./Eplus-env-08-19_thermostat_rbc_eco_year_2023_case_10_rep_0_zone_0_onoffseed_15_tempseed_15_comforttemp_20_setbacktemp_17_paper2_final_runs_v4-res1,2023,10,0,0,15,15,20,17,0.0,0.5671857275446014,3.3103021553057643,4.599360626998041,6.342167680725998,5.651232339898938,3.8981128183974425,12.715272764772608,31.37052696710323,8.084974734453954,23.460864184799423,0.0
./Eplus-env-08-19_thermostat_rbc_eco_year_2023_case_10_rep_0_zone_0_onoffseed_15_tempseed_42_comforttemp_20_setbacktemp_15_paper2_final_runs_v4-res1,2023,10,0,0,15,42,20,15,2.3099927812725585,3.8981128183974425,5.46560791997525,6.476229761781995,8.353098896565948,28.163349489532845,6.455604826234918,5.960606373105084,5.568732597710632,5.537795194390018,21.398370630091783,0.41249871094152835
./Eplus-env-08-19_thermostat_rbc_eco_year_2022_case_7_rep_0_zone_9_onoffseed_5_tempseed_42_comforttemp_20_setbacktemp_15_paper2_final_runs_v4-res1,2022,7,0,9,5,42,20,15,0.0,0.0,0.0,0.0,29.132721460245435,28.854284830359905,5.589357533257709,5.011859337939569,4.867484789110034,5.187171290089719,21.357120758997628,0.0
./Eplus-env-08-19_thermostat_rbc_eco_year_2022_case_2_rep_0_zone_0_onoffseed_5_tempseed_15_comforttemp_20_setbacktemp_15_paper2_final_runs_v4-res1,2022,2,0,0,5,15,20,15,0.0,0.0,0.0,0.0,0.0,0.0,0.0,8.57997318758379,57.636382386305044,7.899350314530267,25.884294111580903,0.0
./Eplus-env-08-19_thermostat_rbc_eco_year_2022_case_2_rep_0_zone_0_onoffseed_10_tempseed_15_comforttemp_20_setbacktemp_17_paper2_final_runs_v4-res1,2022,2,0,0,10,15,20,17,0.0,0.29906156543260803,2.1553057646694853,3.6918634629266784,4.496235949262658,3.464989171908838,3.3824894297205326,10.168093224708672,41.89955656388574,6.837166133855832,23.60523873362896,0.0
./Eplus-env-08-19_thermostat_rbc_eco_year_2022_case_2_rep_0_zone_0_onoffseed_10_tempseed_10_comforttemp_20_setbacktemp_17_paper2_final_runs_v4-res1,2022,2,0,0,10,10,20,17,0.0,0.4021862431679901,3.619676188511911,4.382798803753738,4.124987109415283,3.3824894297205326,9.095596576260698,40.34237393008147,6.837166133855832,5.7337320820872435,22.078993503145302,0.0
./Eplus-env-08-19_thermostat_rbc_eco_year_2022_case_10_rep_0_zone_0_onoffseed_15_tempseed_42_comforttemp_20_setbacktemp_15_paper2_final_runs_v4-res1,2022,10,0,0,15,42,20,15,2.485304733422708,4.145612044962359,5.125296483448489,4.723110240280499,8.806847478601629,27.33835206764979,6.373105084046612,5.774981953181396,5.073734144580798,5.527482726616479,24.151799525626483,0.47437351758275753
./Eplus-env-08-19_thermostat_rbc_eco_year_2023_case_11_rep_0_zone_0_onoffseed_5_tempseed_15_comforttemp_20_setbacktemp_13_paper2_final_runs_v4-res1,2023,11,0,0,5,15,20,13,0.0,0.0,0.0,0.0,0.0,0.0,0.0,13.829019284314736,55.192327523976495,9.281220996184388,21.69743219552439,0.0
./Eplus-env-08-19_thermostat_rbc_eco_year_2023_case_6_rep_0_zone_0_onoffseed_15_tempseed_10_comforttemp_20_setbacktemp_13_paper2_final_runs_v4-res1,2023,6,0,0,15,10,20,13,0.9487470351655151,1.794369392595648,3.846550479529751,5.506857791069403,6.26998040631123,4.578735691450964,13.911519026503042,29.143033928018973,8.260286686604104,5.785294420954934,19.181190058781066,0.7734350830153656
./Eplus-env-08-19_thermostat_rbc_eco_year_2023_case_4_rep_0_zone_0_onoffseed_5_tempseed_30_comforttemp_20_setbacktemp_13_paper2_final_runs_v4-res1,2023,4,0,0,5,30,20,13,0.0,0.0,0.0,0.0,0.7734350830153656,21.553057646694853,21.109621532432712,10.663091677838507,7.022790553779519,6.1874806641229245,32.690522842116124,0.0
./Eplus-env-08-19_thermostat_rbc_eco_year_2023_case_3_rep_0_zone_0_onoffseed_15_tempseed_42_comforttemp_20_setbacktemp_15_paper2_final_runs_v4-res1,2023,3,0,0,15,42,20,15,0.3093740332061462,1.000309374033206,2.897803444364236,5.032484273486645,23.749613282458494,11.694338455192327,7.125915231514901,5.7131071465401675,5.135608951222028,5.7234196143137055,31.607713725894605,0.010312467773538208
./Eplus-env-08-19_thermostat_rbc_eco_year_2023_case_11_rep_0_zone_0_onoffseed_10_tempseed_42_comforttemp_20_setbacktemp_13_paper2_final_runs_v4-res1,2023,11,0,0,10,42,20,13,1.4643704238424256,2.722491492214087,4.032174899453439,4.898422192430648,10.250592966896978,33.2783335052078,7.146540167061978,6.744353923893988,5.579045065484171,4.8056099824688046,17.923068990409405,1.1549963906362792
./Eplus-env-08-19_thermostat_rbc_eco_year_2023_case_9_rep_0_zone_0_onoffseed_10_tempseed_10_comforttemp_20_setbacktemp_17_paper2_final_runs_v4-res1,2023,9,0,0,10,10,20,17,0.0,0.0,0.1546870166030731,0.5671857275446014,1.9593688769722597,4.094049706094668,22.109930906465916,20.068062287305352,9.49778281942869,6.362792616273075,35.18614004331236,0.0
./Eplus-env-08-18_thermostat_rbc_eco_year_2023_case_10_rep_0_zone_0_onoffseed_5_tempseed_42_comforttemp_20_setbacktemp_13_paper2_final_runs_v4-res1,2023,10,0,0,5,42,20,13,0.0,0.0,0.0,0.0,7.992162524492111,44.40548623285552,7.424976796947509,6.33185521295246,6.280292874084768,6.280292874084768,21.28493348458286,0.0
./Eplus-env-08-18_thermostat_rbc_eco_year_2022_case_0_rep_0_zone_0_onoffseed_10_tempseed_15_comforttemp_20_setbacktemp_13_paper2_final_runs_v4-res1,2022,0,0,0,10,15,20,13,0.5981231308652161,1.0828091162215119,2.619366814478705,3.3618644941734557,3.6609260596060635,3.1246777353820767,3.619676188511911,9.704032174899453,43.20923997112509,6.991853150458905,21.553057646694853,0.47437351758275753
./Eplus-env-08-19_thermostat_rbc_eco_year_2023_case_9_rep_0_zone_0_onoffseed_15_tempseed_42_comforttemp_20_setbacktemp_13_paper2_final_runs_v4-res1,2023,9,0,0,15,42,20,13,0.08249974218830566,0.43312364648860474,1.4231205527482726,3.733113334020831,15.695575951325152,15.963700113437145,10.312467773538208,7.703413426833042,6.569041971743839,5.692482210993091,32.39146127668351,0.0
./Eplus-env-08-19_thermostat_rbc_eco_year_2023_case_13_rep_0_zone_9_onoffseed_5_tempseed_42_comforttemp_18_setbacktemp_17_paper2_final_runs_v4-res1,2023,13,0,9,5,42,18,17,0.0,0.17531195215014952,19.428689285345982,14.416829947406415,7.940600185624421,6.1874806641229245,5.341858306692791,4.960296999071878,4.908734660204187,4.980921934618954,31.6592760647623,0.0
./Eplus-env-08-19_thermostat_rbc_eco_year_2023_case_13_rep_0_zone_9_onoffseed_5_tempseed_42_comforttemp_20_setbacktemp_15_paper2_final_runs_v4-res1,2023,13,0,9,5,42,20,15,0.0,0.0,0.0,0.07218727441476745,33.96926884603486,13.241208621223057,5.970918840878622,5.166546354542642,4.3415489326595855,5.444982984428174,31.793338145818296,0.0
./Eplus-env-08-19_thermostat_rbc_eco_year_2023_case_2_rep_0_zone_0_onoffseed_15_tempseed_10_comforttemp_20_setbacktemp_17_paper2_final_runs_v4-res1,2023,2,0,0,15,10,20,17,0.0,0.8868722285242858,5.341858306692791,6.135918325255234,6.6515417139321436,4.702485304733423,7.868412911209652,36.18644941734557,7.466226668041662,5.548107662163556,19.21212746210168,0.0
./Eplus-env-08-19_thermostat_rbc_eco_year_2023_case_5_rep_0_zone_9_onoffseed_5_tempseed_42_comforttemp_20_setbacktemp_13_paper2_final_runs_v4-res1,2023,5,0,9,5,42,20,13,0.0,0.0,0.0,0.0,31.958337630194904,29.52459523563989,5.909044034237393,6.26998040631123,5.579045065484171,4.3415489326595855,16.417448695472828,0.0
./Eplus-env-08-19_thermostat_rbc_eco_year_2022_case_13_rep_0_zone_0_onoffseed_15_tempseed_10_comforttemp_20_setbacktemp_13_paper2_final_runs_v4-res1,2022,13,0,0,15,10,20,13,0.09281220996184388,0.1443745488295349,0.494998453129834,1.6190574404454987,3.4546767041352995,6.249355470764153,22.4296174074456,14.819016190574406,8.270599154377642,6.6412292461586055,35.73270083530989,0.05156233886769104
./Eplus-env-08-19_thermostat_rbc_eco_year_2022_case_13_rep_0_zone_0_onoffseed_10_tempseed_15_comforttemp_20_setbacktemp_13_paper2_final_runs_v4-res1,2022,13,0,0,10,15,20,13,0.05156233886769104,0.04124987109415283,0.1443745488295349,0.5981231308652161,1.4334330205218109,2.9184283799113127,4.991234402392492,27.503351552026402,16.438073631019904,8.198411879962874,37.661132308961534,0.020624935547076416
./Eplus-env-08-19_thermostat_rbc_eco_year_2023_case_12_rep_0_zone_9_onoffseed_5_tempseed_42_comforttemp_21_setbacktemp_17_paper2_final_runs_v4-res1,2023,12,0,9,5,42,21,17,0.0,0.0,0.0,0.0,0.0,25.502732803959987,29.32865834794266,14.654016706197792,6.208105599670001,5.073734144580798,19.23275239764876,0.0
./Eplus-env-08-19_thermostat_rbc_eco_year_2022_case_12_rep_0_zone_9_onoffseed_5_tempseed_42_comforttemp_19_setbacktemp_17_paper2_final_runs_v4-res1,2022,12,0,9,5,42,19,17,0.0,0.0,0.0,15.283077240383625,37.18675879137878,5.836856759822625,5.073734144580798,5.042796741260184,4.815922450242343,4.898422192430648,21.862431679901,0.0
./Eplus-env-08-19_thermostat_rbc_eco_year_2022_case_6_rep_0_zone_0_onoffseed_15_tempseed_30_comforttemp_20_setbacktemp_17_paper2_final_runs_v4-res1,2022,6,0,0,15,30,20,17,0.0,1.3509332783335053,7.641538620191812,6.218418067443539,4.578735691450964,11.776838197380632,28.69959781375683,7.084665360420749,5.7337320820872435,5.331545838919253,21.58399505001547,0.0
./Eplus-env-08-19_thermostat_rbc_eco_year_2023_case_6_rep_0_zone_0_onoffseed_10_tempseed_30_comforttemp_20_setbacktemp_15_paper2_final_runs_v4-res1,2023,6,0,0,10,30,20,15,1.1653088584098175,2.1037434258017944,3.7743632051149842,4.589048159224503,4.08373723832113,10.910590904403424,35.36145199546251,7.961225121171496,6.589666907290914,4.970609466845416,18.418067443539236,0.07218727441476745
./Eplus-env-08-18_thermostat_rbc_eco_year_2023_case_0_rep_0_zone_0_onoffseed_5_tempseed_30_comforttemp_20_setbacktemp_13_paper2_final_runs_v4-res1,2023,0,0,0,5,30,20,13,0.0,0.0,0.0,0.0,0.0,5.609982468804785,56.70826028668661,8.301536557698256,6.940290811591214,5.486232855522326,16.953697019696815,0.0
./Eplus-env-08-19_thermostat_rbc_eco_year_2022_case_5_rep_0_zone_0_onoffseed_15_tempseed_15_comforttemp_20_setbacktemp_13_paper2_final_runs_v4-res1,2022,5,0,0,15,15,20,13,0.8353098896565948,1.392183149427658,3.0009281220996185,4.568423223677426,5.104671547901413,5.073734144580798,5.176858822316181,15.035578013818707,28.67897287820976,7.930287717850881,21.81086934103331,1.392183149427658
./Eplus-env-08-19_thermostat_rbc_eco_year_2023_case_4_rep_0_zone_0_onoffseed_15_tempseed_30_comforttemp_20_setbacktemp_17_paper2_final_runs_v4-res1,2023,4,0,0,15,30,20,17,0.0,0.06187480664122925,0.9074971640713623,2.4131174590079407,5.207796225636795,22.15118077756007,16.438073631019904,8.92028462411055,5.98123130865216,6.094668454161081,31.824275549138907,0.0
./Eplus-env-08-19_thermostat_rbc_eco_year_2022_case_11_rep_0_zone_0_onoffseed_10_tempseed_30_comforttemp_20_setbacktemp_13_paper2_final_runs_v4-res1,2022,11,0,0,10,30,20,13,0.8868722285242858,2.1656182324430238,3.3206146230793028,3.5371764463236053,3.2896772197586883,13.1174590079406,32.78333505207796,7.0331030215530586,5.919356502010931,5.537795194390018,21.635557388883157,0.7734350830153656
./Eplus-env-08-19_thermostat_rbc_eco_year_2023_case_2_rep_0_zone_9_onoffseed_5_tempseed_42_comforttemp_21_setbacktemp_15_paper2_final_runs_v4-res1,2023,2,0,9,5,42,21,15,0.0,0.0,0.0,0.0,0.0,0.4021862431679901,18.098380942559555,48.705785294420956,9.32247086727854,5.145921418995566,18.325255233577394,0.0
./Eplus-env-08-19_thermostat_rbc_eco_year_2023_case_6_rep_0_zone_0_onoffseed_10_tempseed_42_comforttemp_20_setbacktemp_17_paper2_final_runs_v4-res1,2023,6,0,0,10,42,20,17,0.0,0.9590595029390534,6.404042487367227,5.86779416314324,8.002474992265649,36.268949159533875,7.0331030215530586,6.6412292461586055,5.620294936578323,5.228421161183872,17.974631329277095,0.0
./Eplus-env-08-18_thermostat_rbc_eco_year_2022_case_0_rep_0_zone_0_onoffseed_15_tempseed_30_comforttemp_20_setbacktemp_17_paper2_final_runs_v4-res1,2022,0,0,0,15,30,20,17,0.0,1.4540579560688873,8.363411364339486,5.857481695369702,4.8468598535629575,8.05403733113334,34.237393008146846,6.496854697329072,5.7440445498607815,5.785294420954934,19.16056512323399,0.0
./Eplus-env-08-19_thermostat_rbc_eco_year_2023_case_10_rep_0_zone_0_onoffseed_5_tempseed_42_comforttemp_20_setbacktemp_15_paper2_final_runs_v4-res1,2023,10,0,0,5,42,20,15,0.0,0.0,0.0,0.0,7.5796638135505825,46.19985562545117,7.528101474682892,6.476229761781995,5.444982984428174,5.682169743219553,21.088996596885636,0.0
./Eplus-env-08-18_thermostat_rbc_eco_year_2023_case_0_rep_0_zone_0_onoffseed_10_tempseed_30_comforttemp_20_setbacktemp_15_paper2_final_runs_v4-res1,2023,0,0,0,10,30,20,15,1.3612457461070435,2.495617201196246,4.155924512735898,4.238424254924204,3.7434258017943693,6.775291327214602,41.713932143962055,7.36310199030628,6.15654326080231,5.651232339898938,16.29369908219037,0.05156233886769104
./Eplus-env-08-19_thermostat_rbc_eco_year_2023_case_14_rep_0_zone_0_onoffseed_5_tempseed_42_comforttemp_20_setbacktemp_17_paper2_final_runs_v4-res1,2023,14,0,0,5,42,20,17,0.0,0.0,0.0,0.1443745488295349,14.984015674951015,20.583685675982263,11.054965453232958,8.023099927812725,6.1874806641229245,5.836856759822625,33.18552129524595,0.0
./Eplus-env-08-19_thermostat_rbc_eco_year_2023_case_14_rep_0_zone_9_onoffseed_5_tempseed_42_comforttemp_20_setbacktemp_13_paper2_final_runs_v4-res1,2023,14,0,9,5,42,20,13,0.0,0.010312467773538208,0.20624935547076417,2.041868619160565,29.864906672166647,12.385273796019387,7.476539135815201,6.022481179746313,5.579045065484171,4.949984531298339,31.46333917706507,0.0
./Eplus-env-08-18_thermostat_rbc_eco_year_2022_case_0_rep_0_zone_9_onoffseed_5_tempseed_42_comforttemp_21_setbacktemp_13_paper2_final_runs_v4-res1,2022,0,0,9,5,42,21,13,0.0,0.0,0.0,0.0,0.0,0.9487470351655151,13.148396411261215,47.23110240280499,14.138393317520883,5.403733113334021,19.129627719913376,0.0
./Eplus-env-08-19_thermostat_rbc_eco_year_2023_case_4_rep_0_zone_0_onoffseed_10_tempseed_10_comforttemp_20_setbacktemp_15_paper2_final_runs_v4-res1,2023,4,0,0,10,10,20,15,0.0,0.06187480664122925,0.1546870166030731,0.8353098896565948,2.330617716819635,4.712797772506961,27.9880375373827,16.438073631019904,8.11591213777457,6.04310611529339,33.31958337630195,0.0
./Eplus-env-08-19_thermostat_rbc_eco_year_2022_case_4_rep_0_zone_9_onoffseed_5_tempseed_42_comforttemp_18_setbacktemp_17_paper2_final_runs_v4-res1,2022,4,0,9,5,42,18,17,0.0,0.21656182324430237,14.241517995256265,14.324017737444569,9.198721253996082,7.424976796947509,5.527482726616479,5.909044034237393,5.7234196143137055,5.98123130865216,31.45302670929153,0.0
./Eplus-env-08-19_thermostat_rbc_eco_year_2022_case_5_rep_0_zone_0_onoffseed_5_tempseed_10_comforttemp_20_setbacktemp_17_paper2_final_runs_v4-res1,2022,5,0,0,5,10,20,17,0.0,0.0,0.0,0.0,0.0,0.07218727441476745,11.250902340930184,52.76889759719501,8.208724347736414,6.135918325255234,21.56337011446839,0.0
./Eplus-env-08-19_thermostat_rbc_eco_year_2022_case_4_rep_0_zone_0_onoffseed_15_tempseed_30_comforttemp_20_setbacktemp_17_paper2_final_runs_v4-res1,2022,4,0,0,15,30,20,17,0.04124987109415283,0.1237496132824585,1.0106218418067443,2.279055377951944,4.475611013715582,20.521810869341035,14.96339073940394,8.198411879962874,7.208414973703207,6.899040940497062,34.278642879241,0.0
./Eplus-env-08-19_thermostat_rbc_eco_year_2022_case_9_rep_0_zone_0_onoffseed_5_tempseed_30_comforttemp_20_setbacktemp_13_paper2_final_runs_v4-res1,2022,9,0,0,5,30,20,13,0.0,0.0,0.0,0.0,0.19593688769722595,17.72713210271218,20.490873466020417,9.765906981540683,8.074662266680416,7.084665360420749,36.660822934928326,0.0
./Eplus-env-08-19_thermostat_rbc_eco_year_2023_case_9_rep_0_zone_0_onoffseed_15_tempseed_30_comforttemp_20_setbacktemp_13_paper2_final_runs_v4-res1,2023,9,0,0,15,30,20,13,0.05156233886769104,0.18562441992368775,0.6187480664122924,2.206868103537176,4.578735691450964,18.098380942559555,18.036506135918327,9.704032174899453,6.744353923893988,6.15654326080231,33.61864494173455,0.0
./Eplus-env-08-19_thermostat_rbc_eco_year_2022_case_1_rep_0_zone_0_onoffseed_5_tempseed_10_comforttemp_20_setbacktemp_17_paper2_final_runs_v4-res1,2022,1,0,0,5,10,20,17,0.0,0.0,0.0,0.0,0.0,0.0,7.0331030215530586,57.141383933175206,7.703413426833042,6.280292874084768,21.841806744353924,0.0
./Eplus-env-08-19_thermostat_rbc_eco_year_2022_case_2_rep_0_zone_0_onoffseed_10_tempseed_30_comforttemp_20_setbacktemp_13_paper2_final_runs_v4-res1,2022,2,0,0,10,30,20,13,0.897184696297824,1.938743941425183,3.506239043002991,3.8362380117562136,3.4856141074559144,9.126533979581314,37.1661338558317,6.795916262761679,5.7234196143137055,4.949984531298339,21.97586882540992,0.5981231308652161
./Eplus-env-08-19_thermostat_rbc_eco_year_2023_case_1_rep_0_zone_0_onoffseed_10_tempseed_10_comforttemp_20_setbacktemp_17_paper2_final_runs_v4-res1,2023,1,0,0,10,10,20,17,0.0,0.5362483242239868,3.7846756728885227,5.187171290089719,4.7746725791481905,3.2896772197586883,7.342477054759204,43.68361348870785,7.311539651438589,5.970918840878622,18.11900587810663,0.0
./Eplus-env-08-19_thermostat_rbc_eco_year_2023_case_3_rep_0_zone_0_onoffseed_5_tempseed_15_comforttemp_20_setbacktemp_13_paper2_final_runs_v4-res1,2023,3,0,0,5,15,20,13,0.0,0.0,0.0,0.0,0.0,0.0,1.4540579560688873,42.373930081468494,13.158708879034753,7.76528823347427,35.2480148499536,0.0
./Eplus-env-08-19_thermostat_rbc_eco_year_2023_case_2_rep_0_zone_0_onoffseed_10_tempseed_15_comforttemp_20_setbacktemp_17_paper2_final_runs_v4-res1,2023,2,0,0,10,15,20,17,0.0,0.27843662988553164,2.1553057646694853,3.227802413117459,4.7746725791481905,4.867484789110034,2.6709291533463957,10.095905950293906,43.198927503351555,7.827163040115499,20.903372176961945,0.0
./Eplus-env-08-19_thermostat_rbc_eco_year_2022_case_14_rep_0_zone_0_onoffseed_10_tempseed_10_comforttemp_20_setbacktemp_13_paper2_final_runs_v4-res1,2022,14,0,0,10,10,20,13,0.04124987109415283,0.06187480664122925,0.17531195215014952,0.4640610498092193,1.3303083427864288,3.27936475198515,12.117149633907394,26.987728163349487,10.797153758894504,7.672476023512427,37.04238424254924,0.030937403320614624
./Eplus-env-08-19_thermostat_rbc_eco_year_2022_case_14_rep_0_zone_0_onoffseed_5_tempseed_42_comforttemp_20_setbacktemp_15_paper2_final_runs_v4-res1,2022,14,0,0,5,42,20,15,0.0,0.0,0.0,0.1340620810559967,13.952768897597196,18.851191090027843,10.64246674229143,7.239352377023822,7.321852119212127,6.424667422914303,35.43363926987728,0.0
./Eplus-env-08-19_thermostat_rbc_eco_year_2022_case_1_rep_0_zone_0_onoffseed_15_tempseed_10_comforttemp_20_setbacktemp_13_paper2_final_runs_v4-res1,2022,1,0,0,15,10,20,13,0.989996906259668,2.1553057646694853,3.929050221718057,4.939672063524801,4.733422708054038,4.516860884809735,9.961843869237908,34.031143652676086,6.806228730535217,5.878106630916778,21.17149633907394,0.8868722285242858
./Eplus-env-08-19_thermostat_rbc_eco_year_2023_case_10_rep_0_zone_0_onoffseed_15_tempseed_15_comforttemp_20_setbacktemp_13_paper2_final_runs_v4-res1,2023,10,0,0,15,15,20,13,0.47437351758275753,1.185933793956894,2.4749922656491696,4.248736722697742,5.929668969784469,5.682169743219553,4.063112302774054,12.95245952356399,30.514592141899556,8.672785397545631,23.57430133030834,0.22687429101784057
./Eplus-env-08-19_thermostat_rbc_eco_year_2023_case_10_rep_0_zone_0_onoffseed_15_tempseed_30_comforttemp_20_setbacktemp_15_paper2_final_runs_v4-res1,2023,10,0,0,15,30,20,15,1.4643704238424256,2.887490976590698,4.589048159224503,6.630916778385068,5.46560791997525,8.930597091884088,29.194596266886663,7.084665360420749,6.32154274517892,5.805919356502011,21.388058162318245,0.23718675879137877
./Eplus-env-08-19_thermostat_rbc_eco_year_2023_case_10_rep_0_zone_0_onoffseed_10_tempseed_42_comforttemp_20_setbacktemp_15_paper2_final_runs_v4-res1,2023,10,0,0,10,42,20,15,1.4024956172011962,2.732803959987625,4.300299061565433,4.723110240280499,7.775600701247809,33.340208311849025,6.806228730535217,6.063731050840466,5.970918840878622,5.496545323295865,21.192121274621016,0.19593688769722595
./Eplus-env-08-19_thermostat_rbc_eco_year_2022_case_3_rep_0_zone_9_onoffseed_5_tempseed_42_comforttemp_21_setbacktemp_13_paper2_final_runs_v4-res1,2022,3,0,9,5,42,21,13,0.0,0.010312467773538208,0.07218727441476745,0.29906156543260803,1.5056202949365782,12.179024440548623,33.73208208724348,7.5796638135505825,5.785294420954934,5.857481695369702,32.97927193977519,0.0
./Eplus-env-08-19_thermostat_rbc_eco_year_2023_case_3_rep_0_zone_0_onoffseed_5_tempseed_15_comforttemp_20_setbacktemp_15_paper2_final_runs_v4-res1,2023,3,0,0,5,15,20,15,0.0,0.0,0.0,0.0,0.0,0.0,1.639682375992575,42.755491389089414,13.148396411261215,7.713725894606579,34.74270392905022,0.0
./Eplus-env-08-18_thermostat_rbc_eco_year_2023_case_10_rep_0_zone_0_onoffseed_5_tempseed_30_comforttemp_20_setbacktemp_13_paper2_final_runs_v4-res1,2023,10,0,0,5,30,20,13,0.0,0.0,0.0,0.0,0.0,8.34278642879241,49.07703413426833,8.693410333092709,6.300917809631845,6.1874806641229245,21.398370630091783,0.0
./Eplus-env-08-18_thermostat_rbc_eco_year_2023_case_0_rep_0_zone_0_onoffseed_15_tempseed_30_comforttemp_20_setbacktemp_15_paper2_final_runs_v4-res1,2023,0,0,0,15,30,20,15,2.1862431679901,3.3206146230793028,5.321233371145715,6.208105599670001,5.011859337939569,6.6927915850262965,35.05207796225637,6.991853150458905,6.022481179746313,5.506857791069403,17.47963287614726,0.20624935547076417
./Eplus-env-08-18_thermostat_rbc_eco_year_2023_case_0_rep_0_zone_9_onoffseed_5_tempseed_42_comforttemp_19_setbacktemp_13_paper2_final_runs_v4-res1,2023,0,0,9,5,42,19,13,0.0,0.0,0.0,27.647726100855934,29.80303186552542,5.444982984428174,5.207796225636795,5.929668969784469,5.249046096730948,4.681860369186346,16.035887387851915,0.0
./Eplus-env-08-18_thermostat_rbc_eco_year_2022_case_0_rep_0_zone_9_onoffseed_5_tempseed_42_comforttemp_19_setbacktemp_13_paper2_final_runs_v4-res1,2022,0,0,9,5,42,19,13,0.0,0.0,0.0,27.02897803444364,29.359595751263278,5.46560791997525,4.516860884809735,5.053109209033722,4.434361142621429,5.2696710322780245,18.87181602557492,0.0
./Eplus-env-08-19_thermostat_rbc_eco_year_2022_case_6_rep_0_zone_9_onoffseed_5_tempseed_42_comforttemp_19_setbacktemp_17_paper2_final_runs_v4-res1,2022,6,0,9,5,42,19,17,0.0,0.0,0.0,16.63401051871713,38.104568423223675,5.661544807672476,4.991234402392492,4.929359595751263,4.527173352583273,4.8262349180158814,20.32587398164381,0.0
./Eplus-env-08-19_thermostat_rbc_eco_year_2023_case_4_rep_0_zone_0_onoffseed_15_tempseed_15_comforttemp_20_setbacktemp_13_paper2_final_runs_v4-res1,2023,4,0,0,15,15,20,13,0.0,0.1443745488295349,0.29906156543260803,0.7734350830153656,2.124368361348871,4.3312364648860475,6.868103537176447,27.90553779519439,15.159327627101165,7.734350830153655,34.66020418686192,0.0
./Eplus-env-08-19_thermostat_rbc_eco_year_2022_case_3_rep_0_zone_0_onoffseed_10_tempseed_10_comforttemp_20_setbacktemp_17_paper2_final_runs_v4-res1,2022,3,0,0,10,10,20,17,0.04124987109415283,0.10312467773538209,0.5053109209033722,1.484995359389502,2.7637413633082395,5.125296483448489,30.401154996390634,10.714654016706197,7.816850572341962,6.713416520573373,34.330205218108695,0.0
./Eplus-env-08-19_thermostat_rbc_eco_year_2022_case_3_rep_0_zone_0_onoffseed_10_tempseed_30_comforttemp_20_setbacktemp_17_paper2_final_runs_v4-res1,2022,3,0,0,10,30,20,17,0.04124987109415283,0.1237496132824585,1.09312158399505,2.3512426523667114,4.197174383830051,28.276786635041766,10.9312158399505,7.662163555738887,6.26998040631123,6.373105084046612,32.68021037434258,0.0
./Eplus-env-08-19_thermostat_rbc_eco_year_2022_case_4_rep_0_zone_0_onoffseed_15_tempseed_42_comforttemp_20_setbacktemp_15_paper2_final_runs_v4-res1,2022,4,0,0,15,42,20,15,0.29906156543260803,0.5053109209033722,1.639682375992575,3.629988656285449,16.891822213055583,14.870578529442097,8.837784881922243,6.754666391667525,6.249355470764153,6.476229761781995,33.773331958337636,0.07218727441476745
./Eplus-env-08-19_thermostat_rbc_eco_year_2023_case_11_rep_0_zone_0_onoffseed_15_tempseed_42_comforttemp_20_setbacktemp_15_paper2_final_runs_v4-res1,2023,11,0,0,15,42,20,15,2.5987418789316283,4.578735691450964,5.919356502010931,6.001856244199237,9.910281530370217,28.400536248324226,7.1052902959678255,6.280292874084768,5.579045065484171,5.207796225636795,18.036506135918327,0.38156130762091367
./Eplus-env-08-19_thermostat_rbc_eco_year_2023_case_14_rep_0_zone_0_onoffseed_15_tempseed_42_comforttemp_20_setbacktemp_15_paper2_final_runs_v4-res1,2023,14,0,0,15,42,20,15,0.04124987109415283,0.3712488398473755,1.2374961328245848,3.722800866247293,15.571826338042694,16.33494895328452,10.168093224708672,7.796225636794885,6.1977931318964625,5.939981437558008,32.60802309992781,0.010312467773538208
./Eplus-env-08-19_thermostat_rbc_eco_year_2022_case_1_rep_0_zone_0_onoffseed_5_tempseed_15_comforttemp_20_setbacktemp_13_paper2_final_runs_v4-res1,2022,1,0,0,5,15,20,13,0.0,0.0,0.0,0.0,0.0,0.0,0.0,8.064349798906878,59.87418789316283,8.260286686604104,23.801175621326184,0.0
./Eplus-env-08-19_thermostat_rbc_eco_year_2023_case_7_rep_0_zone_0_onoffseed_5_tempseed_30_comforttemp_20_setbacktemp_13_paper2_final_runs_v4-res1,2023,7,0,0,5,30,20,13,0.0,0.0,0.0,0.0,0.0,10.920903372176962,47.911725275858515,8.848097349695783,7.053727957100134,5.310920903372177,19.95462514179643,0.0
./Eplus-env-08-19_thermostat_rbc_eco_year_2022_case_13_rep_0_zone_0_onoffseed_5_tempseed_15_comforttemp_20_setbacktemp_15_paper2_final_runs_v4-res1,2022,13,0,0,5,15,20,15,0.0,0.0,0.0,0.0,0.0,0.0,0.5671857275446014,35.56770135093328,16.16994946890791,9.044034237393008,38.651129215221204,0.0
./Eplus-env-08-19_thermostat_rbc_eco_year_2023_case_13_rep_0_zone_0_onoffseed_10_tempseed_30_comforttemp_20_setbacktemp_15_paper2_final_runs_v4-res1,2023,13,0,0,10,30,20,15,0.04124987109415283,0.17531195215014952,0.5774981953181396,2.134680829122409,3.8362380117562136,26.802103743425803,14.478704754047644,7.6002887490976585,5.6409198721254,5.506857791069403,33.206146230793024,0.0
./Eplus-env-08-19_thermostat_rbc_eco_year_2023_case_12_rep_0_zone_0_onoffseed_10_tempseed_30_comforttemp_20_setbacktemp_13_paper2_final_runs_v4-res1,2023,12,0,0,10,30,20,13,0.5981231308652161,1.8665566670104154,3.5784263174177577,4.640610498092194,4.444673610394967,12.26152418273693,32.66989790656904,8.219036815509952,7.1568526348355155,5.23873362895741,19.005878106630917,0.31968650097968443
./Eplus-env-08-19_thermostat_rbc_eco_year_2023_case_7_rep_0_zone_9_onoffseed_5_tempseed_42_comforttemp_18_setbacktemp_15_paper2_final_runs_v4-res1,2023,7,0,9,5,42,18,15,0.0,0.0,14.15901825306796,37.558007631226154,5.104671547901413,5.073734144580798,4.609673094771579,5.878106630916778,5.135608951222028,4.382798803753738,18.098380942559555,0.0
./Eplus-env-08-19_thermostat_rbc_eco_year_2022_case_7_rep_0_zone_0_onoffseed_15_tempseed_10_comforttemp_20_setbacktemp_13_paper2_final_runs_v4-res1,2022,7,0,0,15,10,20,13,0.9281220996184386,1.6087449726719605,3.6093637207383726,5.001546870166031,5.496545323295865,4.743735175827576,14.592141899556562,25.389295658451065,7.992162524492111,6.208105599670001,23.533051459214192,0.897184696297824
./Eplus-env-08-18_thermostat_rbc_eco_year_2022_case_0_rep_0_zone_0_onoffseed_5_tempseed_42_comforttemp_20_setbacktemp_13_paper2_final_runs_v4-res1,2022,0,0,0,5,42,20,13,0.0,0.0,0.0,0.0,5.816231824275549,50.22171805713107,7.76528823347427,6.404042487367227,5.414045581107559,5.372795710013406,19.005878106630917,0.0
./Eplus-env-08-18_thermostat_rbc_eco_year_2023_case_0_rep_0_zone_0_onoffseed_5_tempseed_30_comforttemp_20_setbacktemp_15_paper2_final_runs_v4-res1,2023,0,0,0,5,30,20,15,0.0,0.0,0.0,0.0,0.0,5.609982468804785,56.202949365783226,8.487160977621945,6.826853666082293,5.609982468804785,17.26307105290296,0.0
./Eplus-env-08-18_thermostat_rbc_eco_year_2023_case_0_rep_0_zone_0_onoffseed_15_tempseed_42_comforttemp_20_setbacktemp_17_paper2_final_runs_v4-res1,2023,0,0,0,15,42,20,17,0.0,1.443745488295349,10.467154790141281,7.486851603588739,6.589666907290914,33.11333402083119,7.002165618232444,6.04310611529339,5.7234196143137055,4.929359595751263,17.20119624626173,0.0
./Eplus-env-08-19_thermostat_rbc_eco_year_2022_case_2_rep_0_zone_0_onoffseed_5_tempseed_15_comforttemp_20_setbacktemp_13_paper2_final_runs_v4-res1,2022,2,0,0,5,15,20,13,0.0,0.0,0.0,0.0,0.0,0.0,0.0,8.280911622151182,58.482004743735175,8.239661751057028,24.997421883056614,0.0
./Eplus-env-08-19_thermostat_rbc_eco_year_2023_case_1_rep_0_zone_0_onoffseed_15_tempseed_30_comforttemp_20_setbacktemp_15_paper2_final_runs_v4-res1,2023,1,0,0,15,30,20,15,1.794369392595648,3.5165515107765293,5.114984015674951,6.352480148499535,4.970609466845416,7.012478086005982,33.938331442714244,7.6002887490976585,6.094668454161081,5.692482210993091,17.675569763844486,0.23718675879137877
./Eplus-env-08-19_thermostat_rbc_eco_year_2023_case_9_rep_0_zone_9_onoffseed_5_tempseed_42_comforttemp_21_setbacktemp_15_paper2_final_runs_v4-res1,2023,9,0,9,5,42,21,15,0.0,0.0,0.05156233886769104,0.23718675879137877,2.340930184593173,33.73208208724348,12.282149118284005,7.18779003815613,5.7131071465401675,5.7543570176343195,32.70083530988966,0.0
./Eplus-env-08-19_thermostat_rbc_eco_year_2022_case_9_rep_0_zone_9_onoffseed_5_tempseed_42_comforttemp_18_setbacktemp_17_paper2_final_runs_v4-res1,2022,9,0,9,5,42,18,17,0.0,0.08249974218830566,13.447457976693823,12.426523667113539,9.03372176961947,7.36310199030628,5.929668969784469,5.86779416314324,5.939981437558008,6.012168711972775,33.89708157162009,0.0
./Eplus-env-08-19_thermostat_rbc_eco_year_2023_case_9_rep_0_zone_9_onoffseed_5_tempseed_42_comforttemp_19_setbacktemp_17_paper2_final_runs_v4-res1,2023,9,0,9,5,42,19,17,0.0,0.0,0.020624935547076416,23.976487573476334,11.477776631948025,8.549035784263175,7.084665360420749,5.558420129937094,5.2799835000515625,5.341858306692791,32.7111477776632,0.0
./Eplus-env-08-19_thermostat_rbc_eco_year_2022_case_9_rep_0_zone_0_onoffseed_5_tempseed_10_comforttemp_20_setbacktemp_17_paper2_final_runs_v4-res1,2022,9,0,0,5,10,20,17,0.0,0.0,0.0,0.0,0.0,0.31968650097968443,23.677426008043724,19.90306280292874,10.054656079199752,7.724038362380117,38.32113024646798,0.0
./Eplus-env-08-19_thermostat_rbc_eco_year_2022_case_9_rep_0_zone_0_onoffseed_15_tempseed_42_comforttemp_20_setbacktemp_17_paper2_final_runs_v4-res1,2022,9,0,0,15,42,20,17,0.030937403320614624,0.1443745488295349,1.7015571826338043,3.650613591832526,15.839950500154687,16.035887387851915,8.868722285242859,6.311230277405383,6.1874806641229245,6.414354955140765,34.81489120346499,0.0
./Eplus-env-08-19_thermostat_rbc_eco_year_2022_case_6_rep_0_zone_0_onoffseed_5_tempseed_15_comforttemp_20_setbacktemp_17_paper2_final_runs_v4-res1,2022,6,0,0,5,15,20,17,0.0,0.0,0.0,0.0,0.0,0.0,0.07218727441476745,15.509951531401464,50.551717025884294,8.889347220789935,24.976796947509538,0.0
./Eplus-env-08-19_thermostat_rbc_eco_year_2022_case_10_rep_0_zone_0_onoffseed_5_tempseed_30_comforttemp_20_setbacktemp_17_paper2_final_runs_v4-res1,2022,10,0,0,5,30,20,17,0.0,0.0,0.0,0.0,0.0,8.425286170980716,46.59172940084562,8.146849541095184,5.517170258842941,6.032793647519852,25.28617098071568,0.0
./Eplus-env-08-19_thermostat_rbc_eco_year_2022_case_10_rep_0_zone_0_onoffseed_5_tempseed_42_comforttemp_20_setbacktemp_17_paper2_final_runs_v4-res1,2022,10,0,0,5,42,20,17,0.0,0.0,0.0,0.0,7.662163555738887,44.32298649066722,8.157162008868722,5.826544292049087,4.7746725791481905,5.372795710013406,23.883675363514488,0.0
./Eplus-env-08-19_thermostat_rbc_eco_year_2022_case_1_rep_0_zone_9_onoffseed_5_tempseed_42_comforttemp_19_setbacktemp_17_paper2_final_runs_v4-res1,2022,1,0,9,5,42,19,17,0.0,0.0,0.0,15.210889965968857,39.094565329483345,6.094668454161081,5.372795710013406,5.125296483448489,4.589048159224503,4.877797256883572,19.63493864081675,0.0
./Eplus-env-08-19_thermostat_rbc_eco_year_2022_case_6_rep_0_zone_0_onoffseed_10_tempseed_42_comforttemp_20_setbacktemp_17_paper2_final_runs_v4-res1,2022,6,0,0,10,42,20,17,0.0,0.9487470351655151,6.280292874084768,5.218108693410333,9.32247086727854,34.86645354233268,6.393730019593689,5.991543776425699,5.259358564504486,4.949984531298339,20.76931009590595,0.0
./Eplus-env-08-19_thermostat_rbc_eco_year_2022_case_12_rep_0_zone_9_onoffseed_5_tempseed_42_comforttemp_21_setbacktemp_17_paper2_final_runs_v4-res1,2022,12,0,9,5,42,21,17,0.0,0.0,0.0,0.0,0.0,31.73146333917706,31.33958956378261,5.764669485407858,5.207796225636795,4.908734660204187,21.047746725791484,0.0
./Eplus-env-08-19_thermostat_rbc_eco_year_2023_case_8_rep_0_zone_0_onoffseed_15_tempseed_10_comforttemp_20_setbacktemp_15_paper2_final_runs_v4-res1,2023,8,0,0,15,10,20,15,0.030937403320614624,0.2887490976590698,0.5156233886769104,1.536557698257193,3.722800866247293,6.744353923893988,24.017737444570486,15.41713932143962,7.868412911209652,6.455604826234918,33.40208311849025,0.0
./Eplus-env-08-19_thermostat_rbc_eco_year_2023_case_13_rep_0_zone_0_onoffseed_10_tempseed_42_comforttemp_20_setbacktemp_13_paper2_final_runs_v4-res1,2023,13,0,0,10,42,20,13,0.16499948437661133,0.43312364648860474,1.5262452304836547,3.2896772197586883,23.264927297102197,14.860266061668556,8.095287202227492,5.599670001031247,5.032484273486645,5.073734144580798,32.649272971021965,0.010312467773538208
./Eplus-env-08-19_thermostat_rbc_eco_year_2022_case_4_rep_0_zone_0_onoffseed_10_tempseed_42_comforttemp_20_setbacktemp_17_paper2_final_runs_v4-res1,2022,4,0,0,10,42,20,17,0.020624935547076416,0.1443745488295349,1.3509332783335053,3.1143652676085387,19.191502526554604,15.520263999175002,9.023409301845932,6.1668557285758485,6.620604310611529,6.362792616273075,32.48427348664536,0.0
./Eplus-env-08-19_thermostat_rbc_eco_year_2023_case_4_rep_0_zone_0_onoffseed_10_tempseed_30_comforttemp_20_setbacktemp_17_paper2_final_runs_v4-res1,2023,4,0,0,10,30,20,17,0.0,0.0,0.4434361142621429,1.8871816025574921,4.042487367226977,23.64648860472311,16.933072084149735,8.724347736413323,6.15654326080231,5.836856759822625,32.32958647004228,0.0
./Eplus-env-08-19_thermostat_rbc_eco_year_2023_case_4_rep_0_zone_9_onoffseed_5_tempseed_42_comforttemp_21_setbacktemp_15_paper2_final_runs_v4-res1,2023,4,0,9,5,42,21,15,0.0,0.0,0.04124987109415283,0.35062390430029905,3.0421779931937714,27.95710013406208,18.913065896669075,6.73404145612045,5.321233371145715,5.6409198721254,31.999587501289056,0.0
./Eplus-env-08-18_thermostat_rbc_eco_year_2022_case_0_rep_0_zone_0_onoffseed_10_tempseed_10_comforttemp_20_setbacktemp_15_paper2_final_runs_v4-res1,2022,0,0,0,10,10,20,15,0.8146849541095184,2.041868619160565,3.2381148808909974,3.5474889140971433,3.27936475198515,3.629988656285449,7.950912653397959,42.105805919356506,6.455604826234918,5.826544292049087,20.95493451582964,0.1546870166030731
./Eplus-env-08-19_thermostat_rbc_eco_year_2023_case_4_rep_0_zone_0_onoffseed_10_tempseed_15_comforttemp_20_setbacktemp_17_paper2_final_runs_v4-res1,2023,4,0,0,10,15,20,17,0.0,0.0,0.09281220996184388,0.42281117871506657,1.0828091162215119,2.9493657832319276,5.878106630916778,31.308652160461996,15.54088893472208,7.424976796947509,35.29957718882129,0.0
./Eplus-env-08-19_thermostat_rbc_eco_year_2023_case_9_rep_0_zone_0_onoffseed_5_tempseed_15_comforttemp_20_setbacktemp_17_paper2_final_runs_v4-res1,2023,9,0,0,5,15,20,17,0.0,0.0,0.0,0.0,0.0,0.0,0.48468598535629576,29.998968753222645,22.192430648654224,9.673094771578839,37.650819841187996,0.0
./Eplus-env-08-19_thermostat_rbc_eco_year_2022_case_12_rep_0_zone_9_onoffseed_5_tempseed_42_comforttemp_20_setbacktemp_13_paper2_final_runs_v4-res1,2022,12,0,9,5,42,20,13,0.0,0.0,0.0,0.0,25.54398267505414,25.739919562751368,11.807775600701248,5.805919356502011,4.599360626998041,4.609673094771579,21.893369083221614,0.0
./Eplus-env-08-19_thermostat_rbc_eco_year_2023_case_12_rep_0_zone_0_onoffseed_10_tempseed_42_comforttemp_20_setbacktemp_15_paper2_final_runs_v4-res1,2023,12,0,0,10,42,20,15,1.3715582138805815,2.9184283799113127,4.578735691450964,4.764360111374652,10.394967515726513,32.51521088996597,6.826853666082293,6.44529235846138,6.04310611529339,5.125296483448489,18.892440961121995,0.1237496132824585
./Eplus-env-08-18_thermostat_rbc_eco_year_2023_case_0_rep_0_zone_0_onoffseed_15_tempseed_30_comforttemp_20_setbacktemp_17_paper2_final_runs_v4-res1,2023,0,0,0,15,30,20,17,0.0,1.3303083427864288,8.528410848716097,7.394039393626894,4.877797256883572,6.806228730535217,35.58832628648035,7.198102505929669,6.04310611529339,5.06342167680726,17.170258842941116,0.0
./Eplus-env-08-19_thermostat_rbc_eco_year_2022_case_1_rep_0_zone_0_onoffseed_10_tempseed_10_comforttemp_20_setbacktemp_13_paper2_final_runs_v4-res1,2022,1,0,0,10,10,20,13,0.5878106630916778,1.2684335361451995,2.8462411054965453,3.5371764463236053,3.650613591832526,3.4340517685882235,9.14715891512839,40.620810559967005,6.630916778385068,6.208105599670001,21.52212024337424,0.546560791997525
./Eplus-env-08-19_thermostat_rbc_eco_year_2022_case_1_rep_0_zone_0_onoffseed_5_tempseed_15_comforttemp_20_setbacktemp_17_paper2_final_runs_v4-res1,2022,1,0,0,5,15,20,17,0.0,0.0,0.0,0.0,0.0,0.0,0.0,9.064659172940084,59.61637619882438,8.126224605548108,23.19274002268743,0.0
./Eplus-env-08-19_thermostat_rbc_eco_year_2023_case_1_rep_0_zone_9_onoffseed_5_tempseed_42_comforttemp_19_setbacktemp_15_paper2_final_runs_v4-res1,2023,1,0,9,5,42,19,15,0.0,0.0,0.0,23.110240280499124,33.21645869856656,5.7337320820872435,5.310920903372177,5.372795710013406,4.960296999071878,4.88810972465711,17.407445601732494,0.0
./Eplus-env-08-19_thermostat_rbc_eco_year_2022_case_1_rep_0_zone_9_onoffseed_5_tempseed_42_comforttemp_20_setbacktemp_15_paper2_final_runs_v4-res1,2022,1,0,9,5,42,20,15,0.0,0.0,0.0,0.0,32.13364958234505,28.988346911415903,5.032484273486645,4.692172836959885,4.454986078168506,4.939672063524801,19.758688254099205,0.0
./Eplus-env-08-19_thermostat_rbc_eco_year_2023_case_12_rep_0_zone_0_onoffseed_15_tempseed_15_comforttemp_20_setbacktemp_13_paper2_final_runs_v4-res1,2023,12,0,0,15,15,20,13,0.546560791997525,1.2168711972775086,2.4543673301020936,4.248736722697742,5.991543776425699,5.558420129937094,4.310611529338971,16.891822213055583,27.26616479323502,9.281220996184388,22.048056099824688,0.18562441992368775
./Eplus-env-08-18_thermostat_rbc_eco_year_2022_case_0_rep_0_zone_0_onoffseed_5_tempseed_30_comforttemp_20_setbacktemp_15_paper2_final_runs_v4-res1,2022,0,0,0,5,30,20,15,0.0,0.0,0.0,0.0,0.0,6.795916262761679,53.33608332473961,7.682788491285965,6.032793647519852,6.249355470764153,19.90306280292874,0.0
./Eplus-env-08-19_thermostat_rbc_eco_year_2022_case_7_rep_0_zone_0_onoffseed_5_tempseed_30_comforttemp_20_setbacktemp_17_paper2_final_runs_v4-res1,2022,7,0,0,5,30,20,17,0.0,0.0,0.0,0.0,0.0,10.374342580179437,47.23110240280499,8.445911106527792,6.063731050840466,5.06342167680726,22.821491182840052,0.0
./Eplus-env-08-19_thermostat_rbc_eco_year_2022_case_14_rep_0_zone_0_onoffseed_5_tempseed_30_comforttemp_20_setbacktemp_15_paper2_final_runs_v4-res1,2022,14,0,0,5,30,20,15,0.0,0.0,0.0,0.0,0.1340620810559967,16.582448179849436,22.048056099824688,9.95153140146437,7.961225121171496,7.229039909250283,36.09363720738373,0.0
./Eplus-env-08-19_thermostat_rbc_eco_year_2022_case_9_rep_0_zone_9_onoffseed_5_tempseed_42_comforttemp_21_setbacktemp_17_paper2_final_runs_v4-res1,2022,9,0,9,5,42,21,17,0.0,0.0,0.0,0.06187480664122925,0.6703104052799835,17.26307105290296,27.73022584304424,7.352789522532742,6.744353923893988,6.280292874084768,33.89708157162009,0.0
./Eplus-env-08-19_thermostat_rbc_eco_year_2023_case_8_rep_0_zone_0_onoffseed_10_tempseed_30_comforttemp_20_setbacktemp_13_paper2_final_runs_v4-res1,2023,8,0,0,10,30,20,13,0.020624935547076416,0.22687429101784057,0.5981231308652161,2.0728060224811795,4.3415489326595855,26.214293080334123,15.06651541713932,7.404351861400434,5.785294420954934,5.816231824275549,32.45333608332474,0.0
./Eplus-env-08-19_thermostat_rbc_eco_year_2022_case_3_rep_0_zone_9_onoffseed_5_tempseed_42_comforttemp_18_setbacktemp_17_paper2_final_runs_v4-res1,2022,3,0,9,5,42,18,17,0.0,0.16499948437661133,19.418376817572444,12.983396926884602,7.497164071362277,6.517479632876147,5.568732597710632,5.156233886769104,5.2799835000515625,5.022171805713107,32.39146127668351,0.0
./Eplus-env-08-19_thermostat_rbc_eco_year_2023_case_9_rep_0_zone_9_onoffseed_5_tempseed_42_comforttemp_21_setbacktemp_17_paper2_final_runs_v4-res1,2023,9,0,9,5,42,21,17,0.0,0.0,0.0,0.010312467773538208,0.6393730019593689,15.46870166030731,32.08208724347736,7.5384139424564305,5.774981953181396,5.517170258842941,32.96895947200165,0.0
./Eplus-env-08-19_thermostat_rbc_eco_year_2023_case_4_rep_0_zone_0_onoffseed_10_tempseed_42_comforttemp_20_setbacktemp_17_paper2_final_runs_v4-res1,2023,4,0,0,10,42,20,17,0.0,0.05156233886769104,0.8662472929772095,3.269052284211612,20.08868722285243,15.922450242342991,9.652469836031763,6.6412292461586055,5.7337320820872435,5.857481695369702,31.917087759100752,0.0
./Eplus-env-08-19_thermostat_rbc_eco_year_2022_case_8_rep_0_zone_0_onoffseed_15_tempseed_30_comforttemp_20_setbacktemp_13_paper2_final_runs_v4-res1,2022,8,0,0,15,30,20,13,0.1443745488295349,0.6187480664122924,1.4643704238424256,2.9081159121377747,5.764669485407858,21.326183355677014,13.684644735485202,8.198411879962874,6.32154274517892,5.909044034237393,33.52583273177272,0.1340620810559967
./Eplus-env-08-19_thermostat_rbc_eco_year_2022_case_8_rep_0_zone_0_onoffseed_10_tempseed_42_comforttemp_20_setbacktemp_13_paper2_final_runs_v4-res1,2022,8,0,0,10,42,20,13,0.1546870166030731,0.494998453129834,1.3509332783335053,3.372176961946994,21.130246467979788,13.901206558729504,7.775600701247809,6.940290811591214,5.7543570176343195,5.620294936578323,33.40208311849025,0.10312467773538209
./Eplus-env-08-19_thermostat_rbc_eco_year_2022_case_4_rep_0_zone_0_onoffseed_5_tempseed_30_comforttemp_20_setbacktemp_15_paper2_final_runs_v4-res1,2022,4,0,0,5,30,20,15,0.0,0.0,0.0,0.010312467773538208,0.6393730019593689,20.47024853047334,19.995875012890586,9.250283592863774,8.219036815509952,7.022790553779519,34.39208002474992,0.0
./Eplus-env-08-19_thermostat_rbc_eco_year_2022_case_3_rep_0_zone_9_onoffseed_5_tempseed_42_comforttemp_21_setbacktemp_15_paper2_final_runs_v4-res1,2022,3,0,9,5,42,21,15,0.0,0.0,0.0,0.030937403320614624,0.5156233886769104,33.1442714241518,16.376198824378672,6.6721666494792204,5.651232339898938,5.537795194390018,32.07177477570383,0.0
./Eplus-env-08-19_thermostat_rbc_eco_year_2023_case_3_rep_0_zone_0_onoffseed_15_tempseed_10_comforttemp_20_setbacktemp_17_paper2_final_runs_v4-res1,2023,3,0,0,15,10,20,17,0.0,0.08249974218830566,0.897184696297824,1.990306280292874,3.9909250283592863,7.332164586985665,28.565535732700837,10.549654532329585,7.18779003815613,6.280292874084768,33.12364648860473,0.0
./Eplus-env-08-19_thermostat_rbc_eco_year_2023_case_11_rep_0_zone_0_onoffseed_5_tempseed_42_comforttemp_20_setbacktemp_13_paper2_final_runs_v4-res1,2023,11,0,0,5,42,20,13,0.0,0.0,0.0,0.0,9.126533979581314,46.2617304320924,8.425286170980716,6.73404145612045,5.857481695369702,5.114984015674951,18.479942250180468,0.0
./Eplus-env-08-19_thermostat_rbc_eco_year_2022_case_12_rep_0_zone_9_onoffseed_5_tempseed_42_comforttemp_20_setbacktemp_17_paper2_final_runs_v4-res1,2022,12,0,9,5,42,20,17,0.0,0.0,0.0,0.0,18.191193152521397,39.84737547695163,5.589357533257709,4.8262349180158814,4.3312364648860475,4.919047127977725,22.295555326389604,0.0
./Eplus-env-08-19_thermostat_rbc_eco_year_2022_case_14_rep_0_zone_0_onoffseed_10_tempseed_15_comforttemp_20_setbacktemp_13_paper2_final_runs_v4-res1,2022,14,0,0,10,15,20,13,0.020624935547076416,0.08249974218830566,0.1443745488295349,0.43312364648860474,1.1343714550892028,2.6090543467051663,4.764360111374652,24.553985768794472,18.02619366814479,9.580282561616995,38.63050427967413,0.020624935547076416
./Eplus-env-08-19_thermostat_rbc_eco_year_2023_case_7_rep_0_zone_9_onoffseed_5_tempseed_42_comforttemp_20_setbacktemp_17_paper2_final_runs_v4-res1,2023,7,0,9,5,42,20,17,0.0,0.0,0.0,0.0,19.892750335155203,39.733938331442715,5.496545323295865,5.579045065484171,5.414045581107559,4.980921934618954,18.902753428895537,0.0
./Eplus-env-08-19_thermostat_rbc_eco_year_2022_case_10_rep_0_zone_9_onoffseed_5_tempseed_42_comforttemp_19_setbacktemp_13_paper2_final_runs_v4-res1,2022,10,0,9,5,42,19,13,0.0,0.0,0.0,22.625554295142827,27.410539342064556,6.32154274517892,5.259358564504486,4.403423739300814,4.527173352583273,5.362483242239868,24.08992471898525,0.0
./Eplus-env-08-19_thermostat_rbc_eco_year_2022_case_10_rep_0_zone_9_onoffseed_5_tempseed_42_comforttemp_18_setbacktemp_17_paper2_final_runs_v4-res1,2022,10,0,9,5,42,18,17,0.0,0.0,12.354336392698773,31.85521295245952,7.394039393626894,5.86779416314324,5.053109209033722,4.743735175827576,4.248736722697742,5.176858822316181,23.30617716819635,0.0
./Eplus-env-08-19_thermostat_rbc_eco_year_2023_case_7_rep_0_zone_0_onoffseed_10_tempseed_42_comforttemp_20_setbacktemp_13_paper2_final_runs_v4-res1,2023,7,0,0,10,42,20,13,1.4231205527482726,2.340930184593173,4.011549963906362,4.589048159224503,11.209652469836032,31.556151387026915,7.301227183665052,6.44529235846138,6.228730535217077,5.46560791997525,18.58306692791585,0.8456223574301331
./Eplus-env-08-19_thermostat_rbc_eco_year_2022_case_2_rep_0_zone_0_onoffseed_15_tempseed_30_comforttemp_20_setbacktemp_15_paper2_final_runs_v4-res1,2022,2,0,0,15,30,20,15,1.639682375992575,3.3618644941734557,4.733422708054038,4.88810972465711,4.867484789110034,9.03372176961947,31.473651644838608,6.78560379498814,5.795606888728472,5.486232855522326,21.62524492110962,0.3093740332061462
./Eplus-env-08-19_thermostat_rbc_eco_year_2023_case_4_rep_0_zone_0_onoffseed_5_tempseed_10_comforttemp_20_setbacktemp_17_paper2_final_runs_v4-res1,2023,4,0,0,5,10,20,17,0.0,0.0,0.0,0.0,0.0,0.8868722285242858,27.90553779519439,21.150871403526864,9.312158399505002,6.6927915850262965,34.05176858822316,0.0
./Eplus-env-08-19_thermostat_rbc_eco_year_2022_case_11_rep_0_zone_0_onoffseed_15_tempseed_15_comforttemp_20_setbacktemp_17_paper2_final_runs_v4-res1,2022,11,0,0,15,15,20,17,0.0,0.7631226152418273,3.619676188511911,5.424358048881097,5.496545323295865,4.88810972465711,4.960296999071878,16.128699597813757,27.204289986593793,8.05403733113334,23.460864184799423,0.0
./Eplus-env-08-19_thermostat_rbc_eco_year_2022_case_11_rep_0_zone_0_onoffseed_10_tempseed_10_comforttemp_20_setbacktemp_17_paper2_final_runs_v4-res1,2022,11,0,0,10,10,20,17,0.0,0.45374858203568114,3.506239043002991,4.568423223677426,3.9703000928122103,3.526863978550067,14.0352686397855,34.288955347014536,7.682788491285965,6.053418583066928,21.913994018768694,0.0
./Eplus-env-08-19_thermostat_rbc_eco_year_2023_case_11_rep_0_zone_0_onoffseed_10_tempseed_10_comforttemp_20_setbacktemp_13_paper2_final_runs_v4-res1,2023,11,0,0,10,10,20,13,0.6393730019593689,1.484995359389502,2.4234299267814787,4.217799319377127,4.114674641641745,3.1968650097968445,14.540579560688874,35.29957718882129,8.590285655357327,6.218418067443539,18.98525317108384,0.2887490976590698
./Eplus-env-08-19_thermostat_rbc_eco_year_2023_case_14_rep_0_zone_0_onoffseed_15_tempseed_10_comforttemp_20_setbacktemp_15_paper2_final_runs_v4-res1,2023,14,0,0,15,10,20,15,0.030937403320614624,0.07218727441476745,0.3403114365267609,0.9074971640713623,2.8049912344023924,5.609982468804785,21.00649685469733,18.902753428895537,8.97184696297824,6.6515417139321436,34.70145405795607,0.0
./Eplus-env-08-19_thermostat_rbc_eco_year_2023_case_1_rep_0_zone_0_onoffseed_15_tempseed_42_comforttemp_20_setbacktemp_13_paper2_final_runs_v4-res1,2023,1,0,0,15,42,20,13,2.124368361348871,3.753738269567908,5.878106630916778,6.15654326080231,6.775291327214602,32.401773744457046,6.744353923893988,6.022481179746313,5.857481695369702,5.022171805713107,17.510570279467878,1.7531195215014954
./Eplus-env-08-19_thermostat_rbc_eco_year_2023_case_14_rep_0_zone_9_onoffseed_5_tempseed_42_comforttemp_19_setbacktemp_13_paper2_final_runs_v4-res1,2023,14,0,9,5,42,19,13,0.0,0.04124987109415283,0.7734350830153656,25.244921109621533,12.591523151490152,7.806538104568424,6.507167165102609,5.589357533257709,5.166546354542642,5.23873362895741,31.040527998350004,0.0
./Eplus-env-08-19_thermostat_rbc_eco_year_2022_case_9_rep_0_zone_0_onoffseed_10_tempseed_10_comforttemp_20_setbacktemp_17_paper2_final_runs_v4-res1,2022,9,0,0,10,10,20,17,0.010312467773538208,0.030937403320614624,0.2887490976590698,0.7837475507889038,1.7737444570485716,3.877487882850366,21.87274414767454,17.531195215014954,9.312158399505002,7.435289264721049,37.08363411364339,0.0
./Eplus-env-08-19_thermostat_rbc_eco_year_2023_case_12_rep_0_zone_0_onoffseed_5_tempseed_42_comforttemp_20_setbacktemp_15_paper2_final_runs_v4-res1,2023,12,0,0,5,42,20,15,0.0,0.0,0.0,0.0,9.126533979581314,44.87985975043828,8.848097349695783,6.290605341858306,6.001856244199237,5.310920903372177,19.542126430854903,0.0
./Eplus-env-08-19_thermostat_rbc_eco_year_2022_case_11_rep_0_zone_9_onoffseed_5_tempseed_42_comforttemp_19_setbacktemp_17_paper2_final_runs_v4-res1,2022,11,0,9,5,42,19,17,0.0,0.0,0.0,15.984325048984221,37.80550685779107,5.98123130865216,5.011859337939569,5.001546870166031,4.403423739300814,5.218108693410333,20.5939981437558,0.0
./Eplus-env-08-19_thermostat_rbc_eco_year_2023_case_9_rep_0_zone_0_onoffseed_5_tempseed_10_comforttemp_20_setbacktemp_15_paper2_final_runs_v4-res1,2023,9,0,0,5,10,20,15,0.0,0.0,0.0,0.0,0.0,0.29906156543260803,23.450551717025885,22.43992987521914,10.879653501082808,7.239352377023822,35.69145096421574,0.0
./Eplus-env-08-19_thermostat_rbc_eco_year_2023_case_6_rep_0_zone_0_onoffseed_15_tempseed_42_comforttemp_20_setbacktemp_13_paper2_final_runs_v4-res1,2023,6,0,0,15,42,20,13,2.196555635763638,3.8362380117562136,5.434670516654635,6.074043518614005,10.106218418067444,28.586160668247913,7.022790553779519,6.620604310611529,5.682169743219553,4.949984531298339,18.00556873259771,1.484995359389502
./Eplus-env-08-19_thermostat_rbc_eco_year_2023_case_2_rep_0_zone_0_onoffseed_10_tempseed_30_comforttemp_20_setbacktemp_15_paper2_final_runs_v4-res1,2023,2,0,0,10,30,20,15,1.000309374033206,1.9284314736516448,3.186552542023306,4.3724863359802,4.393111271527276,6.6515417139321436,39.87831288027225,7.641538620191812,6.579354439517377,5.352170774466329,18.98525317108384,0.030937403320614624
./Eplus-env-08-19_thermostat_rbc_eco_year_2022_case_2_rep_0_zone_0_onoffseed_5_tempseed_10_comforttemp_20_setbacktemp_17_paper2_final_runs_v4-res1,2022,2,0,0,5,10,20,17,0.0,0.0,0.0,0.0,0.0,0.0,7.517789006909354,54.47045477982881,8.280911622151182,6.26998040631123,23.460864184799423,0.0
./Eplus-env-08-19_thermostat_rbc_eco_year_2022_case_2_rep_0_zone_0_onoffseed_5_tempseed_15_comforttemp_20_setbacktemp_17_paper2_final_runs_v4-res1,2022,2,0,0,5,15,20,17,0.0,0.0,0.0,0.0,0.0,0.0,0.0,8.641847994225019,58.100443436114254,8.63153552645148,24.62617304320924,0.0
./Eplus-env-08-19_thermostat_rbc_eco_year_2022_case_6_rep_0_zone_0_onoffseed_10_tempseed_42_comforttemp_20_setbacktemp_13_paper2_final_runs_v4-res1,2022,6,0,0,10,42,20,13,1.4128080849747344,2.6606166855728577,4.021862431679901,3.2381148808909974,11.189027534288956,31.86552542023306,7.084665360420749,5.651232339898938,5.176858822316181,5.486232855522326,21.130246467979788,1.0828091162215119
./Eplus-env-08-18_thermostat_rbc_eco_year_2022_case_0_rep_0_zone_0_onoffseed_5_tempseed_10_comforttemp_20_setbacktemp_13_paper2_final_runs_v4-res1,2022,0,0,0,5,10,20,13,0.0,0.0,0.0,0.0,0.0,0.0,7.5384139424564305,57.1104465298546,7.837475507889039,6.208105599670001,21.305558420129938,0.0
./Eplus-env-08-18_thermostat_rbc_eco_year_2022_case_0_rep_0_zone_0_onoffseed_15_tempseed_10_comforttemp_20_setbacktemp_17_paper2_final_runs_v4-res1,2022,0,0,0,15,10,20,17,0.0,1.0828091162215119,6.909353408270599,5.475920387748788,5.372795710013406,4.8468598535629575,8.56966071981025,35.14489017221821,6.620604310611529,5.661544807672476,20.31556151387027,0.0
./Eplus-env-08-18_thermostat_rbc_eco_year_2022_case_10_rep_0_zone_0_onoffseed_5_tempseed_30_comforttemp_20_setbacktemp_13_paper2_final_runs_v4-res1,2022,10,0,0,5,30,20,13,0.0,0.0,0.0,0.0,0.0,8.425286170980716,47.23110240280499,8.043724863359802,5.609982468804785,6.04310611529339,24.646797978756315,0.0
./Eplus-env-08-19_thermostat_rbc_eco_year_2022_case_9_rep_0_zone_0_onoffseed_5_tempseed_42_comforttemp_20_setbacktemp_17_paper2_final_runs_v4-res1,2022,9,0,0,5,42,20,17,0.0,0.0,0.0,0.20624935547076417,14.571516964009486,18.87181602557492,10.322780241311747,7.424976796947509,6.826853666082293,6.579354439517377,35.1964525110859,0.0
./Eplus-env-08-19_thermostat_rbc_eco_year_2022_case_2_rep_0_zone_9_onoffseed_5_tempseed_42_comforttemp_20_setbacktemp_15_paper2_final_runs_v4-res1,2022,2,0,9,5,42,20,15,0.0,0.0,0.0,0.0,32.62864803547489,26.62679179127565,5.486232855522326,5.2696710322780245,4.650922965865732,4.692172836959885,20.645560482623495,0.0
./Eplus-env-08-19_thermostat_rbc_eco_year_2023_case_2_rep_0_zone_9_onoffseed_5_tempseed_42_comforttemp_21_setbacktemp_17_paper2_final_runs_v4-res1,2023,2,0,9,5,42,21,17,0.0,0.0,0.0,0.0,0.0,35.44395173765082,29.16365886356605,6.1771681963493865,5.98123130865216,5.125296483448489,18.108693410333093,0.0
./Eplus-env-08-19_thermostat_rbc_eco_year_2023_case_2_rep_0_zone_9_onoffseed_5_tempseed_42_comforttemp_19_setbacktemp_17_paper2_final_runs_v4-res1,2023,2,0,9,5,42,19,17,0.0,0.0,0.0,16.23182427554914,39.41425183046303,5.2696710322780245,5.352170774466329,5.568732597710632,5.609982468804785,4.475611013715582,18.07775600701248,0.0
./Eplus-env-08-19_thermostat_rbc_eco_year_2023_case_12_rep_0_zone_0_onoffseed_15_tempseed_10_comforttemp_20_setbacktemp_17_paper2_final_runs_v4-res1,2023,12,0,0,15,10,20,17,0.0,0.8765597607507477,4.692172836959885,6.032793647519852,6.311230277405383,4.671547901412808,13.334020831184903,29.266783541301432,8.765597607507477,5.826544292049087,20.222749303908426,0.0
./Eplus-env-08-19_thermostat_rbc_eco_year_2022_case_12_rep_0_zone_0_onoffseed_15_tempseed_15_comforttemp_20_setbacktemp_13_paper2_final_runs_v4-res1,2022,12,0,0,15,15,20,13,0.47437351758275753,0.9796844384861298,2.4543673301020936,4.300299061565433,5.166546354542642,5.249046096730948,4.712797772506961,16.778385067546665,25.234608641847995,8.724347736413323,25.358358255130454,0.5671857275446014
./Eplus-env-08-19_thermostat_rbc_eco_year_2023_case_7_rep_0_zone_0_onoffseed_10_tempseed_10_comforttemp_20_setbacktemp_13_paper2_final_runs_v4-res1,2023,7,0,0,10,10,20,13,0.47437351758275753,1.1756213261833557,2.371867587913788,4.186861916056513,4.960296999071878,3.8362380117562136,14.231205527482727,32.308961534495204,9.415283077240383,6.135918325255234,20.635248014849953,0.2681241621119934
./Eplus-env-08-19_thermostat_rbc_eco_year_2023_case_6_rep_0_zone_0_onoffseed_5_tempseed_15_comforttemp_20_setbacktemp_17_paper2_final_runs_v4-res1,2023,6,0,0,5,15,20,17,0.0,0.0,0.0,0.0,0.0,0.0,0.030937403320614624,13.303083427864287,55.903887800350624,9.013096834072394,21.74899453439208,0.0
./Eplus-env-08-19_thermostat_rbc_eco_year_2023_case_4_rep_0_zone_0_onoffseed_10_tempseed_10_comforttemp_20_setbacktemp_13_paper2_final_runs_v4-res1,2023,4,0,0,10,10,20,13,0.010312467773538208,0.06187480664122925,0.247499226564917,0.7321852119212128,2.0728060224811795,4.671547901412808,29.112096524698362,15.809013096834073,8.45622357430133,6.548417036196762,32.27802413117459,0.0
./Eplus-env-08-19_thermostat_rbc_eco_year_2022_case_3_rep_0_zone_0_onoffseed_5_tempseed_42_comforttemp_20_setbacktemp_17_paper2_final_runs_v4-res1,2022,3,0,0,5,42,20,17,0.0,0.0,0.010312467773538208,0.8249974218830567,23.017428070537278,16.427761163246366,8.487160977621945,7.280602248117975,5.805919356502011,5.805919356502011,32.33989893781582,0.0
./Eplus-env-08-19_thermostat_rbc_eco_year_2023_case_8_rep_0_zone_0_onoffseed_15_tempseed_15_comforttemp_20_setbacktemp_13_paper2_final_runs_v4-res1,2023,8,0,0,15,15,20,13,0.030937403320614624,0.1340620810559967,0.38156130762091367,0.7631226152418273,2.3615551201402494,4.465298545942044,7.466226668041662,25.678044756110136,15.716200886872228,7.631226152418273,35.371764463236055,0.0
./Eplus-env-08-19_thermostat_rbc_eco_year_2023_case_14_rep_0_zone_0_onoffseed_15_tempseed_42_comforttemp_20_setbacktemp_17_paper2_final_runs_v4-res1,2023,14,0,0,15,42,20,17,0.0,0.1237496132824585,1.289058471692276,3.733113334020831,16.314324017737444,16.51026090543467,9.992781272558524,7.466226668041662,6.053418583066928,5.424358048881097,33.09270908528411,0.0
./Eplus-env-08-19_thermostat_rbc_eco_year_2023_case_14_rep_0_zone_0_onoffseed_5_tempseed_10_comforttemp_20_setbacktemp_13_paper2_final_runs_v4-res1,2023,14,0,0,5,10,20,13,0.0,0.0,0.0,0.0,0.0,0.31968650097968443,23.677426008043724,22.32649272971022,10.9312158399505,7.064040424873673,35.6811384964422,0.0
./Eplus-env-08-19_thermostat_rbc_eco_year_2022_case_13_rep_0_zone_9_onoffseed_5_tempseed_42_comforttemp_20_setbacktemp_13_paper2_final_runs_v4-res1,2022,13,0,9,5,42,20,13,0.0,0.0,0.09281220996184388,0.6393730019593689,32.61833556770135,11.467464164174487,5.960606373105084,5.527482726616479,5.2902959678251005,5.187171290089719,33.21645869856656,0.0
./Eplus-env-08-19_thermostat_rbc_eco_year_2023_case_13_rep_0_zone_0_onoffseed_10_tempseed_15_comforttemp_20_setbacktemp_17_paper2_final_runs_v4-res1,2023,13,0,0,10,15,20,17,0.0,0.0,0.16499948437661133,0.6084355986387543,1.5056202949365782,3.021553057646695,5.187171290089719,29.246158605754356,16.74744766422605,7.744663297927194,35.773950706404044,0.0
./Eplus-env-08-18_thermostat_rbc_eco_year_2022_case_0_rep_0_zone_0_onoffseed_10_tempseed_42_comforttemp_20_setbacktemp_17_paper2_final_runs_v4-res1,2022,0,0,0,10,42,20,17,0.0,0.9074971640713623,6.826853666082293,5.125296483448489,6.991853150458905,38.72331648963597,6.486542229555532,5.795606888728472,5.053109209033722,5.207796225636795,18.882128493348457,0.0
./Eplus-env-08-18_thermostat_rbc_eco_year_2022_case_10_rep_0_zone_0_onoffseed_5_tempseed_42_comforttemp_20_setbacktemp_13_paper2_final_runs_v4-res1,2022,10,0,0,5,42,20,13,0.0,0.0,0.0,0.0,7.414664329173972,44.49829844281737,8.322161493245334,5.630607404351862,4.898422192430648,5.259358564504486,23.976487573476334,0.0
./Eplus-env-08-18_thermostat_rbc_eco_year_2022_case_0_rep_0_zone_0_onoffseed_15_tempseed_42_comforttemp_20_setbacktemp_15_paper2_final_runs_v4-res1,2022,0,0,0,15,42,20,15,3.4546767041352995,5.145921418995566,5.2696710322780245,4.496235949262658,8.033412395586263,31.78302567804476,6.352480148499535,5.455295452201712,5.341858306692791,4.908734660204187,19.243064865422298,0.5156233886769104
./Eplus-env-08-19_thermostat_rbc_eco_year_2023_case_5_rep_0_zone_0_onoffseed_5_tempseed_42_comforttemp_20_setbacktemp_17_paper2_final_runs_v4-res1,2023,5,0,0,5,42,20,17,0.0,0.0,0.0,0.0,8.45622357430133,48.0973496957822,8.92028462411055,6.300917809631845,5.878106630916778,5.094359080127875,17.25275858512942,0.0
./Eplus-env-08-19_thermostat_rbc_eco_year_2022_case_6_rep_0_zone_0_onoffseed_5_tempseed_15_comforttemp_20_setbacktemp_13_paper2_final_runs_v4-res1,2022,6,0,0,5,15,20,13,0.0,0.0,0.0,0.0,0.010312467773538208,0.020624935547076416,0.17531195215014952,15.221202433742395,52.036712385273795,8.868722285242859,23.667113540270186,0.0
./Eplus-env-08-19_thermostat_rbc_eco_year_2023_case_10_rep_0_zone_9_onoffseed_5_tempseed_42_comforttemp_18_setbacktemp_15_paper2_final_runs_v4-res1,2023,10,0,9,5,42,18,15,0.0,0.0,13.684644735485202,36.2483242239868,3.7743632051149842,4.7746725791481905,4.671547901412808,5.187171290089719,5.7543570176343195,5.527482726616479,20.3774363205115,0.0
./Eplus-env-08-19_thermostat_rbc_eco_year_2022_case_11_rep_0_zone_0_onoffseed_15_tempseed_42_comforttemp_20_setbacktemp_13_paper2_final_runs_v4-res1,2022,11,0,0,15,42,20,13,2.237805506857791,4.166236980509436,5.073734144580798,4.7746725791481905,11.189027534288956,27.193977518820255,6.754666391667525,5.6409198721254,4.908734660204187,5.23873362895741,21.016809322470866,1.8046818603691863
./Eplus-env-08-19_thermostat_rbc_eco_year_2022_case_7_rep_0_zone_0_onoffseed_10_tempseed_10_comforttemp_20_setbacktemp_13_paper2_final_runs_v4-res1,2022,7,0,0,10,10,20,13,0.5671857275446014,1.289058471692276,2.5471795400639374,3.7124883984737544,3.475301639682376,4.114674641641745,15.262452304836547,31.00959059502939,7.620913684644735,6.218418067443539,23.636176136949572,0.546560791997525
./Eplus-env-08-19_thermostat_rbc_eco_year_2023_case_5_rep_0_zone_0_onoffseed_15_tempseed_15_comforttemp_20_setbacktemp_15_paper2_final_runs_v4-res1,2023,5,0,0,15,15,20,15,1.2271836650510468,1.78405692482211,2.8049912344023924,4.527173352583273,6.1668557285758485,5.06342167680726,4.630298030318655,15.778075693513458,29.833969268846033,8.610910590904403,19.377126946478292,0.19593688769722595
./Eplus-env-08-19_thermostat_rbc_eco_year_2023_case_2_rep_0_zone_0_onoffseed_10_tempseed_10_comforttemp_20_setbacktemp_17_paper2_final_runs_v4-res1,2023,2,0,0,10,10,20,17,0.0,0.4434361142621429,3.1246777353820767,4.8056099824688046,5.166546354542642,3.186552542023306,7.259977312570898,43.22986490667217,7.950912653397959,5.609982468804785,19.222439929875218,0.0
./Eplus-env-08-19_thermostat_rbc_eco_year_2023_case_11_rep_0_zone_9_onoffseed_5_tempseed_42_comforttemp_20_setbacktemp_13_paper2_final_runs_v4-res1,2023,11,0,9,5,42,20,13,0.0,0.0,0.0,0.0,3.6609260596060635,15.324327111477775,42.03361864494173,10.147468289161596,5.372795710013406,5.022171805713107,18.438692379086316,0.0
./Eplus-env-08-19_thermostat_rbc_eco_year_2022_case_7_rep_0_zone_0_onoffseed_10_tempseed_10_comforttemp_20_setbacktemp_15_paper2_final_runs_v4-res1,2022,7,0,0,10,10,20,15,0.7734350830153656,1.041559245127359,2.444054862328555,3.4959265752294524,3.825925543982675,3.846550479529751,15.344952047024854,31.58708879034753,8.11591213777457,6.115293389708157,23.244302361555118,0.16499948437661133
./Eplus-env-08-19_thermostat_rbc_eco_year_2023_case_7_rep_0_zone_0_onoffseed_10_tempseed_10_comforttemp_20_setbacktemp_15_paper2_final_runs_v4-res1,2023,7,0,0,10,10,20,15,0.5671857275446014,1.3612457461070435,2.567804475611014,4.176549448282974,4.712797772506961,3.3206146230793028,14.829328658347944,33.08239661751057,9.209033721769618,6.15654326080231,19.985562545117048,0.030937403320614624
./Eplus-env-08-19_thermostat_rbc_eco_year_2022_case_10_rep_0_zone_0_onoffseed_10_tempseed_15_comforttemp_20_setbacktemp_17_paper2_final_runs_v4-res1,2022,10,0,0,10,15,20,17,0.0,0.29906156543260803,2.031556151387027,3.423739300814685,3.764050737341446,3.6093637207383726,3.629988656285449,14.210580591935651,34.75301639682376,8.270599154377642,26.008043724863363,0.0
./Eplus-env-08-19_thermostat_rbc_eco_year_2023_case_10_rep_0_zone_0_onoffseed_10_tempseed_10_comforttemp_20_setbacktemp_15_paper2_final_runs_v4-res1,2023,10,0,0,10,10,20,15,0.5981231308652161,1.340620810559967,2.1656182324430238,3.8671754150768276,5.042796741260184,3.619676188511911,10.590904403423739,36.9495720325874,7.950912653397959,6.393730019593689,21.43962050118593,0.04124987109415283
./Eplus-env-08-19_thermostat_rbc_eco_year_2022_case_10_rep_0_zone_0_onoffseed_10_tempseed_10_comforttemp_20_setbacktemp_13_paper2_final_runs_v4-res1,2022,10,0,0,10,10,20,13,0.45374858203568114,1.2271836650510468,2.6090543467051663,3.764050737341446,3.372176961946994,3.073115396514386,12.787460039187378,34.031143652676086,6.971228214911829,6.094668454161081,25.13148396411261,0.48468598535629576
./Eplus-env-08-19_thermostat_rbc_eco_year_2023_case_6_rep_0_zone_0_onoffseed_5_tempseed_10_comforttemp_20_setbacktemp_13_paper2_final_runs_v4-res1,2023,6,0,0,5,10,20,13,0.0,0.0,0.0,0.0,0.0,0.06187480664122925,11.601526245230485,53.7382695679076,8.97184696297824,5.888419098690316,19.73806331855213,0.0
./Eplus-env-08-19_thermostat_rbc_eco_year_2022_case_13_rep_0_zone_9_onoffseed_5_tempseed_42_comforttemp_19_setbacktemp_17_paper2_final_runs_v4-res1,2022,13,0,9,5,42,19,17,0.0,0.0,0.04124987109415283,27.54460142312055,11.653088584098175,6.455604826234918,5.475920387748788,5.506857791069403,5.156233886769104,5.589357533257709,32.5770856966072,0.0
./Eplus-env-08-19_thermostat_rbc_eco_year_2023_case_13_rep_0_zone_0_onoffseed_5_tempseed_42_comforttemp_20_setbacktemp_15_paper2_final_runs_v4-res1,2023,13,0,0,5,42,20,15,0.0,0.0,0.0,0.41249871094152835,21.43962050118593,19.222439929875218,8.765597607507477,5.991543776425699,5.661544807672476,5.888419098690316,32.61833556770135,0.0
./Eplus-env-08-18_thermostat_rbc_eco_year_2022_case_0_rep_0_zone_0_onoffseed_5_tempseed_15_comforttemp_20_setbacktemp_13_paper2_final_runs_v4-res1,2022,0,0,0,5,15,20,13,0.0,0.0,0.0,0.0,0.0,0.0,0.0,8.291224089924718,60.596060637310515,7.775600701247809,23.337114571516963,0.0
./Eplus-env-08-19_thermostat_rbc_eco_year_2022_case_10_rep_0_zone_9_onoffseed_5_tempseed_42_comforttemp_21_setbacktemp_17_paper2_final_runs_v4-res1,2022,10,0,9,5,42,21,17,0.0,0.0,0.0,0.0,0.0,27.132102712179023,34.093018459317314,5.496545323295865,4.88810972465711,5.166546354542642,23.223677426008045,0.0
./Eplus-env-08-19_thermostat_rbc_eco_year_2022_case_4_rep_0_zone_0_onoffseed_15_tempseed_30_comforttemp_20_setbacktemp_15_paper2_final_runs_v4-res1,2022,4,0,0,15,30,20,15,0.1443745488295349,0.3403114365267609,0.989996906259668,2.4543673301020936,4.877797256883572,20.346498917190882,14.313705269671031,8.239661751057028,6.950603279364752,6.517479632876147,34.81489120346499,0.010312467773538208
./Eplus-env-08-19_thermostat_rbc_eco_year_2022_case_5_rep_0_zone_0_onoffseed_5_tempseed_10_comforttemp_20_setbacktemp_13_paper2_final_runs_v4-res1,2022,5,0,0,5,10,20,13,0.0,0.0,0.0,0.0,0.06187480664122925,0.18562441992368775,11.890275342889552,51.16015262452305,8.126224605548108,6.579354439517377,21.996493760956998,0.0
./Eplus-env-08-19_thermostat_rbc_eco_year_2022_case_5_rep_0_zone_0_onoffseed_10_tempseed_30_comforttemp_20_setbacktemp_13_paper2_final_runs_v4-res1,2022,5,0,0,10,30,20,13,0.8765597607507477,2.1759307002165618,3.39280189749407,3.6609260596060635,3.3103021553057643,12.117149633907394,33.3608332473961,7.342477054759204,6.012168711972775,5.589357533257709,21.06837166133856,1.09312158399505
./Eplus-env-08-19_thermostat_rbc_eco_year_2022_case_11_rep_0_zone_0_onoffseed_10_tempseed_42_comforttemp_20_setbacktemp_17_paper2_final_runs_v4-res1,2022,11,0,0,10,42,20,17,0.0,1.09312158399505,6.04310611529339,5.053109209033722,9.755594513767145,34.928328348973906,6.919665876044137,5.671857275446015,5.022171805713107,5.032484273486645,20.48056099824688,0.0
./Eplus-env-08-19_thermostat_rbc_eco_year_2023_case_11_rep_0_zone_0_onoffseed_5_tempseed_10_comforttemp_20_setbacktemp_15_paper2_final_runs_v4-res1,2023,11,0,0,5,10,20,15,0.0,0.0,0.0,0.0,0.0,0.0,11.756213261833556,51.71702588429411,10.116530885840982,6.73404145612045,19.6761885119109,0.0
./Eplus-env-08-19_thermostat_rbc_eco_year_2022_case_4_rep_0_zone_0_onoffseed_5_tempseed_10_comforttemp_20_setbacktemp_13_paper2_final_runs_v4-res1,2022,4,0,0,5,10,20,13,0.0,0.0,0.0,0.0,0.010312467773538208,0.8765597607507477,26.884603485614107,18.696504073424773,9.755594513767145,7.65185108796535,36.12457461070434,0.0
./Eplus-env-08-19_thermostat_rbc_eco_year_2023_case_3_rep_0_zone_9_onoffseed_5_tempseed_42_comforttemp_18_setbacktemp_13_paper2_final_runs_v4-res1,2023,3,0,9,5,42,18,13,0.0,0.04124987109415283,19.44931422089306,20.707435289264723,6.1668557285758485,4.88810972465711,4.764360111374652,4.166236980509436,4.681860369186346,5.537795194390018,29.596782510054652,0.0
./Eplus-env-08-19_thermostat_rbc_eco_year_2023_case_3_rep_0_zone_0_onoffseed_10_tempseed_30_comforttemp_20_setbacktemp_15_paper2_final_runs_v4-res1,2023,3,0,0,10,30,20,15,0.030937403320614624,0.23718675879137877,0.989996906259668,2.433742394555017,4.630298030318655,30.349592657522944,11.209652469836032,6.703104052799835,5.826544292049087,5.527482726616479,32.06146230793029,0.0
./Eplus-env-08-19_thermostat_rbc_eco_year_2022_case_6_rep_0_zone_0_onoffseed_10_tempseed_30_comforttemp_20_setbacktemp_17_paper2_final_runs_v4-res1,2022,6,0,0,10,30,20,17,0.0,0.5568732597710633,4.599360626998041,5.156233886769104,3.5990512529648346,12.209961843869237,34.31989275033516,6.857791069402907,5.7337320820872435,5.651232339898938,21.315870887903476,0.0
./Eplus-env-08-19_thermostat_rbc_eco_year_2023_case_6_rep_0_zone_0_onoffseed_15_tempseed_15_comforttemp_20_setbacktemp_17_paper2_final_runs_v4-res1,2023,6,0,0,15,15,20,17,0.0,0.5878106630916778,3.7743632051149842,5.06342167680726,6.527792100649686,5.321233371145715,4.073424770547592,15.53057646694854,30.638341755182015,8.095287202227492,20.387748788285037,0.0
./Eplus-env-08-19_thermostat_rbc_eco_year_2022_case_8_rep_0_zone_0_onoffseed_5_tempseed_15_comforttemp_20_setbacktemp_15_paper2_final_runs_v4-res1,2022,8,0,0,5,15,20,15,0.0,0.0,0.0,0.0,0.0,0.04124987109415283,0.742497679694751,34.66020418686192,17.067134165205733,8.889347220789935,38.599566876353514,0.0
./Eplus-env-08-19_thermostat_rbc_eco_year_2022_case_8_rep_0_zone_0_onoffseed_5_tempseed_30_comforttemp_20_setbacktemp_15_paper2_final_runs_v4-res1,2022,8,0,0,5,30,20,15,0.0,0.0,0.0,0.0,0.38156130762091367,26.46179230689904,16.345261421058062,8.311849025471796,7.13622769928844,6.723728988346911,34.63957925131484,0.0
./Eplus-env-08-19_thermostat_rbc_eco_year_2023_case_2_rep_0_zone_9_onoffseed_5_tempseed_42_comforttemp_18_setbacktemp_13_paper2_final_runs_v4-res1,2023,2,0,9,5,42,18,13,0.0,0.0,25.708982159430754,27.132102712179023,4.434361142621429,4.66123543363927,4.465298545942044,5.341858306692791,5.176858822316181,5.259358564504486,17.819944312674025,0.0
./Eplus-env-08-19_thermostat_rbc_eco_year_2023_case_14_rep_0_zone_0_onoffseed_5_tempseed_10_comforttemp_20_setbacktemp_15_paper2_final_runs_v4-res1,2023,14,0,0,5,10,20,15,0.0,0.0,0.0,0.0,0.0,0.31968650097968443,24.0486748478911,23.29586470042281,10.054656079199752,7.476539135815201,34.80457873569145,0.0
./Eplus-env-08-19_thermostat_rbc_eco_year_2023_case_5_rep_0_zone_0_onoffseed_5_tempseed_30_comforttemp_20_setbacktemp_17_paper2_final_runs_v4-res1,2023,5,0,0,5,30,20,17,0.0,0.0,0.0,0.0,0.0,8.332473961018872,53.037021759307,8.837784881922243,6.6927915850262965,4.980921934618954,18.11900587810663,0.0
./Eplus-env-08-19_thermostat_rbc_eco_year_2022_case_5_rep_0_zone_9_onoffseed_5_tempseed_42_comforttemp_18_setbacktemp_17_paper2_final_runs_v4-res1,2022,5,0,9,5,42,18,17,0.0,0.0,12.962771991337526,34.36114262142931,7.445601732494586,5.836856759822625,5.022171805713107,5.125296483448489,4.754047643601114,5.166546354542642,19.325564607610602,0.0
./Eplus-env-08-19_thermostat_rbc_eco_year_2022_case_5_rep_0_zone_0_onoffseed_5_tempseed_42_comforttemp_20_setbacktemp_17_paper2_final_runs_v4-res1,2022,5,0,0,5,42,20,17,0.0,0.0,0.0,0.0,8.1777869444158,46.71547901412808,7.961225121171496,6.280292874084768,5.434670516654635,5.486232855522326,19.944312674022893,0.0
./Eplus-env-08-19_thermostat_rbc_eco_year_2022_case_14_rep_0_zone_0_onoffseed_10_tempseed_10_comforttemp_20_setbacktemp_15_paper2_final_runs_v4-res1,2022,14,0,0,10,10,20,15,0.0,0.09281220996184388,0.1237496132824585,0.47437351758275753,1.3612457461070435,3.16592760647623,11.921212746210168,26.564916984634422,10.271217902444056,7.290914715891512,38.73362895740951,0.0
./Eplus-env-08-19_thermostat_rbc_eco_year_2023_case_9_rep_0_zone_9_onoffseed_5_tempseed_42_comforttemp_18_setbacktemp_15_paper2_final_runs_v4-res1,2023,9,0,9,5,42,18,15,0.0,0.020624935547076416,6.04310611529339,23.92492523460864,8.074662266680416,7.6002887490976585,6.084355986387543,5.7337320820872435,5.084046612354336,5.609982468804785,31.824275549138907,0.0
./Eplus-env-08-19_thermostat_rbc_eco_year_2022_case_2_rep_0_zone_0_onoffseed_15_tempseed_42_comforttemp_20_setbacktemp_13_paper2_final_runs_v4-res1,2022,2,0,0,15,42,20,13,2.248117974631329,3.9393626894915954,4.723110240280499,4.589048159224503,7.919975250077344,30.89615344952047,7.002165618232444,5.341858306692791,5.135608951222028,5.094359080127875,21.274621016809323,1.835619263689801
./Eplus-env-08-19_thermostat_rbc_eco_year_2022_case_2_rep_0_zone_0_onoffseed_15_tempseed_30_comforttemp_20_setbacktemp_13_paper2_final_runs_v4-res1,2022,2,0,0,15,30,20,13,1.185933793956894,3.1556151387026916,4.867484789110034,5.176858822316181,4.764360111374652,9.49778281942869,31.40146437042384,6.837166133855832,5.630607404351862,5.434670516654635,20.965246983603176,1.0828091162215119
./Eplus-env-08-19_thermostat_rbc_eco_year_2023_case_1_rep_0_zone_0_onoffseed_15_tempseed_10_comforttemp_20_setbacktemp_15_paper2_final_runs_v4-res1,2023,1,0,0,15,10,20,15,1.443745488295349,2.1656182324430238,3.702175930700217,5.609982468804785,6.022481179746313,4.217799319377127,8.435598638754254,36.69176033824894,6.878416004949985,5.950293905331546,18.73775394451892,0.1443745488295349
./Eplus-env-08-19_thermostat_rbc_eco_year_2022_case_7_rep_0_zone_0_onoffseed_5_tempseed_10_comforttemp_20_setbacktemp_17_paper2_final_runs_v4-res1,2022,7,0,0,5,10,20,17,0.0,0.0,0.0,0.0,0.0,0.010312467773538208,12.065587295039704,48.69547282664742,8.909972156337012,6.352480148499535,23.966175105702796,0.0
./Eplus-env-08-19_thermostat_rbc_eco_year_2022_case_4_rep_0_zone_9_onoffseed_5_tempseed_42_comforttemp_19_setbacktemp_15_paper2_final_runs_v4-res1,2022,4,0,9,5,42,19,15,0.0,0.010312467773538208,0.17531195215014952,21.71805713107147,15.314014643704239,7.672476023512427,5.609982468804785,5.496545323295865,5.939981437558008,6.084355986387543,31.97896256574198,0.0
./Eplus-env-08-19_thermostat_rbc_eco_year_2022_case_6_rep_0_zone_0_onoffseed_5_tempseed_42_comforttemp_20_setbacktemp_13_paper2_final_runs_v4-res1,2022,6,0,0,5,42,20,13,0.0,0.0,0.0,0.0,8.600598123130865,44.890172218211816,8.136537073321644,6.38341755182015,5.23873362895741,5.2799835000515625,21.47055790450655,0.0
./Eplus-env-08-19_thermostat_rbc_eco_year_2023_case_5_rep_0_zone_0_onoffseed_5_tempseed_15_comforttemp_20_setbacktemp_17_paper2_final_runs_v4-res1,2023,5,0,0,5,15,20,17,0.0,0.0,0.0,0.0,0.0,0.0,0.07218727441476745,12.839022378055068,57.35794575641952,8.889347220789935,20.84149737032072,0.0
./Eplus-env-08-19_thermostat_rbc_eco_year_2022_case_5_rep_0_zone_0_onoffseed_15_tempseed_30_comforttemp_20_setbacktemp_17_paper2_final_runs_v4-res1,2022,5,0,0,15,30,20,17,0.0,1.2581210683716613,7.878725378983191,5.826544292049087,5.032484273486645,10.797153758894504,30.56615448076725,7.012478086005982,5.455295452201712,5.857481695369702,20.31556151387027,0.0
./Eplus-env-08-19_thermostat_rbc_eco_year_2023_case_7_rep_0_zone_9_onoffseed_5_tempseed_42_comforttemp_20_setbacktemp_15_paper2_final_runs_v4-res1,2023,7,0,9,5,42,20,15,0.0,0.0,0.0,0.0,30.56615448076725,27.79210064968547,5.795606888728472,5.486232855522326,5.630607404351862,5.197483757863257,19.531813963081365,0.0
./Eplus-env-08-19_thermostat_rbc_eco_year_2022_case_13_rep_0_zone_0_onoffseed_5_tempseed_42_comforttemp_20_setbacktemp_17_paper2_final_runs_v4-res1,2022,13,0,0,5,42,20,17,0.0,0.0,0.0,0.23718675879137877,21.00649685469733,16.376198824378672,8.22934928328349,6.661854181705682,6.362792616273075,6.290605341858306,34.83551613901207,0.0
./Eplus-env-08-19_thermostat_rbc_eco_year_2022_case_5_rep_0_zone_0_onoffseed_10_tempseed_42_comforttemp_20_setbacktemp_13_paper2_final_runs_v4-res1,2022,5,0,0,10,42,20,13,1.732494585954419,2.8668660410436217,3.671238527379602,3.4546767041352995,10.529029596782511,33.61864494173455,6.754666391667525,6.063731050840466,5.022171805713107,5.372795710013406,19.717438383005053,1.1962462617304321
./Eplus-env-08-19_thermostat_rbc_eco_year_2023_case_6_rep_0_zone_0_onoffseed_15_tempseed_30_comforttemp_20_setbacktemp_15_paper2_final_runs_v4-res1,2023,6,0,0,15,30,20,15,1.7634319892750334,3.372176961946994,4.712797772506961,6.6515417139321436,5.372795710013406,10.714654016706197,28.895534701454057,8.311849025471796,6.517479632876147,5.166546354542642,18.273692894709704,0.247499226564917
./Eplus-env-08-19_thermostat_rbc_eco_year_2023_case_2_rep_0_zone_0_onoffseed_10_tempseed_15_comforttemp_20_setbacktemp_13_paper2_final_runs_v4-res1,2023,2,0,0,10,15,20,13,0.27843662988553164,0.7940600185624419,1.639682375992575,3.475301639682376,4.310611529338971,4.3312364648860475,3.073115396514386,10.095905950293906,43.508301536557695,7.373414458079819,21.047746725791484,0.07218727441476745
./Eplus-env-08-19_thermostat_rbc_eco_year_2023_case_6_rep_0_zone_0_onoffseed_5_tempseed_30_comforttemp_20_setbacktemp_15_paper2_final_runs_v4-res1,2023,6,0,0,5,30,20,15,0.0,0.0,0.0,0.0,0.0,9.755594513767145,49.67515726513355,9.219346189543158,6.713416520573373,5.558420129937094,19.078065381045683,0.0
./Eplus-env-08-19_thermostat_rbc_eco_year_2022_case_6_rep_0_zone_0_onoffseed_10_tempseed_30_comforttemp_20_setbacktemp_13_paper2_final_runs_v4-res1,2022,6,0,0,10,30,20,13,1.000309374033206,1.9696813447457977,3.3206146230793028,3.7846756728885227,3.27936475198515,13.282458492317211,33.18552129524595,6.899040940497062,5.496545323295865,5.352170774466329,21.532432711147777,0.897184696297824
./Eplus-env-08-19_thermostat_rbc_eco_year_2023_case_9_rep_0_zone_0_onoffseed_5_tempseed_30_comforttemp_20_setbacktemp_15_paper2_final_runs_v4-res1,2023,9,0,0,5,30,20,15,0.0,0.0,0.0,0.0,0.16499948437661133,19.098690316592762,21.924306486542232,11.684025987418789,7.559038878003506,6.208105599670001,33.3608332473961,0.0
./Eplus-env-08-19_thermostat_rbc_eco_year_2022_case_9_rep_0_zone_0_onoffseed_15_tempseed_30_comforttemp_20_setbacktemp_15_paper2_final_runs_v4-res1,2022,9,0,0,15,30,20,15,0.1237496132824585,0.2681241621119934,0.7218727441476745,2.237805506857791,3.959987625038672,17.170258842941116,16.24213674332268,8.146849541095184,7.693100959059502,6.6412292461586055,36.753635144890175,0.04124987109415283
./Eplus-env-08-19_thermostat_rbc_eco_year_2023_case_7_rep_0_zone_9_onoffseed_5_tempseed_42_comforttemp_19_setbacktemp_15_paper2_final_runs_v4-res1,2023,7,0,9,5,42,19,15,0.0,0.0,0.0,24.553985768794472,30.64865422295555,5.114984015674951,5.145921418995566,5.145921418995566,5.455295452201712,4.8571723213364955,19.078065381045683,0.0
./Eplus-env-08-19_thermostat_rbc_eco_year_2022_case_2_rep_0_zone_0_onoffseed_5_tempseed_30_comforttemp_20_setbacktemp_13_paper2_final_runs_v4-res1,2022,2,0,0,5,30,20,13,0.0,0.0,0.0,0.0,0.0,6.826853666082293,51.01577807569352,8.394348767660102,6.300917809631845,5.506857791069403,21.955243889862842,0.0
./Eplus-env-08-19_thermostat_rbc_eco_year_2023_case_1_rep_0_zone_0_onoffseed_10_tempseed_15_comforttemp_20_setbacktemp_15_paper2_final_runs_v4-res1,2023,1,0,0,10,15,20,15,0.45374858203568114,0.9487470351655151,2.000618748066412,3.031865525420233,4.630298030318655,4.3518614004331235,2.7121790244405486,9.394658141693307,45.55017015571826,7.352789522532742,19.55243889862844,0.020624935547076416
./Eplus-env-08-19_thermostat_rbc_eco_year_2022_case_1_rep_0_zone_0_onoffseed_5_tempseed_15_comforttemp_20_setbacktemp_15_paper2_final_runs_v4-res1,2022,1,0,0,5,15,20,15,0.0,0.0,0.0,0.0,0.0,0.0,0.0,8.34278642879241,59.60606373105084,8.188099412189336,23.863050427967416,0.0
./Eplus-env-08-19_thermostat_rbc_eco_year_2023_case_1_rep_0_zone_0_onoffseed_10_tempseed_10_comforttemp_20_setbacktemp_15_paper2_final_runs_v4-res1,2023,1,0,0,10,10,20,15,0.6806228730535218,1.6809322470867278,2.536867072290399,4.032174899453439,4.723110240280499,3.0937403320614623,7.620913684644735,42.56986696916572,7.899350314530267,5.939981437558008,19.201814994328142,0.020624935547076416
./Eplus-env-08-19_thermostat_rbc_eco_year_2022_case_6_rep_0_zone_0_onoffseed_5_tempseed_30_comforttemp_20_setbacktemp_17_paper2_final_runs_v4-res1,2022,6,0,0,5,30,20,17,0.0,0.0,0.0,0.0,0.010312467773538208,9.477157883881612,49.81953181396308,7.713725894606579,5.847169227596163,5.46560791997525,21.666494792203775,0.0
./Eplus-env-08-19_thermostat_rbc_eco_year_2023_case_10_rep_0_zone_0_onoffseed_5_tempseed_15_comforttemp_20_setbacktemp_13_paper2_final_runs_v4-res1,2023,10,0,0,5,15,20,13,0.0,0.0,0.0,0.0,0.0,0.0,0.0,11.549963906362793,55.893575332577086,8.868722285242859,23.687738475817262,0.0
./Eplus-env-08-19_thermostat_rbc_eco_year_2023_case_7_rep_0_zone_9_onoffseed_5_tempseed_42_comforttemp_19_setbacktemp_17_paper2_final_runs_v4-res1,2023,7,0,9,5,42,19,17,0.0,0.0,0.0,17.25275858512942,37.04238424254924,5.537795194390018,5.403733113334021,5.878106630916778,5.135608951222028,5.073734144580798,18.675879137877693,0.0
./Eplus-env-08-19_thermostat_rbc_eco_year_2023_case_7_rep_0_zone_9_onoffseed_5_tempseed_42_comforttemp_18_setbacktemp_17_paper2_final_runs_v4-res1,2023,7,0,9,5,42,18,17,0.0,0.0,13.034959265752294,35.866762916365886,5.403733113334021,5.548107662163556,4.8571723213364955,5.599670001031247,5.46560791997525,5.073734144580798,19.150252655460452,0.0
./Eplus-env-08-19_thermostat_rbc_eco_year_2023_case_7_rep_0_zone_0_onoffseed_15_tempseed_30_comforttemp_20_setbacktemp_17_paper2_final_runs_v4-res1,2023,7,0,0,15,30,20,17,0.0,1.0209343095802825,6.940290811591214,7.435289264721049,5.919356502010931,10.24028049912344,29.699907187790036,7.517789006909354,6.6515417139321436,5.2902959678251005,19.284314736516446,0.0
./Eplus-env-08-19_thermostat_rbc_eco_year_2022_case_13_rep_0_zone_0_onoffseed_5_tempseed_10_comforttemp_20_setbacktemp_13_paper2_final_runs_v4-res1,2022,13,0,0,5,10,20,13,0.0,0.0,0.0,0.0,0.0,0.47437351758275753,31.236464886047234,15.974012581210683,8.51809838094256,7.177477570382592,36.619573063834174,0.0
./Eplus-env-08-19_thermostat_rbc_eco_year_2023_case_13_rep_0_zone_0_onoffseed_5_tempseed_42_comforttemp_20_setbacktemp_13_paper2_final_runs_v4-res1,2023,13,0,0,5,42,20,13,0.0,0.0,0.0,0.38156130762091367,21.790244405486234,18.675879137877693,9.415283077240383,6.6102918428379915,5.2902959678251005,5.764669485407858,32.07177477570383,0.0
./Eplus-env-08-19_thermostat_rbc_eco_year_2023_case_1_rep_0_zone_9_onoffseed_5_tempseed_42_comforttemp_21_setbacktemp_17_paper2_final_runs_v4-res1,2023,1,0,9,5,42,21,17,0.0,0.0,0.0,0.0,0.0,32.96895947200165,33.639269877281635,6.04310611529339,5.506857791069403,5.094359080127875,16.74744766422605,0.0
./Eplus-env-08-19_thermostat_rbc_eco_year_2022_case_10_rep_0_zone_0_onoffseed_15_tempseed_42_comforttemp_20_setbacktemp_13_paper2_final_runs_v4-res1,2022,10,0,0,15,42,20,13,2.0934309580282564,3.753738269567908,4.7746725791481905,4.568423223677426,9.343095802825616,27.204289986593793,6.661854181705682,5.331545838919253,4.88810972465711,5.310920903372177,24.52304836547386,1.5468701660307311
./Eplus-env-08-19_thermostat_rbc_eco_year_2022_case_10_rep_0_zone_0_onoffseed_5_tempseed_10_comforttemp_20_setbacktemp_13_paper2_final_runs_v4-res1,2022,10,0,0,5,10,20,13,0.0,0.0,0.0,0.0,0.0,0.0,10.518717129008971,49.07703413426833,8.002474992265649,6.496854697329072,25.90491904712798,0.0
./Eplus-env-08-19_thermostat_rbc_eco_year_2022_case_1_rep_0_zone_0_onoffseed_15_tempseed_15_comforttemp_20_setbacktemp_17_paper2_final_runs_v4-res1,2022,1,0,0,15,15,20,17,0.0,0.742497679694751,4.300299061565433,5.125296483448489,5.46560791997525,4.506548417036197,4.599360626998041,10.498092193461895,35.629576157574505,7.404351861400434,21.728369598845003,0.0
./Eplus-env-08-19_thermostat_rbc_eco_year_2023_case_1_rep_0_zone_0_onoffseed_15_tempseed_30_comforttemp_20_setbacktemp_17_paper2_final_runs_v4-res1,2023,1,0,0,15,30,20,17,0.0,1.2168711972775086,7.961225121171496,7.208414973703207,5.2902959678251005,6.816541198308755,34.66020418686192,7.311539651438589,6.001856244199237,5.259358564504486,18.273692894709704,0.0
./Eplus-env-08-19_thermostat_rbc_eco_year_2023_case_3_rep_0_zone_0_onoffseed_15_tempseed_15_comforttemp_20_setbacktemp_15_paper2_final_runs_v4-res1,2023,3,0,0,15,15,20,15,0.0,0.1340620810559967,0.43312364648860474,1.09312158399505,2.7637413633082395,5.032484273486645,7.466226668041662,30.875528513973393,10.86934103330927,7.569351345777045,33.7630194905641,0.0
./Eplus-env-08-19_thermostat_rbc_eco_year_2023_case_2_rep_0_zone_0_onoffseed_10_tempseed_42_comforttemp_20_setbacktemp_17_paper2_final_runs_v4-res1,2023,2,0,0,10,42,20,17,0.0,0.7012478086005981,6.208105599670001,6.311230277405383,6.899040940497062,37.650819841187996,7.1156027637413635,6.001856244199237,6.146230793028772,5.2696710322780245,17.696194699391565,0.0
./Eplus-env-08-19_thermostat_rbc_eco_year_2022_case_2_rep_0_zone_0_onoffseed_5_tempseed_42_comforttemp_20_setbacktemp_15_paper2_final_runs_v4-res1,2022,2,0,0,5,42,20,15,0.0,0.0,0.0,0.0,5.774981953181396,47.84985046921728,8.476848509848407,5.764669485407858,5.486232855522326,5.156233886769104,21.491182840053625,0.0
./Eplus-env-08-19_thermostat_rbc_eco_year_2023_case_3_rep_0_zone_0_onoffseed_15_tempseed_30_comforttemp_20_setbacktemp_13_paper2_final_runs_v4-res1,2023,3,0,0,15,30,20,13,0.20624935547076417,0.48468598535629576,1.289058471692276,3.3515520263999177,6.1668557285758485,26.709291533463958,11.694338455192327,6.5999793750644535,5.702794678766629,5.599670001031247,32.16458698566567,0.030937403320614624
./Eplus-env-08-19_thermostat_rbc_eco_year_2023_case_3_rep_0_zone_0_onoffseed_15_tempseed_30_comforttemp_20_setbacktemp_17_paper2_final_runs_v4-res1,2023,3,0,0,15,30,20,17,0.0,0.2578116943384552,1.5056202949365782,3.7846756728885227,6.496854697329072,27.049602969990723,11.178715066515418,6.764978859441065,5.537795194390018,5.774981953181396,31.64896359698876,0.0
./Eplus-env-08-19_thermostat_rbc_eco_year_2023_case_9_rep_0_zone_0_onoffseed_10_tempseed_30_comforttemp_20_setbacktemp_17_paper2_final_runs_v4-res1,2023,9,0,0,10,30,20,17,0.0,0.020624935547076416,0.3712488398473755,1.1962462617304321,3.269052284211612,20.181499432814274,18.603691863462927,9.817469320408375,6.909353408270599,5.939981437558008,33.690832216149325,0.0
./Eplus-env-08-19_thermostat_rbc_eco_year_2022_case_4_rep_0_zone_0_onoffseed_5_tempseed_30_comforttemp_20_setbacktemp_13_paper2_final_runs_v4-res1,2022,4,0,0,5,30,20,13,0.0,0.0,0.0,0.030937403320614624,0.6290605341858306,20.532123337114573,19.872125399608127,9.312158399505002,7.631226152418273,6.754666391667525,35.23770238218006,0.0
./Eplus-env-08-19_thermostat_rbc_eco_year_2023_case_3_rep_0_zone_0_onoffseed_15_tempseed_30_comforttemp_20_setbacktemp_15_paper2_final_runs_v4-res1,2023,3,0,0,15,30,20,15,0.10312467773538209,0.4021862431679901,1.5778075693513458,3.4959265752294524,6.04310611529339,27.204289986593793,12.003712488398474,6.5999793750644535,5.331545838919253,5.424358048881097,31.803650613591834,0.010312467773538208
./Eplus-env-08-19_thermostat_rbc_eco_year_2023_case_3_rep_0_zone_9_onoffseed_5_tempseed_42_comforttemp_20_setbacktemp_13_paper2_final_runs_v4-res1,2023,3,0,9,5,42,20,13,0.0,0.0,0.06187480664122925,1.0724966484479737,38.36238011756213,8.507785913169021,5.568732597710632,4.475611013715582,4.640610498092194,5.7131071465401675,31.597401258121067,0.0
./Eplus-env-08-19_thermostat_rbc_eco_year_2022_case_14_rep_0_zone_9_onoffseed_5_tempseed_42_comforttemp_19_setbacktemp_13_paper2_final_runs_v4-res1,2022,14,0,9,5,42,19,13,0.020624935547076416,0.07218727441476745,0.494998453129834,12.60183561926369,21.449932968959473,7.806538104568424,5.991543776425699,5.939981437558008,6.063731050840466,5.919356502010931,33.639269877281635,0.0
./Eplus-env-08-19_thermostat_rbc_eco_year_2023_case_6_rep_0_zone_9_onoffseed_5_tempseed_42_comforttemp_19_setbacktemp_15_paper2_final_runs_v4-res1,2023,6,0,9,5,42,19,15,0.0,0.0,0.0,20.47024853047334,36.10394967515727,5.816231824275549,5.042796741260184,5.259358564504486,4.898422192430648,5.053109209033722,17.355883262864804,0.0
./Eplus-env-08-19_thermostat_rbc_eco_year_2022_case_14_rep_0_zone_0_onoffseed_15_tempseed_42_comforttemp_20_setbacktemp_13_paper2_final_runs_v4-res1,2022,14,0,0,15,42,20,13,0.20624935547076417,0.5156233886769104,1.5262452304836547,3.4340517685882235,14.447767350727029,15.778075693513458,9.559657626069919,6.981540682685367,6.548417036196762,6.290605341858306,34.629266783541304,0.08249974218830566
./Eplus-env-08-19_thermostat_rbc_eco_year_2023_case_3_rep_0_zone_0_onoffseed_15_tempseed_15_comforttemp_20_setbacktemp_17_paper2_final_runs_v4-res1,2023,3,0,0,15,15,20,17,0.0,0.06187480664122925,0.3712488398473755,1.0724966484479737,2.825616169949469,5.444982984428174,7.693100959059502,30.43209239971125,10.910590904403424,7.321852119212127,33.86614416829947,0.0
./Eplus-env-08-19_thermostat_rbc_eco_year_2022_case_3_rep_0_zone_9_onoffseed_5_tempseed_42_comforttemp_19_setbacktemp_15_paper2_final_runs_v4-res1,2022,3,0,9,5,42,19,15,0.0,0.0,0.0,5.661544807672476,32.96895947200165,7.414664329173972,5.847169227596163,5.310920903372177,5.496545323295865,5.372795710013406,31.92740022687429,0.0
./Eplus-env-08-19_thermostat_rbc_eco_year_2023_case_4_rep_0_zone_0_onoffseed_10_tempseed_15_comforttemp_20_setbacktemp_15_paper2_final_runs_v4-res1,2023,4,0,0,10,15,20,15,0.0,0.020624935547076416,0.1546870166030731,0.41249871094152835,1.247808600598123,3.0112405898731565,5.774981953181396,30.658966690729088,15.47901412808085,8.188099412189336,35.05207796225637,0.0
./Eplus-env-08-19_thermostat_rbc_eco_year_2022_case_4_rep_0_zone_9_onoffseed_5_tempseed_42_comforttemp_21_setbacktemp_13_paper2_final_runs_v4-res1,2022,4,0,9,5,42,21,13,0.020624935547076416,0.20624935547076417,0.7012478086005981,1.392183149427658,2.99061565432608,32.73177271321027,9.972156337011446,6.146230793028772,6.362792616273075,6.1771681963493865,33.29895844075487,0.0
./Eplus-env-08-19_thermostat_rbc_eco_year_2022_case_8_rep_0_zone_0_onoffseed_10_tempseed_15_comforttemp_20_setbacktemp_15_paper2_final_runs_v4-res1,2022,8,0,0,10,15,20,15,0.07218727441476745,0.09281220996184388,0.18562441992368775,0.5774981953181396,1.4231205527482726,2.9596782510054656,5.888419098690316,27.709600907497162,15.571826338042694,8.621223058677941,36.84644735485202,0.05156233886769104
./Eplus-env-08-18_thermostat_rbc_eco_year_2022_case_0_rep_0_zone_9_onoffseed_5_tempseed_42_comforttemp_21_setbacktemp_15_paper2_final_runs_v4-res1,2022,0,0,9,5,42,21,15,0.0,0.0,0.0,0.0,0.0,36.165824481798495,28.101474682891613,5.46560791997525,5.001546870166031,5.568732597710632,19.696813447457977,0.0
./Eplus-env-08-19_thermostat_rbc_eco_year_2022_case_3_rep_0_zone_9_onoffseed_5_tempseed_42_comforttemp_18_setbacktemp_13_paper2_final_runs_v4-res1,2022,3,0,9,5,42,18,13,0.010312467773538208,0.1546870166030731,27.0702279055378,8.765597607507477,5.929668969784469,5.341858306692791,5.372795710013406,4.970609466845416,5.084046612354336,4.970609466845416,32.32958647004228,0.0
./Eplus-env-08-19_thermostat_rbc_eco_year_2022_case_3_rep_0_zone_0_onoffseed_5_tempseed_10_comforttemp_20_setbacktemp_15_paper2_final_runs_v4-res1,2022,3,0,0,5,10,20,15,0.0,0.0,0.0,0.0,0.0,0.9693719707125915,33.95895637826132,13.839331752088274,8.538723316489635,7.414664329173972,35.27895225327421,0.0
./Eplus-env-08-18_thermostat_rbc_eco_year_2022_case_0_rep_0_zone_0_onoffseed_10_tempseed_30_comforttemp_20_setbacktemp_15_paper2_final_runs_v4-res1,2022,0,0,0,10,30,20,15,1.4334330205218109,2.6606166855728577,3.671238527379602,3.6093637207383726,3.134990203155615,7.744663297927194,40.05362483242239,6.929978343817676,5.7131071465401675,5.548107662163556,19.325564607610602,0.17531195215014952
./Eplus-env-08-19_thermostat_rbc_eco_year_2022_case_13_rep_0_zone_0_onoffseed_15_tempseed_10_comforttemp_20_setbacktemp_15_paper2_final_runs_v4-res1,2022,13,0,0,15,10,20,15,0.1237496132824585,0.247499226564917,0.5878106630916778,1.9284314736516448,3.186552542023306,6.311230277405383,23.213364958234507,14.633391770650716,7.76528823347427,6.661854181705682,35.32020212436836,0.020624935547076416
./Eplus-env-08-19_thermostat_rbc_eco_year_2023_case_12_rep_0_zone_0_onoffseed_10_tempseed_15_comforttemp_20_setbacktemp_15_paper2_final_runs_v4-res1,2023,12,0,0,10,15,20,15,0.23718675879137877,0.4434361142621429,1.103434051768588,2.495617201196246,3.3515520263999177,4.650922965865732,3.6609260596060635,4.8468598535629575,24.193049396720635,31.97896256574198,23.038053006084354,0.0
./Eplus-env-08-19_thermostat_rbc_eco_year_2022_case_6_rep_0_zone_0_onoffseed_5_tempseed_30_comforttemp_20_setbacktemp_15_paper2_final_runs_v4-res1,2022,6,0,0,5,30,20,15,0.0,0.0,0.0,0.0,0.04124987109415283,10.786841291120965,48.28297411570589,8.146849541095184,6.135918325255234,5.321233371145715,21.28493348458286,0.0
./Eplus-env-08-19_thermostat_rbc_eco_year_2023_case_14_rep_0_zone_0_onoffseed_10_tempseed_10_comforttemp_20_setbacktemp_15_paper2_final_runs_v4-res1,2023,14,0,0,10,10,20,15,0.0,0.030937403320614624,0.18562441992368775,0.6084355986387543,1.9696813447457977,4.186861916056513,22.543054552954523,19.521501495307827,8.982159430751778,6.589666907290914,35.38207693100959,0.0
./Eplus-env-08-19_thermostat_rbc_eco_year_2023_case_14_rep_0_zone_0_onoffseed_10_tempseed_30_comforttemp_20_setbacktemp_15_paper2_final_runs_v4-res1,2023,14,0,0,10,30,20,15,0.0,0.10312467773538209,0.3093740332061462,1.3509332783335053,3.3618644941734557,19.55243889862844,18.696504073424773,9.972156337011446,7.445601732494586,6.208105599670001,32.999896875322264,0.0
./Eplus-env-08-19_thermostat_rbc_eco_year_2023_case_1_rep_0_zone_0_onoffseed_5_tempseed_10_comforttemp_20_setbacktemp_17_paper2_final_runs_v4-res1,2023,1,0,0,5,10,20,17,0.0,0.0,0.0,0.0,0.0,0.0,6.125605857481696,59.74012581210684,8.940909559657625,6.496854697329072,18.696504073424773,0.0
./Eplus-env-08-19_thermostat_rbc_eco_year_2023_case_12_rep_0_zone_9_onoffseed_5_tempseed_42_comforttemp_20_setbacktemp_15_paper2_final_runs_v4-res1,2023,12,0,9,5,42,20,15,0.0,0.0,0.0,0.0,31.195215014953074,27.709600907497162,6.012168711972775,5.898731566463855,5.764669485407858,4.640610498092194,18.779003815613077,0.0
./Eplus-env-08-19_thermostat_rbc_eco_year_2022_case_2_rep_0_zone_0_onoffseed_5_tempseed_30_comforttemp_20_setbacktemp_15_paper2_final_runs_v4-res1,2022,2,0,0,5,30,20,15,0.0,0.0,0.0,0.0,0.0,6.527792100649686,51.61390120655873,8.064349798906878,5.98123130865216,5.218108693410333,22.594616891822213,0.0
./Eplus-env-08-19_thermostat_rbc_eco_year_2023_case_3_rep_0_zone_9_onoffseed_5_tempseed_42_comforttemp_20_setbacktemp_15_paper2_final_runs_v4-res1,2023,3,0,9,5,42,20,15,0.0,0.0,0.0,0.16499948437661133,40.25987418789316,8.837784881922243,5.909044034237393,4.908734660204187,4.7952975146952665,4.8365473857894195,30.28771785088172,0.0
./Eplus-env-08-19_thermostat_rbc_eco_year_2023_case_3_rep_0_zone_0_onoffseed_5_tempseed_30_comforttemp_20_setbacktemp_17_paper2_final_runs_v4-res1,2023,3,0,0,5,30,20,17,0.0,0.0,0.0,0.0,1.0724966484479737,30.44240486748479,16.149324533360833,7.785913169021347,5.86779416314324,5.909044034237393,32.77302258430442,0.0
./Eplus-env-08-19_thermostat_rbc_eco_year_2023_case_3_rep_0_zone_0_onoffseed_5_tempseed_15_comforttemp_20_setbacktemp_17_paper2_final_runs_v4-res1,2023,3,0,0,5,15,20,17,0.0,0.0,0.0,0.0,0.0,0.0,1.4231205527482726,41.99236877384758,13.437145508920285,8.095287202227492,35.05207796225637,0.0
./Eplus-env-08-19_thermostat_rbc_eco_year_2022_case_7_rep_0_zone_0_onoffseed_10_tempseed_30_comforttemp_20_setbacktemp_17_paper2_final_runs_v4-res1,2022,7,0,0,10,30,20,17,0.0,0.5671857275446014,4.8365473857894195,5.310920903372177,3.3515520263999177,12.488398473754769,33.26802103743426,7.342477054759204,5.620294936578323,5.3006084355986385,21.913994018768694,0.0
./Eplus-env-08-19_thermostat_rbc_eco_year_2022_case_5_rep_0_zone_9_onoffseed_5_tempseed_42_comforttemp_21_setbacktemp_13_paper2_final_runs_v4-res1,2022,5,0,9,5,42,21,13,0.0,0.0,0.0,0.0,0.0,4.3518614004331235,14.746828916159638,42.69361658244818,12.075899762813242,5.537795194390018,20.5939981437558,0.0
./Eplus-env-08-19_thermostat_rbc_eco_year_2022_case_8_rep_0_zone_0_onoffseed_15_tempseed_10_comforttemp_20_setbacktemp_17_paper2_final_runs_v4-res1,2022,8,0,0,15,10,20,17,0.010312467773538208,0.22687429101784057,0.8662472929772095,1.443745488295349,3.4031143652676086,6.661854181705682,22.027431164277612,14.014643704238425,8.095287202227492,6.6515417139321436,36.5989481282871,0.0
./Eplus-env-08-19_thermostat_rbc_eco_year_2022_case_12_rep_0_zone_0_onoffseed_5_tempseed_15_comforttemp_20_setbacktemp_15_paper2_final_runs_v4-res1,2022,12,0,0,5,15,20,15,0.0,0.0,0.0,0.0,0.0,0.0,0.010312467773538208,16.139012065587295,49.0151593276271,9.054346705166546,25.78116943384552,0.0
./Eplus-env-08-19_thermostat_rbc_eco_year_2023_case_10_rep_0_zone_0_onoffseed_15_tempseed_10_comforttemp_20_setbacktemp_13_paper2_final_runs_v4-res1,2023,10,0,0,15,10,20,13,0.8456223574301331,1.6706197793131896,3.423739300814685,5.816231824275549,6.1874806641229245,4.475611013715582,9.961843869237908,30.793028771785085,7.858100443436114,6.5587295039703,21.955243889862842,0.45374858203568114
./Eplus-env-08-19_thermostat_rbc_eco_year_2023_case_11_rep_0_zone_9_onoffseed_5_tempseed_42_comforttemp_20_setbacktemp_15_paper2_final_runs_v4-res1,2023,11,0,9,5,42,20,15,0.0,0.0,0.0,0.0,29.998968753222645,30.081468495410952,5.86779416314324,6.135918325255234,5.805919356502011,4.991234402392492,17.118696504073423,0.0
./Eplus-env-08-19_thermostat_rbc_eco_year_2023_case_9_rep_0_zone_0_onoffseed_15_tempseed_10_comforttemp_20_setbacktemp_13_paper2_final_runs_v4-res1,2023,9,0,0,15,10,20,13,0.010312467773538208,0.11343714550892028,0.29906156543260803,0.8662472929772095,2.8668660410436217,5.898731566463855,20.501185933793955,18.913065896669075,9.394658141693307,6.33185521295246,34.80457873569145,0.0
./Eplus-env-08-19_thermostat_rbc_eco_year_2022_case_8_rep_0_zone_0_onoffseed_10_tempseed_30_comforttemp_20_setbacktemp_17_paper2_final_runs_v4-res1,2022,8,0,0,10,30,20,17,0.010312467773538208,0.05156233886769104,0.8146849541095184,2.0624935547076415,4.042487367226977,24.03836238011756,13.973393833144272,7.744663297927194,6.259667938537692,6.063731050840466,34.938640816747444,0.0
./Eplus-env-08-19_thermostat_rbc_eco_year_2022_case_9_rep_0_zone_0_onoffseed_15_tempseed_30_comforttemp_20_setbacktemp_13_paper2_final_runs_v4-res1,2022,9,0,0,15,30,20,13,0.11343714550892028,0.20624935547076417,0.6806228730535218,2.3099927812725585,4.269361658244818,16.72682272867897,16.90213468082912,8.590285655357327,7.1156027637413635,7.146540167061978,35.825513045271734,0.11343714550892028
./Eplus-env-08-18_thermostat_rbc_eco_year_2022_case_0_rep_0_zone_0_onoffseed_5_tempseed_10_comforttemp_20_setbacktemp_17_paper2_final_runs_v4-res1,2022,0,0,0,5,10,20,17,0.0,0.0,0.0,0.0,0.0,0.0,7.053727957100134,57.07950912653398,8.11591213777457,6.38341755182015,21.367433226771166,0.0
./Eplus-env-08-18_thermostat_rbc_eco_year_2023_case_0_rep_0_zone_0_onoffseed_5_tempseed_10_comforttemp_20_setbacktemp_13_paper2_final_runs_v4-res1,2023,0,0,0,5,10,20,13,0.0,0.0,0.0,0.0,0.0,0.0,6.775291327214602,60.89512220274311,8.590285655357327,6.311230277405383,17.428070537279574,0.0
./Eplus-env-08-18_thermostat_rbc_eco_year_2022_case_0_rep_0_zone_0_onoffseed_5_tempseed_10_comforttemp_20_setbacktemp_15_paper2_final_runs_v4-res1,2022,0,0,0,5,10,20,15,0.0,0.0,0.0,0.0,0.0,0.0,7.13622769928844,58.51294214705579,8.126224605548108,6.280292874084768,19.944312674022893,0.0
./Eplus-env-08-18_thermostat_rbc_eco_year_2022_case_0_rep_0_zone_0_onoffseed_5_tempseed_30_comforttemp_20_setbacktemp_13_paper2_final_runs_v4-res1,2022,0,0,0,5,30,20,13,0.0,0.0,0.0,0.0,0.0,6.888728472723522,53.71764463236053,8.249974218830566,6.373105084046612,5.455295452201712,19.315252139837064,0.0
./Eplus-env-08-18_thermostat_rbc_eco_year_2022_case_0_rep_0_zone_0_onoffseed_15_tempseed_15_comforttemp_20_setbacktemp_17_paper2_final_runs_v4-res1,2022,0,0,0,15,15,20,17,0.0,0.7012478086005981,4.960296999071878,5.042796741260184,5.001546870166031,4.3518614004331235,4.475611013715582,9.312158399505002,37.49613282458492,7.229039909250283,21.429308033412394,0.0
./Eplus-env-08-19_thermostat_rbc_eco_year_2023_case_12_rep_0_zone_0_onoffseed_10_tempseed_42_comforttemp_20_setbacktemp_13_paper2_final_runs_v4-res1,2023,12,0,0,10,42,20,13,1.1962462617304321,2.4543673301020936,4.032174899453439,5.125296483448489,10.797153758894504,31.5252139837063,7.569351345777045,6.38341755182015,5.878106630916778,5.06342167680726,18.87181602557492,1.103434051768588
./Eplus-env-08-19_thermostat_rbc_eco_year_2023_case_12_rep_0_zone_0_onoffseed_10_tempseed_15_comforttemp_20_setbacktemp_13_paper2_final_runs_v4-res1,2023,12,0,0,10,15,20,13,0.2681241621119934,0.7528101474682891,1.5571826338042694,3.2999896875322268,4.516860884809735,4.454986078168506,3.062802928740848,17.25275858512942,32.72146024543673,9.704032174899453,22.295555326389604,0.11343714550892028
./Eplus-env-08-19_thermostat_rbc_eco_year_2022_case_12_rep_0_zone_0_onoffseed_15_tempseed_10_comforttemp_20_setbacktemp_15_paper2_final_runs_v4-res1,2022,12,0,0,15,10,20,15,1.0106218418067443,1.8149943281427245,4.094049706094668,4.939672063524801,4.733422708054038,4.578735691450964,15.159327627101165,25.71929462720429,8.002474992265649,6.053418583066928,23.718675879137876,0.17531195215014952
./Eplus-env-08-19_thermostat_rbc_eco_year_2023_case_12_rep_0_zone_0_onoffseed_15_tempseed_15_comforttemp_20_setbacktemp_15_paper2_final_runs_v4-res1,2023,12,0,0,15,15,20,15,0.5156233886769104,1.0828091162215119,2.2171805713107147,4.393111271527276,6.001856244199237,5.537795194390018,4.382798803753738,17.964318861503557,27.173352583273175,9.14715891512839,21.57368258224193,0.010312467773538208
./Eplus-env-08-19_thermostat_rbc_eco_year_2022_case_11_rep_0_zone_9_onoffseed_5_tempseed_42_comforttemp_20_setbacktemp_17_paper2_final_runs_v4-res1,2022,11,0,9,5,42,20,17,0.0,0.0,0.0,0.0,17.314633391770652,41.87893162833866,5.599670001031247,5.207796225636795,4.578735691450964,5.001546870166031,20.41868619160565,0.0
./Eplus-env-08-19_thermostat_rbc_eco_year_2022_case_12_rep_0_zone_0_onoffseed_10_tempseed_15_comforttemp_20_setbacktemp_17_paper2_final_runs_v4-res1,2022,12,0,0,10,15,20,17,0.0,0.247499226564917,2.1449932968959473,3.6093637207383726,3.9187377539445194,3.5165515107765293,3.9909250283592863,17.88181911931525,31.226152418273696,8.837784881922243,24.62617304320924,0.0
./Eplus-env-08-19_thermostat_rbc_eco_year_2022_case_12_rep_0_zone_0_onoffseed_5_tempseed_42_comforttemp_20_setbacktemp_17_paper2_final_runs_v4-res1,2022,12,0,0,5,42,20,17,0.0,0.0,0.0,0.0,8.85840981746932,42.868928534598325,8.765597607507477,6.538104568423224,5.579045065484171,5.372795710013406,22.017118696504074,0.0
./Eplus-env-08-19_thermostat_rbc_eco_year_2022_case_9_rep_0_zone_9_onoffseed_5_tempseed_42_comforttemp_19_setbacktemp_15_paper2_final_runs_v4-res1,2022,9,0,9,5,42,19,15,0.0,0.010312467773538208,0.2681241621119934,6.424667422914303,26.781478807878727,8.157162008868722,6.094668454161081,6.434979890687842,5.805919356502011,5.7131071465401675,34.30958028256162,0.0
./Eplus-env-08-19_thermostat_rbc_eco_year_2023_case_9_rep_0_zone_0_onoffseed_10_tempseed_15_comforttemp_20_setbacktemp_15_paper2_final_runs_v4-res1,2023,9,0,0,10,15,20,15,0.0,0.020624935547076416,0.1443745488295349,0.35062390430029905,1.0209343095802825,2.7534288955347015,5.084046612354336,25.14179643188615,20.367123852737958,8.7449726719604,36.372073837269255,0.0
./Eplus-env-08-19_thermostat_rbc_eco_year_2023_case_5_rep_0_zone_0_onoffseed_10_tempseed_15_comforttemp_20_setbacktemp_15_paper2_final_runs_v4-res1,2023,5,0,0,10,15,20,15,0.8353098896565948,1.185933793956894,1.8974940703310301,3.8671754150768276,4.444673610394967,4.228111787150665,3.8568629473032896,15.99463751675776,36.05238733628958,8.384036299886564,19.170877591007528,0.08249974218830566
./Eplus-env-08-19_thermostat_rbc_eco_year_2022_case_6_rep_0_zone_9_onoffseed_5_tempseed_42_comforttemp_18_setbacktemp_15_paper2_final_runs_v4-res1,2022,6,0,9,5,42,18,15,0.0,0.0,12.31308652160462,36.52676085387233,6.239043002990615,5.207796225636795,4.558110755903888,5.022171805713107,4.537485820356811,5.001546870166031,20.5939981437558,0.0
./Eplus-env-08-19_thermostat_rbc_eco_year_2022_case_5_rep_0_zone_0_onoffseed_15_tempseed_15_comforttemp_20_setbacktemp_17_paper2_final_runs_v4-res1,2022,5,0,0,15,15,20,17,0.0,0.7012478086005981,4.279674126018356,4.619985562545117,5.218108693410333,5.001546870166031,4.929359595751263,15.943075177890071,27.95710013406208,7.837475507889039,23.512426523667113,0.0
./Eplus-env-08-19_thermostat_rbc_eco_year_2022_case_10_rep_0_zone_0_onoffseed_15_tempseed_10_comforttemp_20_setbacktemp_13_paper2_final_runs_v4-res1,2022,10,0,0,15,10,20,13,0.9074971640713623,1.7634319892750334,3.4546767041352995,4.702485304733423,4.712797772506961,4.630298030318655,12.457461070434155,28.24584923172115,7.18779003815613,6.393730019593689,24.718985253171084,0.8249974218830567
./Eplus-env-08-19_thermostat_rbc_eco_year_2023_case_6_rep_0_zone_9_onoffseed_5_tempseed_42_comforttemp_18_setbacktemp_13_paper2_final_runs_v4-res1,2023,6,0,9,5,42,18,13,0.0,0.0,20.068062287305352,32.360523873362894,4.063112302774054,5.176858822316181,4.8571723213364955,5.816231824275549,5.671857275446015,4.527173352583273,17.459007940600184,0.0
./Eplus-env-08-19_thermostat_rbc_eco_year_2022_case_6_rep_0_zone_0_onoffseed_10_tempseed_10_comforttemp_20_setbacktemp_17_paper2_final_runs_v4-res1,2022,6,0,0,10,10,20,17,0.0,0.47437351758275753,3.588738785191296,4.3415489326595855,3.7949881406620602,3.588738785191296,13.849644219861812,34.46426729916469,7.559038878003506,6.053418583066928,22.285242858616066,0.0
./Eplus-env-08-19_thermostat_rbc_eco_year_2022_case_6_rep_0_zone_0_onoffseed_15_tempseed_15_comforttemp_20_setbacktemp_17_paper2_final_runs_v4-res1,2022,6,0,0,15,15,20,17,0.0,0.6806228730535218,3.877487882850366,4.867484789110034,5.022171805713107,4.970609466845416,4.898422192430648,16.695885325358358,26.9361658244818,8.549035784263175,23.502114055893575,0.0
./Eplus-env-08-19_thermostat_rbc_eco_year_2022_case_6_rep_0_zone_0_onoffseed_5_tempseed_42_comforttemp_20_setbacktemp_17_paper2_final_runs_v4-res1,2022,6,0,0,5,42,20,17,0.0,0.0,0.0,0.0,8.16747447664226,45.23048365473858,8.487160977621945,6.104980921934619,5.579045065484171,5.383108177786944,21.047746725791484,0.0
./Eplus-env-08-19_thermostat_rbc_eco_year_2023_case_6_rep_0_zone_0_onoffseed_15_tempseed_42_comforttemp_20_setbacktemp_17_paper2_final_runs_v4-res1,2023,6,0,0,15,42,20,17,0.0,1.443745488295349,9.446220480560998,7.662163555738887,8.951222027431164,30.236155512014022,6.96091574713829,6.538104568423224,5.6409198721254,4.702485304733423,18.418067443539236,0.0
./Eplus-env-08-19_thermostat_rbc_eco_year_2023_case_12_rep_0_zone_0_onoffseed_15_tempseed_30_comforttemp_20_setbacktemp_13_paper2_final_runs_v4-res1,2023,12,0,0,15,30,20,13,1.2065587295039704,2.99061565432608,4.537485820356811,6.465917294008457,5.310920903372177,12.055274827266164,27.761163246364855,8.074662266680416,6.6412292461586055,5.114984015674951,19.03681550995153,0.8043724863359802
./Eplus-env-08-19_thermostat_rbc_eco_year_2022_case_12_rep_0_zone_0_onoffseed_15_tempseed_42_comforttemp_20_setbacktemp_13_paper2_final_runs_v4-res1,2022,12,0,0,15,42,20,13,1.9284314736516448,4.011549963906362,5.084046612354336,5.135608951222028,11.91090027843663,25.987418789316287,7.321852119212127,5.785294420954934,5.06342167680726,5.084046612354336,21.11993400020625,1.5674951015778076
./Eplus-env-08-19_thermostat_rbc_eco_year_2022_case_4_rep_0_zone_9_onoffseed_5_tempseed_42_comforttemp_18_setbacktemp_13_paper2_final_runs_v4-res1,2022,4,0,9,5,42,18,13,0.11343714550892028,0.494998453129834,21.192121274621016,10.209343095802826,6.888728472723522,6.496854697329072,5.053109209033722,5.702794678766629,5.950293905331546,5.878106630916778,31.999587501289056,0.020624935547076416
./Eplus-env-08-19_thermostat_rbc_eco_year_2022_case_4_rep_0_zone_9_onoffseed_5_tempseed_42_comforttemp_19_setbacktemp_13_paper2_final_runs_v4-res1,2022,4,0,9,5,42,19,13,0.020624935547076416,0.2681241621119934,1.5778075693513458,25.667732288336598,11.04465298545942,6.630916778385068,5.527482726616479,5.589357533257709,5.764669485407858,5.558420129937094,32.350211405589356,0.0
./Eplus-env-08-19_thermostat_rbc_eco_year_2022_case_9_rep_0_zone_0_onoffseed_10_tempseed_30_comforttemp_20_setbacktemp_17_paper2_final_runs_v4-res1,2022,9,0,0,10,30,20,17,0.020624935547076416,0.010312467773538208,0.4640610498092193,1.536557698257193,3.1968650097968445,18.71712900897185,17.871506651541715,8.394348767660102,7.5487264102299685,6.548417036196762,35.69145096421574,0.0
./Eplus-env-08-19_thermostat_rbc_eco_year_2023_case_2_rep_0_zone_0_onoffseed_5_tempseed_15_comforttemp_20_setbacktemp_17_paper2_final_runs_v4-res1,2023,2,0,0,5,15,20,17,0.0,0.0,0.0,0.0,0.0,0.0,0.0,7.76528823347427,62.78230380530061,8.497473445395483,20.95493451582964,0.0
./Eplus-env-08-19_thermostat_rbc_eco_year_2022_case_11_rep_0_zone_0_onoffseed_15_tempseed_42_comforttemp_20_setbacktemp_17_paper2_final_runs_v4-res1,2022,11,0,0,15,42,20,17,0.0,1.639682375992575,9.219346189543158,5.847169227596163,10.663091677838507,29.699907187790036,6.486542229555532,5.7440445498607815,4.939672063524801,4.7952975146952665,20.965246983603176,0.0
./Eplus-env-08-19_thermostat_rbc_eco_year_2023_case_11_rep_0_zone_0_onoffseed_10_tempseed_30_comforttemp_20_setbacktemp_13_paper2_final_runs_v4-res1,2023,11,0,0,10,30,20,13,0.8456223574301331,1.8665566670104154,3.444364236361761,5.053109209033722,4.032174899453439,11.818088068474786,34.134268330411466,7.847787975662576,6.548417036196762,4.939672063524801,18.86150355780138,0.6084355986387543
./Eplus-env-08-19_thermostat_rbc_eco_year_2023_case_5_rep_0_zone_9_onoffseed_5_tempseed_42_comforttemp_21_setbacktemp_15_paper2_final_runs_v4-res1,2023,5,0,9,5,42,21,15,0.0,0.0,0.0,0.0,0.0,35.04176549448283,31.545838919253377,5.909044034237393,5.991543776425699,4.681860369186346,16.829947406414355,0.0
./Eplus-env-08-19_thermostat_rbc_eco_year_2022_case_6_rep_0_zone_0_onoffseed_10_tempseed_15_comforttemp_20_setbacktemp_17_paper2_final_runs_v4-res1,2022,6,0,0,10,15,20,17,0.0,0.3093740332061462,2.2687429101784056,3.8878003506239045,3.9393626894915954,3.5784263174177577,3.733113334020831,16.809322470867276,33.6289574095081,8.291224089924718,23.553676394761265,0.0
./Eplus-env-08-19_thermostat_rbc_eco_year_2023_case_6_rep_0_zone_0_onoffseed_5_tempseed_30_comforttemp_20_setbacktemp_17_paper2_final_runs_v4-res1,2023,6,0,0,5,30,20,17,0.0,0.0,0.0,0.0,0.0,9.054346705166546,49.66484479736001,9.219346189543158,6.981540682685367,5.785294420954934,19.294627204289984,0.0
./Eplus-env-08-19_thermostat_rbc_eco_year_2023_case_2_rep_0_zone_9_onoffseed_5_tempseed_42_comforttemp_18_setbacktemp_17_paper2_final_runs_v4-res1,2023,2,0,9,5,42,18,17,0.0,0.0,13.241208621223057,37.05269671032278,5.692482210993091,5.372795710013406,5.23873362895741,5.609982468804785,5.259358564504486,4.527173352583273,18.00556873259771,0.0
./Eplus-env-08-19_thermostat_rbc_eco_year_2022_case_7_rep_0_zone_0_onoffseed_15_tempseed_42_comforttemp_20_setbacktemp_15_paper2_final_runs_v4-res1,2022,7,0,0,15,42,20,15,2.444054862328555,4.619985562545117,5.207796225636795,5.114984015674951,11.178715066515418,26.802103743425803,7.094977828194287,5.682169743219553,5.094359080127875,5.125296483448489,21.181808806847478,0.45374858203568114
./Eplus-env-08-19_thermostat_rbc_eco_year_2023_case_7_rep_0_zone_0_onoffseed_5_tempseed_42_comforttemp_20_setbacktemp_13_paper2_final_runs_v4-res1,2023,7,0,0,5,42,20,13,0.0,0.0,0.0,0.0,9.291533463957926,43.6423636176137,8.57997318758379,7.1052902959678255,6.239043002990615,5.145921418995566,19.995875012890586,0.0
./Eplus-env-08-19_thermostat_rbc_eco_year_2023_case_7_rep_0_zone_0_onoffseed_15_tempseed_10_comforttemp_20_setbacktemp_15_paper2_final_runs_v4-res1,2023,7,0,0,15,10,20,15,0.9487470351655151,1.7737444570485716,3.8053006084355987,5.372795710013406,6.249355470764153,4.578735691450964,13.767144477673506,27.121790244405485,9.43590801278746,6.15654326080231,20.645560482623495,0.1443745488295349
./Eplus-env-08-19_thermostat_rbc_eco_year_2022_case_6_rep_0_zone_0_onoffseed_10_tempseed_30_comforttemp_20_setbacktemp_15_paper2_final_runs_v4-res1,2022,6,0,0,10,30,20,15,1.09312158399505,2.5162421367433225,3.2381148808909974,4.032174899453439,3.423739300814685,12.993709394658143,32.82458492317212,7.1156027637413635,5.352170774466329,5.702794678766629,21.5118077756007,0.19593688769722595
./Eplus-env-08-19_thermostat_rbc_eco_year_2023_case_8_rep_0_zone_0_onoffseed_15_tempseed_42_comforttemp_20_setbacktemp_15_paper2_final_runs_v4-res1,2023,8,0,0,15,42,20,15,0.2887490976590698,0.8559348252036713,2.4234299267814787,4.908734660204187,20.676497885944105,14.798391255027326,8.394348767660102,5.7440445498607815,4.578735691450964,5.46560791997525,31.85521295245952,0.010312467773538208
./Eplus-env-08-19_thermostat_rbc_eco_year_2023_case_8_rep_0_zone_0_onoffseed_10_tempseed_42_comforttemp_20_setbacktemp_15_paper2_final_runs_v4-res1,2023,8,0,0,10,42,20,15,0.05156233886769104,0.6909353408270599,1.7015571826338043,3.1246777353820767,23.759925750232032,14.746828916159638,7.703413426833042,6.146230793028772,4.7952975146952665,5.125296483448489,32.154274517892134,0.0
./Eplus-env-08-19_thermostat_rbc_eco_year_2022_case_5_rep_0_zone_0_onoffseed_10_tempseed_15_comforttemp_20_setbacktemp_13_paper2_final_runs_v4-res1,2022,5,0,0,10,15,20,13,0.41249871094152835,1.0518717129008972,2.1553057646694853,3.2999896875322268,3.8053006084355987,3.5578013818706817,4.145612044962359,15.778075693513458,33.78364442611117,8.332473961018872,23.017428070537278,0.6599979375064453
./Eplus-env-08-19_thermostat_rbc_eco_year_2022_case_1_rep_0_zone_0_onoffseed_10_tempseed_42_comforttemp_20_setbacktemp_15_paper2_final_runs_v4-res1,2022,1,0,0,10,42,20,15,1.876869134783954,3.4031143652676086,3.506239043002991,3.671238527379602,7.280602248117975,38.20769310095906,6.538104568423224,5.403733113334021,4.599360626998041,5.073734144580798,20.171186965040736,0.2681241621119934
./Eplus-env-08-19_thermostat_rbc_eco_year_2023_case_2_rep_0_zone_0_onoffseed_5_tempseed_15_comforttemp_20_setbacktemp_13_paper2_final_runs_v4-res1,2023,2,0,0,5,15,20,13,0.0,0.0,0.0,0.0,0.0,0.0,0.0,7.682788491285965,62.12230586779416,8.786222543054553,21.408683097865318,0.0
./Eplus-env-08-19_thermostat_rbc_eco_year_2022_case_2_rep_0_zone_0_onoffseed_5_tempseed_10_comforttemp_20_setbacktemp_13_paper2_final_runs_v4-res1,2022,2,0,0,5,10,20,13,0.0,0.0,0.0,0.0,0.0,0.0,7.507476539135816,55.192327523976495,8.002474992265649,6.146230793028772,23.151490151593276,0.0
./Eplus-env-08-18_thermostat_rbc_eco_year_2023_case_0_rep_0_zone_9_onoffseed_5_tempseed_42_comforttemp_19_setbacktemp_15_paper2_final_runs_v4-res1,2023,0,0,9,5,42,19,15,0.0,0.0,0.0,19.57306383417552,37.50644529235846,5.517170258842941,6.084355986387543,5.455295452201712,4.960296999071878,4.960296999071878,15.943075177890071,0.0
./Eplus-env-08-19_thermostat_rbc_eco_year_2022_case_2_rep_0_zone_9_onoffseed_5_tempseed_42_comforttemp_18_setbacktemp_13_paper2_final_runs_v4-res1,2022,2,0,9,5,42,18,13,0.0,0.0,23.326802103743425,25.678044756110136,6.053418583066928,4.939672063524801,4.692172836959885,4.547798288130349,4.640610498092194,4.8365473857894195,21.28493348458286,0.0
./Eplus-env-08-19_thermostat_rbc_eco_year_2023_case_1_rep_0_zone_9_onoffseed_5_tempseed_42_comforttemp_18_setbacktemp_15_paper2_final_runs_v4-res1,2023,1,0,9,5,42,18,15,0.0,0.0,14.179643188615035,38.58925440857997,4.8365473857894195,4.527173352583273,5.011859337939569,5.424358048881097,5.341858306692791,4.980921934618954,17.10838403629989,0.0
./Eplus-env-08-19_thermostat_rbc_eco_year_2023_case_6_rep_0_zone_0_onoffseed_15_tempseed_30_comforttemp_20_setbacktemp_13_paper2_final_runs_v4-res1,2023,6,0,0,15,30,20,13,1.5056202949365782,2.784366298855316,4.7849850469217285,6.146230793028772,4.88810972465711,11.189027534288956,29.369908219036816,8.084974734453954,6.73404145612045,5.06342167680726,18.314942765803856,1.1343714550892028
./Eplus-env-08-19_thermostat_rbc_eco_year_2022_case_4_rep_0_zone_0_onoffseed_5_tempseed_42_comforttemp_20_setbacktemp_17_paper2_final_runs_v4-res1,2022,4,0,0,5,42,20,17,0.0,0.0,0.0,0.5568732597710633,15.613076209136848,20.08868722285243,10.147468289161596,7.022790553779519,6.919665876044137,6.352480148499535,33.29895844075487,0.0
./Eplus-env-08-19_thermostat_rbc_eco_year_2023_case_2_rep_0_zone_0_onoffseed_5_tempseed_30_comforttemp_20_setbacktemp_15_paper2_final_runs_v4-res1,2023,2,0,0,5,30,20,15,0.0,0.0,0.0,0.0,0.0,6.404042487367227,53.61451995462514,8.22934928328349,6.806228730535217,5.7234196143137055,19.222439929875218,0.0
./Eplus-env-08-19_thermostat_rbc_eco_year_2023_case_11_rep_0_zone_0_onoffseed_10_tempseed_15_comforttemp_20_setbacktemp_17_paper2_final_runs_v4-res1,2023,11,0,0,10,15,20,17,0.0,0.23718675879137877,2.227493039084253,4.073424770547592,4.609673094771579,4.547798288130349,2.815303702175931,16.809322470867276,35.124265236671135,8.445911106527792,21.109621532432712,0.0
./Eplus-env-08-19_thermostat_rbc_eco_year_2023_case_11_rep_0_zone_0_onoffseed_5_tempseed_42_comforttemp_20_setbacktemp_15_paper2_final_runs_v4-res1,2023,11,0,0,5,42,20,15,0.0,0.0,0.0,0.0,9.219346189543158,46.35454264205424,8.239661751057028,6.620604310611529,5.929668969784469,4.919047127977725,18.71712900897185,0.0
./Eplus-env-08-19_thermostat_rbc_eco_year_2022_case_2_rep_0_zone_0_onoffseed_10_tempseed_30_comforttemp_20_setbacktemp_17_paper2_final_runs_v4-res1,2022,2,0,0,10,30,20,17,0.0,0.6909353408270599,4.537485820356811,5.259358564504486,3.7743632051149842,8.1777869444158,38.1664432298649,6.744353923893988,5.568732597710632,5.352170774466329,21.728369598845003,0.0
./Eplus-env-08-19_thermostat_rbc_eco_year_2022_case_2_rep_0_zone_0_onoffseed_15_tempseed_15_comforttemp_20_setbacktemp_15_paper2_final_runs_v4-res1,2022,2,0,0,15,15,20,15,0.897184696297824,1.4024956172011962,2.691554088893472,4.465298545942044,4.877797256883572,4.516860884809735,4.815922450242343,11.570588841909869,32.91739713313396,7.290914715891512,24.409611219964937,0.1443745488295349
./Eplus-env-08-19_thermostat_rbc_eco_year_2023_case_12_rep_0_zone_0_onoffseed_15_tempseed_30_comforttemp_20_setbacktemp_15_paper2_final_runs_v4-res1,2023,12,0,0,15,30,20,15,1.536557698257193,3.1556151387026916,4.8571723213364955,5.991543776425699,5.671857275446015,11.663401051871713,27.699288439723624,7.775600701247809,6.5999793750644535,5.383108177786944,19.531813963081365,0.1340620810559967
./Eplus-env-08-19_thermostat_rbc_eco_year_2022_case_10_rep_0_zone_9_onoffseed_5_tempseed_42_comforttemp_18_setbacktemp_13_paper2_final_runs_v4-res1,2022,10,0,9,5,42,18,13,0.0,0.0,18.727441476745383,27.58585129421471,6.001856244199237,5.568732597710632,4.599360626998041,4.052799835000516,4.063112302774054,5.310920903372177,24.08992471898525,0.0
./Eplus-env-08-19_thermostat_rbc_eco_year_2022_case_3_rep_0_zone_0_onoffseed_15_tempseed_10_comforttemp_20_setbacktemp_17_paper2_final_runs_v4-res1,2022,3,0,0,15,10,20,17,0.04124987109415283,0.21656182324430237,0.897184696297824,1.9593688769722597,4.063112302774054,6.259667938537692,26.771166340105186,10.322780241311747,7.837475507889039,6.806228730535217,34.825203671238526,0.0
./Eplus-env-08-19_thermostat_rbc_eco_year_2022_case_3_rep_0_zone_0_onoffseed_15_tempseed_15_comforttemp_20_setbacktemp_17_paper2_final_runs_v4-res1,2022,3,0,0,15,15,20,17,0.030937403320614624,0.17531195215014952,0.43312364648860474,1.2993709394658142,2.371867587913788,4.558110755903888,6.950603279364752,28.462411054965454,11.952150149530782,8.239661751057028,35.526451479839125,0.0
./Eplus-env-08-19_thermostat_rbc_eco_year_2023_case_8_rep_0_zone_0_onoffseed_10_tempseed_15_comforttemp_20_setbacktemp_15_paper2_final_runs_v4-res1,2023,8,0,0,10,15,20,15,0.0,0.04124987109415283,0.1443745488295349,0.4434361142621429,1.6087449726719605,3.1968650097968445,5.46560791997525,29.51428276786635,15.974012581210683,7.919975250077344,35.69145096421574,0.0
./Eplus-env-08-19_thermostat_rbc_eco_year_2023_case_1_rep_0_zone_0_onoffseed_10_tempseed_42_comforttemp_20_setbacktemp_13_paper2_final_runs_v4-res1,2023,1,0,0,10,42,20,13,1.247808600598123,2.6606166855728577,3.7949881406620602,5.156233886769104,5.857481695369702,38.02206868103537,6.940290811591214,6.104980921934619,5.898731566463855,5.166546354542642,18.149943281427245,1.000309374033206
./Eplus-env-08-19_thermostat_rbc_eco_year_2023_case_10_rep_0_zone_9_onoffseed_5_tempseed_42_comforttemp_21_setbacktemp_17_paper2_final_runs_v4-res1,2023,10,0,9,5,42,21,17,0.0,0.0,0.0,0.0,0.0,25.678044756110136,35.773950706404044,5.702794678766629,5.682169743219553,6.104980921934619,21.058059193565022,0.0
./Eplus-env-08-19_thermostat_rbc_eco_year_2023_case_3_rep_0_zone_0_onoffseed_5_tempseed_30_comforttemp_20_setbacktemp_15_paper2_final_runs_v4-res1,2023,3,0,0,5,30,20,15,0.0,0.0,0.0,0.0,1.1653088584098175,30.463029803031866,16.613385583170054,7.868412911209652,6.001856244199237,5.950293905331546,31.93771269464783,0.0
./Eplus-env-08-19_thermostat_rbc_eco_year_2023_case_3_rep_0_zone_9_onoffseed_5_tempseed_42_comforttemp_19_setbacktemp_13_paper2_final_runs_v4-res1,2023,3,0,9,5,42,19,13,0.0,0.010312467773538208,0.19593688769722595,34.783953800144374,9.559657626069919,5.661544807672476,4.949984531298339,4.207486851603589,4.599360626998041,5.444982984428174,30.586779416314325,0.0
./Eplus-env-08-19_thermostat_rbc_eco_year_2022_case_3_rep_0_zone_9_onoffseed_5_tempseed_42_comforttemp_21_setbacktemp_17_paper2_final_runs_v4-res1,2022,3,0,9,5,42,21,17,0.0,0.0,0.0,0.010312467773538208,0.21656182324430237,40.94049706094668,8.198411879962874,6.342167680725998,5.537795194390018,5.826544292049087,32.9277096009075,0.0
./Eplus-env-08-19_thermostat_rbc_eco_year_2023_case_14_rep_0_zone_0_onoffseed_10_tempseed_15_comforttemp_20_setbacktemp_13_paper2_final_runs_v4-res1,2023,14,0,0,10,15,20,13,0.0,0.0,0.10312467773538209,0.35062390430029905,1.0312467773538208,2.7534288955347015,5.011859337939569,26.265855419201817,19.90306280292874,8.549035784263175,36.031762400742494,0.0
./Eplus-env-08-19_thermostat_rbc_eco_year_2022_case_14_rep_0_zone_9_onoffseed_5_tempseed_42_comforttemp_18_setbacktemp_15_paper2_final_runs_v4-res1,2022,14,0,9,5,42,18,15,0.0,0.1237496132824585,19.078065381045683,10.467154790141281,7.394039393626894,6.857791069402907,5.434670516654635,5.898731566463855,5.620294936578323,5.692482210993091,33.43302052181087,0.0
./Eplus-env-08-19_thermostat_rbc_eco_year_2022_case_13_rep_0_zone_0_onoffseed_10_tempseed_30_comforttemp_20_setbacktemp_15_paper2_final_runs_v4-res1,2022,13,0,0,10,30,20,15,0.07218727441476745,0.18562441992368775,0.8146849541095184,1.835619263689801,3.8156130762091367,23.976487573476334,14.27245539857688,8.146849541095184,6.362792616273075,6.208105599670001,34.29926781478808,0.010312467773538208
./Eplus-env-08-19_thermostat_rbc_eco_year_2022_case_11_rep_0_zone_9_onoffseed_5_tempseed_42_comforttemp_19_setbacktemp_13_paper2_final_runs_v4-res1,2022,11,0,9,5,42,19,13,0.0,0.0,0.0,25.275858512942147,29.338970815716202,5.496545323295865,4.991234402392492,5.145921418995566,4.289986593791895,5.135608951222028,20.32587398164381,0.0
./Eplus-env-08-19_thermostat_rbc_eco_year_2022_case_7_rep_0_zone_0_onoffseed_10_tempseed_15_comforttemp_20_setbacktemp_15_paper2_final_runs_v4-res1,2022,7,0,0,10,15,20,15,0.3918737753944519,0.8353098896565948,1.6087449726719605,2.928740847684851,4.166236980509436,3.619676188511911,4.032174899453439,18.057131071465403,30.56615448076725,8.868722285242859,24.79117252758585,0.1340620810559967
./Eplus-env-08-19_thermostat_rbc_eco_year_2023_case_5_rep_0_zone_0_onoffseed_10_tempseed_42_comforttemp_20_setbacktemp_15_paper2_final_runs_v4-res1,2023,5,0,0,10,42,20,15,1.8046818603691863,3.5474889140971433,4.506548417036197,4.444673610394967,8.693410333092709,34.50551717025884,7.796225636794885,6.465917294008457,5.548107662163556,5.022171805713107,17.459007940600184,0.20624935547076417
./Eplus-env-08-19_thermostat_rbc_eco_year_2023_case_6_rep_0_zone_0_onoffseed_10_tempseed_15_comforttemp_20_setbacktemp_13_paper2_final_runs_v4-res1,2023,6,0,0,10,15,20,13,0.48468598535629576,0.8146849541095184,1.7531195215014954,3.186552542023306,4.176549448282974,4.991234402392492,3.3618644941734557,16.964009487470353,34.12395586263793,8.714035268639787,21.00649685469733,0.42281117871506657
./Eplus-env-08-19_thermostat_rbc_eco_year_2023_case_7_rep_0_zone_0_onoffseed_10_tempseed_30_comforttemp_20_setbacktemp_15_paper2_final_runs_v4-res1,2023,7,0,0,10,30,20,15,0.9074971640713623,2.1656182324430238,3.1143652676085387,4.671547901412808,4.300299061565433,11.694338455192327,33.1442714241518,7.672476023512427,7.229039909250283,5.176858822316181,19.872125399608127,0.05156233886769104
./Eplus-env-08-19_thermostat_rbc_eco_year_2023_case_6_rep_0_zone_0_onoffseed_15_tempseed_42_comforttemp_20_setbacktemp_15_paper2_final_runs_v4-res1,2023,6,0,0,15,42,20,15,2.5987418789316283,4.279674126018356,5.888419098690316,5.919356502010931,9.301845931731464,28.627410539342062,7.528101474682892,6.414354955140765,5.517170258842941,5.125296483448489,18.428379911312778,0.3712488398473755
./Eplus-env-08-19_thermostat_rbc_eco_year_2023_case_6_rep_0_zone_0_onoffseed_10_tempseed_42_comforttemp_20_setbacktemp_13_paper2_final_runs_v4-res1,2023,6,0,0,10,42,20,13,1.7015571826338043,2.9184283799113127,3.8981128183974425,4.8262349180158814,9.291533463957926,33.88676910384655,6.857791069402907,6.32154274517892,5.816231824275549,5.125296483448489,18.211818088068473,1.144683922862741
./Eplus-env-08-19_thermostat_rbc_eco_year_2023_case_11_rep_0_zone_9_onoffseed_5_tempseed_42_comforttemp_19_setbacktemp_13_paper2_final_runs_v4-res1,2023,11,0,9,5,42,19,13,0.0,0.0,0.0,27.328039599876252,28.163349489532845,5.228421161183872,5.434670516654635,5.579045065484171,5.321233371145715,4.692172836959885,18.253067959162628,0.0
./Eplus-env-08-19_thermostat_rbc_eco_year_2022_case_12_rep_0_zone_0_onoffseed_5_tempseed_10_comforttemp_20_setbacktemp_13_paper2_final_runs_v4-res1,2022,12,0,0,5,10,20,13,0.0,0.0,0.0,0.0,0.0,0.0,12.911209652469836,49.08734660204187,8.301536557698256,6.373105084046612,23.326802103743425,0.0
./Eplus-env-08-19_thermostat_rbc_eco_year_2022_case_13_rep_0_zone_9_onoffseed_5_tempseed_42_comforttemp_19_setbacktemp_13_paper2_final_runs_v4-res1,2022,13,0,9,5,42,19,13,0.0,0.010312467773538208,0.17531195215014952,27.688975971950086,11.97277508507786,6.311230277405383,5.2902959678251005,5.2902959678251005,5.197483757863257,5.145921418995566,32.91739713313396,0.0
./Eplus-env-08-19_thermostat_rbc_eco_year_2023_case_11_rep_0_zone_0_onoffseed_5_tempseed_15_comforttemp_20_setbacktemp_15_paper2_final_runs_v4-res1,2023,11,0,0,5,15,20,15,0.0,0.0,0.0,0.0,0.0,0.0,0.0,13.138083943487677,54.86232855522326,9.652469836031763,22.347117665257297,0.0
./Eplus-env-08-19_thermostat_rbc_eco_year_2023_case_12_rep_0_zone_9_onoffseed_5_tempseed_42_comforttemp_20_setbacktemp_17_paper2_final_runs_v4-res1,2023,12,0,9,5,42,20,17,0.0,0.0,0.0,0.0,19.129627719913376,39.15644013612457,5.970918840878622,5.960606373105084,5.321233371145715,5.2696710322780245,19.191502526554604,0.0
./Eplus-env-08-18_thermostat_rbc_eco_year_2022_case_0_rep_0_zone_9_onoffseed_5_tempseed_42_comforttemp_20_setbacktemp_13_paper2_final_runs_v4-res1,2022,0,0,9,5,42,20,13,0.0,0.0,0.0,0.0,33.288645972981335,27.328039599876252,5.114984015674951,5.125296483448489,4.754047643601114,5.46560791997525,18.923378364442613,0.0
./Eplus-env-08-18_thermostat_rbc_eco_year_2023_case_0_rep_0_zone_9_onoffseed_5_tempseed_42_comforttemp_21_setbacktemp_17_paper2_final_runs_v4-res1,2023,0,0,9,5,42,21,17,0.0,0.0,0.0,0.0,0.0,27.441476745385167,39.50706404042487,6.104980921934619,5.568732597710632,5.042796741260184,16.33494895328452,0.0
./Eplus-env-08-19_thermostat_rbc_eco_year_2023_case_9_rep_0_zone_9_onoffseed_5_tempseed_42_comforttemp_21_setbacktemp_13_paper2_final_runs_v4-res1,2023,9,0,9,5,42,21,13,0.0,0.0,0.06187480664122925,0.7940600185624419,2.371867587913788,14.633391770650716,29.668969784469425,7.868412911209652,5.671857275446015,5.486232855522326,33.443332989584405,0.0
./Eplus-env-08-19_thermostat_rbc_eco_year_2022_case_5_rep_0_zone_9_onoffseed_5_tempseed_42_comforttemp_21_setbacktemp_15_paper2_final_runs_v4-res1,2022,5,0,9,5,42,21,15,0.0,0.0,0.0,0.0,0.0,32.401773744457046,31.41177683819738,5.86779416314324,5.104671547901413,5.125296483448489,20.08868722285243,0.0
./Eplus-env-08-19_thermostat_rbc_eco_year_2023_case_1_rep_0_zone_0_onoffseed_5_tempseed_42_comforttemp_20_setbacktemp_17_paper2_final_runs_v4-res1,2023,1,0,0,5,42,20,17,0.0,0.0,0.0,0.0,5.486232855522326,50.40734247705476,8.16747447664226,7.208414973703207,5.898731566463855,5.321233371145715,17.510570279467878,0.0
./Eplus-env-08-19_thermostat_rbc_eco_year_2023_case_6_rep_0_zone_0_onoffseed_10_tempseed_10_comforttemp_20_setbacktemp_13_paper2_final_runs_v4-res1,2023,6,0,0,10,10,20,13,0.7012478086005981,1.2374961328245848,2.784366298855316,4.279674126018356,4.630298030318655,3.5784263174177577,13.93214396205012,35.1139527688976,8.79653501082809,6.053418583066928,18.479942250180468,0.41249871094152835
./Eplus-env-08-19_thermostat_rbc_eco_year_2023_case_3_rep_0_zone_9_onoffseed_5_tempseed_42_comforttemp_20_setbacktemp_17_paper2_final_runs_v4-res1,2023,3,0,9,5,42,20,17,0.0,0.0,0.0,0.020624935547076416,40.043312364648855,8.982159430751778,5.455295452201712,4.7849850469217285,4.8365473857894195,5.259358564504486,30.61771681963494,0.0
./Eplus-env-08-19_thermostat_rbc_eco_year_2022_case_12_rep_0_zone_0_onoffseed_5_tempseed_42_comforttemp_20_setbacktemp_15_paper2_final_runs_v4-res1,2022,12,0,0,5,42,20,15,0.0,0.0,0.0,0.0,9.157471382901928,43.52892647210477,8.301536557698256,6.6515417139321436,5.589357533257709,4.949984531298339,21.82118180880685,0.0
./Eplus-env-08-19_thermostat_rbc_eco_year_2022_case_6_rep_0_zone_9_onoffseed_5_tempseed_42_comforttemp_18_setbacktemp_13_paper2_final_runs_v4-res1,2022,6,0,9,5,42,18,13,0.0,0.0,20.439311127152727,29.215221202433746,5.898731566463855,5.104671547901413,4.444673610394967,4.671547901412808,4.619985562545117,4.815922450242343,20.789935031453027,0.0
./Eplus-env-08-19_thermostat_rbc_eco_year_2022_case_6_rep_0_zone_0_onoffseed_15_tempseed_10_comforttemp_20_setbacktemp_17_paper2_final_runs_v4-res1,2022,6,0,0,15,10,20,17,0.0,0.989996906259668,5.362483242239868,5.527482726616479,5.2799835000515625,4.8262349180158814,13.818706816541198,28.35928637723007,7.682788491285965,6.424667422914303,21.728369598845003,0.0
./Eplus-env-08-19_thermostat_rbc_eco_year_2023_case_6_rep_0_zone_0_onoffseed_15_tempseed_10_comforttemp_20_setbacktemp_17_paper2_final_runs_v4-res1,2023,6,0,0,15,10,20,17,0.0,0.9796844384861298,5.321233371145715,6.342167680725998,6.084355986387543,5.022171805713107,12.333711457151697,30.37021759307002,8.05403733113334,6.012168711972775,19.480251624213672,0.0
./Eplus-env-08-19_thermostat_rbc_eco_year_2023_case_6_rep_0_zone_9_onoffseed_5_tempseed_42_comforttemp_18_setbacktemp_17_paper2_final_runs_v4-res1,2023,6,0,9,5,42,18,17,0.0,0.0,14.251830463029801,36.13488707847788,5.114984015674951,5.774981953181396,5.424358048881097,5.692482210993091,5.2902959678251005,4.403423739300814,17.912756522635867,0.0
./Eplus-env-08-19_thermostat_rbc_eco_year_2022_case_5_rep_0_zone_9_onoffseed_5_tempseed_42_comforttemp_18_setbacktemp_13_paper2_final_runs_v4-res1,2022,5,0,9,5,42,18,13,0.0,0.0,18.665566670104155,32.205836856759824,5.7543570176343195,5.321233371145715,4.3518614004331235,4.7849850469217285,4.289986593791895,4.980921934618954,19.645251108590287,0.0
./Eplus-env-08-19_thermostat_rbc_eco_year_2023_case_5_rep_0_zone_9_onoffseed_5_tempseed_42_comforttemp_18_setbacktemp_13_paper2_final_runs_v4-res1,2023,5,0,9,5,42,18,13,0.0,0.0,19.85150046406105,33.08239661751057,4.310611529338971,5.042796741260184,5.2799835000515625,5.548107662163556,5.424358048881097,4.7849850469217285,16.67526038981128,0.0
./Eplus-env-08-19_thermostat_rbc_eco_year_2022_case_14_rep_0_zone_9_onoffseed_5_tempseed_42_comforttemp_18_setbacktemp_17_paper2_final_runs_v4-res1,2022,14,0,9,5,42,18,17,0.0,0.08249974218830566,13.87026915540889,12.560585748169537,8.951222027431164,7.332164586985665,6.1977931318964625,5.609982468804785,5.898731566463855,5.909044034237393,33.587707538413945,0.0
./Eplus-env-08-19_thermostat_rbc_eco_year_2022_case_1_rep_0_zone_0_onoffseed_15_tempseed_42_comforttemp_20_setbacktemp_13_paper2_final_runs_v4-res1,2022,1,0,0,15,42,20,13,2.567804475611014,4.124987109415283,4.578735691450964,4.506548417036197,7.559038878003506,31.556151387026915,6.878416004949985,5.558420129937094,5.23873362895741,5.011859337939569,20.686810353717643,1.732494585954419
./Eplus-env-08-19_thermostat_rbc_eco_year_2023_case_8_rep_0_zone_0_onoffseed_5_tempseed_15_comforttemp_20_setbacktemp_15_paper2_final_runs_v4-res1,2023,8,0,0,5,15,20,15,0.0,0.0,0.0,0.0,0.0,0.0,0.7012478086005981,38.09425595545014,16.871197277508507,7.796225636794885,36.53707332164587,0.0
./Eplus-env-08-19_thermostat_rbc_eco_year_2022_case_12_rep_0_zone_0_onoffseed_10_tempseed_10_comforttemp_20_setbacktemp_15_paper2_final_runs_v4-res1,2022,12,0,0,10,10,20,15,0.5774981953181396,1.185933793956894,2.5987418789316283,3.929050221718057,3.464989171908838,3.6918634629266784,15.757450757966382,30.988965659482314,8.05403733113334,6.404042487367227,23.20305249046097,0.1443745488295349
./Eplus-env-08-19_thermostat_rbc_eco_year_2022_case_1_rep_0_zone_0_onoffseed_10_tempseed_42_comforttemp_20_setbacktemp_17_paper2_final_runs_v4-res1,2022,1,0,0,10,42,20,17,0.0,0.9178096318449005,6.795916262761679,4.723110240280499,6.806228730535217,37.92925647107353,6.620604310611529,5.414045581107559,5.145921418995566,5.331545838919253,20.31556151387027,0.0
./Eplus-env-08-19_thermostat_rbc_eco_year_2022_case_10_rep_0_zone_9_onoffseed_5_tempseed_42_comforttemp_19_setbacktemp_17_paper2_final_runs_v4-res1,2022,10,0,9,5,42,19,17,0.0,0.0,0.0,15.149015159327629,35.05207796225637,6.094668454161081,5.383108177786944,4.7952975146952665,4.815922450242343,5.414045581107559,23.29586470042281,0.0
./Eplus-env-08-19_thermostat_rbc_eco_year_2023_case_8_rep_0_zone_0_onoffseed_5_tempseed_42_comforttemp_20_setbacktemp_17_paper2_final_runs_v4-res1,2023,8,0,0,5,42,20,17,0.0,0.0,0.0,0.3918737753944519,21.790244405486234,19.16056512323399,8.992471898525316,6.393730019593689,5.579045065484171,5.826544292049087,31.86552542023306,0.0
./Eplus-env-08-19_thermostat_rbc_eco_year_2023_case_6_rep_0_zone_0_onoffseed_10_tempseed_42_comforttemp_20_setbacktemp_15_paper2_final_runs_v4-res1,2023,6,0,0,10,42,20,15,1.7118696504073425,3.248427348664536,4.135299577188821,4.424048674847891,9.363720738372692,35.10364030112406,6.579354439517377,6.548417036196762,5.331545838919253,4.815922450242343,18.58306692791585,0.1546870166030731
./Eplus-env-08-19_thermostat_rbc_eco_year_2022_case_7_rep_0_zone_0_onoffseed_5_tempseed_42_comforttemp_20_setbacktemp_17_paper2_final_runs_v4-res1,2022,7,0,0,5,42,20,17,0.0,0.0,0.0,0.0,8.404661235433638,43.508301536557695,8.724347736413323,5.960606373105084,5.434670516654635,5.558420129937094,22.408992471898525,0.0
./Eplus-env-08-19_thermostat_rbc_eco_year_2023_case_14_rep_0_zone_0_onoffseed_5_tempseed_15_comforttemp_20_setbacktemp_13_paper2_final_runs_v4-res1,2023,14,0,0,5,15,20,13,0.0,0.0,0.0,0.0,0.0,0.0,0.3918737753944519,29.28740847684851,22.635866762916365,9.38434567391977,38.300505310920904,0.0
./Eplus-env-08-19_thermostat_rbc_eco_year_2022_case_14_rep_0_zone_0_onoffseed_5_tempseed_10_comforttemp_20_setbacktemp_13_paper2_final_runs_v4-res1,2022,14,0,0,5,10,20,13,0.0,0.0,0.0,0.0,0.010312467773538208,0.27843662988553164,23.213364958234507,20.893059709188407,10.013406208105598,8.064349798906878,37.52707022790554,0.0
./Eplus-env-08-19_thermostat_rbc_eco_year_2023_case_13_rep_0_zone_0_onoffseed_10_tempseed_42_comforttemp_20_setbacktemp_17_paper2_final_runs_v4-res1,2023,13,0,0,10,42,20,17,0.0,0.10312467773538209,1.443745488295349,3.629988656285449,24.47148602660617,14.251830463029801,7.734350830153655,6.074043518614005,5.383108177786944,5.692482210993091,31.215839950500158,0.0
./Eplus-env-08-19_thermostat_rbc_eco_year_2022_case_13_rep_0_zone_0_onoffseed_10_tempseed_15_comforttemp_20_setbacktemp_17_paper2_final_runs_v4-res1,2022,13,0,0,10,15,20,17,0.010312467773538208,0.010312467773538208,0.1546870166030731,0.6187480664122924,1.289058471692276,2.8462411054965453,5.084046612354336,27.54460142312055,17.02588429411158,8.992471898525316,36.423636176136945,0.0
./Eplus-env-08-19_thermostat_rbc_eco_year_2023_case_10_rep_0_zone_9_onoffseed_5_tempseed_42_comforttemp_19_setbacktemp_13_paper2_final_runs_v4-res1,2023,10,0,9,5,42,19,13,0.0,0.0,0.0,24.84273486645354,29.493657832319276,4.712797772506961,4.516860884809735,4.991234402392492,5.2799835000515625,5.455295452201712,20.707435289264723,0.0
./Eplus-env-08-19_thermostat_rbc_eco_year_2022_case_14_rep_0_zone_0_onoffseed_15_tempseed_30_comforttemp_20_setbacktemp_17_paper2_final_runs_v4-res1,2022,14,0,0,15,30,20,17,0.010312467773538208,0.1340620810559967,0.742497679694751,1.979993812519336,3.877487882850366,16.695885325358358,17.737444570485717,8.85840981746932,7.9715375889450355,6.899040940497062,35.09332783335052,0.0
./Eplus-env-08-19_thermostat_rbc_eco_year_2023_case_14_rep_0_zone_0_onoffseed_15_tempseed_15_comforttemp_20_setbacktemp_13_paper2_final_runs_v4-res1,2023,14,0,0,15,15,20,13,0.0,0.05156233886769104,0.16499948437661133,0.5053109209033722,1.4231205527482726,3.5784263174177577,6.6102918428379915,23.60523873362896,19.408064349798906,8.373723832113026,36.27926162730741,0.0
./Eplus-env-08-19_thermostat_rbc_eco_year_2023_case_12_rep_0_zone_9_onoffseed_5_tempseed_42_comforttemp_19_setbacktemp_13_paper2_final_runs_v4-res1,2023,12,0,9,5,42,19,13,0.0,0.0,0.0,29.52459523563989,25.32742085180984,5.2799835000515625,5.156233886769104,5.960606373105084,5.135608951222028,4.970609466845416,18.64494173455708,0.0
./Eplus-env-08-19_thermostat_rbc_eco_year_2022_case_12_rep_0_zone_0_onoffseed_10_tempseed_15_comforttemp_20_setbacktemp_13_paper2_final_runs_v4-res1,2022,12,0,0,10,15,20,13,0.3093740332061462,0.6393730019593689,1.825306795916263,3.0421779931937714,3.619676188511911,3.4546767041352995,3.8568629473032896,18.24275549138909,30.927090852841083,8.57997318758379,25.20367123852738,0.29906156543260803
./Eplus-env-08-19_thermostat_rbc_eco_year_2022_case_12_rep_0_zone_0_onoffseed_10_tempseed_42_comforttemp_20_setbacktemp_17_paper2_final_runs_v4-res1,2022,12,0,0,10,42,20,17,0.0,0.8249974218830567,5.764669485407858,4.754047643601114,9.961843869237908,33.195833763019486,6.6412292461586055,5.7543570176343195,5.228421161183872,5.2696710322780245,22.60492935959575,0.0
./Eplus-env-08-19_thermostat_rbc_eco_year_2022_case_6_rep_0_zone_0_onoffseed_10_tempseed_10_comforttemp_20_setbacktemp_13_paper2_final_runs_v4-res1,2022,6,0,0,10,10,20,13,0.5774981953181396,1.2581210683716613,3.0421779931937714,3.4340517685882235,3.846550479529751,3.980612560585748,14.447767350727029,32.81427245539857,7.497164071362277,6.135918325255234,22.223368051974838,0.742497679694751
./Eplus-env-08-19_thermostat_rbc_eco_year_2023_case_10_rep_0_zone_0_onoffseed_10_tempseed_15_comforttemp_20_setbacktemp_15_paper2_final_runs_v4-res1,2023,10,0,0,10,15,20,15,0.3918737753944519,0.8662472929772095,1.78405692482211,3.1040527998350007,4.465298545942044,4.186861916056513,2.495617201196246,14.262142930803343,35.83582551304527,8.63153552645148,23.976487573476334,0.0
./Eplus-env-08-19_thermostat_rbc_eco_year_2023_case_1_rep_0_zone_0_onoffseed_10_tempseed_30_comforttemp_20_setbacktemp_17_paper2_final_runs_v4-res1,2023,1,0,0,10,30,20,17,0.0,0.7837475507889038,4.8468598535629575,5.3006084355986385,4.166236980509436,6.012168711972775,40.95080952872022,8.002474992265649,6.218418067443539,5.218108693410333,18.500567185727547,0.0
./Eplus-env-08-19_thermostat_rbc_eco_year_2022_case_5_rep_0_zone_9_onoffseed_5_tempseed_42_comforttemp_21_setbacktemp_17_paper2_final_runs_v4-res1,2022,5,0,9,5,42,21,17,0.0,0.0,0.0,0.0,0.0,25.32742085180984,38.42425492420336,6.04310611529339,5.331545838919253,5.032484273486645,19.841187996287513,0.0
./Eplus-env-08-19_thermostat_rbc_eco_year_2023_case_12_rep_0_zone_0_onoffseed_5_tempseed_15_comforttemp_20_setbacktemp_13_paper2_final_runs_v4-res1,2023,12,0,0,5,15,20,13,0.0,0.0,0.0,0.0,0.0,0.0,0.0,13.818706816541198,53.15045890481592,9.600907497164071,23.42992678147881,0.0
./Eplus-env-08-18_thermostat_rbc_eco_year_2022_case_0_rep_0_zone_0_onoffseed_10_tempseed_42_comforttemp_20_setbacktemp_15_paper2_final_runs_v4-res1,2022,0,0,0,10,42,20,15,2.4131174590079407,3.4340517685882235,3.4856141074559144,3.5784263174177577,6.940290811591214,38.20769310095906,6.507167165102609,5.310920903372177,4.8571723213364955,5.352170774466329,19.624626173043207,0.2887490976590698
./Eplus-env-08-19_thermostat_rbc_eco_year_2023_case_14_rep_0_zone_0_onoffseed_5_tempseed_15_comforttemp_20_setbacktemp_15_paper2_final_runs_v4-res1,2023,14,0,0,5,15,20,15,0.0,0.0,0.0,0.0,0.0,0.0,0.5259358564504486,29.380220686810354,23.017428070537278,9.580282561616995,37.49613282458492,0.0
./Eplus-env-08-19_thermostat_rbc_eco_year_2022_case_11_rep_0_zone_0_onoffseed_15_tempseed_10_comforttemp_20_setbacktemp_15_paper2_final_runs_v4-res1,2022,11,0,0,15,10,20,15,1.2065587295039704,2.815303702175931,3.764050737341446,5.073734144580798,4.908734660204187,4.589048159224503,15.36557698257193,26.2349180158812,7.290914715891512,6.063731050840466,22.285242858616066,0.4021862431679901
./Eplus-env-08-19_thermostat_rbc_eco_year_2022_case_11_rep_0_zone_0_onoffseed_5_tempseed_15_comforttemp_20_setbacktemp_15_paper2_final_runs_v4-res1,2022,11,0,0,5,15,20,15,0.0,0.0,0.0,0.0,0.0,0.0,0.020624935547076416,15.210889965968857,52.44921109621532,8.63153552645148,23.687738475817262,0.0
./Eplus-env-08-19_thermostat_rbc_eco_year_2023_case_7_rep_0_zone_0_onoffseed_15_tempseed_42_comforttemp_20_setbacktemp_17_paper2_final_runs_v4-res1,2023,7,0,0,15,42,20,17,0.0,1.6190574404454987,9.332783335052078,7.610601216871197,9.136846447354852,28.617098071568524,6.981540682685367,6.32154274517892,6.259667938537692,5.145921418995566,18.974940703310303,0.0
./Eplus-env-08-19_thermostat_rbc_eco_year_2022_case_3_rep_0_zone_0_onoffseed_5_tempseed_30_comforttemp_20_setbacktemp_15_paper2_final_runs_v4-res1,2022,3,0,0,5,30,20,15,0.0,0.0,0.0,0.0,0.8765597607507477,28.99865937918944,14.72620398061256,8.126224605548108,6.589666907290914,6.135918325255234,34.54676704135299,0.0
./Eplus-env-08-19_thermostat_rbc_eco_year_2022_case_9_rep_0_zone_0_onoffseed_15_tempseed_15_comforttemp_20_setbacktemp_15_paper2_final_runs_v4-res1,2022,9,0,0,15,15,20,15,0.09281220996184388,0.2887490976590698,0.31968650097968443,0.5671857275446014,1.392183149427658,3.8362380117562136,6.084355986387543,22.2130555842013,17.520882747241416,9.508095287202227,38.156130762091365,0.020624935547076416
./Eplus-env-08-19_thermostat_rbc_eco_year_2022_case_10_rep_0_zone_9_onoffseed_5_tempseed_42_comforttemp_18_setbacktemp_15_paper2_final_runs_v4-res1,2022,10,0,9,5,42,18,15,0.0,0.0,12.271836650510467,34.082705991543776,6.1977931318964625,5.424358048881097,5.145921418995566,4.279674126018356,4.052799835000516,5.053109209033722,23.491801588120037,0.0
./Eplus-env-08-19_thermostat_rbc_eco_year_2022_case_11_rep_0_zone_0_onoffseed_5_tempseed_30_comforttemp_20_setbacktemp_15_paper2_final_runs_v4-res1,2022,11,0,0,5,30,20,15,0.0,0.0,0.0,0.0,0.0,10.3640301124059,47.7467257914819,8.322161493245334,6.38341755182015,5.568732597710632,21.614932453336085,0.0
./Eplus-env-08-19_thermostat_rbc_eco_year_2023_case_2_rep_0_zone_0_onoffseed_15_tempseed_30_comforttemp_20_setbacktemp_13_paper2_final_runs_v4-res1,2023,2,0,0,15,30,20,13,1.5571826338042694,2.8359286377230073,4.692172836959885,5.960606373105084,5.145921418995566,7.899350314530267,32.28833659894813,7.332164586985665,6.548417036196762,5.970918840878622,18.902753428895537,0.8662472929772095
./Eplus-env-08-19_thermostat_rbc_eco_year_2023_case_1_rep_0_zone_0_onoffseed_10_tempseed_30_comforttemp_20_setbacktemp_15_paper2_final_runs_v4-res1,2023,1,0,0,10,30,20,15,1.041559245127359,2.134680829122409,3.5784263174177577,4.970609466845416,4.052799835000516,6.434979890687842,40.373311333402086,7.218727441476745,6.280292874084768,5.372795710013406,18.397442507992164,0.1443745488295349
./Eplus-env-08-19_thermostat_rbc_eco_year_2022_case_1_rep_0_zone_9_onoffseed_5_tempseed_42_comforttemp_21_setbacktemp_15_paper2_final_runs_v4-res1,2022,1,0,9,5,42,21,15,0.0,0.0,0.0,0.0,0.0,37.58894503454677,26.9361658244818,5.393420645560482,4.413736207074352,5.352170774466329,20.31556151387027,0.0
./Eplus-env-08-19_thermostat_rbc_eco_year_2023_case_9_rep_0_zone_0_onoffseed_10_tempseed_10_comforttemp_20_setbacktemp_13_paper2_final_runs_v4-res1,2023,9,0,0,10,10,20,13,0.0,0.05156233886769104,0.19593688769722595,0.6909353408270599,2.041868619160565,4.3415489326595855,22.37805506857791,20.14024956172012,8.610910590904403,6.857791069402907,34.691141590182525,0.0
./Eplus-env-08-19_thermostat_rbc_eco_year_2023_case_6_rep_0_zone_0_onoffseed_5_tempseed_42_comforttemp_20_setbacktemp_15_paper2_final_runs_v4-res1,2023,6,0,0,5,42,20,15,0.0,0.0,0.0,0.0,8.765597607507477,45.92141899556564,8.16747447664226,7.229039909250283,6.146230793028772,5.486232855522326,18.284005362483242,0.0
./Eplus-env-08-19_thermostat_rbc_eco_year_2023_case_5_rep_0_zone_0_onoffseed_15_tempseed_30_comforttemp_20_setbacktemp_15_paper2_final_runs_v4-res1,2023,5,0,0,15,30,20,15,1.8974940703310301,3.372176961946994,4.8468598535629575,6.362792616273075,4.764360111374652,10.229968031349902,30.793028771785085,8.322161493245334,6.991853150458905,4.8468598535629575,17.304320923997114,0.2681241621119934
./Eplus-env-08-19_thermostat_rbc_eco_year_2023_case_5_rep_0_zone_0_onoffseed_10_tempseed_30_comforttemp_20_setbacktemp_17_paper2_final_runs_v4-res1,2023,5,0,0,10,30,20,17,0.0,0.6599979375064453,5.114984015674951,5.2799835000515625,4.454986078168506,9.83809425595545,37.61988243786738,7.919975250077344,6.084355986387543,4.939672063524801,18.088068474786017,0.0
./Eplus-env-08-19_thermostat_rbc_eco_year_2022_case_10_rep_0_zone_0_onoffseed_10_tempseed_10_comforttemp_20_setbacktemp_15_paper2_final_runs_v4-res1,2022,10,0,0,10,10,20,15,0.494998453129834,1.3715582138805815,2.567804475611014,3.753738269567908,3.4546767041352995,3.5165515107765293,13.416520573373209,33.938331442714244,6.78560379498814,5.919356502010931,24.677735382076932,0.10312467773538209
./Eplus-env-08-19_thermostat_rbc_eco_year_2023_case_3_rep_0_zone_0_onoffseed_10_tempseed_10_comforttemp_20_setbacktemp_17_paper2_final_runs_v4-res1,2023,3,0,0,10,10,20,17,0.0,0.010312467773538208,0.4434361142621429,1.6087449726719605,3.021553057646695,5.795606888728472,33.18552129524595,10.487779725688357,7.0331030215530586,6.280292874084768,32.13364958234505,0.0
./Eplus-env-08-19_thermostat_rbc_eco_year_2022_case_5_rep_0_zone_0_onoffseed_15_tempseed_30_comforttemp_20_setbacktemp_15_paper2_final_runs_v4-res1,2022,5,0,0,15,30,20,15,2.1037434258017944,3.56811384964422,4.8262349180158814,4.970609466845416,4.073424770547592,12.581210683716613,29.545220171186966,6.630916778385068,6.053418583066928,5.2902959678251005,19.934000206249355,0.42281117871506657
./Eplus-env-08-19_thermostat_rbc_eco_year_2022_case_7_rep_0_zone_0_onoffseed_10_tempseed_30_comforttemp_20_setbacktemp_13_paper2_final_runs_v4-res1,2022,7,0,0,10,30,20,13,0.7218727441476745,1.7531195215014954,3.3103021553057643,3.908425286170981,3.3618644941734557,13.725894606579356,30.700216561823247,7.466226668041662,6.249355470764153,5.805919356502011,22.274930390842528,0.7218727441476745
./Eplus-env-08-19_thermostat_rbc_eco_year_2022_case_6_rep_0_zone_0_onoffseed_5_tempseed_30_comforttemp_20_setbacktemp_13_paper2_final_runs_v4-res1,2022,6,0,0,5,30,20,13,0.0,0.0,0.0,0.010312467773538208,0.05156233886769104,10.085593482520368,48.520160874497265,8.105599670001032,6.373105084046612,5.176858822316181,21.676807259977313,0.0
./Eplus-env-08-18_thermostat_rbc_eco_year_2022_case_0_rep_0_zone_0_onoffseed_10_tempseed_10_comforttemp_20_setbacktemp_17_paper2_final_runs_v4-res1,2022,0,0,0,10,10,20,17,0.0,0.6496854697329071,4.228111787150665,4.599360626998041,3.733113334020831,3.506239043002991,8.05403733113334,42.116118387130044,6.373105084046612,6.280292874084768,20.459936062699803,0.0
./Eplus-env-08-19_thermostat_rbc_eco_year_2023_case_9_rep_0_zone_9_onoffseed_5_tempseed_42_comforttemp_19_setbacktemp_13_paper2_final_runs_v4-res1,2023,9,0,9,5,42,19,13,0.0,0.04124987109415283,0.6703104052799835,24.95617201196246,11.704650922965866,7.239352377023822,6.6412292461586055,5.878106630916778,5.197483757863257,4.980921934618954,32.690522842116124,0.0
./Eplus-env-08-19_thermostat_rbc_eco_year_2022_case_9_rep_0_zone_0_onoffseed_10_tempseed_15_comforttemp_20_setbacktemp_17_paper2_final_runs_v4-res1,2022,9,0,0,10,15,20,17,0.010312467773538208,0.030937403320614624,0.27843662988553164,0.31968650097968443,0.8662472929772095,2.567804475611014,4.970609466845416,25.71929462720429,17.90244405486233,9.394658141693307,37.93956893884707,0.0
./Eplus-env-08-19_thermostat_rbc_eco_year_2023_case_3_rep_0_zone_0_onoffseed_15_tempseed_42_comforttemp_20_setbacktemp_13_paper2_final_runs_v4-res1,2023,3,0,0,15,42,20,13,0.41249871094152835,0.938434567391977,2.6090543467051663,5.228421161183872,23.92492523460864,12.457461070434155,7.5384139424564305,5.372795710013406,4.578735691450964,5.558420129937094,31.308652160461996,0.07218727441476745
./Eplus-env-08-19_thermostat_rbc_eco_year_2023_case_4_rep_0_zone_0_onoffseed_10_tempseed_30_comforttemp_20_setbacktemp_13_paper2_final_runs_v4-res1,2023,4,0,0,10,30,20,13,0.030937403320614624,0.1443745488295349,0.4021862431679901,1.825306795916263,3.5784263174177577,24.06929978343818,16.427761163246366,8.786222543054553,6.063731050840466,5.86779416314324,32.803959987625035,0.0
./Eplus-env-08-19_thermostat_rbc_eco_year_2023_case_5_rep_0_zone_0_onoffseed_15_tempseed_10_comforttemp_20_setbacktemp_15_paper2_final_runs_v4-res1,2023,5,0,0,15,10,20,15,1.3199958750128906,2.5162421367433225,3.9187377539445194,6.15654326080231,5.774981953181396,4.166236980509436,13.179333814581828,30.576466948540787,8.435598638754254,5.7543570176343195,17.964318861503557,0.23718675879137877
./Eplus-env-08-19_thermostat_rbc_eco_year_2023_case_8_rep_0_zone_0_onoffseed_5_tempseed_30_comforttemp_20_setbacktemp_15_paper2_final_runs_v4-res1,2023,8,0,0,5,30,20,15,0.0,0.0,0.0,0.0,0.04124987109415283,7.5384139424564305,34.22708054037331,12.436836134887079,6.579354439517377,6.218418067443539,32.95864700422811,0.0
./Eplus-env-08-19_thermostat_rbc_eco_year_2023_case_4_rep_0_zone_9_onoffseed_5_tempseed_42_comforttemp_18_setbacktemp_13_paper2_final_runs_v4-res1,2023,4,0,9,5,42,18,13,0.0,0.17531195215014952,7.992162524492111,24.894297205321234,8.188099412189336,7.1156027637413635,5.207796225636795,5.042796741260184,5.2799835000515625,5.207796225636795,30.89615344952047,0.0
./Eplus-env-08-19_thermostat_rbc_eco_year_2022_case_4_rep_0_zone_0_onoffseed_10_tempseed_10_comforttemp_20_setbacktemp_17_paper2_final_runs_v4-res1,2022,4,0,0,10,10,20,17,0.0,0.06187480664122925,0.247499226564917,0.8868722285242858,2.330617716819635,4.3209239971125095,26.81241621119934,14.189955656388573,8.85840981746932,7.806538104568424,34.484892234711765,0.0
./Eplus-env-08-19_thermostat_rbc_eco_year_2023_case_4_rep_0_zone_0_onoffseed_15_tempseed_15_comforttemp_20_setbacktemp_15_paper2_final_runs_v4-res1,2023,4,0,0,15,15,20,15,0.020624935547076416,0.09281220996184388,0.2887490976590698,0.5878106630916778,2.1759307002165618,4.124987109415283,7.1052902959678255,28.400536248324226,14.67464164174487,8.012787460039188,34.51582963803238,0.0
./Eplus-env-08-19_thermostat_rbc_eco_year_2022_case_4_rep_0_zone_0_onoffseed_15_tempseed_15_comforttemp_20_setbacktemp_17_paper2_final_runs_v4-res1,2022,4,0,0,15,15,20,17,0.0,0.010312467773538208,0.2681241621119934,0.8353098896565948,2.0624935547076415,4.3312364648860475,6.33185521295246,26.090543467051663,15.12839022378055,8.56966071981025,36.372073837269255,0.0
./Eplus-env-08-19_thermostat_rbc_eco_year_2023_case_12_rep_0_zone_9_onoffseed_5_tempseed_42_comforttemp_19_setbacktemp_15_paper2_final_runs_v4-res1,2023,12,0,9,5,42,19,15,0.0,0.0,0.0,24.244611735588325,30.349592657522944,5.022171805713107,5.2799835000515625,5.651232339898938,5.620294936578323,4.764360111374652,19.067752913272145,0.0
./Eplus-env-08-18_thermostat_rbc_eco_year_2023_case_0_rep_0_zone_0_onoffseed_5_tempseed_15_comforttemp_20_setbacktemp_17_paper2_final_runs_v4-res1,2023,0,0,0,5,15,20,17,0.0,0.0,0.0,0.0,0.0,0.0,0.0,6.5999793750644535,65.77291945962669,8.219036815509952,19.408064349798906,0.0
./Eplus-env-08-19_thermostat_rbc_eco_year_2022_case_1_rep_0_zone_0_onoffseed_10_tempseed_10_comforttemp_20_setbacktemp_15_paper2_final_runs_v4-res1,2022,1,0,0,10,10,20,15,0.8043724863359802,1.7428070537279572,3.186552542023306,3.5371764463236053,3.6403011240589875,3.4546767041352995,8.909972156337012,40.60018562441992,6.38341755182015,6.15654326080231,21.501495307827163,0.08249974218830566
./Eplus-env-08-19_thermostat_rbc_eco_year_2022_case_4_rep_0_zone_0_onoffseed_15_tempseed_10_comforttemp_20_setbacktemp_15_paper2_final_runs_v4-res1,2022,4,0,0,15,10,20,15,0.10312467773538209,0.31968650097968443,0.45374858203568114,1.4024956172011962,3.073115396514386,5.805919356502011,24.605548107662166,13.385583170052593,8.425286170980716,7.1052902959678255,35.20676497885944,0.11343714550892028
./Eplus-env-08-19_thermostat_rbc_eco_year_2023_case_4_rep_0_zone_0_onoffseed_15_tempseed_42_comforttemp_20_setbacktemp_15_paper2_final_runs_v4-res1,2023,4,0,0,15,42,20,15,0.19593688769722595,0.42281117871506657,1.7428070537279572,3.6918634629266784,18.098380942559555,15.726513354645766,9.704032174899453,6.919665876044137,5.114984015674951,5.878106630916778,32.494585954418895,0.010312467773538208
./Eplus-env-08-19_thermostat_rbc_eco_year_2023_case_9_rep_0_zone_0_onoffseed_15_tempseed_10_comforttemp_20_setbacktemp_15_paper2_final_runs_v4-res1,2023,9,0,0,15,10,20,15,0.0,0.10312467773538209,0.2681241621119934,0.9590595029390534,2.8049912344023924,5.692482210993091,20.171186965040736,19.748375786325667,9.219346189543158,6.393730019593689,34.63957925131484,0.0
./Eplus-env-08-19_thermostat_rbc_eco_year_2022_case_13_rep_0_zone_0_onoffseed_5_tempseed_30_comforttemp_20_setbacktemp_13_paper2_final_runs_v4-res1,2022,13,0,0,5,30,20,13,0.0,0.0,0.0,0.0,0.2887490976590698,26.554604516860884,16.190574404454985,8.435598638754254,6.857791069402907,6.352480148499535,35.32020212436836,0.0
./Eplus-env-08-19_thermostat_rbc_eco_year_2023_case_10_rep_0_zone_9_onoffseed_5_tempseed_42_comforttemp_21_setbacktemp_13_paper2_final_runs_v4-res1,2023,10,0,9,5,42,21,13,0.0,0.0,0.0,0.0,0.0,34.85614107455915,26.688666597916882,5.991543776425699,5.847169227596163,5.599670001031247,21.016809322470866,0.0
./Eplus-env-08-19_thermostat_rbc_eco_year_2023_case_10_rep_0_zone_0_onoffseed_10_tempseed_10_comforttemp_20_setbacktemp_17_paper2_final_runs_v4-res1,2023,10,0,0,10,10,20,17,0.0,0.5156233886769104,2.815303702175931,4.08373723832113,5.3006084355986385,3.423739300814685,10.405279983500051,37.001134371455095,7.868412911209652,6.404042487367227,22.182118180880686,0.0
./Eplus-env-08-19_thermostat_rbc_eco_year_2023_case_10_rep_0_zone_0_onoffseed_5_tempseed_15_comforttemp_20_setbacktemp_17_paper2_final_runs_v4-res1,2023,10,0,0,5,15,20,17,0.0,0.0,0.0,0.0,0.0,0.0,0.0,10.446529854594203,56.141074559142,9.095596576260698,24.31679901000309,0.0
./Eplus-env-08-19_thermostat_rbc_eco_year_2023_case_4_rep_0_zone_0_onoffseed_15_tempseed_42_comforttemp_20_setbacktemp_13_paper2_final_runs_v4-res1,2023,4,0,0,15,42,20,13,0.20624935547076417,0.5259358564504486,1.78405692482211,4.155924512735898,17.90244405486233,16.479323502114056,9.72465711044653,6.486542229555532,5.207796225636795,5.836856759822625,31.6592760647623,0.030937403320614624
./Eplus-env-08-19_thermostat_rbc_eco_year_2022_case_4_rep_0_zone_0_onoffseed_5_tempseed_15_comforttemp_20_setbacktemp_13_paper2_final_runs_v4-res1,2022,4,0,0,5,15,20,13,0.0,0.0,0.0,0.0,0.020624935547076416,0.06187480664122925,1.185933793956894,32.48427348664536,17.809631844900483,9.982468804784984,38.455192327523974,0.0
./Eplus-env-08-19_thermostat_rbc_eco_year_2022_case_3_rep_0_zone_0_onoffseed_10_tempseed_15_comforttemp_20_setbacktemp_17_paper2_final_runs_v4-res1,2022,3,0,0,10,15,20,17,0.010312467773538208,0.04124987109415283,0.17531195215014952,0.8456223574301331,1.9078065381045684,3.444364236361761,5.321233371145715,32.55646076106012,11.91090027843663,8.002474992265649,35.78426317417758,0.0
./Eplus-env-08-19_thermostat_rbc_eco_year_2023_case_6_rep_0_zone_9_onoffseed_5_tempseed_42_comforttemp_20_setbacktemp_13_paper2_final_runs_v4-res1,2023,6,0,9,5,42,20,13,0.0,0.0,0.0,0.0,3.5474889140971433,15.344952047024854,41.60049499845313,10.663091677838507,5.651232339898938,5.145921418995566,18.046818603691865,0.0
./Eplus-env-08-19_thermostat_rbc_eco_year_2022_case_8_rep_0_zone_0_onoffseed_10_tempseed_15_comforttemp_20_setbacktemp_13_paper2_final_runs_v4-res1,2022,8,0,0,10,15,20,13,0.06187480664122925,0.11343714550892028,0.22687429101784057,0.6703104052799835,1.5056202949365782,3.2071774775703825,5.321233371145715,26.75054140455811,15.850262967928225,8.435598638754254,37.80550685779107,0.05156233886769104
./Eplus-env-08-19_thermostat_rbc_eco_year_2023_case_10_rep_0_zone_0_onoffseed_15_tempseed_10_comforttemp_20_setbacktemp_15_paper2_final_runs_v4-res1,2023,10,0,0,15,10,20,15,0.989996906259668,1.7634319892750334,3.5165515107765293,5.517170258842941,5.909044034237393,4.8365473857894195,10.99309064659173,30.638341755182015,8.126224605548108,6.249355470764153,21.367433226771166,0.09281220996184388
./Eplus-env-08-19_thermostat_rbc_eco_year_2022_case_5_rep_0_zone_0_onoffseed_10_tempseed_10_comforttemp_20_setbacktemp_15_paper2_final_runs_v4-res1,2022,5,0,0,10,10,20,15,0.742497679694751,1.6912447148602663,2.939053315458389,3.825925543982675,3.619676188511911,4.145612044962359,13.416520573373209,34.0620810559967,7.899350314530267,6.290605341858306,21.181808806847478,0.18562441992368775
./Eplus-env-08-19_thermostat_rbc_eco_year_2023_case_14_rep_0_zone_0_onoffseed_10_tempseed_30_comforttemp_20_setbacktemp_13_paper2_final_runs_v4-res1,2023,14,0,0,10,30,20,13,0.010312467773538208,0.04124987109415283,0.32999896875322265,1.3303083427864288,3.3824894297205326,19.21212746210168,18.428379911312778,10.3640301124059,6.929978343817676,6.053418583066928,33.91770650716717,0.0
./Eplus-env-08-19_thermostat_rbc_eco_year_2023_case_13_rep_0_zone_0_onoffseed_15_tempseed_10_comforttemp_20_setbacktemp_17_paper2_final_runs_v4-res1,2023,13,0,0,15,10,20,17,0.0,0.04124987109415283,0.546560791997525,1.6087449726719605,3.702175930700217,7.0331030215530586,24.708672785397546,15.344952047024854,7.6002887490976585,6.1874806641229245,33.22677116634011,0.0
./Eplus-env-08-18_thermostat_rbc_eco_year_2023_case_0_rep_0_zone_0_onoffseed_15_tempseed_15_comforttemp_20_setbacktemp_15_paper2_final_runs_v4-res1,2023,0,0,0,15,15,20,15,0.9074971640713623,1.9284314736516448,3.4546767041352995,5.352170774466329,5.847169227596163,4.393111271527276,3.588738785191296,9.869031659276065,38.939878312880275,6.73404145612045,18.93369083221615,0.05156233886769104
./Eplus-env-08-19_thermostat_rbc_eco_year_2023_case_12_rep_0_zone_0_onoffseed_5_tempseed_15_comforttemp_20_setbacktemp_15_paper2_final_runs_v4-res1,2023,12,0,0,5,15,20,15,0.0,0.0,0.0,0.0,0.0,0.0,0.0,14.293080334123957,52.45952356398887,10.219655563576364,23.027740538310816,0.0
./Eplus-env-08-19_thermostat_rbc_eco_year_2023_case_5_rep_0_zone_0_onoffseed_10_tempseed_15_comforttemp_20_setbacktemp_17_paper2_final_runs_v4-res1,2023,5,0,0,10,15,20,17,0.0,0.2887490976590698,2.279055377951944,4.176549448282974,4.8468598535629575,4.042487367226977,3.2999896875322268,15.314014643704239,37.702382180055686,8.05403733113334,19.995875012890586,0.0
./Eplus-env-08-19_thermostat_rbc_eco_year_2022_case_5_rep_0_zone_0_onoffseed_10_tempseed_10_comforttemp_20_setbacktemp_17_paper2_final_runs_v4-res1,2022,5,0,0,10,10,20,17,0.0,0.7321852119212128,4.382798803753738,4.8468598535629575,3.671238527379602,3.3824894297205326,12.89058471692276,36.00082499742188,7.734350830153655,5.898731566463855,20.459936062699803,0.0
./Eplus-env-08-19_thermostat_rbc_eco_year_2022_case_6_rep_0_zone_0_onoffseed_5_tempseed_42_comforttemp_20_setbacktemp_15_paper2_final_runs_v4-res1,2022,6,0,0,5,42,20,15,0.0,0.0,0.0,0.0,8.63153552645148,45.02423429926781,8.1777869444158,6.1977931318964625,5.383108177786944,5.7131071465401675,20.87243477364133,0.0
./Eplus-env-08-19_thermostat_rbc_eco_year_2023_case_6_rep_0_zone_9_onoffseed_5_tempseed_42_comforttemp_19_setbacktemp_17_paper2_final_runs_v4-res1,2023,6,0,9,5,42,19,17,0.0,0.0,0.0,17.26307105290296,37.56832009899969,5.7234196143137055,5.414045581107559,5.970918840878622,5.424358048881097,4.754047643601114,17.88181911931525,0.0
./Eplus-env-08-19_thermostat_rbc_eco_year_2023_case_10_rep_0_zone_0_onoffseed_10_tempseed_15_comforttemp_20_setbacktemp_13_paper2_final_runs_v4-res1,2023,10,0,0,10,15,20,13,0.47437351758275753,0.6703104052799835,1.3715582138805815,3.248427348664536,4.3415489326595855,4.207486851603589,2.7018665566670106,13.963081365370734,36.908322161493246,8.724347736413323,23.213364958234507,0.17531195215014952
./Eplus-env-08-19_thermostat_rbc_eco_year_2022_case_10_rep_0_zone_0_onoffseed_5_tempseed_42_comforttemp_20_setbacktemp_15_paper2_final_runs_v4-res1,2022,10,0,0,5,42,20,15,0.0,0.0,0.0,0.0,7.280602248117975,43.12674022893678,7.847787975662576,5.6409198721254,5.393420645560482,5.702794678766629,25.00773435083015,0.0
./Eplus-env-08-19_thermostat_rbc_eco_year_2022_case_11_rep_0_zone_0_onoffseed_5_tempseed_15_comforttemp_20_setbacktemp_13_paper2_final_runs_v4-res1,2022,11,0,0,5,15,20,13,0.0,0.0,0.0,0.0,0.0,0.0,0.030937403320614624,15.850262967928225,50.799216252449206,9.002784366298854,24.31679901000309,0.0
./Eplus-env-08-18_thermostat_rbc_eco_year_2022_case_0_rep_0_zone_9_onoffseed_5_tempseed_42_comforttemp_18_setbacktemp_15_paper2_final_runs_v4-res1,2022,0,0,9,5,42,18,15,0.0,0.0,12.674022893678458,37.50644529235846,6.342167680725998,5.23873362895741,4.475611013715582,5.187171290089719,4.527173352583273,5.135608951222028,18.913065896669075,0.0
./Eplus-env-08-18_thermostat_rbc_eco_year_2022_case_0_rep_0_zone_9_onoffseed_5_tempseed_42_comforttemp_19_setbacktemp_15_paper2_final_runs_v4-res1,2022,0,0,9,5,42,19,15,0.0,0.0,0.0,18.541817056821696,37.09394658141693,5.651232339898938,4.8571723213364955,5.207796225636795,4.589048159224503,5.042796741260184,19.016190574404455,0.0
./Eplus-env-08-19_thermostat_rbc_eco_year_2023_case_13_rep_0_zone_0_onoffseed_5_tempseed_30_comforttemp_20_setbacktemp_13_paper2_final_runs_v4-res1,2023,13,0,0,5,30,20,13,0.0,0.0,0.0,0.0,0.4021862431679901,27.596163761988247,18.758378880065997,8.414973703207178,5.7234196143137055,5.98123130865216,33.12364648860473,0.0
./Eplus-env-08-19_thermostat_rbc_eco_year_2023_case_11_rep_0_zone_0_onoffseed_10_tempseed_42_comforttemp_20_setbacktemp_17_paper2_final_runs_v4-res1,2023,11,0,0,10,42,20,17,0.0,0.8249974218830567,6.280292874084768,6.063731050840466,8.549035784263175,35.268639785500675,6.703104052799835,6.507167165102609,6.33185521295246,4.970609466845416,18.500567185727547,0.0
./Eplus-env-08-19_thermostat_rbc_eco_year_2023_case_11_rep_0_zone_0_onoffseed_10_tempseed_42_comforttemp_20_setbacktemp_15_paper2_final_runs_v4-res1,2023,11,0,0,10,42,20,15,1.5984325048984223,3.2896772197586883,4.032174899453439,4.7849850469217285,9.394658141693307,34.330205218108695,6.991853150458905,6.15654326080231,5.682169743219553,5.156233886769104,18.35619263689801,0.22687429101784057
./Eplus-env-08-18_thermostat_rbc_eco_year_2022_case_0_rep_0_zone_9_onoffseed_5_tempseed_42_comforttemp_18_setbacktemp_13_paper2_final_runs_v4-res1,2022,0,0,9,5,42,18,13,0.0,0.0,20.7280602248118,30.0402186243168,6.486542229555532,5.114984015674951,4.743735175827576,4.444673610394967,4.434361142621429,4.919047127977725,19.08837784881922,0.0
./Eplus-env-08-18_thermostat_rbc_eco_year_2022_case_0_rep_0_zone_9_onoffseed_5_tempseed_42_comforttemp_18_setbacktemp_17_paper2_final_runs_v4-res1,2022,0,0,9,5,42,18,17,0.0,0.0,12.271836650510467,35.74301330308343,7.270289780344437,5.527482726616479,5.032484273486645,5.011859337939569,4.8262349180158814,4.650922965865732,19.665876044137363,0.0
./Eplus-env-08-19_thermostat_rbc_eco_year_2022_case_11_rep_0_zone_0_onoffseed_5_tempseed_15_comforttemp_20_setbacktemp_17_paper2_final_runs_v4-res1,2022,11,0,0,5,15,20,17,0.0,0.0,0.0,0.0,0.0,0.0,0.010312467773538208,15.3037021759307,52.1192121274621,8.353098896565948,24.21367433226771,0.0
./Eplus-env-08-19_thermostat_rbc_eco_year_2023_case_11_rep_0_zone_0_onoffseed_5_tempseed_30_comforttemp_20_setbacktemp_15_paper2_final_runs_v4-res1,2023,11,0,0,5,30,20,15,0.0,0.0,0.0,0.0,0.0,9.631844900484685,50.489842219243066,8.734660204186861,7.1568526348355155,5.548107662163556,18.438692379086316,0.0
./Eplus-env-08-19_thermostat_rbc_eco_year_2023_case_11_rep_0_zone_0_onoffseed_15_tempseed_30_comforttemp_20_setbacktemp_17_paper2_final_runs_v4-res1,2023,11,0,0,15,30,20,17,0.0,1.2993709394658142,6.940290811591214,7.239352377023822,5.857481695369702,9.910281530370217,30.793028771785085,7.672476023512427,6.239043002990615,5.630607404351862,18.418067443539236,0.0
./Eplus-env-08-19_thermostat_rbc_eco_year_2022_case_11_rep_0_zone_0_onoffseed_5_tempseed_42_comforttemp_20_setbacktemp_15_paper2_final_runs_v4-res1,2022,11,0,0,5,42,20,15,0.0,0.0,0.0,0.0,8.765597607507477,46.07610601216871,7.919975250077344,6.548417036196762,4.681860369186346,5.331545838919253,20.676497885944105,0.0
./Eplus-env-08-18_thermostat_rbc_eco_year_2023_case_0_rep_0_zone_9_onoffseed_5_tempseed_42_comforttemp_20_setbacktemp_17_paper2_final_runs_v4-res1,2023,0,0,9,5,42,20,17,0.0,0.0,0.0,0.0,17.10838403629989,44.16829947406414,6.115293389708157,6.084355986387543,5.620294936578323,4.8262349180158814,16.077137258946067,0.0
./Eplus-env-08-19_thermostat_rbc_eco_year_2022_case_4_rep_0_zone_0_onoffseed_10_tempseed_15_comforttemp_20_setbacktemp_17_paper2_final_runs_v4-res1,2022,4,0,0,10,15,20,17,0.0,0.020624935547076416,0.18562441992368775,0.4434361142621429,1.1962462617304321,2.8359286377230073,5.434670516654635,29.194596266886663,15.004640610498093,8.51809838094256,37.1661338558317,0.0
./Eplus-env-08-19_thermostat_rbc_eco_year_2023_case_11_rep_0_zone_9_onoffseed_5_tempseed_42_comforttemp_19_setbacktemp_17_paper2_final_runs_v4-res1,2023,11,0,9,5,42,19,17,0.0,0.0,0.0,17.07744663297927,37.85706919665876,5.898731566463855,5.6409198721254,5.558420129937094,5.444982984428174,5.135608951222028,17.386820666185418,0.0
./Eplus-env-08-19_thermostat_rbc_eco_year_2023_case_9_rep_0_zone_0_onoffseed_15_tempseed_30_comforttemp_20_setbacktemp_17_paper2_final_runs_v4-res1,2023,9,0,0,15,30,20,17,0.0,0.08249974218830566,0.5981231308652161,2.206868103537176,4.424048674847891,18.614004331236465,18.00556873259771,10.17840569248221,7.24966484479736,5.888419098690316,32.752397648757345,0.0
./Eplus-env-08-19_thermostat_rbc_eco_year_2023_case_3_rep_0_zone_9_onoffseed_5_tempseed_42_comforttemp_19_setbacktemp_15_paper2_final_runs_v4-res1,2023,3,0,9,5,42,19,15,0.0,0.0,0.020624935547076416,35.08301536557698,9.301845931731464,5.7131071465401675,4.3621738682066615,4.609673094771579,4.754047643601114,5.558420129937094,30.597091884087863,0.0
./Eplus-env-08-19_thermostat_rbc_eco_year_2022_case_5_rep_0_zone_9_onoffseed_5_tempseed_42_comforttemp_19_setbacktemp_15_paper2_final_runs_v4-res1,2022,5,0,9,5,42,19,15,0.0,0.0,0.0,17.71681963493864,38.07363101990306,5.599670001031247,4.578735691450964,4.8571723213364955,4.723110240280499,5.145921418995566,19.304939672063526,0.0
./Eplus-env-08-19_thermostat_rbc_eco_year_2023_case_1_rep_0_zone_0_onoffseed_15_tempseed_15_comforttemp_20_setbacktemp_17_paper2_final_runs_v4-res1,2023,1,0,0,15,15,20,17,0.0,0.5878106630916778,4.073424770547592,5.496545323295865,6.1977931318964625,5.496545323295865,4.104362173868207,9.363720738372692,37.89831906775291,6.878416004949985,19.90306280292874,0.0
./Eplus-env-08-19_thermostat_rbc_eco_year_2023_case_1_rep_0_zone_0_onoffseed_10_tempseed_30_comforttemp_20_setbacktemp_13_paper2_final_runs_v4-res1,2023,1,0,0,10,30,20,13,1.0621841806744354,1.9696813447457977,3.877487882850366,4.300299061565433,3.8671754150768276,6.723728988346911,41.05393420645561,6.899040940497062,6.33185521295246,5.23873362895741,18.036506135918327,0.6393730019593689
./Eplus-env-08-19_thermostat_rbc_eco_year_2023_case_1_rep_0_zone_0_onoffseed_15_tempseed_10_comforttemp_20_setbacktemp_17_paper2_final_runs_v4-res1,2023,1,0,0,15,10,20,17,0.0,0.8662472929772095,5.486232855522326,6.38341755182015,5.888419098690316,4.3312364648860475,7.352789522532742,37.81581932556461,7.167165102609055,5.579045065484171,19.129627719913376,0.0
./Eplus-env-08-19_thermostat_rbc_eco_year_2022_case_3_rep_0_zone_0_onoffseed_10_tempseed_42_comforttemp_20_setbacktemp_17_paper2_final_runs_v4-res1,2022,3,0,0,10,42,20,17,0.0,0.3403114365267609,1.5778075693513458,4.393111271527276,23.64648860472311,11.838713004021862,6.888728472723522,6.929978343817676,5.651232339898938,5.548107662163556,33.18552129524595,0.0
./Eplus-env-08-19_thermostat_rbc_eco_year_2023_case_3_rep_0_zone_9_onoffseed_5_tempseed_42_comforttemp_18_setbacktemp_15_paper2_final_runs_v4-res1,2023,3,0,9,5,42,18,15,0.0,0.0,28.25616169949469,11.632463648551099,6.1977931318964625,4.877797256883572,4.681860369186346,4.48592348148912,4.537485820356811,5.073734144580798,30.2567804475611,0.0
./Eplus-env-08-19_thermostat_rbc_eco_year_2023_case_1_rep_0_zone_9_onoffseed_5_tempseed_42_comforttemp_20_setbacktemp_17_paper2_final_runs_v4-res1,2023,1,0,9,5,42,20,17,0.0,0.0,0.0,0.0,17.974631329277095,42.34299267814788,6.012168711972775,5.991543776425699,5.568732597710632,5.06342167680726,17.046509229658657,0.0
./Eplus-env-08-19_thermostat_rbc_eco_year_2022_case_12_rep_0_zone_0_onoffseed_5_tempseed_30_comforttemp_20_setbacktemp_17_paper2_final_runs_v4-res1,2022,12,0,0,5,30,20,17,0.0,0.0,0.0,0.0,0.0,10.539342064556049,46.71547901412808,8.693410333092709,6.125605857481696,5.517170258842941,22.408992471898525,0.0
./Eplus-env-08-19_thermostat_rbc_eco_year_2022_case_12_rep_0_zone_9_onoffseed_5_tempseed_42_comforttemp_21_setbacktemp_13_paper2_final_runs_v4-res1,2022,12,0,9,5,42,21,13,0.0,0.0,0.0,0.0,0.0,26.29679282252243,25.966793853769204,14.076518510879655,6.259667938537692,5.084046612354336,22.316180261936683,0.0
./Eplus-env-08-19_thermostat_rbc_eco_year_2022_case_12_rep_0_zone_0_onoffseed_5_tempseed_30_comforttemp_20_setbacktemp_15_paper2_final_runs_v4-res1,2022,12,0,0,5,30,20,15,0.0,0.0,0.0,0.0,0.0,11.085902856553572,45.85954418892441,8.394348767660102,6.104980921934619,5.7234196143137055,22.83180365061359,0.0
./Eplus-env-08-19_thermostat_rbc_eco_year_2022_case_2_rep_0_zone_0_onoffseed_10_tempseed_10_comforttemp_20_setbacktemp_15_paper2_final_runs_v4-res1,2022,2,0,0,10,10,20,15,0.5878106630916778,1.4540579560688873,2.196555635763638,3.2896772197586883,3.702175930700217,3.526863978550067,9.765906981540683,38.9192533773332,6.919665876044137,6.012168711972775,23.58461379808188,0.04124987109415283
./Eplus-env-08-19_thermostat_rbc_eco_year_2023_case_2_rep_0_zone_0_onoffseed_10_tempseed_42_comforttemp_20_setbacktemp_15_paper2_final_runs_v4-res1,2023,2,0,0,10,42,20,15,1.6087449726719605,2.8668660410436217,4.104362173868207,4.8571723213364955,6.465917294008457,37.32082087243477,7.002165618232444,6.094668454161081,6.496854697329072,4.702485304733423,18.335567701350932,0.1443745488295349
./Eplus-env-08-19_thermostat_rbc_eco_year_2023_case_2_rep_0_zone_0_onoffseed_15_tempseed_30_comforttemp_20_setbacktemp_15_paper2_final_runs_v4-res1,2023,2,0,0,15,30,20,15,1.5778075693513458,3.145302670929153,5.011859337939569,7.084665360420749,5.187171290089719,7.682788491285965,32.752397648757345,7.507476539135816,6.44529235846138,4.877797256883572,18.541817056821696,0.18562441992368775
./Eplus-env-08-19_thermostat_rbc_eco_year_2023_case_2_rep_0_zone_0_onoffseed_5_tempseed_10_comforttemp_20_setbacktemp_15_paper2_final_runs_v4-res1,2023,2,0,0,5,10,20,15,0.0,0.0,0.0,0.0,0.0,0.0,7.053727957100134,57.471382901928436,8.909972156337012,6.579354439517377,19.985562545117048,0.0
./Eplus-env-08-18_thermostat_rbc_eco_year_2022_case_0_rep_0_zone_0_onoffseed_15_tempseed_10_comforttemp_20_setbacktemp_13_paper2_final_runs_v4-res1,2022,0,0,0,15,10,20,13,1.247808600598123,2.5471795400639374,4.228111787150665,4.8056099824688046,4.7952975146952665,4.599360626998041,9.394658141693307,34.876766010106216,6.744353923893988,6.1977931318964625,19.83087552851397,0.7321852119212128
./Eplus-env-08-19_thermostat_rbc_eco_year_2023_case_2_rep_0_zone_0_onoffseed_10_tempseed_30_comforttemp_20_setbacktemp_17_paper2_final_runs_v4-res1,2023,2,0,0,10,30,20,17,0.0,0.5671857275446014,4.537485820356811,6.146230793028772,4.527173352583273,6.6721666494792204,40.01237496132825,7.724038362380117,6.300917809631845,5.125296483448489,18.387130040218626,0.0
./Eplus-env-08-19_thermostat_rbc_eco_year_2022_case_8_rep_0_zone_0_onoffseed_10_tempseed_10_comforttemp_20_setbacktemp_13_paper2_final_runs_v4-res1,2022,8,0,0,10,10,20,13,0.09281220996184388,0.06187480664122925,0.48468598535629576,1.0518717129008972,2.5884294111580903,4.8262349180158814,25.162421367433225,14.313705269671031,8.549035784263175,6.826853666082293,35.969887594101266,0.07218727441476745
./Eplus-env-08-19_thermostat_rbc_eco_year_2023_case_1_rep_0_zone_0_onoffseed_5_tempseed_30_comforttemp_20_setbacktemp_15_paper2_final_runs_v4-res1,2023,1,0,0,5,30,20,15,0.0,0.0,0.0,0.0,0.0,5.960606373105084,54.52201711869651,8.353098896565948,6.218418067443539,5.671857275446015,19.27400226874291,0.0
./Eplus-env-08-19_thermostat_rbc_eco_year_2022_case_1_rep_0_zone_0_onoffseed_15_tempseed_15_comforttemp_20_setbacktemp_15_paper2_final_runs_v4-res1,2022,1,0,0,15,15,20,15,0.938434567391977,1.443745488295349,3.062802928740848,4.650922965865732,4.754047643601114,4.599360626998041,4.8056099824688046,11.054965453232958,34.63957925131484,7.012478086005982,22.883365989481284,0.1546870166030731
./Eplus-env-08-19_thermostat_rbc_eco_year_2023_case_1_rep_0_zone_0_onoffseed_5_tempseed_10_comforttemp_20_setbacktemp_15_paper2_final_runs_v4-res1,2023,1,0,0,5,10,20,15,0.0,0.0,0.0,0.0,0.0,0.0,6.630916778385068,59.58543879550376,8.652160461998557,6.32154274517892,18.80994121893369,0.0
./Eplus-env-08-19_thermostat_rbc_eco_year_2022_case_5_rep_0_zone_0_onoffseed_15_tempseed_42_comforttemp_20_setbacktemp_17_paper2_final_runs_v4-res1,2022,5,0,0,15,42,20,17,0.0,1.7118696504073425,9.95153140146437,6.146230793028772,9.734969578220069,29.52459523563989,6.6721666494792204,6.022481179746313,5.197483757863257,5.053109209033722,19.985562545117048,0.0
./Eplus-env-08-19_thermostat_rbc_eco_year_2023_case_5_rep_0_zone_0_onoffseed_10_tempseed_10_comforttemp_20_setbacktemp_15_paper2_final_runs_v4-res1,2023,5,0,0,10,10,20,15,1.144683922862741,1.6087449726719605,2.8359286377230073,4.063112302774054,4.609673094771579,3.1143652676085387,12.60183561926369,37.27957100134062,8.610910590904403,5.816231824275549,18.211818088068473,0.10312467773538209
./Eplus-env-08-19_thermostat_rbc_eco_year_2022_case_5_rep_0_zone_0_onoffseed_10_tempseed_30_comforttemp_20_setbacktemp_17_paper2_final_runs_v4-res1,2022,5,0,0,10,30,20,17,0.0,0.8765597607507477,5.228421161183872,4.764360111374652,3.588738785191296,11.580901309683407,35.5470764153862,6.713416520573373,5.517170258842941,5.7337320820872435,20.449623594926265,0.0
./Eplus-env-08-19_thermostat_rbc_eco_year_2023_case_6_rep_0_zone_0_onoffseed_5_tempseed_15_comforttemp_20_setbacktemp_13_paper2_final_runs_v4-res1,2023,6,0,0,5,15,20,13,0.0,0.0,0.0,0.0,0.0,0.0,0.08249974218830566,13.69495720325874,55.54295142827679,8.7449726719604,21.93461895431577,0.0
./Eplus-env-08-19_thermostat_rbc_eco_year_2022_case_6_rep_0_zone_9_onoffseed_5_tempseed_42_comforttemp_20_setbacktemp_15_paper2_final_runs_v4-res1,2022,6,0,9,5,42,20,15,0.0,0.0,0.0,0.0,27.96741260183562,31.164277611632464,5.197483757863257,5.393420645560482,4.671547901412808,5.3006084355986385,20.305249046096733,0.0
./Eplus-env-08-18_thermostat_rbc_eco_year_2023_case_0_rep_0_zone_0_onoffseed_10_tempseed_42_comforttemp_20_setbacktemp_15_paper2_final_runs_v4-res1,2023,0,0,0,10,42,20,15,2.031556151387027,3.68155099515314,4.496235949262658,4.506548417036197,6.001856244199237,38.52737960193874,7.208414973703207,6.404042487367227,5.46560791997525,4.8571723213364955,16.561823244302364,0.2578116943384552
./Eplus-env-08-19_thermostat_rbc_eco_year_2023_case_3_rep_0_zone_0_onoffseed_10_tempseed_42_comforttemp_20_setbacktemp_15_paper2_final_runs_v4-res1,2023,3,0,0,10,42,20,15,0.19593688769722595,0.6393730019593689,1.825306795916263,3.588738785191296,26.30710529029597,12.209961843869237,7.5384139424564305,5.383108177786944,5.166546354542642,5.847169227596163,31.28802722491492,0.010312467773538208
./Eplus-env-08-19_thermostat_rbc_eco_year_2022_case_3_rep_0_zone_0_onoffseed_15_tempseed_10_comforttemp_20_setbacktemp_13_paper2_final_runs_v4-res1,2022,3,0,0,15,10,20,13,0.10312467773538209,0.2887490976590698,0.8249974218830567,1.9181190058781068,4.001237496132824,6.899040940497062,26.13179333814582,11.766525729607096,7.5487264102299685,6.703104052799835,33.67020728060225,0.1443745488295349
./Eplus-env-08-19_thermostat_rbc_eco_year_2023_case_3_rep_0_zone_0_onoffseed_10_tempseed_15_comforttemp_20_setbacktemp_13_paper2_final_runs_v4-res1,2023,3,0,0,10,15,20,13,0.0,0.05156233886769104,0.20624935547076417,0.6393730019593689,1.7531195215014954,3.4546767041352995,5.939981437558008,35.34082705991543,10.99309064659173,7.6002887490976585,34.02083118490255,0.0
./Eplus-env-08-19_thermostat_rbc_eco_year_2023_case_10_rep_0_zone_0_onoffseed_10_tempseed_10_comforttemp_20_setbacktemp_13_paper2_final_runs_v4-res1,2023,10,0,0,10,10,20,13,0.5774981953181396,1.1549963906362792,2.0624935547076415,3.5990512529648346,4.465298545942044,3.423739300814685,11.302464679797875,36.609260596060636,7.744663297927194,6.465917294008457,22.33680519748376,0.2578116943384552
./Eplus-env-08-19_thermostat_rbc_eco_year_2022_case_11_rep_0_zone_0_onoffseed_5_tempseed_30_comforttemp_20_setbacktemp_13_paper2_final_runs_v4-res1,2022,11,0,0,5,30,20,13,0.0,0.0,0.0,0.0,0.010312467773538208,10.972465711044652,46.581416933072084,8.683097865319171,6.300917809631845,5.7131071465401675,21.73868206661854,0.0
./Eplus-env-08-19_thermostat_rbc_eco_year_2023_case_13_rep_0_zone_0_onoffseed_5_tempseed_15_comforttemp_20_setbacktemp_13_paper2_final_runs_v4-res1,2023,13,0,0,5,15,20,13,0.0,0.0,0.0,0.0,0.0,0.0,0.5774981953181396,38.393317520882746,16.90213468082912,7.631226152418273,36.49582345055172,0.0
./Eplus-env-08-19_thermostat_rbc_eco_year_2023_case_6_rep_0_zone_0_onoffseed_15_tempseed_15_comforttemp_20_setbacktemp_15_paper2_final_runs_v4-res1,2023,6,0,0,15,15,20,15,0.989996906259668,1.443745488295349,2.743116427761163,4.619985562545117,6.38341755182015,5.114984015674951,4.640610498092194,15.520263999175002,29.060534185830672,8.63153552645148,20.676497885944105,0.17531195215014952
./Eplus-env-08-19_thermostat_rbc_eco_year_2023_case_6_rep_0_zone_0_onoffseed_10_tempseed_15_comforttemp_20_setbacktemp_15_paper2_final_runs_v4-res1,2023,6,0,0,10,15,20,15,0.7115602763741363,1.0106218418067443,1.5159327627101165,3.506239043002991,4.403423739300814,4.496235949262658,3.1143652676085387,16.603073115396512,34.95926575229452,8.97184696297824,20.666185418170567,0.04124987109415283
./Eplus-env-08-19_thermostat_rbc_eco_year_2023_case_6_rep_0_zone_0_onoffseed_10_tempseed_10_comforttemp_20_setbacktemp_15_paper2_final_runs_v4-res1,2023,6,0,0,10,10,20,15,0.6187480664122924,1.2993709394658142,2.485304733422708,4.454986078168506,4.630298030318655,3.4134268330411466,14.107455914200267,34.89739094565329,8.683097865319171,6.249355470764153,19.1090027843663,0.05156233886769104
./Eplus-env-08-19_thermostat_rbc_eco_year_2022_case_6_rep_0_zone_0_onoffseed_15_tempseed_10_comforttemp_20_setbacktemp_13_paper2_final_runs_v4-res1,2022,6,0,0,15,10,20,13,0.9178096318449005,1.9593688769722597,3.959987625038672,4.867484789110034,4.8468598535629575,4.7746725791481905,14.90151593276271,27.14241517995256,7.0331030215530586,6.434979890687842,22.16149324533361,1.000309374033206
./Eplus-env-08-19_thermostat_rbc_eco_year_2023_case_5_rep_0_zone_0_onoffseed_15_tempseed_10_comforttemp_20_setbacktemp_13_paper2_final_runs_v4-res1,2023,5,0,0,15,10,20,13,1.2271836650510468,2.1656182324430238,3.753738269567908,5.537795194390018,5.7131071465401675,4.558110755903888,13.581520057749819,31.06115293389708,7.6002887490976585,6.001856244199237,17.71681963493864,1.0828091162215119
./Eplus-env-08-19_thermostat_rbc_eco_year_2023_case_4_rep_0_zone_0_onoffseed_5_tempseed_10_comforttemp_20_setbacktemp_15_paper2_final_runs_v4-res1,2023,4,0,0,5,10,20,15,0.0,0.0,0.0,0.0,0.0,1.0724966484479737,27.27647726100856,20.521810869341035,9.827781788181913,6.971228214911829,34.330205218108695,0.0
./Eplus-env-08-19_thermostat_rbc_eco_year_2022_case_4_rep_0_zone_9_onoffseed_5_tempseed_42_comforttemp_21_setbacktemp_15_paper2_final_runs_v4-res1,2022,4,0,9,5,42,21,15,0.0,0.030937403320614624,0.16499948437661133,0.7115602763741363,3.1556151387026916,34.247705475920384,9.992781272558524,6.476229761781995,6.218418067443539,6.434979890687842,32.56677322883366,0.0
./Eplus-env-08-19_thermostat_rbc_eco_year_2022_case_3_rep_0_zone_0_onoffseed_10_tempseed_10_comforttemp_20_setbacktemp_13_paper2_final_runs_v4-res1,2022,3,0,0,10,10,20,13,0.10312467773538209,0.1443745488295349,0.4434361142621429,1.2168711972775086,2.5884294111580903,5.166546354542642,30.071156027637414,11.570588841909869,7.5796638135505825,6.280292874084768,34.81489120346499,0.020624935547076416
./Eplus-env-08-19_thermostat_rbc_eco_year_2023_case_5_rep_0_zone_9_onoffseed_5_tempseed_42_comforttemp_19_setbacktemp_13_paper2_final_runs_v4-res1,2023,5,0,9,5,42,19,13,0.0,0.0,0.0,25.348045787356916,31.123027740538312,5.599670001031247,4.8468598535629575,5.321233371145715,5.795606888728472,4.970609466845416,16.994946890790967,0.0
./Eplus-env-08-19_thermostat_rbc_eco_year_2022_case_11_rep_0_zone_0_onoffseed_5_tempseed_30_comforttemp_20_setbacktemp_17_paper2_final_runs_v4-res1,2022,11,0,0,5,30,20,17,0.0,0.0,0.0,0.0,0.0,9.889656594823142,48.40672372898835,8.425286170980716,6.094668454161081,5.960606373105084,21.22305867794163,0.0
./Eplus-env-08-19_thermostat_rbc_eco_year_2023_case_12_rep_0_zone_0_onoffseed_5_tempseed_30_comforttemp_20_setbacktemp_13_paper2_final_runs_v4-res1,2023,12,0,0,5,30,20,13,0.0,0.0,0.0,0.0,0.0,11.003403114365268,47.90141280808498,8.97184696297824,7.125915231514901,5.486232855522326,19.51118902753429,0.0
./Eplus-env-08-19_thermostat_rbc_eco_year_2023_case_12_rep_0_zone_0_onoffseed_15_tempseed_42_comforttemp_20_setbacktemp_13_paper2_final_runs_v4-res1,2023,12,0,0,15,42,20,13,1.990306280292874,3.68155099515314,5.86779416314324,6.579354439517377,10.673404145612045,26.265855419201817,6.909353408270599,6.218418067443539,5.620294936578323,5.2902959678251005,19.408064349798906,1.49530782716304
./Eplus-env-08-19_thermostat_rbc_eco_year_2023_case_14_rep_0_zone_9_onoffseed_5_tempseed_42_comforttemp_20_setbacktemp_15_paper2_final_runs_v4-res1,2023,14,0,9,5,42,20,15,0.0,0.0,0.04124987109415283,0.5053109209033722,30.473342270805404,12.395586263792925,7.146540167061978,6.146230793028772,5.156233886769104,5.46560791997525,32.66989790656904,0.0
./Eplus-env-08-19_thermostat_rbc_eco_year_2022_case_14_rep_0_zone_0_onoffseed_10_tempseed_30_comforttemp_20_setbacktemp_13_paper2_final_runs_v4-res1,2022,14,0,0,10,30,20,13,0.07218727441476745,0.11343714550892028,0.3403114365267609,1.392183149427658,3.248427348664536,18.325255233577394,17.335258327317725,8.590285655357327,7.806538104568424,6.950603279364752,35.815200577498196,0.010312467773538208
./Eplus-env-08-19_thermostat_rbc_eco_year_2022_case_14_rep_0_zone_0_onoffseed_10_tempseed_30_comforttemp_20_setbacktemp_17_paper2_final_runs_v4-res1,2022,14,0,0,10,30,20,17,0.010312467773538208,0.05156233886769104,0.3918737753944519,1.5778075693513458,3.4959265752294524,19.366814478704754,17.37650819841188,8.559348252036711,7.497164071362277,6.703104052799835,34.969578220068065,0.0
./Eplus-env-08-19_thermostat_rbc_eco_year_2022_case_12_rep_0_zone_0_onoffseed_10_tempseed_30_comforttemp_20_setbacktemp_17_paper2_final_runs_v4-res1,2022,12,0,0,10,30,20,17,0.0,0.494998453129834,4.3518614004331235,5.042796741260184,3.7743632051149842,12.53996081262246,32.78333505207796,7.198102505929669,5.774981953181396,5.671857275446015,22.367742600804373,0.0
./Eplus-env-08-19_thermostat_rbc_eco_year_2023_case_6_rep_0_zone_9_onoffseed_5_tempseed_42_comforttemp_21_setbacktemp_15_paper2_final_runs_v4-res1,2023,6,0,9,5,42,21,15,0.0,0.0,0.0,0.0,0.0,36.01113746519542,28.441786119418378,6.259667938537692,6.146230793028772,5.094359080127875,18.046818603691865,0.0
./Eplus-env-08-19_thermostat_rbc_eco_year_2022_case_13_rep_0_zone_9_onoffseed_5_tempseed_42_comforttemp_20_setbacktemp_17_paper2_final_runs_v4-res1,2022,13,0,9,5,42,20,17,0.0,0.0,0.0,0.0,33.989893781581934,10.353717644632361,5.589357533257709,5.630607404351862,5.475920387748788,4.949984531298339,34.01051871712901,0.0
./Eplus-env-08-19_thermostat_rbc_eco_year_2023_case_3_rep_0_zone_9_onoffseed_5_tempseed_42_comforttemp_19_setbacktemp_17_paper2_final_runs_v4-res1,2023,3,0,9,5,42,19,17,0.0,0.0,0.020624935547076416,32.72146024543673,10.776528823347427,6.15654326080231,5.444982984428174,4.496235949262658,4.578735691450964,5.187171290089719,30.61771681963494,0.0
./Eplus-env-08-19_thermostat_rbc_eco_year_2023_case_12_rep_0_zone_9_onoffseed_5_tempseed_42_comforttemp_20_setbacktemp_13_paper2_final_runs_v4-res1,2023,12,0,9,5,42,20,13,0.0,0.0,0.0,0.0,1.5159327627101165,17.170258842941116,42.08518098380943,9.054346705166546,5.919356502010931,4.733422708054038,19.521501495307827,0.0
./Eplus-env-08-19_thermostat_rbc_eco_year_2023_case_2_rep_0_zone_0_onoffseed_5_tempseed_15_comforttemp_20_setbacktemp_15_paper2_final_runs_v4-res1,2023,2,0,0,5,15,20,15,0.0,0.0,0.0,0.0,0.0,0.0,0.0,7.682788491285965,62.75136640197999,8.786222543054553,20.77962256367949,0.0
./Eplus-env-08-19_thermostat_rbc_eco_year_2023_case_2_rep_0_zone_0_onoffseed_15_tempseed_15_comforttemp_20_setbacktemp_17_paper2_final_runs_v4-res1,2023,2,0,0,15,15,20,17,0.0,0.6084355986387543,3.1143652676085387,5.2799835000515625,6.001856244199237,5.176858822316181,4.114674641641745,10.786841291120965,37.13519645251109,7.414664329173972,20.367123852737958,0.0
./Eplus-env-08-19_thermostat_rbc_eco_year_2022_case_6_rep_0_zone_9_onoffseed_5_tempseed_42_comforttemp_21_setbacktemp_15_paper2_final_runs_v4-res1,2022,6,0,9,5,42,21,15,0.0,0.0,0.0,0.0,0.0,33.938331442714244,28.771785088171598,6.300917809631845,5.032484273486645,5.207796225636795,20.748685160358875,0.0
./Eplus-env-08-19_thermostat_rbc_eco_year_2023_case_13_rep_0_zone_9_onoffseed_5_tempseed_42_comforttemp_20_setbacktemp_13_paper2_final_runs_v4-res1,2023,13,0,9,5,42,20,13,0.0,0.0,0.010312467773538208,0.5362483242239868,25.89460657935444,20.934309580282562,6.32154274517892,5.156233886769104,4.7952975146952665,5.145921418995566,31.205527482726612,0.0
./Eplus-env-08-19_thermostat_rbc_eco_year_2023_case_7_rep_0_zone_9_onoffseed_5_tempseed_42_comforttemp_19_setbacktemp_13_paper2_final_runs_v4-res1,2023,7,0,9,5,42,19,13,0.0,0.0,0.0,29.00897184696298,26.523667113540274,5.176858822316181,4.8365473857894195,5.548107662163556,5.496545323295865,4.908734660204187,18.500567185727547,0.0
./Eplus-env-08-19_thermostat_rbc_eco_year_2022_case_4_rep_0_zone_0_onoffseed_15_tempseed_42_comforttemp_20_setbacktemp_17_paper2_final_runs_v4-res1,2022,4,0,0,15,42,20,17,0.020624935547076416,0.20624935547076417,1.78405692482211,3.825925543982675,17.520882747241416,15.035578013818707,8.641847994225019,6.135918325255234,6.6412292461586055,6.26998040631123,33.90739403939363,0.010312467773538208
./Eplus-env-08-19_thermostat_rbc_eco_year_2022_case_2_rep_0_zone_9_onoffseed_5_tempseed_42_comforttemp_20_setbacktemp_17_paper2_final_runs_v4-res1,2022,2,0,9,5,42,20,17,0.0,0.0,0.0,0.0,20.150562029493656,38.86769103846551,4.949984531298339,5.568732597710632,4.919047127977725,4.939672063524801,20.60431061152934,0.0
./Eplus-env-08-18_thermostat_rbc_eco_year_2023_case_0_rep_0_zone_9_onoffseed_5_tempseed_42_comforttemp_18_setbacktemp_13_paper2_final_runs_v4-res1,2023,0,0,9,5,42,18,13,0.0,0.0,21.46024543673301,32.38114880890997,4.8468598535629575,4.393111271527276,5.156233886769104,5.424358048881097,5.383108177786944,4.929359595751263,16.025574920078377,0.0
./Eplus-env-08-18_thermostat_rbc_eco_year_2023_case_0_rep_0_zone_9_onoffseed_5_tempseed_42_comforttemp_21_setbacktemp_13_paper2_final_runs_v4-res1,2023,0,0,9,5,42,21,13,0.0,0.0,0.0,0.0,0.0,38.805816231824274,27.823038053006083,6.1771681963493865,6.218418067443539,5.084046612354336,15.89151283902238,0.0
./Eplus-env-08-19_thermostat_rbc_eco_year_2023_case_3_rep_0_zone_0_onoffseed_15_tempseed_10_comforttemp_20_setbacktemp_13_paper2_final_runs_v4-res1,2023,3,0,0,15,10,20,13,0.04124987109415283,0.35062390430029905,0.6806228730535218,2.041868619160565,4.25904919047128,7.125915231514901,28.916159637001133,10.797153758894504,7.352789522532742,6.239043002990615,32.18521192121275,0.010312467773538208
./Eplus-env-08-18_thermostat_rbc_eco_year_2023_case_0_rep_0_zone_0_onoffseed_10_tempseed_42_comforttemp_20_setbacktemp_17_paper2_final_runs_v4-res1,2023,0,0,0,10,42,20,17,0.0,0.897184696297824,7.208414973703207,5.847169227596163,5.7543570176343195,40.032999896875324,7.435289264721049,5.991543776425699,5.682169743219553,4.66123543363927,16.489635969887594,0.0
./Eplus-env-08-18_thermostat_rbc_eco_year_2022_case_0_rep_0_zone_0_onoffseed_15_tempseed_30_comforttemp_20_setbacktemp_15_paper2_final_runs_v4-res1,2022,0,0,0,15,30,20,15,2.330617716819635,3.733113334020831,5.011859337939569,5.001546870166031,4.8365473857894195,8.198411879962874,33.21645869856656,6.476229761781995,5.909044034237393,5.434670516654635,19.521501495307827,0.3403114365267609
./Eplus-env-08-19_thermostat_rbc_eco_year_2023_case_11_rep_0_zone_9_onoffseed_5_tempseed_42_comforttemp_20_setbacktemp_17_paper2_final_runs_v4-res1,2023,11,0,9,5,42,20,17,0.0,0.0,0.0,0.0,17.087759100752812,42.910178405692484,5.651232339898938,6.104980921934619,5.620294936578323,5.032484273486645,17.59307002165618,0.0
./Eplus-env-08-19_thermostat_rbc_eco_year_2023_case_1_rep_0_zone_0_onoffseed_5_tempseed_30_comforttemp_20_setbacktemp_13_paper2_final_runs_v4-res1,2023,1,0,0,5,30,20,13,0.0,0.0,0.0,0.0,0.0,6.228730535217077,54.99639063627926,8.590285655357327,6.78560379498814,5.517170258842941,17.88181911931525,0.0
./Eplus-env-08-19_thermostat_rbc_eco_year_2023_case_4_rep_0_zone_0_onoffseed_15_tempseed_10_comforttemp_20_setbacktemp_15_paper2_final_runs_v4-res1,2023,4,0,0,15,10,20,15,0.010312467773538208,0.16499948437661133,0.29906156543260803,1.0724966484479737,3.3412395586263792,5.970918840878622,25.750232030524906,15.520263999175002,8.033412395586263,6.280292874084768,33.55677013509333,0.0
./Eplus-env-08-19_thermostat_rbc_eco_year_2022_case_4_rep_0_zone_0_onoffseed_15_tempseed_15_comforttemp_20_setbacktemp_15_paper2_final_runs_v4-res1,2022,4,0,0,15,15,20,15,0.1546870166030731,0.2887490976590698,0.2681241621119934,0.8662472929772095,2.0728060224811795,4.310611529338971,7.332164586985665,26.265855419201817,13.725894606579356,8.786222543054553,35.908012787460045,0.020624935547076416
./Eplus-env-08-19_thermostat_rbc_eco_year_2022_case_4_rep_0_zone_9_onoffseed_5_tempseed_42_comforttemp_18_setbacktemp_15_paper2_final_runs_v4-res1,2022,4,0,9,5,42,18,15,0.0,0.08249974218830566,12.488398473754769,19.439001753119523,8.16747447664226,6.476229761781995,5.084046612354336,6.094668454161081,5.7234196143137055,5.249046096730948,31.195215014953074,0.0
./Eplus-env-08-19_thermostat_rbc_eco_year_2023_case_5_rep_0_zone_0_onoffseed_5_tempseed_15_comforttemp_20_setbacktemp_15_paper2_final_runs_v4-res1,2023,5,0,0,5,15,20,15,0.0,0.0,0.0,0.0,0.0,0.020624935547076416,0.16499948437661133,13.06589666907291,57.388883159740125,8.693410333092709,20.666185418170567,0.0
./Eplus-env-08-19_thermostat_rbc_eco_year_2022_case_5_rep_0_zone_0_onoffseed_5_tempseed_10_comforttemp_20_setbacktemp_15_paper2_final_runs_v4-res1,2022,5,0,0,5,10,20,15,0.0,0.0,0.0,0.0,0.04124987109415283,0.1443745488295349,11.921212746210168,51.2014024956172,8.487160977621945,6.620604310611529,21.58399505001547,0.0
./Eplus-env-08-19_thermostat_rbc_eco_year_2023_case_10_rep_0_zone_9_onoffseed_5_tempseed_42_comforttemp_21_setbacktemp_15_paper2_final_runs_v4-res1,2023,10,0,9,5,42,21,15,0.0,0.0,0.0,0.0,0.0,33.29895844075487,27.73022584304424,6.135918325255234,5.599670001031247,5.785294420954934,21.449932968959473,0.0
./Eplus-env-08-19_thermostat_rbc_eco_year_2023_case_13_rep_0_zone_0_onoffseed_5_tempseed_42_comforttemp_20_setbacktemp_17_paper2_final_runs_v4-res1,2023,13,0,0,5,42,20,17,0.0,0.0,0.0,0.3403114365267609,21.614932453336085,19.583376301949055,8.775910075281015,5.909044034237393,5.630607404351862,5.609982468804785,32.53583582551304,0.0
./Eplus-env-08-19_thermostat_rbc_eco_year_2023_case_13_rep_0_zone_0_onoffseed_5_tempseed_15_comforttemp_20_setbacktemp_15_paper2_final_runs_v4-res1,2023,13,0,0,5,15,20,15,0.0,0.0,0.0,0.0,0.0,0.0,0.5981231308652161,38.97081571620088,16.211199340002064,8.033412395586263,36.18644941734557,0.0
./Eplus-env-08-19_thermostat_rbc_eco_year_2023_case_2_rep_0_zone_0_onoffseed_15_tempseed_30_comforttemp_20_setbacktemp_17_paper2_final_runs_v4-res1,2023,2,0,0,15,30,20,17,0.0,0.8765597607507477,6.950603279364752,7.435289264721049,5.630607404351862,6.929978343817676,34.50551717025884,6.96091574713829,6.15654326080231,5.6409198721254,18.913065896669075,0.0
./Eplus-env-08-19_thermostat_rbc_eco_year_2022_case_14_rep_0_zone_0_onoffseed_15_tempseed_15_comforttemp_20_setbacktemp_13_paper2_final_runs_v4-res1,2022,14,0,0,15,15,20,13,0.04124987109415283,0.21656182324430237,0.20624935547076417,0.6084355986387543,1.5674951015778076,3.629988656285449,6.094668454161081,21.109621532432712,17.438383005053108,9.044034237393008,39.99175002578117,0.05156233886769104
./Eplus-env-08-19_thermostat_rbc_eco_year_2023_case_14_rep_0_zone_0_onoffseed_15_tempseed_10_comforttemp_20_setbacktemp_13_paper2_final_runs_v4-res1,2023,14,0,0,15,10,20,13,0.030937403320614624,0.11343714550892028,0.20624935547076417,0.8043724863359802,2.330617716819635,5.486232855522326,19.33587707538414,20.69712282149118,9.72465711044653,6.630916778385068,34.63957925131484,0.0
./Eplus-env-08-19_thermostat_rbc_eco_year_2022_case_14_rep_0_zone_0_onoffseed_15_tempseed_15_comforttemp_20_setbacktemp_15_paper2_final_runs_v4-res1,2022,14,0,0,15,15,20,15,0.09281220996184388,0.1443745488295349,0.247499226564917,0.6187480664122924,1.5159327627101165,3.7846756728885227,6.053418583066928,22.006806228730536,17.21150871403527,9.03372176961947,39.25956481385995,0.030937403320614624
./Eplus-env-08-19_thermostat_rbc_eco_year_2022_case_14_rep_0_zone_0_onoffseed_15_tempseed_30_comforttemp_20_setbacktemp_15_paper2_final_runs_v4-res1,2022,14,0,0,15,30,20,15,0.1546870166030731,0.247499226564917,0.8456223574301331,2.248117974631329,4.217799319377127,16.871197277508507,16.90213468082912,8.786222543054553,7.775600701247809,6.5587295039703,35.36145199546251,0.030937403320614624
./Eplus-env-08-19_thermostat_rbc_eco_year_2022_case_13_rep_0_zone_0_onoffseed_10_tempseed_42_comforttemp_20_setbacktemp_13_paper2_final_runs_v4-res1,2022,13,0,0,10,42,20,13,0.09281220996184388,0.5981231308652161,1.3818706816541197,3.0937403320614623,20.738372692585337,13.98370630091781,7.239352377023822,6.6927915850262965,5.558420129937094,5.909044034237393,34.66020418686192,0.05156233886769104
./Eplus-env-08-19_thermostat_rbc_eco_year_2023_case_13_rep_0_zone_0_onoffseed_10_tempseed_30_comforttemp_20_setbacktemp_13_paper2_final_runs_v4-res1,2023,13,0,0,10,30,20,13,0.020624935547076416,0.23718675879137877,0.742497679694751,2.206868103537176,3.8671754150768276,26.29679282252243,14.43745488295349,7.693100959059502,5.86779416314324,6.465917294008457,32.16458698566567,0.0
./Eplus-env-08-19_thermostat_rbc_eco_year_2023_case_6_rep_0_zone_0_onoffseed_15_tempseed_30_comforttemp_20_setbacktemp_17_paper2_final_runs_v4-res1,2023,6,0,0,15,30,20,17,0.0,1.2787460039187377,7.466226668041662,7.321852119212127,5.414045581107559,9.621532432711149,31.432401773744456,7.909662782303806,6.022481179746313,5.259358564504486,18.273692894709704,0.0
./Eplus-env-08-19_thermostat_rbc_eco_year_2023_case_4_rep_0_zone_0_onoffseed_10_tempseed_15_comforttemp_20_setbacktemp_13_paper2_final_runs_v4-res1,2023,4,0,0,10,15,20,13,0.0,0.010312467773538208,0.17531195215014952,0.4434361142621429,1.2271836650510468,3.227802413117459,5.785294420954934,31.298339692688458,15.324327111477775,8.157162008868722,34.35083015365577,0.0
./Eplus-env-08-19_thermostat_rbc_eco_year_2022_case_4_rep_0_zone_0_onoffseed_10_tempseed_10_comforttemp_20_setbacktemp_13_paper2_final_runs_v4-res1,2022,4,0,0,10,10,20,13,0.05156233886769104,0.11343714550892028,0.2578116943384552,0.9487470351655151,2.4028049912344023,4.424048674847891,26.75054140455811,13.859956687635352,8.899659688563473,7.1052902959678255,35.15520263999175,0.030937403320614624
./Eplus-env-08-19_thermostat_rbc_eco_year_2023_case_5_rep_0_zone_9_onoffseed_5_tempseed_42_comforttemp_20_setbacktemp_17_paper2_final_runs_v4-res1,2023,5,0,9,5,42,20,17,0.0,0.0,0.0,0.0,17.180571310714654,43.53923893987831,5.579045065484171,5.7543570176343195,5.785294420954934,5.125296483448489,17.03619676188512,0.0
./Eplus-env-08-19_thermostat_rbc_eco_year_2023_case_11_rep_0_zone_9_onoffseed_5_tempseed_42_comforttemp_18_setbacktemp_17_paper2_final_runs_v4-res1,2023,11,0,9,5,42,18,17,0.0,0.0,14.045581107559038,36.856759822625556,5.135608951222028,5.403733113334021,5.073734144580798,5.919356502010931,5.2902959678251005,4.8262349180158814,17.448695472826646,0.0
./Eplus-env-08-19_thermostat_rbc_eco_year_2023_case_4_rep_0_zone_0_onoffseed_5_tempseed_42_comforttemp_20_setbacktemp_17_paper2_final_runs_v4-res1,2023,4,0,0,5,42,20,17,0.0,0.0,0.0,0.6393730019593689,15.014953078271631,20.69712282149118,11.684025987418789,7.899350314530267,5.805919356502011,6.012168711972775,32.247086727853976,0.0
./Eplus-env-08-19_thermostat_rbc_eco_year_2022_case_5_rep_0_zone_0_onoffseed_5_tempseed_15_comforttemp_20_setbacktemp_15_paper2_final_runs_v4-res1,2022,5,0,0,5,15,20,15,0.0,0.0,0.0,0.0,0.010312467773538208,0.07218727441476745,0.19593688769722595,13.395895637826133,53.86201918119006,8.683097865319171,23.780550685779104,0.0
./Eplus-env-08-19_thermostat_rbc_eco_year_2022_case_4_rep_0_zone_9_onoffseed_5_tempseed_42_comforttemp_21_setbacktemp_17_paper2_final_runs_v4-res1,2022,4,0,9,5,42,21,17,0.0,0.0,0.0,0.11343714550892028,0.9178096318449005,36.97019696813447,9.559657626069919,6.661854181705682,6.44529235846138,6.352480148499535,32.97927193977519,0.0
./Eplus-env-08-19_thermostat_rbc_eco_year_2022_case_1_rep_0_zone_0_onoffseed_10_tempseed_30_comforttemp_20_setbacktemp_13_paper2_final_runs_v4-res1,2022,1,0,0,10,30,20,13,1.1240589873156646,2.1862431679901,3.5371764463236053,3.588738785191296,3.5371764463236053,8.435598638754254,38.36238011756213,6.703104052799835,5.651232339898938,5.537795194390018,20.573373208208725,0.7631226152418273
./Eplus-env-08-19_thermostat_rbc_eco_year_2022_case_12_rep_0_zone_0_onoffseed_10_tempseed_15_comforttemp_20_setbacktemp_15_paper2_final_runs_v4-res1,2022,12,0,0,10,15,20,15,0.43312364648860474,0.6909353408270599,1.6603073115396514,2.8771785088171598,3.733113334020831,3.4959265752294524,3.846550479529751,17.912756522635867,30.73115396514386,8.940909559657625,25.585232546148294,0.09281220996184388
./Eplus-env-08-19_thermostat_rbc_eco_year_2022_case_9_rep_0_zone_0_onoffseed_5_tempseed_10_comforttemp_20_setbacktemp_15_paper2_final_runs_v4-res1,2022,9,0,0,5,10,20,15,0.0,0.0,0.0,0.0,0.0,0.3609363720738373,24.10023718675879,20.03712488398474,10.30215530576467,7.528101474682892,37.67144477673507,0.0
./Eplus-env-08-19_thermostat_rbc_eco_year_2023_case_12_rep_0_zone_0_onoffseed_10_tempseed_10_comforttemp_20_setbacktemp_17_paper2_final_runs_v4-res1,2023,12,0,0,10,10,20,17,0.0,0.42281117871506657,2.619366814478705,4.7849850469217285,4.692172836959885,3.5578013818706817,14.396205011859339,34.278642879241,8.909972156337012,6.146230793028772,20.191811900587812,0.0
./Eplus-env-08-18_thermostat_rbc_eco_year_2023_case_0_rep_0_zone_0_onoffseed_10_tempseed_10_comforttemp_20_setbacktemp_13_paper2_final_runs_v4-res1,2023,0,0,0,10,10,20,13,0.8249974218830567,1.6912447148602663,2.691554088893472,4.506548417036197,4.3415489326595855,2.8049912344023924,7.775600701247809,44.61173558832628,7.641538620191812,5.991543776425699,16.778385067546665,0.3403114365267609
./Eplus-env-08-19_thermostat_rbc_eco_year_2023_case_3_rep_0_zone_9_onoffseed_5_tempseed_42_comforttemp_21_setbacktemp_13_paper2_final_runs_v4-res1,2023,3,0,9,5,42,21,13,0.0,0.0,0.010312467773538208,0.32999896875322265,1.7531195215014954,27.977725069609154,23.625863669176034,5.517170258842941,4.754047643601114,5.620294936578323,30.411467464164176,0.0
./Eplus-env-08-19_thermostat_rbc_eco_year_2022_case_11_rep_0_zone_0_onoffseed_5_tempseed_10_comforttemp_20_setbacktemp_13_paper2_final_runs_v4-res1,2022,11,0,0,5,10,20,13,0.0,0.0,0.0,0.0,0.0,0.010312467773538208,13.684644735485202,48.20047437351758,8.909972156337012,6.661854181705682,22.532742085180985,0.0
./Eplus-env-08-19_thermostat_rbc_eco_year_2022_case_10_rep_0_zone_0_onoffseed_15_tempseed_42_comforttemp_20_setbacktemp_17_paper2_final_runs_v4-res1,2022,10,0,0,15,42,20,17,0.0,1.7428070537279572,8.559348252036711,5.847169227596163,8.45622357430133,28.83365989481283,6.703104052799835,5.630607404351862,4.949984531298339,5.310920903372177,23.966175105702796,0.0
./Eplus-env-08-19_thermostat_rbc_eco_year_2022_case_1_rep_0_zone_0_onoffseed_15_tempseed_10_comforttemp_20_setbacktemp_17_paper2_final_runs_v4-res1,2022,1,0,0,15,10,20,17,0.0,0.7940600185624419,5.898731566463855,5.682169743219553,5.104671547901413,4.671547901412808,9.116221511807776,34.732391461276684,6.620604310611529,5.7543570176343195,21.62524492110962,0.0
./Eplus-env-08-19_thermostat_rbc_eco_year_2022_case_1_rep_0_zone_0_onoffseed_15_tempseed_42_comforttemp_20_setbacktemp_15_paper2_final_runs_v4-res1,2022,1,0,0,15,42,20,15,3.073115396514386,4.681860369186346,5.156233886769104,4.681860369186346,7.919975250077344,32.39146127668351,6.290605341858306,5.579045065484171,5.06342167680726,5.166546354542642,19.55243889862844,0.4434361142621429
./Eplus-env-08-18_thermostat_rbc_eco_year_2022_case_0_rep_0_zone_9_onoffseed_5_tempseed_42_comforttemp_19_setbacktemp_17_paper2_final_runs_v4-res1,2022,0,0,9,5,42,19,17,0.0,0.0,0.0,15.448076724760234,40.476436011137466,5.7131071465401675,5.135608951222028,4.8056099824688046,4.599360626998041,5.23873362895741,18.58306692791585,0.0
./Eplus-env-08-19_thermostat_rbc_eco_year_2022_case_1_rep_0_zone_0_onoffseed_15_tempseed_30_comforttemp_20_setbacktemp_15_paper2_final_runs_v4-res1,2022,1,0,0,15,30,20,15,2.0934309580282564,3.722800866247293,4.568423223677426,4.949984531298339,4.8056099824688046,8.63153552645148,32.54614829328658,6.393730019593689,5.671857275446015,5.558420129937094,20.65587295039703,0.4021862431679901
./Eplus-env-08-19_thermostat_rbc_eco_year_2022_case_12_rep_0_zone_0_onoffseed_5_tempseed_30_comforttemp_20_setbacktemp_13_paper2_final_runs_v4-res1,2022,12,0,0,5,30,20,13,0.0,0.0,0.0,0.0,0.0,11.10652779210065,46.282355367639475,8.672785397545631,5.950293905331546,5.393420645560482,22.594616891822213,0.0
./Eplus-env-08-19_thermostat_rbc_eco_year_2023_case_11_rep_0_zone_0_onoffseed_15_tempseed_15_comforttemp_20_setbacktemp_17_paper2_final_runs_v4-res1,2023,11,0,0,15,15,20,17,0.0,0.6290605341858306,3.5578013818706817,5.424358048881097,6.434979890687842,5.403733113334021,4.166236980509436,16.15963700113437,29.607094977828197,8.590285655357327,20.026812416211197,0.0
./Eplus-env-08-19_thermostat_rbc_eco_year_2023_case_11_rep_0_zone_0_onoffseed_15_tempseed_30_comforttemp_20_setbacktemp_15_paper2_final_runs_v4-res1,2023,11,0,0,15,30,20,15,1.9078065381045684,3.4340517685882235,4.815922450242343,6.703104052799835,5.218108693410333,11.261214808703723,28.421161183871302,8.105599670001032,6.5587295039703,4.980921934618954,18.397442507992164,0.19593688769722595
./Eplus-env-08-19_thermostat_rbc_eco_year_2022_case_11_rep_0_zone_9_onoffseed_5_tempseed_42_comforttemp_20_setbacktemp_13_paper2_final_runs_v4-res1,2022,11,0,9,5,42,20,13,0.0,0.0,0.0,0.0,2.774053831081778,15.283077240383625,41.34268330411467,10.250592966896978,4.743735175827576,4.939672063524801,20.666185418170567,0.0
./Eplus-env-08-19_thermostat_rbc_eco_year_2022_case_4_rep_0_zone_0_onoffseed_15_tempseed_15_comforttemp_20_setbacktemp_13_paper2_final_runs_v4-res1,2022,4,0,0,15,15,20,13,0.10312467773538209,0.18562441992368775,0.247499226564917,0.6496854697329071,2.0109312158399506,4.207486851603589,6.6824791172527584,26.338042693616583,14.014643704238425,9.002784366298854,36.49582345055172,0.06187480664122925
./Eplus-env-08-19_thermostat_rbc_eco_year_2023_case_4_rep_0_zone_0_onoffseed_15_tempseed_30_comforttemp_20_setbacktemp_13_paper2_final_runs_v4-res1,2023,4,0,0,15,30,20,13,0.11343714550892028,0.29906156543260803,0.6393730019593689,2.2996803134990205,5.053109209033722,20.965246983603176,16.469011034340518,9.002784366298854,6.094668454161081,6.239043002990615,32.82458492317212,0.0
./Eplus-env-08-19_thermostat_rbc_eco_year_2022_case_4_rep_0_zone_0_onoffseed_10_tempseed_42_comforttemp_20_setbacktemp_13_paper2_final_runs_v4-res1,2022,4,0,0,10,42,20,13,0.10312467773538209,0.35062390430029905,1.0828091162215119,2.9184283799113127,18.35619263689801,15.82963803238115,8.806847478601629,6.33185521295246,6.744353923893988,6.362792616273075,33.0102093430958,0.10312467773538209
./Eplus-env-08-19_thermostat_rbc_eco_year_2022_case_5_rep_0_zone_0_onoffseed_15_tempseed_10_comforttemp_20_setbacktemp_15_paper2_final_runs_v4-res1,2022,5,0,0,15,10,20,15,1.5571826338042694,2.1553057646694853,4.021862431679901,4.671547901412808,4.599360626998041,5.2902959678251005,13.75683200989997,28.782097555945136,7.559038878003506,5.805919356502011,21.418995565638856,0.38156130762091367
./Eplus-env-08-19_thermostat_rbc_eco_year_2023_case_4_rep_0_zone_0_onoffseed_15_tempseed_10_comforttemp_20_setbacktemp_13_paper2_final_runs_v4-res1,2023,4,0,0,15,10,20,13,0.030937403320614624,0.1443745488295349,0.41249871094152835,1.144683922862741,3.27936475198515,6.218418067443539,24.925234608641848,15.757450757966382,8.301536557698256,6.362792616273075,33.42270805403733,0.0
./Eplus-env-08-19_thermostat_rbc_eco_year_2022_case_3_rep_0_zone_0_onoffseed_15_tempseed_10_comforttemp_20_setbacktemp_15_paper2_final_runs_v4-res1,2022,3,0,0,15,10,20,15,0.1340620810559967,0.4021862431679901,0.8662472929772095,2.0728060224811795,3.9909250283592863,6.795916262761679,26.34835516139012,11.096215324327112,7.878725378983191,6.507167165102609,33.793956893884705,0.11343714550892028
./Eplus-env-08-19_thermostat_rbc_eco_year_2022_case_7_rep_0_zone_0_onoffseed_10_tempseed_15_comforttemp_20_setbacktemp_13_paper2_final_runs_v4-res1,2022,7,0,0,10,15,20,13,0.35062390430029905,0.6393730019593689,1.5056202949365782,2.897803444364236,4.114674641641745,3.825925543982675,3.8362380117562136,18.098380942559555,30.009281220996186,8.641847994225019,25.65741982056306,0.42281117871506657
./Eplus-env-08-19_thermostat_rbc_eco_year_2023_case_11_rep_0_zone_0_onoffseed_15_tempseed_10_comforttemp_20_setbacktemp_17_paper2_final_runs_v4-res1,2023,11,0,0,15,10,20,17,0.0,0.9074971640713623,5.23873362895741,5.785294420954934,6.32154274517892,4.589048159224503,12.911209652469836,30.31865525420233,8.600598123130865,5.970918840878622,19.356502010931216,0.0
./Eplus-env-08-19_thermostat_rbc_eco_year_2022_case_11_rep_0_zone_0_onoffseed_15_tempseed_30_comforttemp_20_setbacktemp_17_paper2_final_runs_v4-res1,2022,11,0,0,15,30,20,17,0.0,1.3509332783335053,7.270289780344437,6.538104568423224,4.970609466845416,11.457151696400949,29.627719913375273,6.888728472723522,5.537795194390018,4.939672063524801,21.418995565638856,0.0
./Eplus-env-08-19_thermostat_rbc_eco_year_2023_case_14_rep_0_zone_9_onoffseed_5_tempseed_42_comforttemp_18_setbacktemp_17_paper2_final_runs_v4-res1,2023,14,0,9,5,42,18,17,0.0,0.11343714550892028,14.96339073940394,13.12777147571414,8.951222027431164,8.373723832113026,6.909353408270599,5.795606888728472,5.228421161183872,5.362483242239868,31.174590079406002,0.0
./Eplus-env-08-19_thermostat_rbc_eco_year_2022_case_8_rep_0_zone_0_onoffseed_5_tempseed_10_comforttemp_20_setbacktemp_17_paper2_final_runs_v4-res1,2022,8,0,0,5,10,20,17,0.0,0.0,0.0,0.0,0.010312467773538208,0.5362483242239868,30.782716304011547,16.499948437661132,8.683097865319171,7.744663297927194,35.74301330308343,0.0
./Eplus-env-08-19_thermostat_rbc_eco_year_2022_case_3_rep_0_zone_0_onoffseed_10_tempseed_30_comforttemp_20_setbacktemp_13_paper2_final_runs_v4-res1,2022,3,0,0,10,30,20,13,0.08249974218830566,0.2887490976590698,0.989996906259668,2.196555635763638,4.145612044962359,27.699288439723624,11.127152727647726,7.992162524492111,6.342167680725998,6.1977931318964625,32.86583479426627,0.07218727441476745
./Eplus-env-08-19_thermostat_rbc_eco_year_2022_case_3_rep_0_zone_0_onoffseed_10_tempseed_42_comforttemp_20_setbacktemp_13_paper2_final_runs_v4-res1,2022,3,0,0,10,42,20,13,0.19593688769722595,0.9178096318449005,1.6809322470867278,3.8053006084355987,23.70836341136434,12.333711457151697,7.36310199030628,6.507167165102609,5.847169227596163,5.537795194390018,31.948025162421366,0.1546870166030731
./Eplus-env-08-19_thermostat_rbc_eco_year_2022_case_3_rep_0_zone_0_onoffseed_15_tempseed_30_comforttemp_20_setbacktemp_13_paper2_final_runs_v4-res1,2022,3,0,0,15,30,20,13,0.20624935547076417,0.6290605341858306,1.4746828916159638,3.031865525420233,5.589357533257709,24.47148602660617,11.508714035268639,7.899350314530267,5.970918840878622,6.239043002990615,32.78333505207796,0.19593688769722595
./Eplus-env-08-19_thermostat_rbc_eco_year_2022_case_14_rep_0_zone_9_onoffseed_5_tempseed_42_comforttemp_21_setbacktemp_13_paper2_final_runs_v4-res1,2022,14,0,9,5,42,21,13,0.010312467773538208,0.05156233886769104,0.45374858203568114,1.3509332783335053,2.6399917500257812,31.48396411261215,11.457151696400949,6.527792100649686,6.280292874084768,5.878106630916778,33.86614416829947,0.0
./Eplus-env-08-19_thermostat_rbc_eco_year_2022_case_14_rep_0_zone_0_onoffseed_15_tempseed_42_comforttemp_20_setbacktemp_17_paper2_final_runs_v4-res1,2022,14,0,0,15,42,20,17,0.04124987109415283,0.18562441992368775,1.794369392595648,3.4134268330411466,14.643704238424254,14.932453336083324,9.095596576260698,6.816541198308755,6.579354439517377,6.496854697329072,36.00082499742188,0.0
./Eplus-env-08-19_thermostat_rbc_eco_year_2023_case_14_rep_0_zone_0_onoffseed_10_tempseed_42_comforttemp_20_setbacktemp_15_paper2_final_runs_v4-res1,2023,14,0,0,10,42,20,15,0.04124987109415283,0.2681241621119934,0.989996906259668,2.5471795400639374,16.417448695472828,17.76838197380633,9.869031659276065,7.775600701247809,6.022481179746313,5.372795710013406,32.9277096009075,0.0
./Eplus-env-08-19_thermostat_rbc_eco_year_2022_case_11_rep_0_zone_9_onoffseed_5_tempseed_42_comforttemp_21_setbacktemp_13_paper2_final_runs_v4-res1,2022,11,0,9,5,42,21,13,0.0,0.0,0.0,0.0,0.0,2.0521810869341035,15.509951531401464,45.67391976900072,10.652779210064969,5.362483242239868,20.748685160358875,0.0
./Eplus-env-08-19_thermostat_rbc_eco_year_2023_case_11_rep_0_zone_9_onoffseed_5_tempseed_42_comforttemp_21_setbacktemp_13_paper2_final_runs_v4-res1,2023,11,0,9,5,42,21,13,0.0,0.0,0.0,0.0,0.0,3.7743632051149842,16.39682375992575,45.28204599360627,10.910590904403424,5.568732597710632,18.06744353923894,0.0
./Eplus-env-08-19_thermostat_rbc_eco_year_2022_case_13_rep_0_zone_0_onoffseed_10_tempseed_10_comforttemp_20_setbacktemp_15_paper2_final_runs_v4-res1,2022,13,0,0,10,10,20,15,0.010312467773538208,0.06187480664122925,0.29906156543260803,1.0724966484479737,2.5574920078374754,4.7952975146952665,25.832731772713206,15.262452304836547,7.981850056718573,6.78560379498814,35.330514592141895,0.010312467773538208
./Eplus-env-08-19_thermostat_rbc_eco_year_2023_case_13_rep_0_zone_0_onoffseed_5_tempseed_10_comforttemp_20_setbacktemp_17_paper2_final_runs_v4-res1,2023,13,0,0,5,10,20,17,0.0,0.0,0.0,0.0,0.0,0.5671857275446014,34.10333092709085,16.592760647622974,8.05403733113334,6.6721666494792204,34.01051871712901,0.0
./Eplus-env-08-19_thermostat_rbc_eco_year_2022_case_13_rep_0_zone_0_onoffseed_10_tempseed_15_comforttemp_20_setbacktemp_15_paper2_final_runs_v4-res1,2022,13,0,0,10,15,20,15,0.010312467773538208,0.1237496132824585,0.10312467773538209,0.5568732597710633,1.1962462617304321,3.1143652676085387,5.125296483448489,26.87429101784057,16.469011034340518,9.136846447354852,37.28988346911416,0.0
./Eplus-env-08-18_thermostat_rbc_eco_year_2022_case_0_rep_0_zone_0_onoffseed_5_tempseed_42_comforttemp_20_setbacktemp_15_paper2_final_runs_v4-res1,2022,0,0,0,5,42,20,15,0.0,0.0,0.0,0.0,5.692482210993091,50.201093121583995,7.744663297927194,6.218418067443539,5.620294936578323,5.166546354542642,19.356502010931216,0.0
./Eplus-env-08-19_thermostat_rbc_eco_year_2022_case_3_rep_0_zone_0_onoffseed_15_tempseed_15_comforttemp_20_setbacktemp_15_paper2_final_runs_v4-res1,2022,3,0,0,15,15,20,15,0.08249974218830566,0.20624935547076417,0.48468598535629576,1.2581210683716613,2.4543673301020936,4.929359595751263,7.404351861400434,27.451789213158712,10.797153758894504,8.693410333092709,36.15551201402496,0.08249974218830566
./Eplus-env-08-19_thermostat_rbc_eco_year_2022_case_3_rep_0_zone_0_onoffseed_15_tempseed_30_comforttemp_20_setbacktemp_15_paper2_final_runs_v4-res1,2022,3,0,0,15,30,20,15,0.31968650097968443,0.6084355986387543,1.6809322470867278,3.217489945343921,5.620294936578323,24.182736928947097,11.415901825306795,7.631226152418273,6.579354439517377,5.548107662163556,33.133958956378265,0.06187480664122925
./Eplus-env-08-19_thermostat_rbc_eco_year_2022_case_3_rep_0_zone_0_onoffseed_15_tempseed_42_comforttemp_20_setbacktemp_15_paper2_final_runs_v4-res1,2022,3,0,0,15,42,20,15,0.48468598535629576,0.9487470351655151,2.825616169949469,4.7849850469217285,20.985871919150252,11.591213777456945,7.053727957100134,6.73404145612045,5.826544292049087,5.506857791069403,33.15458389192534,0.10312467773538209
./Eplus-env-08-19_thermostat_rbc_eco_year_2022_case_4_rep_0_zone_0_onoffseed_10_tempseed_42_comforttemp_20_setbacktemp_15_paper2_final_runs_v4-res1,2022,4,0,0,10,42,20,15,0.05156233886769104,0.2681241621119934,0.7528101474682891,1.7221821181808805,8.394348767660102,23.18242755491389,11.78715066515417,7.1156027637413635,6.352480148499535,6.15654326080231,34.21676807259978,0.0
./Eplus-env-08-19_thermostat_rbc_eco_year_2022_case_5_rep_0_zone_0_onoffseed_5_tempseed_30_comforttemp_20_setbacktemp_17_paper2_final_runs_v4-res1,2022,5,0,0,5,30,20,17,0.0,0.0,0.0,0.0,0.010312467773538208,9.301845931731464,49.97421883056615,8.538723316489635,5.919356502010931,5.671857275446015,20.583685675982263,0.0
./Eplus-env-08-19_thermostat_rbc_eco_year_2022_case_2_rep_0_zone_0_onoffseed_10_tempseed_10_comforttemp_20_setbacktemp_13_paper2_final_runs_v4-res1,2022,2,0,0,10,10,20,13,0.3918737753944519,1.3509332783335053,2.2996803134990205,3.650613591832526,3.3412395586263792,3.27936475198515,10.260905434670518,39.07394039393627,6.991853150458905,6.15654326080231,22.7802413117459,0.42281117871506657
./Eplus-env-08-19_thermostat_rbc_eco_year_2023_case_2_rep_0_zone_0_onoffseed_5_tempseed_10_comforttemp_20_setbacktemp_13_paper2_final_runs_v4-res1,2023,2,0,0,5,10,20,13,0.0,0.0,0.0,0.0,0.0,0.0,6.950603279364752,57.61575745075797,9.167783850675466,6.290605341858306,19.97525007734351,0.0
./Eplus-env-08-19_thermostat_rbc_eco_year_2022_case_1_rep_0_zone_0_onoffseed_5_tempseed_10_comforttemp_20_setbacktemp_15_paper2_final_runs_v4-res1,2022,1,0,0,5,10,20,15,0.0,0.0,0.0,0.0,0.0,0.0,7.5899762813241205,56.275136640198,7.569351345777045,6.290605341858306,22.274930390842528,0.0
./Eplus-env-08-19_thermostat_rbc_eco_year_2023_case_11_rep_0_zone_0_onoffseed_5_tempseed_15_comforttemp_20_setbacktemp_17_paper2_final_runs_v4-res1,2023,11,0,0,5,15,20,17,0.0,0.0,0.0,0.0,0.0,0.0,0.0,13.416520573373209,55.69763844487986,8.951222027431164,21.93461895431577,0.0
./Eplus-env-08-19_thermostat_rbc_eco_year_2022_case_12_rep_0_zone_0_onoffseed_15_tempseed_42_comforttemp_20_setbacktemp_15_paper2_final_runs_v4-res1,2022,12,0,0,15,42,20,15,2.619366814478705,4.444673610394967,5.001546870166031,4.692172836959885,11.199340002062494,26.46179230689904,7.352789522532742,5.568732597710632,4.939672063524801,5.2799835000515625,22.027431164277612,0.41249871094152835
./Eplus-env-08-19_thermostat_rbc_eco_year_2023_case_1_rep_0_zone_0_onoffseed_15_tempseed_15_comforttemp_20_setbacktemp_13_paper2_final_runs_v4-res1,2023,1,0,0,15,15,20,13,0.6909353408270599,1.5159327627101165,2.7018665566670106,4.516860884809735,6.053418583066928,5.23873362895741,4.094049706094668,9.466845416108075,38.352067649788594,7.528101474682892,19.50087655976075,0.3403114365267609
./Eplus-env-08-19_thermostat_rbc_eco_year_2022_case_14_rep_0_zone_0_onoffseed_15_tempseed_10_comforttemp_20_setbacktemp_13_paper2_final_runs_v4-res1,2022,14,0,0,15,10,20,13,0.06187480664122925,0.19593688769722595,0.35062390430029905,1.103434051768588,2.980303186552542,4.908734660204187,19.408064349798906,16.788697535320203,9.136846447354852,7.662163555738887,37.34144580798185,0.06187480664122925
./Eplus-env-08-19_thermostat_rbc_eco_year_2022_case_3_rep_0_zone_9_onoffseed_5_tempseed_42_comforttemp_20_setbacktemp_13_paper2_final_runs_v4-res1,2022,3,0,9,5,42,20,13,0.0,0.020624935547076416,0.1443745488295349,1.392183149427658,34.52614210580592,9.013096834072394,6.15654326080231,5.568732597710632,5.548107662163556,5.496545323295865,32.13364958234505,0.0
./Eplus-env-08-19_thermostat_rbc_eco_year_2023_case_3_rep_0_zone_0_onoffseed_5_tempseed_42_comforttemp_20_setbacktemp_15_paper2_final_runs_v4-res1,2023,3,0,0,5,42,20,15,0.0,0.0,0.0,0.8249974218830567,23.718675879137876,18.541817056821696,8.79653501082809,5.970918840878622,5.424358048881097,5.630607404351862,31.092090337217698,0.0
./Eplus-env-08-19_thermostat_rbc_eco_year_2023_case_1_rep_0_zone_0_onoffseed_15_tempseed_42_comforttemp_20_setbacktemp_17_paper2_final_runs_v4-res1,2023,1,0,0,15,42,20,17,0.0,1.2271836650510468,10.095905950293906,7.76528823347427,7.012478086005982,32.96895947200165,6.878416004949985,6.538104568423224,5.352170774466329,4.970609466845416,17.190883778488192,0.0
./Eplus-env-08-19_thermostat_rbc_eco_year_2022_case_4_rep_0_zone_0_onoffseed_10_tempseed_30_comforttemp_20_setbacktemp_13_paper2_final_runs_v4-res1,2022,4,0,0,10,30,20,13,0.09281220996184388,0.2578116943384552,0.5981231308652161,1.5674951015778076,3.929050221718057,21.93461895431577,15.716200886872228,7.950912653397959,7.321852119212127,6.434979890687842,34.134268330411466,0.06187480664122925
./Eplus-env-08-19_thermostat_rbc_eco_year_2022_case_4_rep_0_zone_0_onoffseed_10_tempseed_10_comforttemp_20_setbacktemp_15_paper2_final_runs_v4-res1,2022,4,0,0,10,10,20,15,0.08249974218830566,0.1443745488295349,0.2887490976590698,0.8868722285242858,2.289367845725482,4.011549963906362,26.53397958131381,14.117768381973805,8.85840981746932,7.507476539135816,35.2480148499536,0.030937403320614624
./Eplus-env-08-19_thermostat_rbc_eco_year_2023_case_4_rep_0_zone_0_onoffseed_5_tempseed_42_comforttemp_20_setbacktemp_13_paper2_final_runs_v4-res1,2023,4,0,0,5,42,20,13,0.0,0.0,0.0,0.45374858203568114,16.38651129215221,21.33649582345055,11.539651438589255,7.404351861400434,5.7337320820872435,5.651232339898938,31.494276580385687,0.0
./Eplus-env-08-19_thermostat_rbc_eco_year_2022_case_3_rep_0_zone_0_onoffseed_5_tempseed_15_comforttemp_20_setbacktemp_15_paper2_final_runs_v4-res1,2022,3,0,0,5,15,20,15,0.0,0.0,0.0,0.0,0.0,0.0,1.536557698257193,38.104568423223675,14.509642157368258,8.683097865319171,37.1661338558317,0.0
./Eplus-env-08-19_thermostat_rbc_eco_year_2023_case_3_rep_0_zone_0_onoffseed_10_tempseed_15_comforttemp_20_setbacktemp_15_paper2_final_runs_v4-res1,2023,3,0,0,10,15,20,15,0.0,0.04124987109415283,0.29906156543260803,0.6703104052799835,1.979993812519336,3.7124883984737544,5.919356502010931,35.40270186655667,10.590904403423739,7.177477570382592,34.20645560482624,0.0
./Eplus-env-08-19_thermostat_rbc_eco_year_2022_case_7_rep_0_zone_0_onoffseed_5_tempseed_30_comforttemp_20_setbacktemp_15_paper2_final_runs_v4-res1,2022,7,0,0,5,30,20,15,0.0,0.0,0.0,0.0,0.010312467773538208,10.889965968856348,45.22017118696504,8.45622357430133,6.754666391667525,5.383108177786944,23.285552232649273,0.0
./Eplus-env-08-19_thermostat_rbc_eco_year_2022_case_5_rep_0_zone_0_onoffseed_10_tempseed_15_comforttemp_20_setbacktemp_15_paper2_final_runs_v4-res1,2022,5,0,0,10,15,20,15,0.7734350830153656,1.0518717129008972,2.083118490254718,3.650613591832526,3.8156130762091367,3.444364236361761,4.145612044962359,15.674951015778078,33.54645766731979,8.34278642879241,23.213364958234507,0.2578116943384552
./Eplus-env-08-19_thermostat_rbc_eco_year_2022_case_9_rep_0_zone_9_onoffseed_5_tempseed_42_comforttemp_21_setbacktemp_13_paper2_final_runs_v4-res1,2022,9,0,9,5,42,21,13,0.010312467773538208,0.06187480664122925,0.41249871094152835,1.1137465195421266,2.5059296689697845,31.380839434876766,10.663091677838507,6.393730019593689,6.661854181705682,6.001856244199237,34.79426626791791,0.0
./Eplus-env-08-19_thermostat_rbc_eco_year_2023_case_6_rep_0_zone_9_onoffseed_5_tempseed_42_comforttemp_19_setbacktemp_13_paper2_final_runs_v4-res1,2023,6,0,9,5,42,19,13,0.0,0.0,0.0,26.585541920181498,28.627410539342062,5.486232855522326,5.104671547901413,5.7440445498607815,5.2799835000515625,4.7746725791481905,18.397442507992164,0.0
./Eplus-env-08-19_thermostat_rbc_eco_year_2022_case_7_rep_0_zone_9_onoffseed_5_tempseed_42_comforttemp_19_setbacktemp_13_paper2_final_runs_v4-res1,2022,7,0,9,5,42,19,13,0.0,0.0,0.0,27.55491389089409,26.678354130143344,5.909044034237393,4.506548417036197,4.496235949262658,4.599360626998041,4.496235949262658,21.759307002165617,0.0
./Eplus-env-08-19_thermostat_rbc_eco_year_2023_case_13_rep_0_zone_0_onoffseed_15_tempseed_42_comforttemp_20_setbacktemp_13_paper2_final_runs_v4-res1,2023,13,0,0,15,42,20,13,0.3403114365267609,0.7115602763741363,2.279055377951944,4.939672063524801,20.707435289264723,14.128080849747345,7.9715375889450355,5.579045065484171,5.2696710322780245,5.403733113334021,32.63896050324843,0.030937403320614624
./Eplus-env-08-19_thermostat_rbc_eco_year_2022_case_12_rep_0_zone_0_onoffseed_15_tempseed_15_comforttemp_20_setbacktemp_15_paper2_final_runs_v4-res1,2022,12,0,0,15,15,20,15,0.6599979375064453,1.103434051768588,2.227493039084253,4.3724863359802,5.2696710322780245,5.125296483448489,4.8262349180158814,16.695885325358358,25.07992162524492,8.755285139733939,25.832731772713206,0.05156233886769104
./Eplus-env-08-19_thermostat_rbc_eco_year_2022_case_8_rep_0_zone_0_onoffseed_5_tempseed_30_comforttemp_20_setbacktemp_17_paper2_final_runs_v4-res1,2022,8,0,0,5,30,20,17,0.0,0.0,0.0,0.0,0.38156130762091367,26.50304217799319,16.51026090543467,8.610910590904403,6.661854181705682,5.609982468804785,35.722388367536354,0.0
./Eplus-env-08-19_thermostat_rbc_eco_year_2023_case_5_rep_0_zone_9_onoffseed_5_tempseed_42_comforttemp_19_setbacktemp_17_paper2_final_runs_v4-res1,2023,5,0,9,5,42,19,17,0.0,0.0,0.0,17.448695472826646,38.97081571620088,5.909044034237393,5.2799835000515625,5.321233371145715,5.403733113334021,4.754047643601114,16.91244714860266,0.0
./Eplus-env-08-19_thermostat_rbc_eco_year_2023_case_6_rep_0_zone_0_onoffseed_5_tempseed_15_comforttemp_20_setbacktemp_15_paper2_final_runs_v4-res1,2023,6,0,0,5,15,20,15,0.0,0.0,0.0,0.0,0.0,0.0,0.11343714550892028,13.787769413220582,55.347014540579565,9.219346189543158,21.532432711147777,0.0
./Eplus-env-08-19_thermostat_rbc_eco_year_2023_case_13_rep_0_zone_9_onoffseed_5_tempseed_42_comforttemp_19_setbacktemp_13_paper2_final_runs_v4-res1,2023,13,0,9,5,42,19,13,0.0,0.0,0.05156233886769104,31.5252139837063,11.745900794060018,5.568732597710632,5.073734144580798,4.8056099824688046,4.640610498092194,5.011859337939569,31.57677632257399,0.0
./Eplus-env-08-19_thermostat_rbc_eco_year_2022_case_13_rep_0_zone_0_onoffseed_10_tempseed_10_comforttemp_20_setbacktemp_17_paper2_final_runs_v4-res1,2022,13,0,0,10,10,20,17,0.010312467773538208,0.020624935547076416,0.47437351758275753,1.1962462617304321,2.5574920078374754,4.238424254924204,27.286789728782097,14.293080334123957,8.311849025471796,6.6824791172527584,34.928328348973906,0.0
./Eplus-env-08-19_thermostat_rbc_eco_year_2022_case_13_rep_0_zone_0_onoffseed_10_tempseed_10_comforttemp_20_setbacktemp_13_paper2_final_runs_v4-res1,2022,13,0,0,10,10,20,13,0.04124987109415283,0.1340620810559967,0.2887490976590698,1.0312467773538208,2.3615551201402494,4.619985562545117,25.49242033618645,15.386201918119005,8.476848509848407,6.538104568423224,35.58832628648035,0.04124987109415283
./Eplus-env-08-19_thermostat_rbc_eco_year_2023_case_6_rep_0_zone_0_onoffseed_10_tempseed_30_comforttemp_20_setbacktemp_13_paper2_final_runs_v4-res1,2023,6,0,0,10,30,20,13,1.0209343095802825,1.6499948437661134,3.68155099515314,4.723110240280499,4.25904919047128,11.570588841909869,34.18583066927916,8.373723832113026,6.135918325255234,5.2902959678251005,18.45931731463339,0.6496854697329071
./Eplus-env-08-19_thermostat_rbc_eco_year_2023_case_8_rep_0_zone_0_onoffseed_5_tempseed_10_comforttemp_20_setbacktemp_17_paper2_final_runs_v4-res1,2023,8,0,0,5,10,20,17,0.0,0.0,0.0,0.0,0.0,0.6496854697329071,33.051459214189954,17.77869444157987,7.816850572341962,6.228730535217077,34.47457976693823,0.0
./Eplus-env-08-19_thermostat_rbc_eco_year_2023_case_9_rep_0_zone_0_onoffseed_10_tempseed_30_comforttemp_20_setbacktemp_13_paper2_final_runs_v4-res1,2023,9,0,0,10,30,20,13,0.010312467773538208,0.05156233886769104,0.42281117871506657,1.340620810559967,3.3515520263999177,19.067752913272145,18.572754460142313,9.930906465917294,7.682788491285965,5.939981437558008,33.6289574095081,0.0
./Eplus-env-08-19_thermostat_rbc_eco_year_2023_case_10_rep_0_zone_0_onoffseed_5_tempseed_10_comforttemp_20_setbacktemp_13_paper2_final_runs_v4-res1,2023,10,0,0,5,10,20,13,0.0,0.0,0.0,0.0,0.0,0.0,8.930597091884088,52.861709807156856,9.116221511807776,7.0331030215530586,22.058368567598226,0.0
./Eplus-env-08-19_thermostat_rbc_eco_year_2023_case_10_rep_0_zone_0_onoffseed_5_tempseed_30_comforttemp_20_setbacktemp_17_paper2_final_runs_v4-res1,2023,10,0,0,5,30,20,17,0.0,0.0,0.0,0.0,0.0,7.889037846756729,49.57203258739816,7.981850056718573,6.517479632876147,6.280292874084768,21.759307002165617,0.0
./Eplus-env-08-18_thermostat_rbc_eco_year_2023_case_0_rep_0_zone_9_onoffseed_5_tempseed_42_comforttemp_19_setbacktemp_17_paper2_final_runs_v4-res1,2023,0,0,9,5,42,19,17,0.0,0.0,0.0,17.170258842941116,39.89893781581932,5.651232339898938,5.352170774466329,5.702794678766629,5.321233371145715,4.8468598535629575,16.056512323398987,0.0
./Eplus-env-08-19_thermostat_rbc_eco_year_2023_case_2_rep_0_zone_0_onoffseed_5_tempseed_30_comforttemp_20_setbacktemp_13_paper2_final_runs_v4-res1,2023,2,0,0,5,30,20,13,0.0,0.0,0.0,0.0,0.0,6.5587295039703,52.94420954934515,8.559348252036711,7.094977828194287,5.692482210993091,19.150252655460452,0.0
./Eplus-env-08-19_thermostat_rbc_eco_year_2022_case_1_rep_0_zone_9_onoffseed_5_tempseed_42_comforttemp_21_setbacktemp_17_paper2_final_runs_v4-res1,2022,1,0,9,5,42,21,17,0.0,0.0,0.0,0.0,0.0,31.318964628235534,32.87614726203981,5.671857275446015,5.114984015674951,5.094359080127875,19.923687738475817,0.0
./Eplus-env-08-19_thermostat_rbc_eco_year_2023_case_2_rep_0_zone_0_onoffseed_10_tempseed_42_comforttemp_20_setbacktemp_13_paper2_final_runs_v4-res1,2023,2,0,0,10,42,20,13,1.1240589873156646,2.774053831081778,3.8568629473032896,4.248736722697742,7.311539651438589,37.0320717747757,6.899040940497062,6.342167680725998,5.805919356502011,5.197483757863257,18.304630298030318,1.103434051768588
./Eplus-env-08-19_thermostat_rbc_eco_year_2022_case_5_rep_0_zone_0_onoffseed_10_tempseed_42_comforttemp_20_setbacktemp_15_paper2_final_runs_v4-res1,2022,5,0,0,10,42,20,15,2.0521810869341035,3.217489945343921,3.8362380117562136,3.2999896875322268,10.106218418067444,34.02083118490255,6.909353408270599,5.939981437558008,5.218108693410333,5.321233371145715,19.748375786325667,0.32999896875322265
./Eplus-env-08-19_thermostat_rbc_eco_year_2022_case_6_rep_0_zone_0_onoffseed_10_tempseed_15_comforttemp_20_setbacktemp_13_paper2_final_runs_v4-res1,2022,6,0,0,10,15,20,13,0.5259358564504486,0.8043724863359802,2.1140558935753324,3.3103021553057643,3.825925543982675,3.846550479529751,4.248736722697742,16.75776013199959,32.03052490460968,7.992162524492111,23.93523770238218,0.6084355986387543
./Eplus-env-08-19_thermostat_rbc_eco_year_2022_case_6_rep_0_zone_0_onoffseed_15_tempseed_42_comforttemp_20_setbacktemp_13_paper2_final_runs_v4-res1,2022,6,0,0,15,42,20,13,2.4028049912344023,4.032174899453439,4.712797772506961,4.166236980509436,11.147777663194802,27.688975971950086,6.6721666494792204,5.475920387748788,5.197483757863257,5.259358564504486,21.233371145715168,2.0109312158399506
./Eplus-env-08-19_thermostat_rbc_eco_year_2022_case_6_rep_0_zone_0_onoffseed_15_tempseed_42_comforttemp_20_setbacktemp_15_paper2_final_runs_v4-res1,2022,6,0,0,15,42,20,15,3.0937403320614623,4.300299061565433,4.754047643601114,4.640610498092194,10.704341548932659,28.472723522738992,7.022790553779519,5.682169743219553,4.908734660204187,5.053109209033722,20.82087243477364,0.546560791997525
./Eplus-env-08-19_thermostat_rbc_eco_year_2022_case_14_rep_0_zone_0_onoffseed_10_tempseed_42_comforttemp_20_setbacktemp_17_paper2_final_runs_v4-res1,2022,14,0,0,10,42,20,17,0.020624935547076416,0.04124987109415283,0.897184696297824,2.2584304424048676,15.489326595854388,17.03619676188512,8.940909559657625,7.177477570382592,6.816541198308755,6.352480148499535,34.969578220068065,0.0
./Eplus-env-08-19_thermostat_rbc_eco_year_2023_case_14_rep_0_zone_0_onoffseed_10_tempseed_30_comforttemp_20_setbacktemp_17_paper2_final_runs_v4-res1,2023,14,0,0,10,30,20,17,0.0,0.0,0.3712488398473755,1.443745488295349,3.330927090852841,19.60400123749613,18.614004331236465,9.38434567391977,6.816541198308755,5.919356502010931,34.51582963803238,0.0
./Eplus-env-08-18_thermostat_rbc_eco_year_2023_case_0_rep_0_zone_9_onoffseed_5_tempseed_42_comforttemp_20_setbacktemp_13_paper2_final_runs_v4-res1,2023,0,0,9,5,42,20,13,0.0,0.0,0.0,0.0,33.86614416829947,27.22491492214087,5.496545323295865,5.86779416314324,5.795606888728472,5.114984015674951,16.63401051871713,0.0
./Eplus-env-08-19_thermostat_rbc_eco_year_2023_case_14_rep_0_zone_0_onoffseed_10_tempseed_10_comforttemp_20_setbacktemp_13_paper2_final_runs_v4-res1,2023,14,0,0,10,10,20,13,0.0,0.030937403320614624,0.17531195215014952,0.6599979375064453,1.9078065381045684,3.908425286170981,22.934928328348974,19.934000206249355,9.569970093843457,6.300917809631845,34.577704444673614,0.0
./Eplus-env-08-19_thermostat_rbc_eco_year_2022_case_14_rep_0_zone_9_onoffseed_5_tempseed_42_comforttemp_20_setbacktemp_13_paper2_final_runs_v4-res1,2022,14,0,9,5,42,20,13,0.0,0.20624935547076417,0.6290605341858306,1.794369392595648,26.637104259049188,12.127462101680932,6.569041971743839,6.074043518614005,6.1874806641229245,5.826544292049087,33.94864391048778,0.0
./Eplus-env-08-19_thermostat_rbc_eco_year_2022_case_7_rep_0_zone_9_onoffseed_5_tempseed_42_comforttemp_21_setbacktemp_13_paper2_final_runs_v4-res1,2022,7,0,9,5,42,21,13,0.0,0.0,0.0,0.0,0.0,7.414664329173972,20.243374239455502,36.98050943590802,8.074662266680416,5.06342167680726,22.223368051974838,0.0
./Eplus-env-08-19_thermostat_rbc_eco_year_2022_case_9_rep_0_zone_0_onoffseed_15_tempseed_42_comforttemp_20_setbacktemp_13_paper2_final_runs_v4-res1,2022,9,0,0,15,42,20,13,0.21656182324430237,0.38156130762091367,1.6499948437661134,3.4959265752294524,14.303392801897493,15.654326080230998,9.178096318449006,6.5999793750644535,6.826853666082293,6.507167165102609,35.072702897803445,0.11343714550892028
./Eplus-env-08-19_thermostat_rbc_eco_year_2022_case_10_rep_0_zone_0_onoffseed_5_tempseed_10_comforttemp_20_setbacktemp_15_paper2_final_runs_v4-res1,2022,10,0,0,5,10,20,15,0.0,0.0,0.0,0.0,0.0,0.0,10.137155821388058,49.953593895019075,8.188099412189336,6.146230793028772,25.574920078374756,0.0
./Eplus-env-08-19_thermostat_rbc_eco_year_2023_case_10_rep_0_zone_9_onoffseed_5_tempseed_42_comforttemp_20_setbacktemp_17_paper2_final_runs_v4-res1,2023,10,0,9,5,42,20,17,0.0,0.0,0.0,0.0,16.33494895328452,39.94018768691348,5.475920387748788,5.805919356502011,5.795606888728472,5.682169743219553,20.965246983603176,0.0
./Eplus-env-08-19_thermostat_rbc_eco_year_2022_case_9_rep_0_zone_9_onoffseed_5_tempseed_42_comforttemp_19_setbacktemp_13_paper2_final_runs_v4-res1,2022,9,0,9,5,42,19,13,0.05156233886769104,0.19593688769722595,1.000309374033206,23.337114571516963,11.23027740538311,7.352789522532742,6.135918325255234,5.682169743219553,5.7543570176343195,5.527482726616479,33.73208208724348,0.0
./Eplus-env-08-19_thermostat_rbc_eco_year_2023_case_1_rep_0_zone_0_onoffseed_10_tempseed_15_comforttemp_20_setbacktemp_17_paper2_final_runs_v4-res1,2023,1,0,0,10,15,20,17,0.0,0.3093740332061462,2.4131174590079407,3.9909250283592863,4.547798288130349,3.846550479529751,3.1762400742497676,9.126533979581314,45.83891925337733,7.290914715891512,19.4596266886666,0.0
./Eplus-env-08-19_thermostat_rbc_eco_year_2023_case_1_rep_0_zone_0_onoffseed_5_tempseed_42_comforttemp_20_setbacktemp_15_paper2_final_runs_v4-res1,2023,1,0,0,5,42,20,15,0.0,0.0,0.0,0.0,6.04310611529339,50.737341445807985,8.45622357430133,6.878416004949985,5.486232855522326,5.362483242239868,17.03619676188512,0.0
./Eplus-env-08-19_thermostat_rbc_eco_year_2023_case_1_rep_0_zone_9_onoffseed_5_tempseed_42_comforttemp_21_setbacktemp_13_paper2_final_runs_v4-res1,2023,1,0,9,5,42,21,13,0.0,0.0,0.0,0.0,0.0,21.17149633907394,16.922759616376197,29.79271939775188,9.363720738372692,5.372795710013406,17.37650819841188,0.0
./Eplus-env-08-19_thermostat_rbc_eco_year_2022_case_1_rep_0_zone_0_onoffseed_15_tempseed_10_comforttemp_20_setbacktemp_15_paper2_final_runs_v4-res1,2022,1,0,0,15,10,20,15,1.4231205527482726,2.7946787666288544,4.042487367226977,4.867484789110034,4.8468598535629575,4.650922965865732,9.013096834072394,34.84582860678561,6.6515417139321436,5.661544807672476,20.862122305867796,0.3403114365267609
./Eplus-env-08-19_thermostat_rbc_eco_year_2023_case_2_rep_0_zone_0_onoffseed_15_tempseed_15_comforttemp_20_setbacktemp_15_paper2_final_runs_v4-res1,2023,2,0,0,15,15,20,15,0.6084355986387543,1.4643704238424256,2.629679282252243,4.619985562545117,5.826544292049087,5.486232855522326,4.3209239971125095,11.096215324327112,35.773950706404044,7.5487264102299685,20.60431061152934,0.020624935547076416
./Eplus-env-08-19_thermostat_rbc_eco_year_2023_case_4_rep_0_zone_9_onoffseed_5_tempseed_42_comforttemp_19_setbacktemp_13_paper2_final_runs_v4-res1,2023,4,0,9,5,42,19,13,0.0,0.07218727441476745,1.1549963906362792,27.193977518820255,11.632463648551099,7.321852119212127,5.898731566463855,5.2902959678251005,4.8571723213364955,5.331545838919253,31.24677735382077,0.0
./Eplus-env-08-19_thermostat_rbc_eco_year_2023_case_2_rep_0_zone_0_onoffseed_5_tempseed_30_comforttemp_20_setbacktemp_17_paper2_final_runs_v4-res1,2023,2,0,0,5,30,20,17,0.0,0.0,0.0,0.0,0.0,5.774981953181396,54.24358048881097,8.322161493245334,6.929978343817676,5.589357533257709,19.139940187686914,0.0
./Eplus-env-08-19_thermostat_rbc_eco_year_2022_case_2_rep_0_zone_9_onoffseed_5_tempseed_42_comforttemp_19_setbacktemp_17_paper2_final_runs_v4-res1,2022,2,0,9,5,42,19,17,0.0,0.0,0.0,15.41713932143962,38.0839434876766,6.373105084046612,4.8056099824688046,4.527173352583273,4.393111271527276,4.898422192430648,21.501495307827163,0.0
./Eplus-env-08-19_thermostat_rbc_eco_year_2023_case_3_rep_0_zone_0_onoffseed_10_tempseed_15_comforttemp_20_setbacktemp_17_paper2_final_runs_v4-res1,2023,3,0,0,10,15,20,17,0.0,0.010312467773538208,0.22687429101784057,0.6703104052799835,2.0521810869341035,3.650613591832526,6.032793647519852,35.578013818706815,11.384964421986181,7.1568526348355155,33.237083634113645,0.0
./Eplus-env-08-19_thermostat_rbc_eco_year_2023_case_3_rep_0_zone_0_onoffseed_10_tempseed_10_comforttemp_20_setbacktemp_15_paper2_final_runs_v4-res1,2023,3,0,0,10,10,20,15,0.0,0.18562441992368775,0.38156130762091367,1.3096834072393524,2.9081159121377747,5.228421161183872,33.18552129524595,11.199340002062494,6.744353923893988,6.517479632876147,32.33989893781582,0.0
./Eplus-env-08-19_thermostat_rbc_eco_year_2023_case_3_rep_0_zone_0_onoffseed_15_tempseed_10_comforttemp_20_setbacktemp_15_paper2_final_runs_v4-res1,2023,3,0,0,15,10,20,15,0.020624935547076416,0.23718675879137877,0.7321852119212128,1.8871816025574921,3.7846756728885227,7.332164586985665,28.895534701454057,11.137465195421264,6.96091574713829,6.362792616273075,32.649272971021965,0.0
./Eplus-env-08-19_thermostat_rbc_eco_year_2022_case_6_rep_0_zone_9_onoffseed_5_tempseed_42_comforttemp_21_setbacktemp_13_paper2_final_runs_v4-res1,2022,6,0,9,5,42,21,13,0.0,0.0,0.0,0.0,0.010312467773538208,35.01082809116222,26.57522945240796,6.84747860162937,5.46560791997525,5.156233886769104,20.934309580282562,0.0
./Eplus-env-08-19_thermostat_rbc_eco_year_2022_case_6_rep_0_zone_0_onoffseed_10_tempseed_10_comforttemp_20_setbacktemp_15_paper2_final_runs_v4-res1,2022,6,0,0,10,10,20,15,0.7115602763741363,1.4231205527482726,2.8565535732700837,4.011549963906362,3.6403011240589875,3.8053006084355987,14.819016190574406,32.37083634113643,7.610601216871197,6.393730019593689,22.20274311642776,0.1546870166030731
./Eplus-env-08-19_thermostat_rbc_eco_year_2022_case_9_rep_0_zone_0_onoffseed_15_tempseed_10_comforttemp_20_setbacktemp_17_paper2_final_runs_v4-res1,2022,9,0,0,15,10,20,17,0.0,0.04124987109415283,0.2681241621119934,0.8868722285242858,1.6293699082190367,4.382798803753738,11.632463648551099,24.131174590079407,10.580591935650201,8.34278642879241,38.104568423223675,0.0
./Eplus-env-08-19_thermostat_rbc_eco_year_2022_case_9_rep_0_zone_9_onoffseed_5_tempseed_42_comforttemp_20_setbacktemp_17_paper2_final_runs_v4-res1,2022,9,0,9,5,42,20,17,0.0,0.0,0.0,0.030937403320614624,14.90151593276271,25.33773331958338,7.239352377023822,6.26998040631123,5.682169743219553,6.146230793028772,34.39208002474992,0.0
./Eplus-env-08-19_thermostat_rbc_eco_year_2023_case_14_rep_0_zone_9_onoffseed_5_tempseed_42_comforttemp_20_setbacktemp_17_paper2_final_runs_v4-res1,2023,14,0,9,5,42,20,17,0.0,0.0,0.0,0.1340620810559967,30.576466948540787,12.47808600598123,7.909662782303806,6.589666907290914,5.527482726616479,5.321233371145715,31.46333917706507,0.0
./Eplus-env-08-19_thermostat_rbc_eco_year_2023_case_8_rep_0_zone_0_onoffseed_5_tempseed_15_comforttemp_20_setbacktemp_17_paper2_final_runs_v4-res1,2023,8,0,0,5,15,20,17,0.0,0.0,0.0,0.0,0.0,0.0,0.47437351758275753,38.352067649788594,16.840259874187893,8.332473961018872,36.00082499742188,0.0
./Eplus-env-08-19_thermostat_rbc_eco_year_2022_case_9_rep_0_zone_0_onoffseed_10_tempseed_15_comforttemp_20_setbacktemp_15_paper2_final_runs_v4-res1,2022,9,0,0,10,15,20,15,0.04124987109415283,0.09281220996184388,0.18562441992368775,0.3093740332061462,0.9281220996184386,2.9184283799113127,4.733422708054038,25.234608641847995,18.02619366814479,8.909972156337012,38.60987934412705,0.010312467773538208
./Eplus-env-08-19_thermostat_rbc_eco_year_2022_case_4_rep_0_zone_0_onoffseed_15_tempseed_42_comforttemp_20_setbacktemp_13_paper2_final_runs_v4-res1,2022,4,0,0,15,42,20,13,0.18562441992368775,0.6703104052799835,1.8871816025574921,3.6609260596060635,16.72682272867897,15.736825822419304,8.734660204186861,6.569041971743839,6.33185521295246,6.476229761781995,32.845209858719194,0.17531195215014952
./Eplus-env-08-19_thermostat_rbc_eco_year_2023_case_12_rep_0_zone_0_onoffseed_10_tempseed_30_comforttemp_20_setbacktemp_15_paper2_final_runs_v4-res1,2023,12,0,0,10,30,20,15,0.9487470351655151,1.990306280292874,3.39280189749407,4.496235949262658,4.228111787150665,12.230586779416313,32.55646076106012,8.05403733113334,6.703104052799835,5.960606373105084,19.397751882025368,0.04124987109415283
./Eplus-env-08-19_thermostat_rbc_eco_year_2023_case_13_rep_0_zone_0_onoffseed_10_tempseed_10_comforttemp_20_setbacktemp_15_paper2_final_runs_v4-res1,2023,13,0,0,10,10,20,15,0.0,0.04124987109415283,0.4021862431679901,1.041559245127359,2.6709291533463957,4.8056099824688046,27.977725069609154,15.396514385892543,7.682788491285965,6.538104568423224,33.443332989584405,0.0
./Eplus-env-08-19_thermostat_rbc_eco_year_2023_case_13_rep_0_zone_0_onoffseed_10_tempseed_15_comforttemp_20_setbacktemp_15_paper2_final_runs_v4-res1,2023,13,0,0,10,15,20,15,0.0,0.020624935547076416,0.18562441992368775,0.47437351758275753,1.4231205527482726,3.423739300814685,5.310920903372177,29.493657832319276,16.45869856656698,7.507476539135816,35.70176343198928,0.0
./Eplus-env-08-19_thermostat_rbc_eco_year_2022_case_7_rep_0_zone_9_onoffseed_5_tempseed_42_comforttemp_19_setbacktemp_17_paper2_final_runs_v4-res1,2022,7,0,9,5,42,19,17,0.0,0.0,0.0,16.004949984531297,36.7330102093431,5.692482210993091,5.06342167680726,4.671547901412808,4.743735175827576,5.104671547901413,21.98618129318346,0.0
./Eplus-env-08-19_thermostat_rbc_eco_year_2022_case_1_rep_0_zone_9_onoffseed_5_tempseed_42_comforttemp_18_setbacktemp_17_paper2_final_runs_v4-res1,2022,1,0,9,5,42,18,17,0.0,0.0,12.137774569454471,34.75301639682376,7.1568526348355155,5.878106630916778,4.970609466845416,5.001546870166031,4.382798803753738,4.815922450242343,20.903372176961945,0.0
./Eplus-env-08-19_thermostat_rbc_eco_year_2023_case_1_rep_0_zone_9_onoffseed_5_tempseed_42_comforttemp_18_setbacktemp_17_paper2_final_runs_v4-res1,2023,1,0,9,5,42,18,17,0.0,0.0,12.983396926884602,37.393008146849546,5.609982468804785,5.847169227596163,5.3006084355986385,5.444982984428174,5.434670516654635,4.908734660204187,17.07744663297927,0.0
./Eplus-env-08-19_thermostat_rbc_eco_year_2023_case_1_rep_0_zone_9_onoffseed_5_tempseed_42_comforttemp_19_setbacktemp_13_paper2_final_runs_v4-res1,2023,1,0,9,5,42,19,13,0.0,0.0,0.0,30.48365473857894,26.657729194596268,4.723110240280499,4.66123543363927,5.682169743219553,5.517170258842941,5.259358564504486,17.015571826338043,0.0
./Eplus-env-08-19_thermostat_rbc_eco_year_2023_case_9_rep_0_zone_0_onoffseed_15_tempseed_42_comforttemp_20_setbacktemp_15_paper2_final_runs_v4-res1,2023,9,0,0,15,42,20,15,0.1237496132824585,0.35062390430029905,1.5159327627101165,3.4959265752294524,15.458389192533772,16.644322986490668,10.147468289161596,7.5899762813241205,6.04310611529339,6.15654326080231,32.47396101887182,0.0
./Eplus-env-08-19_thermostat_rbc_eco_year_2022_case_9_rep_0_zone_0_onoffseed_5_tempseed_15_comforttemp_20_setbacktemp_15_paper2_final_runs_v4-res1,2022,9,0,0,5,15,20,15,0.0,0.0,0.0,0.0,0.0,0.020624935547076416,0.5878106630916778,28.379911312777146,19.696813447457977,10.18871816025575,41.12612148087037,0.0
./Eplus-env-08-19_thermostat_rbc_eco_year_2022_case_8_rep_0_zone_0_onoffseed_5_tempseed_42_comforttemp_20_setbacktemp_17_paper2_final_runs_v4-res1,2022,8,0,0,5,42,20,17,0.0,0.0,0.0,0.2578116943384552,21.253996081262247,16.88150974528205,8.827472414148705,6.78560379498814,5.960606373105084,5.878106630916778,34.15489326595854,0.0
./Eplus-env-08-19_thermostat_rbc_eco_year_2022_case_4_rep_0_zone_0_onoffseed_5_tempseed_42_comforttemp_20_setbacktemp_15_paper2_final_runs_v4-res1,2022,4,0,0,5,42,20,15,0.0,0.0,0.020624935547076416,0.43312364648860474,15.798700629060534,19.542126430854903,10.498092193461895,7.404351861400434,6.6824791172527584,6.6824791172527584,32.938022068681036,0.0
./Eplus-env-08-19_thermostat_rbc_eco_year_2023_case_3_rep_0_zone_0_onoffseed_5_tempseed_42_comforttemp_20_setbacktemp_17_paper2_final_runs_v4-res1,2023,3,0,0,5,42,20,17,0.0,0.0,0.0,1.0312467773538208,23.326802103743425,17.799319377126945,9.32247086727854,5.774981953181396,5.434670516654635,5.548107662163556,31.762400742497682,0.0
./Eplus-env-08-19_thermostat_rbc_eco_year_2022_case_2_rep_0_zone_9_onoffseed_5_tempseed_42_comforttemp_19_setbacktemp_13_paper2_final_runs_v4-res1,2022,2,0,9,5,42,19,13,0.0,0.0,0.0,29.576157574507576,24.461173558832627,5.444982984428174,5.403733113334021,4.815922450242343,4.413736207074352,4.537485820356811,21.34680829122409,0.0
./Eplus-env-08-19_thermostat_rbc_eco_year_2023_case_7_rep_0_zone_0_onoffseed_15_tempseed_10_comforttemp_20_setbacktemp_17_paper2_final_runs_v4-res1,2023,7,0,0,15,10,20,17,0.0,0.7837475507889038,4.8468598535629575,6.012168711972775,6.971228214911829,4.8365473857894195,13.004021862431681,29.060534185830672,8.85840981746932,5.702794678766629,19.923687738475817,0.0
./Eplus-env-08-19_thermostat_rbc_eco_year_2022_case_3_rep_0_zone_0_onoffseed_15_tempseed_30_comforttemp_20_setbacktemp_17_paper2_final_runs_v4-res1,2022,3,0,0,15,30,20,17,0.020624935547076416,0.2887490976590698,1.3715582138805815,3.4546767041352995,5.651232339898938,25.13148396411261,11.147777663194802,7.435289264721049,6.290605341858306,6.146230793028772,33.041146746416416,0.020624935547076416
./Eplus-env-08-19_thermostat_rbc_eco_year_2022_case_10_rep_0_zone_0_onoffseed_15_tempseed_10_comforttemp_20_setbacktemp_17_paper2_final_runs_v4-res1,2022,10,0,0,15,10,20,17,0.0,0.7528101474682891,4.949984531298339,5.383108177786944,5.094359080127875,4.929359595751263,12.117149633907394,28.297411570588842,7.064040424873673,6.300917809631845,25.110859028565535,0.0
./Eplus-env-08-19_thermostat_rbc_eco_year_2023_case_10_rep_0_zone_0_onoffseed_5_tempseed_10_comforttemp_20_setbacktemp_17_paper2_final_runs_v4-res1,2023,10,0,0,5,10,20,17,0.0,0.0,0.0,0.0,0.0,0.0,8.940909559657625,53.769206971228215,8.940909559657625,6.373105084046612,21.97586882540992,0.0
./Eplus-env-08-19_thermostat_rbc_eco_year_2022_case_3_rep_0_zone_0_onoffseed_5_tempseed_15_comforttemp_20_setbacktemp_17_paper2_final_runs_v4-res1,2022,3,0,0,5,15,20,17,0.0,0.0,0.0,0.0,0.0,0.0,1.484995359389502,38.62019181190059,14.004331236464887,8.817159946375169,37.073321645869854,0.0
./Eplus-env-08-19_thermostat_rbc_eco_year_2023_case_3_rep_0_zone_0_onoffseed_5_tempseed_10_comforttemp_20_setbacktemp_15_paper2_final_runs_v4-res1,2023,3,0,0,5,10,20,15,0.0,0.0,0.0,0.0,0.0,1.5674951015778076,36.87738475817263,14.860266061668556,7.528101474682892,6.44529235846138,32.72146024543673,0.0
./Eplus-env-08-19_thermostat_rbc_eco_year_2022_case_4_rep_0_zone_0_onoffseed_10_tempseed_15_comforttemp_20_setbacktemp_13_paper2_final_runs_v4-res1,2022,4,0,0,10,15,20,13,0.05156233886769104,0.10312467773538209,0.20624935547076417,0.5156233886769104,1.2684335361451995,3.031865525420233,5.579045065484171,28.730535217077446,14.757141383933176,9.198721253996082,36.506135918325256,0.05156233886769104
./Eplus-env-08-19_thermostat_rbc_eco_year_2023_case_4_rep_0_zone_0_onoffseed_5_tempseed_10_comforttemp_20_setbacktemp_13_paper2_final_runs_v4-res1,2023,4,0,0,5,10,20,13,0.0,0.0,0.0,0.0,0.0,0.9796844384861298,26.843353614519955,20.573373208208725,9.879344127049603,6.84747860162937,34.876766010106216,0.0
./Eplus-env-08-19_thermostat_rbc_eco_year_2023_case_13_rep_0_zone_0_onoffseed_15_tempseed_15_comforttemp_20_setbacktemp_15_paper2_final_runs_v4-res1,2023,13,0,0,15,15,20,15,0.0,0.08249974218830566,0.21656182324430237,0.7837475507889038,2.206868103537176,4.743735175827576,7.868412911209652,24.925234608641848,15.953387645663607,7.878725378983191,35.34082705991543,0.0
./Eplus-env-08-19_thermostat_rbc_eco_year_2023_case_13_rep_0_zone_0_onoffseed_10_tempseed_42_comforttemp_20_setbacktemp_15_paper2_final_runs_v4-res1,2023,13,0,0,10,42,20,15,0.08249974218830566,0.3918737753944519,1.484995359389502,3.4031143652676086,24.141487057852945,13.818706816541198,7.76528823347427,5.836856759822625,5.094359080127875,5.517170258842941,32.46364855109828,0.0
./Eplus-env-08-19_thermostat_rbc_eco_year_2023_case_13_rep_0_zone_0_onoffseed_5_tempseed_30_comforttemp_20_setbacktemp_15_paper2_final_runs_v4-res1,2023,13,0,0,5,30,20,15,0.0,0.0,0.0,0.0,0.3712488398473755,27.688975971950086,18.614004331236465,8.57997318758379,6.1977931318964625,5.599670001031247,32.948334536454574,0.0
./Eplus-env-08-19_thermostat_rbc_eco_year_2022_case_8_rep_0_zone_0_onoffseed_10_tempseed_30_comforttemp_20_setbacktemp_15_paper2_final_runs_v4-res1,2022,8,0,0,10,30,20,15,0.05156233886769104,0.2681241621119934,0.8559348252036713,1.7118696504073425,3.825925543982675,24.749922656491698,13.4680829122409,8.043724863359802,6.208105599670001,6.259667938537692,34.51582963803238,0.04124987109415283
./Eplus-env-08-19_thermostat_rbc_eco_year_2023_case_9_rep_0_zone_0_onoffseed_10_tempseed_15_comforttemp_20_setbacktemp_17_paper2_final_runs_v4-res1,2023,9,0,0,10,15,20,17,0.0,0.0,0.07218727441476745,0.2887490976590698,1.0724966484479737,2.4646797978756316,4.723110240280499,25.801794369392596,20.284624110549654,9.198721253996082,36.09363720738373,0.0
./Eplus-env-08-19_thermostat_rbc_eco_year_2022_case_7_rep_0_zone_0_onoffseed_5_tempseed_42_comforttemp_20_setbacktemp_13_paper2_final_runs_v4-res1,2022,7,0,0,5,42,20,13,0.0,0.0,0.0,0.0,9.745282045993605,42.363617613694956,8.528410848716097,5.909044034237393,5.486232855522326,5.372795710013406,22.594616891822213,0.0
./Eplus-env-08-19_thermostat_rbc_eco_year_2022_case_7_rep_0_zone_0_onoffseed_5_tempseed_10_comforttemp_20_setbacktemp_13_paper2_final_runs_v4-res1,2022,7,0,0,5,10,20,13,0.0,0.0,0.0,0.0,0.0,0.04124987109415283,13.488707847787976,47.509539032690526,8.837784881922243,6.032793647519852,24.08992471898525,0.0
./Eplus-env-08-19_thermostat_rbc_eco_year_2023_case_12_rep_0_zone_0_onoffseed_5_tempseed_15_comforttemp_20_setbacktemp_17_paper2_final_runs_v4-res1,2023,12,0,0,5,15,20,17,0.0,0.0,0.0,0.0,0.0,0.0,0.0,14.15901825306796,53.532020212436834,9.889656594823142,22.419304939672063,0.0
./Eplus-env-08-19_thermostat_rbc_eco_year_2023_case_12_rep_0_zone_0_onoffseed_5_tempseed_30_comforttemp_20_setbacktemp_15_paper2_final_runs_v4-res1,2023,12,0,0,5,30,20,15,0.0,0.0,0.0,0.0,0.0,10.312467773538208,48.313911519026504,8.868722285242859,7.218727441476745,5.599670001031247,19.68650097968444,0.0
./Eplus-env-08-19_thermostat_rbc_eco_year_2022_case_7_rep_0_zone_9_onoffseed_5_tempseed_42_comforttemp_20_setbacktemp_17_paper2_final_runs_v4-res1,2022,7,0,9,5,42,20,17,0.0,0.0,0.0,0.0,18.614004331236465,38.41394245642982,5.682169743219553,5.156233886769104,4.991234402392492,4.919047127977725,22.223368051974838,0.0
./Eplus-env-08-19_thermostat_rbc_eco_year_2022_case_7_rep_0_zone_9_onoffseed_5_tempseed_42_comforttemp_21_setbacktemp_17_paper2_final_runs_v4-res1,2022,7,0,9,5,42,21,17,0.0,0.0,0.0,0.0,0.0,31.236464886047234,30.751778900690933,6.104980921934619,5.2799835000515625,5.2799835000515625,21.34680829122409,0.0
./Eplus-env-08-19_thermostat_rbc_eco_year_2023_case_9_rep_0_zone_0_onoffseed_15_tempseed_15_comforttemp_20_setbacktemp_15_paper2_final_runs_v4-res1,2023,9,0,0,15,15,20,15,0.0,0.07218727441476745,0.1546870166030731,0.6187480664122924,1.443745488295349,3.7846756728885227,6.713416520573373,23.233989893781583,19.294627204289984,8.79653501082809,35.88738785191296,0.0
./Eplus-env-08-19_thermostat_rbc_eco_year_2023_case_8_rep_0_zone_0_onoffseed_15_tempseed_10_comforttemp_20_setbacktemp_17_paper2_final_runs_v4-res1,2023,8,0,0,15,10,20,17,0.0,0.020624935547076416,0.5981231308652161,1.4746828916159638,3.877487882850366,6.352480148499535,23.966175105702796,15.664638548004536,7.36310199030628,6.32154274517892,34.36114262142931,0.0
./Eplus-env-08-19_thermostat_rbc_eco_year_2023_case_14_rep_0_zone_0_onoffseed_15_tempseed_10_comforttemp_20_setbacktemp_17_paper2_final_runs_v4-res1,2023,14,0,0,15,10,20,17,0.0,0.030937403320614624,0.38156130762091367,0.8868722285242858,2.897803444364236,5.609982468804785,20.85180983809426,18.913065896669075,9.77621944931422,6.569041971743839,34.082705991543776,0.0
./Eplus-env-08-19_thermostat_rbc_eco_year_2022_case_10_rep_0_zone_9_onoffseed_5_tempseed_42_comforttemp_20_setbacktemp_17_paper2_final_runs_v4-res1,2022,10,0,9,5,42,20,17,0.0,0.0,0.0,0.0,16.16994946890791,40.10518717129009,5.620294936578323,4.991234402392492,4.980921934618954,4.919047127977725,23.213364958234507,0.0
./Eplus-env-08-18_thermostat_rbc_eco_year_2023_case_0_rep_0_zone_0_onoffseed_5_tempseed_10_comforttemp_20_setbacktemp_15_paper2_final_runs_v4-res1,2023,0,0,0,5,10,20,15,0.0,0.0,0.0,0.0,0.0,0.0,6.249355470764153,60.89512220274311,8.982159430751778,6.094668454161081,17.77869444157987,0.0
./Eplus-env-08-18_thermostat_rbc_eco_year_2022_case_0_rep_0_zone_0_onoffseed_5_tempseed_15_comforttemp_20_setbacktemp_15_paper2_final_runs_v4-res1,2022,0,0,0,5,15,20,15,0.0,0.0,0.0,0.0,0.0,0.0,0.0,7.693100959059502,62.1326183355677,7.507476539135816,22.666804166236982,0.0
./Eplus-env-08-19_thermostat_rbc_eco_year_2022_case_12_rep_0_zone_9_onoffseed_5_tempseed_42_comforttemp_18_setbacktemp_15_paper2_final_runs_v4-res1,2022,12,0,9,5,42,18,15,0.0,0.0,12.756522635866762,35.526451479839125,6.476229761781995,5.321233371145715,4.764360111374652,4.702485304733423,4.3724863359802,5.104671547901413,20.975559451376714,0.0
./Eplus-env-08-19_thermostat_rbc_eco_year_2022_case_5_rep_0_zone_0_onoffseed_15_tempseed_10_comforttemp_20_setbacktemp_13_paper2_final_runs_v4-res1,2022,5,0,0,15,10,20,13,1.0724966484479737,2.0109312158399506,4.021862431679901,4.8056099824688046,5.558420129937094,4.970609466845416,13.69495720325874,27.493039084252864,7.992162524492111,6.104980921934619,20.862122305867796,1.4128080849747344
./Eplus-env-08-19_thermostat_rbc_eco_year_2023_case_11_rep_0_zone_9_onoffseed_5_tempseed_42_comforttemp_21_setbacktemp_15_paper2_final_runs_v4-res1,2023,11,0,9,5,42,21,15,0.0,0.0,0.0,0.0,0.0,29.019284314736517,27.503351552026402,14.447767350727029,6.950603279364752,4.8365473857894195,17.242446117355883,0.0
./Eplus-env-08-19_thermostat_rbc_eco_year_2023_case_11_rep_0_zone_9_onoffseed_5_tempseed_42_comforttemp_19_setbacktemp_15_paper2_final_runs_v4-res1,2023,11,0,9,5,42,19,15,0.0,0.0,0.0,21.24368361348871,34.722078993503146,5.403733113334021,4.867484789110034,5.857481695369702,5.197483757863257,5.06342167680726,17.644632360523875,0.0
./Eplus-env-08-19_thermostat_rbc_eco_year_2023_case_7_rep_0_zone_9_onoffseed_5_tempseed_42_comforttemp_21_setbacktemp_17_paper2_final_runs_v4-res1,2023,7,0,9,5,42,21,17,0.0,0.0,0.0,0.0,0.0,32.47396101887182,30.576466948540787,6.404042487367227,6.094668454161081,4.970609466845416,19.480251624213672,0.0
./Eplus-env-08-18_thermostat_rbc_eco_year_2023_case_0_rep_0_zone_0_onoffseed_15_tempseed_10_comforttemp_20_setbacktemp_15_paper2_final_runs_v4-res1,2023,0,0,0,15,10,20,15,1.484995359389502,2.7018665566670106,4.207486851603589,6.04310611529339,5.7131071465401675,3.5990512529648346,8.291224089924718,37.18675879137878,7.24966484479736,5.7440445498607815,17.60338248942972,0.17531195215014952
./Eplus-env-08-19_thermostat_rbc_eco_year_2022_case_14_rep_0_zone_0_onoffseed_5_tempseed_42_comforttemp_20_setbacktemp_17_paper2_final_runs_v4-res1,2022,14,0,0,5,42,20,17,0.0,0.0,0.0,0.17531195215014952,14.220893059709189,19.38743941425183,10.353717644632361,7.177477570382592,6.816541198308755,5.991543776425699,35.877075384139424,0.0
./Eplus-env-08-19_thermostat_rbc_eco_year_2022_case_14_rep_0_zone_0_onoffseed_10_tempseed_42_comforttemp_20_setbacktemp_15_paper2_final_runs_v4-res1,2022,14,0,0,10,42,20,15,0.1237496132824585,0.27843662988553164,1.0518717129008972,2.4234299267814787,15.674951015778078,16.438073631019904,9.869031659276065,6.940290811591214,6.579354439517377,5.888419098690316,34.722078993503146,0.010312467773538208
./Eplus-env-08-19_thermostat_rbc_eco_year_2022_case_7_rep_0_zone_0_onoffseed_5_tempseed_30_comforttemp_20_setbacktemp_13_paper2_final_runs_v4-res1,2022,7,0,0,5,30,20,13,0.0,0.0,0.0,0.0,0.0,11.436526760853873,44.890172218211816,8.683097865319171,6.373105084046612,5.3006084355986385,23.316489635969887,0.0
./Eplus-env-08-19_thermostat_rbc_eco_year_2022_case_6_rep_0_zone_0_onoffseed_15_tempseed_15_comforttemp_20_setbacktemp_15_paper2_final_runs_v4-res1,2022,6,0,0,15,15,20,15,1.1756213261833557,1.443745488295349,2.6606166855728577,4.444673610394967,5.022171805713107,5.414045581107559,5.218108693410333,16.16994946890791,27.05991543776426,7.693100959059502,23.460864184799423,0.23718675879137877
./Eplus-env-08-19_thermostat_rbc_eco_year_2023_case_11_rep_0_zone_9_onoffseed_5_tempseed_42_comforttemp_18_setbacktemp_13_paper2_final_runs_v4-res1,2023,11,0,9,5,42,18,13,0.0,0.0,20.191811900587812,31.473651644838608,4.702485304733423,5.331545838919253,4.8262349180158814,5.826544292049087,4.960296999071878,4.939672063524801,17.747757038259255,0.0
./Eplus-env-08-19_thermostat_rbc_eco_year_2022_case_11_rep_0_zone_0_onoffseed_15_tempseed_15_comforttemp_20_setbacktemp_15_paper2_final_runs_v4-res1,2022,11,0,0,15,15,20,15,1.0209343095802825,1.2065587295039704,3.0937403320614623,4.609673094771579,4.609673094771579,4.609673094771579,4.980921934618954,16.365886356605134,27.21460245436733,8.363411364339486,23.749613282458494,0.17531195215014952
./Eplus-env-08-19_thermostat_rbc_eco_year_2023_case_10_rep_0_zone_0_onoffseed_5_tempseed_42_comforttemp_20_setbacktemp_17_paper2_final_runs_v4-res1,2023,10,0,0,5,42,20,17,0.0,0.0,0.0,0.0,7.476539135815201,46.78766628854285,7.084665360420749,6.125605857481696,5.702794678766629,5.919356502010931,20.903372176961945,0.0
./Eplus-env-08-19_thermostat_rbc_eco_year_2022_case_12_rep_0_zone_0_onoffseed_15_tempseed_30_comforttemp_20_setbacktemp_17_paper2_final_runs_v4-res1,2022,12,0,0,15,30,20,17,0.0,1.3096834072393524,6.795916262761679,6.074043518614005,5.166546354542642,12.364648860472311,28.070537279571,7.012478086005982,5.506857791069403,4.898422192430648,22.800866247292976,0.0
./Eplus-env-08-19_thermostat_rbc_eco_year_2022_case_8_rep_0_zone_0_onoffseed_10_tempseed_42_comforttemp_20_setbacktemp_15_paper2_final_runs_v4-res1,2022,8,0,0,10,42,20,15,0.1443745488295349,0.7218727441476745,1.5571826338042694,3.3824894297205326,21.862431679901,13.849644219861812,7.930287717850881,6.33185521295246,5.764669485407858,5.7131071465401675,32.70083530988966,0.04124987109415283
./Eplus-env-08-19_thermostat_rbc_eco_year_2022_case_8_rep_0_zone_0_onoffseed_15_tempseed_10_comforttemp_20_setbacktemp_15_paper2_final_runs_v4-res1,2022,8,0,0,15,10,20,15,0.247499226564917,0.247499226564917,0.6703104052799835,1.6499948437661134,3.8053006084355987,6.589666907290914,22.67711663401052,13.40620810559967,7.497164071362277,6.434979890687842,36.71238527379602,0.06187480664122925
./Eplus-env-08-18_thermostat_rbc_eco_year_2023_case_0_rep_0_zone_0_onoffseed_15_tempseed_15_comforttemp_20_setbacktemp_17_paper2_final_runs_v4-res1,2023,0,0,0,15,15,20,17,0.0,0.8868722285242858,4.48592348148912,5.929668969784469,6.074043518614005,5.228421161183872,4.001237496132824,9.631844900484685,38.98112818397442,6.919665876044137,17.861194183768177,0.0
./Eplus-env-08-19_thermostat_rbc_eco_year_2022_case_3_rep_0_zone_0_onoffseed_10_tempseed_42_comforttemp_20_setbacktemp_15_paper2_final_runs_v4-res1,2022,3,0,0,10,42,20,15,0.21656182324430237,0.7631226152418273,1.5159327627101165,3.9909250283592863,23.966175105702796,11.97277508507786,7.435289264721049,6.352480148499535,5.805919356502011,5.558420129937094,32.33989893781582,0.08249974218830566
./Eplus-env-08-19_thermostat_rbc_eco_year_2022_case_3_rep_0_zone_0_onoffseed_10_tempseed_30_comforttemp_20_setbacktemp_15_paper2_final_runs_v4-res1,2022,3,0,0,10,30,20,15,0.05156233886769104,0.41249871094152835,1.0518717129008972,2.1140558935753324,4.547798288130349,27.400226874291018,10.611529338970815,7.992162524492111,6.434979890687842,5.939981437558008,33.43302052181087,0.010312467773538208
./Eplus-env-08-19_thermostat_rbc_eco_year_2022_case_14_rep_0_zone_0_onoffseed_10_tempseed_15_comforttemp_20_setbacktemp_17_paper2_final_runs_v4-res1,2022,14,0,0,10,15,20,17,0.010312467773538208,0.030937403320614624,0.17531195215014952,0.32999896875322265,1.09312158399505,2.629679282252243,4.568423223677426,24.729297720944622,18.149943281427245,9.353408270599155,38.92956584510674,0.0
./Eplus-env-08-19_thermostat_rbc_eco_year_2023_case_14_rep_0_zone_9_onoffseed_5_tempseed_42_comforttemp_21_setbacktemp_15_paper2_final_runs_v4-res1,2023,14,0,9,5,42,21,15,0.0,0.0,0.0,0.22687429101784057,1.8149943281427245,19.005878106630917,28.379911312777146,7.218727441476745,5.7131071465401675,5.46560791997525,32.17489945343921,0.0
./Eplus-env-08-19_thermostat_rbc_eco_year_2023_case_7_rep_0_zone_0_onoffseed_5_tempseed_10_comforttemp_20_setbacktemp_15_paper2_final_runs_v4-res1,2023,7,0,0,5,10,20,15,0.0,0.0,0.0,0.0,0.0,0.010312467773538208,12.591523151490152,50.39703000928122,9.415283077240383,6.6824791172527584,20.903372176961945,0.0
./Eplus-env-08-19_thermostat_rbc_eco_year_2023_case_4_rep_0_zone_0_onoffseed_10_tempseed_42_comforttemp_20_setbacktemp_13_paper2_final_runs_v4-res1,2023,4,0,0,10,42,20,13,0.06187480664122925,0.35062390430029905,1.09312158399505,2.9081159121377747,19.6761885119109,16.695885325358358,9.456532948334537,7.229039909250283,5.836856759822625,5.7543570176343195,30.927090852841083,0.010312467773538208
./Eplus-env-08-19_thermostat_rbc_eco_year_2022_case_3_rep_0_zone_9_onoffseed_5_tempseed_42_comforttemp_19_setbacktemp_13_paper2_final_runs_v4-res1,2022,3,0,9,5,42,19,13,0.0,0.0,0.20624935547076417,14.757141383933176,25.234608641847995,6.507167165102609,5.548107662163556,5.2902959678251005,5.383108177786944,5.23873362895741,31.834588016912445,0.0
./Eplus-env-08-18_thermostat_rbc_eco_year_2023_case_0_rep_0_zone_0_onoffseed_10_tempseed_15_comforttemp_20_setbacktemp_13_paper2_final_runs_v4-res1,2023,0,0,0,10,15,20,13,0.47437351758275753,0.9487470351655151,2.2687429101784056,3.8362380117562136,4.815922450242343,3.8671754150768276,2.536867072290399,9.714344642672991,46.32360523873363,6.362792616273075,18.655254202330617,0.19593688769722595
./Eplus-env-08-18_thermostat_rbc_eco_year_2022_case_0_rep_0_zone_0_onoffseed_15_tempseed_30_comforttemp_20_setbacktemp_13_paper2_final_runs_v4-res1,2022,0,0,0,15,30,20,13,1.6190574404454987,3.423739300814685,4.619985562545117,4.723110240280499,4.589048159224503,8.466536042074868,33.237083634113645,6.703104052799835,5.506857791069403,5.661544807672476,19.86181293183459,1.5881200371248838
./Eplus-env-08-19_thermostat_rbc_eco_year_2022_case_10_rep_0_zone_0_onoffseed_5_tempseed_30_comforttemp_20_setbacktemp_15_paper2_final_runs_v4-res1,2022,10,0,0,5,30,20,15,0.0,0.0,0.0,0.0,0.0,8.724347736413323,46.581416933072084,7.816850572341962,6.1874806641229245,6.063731050840466,24.62617304320924,0.0
./Eplus-env-08-18_thermostat_rbc_eco_year_2022_case_0_rep_0_zone_0_onoffseed_10_tempseed_30_comforttemp_20_setbacktemp_13_paper2_final_runs_v4-res1,2022,0,0,0,10,30,20,13,1.144683922862741,2.0728060224811795,3.671238527379602,3.5990512529648346,3.7949881406620602,8.270599154377642,39.47612663710426,6.775291327214602,5.661544807672476,5.331545838919253,19.23275239764876,0.9693719707125915
./Eplus-env-08-18_thermostat_rbc_eco_year_2023_case_0_rep_0_zone_0_onoffseed_10_tempseed_42_comforttemp_20_setbacktemp_13_paper2_final_runs_v4-res1,2023,0,0,0,10,42,20,13,1.4746828916159638,3.0524904609673094,4.465298545942044,4.66123543363927,5.362483242239868,38.805816231824274,7.198102505929669,6.527792100649686,6.053418583066928,5.011859337939569,16.035887387851915,1.3509332783335053
./Eplus-env-08-19_thermostat_rbc_eco_year_2022_case_1_rep_0_zone_9_onoffseed_5_tempseed_42_comforttemp_19_setbacktemp_13_paper2_final_runs_v4-res1,2022,1,0,9,5,42,19,13,0.0,0.0,0.0,28.163349489532845,27.317727132102714,5.486232855522326,4.609673094771579,4.960296999071878,4.630298030318655,5.125296483448489,19.707125915231515,0.0
./Eplus-env-08-19_thermostat_rbc_eco_year_2022_case_11_rep_0_zone_0_onoffseed_15_tempseed_10_comforttemp_20_setbacktemp_13_paper2_final_runs_v4-res1,2022,11,0,0,15,10,20,13,0.9590595029390534,2.0728060224811795,3.980612560585748,4.919047127977725,4.919047127977725,4.578735691450964,14.973703207177477,26.18335567701351,7.827163040115499,6.44529235846138,22.140868309786534,1.000309374033206
./Eplus-env-08-19_thermostat_rbc_eco_year_2023_case_11_rep_0_zone_0_onoffseed_10_tempseed_10_comforttemp_20_setbacktemp_17_paper2_final_runs_v4-res1,2023,11,0,0,10,10,20,17,0.0,0.4640610498092193,3.1040527998350007,4.712797772506961,4.754047643601114,3.3515520263999177,12.921522120243376,36.856759822625556,8.507785913169021,5.86779416314324,19.4596266886666,0.0
./Eplus-env-08-19_thermostat_rbc_eco_year_2023_case_11_rep_0_zone_0_onoffseed_5_tempseed_42_comforttemp_20_setbacktemp_17_paper2_final_runs_v4-res1,2023,11,0,0,5,42,20,17,0.0,0.0,0.0,0.0,8.373723832113026,46.94235330514592,8.043724863359802,6.775291327214602,5.661544807672476,5.774981953181396,18.428379911312778,0.0
./Eplus-env-08-19_thermostat_rbc_eco_year_2022_case_11_rep_0_zone_0_onoffseed_15_tempseed_10_comforttemp_20_setbacktemp_17_paper2_final_runs_v4-res1,2022,11,0,0,15,10,20,17,0.0,0.938434567391977,5.805919356502011,5.403733113334021,5.042796741260184,4.527173352583273,14.303392801897493,28.75116015262452,6.909353408270599,6.404042487367227,21.913994018768694,0.0
./Eplus-env-08-19_thermostat_rbc_eco_year_2023_case_2_rep_0_zone_0_onoffseed_5_tempseed_42_comforttemp_20_setbacktemp_17_paper2_final_runs_v4-res1,2023,2,0,0,5,42,20,17,0.0,0.0,0.0,0.0,5.86779416314324,49.94328142724554,8.280911622151182,6.362792616273075,5.929668969784469,5.259358564504486,18.35619263689801,0.0
./Eplus-env-08-19_thermostat_rbc_eco_year_2022_case_7_rep_0_zone_0_onoffseed_5_tempseed_42_comforttemp_20_setbacktemp_15_paper2_final_runs_v4-res1,2022,7,0,0,5,42,20,15,0.0,0.0,0.0,0.0,8.724347736413323,44.549860781685055,8.012787460039188,6.053418583066928,5.548107662163556,5.444982984428174,21.666494792203775,0.0
./Eplus-env-08-19_thermostat_rbc_eco_year_2022_case_13_rep_0_zone_0_onoffseed_5_tempseed_10_comforttemp_20_setbacktemp_15_paper2_final_runs_v4-res1,2022,13,0,0,5,10,20,15,0.0,0.0,0.0,0.0,0.0,0.3712488398473755,31.70052593585645,16.29369908219037,8.982159430751778,7.280602248117975,35.371764463236055,0.0
./Eplus-env-08-19_thermostat_rbc_eco_year_2022_case_13_rep_0_zone_0_onoffseed_10_tempseed_42_comforttemp_20_setbacktemp_15_paper2_final_runs_v4-res1,2022,13,0,0,10,42,20,15,0.09281220996184388,0.6806228730535218,1.4540579560688873,3.031865525420233,21.81086934103331,13.4680829122409,7.940600185624421,5.909044034237393,5.599670001031247,5.702794678766629,34.26833041146746,0.04124987109415283
./Eplus-env-08-19_thermostat_rbc_eco_year_2022_case_10_rep_0_zone_0_onoffseed_15_tempseed_15_comforttemp_20_setbacktemp_15_paper2_final_runs_v4-res1,2022,10,0,0,15,15,20,15,0.7218727441476745,1.103434051768588,2.567804475611014,4.166236980509436,4.8571723213364955,4.8262349180158814,4.527173352583273,13.829019284314736,27.9880375373827,8.198411879962874,26.94647829225534,0.2681241621119934
./Eplus-env-08-19_thermostat_rbc_eco_year_2022_case_2_rep_0_zone_9_onoffseed_5_tempseed_42_comforttemp_18_setbacktemp_17_paper2_final_runs_v4-res1,2022,2,0,9,5,42,18,17,0.0,0.0,11.73558832628648,35.05207796225637,7.218727441476745,5.7234196143137055,4.7849850469217285,4.712797772506961,4.506548417036197,5.073734144580798,21.192121274621016,0.0
./Eplus-env-08-19_thermostat_rbc_eco_year_2023_case_7_rep_0_zone_0_onoffseed_10_tempseed_42_comforttemp_20_setbacktemp_15_paper2_final_runs_v4-res1,2023,7,0,0,10,42,20,15,1.5881200371248838,3.1040527998350007,4.3312364648860475,4.3724863359802,10.498092193461895,32.42239868000413,7.373414458079819,6.032793647519852,6.022481179746313,5.145921418995566,18.964628235536765,0.1443745488295349
./Eplus-env-08-19_thermostat_rbc_eco_year_2023_case_8_rep_0_zone_0_onoffseed_5_tempseed_30_comforttemp_20_setbacktemp_13_paper2_final_runs_v4-res1,2023,8,0,0,5,30,20,13,0.0,0.0,0.0,0.0,0.29906156543260803,27.38991440651748,18.779003815613077,8.507785913169021,6.26998040631123,5.805919356502011,32.948334536454574,0.0
./Eplus-env-08-19_thermostat_rbc_eco_year_2022_case_8_rep_0_zone_0_onoffseed_5_tempseed_42_comforttemp_20_setbacktemp_13_paper2_final_runs_v4-res1,2022,8,0,0,5,42,20,13,0.0,0.0,0.010312467773538208,0.29906156543260803,21.377745694544707,17.14963390739404,8.445911106527792,6.517479632876147,5.929668969784469,5.434670516654635,34.83551613901207,0.0
./Eplus-env-08-19_thermostat_rbc_eco_year_2023_case_4_rep_0_zone_0_onoffseed_15_tempseed_42_comforttemp_20_setbacktemp_17_paper2_final_runs_v4-res1,2023,4,0,0,15,42,20,17,0.010312467773538208,0.09281220996184388,1.990306280292874,4.300299061565433,18.34588016912447,15.76776322573992,9.72465711044653,6.878416004949985,5.692482210993091,5.7543570176343195,31.442714241517994,0.0
./Eplus-env-08-19_thermostat_rbc_eco_year_2022_case_4_rep_0_zone_9_onoffseed_5_tempseed_42_comforttemp_19_setbacktemp_17_paper2_final_runs_v4-res1,2022,4,0,9,5,42,19,17,0.0,0.0,0.1237496132824585,24.461173558832627,11.323089615344951,7.889037846756729,6.311230277405383,5.878106630916778,5.898731566463855,6.135918325255234,31.97896256574198,0.0
./Eplus-env-08-19_thermostat_rbc_eco_year_2023_case_4_rep_0_zone_9_onoffseed_5_tempseed_42_comforttemp_18_setbacktemp_15_paper2_final_runs_v4-res1,2023,4,0,9,5,42,18,15,0.0,0.07218727441476745,23.59492626585542,11.364339486439105,8.198411879962874,6.115293389708157,5.414045581107559,5.362483242239868,4.908734660204187,5.053109209033722,29.91646901103434,0.0
./Eplus-env-08-19_thermostat_rbc_eco_year_2023_case_4_rep_0_zone_9_onoffseed_5_tempseed_42_comforttemp_19_setbacktemp_15_paper2_final_runs_v4-res1,2023,4,0,9,5,42,19,15,0.0,0.030937403320614624,0.23718675879137877,29.266783541301432,10.446529854594203,8.084974734453954,5.692482210993091,5.125296483448489,5.135608951222028,5.393420645560482,30.586779416314325,0.0
./Eplus-env-08-19_thermostat_rbc_eco_year_2023_case_10_rep_0_zone_9_onoffseed_5_tempseed_42_comforttemp_18_setbacktemp_13_paper2_final_runs_v4-res1,2023,10,0,9,5,42,18,13,0.0,0.0,19.191502526554604,31.803650613591834,3.423739300814685,4.238424254924204,4.3518614004331235,5.197483757863257,5.661544807672476,5.558420129937094,20.573373208208725,0.0
./Eplus-env-08-19_thermostat_rbc_eco_year_2022_case_2_rep_0_zone_0_onoffseed_10_tempseed_42_comforttemp_20_setbacktemp_17_paper2_final_runs_v4-res1,2022,2,0,0,10,42,20,17,0.0,0.8765597607507477,5.651232339898938,4.877797256883572,7.218727441476745,38.04269361658245,6.6102918428379915,5.517170258842941,4.877797256883572,5.383108177786944,20.9446220480561,0.0
./Eplus-env-08-19_thermostat_rbc_eco_year_2022_case_9_rep_0_zone_9_onoffseed_5_tempseed_42_comforttemp_18_setbacktemp_13_paper2_final_runs_v4-res1,2022,9,0,9,5,42,18,13,0.06187480664122925,0.247499226564917,19.098690316592762,10.374342580179437,7.352789522532742,6.455604826234918,5.197483757863257,5.496545323295865,5.620294936578323,5.836856759822625,34.25801794369392,0.0
./Eplus-env-08-19_thermostat_rbc_eco_year_2022_case_9_rep_0_zone_9_onoffseed_5_tempseed_42_comforttemp_20_setbacktemp_13_paper2_final_runs_v4-res1,2022,9,0,9,5,42,20,13,0.05156233886769104,0.06187480664122925,0.5362483242239868,1.835619263689801,27.307414664329173,11.828400536248324,6.6412292461586055,6.1668557285758485,5.98123130865216,6.125605857481696,33.46395792513148,0.0
./Eplus-env-08-19_thermostat_rbc_eco_year_2023_case_9_rep_0_zone_9_onoffseed_5_tempseed_42_comforttemp_20_setbacktemp_13_paper2_final_runs_v4-res1,2023,9,0,9,5,42,20,13,0.0,0.0,0.23718675879137877,1.8459317314633392,18.779003815613077,22.821491182840052,7.424976796947509,5.805919356502011,5.403733113334021,5.310920903372177,32.37083634113643,0.0
./Eplus-env-08-19_thermostat_rbc_eco_year_2023_case_9_rep_0_zone_0_onoffseed_10_tempseed_30_comforttemp_20_setbacktemp_15_paper2_final_runs_v4-res1,2023,9,0,0,10,30,20,15,0.0,0.09281220996184388,0.47437351758275753,1.4128080849747344,3.2587398164380734,19.119315252139838,18.94400329998969,9.982468804784984,7.218727441476745,5.651232339898938,33.845519232752395,0.0
./Eplus-env-08-19_thermostat_rbc_eco_year_2023_case_9_rep_0_zone_0_onoffseed_10_tempseed_10_comforttemp_20_setbacktemp_15_paper2_final_runs_v4-res1,2023,9,0,0,10,10,20,15,0.0,0.04124987109415283,0.17531195215014952,0.7115602763741363,1.8871816025574921,3.959987625038672,23.677426008043724,19.243064865422298,9.343095802825616,6.6721666494792204,34.288955347014536,0.0
./Eplus-env-08-19_thermostat_rbc_eco_year_2022_case_9_rep_0_zone_0_onoffseed_15_tempseed_15_comforttemp_20_setbacktemp_13_paper2_final_runs_v4-res1,2022,9,0,0,15,15,20,13,0.10312467773538209,0.1237496132824585,0.17531195215014952,0.6393730019593689,1.5984325048984223,3.6093637207383726,6.290605341858306,21.62524492110962,16.840259874187893,9.37403320614623,39.53800144374549,0.08249974218830566
./Eplus-env-08-19_thermostat_rbc_eco_year_2022_case_9_rep_0_zone_0_onoffseed_10_tempseed_42_comforttemp_20_setbacktemp_13_paper2_final_runs_v4-res1,2022,9,0,0,10,42,20,13,0.1340620810559967,0.1340620810559967,0.9693719707125915,2.227493039084253,16.190574404454985,16.448386098793442,9.32247086727854,6.84747860162937,6.507167165102609,6.538104568423224,34.60864184799423,0.07218727441476745
./Eplus-env-08-19_thermostat_rbc_eco_year_2023_case_12_rep_0_zone_9_onoffseed_5_tempseed_42_comforttemp_18_setbacktemp_13_paper2_final_runs_v4-res1,2023,12,0,9,5,42,18,13,0.0,0.0,22.986490667216664,28.36959884500361,4.454986078168506,4.506548417036197,4.960296999071878,5.46560791997525,5.496545323295865,4.702485304733423,19.057440445498607,0.0
./Eplus-env-08-19_thermostat_rbc_eco_year_2022_case_2_rep_0_zone_0_onoffseed_5_tempseed_42_comforttemp_20_setbacktemp_13_paper2_final_runs_v4-res1,2022,2,0,0,5,42,20,13,0.0,0.0,0.0,0.0,5.878106630916778,48.08703722800866,7.9715375889450355,6.15654326080231,5.2799835000515625,5.2902959678251005,21.33649582345055,0.0
./Eplus-env-08-19_thermostat_rbc_eco_year_2023_case_1_rep_0_zone_9_onoffseed_5_tempseed_42_comforttemp_20_setbacktemp_13_paper2_final_runs_v4-res1,2023,1,0,9,5,42,20,13,0.0,0.0,0.0,0.0,12.251211714963391,15.736825822419304,33.90739403939363,10.013406208105598,5.455295452201712,5.001546870166031,17.634319892750337,0.0
./Eplus-env-08-19_thermostat_rbc_eco_year_2023_case_14_rep_0_zone_0_onoffseed_5_tempseed_30_comforttemp_20_setbacktemp_15_paper2_final_runs_v4-res1,2023,14,0,0,5,30,20,15,0.0,0.0,0.0,0.0,0.18562441992368775,19.49056409198721,21.418995565638856,11.127152727647726,7.239352377023822,6.465917294008457,34.07239352377024,0.0
./Eplus-env-08-19_thermostat_rbc_eco_year_2023_case_8_rep_0_zone_0_onoffseed_5_tempseed_42_comforttemp_20_setbacktemp_13_paper2_final_runs_v4-res1,2023,8,0,0,5,42,20,13,0.0,0.0,0.0,0.17531195215014952,21.418995565638856,19.810250592966895,8.961534495204702,6.084355986387543,5.702794678766629,5.259358564504486,32.58739816438074,0.0
./Eplus-env-08-19_thermostat_rbc_eco_year_2022_case_1_rep_0_zone_0_onoffseed_10_tempseed_15_comforttemp_20_setbacktemp_13_paper2_final_runs_v4-res1,2022,1,0,0,10,15,20,13,0.5774981953181396,0.9074971640713623,2.041868619160565,3.4856141074559144,3.7743632051149842,3.269052284211612,3.5578013818706817,10.17840569248221,42.13674332267712,7.177477570382592,22.543054552954523,0.35062390430029905
./Eplus-env-08-19_thermostat_rbc_eco_year_2023_case_7_rep_0_zone_0_onoffseed_15_tempseed_10_comforttemp_20_setbacktemp_13_paper2_final_runs_v4-res1,2023,7,0,0,15,10,20,13,0.8559348252036713,1.78405692482211,3.5371764463236053,5.145921418995566,6.1668557285758485,4.3415489326595855,14.024956172011963,28.15303702175931,9.291533463957926,6.465917294008457,19.72775085077859,0.5053109209033722
./Eplus-env-08-19_thermostat_rbc_eco_year_2023_case_7_rep_0_zone_0_onoffseed_15_tempseed_30_comforttemp_20_setbacktemp_15_paper2_final_runs_v4-res1,2023,7,0,0,15,30,20,15,1.3715582138805815,3.073115396514386,4.681860369186346,6.094668454161081,5.104671547901413,11.539651438589255,27.823038053006083,8.332473961018872,7.0331030215530586,5.053109209033722,19.779313189646285,0.11343714550892028
./Eplus-env-08-19_thermostat_rbc_eco_year_2022_case_6_rep_0_zone_0_onoffseed_10_tempseed_42_comforttemp_20_setbacktemp_15_paper2_final_runs_v4-res1,2022,6,0,0,10,42,20,15,1.6087449726719605,3.372176961946994,3.908425286170981,3.1968650097968445,10.776528823347427,33.35052077962256,6.703104052799835,5.836856759822625,5.022171805713107,5.073734144580798,20.83118490254718,0.31968650097968443
./Eplus-env-08-19_thermostat_rbc_eco_year_2022_case_14_rep_0_zone_0_onoffseed_5_tempseed_15_comforttemp_20_setbacktemp_13_paper2_final_runs_v4-res1,2022,14,0,0,5,15,20,13,0.0,0.0,0.0,0.0,0.0,0.030937403320614624,0.31968650097968443,17.37650819841188,27.95710013406208,12.251211714963391,42.06455604826235,0.0
./Eplus-env-08-19_thermostat_rbc_eco_year_2022_case_11_rep_0_zone_0_onoffseed_15_tempseed_42_comforttemp_20_setbacktemp_15_paper2_final_runs_v4-res1,2022,11,0,0,15,42,20,15,2.825616169949469,4.434361142621429,5.2799835000515625,4.8056099824688046,10.621841806744355,27.33835206764979,6.476229761781995,6.1874806641229245,5.022171805713107,5.187171290089719,21.233371145715168,0.5878106630916778
./Eplus-env-08-19_thermostat_rbc_eco_year_2023_case_10_rep_0_zone_0_onoffseed_15_tempseed_30_comforttemp_20_setbacktemp_17_paper2_final_runs_v4-res1,2023,10,0,0,15,30,20,17,0.0,1.247808600598123,6.373105084046612,6.940290811591214,5.991543776425699,8.239661751057028,30.67959162627617,7.486851603588739,6.342167680725998,5.548107662163556,21.150871403526864,0.0
./Eplus-env-08-19_thermostat_rbc_eco_year_2023_case_10_rep_0_zone_0_onoffseed_15_tempseed_42_comforttemp_20_setbacktemp_17_paper2_final_runs_v4-res1,2023,10,0,0,15,42,20,17,0.0,1.3612457461070435,8.97184696297824,7.610601216871197,8.033412395586263,28.142724553985772,6.6102918428379915,6.1668557285758485,6.074043518614005,5.86779416314324,21.161183871300402,0.0
./Eplus-env-08-19_thermostat_rbc_eco_year_2023_case_10_rep_0_zone_0_onoffseed_15_tempseed_15_comforttemp_20_setbacktemp_15_paper2_final_runs_v4-res1,2023,10,0,0,15,15,20,15,0.6393730019593689,1.2271836650510468,2.5471795400639374,4.743735175827576,6.300917809631845,5.46560791997525,3.6609260596060635,14.045581107559038,30.56615448076725,8.322161493245334,22.46055481076622,0.020624935547076416
./Eplus-env-08-19_thermostat_rbc_eco_year_2023_case_6_rep_0_zone_0_onoffseed_5_tempseed_42_comforttemp_20_setbacktemp_17_paper2_final_runs_v4-res1,2023,6,0,0,5,42,20,17,0.0,0.0,0.0,0.0,8.51809838094256,46.880478498504694,8.363411364339486,6.764978859441065,5.671857275446015,5.331545838919253,18.46962978240693,0.0
./Eplus-env-08-19_thermostat_rbc_eco_year_2022_case_6_rep_0_zone_0_onoffseed_15_tempseed_10_comforttemp_20_setbacktemp_15_paper2_final_runs_v4-res1,2022,6,0,0,15,10,20,15,1.2787460039187377,1.979993812519336,4.032174899453439,4.547798288130349,4.743735175827576,4.908734660204187,14.055893575332576,27.874600391873777,7.404351861400434,6.33185521295246,22.5636794885016,0.27843662988553164
./Eplus-env-08-19_thermostat_rbc_eco_year_2022_case_5_rep_0_zone_0_onoffseed_10_tempseed_30_comforttemp_20_setbacktemp_15_paper2_final_runs_v4-res1,2022,5,0,0,10,30,20,15,1.2168711972775086,2.340930184593173,3.4546767041352995,3.4340517685882235,3.3515520263999177,12.591523151490152,34.0620810559967,7.0331030215530586,5.919356502010931,5.496545323295865,20.893059709188407,0.20624935547076417
./Eplus-env-08-19_thermostat_rbc_eco_year_2023_case_7_rep_0_zone_9_onoffseed_5_tempseed_42_comforttemp_20_setbacktemp_13_paper2_final_runs_v4-res1,2023,7,0,9,5,42,20,13,0.0,0.0,0.0,0.0,2.732803959987625,18.335567701350932,39.99175002578117,8.610910590904403,5.960606373105084,4.970609466845416,19.397751882025368,0.0
./Eplus-env-08-19_thermostat_rbc_eco_year_2022_case_5_rep_0_zone_0_onoffseed_15_tempseed_42_comforttemp_20_setbacktemp_13_paper2_final_runs_v4-res1,2022,5,0,0,15,42,20,13,2.485304733422708,3.764050737341446,4.630298030318655,4.609673094771579,11.271527276477261,26.62679179127565,7.053727957100134,5.579045065484171,5.2902959678251005,5.7234196143137055,20.624935547076415,2.340930184593173
./Eplus-env-08-19_thermostat_rbc_eco_year_2023_case_7_rep_0_zone_0_onoffseed_10_tempseed_15_comforttemp_20_setbacktemp_15_paper2_final_runs_v4-res1,2023,7,0,0,10,15,20,15,0.45374858203568114,0.8868722285242858,1.3303083427864288,3.248427348664536,4.516860884809735,4.764360111374652,3.3103021553057643,17.747757038259255,32.76271011653088,9.673094771578839,21.28493348458286,0.020624935547076416
./Eplus-env-08-19_thermostat_rbc_eco_year_2023_case_10_rep_0_zone_0_onoffseed_15_tempseed_42_comforttemp_20_setbacktemp_13_paper2_final_runs_v4-res1,2023,10,0,0,15,42,20,13,2.0109312158399506,3.619676188511911,5.785294420954934,6.249355470764153,8.487160977621945,27.482726616479326,6.249355470764153,6.012168711972775,5.537795194390018,6.001856244199237,21.264308549035785,1.2993709394658142
./Eplus-env-08-19_thermostat_rbc_eco_year_2023_case_2_rep_0_zone_9_onoffseed_5_tempseed_42_comforttemp_20_setbacktemp_17_paper2_final_runs_v4-res1,2023,2,0,9,5,42,20,17,0.0,0.0,0.0,0.0,20.511498401567497,39.81643807363102,5.383108177786944,5.620294936578323,5.609982468804785,4.908734660204187,18.149943281427245,0.0
./Eplus-env-08-18_thermostat_rbc_eco_year_2023_case_0_rep_0_zone_0_onoffseed_15_tempseed_42_comforttemp_20_setbacktemp_15_paper2_final_runs_v4-res1,2023,0,0,0,15,42,20,15,3.5990512529648346,4.743735175827576,5.98123130865216,5.785294420954934,6.1668557285758485,32.76271011653088,6.826853666082293,6.094668454161081,5.620294936578323,5.042796741260184,16.86088480973497,0.5156233886769104
./Eplus-env-08-19_thermostat_rbc_eco_year_2022_case_12_rep_0_zone_0_onoffseed_15_tempseed_10_comforttemp_20_setbacktemp_17_paper2_final_runs_v4-res1,2022,12,0,0,15,10,20,17,0.0,0.7837475507889038,5.166546354542642,5.919356502010931,5.537795194390018,4.496235949262658,14.37558007631226,27.482726616479326,7.528101474682892,6.074043518614005,22.635866762916365,0.0
./Eplus-env-08-19_thermostat_rbc_eco_year_2022_case_8_rep_0_zone_0_onoffseed_15_tempseed_42_comforttemp_20_setbacktemp_13_paper2_final_runs_v4-res1,2022,8,0,0,15,42,20,13,0.20624935547076417,0.7734350830153656,2.248117974631329,4.393111271527276,18.758378880065997,13.63308239661751,7.1568526348355155,6.816541198308755,5.579045065484171,5.795606888728472,34.40239249252346,0.23718675879137877
./Eplus-env-08-19_thermostat_rbc_eco_year_2022_case_8_rep_0_zone_0_onoffseed_15_tempseed_10_comforttemp_20_setbacktemp_13_paper2_final_runs_v4-res1,2022,8,0,0,15,10,20,13,0.16499948437661133,0.23718675879137877,0.7734350830153656,1.732494585954419,3.186552542023306,6.218418067443539,23.244302361555118,14.004331236464887,7.796225636794885,6.826853666082293,35.629576157574505,0.18562441992368775
./Eplus-env-08-19_thermostat_rbc_eco_year_2023_case_8_rep_0_zone_0_onoffseed_15_tempseed_30_comforttemp_20_setbacktemp_13_paper2_final_runs_v4-res1,2023,8,0,0,15,30,20,13,0.1237496132824585,0.494998453129834,1.09312158399505,2.567804475611014,5.620294936578323,23.285552232649273,15.118077756007011,7.18779003815613,6.26998040631123,5.661544807672476,32.56677322883366,0.010312467773538208
./Eplus-env-08-19_thermostat_rbc_eco_year_2022_case_8_rep_0_zone_0_onoffseed_15_tempseed_15_comforttemp_20_setbacktemp_13_paper2_final_runs_v4-res1,2022,8,0,0,15,15,20,13,0.07218727441476745,0.18562441992368775,0.45374858203568114,0.8249974218830567,2.227493039084253,4.48592348148912,6.950603279364752,23.553676394761265,15.169640094874703,8.353098896565948,37.558007631226154,0.16499948437661133
./Eplus-env-08-19_thermostat_rbc_eco_year_2023_case_5_rep_0_zone_0_onoffseed_5_tempseed_10_comforttemp_20_setbacktemp_17_paper2_final_runs_v4-res1,2023,5,0,0,5,10,20,17,0.0,0.0,0.0,0.0,0.0,0.010312467773538208,10.384655047952975,56.25451170465092,9.013096834072394,6.094668454161081,18.24275549138909,0.0
./Eplus-env-08-19_thermostat_rbc_eco_year_2023_case_6_rep_0_zone_0_onoffseed_5_tempseed_42_comforttemp_20_setbacktemp_13_paper2_final_runs_v4-res1,2023,6,0,0,5,42,20,13,0.0,0.0,0.0,0.0,8.848097349695783,45.90079406001856,8.507785913169021,6.713416520573373,5.98123130865216,5.424358048881097,18.624316799010003,0.0
./Eplus-env-08-19_thermostat_rbc_eco_year_2023_case_5_rep_0_zone_0_onoffseed_10_tempseed_42_comforttemp_20_setbacktemp_17_paper2_final_runs_v4-res1,2023,5,0,0,10,42,20,17,0.0,1.0209343095802825,6.6927915850262965,6.1771681963493865,7.940600185624421,37.1661338558317,7.198102505929669,6.507167165102609,5.630607404351862,5.022171805713107,16.644322986490668,0.0
./Eplus-env-08-19_thermostat_rbc_eco_year_2022_case_10_rep_0_zone_0_onoffseed_10_tempseed_15_comforttemp_20_setbacktemp_13_paper2_final_runs_v4-res1,2022,10,0,0,10,15,20,13,0.3712488398473755,0.5878106630916778,1.794369392595648,2.8462411054965453,3.753738269567908,3.4959265752294524,3.475301639682376,14.643704238424254,33.40208311849025,8.22934928328349,27.132102712179023,0.2681241621119934
./Eplus-env-08-19_thermostat_rbc_eco_year_2022_case_8_rep_0_zone_0_onoffseed_5_tempseed_10_comforttemp_20_setbacktemp_13_paper2_final_runs_v4-res1,2022,8,0,0,5,10,20,13,0.0,0.0,0.0,0.0,0.0,0.5259358564504486,31.690213468082913,16.11838713004022,8.63153552645148,7.094977828194287,35.93895019078065,0.0
./Eplus-env-08-19_thermostat_rbc_eco_year_2022_case_8_rep_0_zone_0_onoffseed_5_tempseed_30_comforttemp_20_setbacktemp_13_paper2_final_runs_v4-res1,2022,8,0,0,5,30,20,13,0.0,0.0,0.0,0.030937403320614624,0.3609363720738373,26.719604001237496,16.190574404454985,8.425286170980716,6.589666907290914,6.589666907290914,35.09332783335052,0.0
./Eplus-env-08-19_thermostat_rbc_eco_year_2023_case_8_rep_0_zone_0_onoffseed_10_tempseed_10_comforttemp_20_setbacktemp_13_paper2_final_runs_v4-res1,2023,8,0,0,10,10,20,13,0.05156233886769104,0.1237496132824585,0.27843662988553164,1.1756213261833557,2.578116943384552,4.949984531298339,27.596163761988247,15.283077240383625,7.662163555738887,6.074043518614005,34.22708054037331,0.0
./Eplus-env-08-19_thermostat_rbc_eco_year_2023_case_8_rep_0_zone_0_onoffseed_15_tempseed_15_comforttemp_20_setbacktemp_17_paper2_final_runs_v4-res1,2023,8,0,0,15,15,20,17,0.0,0.030937403320614624,0.18562441992368775,0.8249974218830567,2.2996803134990205,4.3312364648860475,7.5899762813241205,26.30710529029597,15.54088893472208,7.5384139424564305,35.35113952768897,0.0
./Eplus-env-08-19_thermostat_rbc_eco_year_2022_case_7_rep_0_zone_0_onoffseed_10_tempseed_10_comforttemp_20_setbacktemp_17_paper2_final_runs_v4-res1,2022,7,0,0,10,10,20,17,0.0,0.4434361142621429,3.227802413117459,4.619985562545117,3.9703000928122103,3.650613591832526,14.891203464989172,32.50489842219243,8.22934928328349,6.208105599670001,22.25430545529545,0.0
./Eplus-env-08-19_thermostat_rbc_eco_year_2022_case_5_rep_0_zone_0_onoffseed_10_tempseed_42_comforttemp_20_setbacktemp_17_paper2_final_runs_v4-res1,2022,5,0,0,10,42,20,17,0.0,1.0621841806744354,6.73404145612045,4.8262349180158814,9.301845931731464,34.83551613901207,7.1052902959678255,5.919356502010931,4.7952975146952665,5.321233371145715,20.098999690625966,0.0
./Eplus-env-08-19_thermostat_rbc_eco_year_2023_case_6_rep_0_zone_0_onoffseed_5_tempseed_30_comforttemp_20_setbacktemp_13_paper2_final_runs_v4-res1,2023,6,0,0,5,30,20,13,0.0,0.0,0.0,0.0,0.010312467773538208,10.394967515726513,49.07703413426833,9.188408786222544,6.713416520573373,5.795606888728472,18.82025368670723,0.0
./Eplus-env-08-19_thermostat_rbc_eco_year_2022_case_7_rep_0_zone_9_onoffseed_5_tempseed_42_comforttemp_18_setbacktemp_13_paper2_final_runs_v4-res1,2022,7,0,9,5,42,18,13,0.0,0.0,21.831494276580386,26.9361658244818,6.228730535217077,4.960296999071878,4.743735175827576,4.568423223677426,4.537485820356811,4.743735175827576,21.449932968959473,0.0
./Eplus-env-08-19_thermostat_rbc_eco_year_2023_case_4_rep_0_zone_0_onoffseed_5_tempseed_30_comforttemp_20_setbacktemp_15_paper2_final_runs_v4-res1,2023,4,0,0,5,30,20,15,0.0,0.0,0.0,0.0,0.8043724863359802,21.016809322470866,21.130246467979788,10.487779725688357,6.744353923893988,6.115293389708157,33.70114468392286,0.0
./Eplus-env-08-19_thermostat_rbc_eco_year_2022_case_3_rep_0_zone_0_onoffseed_15_tempseed_15_comforttemp_20_setbacktemp_13_paper2_final_runs_v4-res1,2022,3,0,0,15,15,20,13,0.08249974218830566,0.20624935547076417,0.35062390430029905,1.2168711972775086,2.567804475611014,4.815922450242343,7.1568526348355155,27.78178818191193,11.611838713004023,7.796225636794885,36.32051149840157,0.09281220996184388
./Eplus-env-08-19_thermostat_rbc_eco_year_2023_case_3_rep_0_zone_0_onoffseed_10_tempseed_42_comforttemp_20_setbacktemp_13_paper2_final_runs_v4-res1,2023,3,0,0,10,42,20,13,0.23718675879137877,0.5259358564504486,1.4334330205218109,3.2587398164380734,22.83180365061359,17.25275858512942,7.352789522532742,5.372795710013406,4.867484789110034,5.486232855522326,31.360214499329693,0.020624935547076416
./Eplus-env-08-19_thermostat_rbc_eco_year_2023_case_14_rep_0_zone_0_onoffseed_10_tempseed_42_comforttemp_20_setbacktemp_17_paper2_final_runs_v4-res1,2023,14,0,0,10,42,20,17,0.0,0.030937403320614624,0.7734350830153656,2.9184283799113127,17.582757553882644,16.840259874187893,9.920593998143756,7.486851603588739,6.311230277405383,5.7440445498607815,32.39146127668351,0.0
./Eplus-env-08-19_thermostat_rbc_eco_year_2022_case_3_rep_0_zone_0_onoffseed_15_tempseed_42_comforttemp_20_setbacktemp_13_paper2_final_runs_v4-res1,2022,3,0,0,15,42,20,13,0.42281117871506657,0.989996906259668,2.526554604516861,4.8571723213364955,20.3774363205115,12.354336392698773,7.064040424873673,6.26998040631123,5.589357533257709,5.898731566463855,33.38145818294318,0.2681241621119934
./Eplus-env-08-19_thermostat_rbc_eco_year_2023_case_13_rep_0_zone_0_onoffseed_5_tempseed_15_comforttemp_20_setbacktemp_17_paper2_final_runs_v4-res1,2023,13,0,0,5,15,20,17,0.0,0.0,0.0,0.0,0.0,0.0,0.6187480664122924,38.0839434876766,16.644322986490668,8.476848509848407,36.17613694957203,0.0
./Eplus-env-08-19_thermostat_rbc_eco_year_2023_case_8_rep_0_zone_0_onoffseed_5_tempseed_42_comforttemp_20_setbacktemp_15_paper2_final_runs_v4-res1,2023,8,0,0,5,42,20,15,0.0,0.0,0.0,0.31968650097968443,21.852119212127462,19.27400226874291,9.013096834072394,6.1977931318964625,5.197483757863257,5.919356502010931,32.2264617923069,0.0
./Eplus-env-08-19_thermostat_rbc_eco_year_2022_case_8_rep_0_zone_0_onoffseed_5_tempseed_10_comforttemp_20_setbacktemp_15_paper2_final_runs_v4-res1,2022,8,0,0,5,10,20,15,0.0,0.0,0.0,0.0,0.030937403320614624,0.48468598535629576,31.164277611632464,15.974012581210683,8.435598638754254,6.764978859441065,37.14550892028463,0.0
./Eplus-env-08-19_thermostat_rbc_eco_year_2023_case_8_rep_0_zone_0_onoffseed_15_tempseed_10_comforttemp_20_setbacktemp_13_paper2_final_runs_v4-res1,2023,8,0,0,15,10,20,13,0.05156233886769104,0.29906156543260803,0.5362483242239868,1.6912447148602663,3.846550479529751,6.940290811591214,24.182736928947097,15.262452304836547,7.332164586985665,6.723728988346911,33.12364648860473,0.010312467773538208
./Eplus-env-08-19_thermostat_rbc_eco_year_2022_case_2_rep_0_zone_0_onoffseed_10_tempseed_15_comforttemp_20_setbacktemp_13_paper2_final_runs_v4-res1,2022,2,0,0,10,15,20,13,0.35062390430029905,0.7321852119212128,2.1656182324430238,3.16592760647623,3.8568629473032896,3.526863978550067,3.959987625038672,11.04465298545942,39.86800041249871,7.177477570382592,23.759925750232032,0.3918737753944519
./Eplus-env-08-19_thermostat_rbc_eco_year_2022_case_9_rep_0_zone_0_onoffseed_5_tempseed_30_comforttemp_20_setbacktemp_17_paper2_final_runs_v4-res1,2022,9,0,0,5,30,20,17,0.0,0.0,0.0,0.0,0.2887490976590698,18.479942250180468,20.552748272661646,9.312158399505002,8.188099412189336,7.1156027637413635,36.062699804063115,0.0
./Eplus-env-08-19_thermostat_rbc_eco_year_2023_case_9_rep_0_zone_9_onoffseed_5_tempseed_42_comforttemp_19_setbacktemp_15_paper2_final_runs_v4-res1,2023,9,0,9,5,42,19,15,0.0,0.0,0.19593688769722595,26.090543467051663,11.632463648551099,7.909662782303806,6.6721666494792204,5.7234196143137055,5.403733113334021,5.352170774466329,31.01990306280293,0.0
./Eplus-env-08-19_thermostat_rbc_eco_year_2023_case_10_rep_0_zone_9_onoffseed_5_tempseed_42_comforttemp_18_setbacktemp_17_paper2_final_runs_v4-res1,2023,10,0,9,5,42,18,17,0.0,0.0,13.952768897597196,34.175518201505625,4.867484789110034,4.929359595751263,4.939672063524801,5.166546354542642,5.609982468804785,5.579045065484171,20.77962256367949,0.0
./Eplus-env-08-19_thermostat_rbc_eco_year_2023_case_11_rep_0_zone_0_onoffseed_15_tempseed_15_comforttemp_20_setbacktemp_15_paper2_final_runs_v4-res1,2023,11,0,0,15,15,20,15,0.8043724863359802,1.4643704238424256,2.7946787666288544,5.197483757863257,6.393730019593689,5.455295452201712,4.279674126018356,16.788697535320203,27.647726100855934,8.136537073321644,20.99618438692379,0.04124987109415283
./Eplus-env-08-19_thermostat_rbc_eco_year_2023_case_4_rep_0_zone_0_onoffseed_10_tempseed_10_comforttemp_20_setbacktemp_17_paper2_final_runs_v4-res1,2023,4,0,0,10,10,20,17,0.0,0.010312467773538208,0.19593688769722595,0.7734350830153656,2.567804475611014,4.516860884809735,27.8539754563267,16.417448695472828,8.219036815509952,6.569041971743839,32.87614726203981,0.0
./Eplus-env-08-19_thermostat_rbc_eco_year_2023_case_4_rep_0_zone_9_onoffseed_5_tempseed_42_comforttemp_20_setbacktemp_13_paper2_final_runs_v4-res1,2023,4,0,9,5,42,20,13,0.0,0.030937403320614624,0.4434361142621429,2.248117974631329,19.820563060740433,22.821491182840052,7.311539651438589,5.341858306692791,5.23873362895741,5.589357533257709,31.153965143858926,0.0
./Eplus-env-08-19_thermostat_rbc_eco_year_2023_case_12_rep_0_zone_0_onoffseed_10_tempseed_30_comforttemp_20_setbacktemp_17_paper2_final_runs_v4-res1,2023,12,0,0,10,30,20,17,0.0,0.5671857275446014,4.145612044962359,5.702794678766629,4.506548417036197,10.797153758894504,35.21707744663298,7.703413426833042,6.476229761781995,4.929359595751263,19.95462514179643,0.0
./Eplus-env-08-19_thermostat_rbc_eco_year_2022_case_12_rep_0_zone_0_onoffseed_15_tempseed_42_comforttemp_20_setbacktemp_17_paper2_final_runs_v4-res1,2022,12,0,0,15,42,20,17,0.0,1.6087449726719605,8.549035784263175,6.393730019593689,10.663091677838507,28.163349489532845,6.744353923893988,5.898731566463855,5.053109209033722,5.197483757863257,21.728369598845003,0.0
./Eplus-env-08-19_thermostat_rbc_eco_year_2022_case_12_rep_0_zone_0_onoffseed_15_tempseed_15_comforttemp_20_setbacktemp_17_paper2_final_runs_v4-res1,2022,12,0,0,15,15,20,17,0.0,0.5156233886769104,3.3618644941734557,4.578735691450964,5.011859337939569,4.929359595751263,5.104671547901413,17.54150768278849,25.42023306177168,8.909972156337012,24.62617304320924,0.0
./Eplus-env-08-18_thermostat_rbc_eco_year_2022_case_0_rep_0_zone_9_onoffseed_5_tempseed_42_comforttemp_21_setbacktemp_17_paper2_final_runs_v4-res1,2022,0,0,9,5,42,21,17,0.0,0.0,0.0,0.0,0.0,27.647726100855934,37.4342580179437,5.527482726616479,5.011859337939569,5.537795194390018,18.840878622254305,0.0
./Eplus-env-08-19_thermostat_rbc_eco_year_2022_case_9_rep_0_zone_0_onoffseed_5_tempseed_30_comforttemp_20_setbacktemp_15_paper2_final_runs_v4-res1,2022,9,0,0,5,30,20,15,0.0,0.0,0.0,0.020624935547076416,0.20624935547076417,18.02619366814479,20.006187480664124,9.858719191502527,8.012787460039188,7.208414973703207,36.660822934928326,0.0
./Eplus-env-08-19_thermostat_rbc_eco_year_2022_case_13_rep_0_zone_0_onoffseed_5_tempseed_15_comforttemp_20_setbacktemp_13_paper2_final_runs_v4-res1,2022,13,0,0,5,15,20,13,0.0,0.0,0.0,0.0,0.0,0.0,0.5981231308652161,35.88738785191296,16.530885840981746,8.755285139733939,38.22831803650614,0.0
./Eplus-env-08-19_thermostat_rbc_eco_year_2022_case_11_rep_0_zone_0_onoffseed_5_tempseed_42_comforttemp_20_setbacktemp_17_paper2_final_runs_v4-res1,2022,11,0,0,5,42,20,17,0.0,0.0,0.0,0.0,8.34278642879241,45.003609363720734,8.641847994225019,6.44529235846138,5.259358564504486,5.331545838919253,20.975559451376714,0.0
./Eplus-env-08-19_thermostat_rbc_eco_year_2023_case_11_rep_0_zone_0_onoffseed_15_tempseed_10_comforttemp_20_setbacktemp_15_paper2_final_runs_v4-res1,2023,11,0,0,15,10,20,15,1.1962462617304321,2.340930184593173,3.8671754150768276,5.816231824275549,5.836856759822625,4.3518614004331235,13.963081365370734,29.101784056924824,8.198411879962874,6.218418067443539,18.964628235536765,0.1443745488295349
./Eplus-env-08-19_thermostat_rbc_eco_year_2022_case_13_rep_0_zone_9_onoffseed_5_tempseed_42_comforttemp_19_setbacktemp_15_paper2_final_runs_v4-res1,2022,13,0,9,5,42,19,15,0.0,0.0,0.0,3.9703000928122103,33.41239558626379,7.229039909250283,5.403733113334021,5.857481695369702,5.352170774466329,5.2696710322780245,33.50520779622564,0.0
./Eplus-env-08-19_thermostat_rbc_eco_year_2023_case_6_rep_0_zone_0_onoffseed_15_tempseed_10_comforttemp_20_setbacktemp_15_paper2_final_runs_v4-res1,2023,6,0,0,15,10,20,15,1.2168711972775086,2.124368361348871,3.7846756728885227,5.7234196143137055,6.259667938537692,3.980612560585748,13.344333298958441,30.071156027637414,8.765597607507477,5.857481695369702,18.73775394451892,0.1340620810559967
./Eplus-env-08-18_thermostat_rbc_eco_year_2023_case_0_rep_0_zone_0_onoffseed_5_tempseed_10_comforttemp_20_setbacktemp_17_paper2_final_runs_v4-res1,2023,0,0,0,5,10,20,17,0.0,0.0,0.0,0.0,0.0,0.0,5.98123130865216,61.52418273692894,8.56966071981025,6.218418067443539,17.706507167165103,0.0
./Eplus-env-08-18_thermostat_rbc_eco_year_2022_case_0_rep_0_zone_0_onoffseed_5_tempseed_42_comforttemp_20_setbacktemp_17_paper2_final_runs_v4-res1,2022,0,0,0,5,42,20,17,0.0,0.0,0.0,0.0,5.950293905331546,48.953284520985875,7.868412911209652,6.1977931318964625,5.362483242239868,5.795606888728472,19.872125399608127,0.0
./Eplus-env-08-19_thermostat_rbc_eco_year_2022_case_9_rep_0_zone_9_onoffseed_5_tempseed_42_comforttemp_21_setbacktemp_15_paper2_final_runs_v4-res1,2022,9,0,9,5,42,21,15,0.0,0.0,0.1443745488295349,0.48468598535629576,2.2584304424048676,31.40146437042384,11.776838197380632,6.795916262761679,6.26998040631123,6.063731050840466,34.80457873569145,0.0
./Eplus-env-08-19_thermostat_rbc_eco_year_2022_case_7_rep_0_zone_0_onoffseed_10_tempseed_30_comforttemp_20_setbacktemp_15_paper2_final_runs_v4-res1,2022,7,0,0,10,30,20,15,0.8765597607507477,2.196555635763638,3.3103021553057643,4.073424770547592,3.506239043002991,12.973084459111064,31.97896256574198,7.6002887490976585,6.032793647519852,5.2902959678251005,21.996493760956998,0.16499948437661133
./Eplus-env-08-19_thermostat_rbc_eco_year_2023_case_8_rep_0_zone_0_onoffseed_5_tempseed_10_comforttemp_20_setbacktemp_13_paper2_final_runs_v4-res1,2023,8,0,0,5,10,20,13,0.0,0.0,0.0,0.0,0.0,0.5362483242239868,32.90708466536042,16.943384551923273,8.095287202227492,6.878416004949985,34.63957925131484,0.0
./Eplus-env-08-19_thermostat_rbc_eco_year_2023_case_12_rep_0_zone_9_onoffseed_5_tempseed_42_comforttemp_21_setbacktemp_15_paper2_final_runs_v4-res1,2023,12,0,9,5,42,21,15,0.0,0.0,0.0,0.0,0.0,2.939053315458389,18.86150355780138,45.37485820356812,8.662472929772095,5.145921418995566,19.016190574404455,0.0
./Eplus-env-08-19_thermostat_rbc_eco_year_2022_case_6_rep_0_zone_0_onoffseed_5_tempseed_10_comforttemp_20_setbacktemp_13_paper2_final_runs_v4-res1,2022,6,0,0,5,10,20,13,0.0,0.0,0.0,0.010312467773538208,0.0,0.1237496132824585,12.158399505001546,50.46921728369599,8.45622357430133,6.32154274517892,22.46055481076622,0.0
./Eplus-env-08-19_thermostat_rbc_eco_year_2023_case_9_rep_0_zone_0_onoffseed_5_tempseed_15_comforttemp_20_setbacktemp_15_paper2_final_runs_v4-res1,2023,9,0,0,5,15,20,15,0.0,0.0,0.0,0.0,0.0,0.0,0.3712488398473755,29.555532638960504,22.821491182840052,9.693719707125915,37.558007631226154,0.0
./Eplus-env-08-19_thermostat_rbc_eco_year_2022_case_2_rep_0_zone_0_onoffseed_10_tempseed_30_comforttemp_20_setbacktemp_15_paper2_final_runs_v4-res1,2022,2,0,0,10,30,20,15,1.1962462617304321,2.0521810869341035,3.4959265752294524,3.6403011240589875,3.5165515107765293,8.466536042074868,38.56862947303289,6.135918325255234,5.558420129937094,5.125296483448489,22.068681035371764,0.17531195215014952
./Eplus-env-08-19_thermostat_rbc_eco_year_2023_case_12_rep_0_zone_0_onoffseed_5_tempseed_10_comforttemp_20_setbacktemp_13_paper2_final_runs_v4-res1,2023,12,0,0,5,10,20,13,0.0,0.0,0.0,0.0,0.0,0.0,13.014334330205218,50.9023409301846,9.023409301845932,7.002165618232444,20.057749819531814,0.0
./Eplus-env-08-19_thermostat_rbc_eco_year_2023_case_9_rep_0_zone_0_onoffseed_5_tempseed_10_comforttemp_20_setbacktemp_13_paper2_final_runs_v4-res1,2023,9,0,0,5,10,20,13,0.0,0.0,0.0,0.0,0.0,0.247499226564917,24.120862122305866,22.976178199443126,10.405279983500051,6.919665876044137,35.330514592141895,0.0
./Eplus-env-08-19_thermostat_rbc_eco_year_2022_case_9_rep_0_zone_0_onoffseed_10_tempseed_15_comforttemp_20_setbacktemp_13_paper2_final_runs_v4-res1,2022,9,0,0,10,15,20,13,0.020624935547076416,0.1340620810559967,0.1340620810559967,0.2681241621119934,0.9590595029390534,2.681241621119934,4.681860369186346,25.028359286377228,17.933381458182943,8.940909559657625,39.17706507167165,0.04124987109415283
./Eplus-env-08-19_thermostat_rbc_eco_year_2023_case_9_rep_0_zone_0_onoffseed_10_tempseed_42_comforttemp_20_setbacktemp_15_paper2_final_runs_v4-res1,2023,9,0,0,10,42,20,15,0.010312467773538208,0.27843662988553164,0.9074971640713623,2.784366298855316,16.891822213055583,17.07744663297927,10.41559245127359,7.528101474682892,6.1874806641229245,5.671857275446015,32.247086727853976,0.0
./Eplus-env-08-19_thermostat_rbc_eco_year_2022_case_3_rep_0_zone_0_onoffseed_5_tempseed_10_comforttemp_20_setbacktemp_17_paper2_final_runs_v4-res1,2022,3,0,0,5,10,20,17,0.0,0.0,0.0,0.0,0.0,1.103434051768588,34.629266783541304,14.200268124162113,8.45622357430133,6.888728472723522,34.722078993503146,0.0
./Eplus-env-08-19_thermostat_rbc_eco_year_2022_case_3_rep_0_zone_9_onoffseed_5_tempseed_42_comforttemp_20_setbacktemp_15_paper2_final_runs_v4-res1,2022,3,0,9,5,42,20,15,0.0,0.0,0.0,0.10312467773538209,14.798391255027326,29.060534185830672,6.393730019593689,6.135918325255234,5.207796225636795,5.506857791069403,32.7936475198515,0.0
./Eplus-env-08-19_thermostat_rbc_eco_year_2022_case_7_rep_0_zone_0_onoffseed_15_tempseed_30_comforttemp_20_setbacktemp_13_paper2_final_runs_v4-res1,2022,7,0,0,15,30,20,13,1.1962462617304321,2.743116427761163,4.3415489326595855,5.042796741260184,4.764360111374652,13.911519026503042,25.925543982675052,7.559038878003506,5.661544807672476,5.3006084355986385,22.48117974631329,1.0724966484479737
./Eplus-env-08-19_thermostat_rbc_eco_year_2023_case_2_rep_0_zone_0_onoffseed_15_tempseed_15_comforttemp_20_setbacktemp_13_paper2_final_runs_v4-res1,2023,2,0,0,15,15,20,13,0.6084355986387543,1.340620810559967,2.6606166855728577,5.197483757863257,6.393730019593689,5.310920903372177,4.104362173868207,11.199340002062494,35.1139527688976,7.775600701247809,20.08868722285243,0.20624935547076417
./Eplus-env-08-19_thermostat_rbc_eco_year_2022_case_5_rep_0_zone_0_onoffseed_5_tempseed_42_comforttemp_20_setbacktemp_15_paper2_final_runs_v4-res1,2022,5,0,0,5,42,20,15,0.0,0.0,0.0,0.010312467773538208,8.002474992265649,46.29266783541301,8.023099927812725,6.063731050840466,5.7543570176343195,5.341858306692791,20.511498401567497,0.0
./Eplus-env-08-19_thermostat_rbc_eco_year_2022_case_10_rep_0_zone_0_onoffseed_5_tempseed_15_comforttemp_20_setbacktemp_17_paper2_final_runs_v4-res1,2022,10,0,0,5,15,20,17,0.0,0.0,0.0,0.0,0.0,0.0,0.020624935547076416,12.632773022584304,51.727338352067655,8.672785397545631,26.94647829225534,0.0
./Eplus-env-08-19_thermostat_rbc_eco_year_2022_case_1_rep_0_zone_0_onoffseed_10_tempseed_15_comforttemp_20_setbacktemp_17_paper2_final_runs_v4-res1,2022,1,0,0,10,15,20,17,0.0,0.247499226564917,2.6090543467051663,3.6918634629266784,4.403423739300814,3.423739300814685,3.753738269567908,9.074971640713622,43.03392801897494,6.579354439517377,23.18242755491389,0.0
./Eplus-env-08-19_thermostat_rbc_eco_year_2022_case_11_rep_0_zone_0_onoffseed_10_tempseed_30_comforttemp_20_setbacktemp_15_paper2_final_runs_v4-res1,2022,11,0,0,10,30,20,15,1.09312158399505,2.444054862328555,3.3206146230793028,3.929050221718057,3.5784263174177577,13.138083943487677,32.55646076106012,7.373414458079819,5.609982468804785,5.2902959678251005,21.491182840053625,0.17531195215014952
./Eplus-env-08-19_thermostat_rbc_eco_year_2022_case_5_rep_0_zone_9_onoffseed_5_tempseed_42_comforttemp_18_setbacktemp_15_paper2_final_runs_v4-res1,2022,5,0,9,5,42,18,15,0.0,0.0,13.684644735485202,37.10425904919047,6.125605857481696,4.609673094771579,4.733422708054038,4.671547901412808,4.619985562545117,4.908734660204187,19.542126430854903,0.0
./Eplus-env-08-19_thermostat_rbc_eco_year_2023_case_8_rep_0_zone_0_onoffseed_10_tempseed_30_comforttemp_20_setbacktemp_15_paper2_final_runs_v4-res1,2023,8,0,0,10,30,20,15,0.030937403320614624,0.22687429101784057,0.6496854697329071,2.083118490254718,4.3312364648860475,26.2349180158812,15.272764772610087,7.290914715891512,6.074043518614005,5.352170774466329,32.45333608332474,0.0
./Eplus-env-08-19_thermostat_rbc_eco_year_2022_case_7_rep_0_zone_0_onoffseed_15_tempseed_10_comforttemp_20_setbacktemp_15_paper2_final_runs_v4-res1,2022,7,0,0,15,10,20,15,1.144683922862741,1.8871816025574921,3.764050737341446,4.671547901412808,5.2696710322780245,4.609673094771579,15.36557698257193,26.18335567701351,7.930287717850881,6.218418067443539,22.666804166236982,0.2887490976590698
./Eplus-env-08-19_thermostat_rbc_eco_year_2022_case_7_rep_0_zone_0_onoffseed_15_tempseed_15_comforttemp_20_setbacktemp_15_paper2_final_runs_v4-res1,2022,7,0,0,15,15,20,15,0.7528101474682891,0.989996906259668,2.289367845725482,4.444673610394967,5.114984015674951,4.8262349180158814,5.372795710013406,16.530885840981746,25.32742085180984,8.404661235433638,25.750232030524906,0.19593688769722595
./Eplus-env-08-19_thermostat_rbc_eco_year_2023_case_7_rep_0_zone_0_onoffseed_15_tempseed_15_comforttemp_20_setbacktemp_15_paper2_final_runs_v4-res1,2023,7,0,0,15,15,20,15,0.6806228730535218,1.1653088584098175,2.3512426523667114,4.589048159224503,5.7440445498607815,5.836856759822625,4.578735691450964,16.190574404454985,27.54460142312055,9.044034237393008,22.20274311642776,0.07218727441476745
./Eplus-env-08-19_thermostat_rbc_eco_year_2022_case_12_rep_0_zone_0_onoffseed_5_tempseed_15_comforttemp_20_setbacktemp_17_paper2_final_runs_v4-res1,2022,12,0,0,5,15,20,17,0.0,0.0,0.0,0.0,0.0,0.0,0.0,15.169640094874703,49.953593895019075,9.044034237393008,25.832731772713206,0.0
./Eplus-env-08-19_thermostat_rbc_eco_year_2022_case_1_rep_0_zone_0_onoffseed_10_tempseed_30_comforttemp_20_setbacktemp_17_paper2_final_runs_v4-res1,2022,1,0,0,10,30,20,17,0.0,0.6290605341858306,5.073734144580798,4.7746725791481905,3.671238527379602,7.868412911209652,39.23893987831288,6.548417036196762,5.259358564504486,5.805919356502011,21.130246467979788,0.0
./Eplus-env-08-19_thermostat_rbc_eco_year_2022_case_9_rep_0_zone_0_onoffseed_5_tempseed_15_comforttemp_20_setbacktemp_17_paper2_final_runs_v4-res1,2022,9,0,0,5,15,20,17,0.0,0.0,0.0,0.0,0.0,0.0,0.494998453129834,29.266783541301432,19.83087552851397,10.41559245127359,39.99175002578117,0.0
./Eplus-env-08-19_thermostat_rbc_eco_year_2022_case_1_rep_0_zone_0_onoffseed_10_tempseed_42_comforttemp_20_setbacktemp_13_paper2_final_runs_v4-res1,2022,1,0,0,10,42,20,13,1.4746828916159638,3.248427348664536,3.702175930700217,3.248427348664536,7.13622769928844,37.258946065793545,6.630916778385068,5.609982468804785,5.053109209033722,5.321233371145715,20.150562029493656,1.1653088584098175
./Eplus-env-08-19_thermostat_rbc_eco_year_2023_case_10_rep_0_zone_0_onoffseed_15_tempseed_30_comforttemp_20_setbacktemp_13_paper2_final_runs_v4-res1,2023,10,0,0,15,30,20,13,1.2374961328245848,2.6503042177993192,4.248736722697742,6.15654326080231,5.692482210993091,8.817159946375169,29.380220686810354,7.724038362380117,6.507167165102609,5.805919356502011,20.985871919150252,0.7940600185624419
./Eplus-env-08-19_thermostat_rbc_eco_year_2022_case_10_rep_0_zone_0_onoffseed_10_tempseed_42_comforttemp_20_setbacktemp_13_paper2_final_runs_v4-res1,2022,10,0,0,10,42,20,13,1.1137465195421266,2.774053831081778,3.619676188511911,3.4340517685882235,8.445911106527792,32.752397648757345,6.6927915850262965,5.939981437558008,4.671547901412808,5.527482726616479,24.16211199340002,0.8662472929772095
./Eplus-env-08-19_thermostat_rbc_eco_year_2022_case_3_rep_0_zone_9_onoffseed_5_tempseed_42_comforttemp_19_setbacktemp_17_paper2_final_runs_v4-res1,2022,3,0,9,5,42,19,17,0.0,0.0,0.020624935547076416,28.95740950809529,10.147468289161596,6.527792100649686,5.857481695369702,5.826544292049087,5.517170258842941,5.125296483448489,32.02021243683614,0.0
./Eplus-env-08-19_thermostat_rbc_eco_year_2023_case_13_rep_0_zone_9_onoffseed_5_tempseed_42_comforttemp_21_setbacktemp_15_paper2_final_runs_v4-res1,2023,13,0,9,5,42,21,15,0.0,0.0,0.0,0.0,0.42281117871506657,19.91337527070228,30.44240486748479,6.434979890687842,5.176858822316181,5.310920903372177,32.298649066721666,0.0
./Eplus-env-08-19_thermostat_rbc_eco_year_2023_case_13_rep_0_zone_0_onoffseed_10_tempseed_10_comforttemp_20_setbacktemp_13_paper2_final_runs_v4-res1,2023,13,0,0,10,10,20,13,0.0,0.08249974218830566,0.27843662988553164,1.247808600598123,2.4131174590079407,4.970609466845416,28.122099618438696,14.746828916159638,7.754975765700732,6.44529235846138,33.938331442714244,0.0
./Eplus-env-08-19_thermostat_rbc_eco_year_2022_case_5_rep_0_zone_9_onoffseed_5_tempseed_42_comforttemp_20_setbacktemp_13_paper2_final_runs_v4-res1,2022,5,0,9,5,42,20,13,0.0,0.0,0.0,0.0,30.61771681963494,29.380220686810354,5.125296483448489,5.455295452201712,4.754047643601114,5.372795710013406,19.294627204289984,0.0
./Eplus-env-08-19_thermostat_rbc_eco_year_2023_case_12_rep_0_zone_9_onoffseed_5_tempseed_42_comforttemp_19_setbacktemp_17_paper2_final_runs_v4-res1,2023,12,0,9,5,42,19,17,0.0,0.0,0.0,17.37650819841188,36.454573579457566,5.589357533257709,5.671857275446015,5.46560791997525,5.424358048881097,4.980921934618954,19.03681550995153,0.0
./Eplus-env-08-19_thermostat_rbc_eco_year_2022_case_2_rep_0_zone_9_onoffseed_5_tempseed_42_comforttemp_21_setbacktemp_17_paper2_final_runs_v4-res1,2022,2,0,9,5,42,21,17,0.0,0.0,0.0,0.0,0.0,32.81427245539857,31.050840466123542,5.218108693410333,4.537485820356811,5.104671547901413,21.274621016809323,0.0
./Eplus-env-08-19_thermostat_rbc_eco_year_2022_case_7_rep_0_zone_9_onoffseed_5_tempseed_42_comforttemp_20_setbacktemp_13_paper2_final_runs_v4-res1,2022,7,0,9,5,42,20,13,0.0,0.0,0.0,0.0,5.496545323295865,18.438692379086316,36.17613694957203,7.837475507889039,4.949984531298339,5.084046612354336,22.017118696504074,0.0
./Eplus-env-08-19_thermostat_rbc_eco_year_2022_case_14_rep_0_zone_9_onoffseed_5_tempseed_42_comforttemp_20_setbacktemp_15_paper2_final_runs_v4-res1,2022,14,0,9,5,42,20,15,0.0,0.020624935547076416,0.21656182324430237,0.7631226152418273,27.78178818191193,12.117149633907394,6.342167680725998,5.960606373105084,5.847169227596163,6.084355986387543,34.86645354233268,0.0
./Eplus-env-08-19_thermostat_rbc_eco_year_2022_case_14_rep_0_zone_0_onoffseed_15_tempseed_15_comforttemp_20_setbacktemp_17_paper2_final_runs_v4-res1,2022,14,0,0,15,15,20,17,0.030937403320614624,0.04124987109415283,0.3093740332061462,0.5671857275446014,1.5262452304836547,3.4134268330411466,6.280292874084768,21.707744663297927,18.253067959162628,8.79653501082809,39.07394039393627,0.0
./Eplus-env-08-19_thermostat_rbc_eco_year_2023_case_14_rep_0_zone_9_onoffseed_5_tempseed_42_comforttemp_21_setbacktemp_13_paper2_final_runs_v4-res1,2023,14,0,9,5,42,21,13,0.0,0.0,0.18562441992368775,1.0724966484479737,3.464989171908838,32.72146024543673,12.230586779416313,6.73404145612045,5.434670516654635,5.2902959678251005,32.86583479426627,0.0
./Eplus-env-08-19_thermostat_rbc_eco_year_2023_case_9_rep_0_zone_9_onoffseed_5_tempseed_42_comforttemp_18_setbacktemp_13_paper2_final_runs_v4-res1,2023,9,0,9,5,42,18,13,0.0,0.11343714550892028,5.042796741260184,25.667732288336598,8.311849025471796,7.270289780344437,6.579354439517377,5.310920903372177,4.8571723213364955,4.815922450242343,32.03052490460968,0.0
./Eplus-env-08-19_thermostat_rbc_eco_year_2023_case_5_rep_0_zone_9_onoffseed_5_tempseed_42_comforttemp_18_setbacktemp_15_paper2_final_runs_v4-res1,2023,5,0,9,5,42,18,15,0.0,0.0,14.458079818500567,38.1664432298649,4.754047643601114,5.310920903372177,5.042796741260184,5.2902959678251005,5.2799835000515625,4.8056099824688046,16.891822213055583,0.0
./Eplus-env-08-19_thermostat_rbc_eco_year_2023_case_9_rep_0_zone_0_onoffseed_5_tempseed_30_comforttemp_20_setbacktemp_17_paper2_final_runs_v4-res1,2023,9,0,0,5,30,20,17,0.0,0.0,0.0,0.0,0.2887490976590698,18.71712900897185,21.181808806847478,11.632463648551099,7.631226152418273,6.280292874084768,34.26833041146746,0.0
./Eplus-env-08-19_thermostat_rbc_eco_year_2022_case_5_rep_0_zone_9_onoffseed_5_tempseed_42_comforttemp_19_setbacktemp_17_paper2_final_runs_v4-res1,2022,5,0,9,5,42,19,17,0.0,0.0,0.0,16.86088480973497,38.393317520882746,5.960606373105084,5.011859337939569,5.032484273486645,4.578735691450964,4.877797256883572,19.284314736516446,0.0
./Eplus-env-08-19_thermostat_rbc_eco_year_2022_case_4_rep_0_zone_0_onoffseed_10_tempseed_30_comforttemp_20_setbacktemp_17_paper2_final_runs_v4-res1,2022,4,0,0,10,30,20,17,0.0,0.07218727441476745,0.6187480664122924,1.6603073115396514,3.6918634629266784,22.811178715066514,14.808703722800868,7.950912653397959,7.373414458079819,6.929978343817676,34.082705991543776,0.0
./Eplus-env-08-19_thermostat_rbc_eco_year_2023_case_4_rep_0_zone_0_onoffseed_15_tempseed_30_comforttemp_20_setbacktemp_15_paper2_final_runs_v4-res1,2023,4,0,0,15,30,20,15,0.08249974218830566,0.2887490976590698,0.7321852119212128,2.4646797978756316,4.960296999071878,21.491182840053625,16.221511807775602,8.662472929772095,6.661854181705682,6.053418583066928,32.38114880890997,0.0
./Eplus-env-08-19_thermostat_rbc_eco_year_2022_case_2_rep_0_zone_0_onoffseed_15_tempseed_10_comforttemp_20_setbacktemp_13_paper2_final_runs_v4-res1,2022,2,0,0,15,10,20,13,0.897184696297824,1.9181190058781068,3.7846756728885227,5.094359080127875,4.743735175827576,4.8468598535629575,10.508404661235433,32.42239868000413,6.826853666082293,6.290605341858306,21.93461895431577,0.7321852119212128
./Eplus-env-08-19_thermostat_rbc_eco_year_2022_case_1_rep_0_zone_0_onoffseed_15_tempseed_42_comforttemp_20_setbacktemp_17_paper2_final_runs_v4-res1,2022,1,0,0,15,42,20,17,0.0,1.8562441992368772,9.312158399505002,6.094668454161081,8.332473961018872,31.793338145818296,6.6412292461586055,5.764669485407858,5.094359080127875,5.06342167680726,20.047437351758276,0.0
./Eplus-env-08-19_thermostat_rbc_eco_year_2022_case_2_rep_0_zone_0_onoffseed_10_tempseed_42_comforttemp_20_setbacktemp_13_paper2_final_runs_v4-res1,2022,2,0,0,10,42,20,13,1.2168711972775086,2.681241621119934,3.764050737341446,3.5784263174177577,7.559038878003506,36.557698257192946,6.517479632876147,5.362483242239868,5.310920903372177,5.3006084355986385,20.965246983603176,1.185933793956894
./Eplus-env-08-19_thermostat_rbc_eco_year_2022_case_13_rep_0_zone_9_onoffseed_5_tempseed_42_comforttemp_21_setbacktemp_15_paper2_final_runs_v4-res1,2022,13,0,9,5,42,21,15,0.0,0.0,0.010312467773538208,0.09281220996184388,0.6187480664122924,35.99051252964834,11.828400536248324,6.434979890687842,5.682169743219553,5.496545323295865,33.845519232752395,0.0
./Eplus-env-08-19_thermostat_rbc_eco_year_2022_case_10_rep_0_zone_0_onoffseed_15_tempseed_30_comforttemp_20_setbacktemp_13_paper2_final_runs_v4-res1,2022,10,0,0,15,30,20,13,1.185933793956894,2.99061565432608,4.114674641641745,4.619985562545117,4.48592348148912,11.271527276477261,27.884912859647315,6.919665876044137,5.486232855522326,5.7543570176343195,24.33742394555017,0.9487470351655151
./Eplus-env-08-19_thermostat_rbc_eco_year_2022_case_1_rep_0_zone_0_onoffseed_5_tempseed_30_comforttemp_20_setbacktemp_13_paper2_final_runs_v4-res1,2022,1,0,0,5,30,20,13,0.0,0.0,0.0,0.0,0.0,6.96091574713829,52.325461482932866,7.961225121171496,6.589666907290914,5.527482726616479,20.635248014849953,0.0
./Eplus-env-08-19_thermostat_rbc_eco_year_2022_case_14_rep_0_zone_0_onoffseed_5_tempseed_10_comforttemp_20_setbacktemp_15_paper2_final_runs_v4-res1,2022,14,0,0,5,10,20,15,0.0,0.0,0.0,0.0,0.010312467773538208,0.2681241621119934,23.58461379808188,20.006187480664124,10.487779725688357,7.930287717850881,37.712694647829224,0.0
./Eplus-env-08-19_thermostat_rbc_eco_year_2023_case_5_rep_0_zone_9_onoffseed_5_tempseed_42_comforttemp_18_setbacktemp_17_paper2_final_runs_v4-res1,2023,5,0,9,5,42,18,17,0.0,0.0,14.767453851706714,35.5470764153862,6.04310611529339,5.558420129937094,5.620294936578323,5.558420129937094,5.145921418995566,5.042796741260184,16.716510260905434,0.0
./Eplus-env-08-18_thermostat_rbc_eco_year_2023_case_0_rep_0_zone_0_onoffseed_10_tempseed_10_comforttemp_20_setbacktemp_17_paper2_final_runs_v4-res1,2023,0,0,0,10,10,20,17,0.0,0.6599979375064453,4.114674641641745,4.960296999071878,4.413736207074352,3.1246777353820767,7.146540167061978,45.3439208002475,7.497164071362277,5.537795194390018,17.20119624626173,0.0
./Eplus-env-08-19_thermostat_rbc_eco_year_2022_case_2_rep_0_zone_0_onoffseed_15_tempseed_10_comforttemp_20_setbacktemp_17_paper2_final_runs_v4-res1,2022,2,0,0,15,10,20,17,0.0,0.9590595029390534,5.579045065484171,5.692482210993091,4.764360111374652,4.723110240280499,9.487470351655151,33.938331442714244,6.899040940497062,5.919356502010931,22.03774363205115,0.0
./Eplus-env-08-19_thermostat_rbc_eco_year_2022_case_2_rep_0_zone_0_onoffseed_15_tempseed_15_comforttemp_20_setbacktemp_17_paper2_final_runs_v4-res1,2022,2,0,0,15,15,20,17,0.0,0.4434361142621429,3.8878003506239045,5.187171290089719,5.609982468804785,4.908734660204187,4.991234402392492,10.24028049912344,34.093018459317314,6.6824791172527584,23.955862637929258,0.0
./Eplus-env-08-19_thermostat_rbc_eco_year_2023_case_10_rep_0_zone_0_onoffseed_5_tempseed_10_comforttemp_20_setbacktemp_15_paper2_final_runs_v4-res1,2023,10,0,0,5,10,20,15,0.0,0.0,0.0,0.0,0.0,0.0,8.662472929772095,53.50108280911622,8.549035784263175,7.1156027637413635,22.171805713107144,0.0
./Eplus-env-08-19_thermostat_rbc_eco_year_2022_case_5_rep_0_zone_0_onoffseed_5_tempseed_15_comforttemp_20_setbacktemp_17_paper2_final_runs_v4-res1,2022,5,0,0,5,15,20,17,0.0,0.0,0.0,0.0,0.0,0.04124987109415283,0.10312467773538209,13.890894090955966,53.71764463236053,8.982159430751778,23.264927297102197,0.0
./Eplus-env-08-18_thermostat_rbc_eco_year_2023_case_0_rep_0_zone_0_onoffseed_10_tempseed_30_comforttemp_20_setbacktemp_17_paper2_final_runs_v4-res1,2023,0,0,0,10,30,20,17,0.0,0.7321852119212128,5.249046096730948,5.878106630916778,3.980612560585748,6.33185521295246,42.796741260183566,7.352789522532742,6.053418583066928,5.321233371145715,16.304011549963906,0.0
./Eplus-env-08-19_thermostat_rbc_eco_year_2022_case_5_rep_0_zone_0_onoffseed_15_tempseed_10_comforttemp_20_setbacktemp_17_paper2_final_runs_v4-res1,2022,5,0,0,15,10,20,17,0.0,0.8043724863359802,6.074043518614005,5.805919356502011,5.011859337939569,4.712797772506961,13.045271733525832,29.617407445601735,7.455914200268124,6.259667938537692,21.212746210168092,0.0
./Eplus-env-08-19_thermostat_rbc_eco_year_2022_case_10_rep_0_zone_0_onoffseed_10_tempseed_30_comforttemp_20_setbacktemp_17_paper2_final_runs_v4-res1,2022,10,0,0,10,30,20,17,0.0,0.5568732597710633,4.197174383830051,4.382798803753738,3.7434258017943693,10.034031143652676,34.91801588120037,6.527792100649686,5.496545323295865,5.393420645560482,24.749922656491698,0.0
./Eplus-env-08-19_thermostat_rbc_eco_year_2022_case_10_rep_0_zone_0_onoffseed_15_tempseed_10_comforttemp_20_setbacktemp_15_paper2_final_runs_v4-res1,2022,10,0,0,15,10,20,15,1.1653088584098175,1.8149943281427245,3.1968650097968445,5.434670516654635,4.764360111374652,4.743735175827576,13.12777147571414,27.78178818191193,7.002165618232444,6.38341755182015,24.430236155512013,0.1546870166030731
./Eplus-env-08-19_thermostat_rbc_eco_year_2023_case_7_rep_0_zone_0_onoffseed_15_tempseed_15_comforttemp_20_setbacktemp_17_paper2_final_runs_v4-res1,2023,7,0,0,15,15,20,17,0.0,0.4640610498092193,3.0834278642879243,5.042796741260184,6.208105599670001,5.620294936578323,4.382798803753738,16.489635969887594,27.658038568629472,9.652469836031763,21.398370630091783,0.0
./Eplus-env-08-19_thermostat_rbc_eco_year_2023_case_12_rep_0_zone_0_onoffseed_10_tempseed_10_comforttemp_20_setbacktemp_13_paper2_final_runs_v4-res1,2023,12,0,0,10,10,20,13,0.546560791997525,1.144683922862741,2.2584304424048676,4.186861916056513,4.692172836959885,3.464989171908838,15.12839022378055,33.288645972981335,9.178096318449006,5.568732597710632,20.346498917190882,0.19593688769722595
./Eplus-env-08-19_thermostat_rbc_eco_year_2022_case_7_rep_0_zone_0_onoffseed_15_tempseed_15_comforttemp_20_setbacktemp_13_paper2_final_runs_v4-res1,2022,7,0,0,15,15,20,13,0.5259358564504486,1.041559245127359,2.320305249046097,3.9703000928122103,5.249046096730948,5.2902959678251005,5.403733113334021,16.427761163246366,26.1008559348252,8.538723316489635,24.265236671135405,0.8662472929772095
./Eplus-env-08-19_thermostat_rbc_eco_year_2023_case_11_rep_0_zone_0_onoffseed_10_tempseed_30_comforttemp_20_setbacktemp_15_paper2_final_runs_v4-res1,2023,11,0,0,10,30,20,15,0.9590595029390534,2.3615551201402494,3.588738785191296,4.7746725791481905,4.001237496132824,11.333402083118491,34.47457976693823,7.5487264102299685,7.012478086005982,5.486232855522326,18.34588016912447,0.11343714550892028
./Eplus-env-08-19_thermostat_rbc_eco_year_2022_case_1_rep_0_zone_0_onoffseed_5_tempseed_10_comforttemp_20_setbacktemp_13_paper2_final_runs_v4-res1,2022,1,0,0,5,10,20,13,0.0,0.0,0.0,0.0,0.0,0.0,7.404351861400434,55.759513251521085,8.188099412189336,6.300917809631845,22.347117665257297,0.0
./Eplus-env-08-19_thermostat_rbc_eco_year_2022_case_14_rep_0_zone_0_onoffseed_5_tempseed_15_comforttemp_20_setbacktemp_17_paper2_final_runs_v4-res1,2022,14,0,0,5,15,20,17,0.0,0.0,0.0,0.0,0.0,0.010312467773538208,0.5671857275446014,29.462720428998658,20.346498917190882,10.17840569248221,39.434876766010106,0.0
./Eplus-env-08-19_thermostat_rbc_eco_year_2023_case_4_rep_0_zone_0_onoffseed_15_tempseed_10_comforttemp_20_setbacktemp_17_paper2_final_runs_v4-res1,2023,4,0,0,15,10,20,17,0.0,0.020624935547076416,0.32999896875322265,0.8868722285242858,2.887490976590698,5.094359080127875,16.3555738888316,23.70836341136434,9.72465711044653,6.620604310611529,34.37145508920285,0.0
./Eplus-env-08-19_thermostat_rbc_eco_year_2023_case_13_rep_0_zone_0_onoffseed_10_tempseed_10_comforttemp_20_setbacktemp_17_paper2_final_runs_v4-res1,2023,13,0,0,10,10,20,17,0.0,0.030937403320614624,0.27843662988553164,0.989996906259668,2.6606166855728577,4.970609466845416,29.813344333298957,15.087140352686399,6.971228214911829,6.476229761781995,32.72146024543673,0.0
./Eplus-env-08-19_thermostat_rbc_eco_year_2023_case_7_rep_0_zone_0_onoffseed_5_tempseed_10_comforttemp_20_setbacktemp_13_paper2_final_runs_v4-res1,2023,7,0,0,5,10,20,13,0.0,0.0,0.0,0.0,0.0,0.0,11.838713004021862,51.08796535010828,9.559657626069919,6.579354439517377,20.934309580282562,0.0
./Eplus-env-08-19_thermostat_rbc_eco_year_2023_case_7_rep_0_zone_9_onoffseed_5_tempseed_42_comforttemp_18_setbacktemp_13_paper2_final_runs_v4-res1,2023,7,0,9,5,42,18,13,0.0,0.0,22.367742600804373,28.31803650613592,4.609673094771579,5.104671547901413,5.06342167680726,5.568732597710632,5.207796225636795,4.88810972465711,18.87181602557492,0.0
./Eplus-env-08-19_thermostat_rbc_eco_year_2022_case_14_rep_0_zone_0_onoffseed_5_tempseed_30_comforttemp_20_setbacktemp_13_paper2_final_runs_v4-res1,2022,14,0,0,5,30,20,13,0.0,0.0,0.0,0.0,0.11343714550892028,16.85057234196143,21.893369083221614,10.12684335361452,7.961225121171496,6.899040940497062,36.15551201402496,0.0
./Eplus-env-08-19_thermostat_rbc_eco_year_2023_case_12_rep_0_zone_0_onoffseed_15_tempseed_15_comforttemp_20_setbacktemp_17_paper2_final_runs_v4-res1,2023,12,0,0,15,15,20,17,0.0,0.5259358564504486,2.8462411054965453,5.197483757863257,6.38341755182015,5.651232339898938,4.021862431679901,16.149324533360833,28.214911828400535,9.549345158296381,21.46024543673301,0.0
./Eplus-env-08-18_thermostat_rbc_eco_year_2022_case_0_rep_0_zone_0_onoffseed_10_tempseed_10_comforttemp_20_setbacktemp_13_paper2_final_runs_v4-res1,2022,0,0,0,10,10,20,13,0.7321852119212128,1.5881200371248838,2.8771785088171598,3.6403011240589875,3.2071774775703825,3.423739300814685,8.549035784263175,41.78611941837681,6.569041971743839,6.115293389708157,20.69712282149118,0.8146849541095184
./Eplus-env-08-19_thermostat_rbc_eco_year_2022_case_12_rep_0_zone_9_onoffseed_5_tempseed_42_comforttemp_19_setbacktemp_13_paper2_final_runs_v4-res1,2022,12,0,9,5,42,19,13,0.0,0.0,0.0,22.996803134990206,26.657729194596268,8.97184696297824,5.114984015674951,5.228421161183872,4.743735175827576,4.867484789110034,21.418995565638856,0.0
./Eplus-env-08-19_thermostat_rbc_eco_year_2022_case_10_rep_0_zone_9_onoffseed_5_tempseed_42_comforttemp_21_setbacktemp_15_paper2_final_runs_v4-res1,2022,10,0,9,5,42,21,15,0.0,0.0,0.0,0.0,0.0,28.02928740847685,27.750850778591317,9.930906465917294,5.042796741260184,5.506857791069403,23.739300814684956,0.0
./Eplus-env-08-19_thermostat_rbc_eco_year_2022_case_13_rep_0_zone_0_onoffseed_5_tempseed_30_comforttemp_20_setbacktemp_17_paper2_final_runs_v4-res1,2022,13,0,0,5,30,20,17,0.0,0.0,0.0,0.0,0.38156130762091367,25.667732288336598,16.304011549963906,9.239971125090234,6.929978343817676,5.98123130865216,35.49551407651851,0.0
./Eplus-env-08-18_thermostat_rbc_eco_year_2022_case_0_rep_0_zone_0_onoffseed_15_tempseed_42_comforttemp_20_setbacktemp_17_paper2_final_runs_v4-res1,2022,0,0,0,15,42,20,17,0.0,1.536557698257193,10.549654532329585,5.950293905331546,7.909662782303806,32.5255233577395,6.496854697329072,5.795606888728472,4.764360111374652,5.2902959678251005,19.181190058781066,0.0
./Eplus-env-08-19_thermostat_rbc_eco_year_2023_case_12_rep_0_zone_0_onoffseed_5_tempseed_10_comforttemp_20_setbacktemp_17_paper2_final_runs_v4-res1,2023,12,0,0,5,10,20,17,0.0,0.0,0.0,0.0,0.0,0.0,11.993400020624936,51.51077652882334,9.848406723728989,6.135918325255234,20.511498401567497,0.0
./Eplus-env-08-19_thermostat_rbc_eco_year_2023_case_9_rep_0_zone_0_onoffseed_10_tempseed_42_comforttemp_20_setbacktemp_13_paper2_final_runs_v4-res1,2023,9,0,0,10,42,20,13,0.030937403320614624,0.32999896875322265,0.989996906259668,2.433742394555017,16.85057234196143,16.788697535320203,10.601216871197277,7.455914200268124,5.7337320820872435,5.455295452201712,33.32989584407549,0.0
./Eplus-env-08-19_thermostat_rbc_eco_year_2022_case_8_rep_0_zone_0_onoffseed_10_tempseed_15_comforttemp_20_setbacktemp_17_paper2_final_runs_v4-res1,2022,8,0,0,10,15,20,17,0.010312467773538208,0.05156233886769104,0.2887490976590698,0.7940600185624419,1.4334330205218109,2.980303186552542,5.218108693410333,26.81241621119934,16.33494895328452,8.363411364339486,37.712694647829224,0.0
./Eplus-env-08-19_thermostat_rbc_eco_year_2022_case_11_rep_0_zone_0_onoffseed_10_tempseed_15_comforttemp_20_setbacktemp_17_paper2_final_runs_v4-res1,2022,11,0,0,10,15,20,17,0.0,0.3093740332061462,2.1656182324430238,3.980612560585748,3.825925543982675,3.27936475198515,3.650613591832526,17.758069506032793,33.16489635969887,8.384036299886564,23.4814891203465,0.0
./Eplus-env-08-19_thermostat_rbc_eco_year_2023_case_11_rep_0_zone_0_onoffseed_15_tempseed_10_comforttemp_20_setbacktemp_13_paper2_final_runs_v4-res1,2023,11,0,0,15,10,20,13,0.9796844384861298,1.8149943281427245,4.052799835000516,5.46560791997525,6.362792616273075,4.3518614004331235,13.303083427864287,28.5552232649273,8.672785397545631,6.764978859441065,19.04712797772507,0.6290605341858306
./Eplus-env-08-19_thermostat_rbc_eco_year_2023_case_11_rep_0_zone_0_onoffseed_15_tempseed_15_comforttemp_20_setbacktemp_13_paper2_final_runs_v4-res1,2023,11,0,0,15,15,20,13,0.7218727441476745,1.185933793956894,2.526554604516861,4.671547901412808,6.1668557285758485,5.125296483448489,4.155924512735898,16.74744766422605,29.112096524698362,8.641847994225019,20.449623594926265,0.494998453129834
./Eplus-env-08-19_thermostat_rbc_eco_year_2022_case_7_rep_0_zone_0_onoffseed_5_tempseed_15_comforttemp_20_setbacktemp_15_paper2_final_runs_v4-res1,2022,7,0,0,5,15,20,15,0.0,0.0,0.0,0.0,0.0,0.0,0.09281220996184388,15.881200371248841,49.27297102196555,9.095596576260698,25.65741982056306,0.0
./Eplus-env-08-19_thermostat_rbc_eco_year_2023_case_7_rep_0_zone_0_onoffseed_5_tempseed_15_comforttemp_20_setbacktemp_15_paper2_final_runs_v4-res1,2023,7,0,0,5,15,20,15,0.0,0.0,0.0,0.0,0.0,0.0,0.030937403320614624,14.231205527482727,53.129833969268844,10.013406208105598,22.594616891822213,0.0
./Eplus-env-08-19_thermostat_rbc_eco_year_2023_case_2_rep_0_zone_0_onoffseed_10_tempseed_10_comforttemp_20_setbacktemp_13_paper2_final_runs_v4-res1,2023,2,0,0,10,10,20,13,0.5981231308652161,1.1549963906362792,2.5574920078374754,3.8671754150768276,4.454986078168506,3.39280189749407,8.353098896565948,41.1879962875116,8.239661751057028,5.86779416314324,20.03712488398474,0.2887490976590698
./Eplus-env-08-19_thermostat_rbc_eco_year_2023_case_5_rep_0_zone_0_onoffseed_15_tempseed_42_comforttemp_20_setbacktemp_17_paper2_final_runs_v4-res1,2023,5,0,0,15,42,20,17,0.0,1.8046818603691863,9.704032174899453,7.414664329173972,8.146849541095184,31.33958956378261,7.270289780344437,6.1668557285758485,5.805919356502011,5.011859337939569,17.335258327317725,0.0
./Eplus-env-08-19_thermostat_rbc_eco_year_2023_case_14_rep_0_zone_0_onoffseed_10_tempseed_10_comforttemp_20_setbacktemp_17_paper2_final_runs_v4-res1,2023,14,0,0,10,10,20,17,0.0,0.010312467773538208,0.16499948437661133,0.6187480664122924,2.0212436836134886,4.094049706094668,23.450551717025885,19.820563060740433,9.291533463957926,6.527792100649686,34.00020624935547,0.0
./Eplus-env-08-19_thermostat_rbc_eco_year_2023_case_1_rep_0_zone_0_onoffseed_5_tempseed_42_comforttemp_20_setbacktemp_13_paper2_final_runs_v4-res1,2023,1,0,0,5,42,20,13,0.0,0.0,0.0,0.0,5.785294420954934,50.56202949365783,7.868412911209652,6.806228730535217,5.950293905331546,5.3006084355986385,17.72713210271218,0.0
./Eplus-env-08-19_thermostat_rbc_eco_year_2022_case_1_rep_0_zone_0_onoffseed_15_tempseed_30_comforttemp_20_setbacktemp_17_paper2_final_runs_v4-res1,2022,1,0,0,15,30,20,17,0.0,1.2271836650510468,8.208724347736414,6.074043518614005,5.073734144580798,8.126224605548108,32.938022068681036,5.7440445498607815,5.6409198721254,5.310920903372177,21.656182324430237,0.0
./Eplus-env-08-18_thermostat_rbc_eco_year_2023_case_0_rep_0_zone_9_onoffseed_5_tempseed_42_comforttemp_20_setbacktemp_15_paper2_final_runs_v4-res1,2023,0,0,9,5,42,20,15,0.0,0.0,0.0,0.0,30.597091884087863,31.195215014953074,5.764669485407858,5.403733113334021,5.104671547901413,5.156233886769104,16.778385067546665,0.0
./Eplus-env-08-18_thermostat_rbc_eco_year_2022_case_0_rep_0_zone_9_onoffseed_5_tempseed_42_comforttemp_20_setbacktemp_15_paper2_final_runs_v4-res1,2022,0,0,9,5,42,20,15,0.0,0.0,0.0,0.0,29.34928328348974,32.03052490460968,5.372795710013406,5.403733113334021,4.630298030318655,4.764360111374652,18.449004846859854,0.0
./Eplus-env-08-19_thermostat_rbc_eco_year_2022_case_9_rep_0_zone_9_onoffseed_5_tempseed_42_comforttemp_18_setbacktemp_15_paper2_final_runs_v4-res1,2022,9,0,9,5,42,18,15,0.0,0.06187480664122925,19.294627204289984,10.694029081159123,7.610601216871197,6.703104052799835,5.176858822316181,5.537795194390018,5.651232339898938,5.898731566463855,33.37114571516964,0.0
./Eplus-env-08-19_thermostat_rbc_eco_year_2023_case_9_rep_0_zone_0_onoffseed_5_tempseed_42_comforttemp_20_setbacktemp_15_paper2_final_runs_v4-res1,2023,9,0,0,5,42,20,15,0.0,0.0,0.0,0.1237496132824585,14.468392286274106,20.439311127152727,10.86934103330927,8.414973703207178,6.26998040631123,5.826544292049087,33.587707538413945,0.0
./Eplus-env-08-19_thermostat_rbc_eco_year_2023_case_10_rep_0_zone_9_onoffseed_5_tempseed_42_comforttemp_19_setbacktemp_17_paper2_final_runs_v4-res1,2023,10,0,9,5,42,19,17,0.0,0.0,0.0,16.72682272867897,34.618954315767766,5.125296483448489,5.568732597710632,5.403733113334021,5.434670516654635,5.878106630916778,21.24368361348871,0.0
./Eplus-env-08-19_thermostat_rbc_eco_year_2022_case_14_rep_0_zone_9_onoffseed_5_tempseed_42_comforttemp_19_setbacktemp_17_paper2_final_runs_v4-res1,2022,14,0,9,5,42,19,17,0.0,0.0,0.04124987109415283,22.934928328348974,11.364339486439105,7.837475507889039,6.290605341858306,6.259667938537692,5.970918840878622,5.785294420954934,33.51552026399918,0.0
./Eplus-env-08-19_thermostat_rbc_eco_year_2023_case_14_rep_0_zone_0_onoffseed_5_tempseed_15_comforttemp_20_setbacktemp_17_paper2_final_runs_v4-res1,2023,14,0,0,5,15,20,17,0.0,0.0,0.0,0.0,0.0,0.0,0.35062390430029905,30.019593688769724,22.43992987521914,9.78653191708776,37.403320614623084,0.0
./Eplus-env-08-19_thermostat_rbc_eco_year_2023_case_14_rep_0_zone_9_onoffseed_5_tempseed_42_comforttemp_18_setbacktemp_15_paper2_final_runs_v4-res1,2023,14,0,9,5,42,18,15,0.0,0.030937403320614624,20.707435289264723,10.951840775497576,8.146849541095184,7.022790553779519,5.847169227596163,5.114984015674951,5.341858306692791,5.3006084355986385,31.53552645147984,0.0
./Eplus-env-08-19_thermostat_rbc_eco_year_2022_case_9_rep_0_zone_0_onoffseed_15_tempseed_30_comforttemp_20_setbacktemp_17_paper2_final_runs_v4-res1,2022,9,0,0,15,30,20,17,0.04124987109415283,0.1237496132824585,0.8456223574301331,2.0109312158399506,3.9187377539445194,17.397133133958956,16.768072599773127,8.373723832113026,8.012787460039188,6.899040940497062,35.60895122202743,0.0
./Eplus-env-08-19_thermostat_rbc_eco_year_2022_case_10_rep_0_zone_9_onoffseed_5_tempseed_42_comforttemp_21_setbacktemp_13_paper2_final_runs_v4-res1,2022,10,0,9,5,42,21,13,0.0,0.0,0.0,0.0,0.0,3.8878003506239045,14.788078787253788,41.79643188615035,9.621532432711149,5.7234196143137055,24.182736928947097,0.0
./Eplus-env-08-19_thermostat_rbc_eco_year_2022_case_2_rep_0_zone_0_onoffseed_5_tempseed_10_comforttemp_20_setbacktemp_15_paper2_final_runs_v4-res1,2022,2,0,0,5,10,20,15,0.0,0.0,0.0,0.0,0.0,0.0,8.394348767660102,54.02701866556667,8.249974218830566,6.280292874084768,23.048365473857892,0.0
./Eplus-env-08-19_thermostat_rbc_eco_year_2022_case_1_rep_0_zone_0_onoffseed_10_tempseed_10_comforttemp_20_setbacktemp_17_paper2_final_runs_v4-res1,2022,1,0,0,10,10,20,17,0.0,0.494998453129834,3.6403011240589875,4.434361142621429,4.124987109415283,3.753738269567908,8.033412395586263,41.70361967618852,6.404042487367227,5.878106630916778,21.532432711147777,0.0
./Eplus-env-08-19_thermostat_rbc_eco_year_2023_case_1_rep_0_zone_0_onoffseed_10_tempseed_42_comforttemp_20_setbacktemp_17_paper2_final_runs_v4-res1,2023,1,0,0,10,42,20,17,0.0,0.9074971640713623,6.744353923893988,5.816231824275549,5.939981437558008,38.99144065174796,7.146540167061978,6.074043518614005,5.7234196143137055,5.104671547901413,17.55182015056203,0.0
./Eplus-env-08-19_thermostat_rbc_eco_year_2022_case_11_rep_0_zone_9_onoffseed_5_tempseed_42_comforttemp_18_setbacktemp_17_paper2_final_runs_v4-res1,2022,11,0,9,5,42,18,17,0.0,0.0,13.076209136846447,33.979581313808396,7.36310199030628,5.496545323295865,4.7849850469217285,4.764360111374652,4.558110755903888,4.980921934618954,20.99618438692379,0.0
./Eplus-env-08-19_thermostat_rbc_eco_year_2022_case_1_rep_0_zone_0_onoffseed_15_tempseed_30_comforttemp_20_setbacktemp_13_paper2_final_runs_v4-res1,2022,1,0,0,15,30,20,13,1.6190574404454987,3.021553057646695,4.3724863359802,4.619985562545117,4.527173352583273,8.724347736413323,33.051459214189954,6.929978343817676,5.7234196143137055,5.671857275446015,20.408373723832113,1.3303083427864288
./Eplus-env-08-19_thermostat_rbc_eco_year_2023_case_6_rep_0_zone_0_onoffseed_10_tempseed_30_comforttemp_20_setbacktemp_17_paper2_final_runs_v4-res1,2023,6,0,0,10,30,20,17,0.0,0.6290605341858306,4.980921934618954,5.393420645560482,4.3312364648860475,10.095905950293906,37.14550892028463,7.5487264102299685,6.15654326080231,5.114984015674951,18.603691863462927,0.0
./Eplus-env-08-19_thermostat_rbc_eco_year_2022_case_7_rep_0_zone_0_onoffseed_5_tempseed_10_comforttemp_20_setbacktemp_15_paper2_final_runs_v4-res1,2022,7,0,0,5,10,20,15,0.0,0.0,0.0,0.0,0.0,0.04124987109415283,13.096834072393523,47.65391358152006,8.868722285242859,6.6412292461586055,23.6980509435908,0.0
./Eplus-env-08-19_thermostat_rbc_eco_year_2022_case_6_rep_0_zone_0_onoffseed_15_tempseed_42_comforttemp_20_setbacktemp_17_paper2_final_runs_v4-res1,2022,6,0,0,15,42,20,17,0.0,1.639682375992575,9.508095287202227,6.414354955140765,9.879344127049603,29.256471073527894,6.507167165102609,5.579045065484171,4.908734660204187,5.434670516654635,20.87243477364133,0.0
./Eplus-env-08-19_thermostat_rbc_eco_year_2022_case_1_rep_0_zone_0_onoffseed_5_tempseed_42_comforttemp_20_setbacktemp_17_paper2_final_runs_v4-res1,2022,1,0,0,5,42,20,17,0.0,0.0,0.0,0.0,5.7131071465401675,49.16984634423017,7.9715375889450355,5.702794678766629,5.537795194390018,5.084046612354336,20.82087243477364,0.0
./Eplus-env-08-19_thermostat_rbc_eco_year_2022_case_14_rep_0_zone_0_onoffseed_15_tempseed_30_comforttemp_20_setbacktemp_13_paper2_final_runs_v4-res1,2022,14,0,0,15,30,20,13,0.11343714550892028,0.22687429101784057,0.8146849541095184,2.0109312158399506,4.217799319377127,17.283695988450038,16.211199340002064,8.868722285242859,7.476539135815201,7.0331030215530586,35.6811384964422,0.06187480664122925
./Eplus-env-08-19_thermostat_rbc_eco_year_2022_case_12_rep_0_zone_0_onoffseed_5_tempseed_10_comforttemp_20_setbacktemp_17_paper2_final_runs_v4-res1,2022,12,0,0,5,10,20,17,0.0,0.0,0.0,0.0,0.0,0.0,12.106837166133856,49.27297102196555,8.322161493245334,6.280292874084768,24.017737444570486,0.0
./Eplus-env-08-19_thermostat_rbc_eco_year_2022_case_12_rep_0_zone_0_onoffseed_10_tempseed_30_comforttemp_20_setbacktemp_15_paper2_final_runs_v4-res1,2022,12,0,0,10,30,20,15,1.1343714550892028,1.938743941425183,3.1143652676085387,3.764050737341446,3.8981128183974425,13.23089615344952,31.442714241517994,7.693100959059502,5.383108177786944,5.383108177786944,22.862741053934208,0.1546870166030731
./Eplus-env-08-19_thermostat_rbc_eco_year_2022_case_3_rep_0_zone_0_onoffseed_5_tempseed_10_comforttemp_20_setbacktemp_13_paper2_final_runs_v4-res1,2022,3,0,0,5,10,20,13,0.0,0.0,0.0,0.0,0.0,1.1137465195421266,34.42301742807054,14.313705269671031,8.208724347736414,7.486851603588739,34.45395483139115,0.0
./Eplus-env-08-19_thermostat_rbc_eco_year_2023_case_3_rep_0_zone_0_onoffseed_15_tempseed_15_comforttemp_20_setbacktemp_13_paper2_final_runs_v4-res1,2023,3,0,0,15,15,20,13,0.0,0.1237496132824585,0.3918737753944519,1.0312467773538208,2.887490976590698,5.2696710322780245,7.5796638135505825,29.782406929978343,11.137465195421264,7.5899762813241205,34.20645560482624,0.0
./Eplus-env-08-19_thermostat_rbc_eco_year_2023_case_2_rep_0_zone_0_onoffseed_5_tempseed_42_comforttemp_20_setbacktemp_13_paper2_final_runs_v4-res1,2023,2,0,0,5,42,20,13,0.0,0.0,0.0,0.0,5.888419098690316,49.42765803856863,8.084974734453954,6.888728472723522,5.785294420954934,5.424358048881097,18.500567185727547,0.0
./Eplus-env-08-19_thermostat_rbc_eco_year_2022_case_1_rep_0_zone_0_onoffseed_10_tempseed_30_comforttemp_20_setbacktemp_15_paper2_final_runs_v4-res1,2022,1,0,0,10,30,20,15,1.2684335361451995,2.340930184593173,3.39280189749407,3.980612560585748,3.0421779931937714,8.05403733113334,38.76456636073012,6.878416004949985,5.341858306692791,5.424358048881097,21.326183355677014,0.18562441992368775
./Eplus-env-08-19_thermostat_rbc_eco_year_2023_case_9_rep_0_zone_0_onoffseed_10_tempseed_42_comforttemp_20_setbacktemp_17_paper2_final_runs_v4-res1,2023,9,0,0,10,42,20,17,0.0,0.04124987109415283,0.938434567391977,2.8359286377230073,17.933381458182943,16.871197277508507,10.116530885840982,7.280602248117975,5.86779416314324,5.424358048881097,32.690522842116124,0.0
./Eplus-env-08-19_thermostat_rbc_eco_year_2022_case_13_rep_0_zone_9_onoffseed_5_tempseed_42_comforttemp_18_setbacktemp_17_paper2_final_runs_v4-res1,2022,13,0,9,5,42,18,17,0.0,0.06187480664122925,18.82025368670723,12.529648344848923,8.260286686604104,6.362792616273075,5.506857791069403,5.156233886769104,5.104671547901413,5.145921418995566,33.051459214189954,0.0
./Eplus-env-08-19_thermostat_rbc_eco_year_2023_case_14_rep_0_zone_0_onoffseed_15_tempseed_42_comforttemp_20_setbacktemp_13_paper2_final_runs_v4-res1,2023,14,0,0,15,42,20,13,0.1546870166030731,0.45374858203568114,1.4746828916159638,3.186552542023306,15.571826338042694,16.087449726719605,10.353717644632361,7.631226152418273,6.084355986387543,5.548107662163556,33.45364545735794,0.0
./Eplus-env-08-19_thermostat_rbc_eco_year_2023_case_13_rep_0_zone_0_onoffseed_15_tempseed_10_comforttemp_20_setbacktemp_15_paper2_final_runs_v4-res1,2023,13,0,0,15,10,20,15,0.0,0.1546870166030731,0.494998453129834,1.6706197793131896,3.825925543982675,6.6824791172527584,24.677735382076932,15.334639579251313,7.5384139424564305,6.311230277405383,33.30927090852841,0.0
./Eplus-env-08-19_thermostat_rbc_eco_year_2022_case_6_rep_0_zone_9_onoffseed_5_tempseed_42_comforttemp_19_setbacktemp_13_paper2_final_runs_v4-res1,2022,6,0,9,5,42,19,13,0.0,0.0,0.0,25.275858512942147,29.184283799113125,5.764669485407858,4.547798288130349,5.032484273486645,4.578735691450964,4.908734660204187,20.707435289264723,0.0
./Eplus-env-08-19_thermostat_rbc_eco_year_2023_case_7_rep_0_zone_0_onoffseed_10_tempseed_30_comforttemp_20_setbacktemp_13_paper2_final_runs_v4-res1,2023,7,0,0,10,30,20,13,0.7734350830153656,1.7118696504073425,3.372176961946994,4.929359595751263,4.001237496132824,12.653397958131382,32.90708466536042,8.002474992265649,6.971228214911829,5.053109209033722,19.129627719913376,0.494998453129834
./Eplus-env-08-19_thermostat_rbc_eco_year_2023_case_13_rep_0_zone_0_onoffseed_5_tempseed_10_comforttemp_20_setbacktemp_15_paper2_final_runs_v4-res1,2023,13,0,0,5,10,20,15,0.0,0.0,0.0,0.0,0.0,0.38156130762091367,33.340208311849025,17.438383005053108,7.445601732494586,6.32154274517892,35.072702897803445,0.0
./Eplus-env-08-19_thermostat_rbc_eco_year_2023_case_13_rep_0_zone_0_onoffseed_10_tempseed_15_comforttemp_20_setbacktemp_13_paper2_final_runs_v4-res1,2023,13,0,0,10,15,20,13,0.0,0.020624935547076416,0.09281220996184388,0.4021862431679901,1.5984325048984223,3.464989171908838,5.702794678766629,29.225533670207284,16.252449211096216,8.384036299886564,34.85614107455915,0.0
./Eplus-env-08-19_thermostat_rbc_eco_year_2023_case_11_rep_0_zone_0_onoffseed_5_tempseed_30_comforttemp_20_setbacktemp_17_paper2_final_runs_v4-res1,2023,11,0,0,5,30,20,17,0.0,0.0,0.0,0.0,0.0,9.559657626069919,49.798906878416005,9.270908528410848,6.806228730535217,5.795606888728472,18.76869134783954,0.0
./Eplus-env-08-19_thermostat_rbc_eco_year_2022_case_1_rep_0_zone_9_onoffseed_5_tempseed_42_comforttemp_18_setbacktemp_13_paper2_final_runs_v4-res1,2022,1,0,9,5,42,18,13,0.0,0.0,22.192430648654224,28.689285345983293,5.661544807672476,4.919047127977725,4.310611529338971,4.671547901412808,4.558110755903888,4.949984531298339,20.047437351758276,0.0
./Eplus-env-08-19_thermostat_rbc_eco_year_2023_case_1_rep_0_zone_9_onoffseed_5_tempseed_42_comforttemp_18_setbacktemp_13_paper2_final_runs_v4-res1,2023,1,0,9,5,42,18,13,0.0,0.0,22.83180365061359,30.236155512014022,4.104362173868207,4.702485304733423,5.114984015674951,5.6409198721254,5.496545323295865,4.88810972465711,16.98463442301743,0.0
./Eplus-env-08-19_thermostat_rbc_eco_year_2023_case_2_rep_0_zone_9_onoffseed_5_tempseed_42_comforttemp_18_setbacktemp_15_paper2_final_runs_v4-res1,2023,2,0,9,5,42,18,15,0.0,0.0,14.829328658347944,37.50644529235846,4.723110240280499,4.877797256883572,4.8571723213364955,5.898731566463855,5.3006084355986385,5.06342167680726,16.943384551923273,0.0
./Eplus-env-08-19_thermostat_rbc_eco_year_2023_case_14_rep_0_zone_0_onoffseed_15_tempseed_30_comforttemp_20_setbacktemp_17_paper2_final_runs_v4-res1,2023,14,0,0,15,30,20,17,0.0,0.04124987109415283,0.5568732597710633,2.330617716819635,4.424048674847891,18.170568216974324,17.912756522635867,9.889656594823142,6.837166133855832,5.909044034237393,33.928018974940706,0.0
./Eplus-env-08-19_thermostat_rbc_eco_year_2023_case_14_rep_0_zone_0_onoffseed_15_tempseed_30_comforttemp_20_setbacktemp_15_paper2_final_runs_v4-res1,2023,14,0,0,15,30,20,15,0.0,0.20624935547076417,0.47437351758275753,1.8974940703310301,4.300299061565433,18.70681654119831,17.923068990409405,10.157780756935136,6.929978343817676,5.898731566463855,33.50520779622564,0.0
./Eplus-env-08-19_thermostat_rbc_eco_year_2022_case_3_rep_0_zone_0_onoffseed_5_tempseed_15_comforttemp_20_setbacktemp_13_paper2_final_runs_v4-res1,2022,3,0,0,5,15,20,13,0.0,0.0,0.0,0.0,0.0,0.0,1.5571826338042694,37.96019387439414,13.963081365370734,8.755285139733939,37.764256986696914,0.0
./Eplus-env-08-19_thermostat_rbc_eco_year_2022_case_2_rep_0_zone_9_onoffseed_5_tempseed_42_comforttemp_20_setbacktemp_13_paper2_final_runs_v4-res1,2022,2,0,9,5,42,20,13,0.0,0.0,0.0,0.0,0.9487470351655151,17.809631844900483,42.1883056615448,8.136537073321644,5.218108693410333,4.815922450242343,20.88274724141487,0.0
./Eplus-env-08-19_thermostat_rbc_eco_year_2023_case_13_rep_0_zone_0_onoffseed_5_tempseed_10_comforttemp_20_setbacktemp_13_paper2_final_runs_v4-res1,2023,13,0,0,5,10,20,13,0.0,0.0,0.0,0.0,0.0,0.41249871094152835,33.72176961946994,16.90213468082912,7.868412911209652,6.764978859441065,34.330205218108695,0.0
./Eplus-env-08-19_thermostat_rbc_eco_year_2022_case_13_rep_0_zone_0_onoffseed_5_tempseed_15_comforttemp_20_setbacktemp_17_paper2_final_runs_v4-res1,2022,13,0,0,5,15,20,17,0.0,0.0,0.0,0.0,0.0,0.0,0.6084355986387543,34.928328348973906,16.97432195524389,8.353098896565948,39.135815200577504,0.0
./Eplus-env-08-19_thermostat_rbc_eco_year_2023_case_13_rep_0_zone_0_onoffseed_5_tempseed_30_comforttemp_20_setbacktemp_17_paper2_final_runs_v4-res1,2023,13,0,0,5,30,20,17,0.0,0.0,0.0,0.0,0.3609363720738373,27.0186655666701,18.758378880065997,8.899659688563473,6.135918325255234,6.290605341858306,32.53583582551304,0.0
./Eplus-env-08-19_thermostat_rbc_eco_year_2023_case_12_rep_0_zone_9_onoffseed_5_tempseed_42_comforttemp_18_setbacktemp_17_paper2_final_runs_v4-res1,2023,12,0,9,5,42,18,17,0.0,0.0,13.447457976693823,35.526451479839125,5.46560791997525,5.228421161183872,5.2902959678251005,5.857481695369702,5.424358048881097,4.578735691450964,19.181190058781066,0.0
./Eplus-env-08-19_thermostat_rbc_eco_year_2022_case_13_rep_0_zone_9_onoffseed_5_tempseed_42_comforttemp_18_setbacktemp_13_paper2_final_runs_v4-res1,2022,13,0,9,5,42,18,13,0.0,0.09281220996184388,24.34773641332371,10.343405176858822,6.6102918428379915,5.094359080127875,5.383108177786944,5.331545838919253,5.022171805713107,4.619985562545117,33.15458389192534,0.0
./Eplus-env-08-19_thermostat_rbc_eco_year_2023_case_14_rep_0_zone_0_onoffseed_5_tempseed_30_comforttemp_20_setbacktemp_13_paper2_final_runs_v4-res1,2023,14,0,0,5,30,20,13,0.0,0.0,0.0,0.0,0.18562441992368775,17.88181911931525,21.883056615448076,11.374651954212643,7.76528823347427,6.1977931318964625,34.71176652572961,0.0
./Eplus-env-08-19_thermostat_rbc_eco_year_2022_case_13_rep_0_zone_0_onoffseed_10_tempseed_30_comforttemp_20_setbacktemp_13_paper2_final_runs_v4-res1,2022,13,0,0,10,30,20,13,0.08249974218830566,0.18562441992368775,0.8249974218830567,1.9284314736516448,3.753738269567908,24.182736928947097,14.72620398061256,7.785913169021347,6.465917294008457,6.074043518614005,33.979581313808396,0.010312467773538208
./Eplus-env-08-19_thermostat_rbc_eco_year_2022_case_6_rep_0_zone_9_onoffseed_5_tempseed_42_comforttemp_20_setbacktemp_13_paper2_final_runs_v4-res1,2022,6,0,9,5,42,20,13,0.0,0.0,0.0,0.0,1.6912447148602663,15.014953078271631,41.95111890275343,9.858719191502527,4.960296999071878,5.176858822316181,21.34680829122409,0.0
./Eplus-env-08-19_thermostat_rbc_eco_year_2023_case_8_rep_0_zone_0_onoffseed_10_tempseed_42_comforttemp_20_setbacktemp_17_paper2_final_runs_v4-res1,2023,8,0,0,10,42,20,17,0.0,0.09281220996184388,1.484995359389502,3.7949881406620602,24.21367433226771,14.416829947406415,7.569351345777045,5.774981953181396,5.352170774466329,5.310920903372177,31.98927503351552,0.0
./Eplus-env-08-19_thermostat_rbc_eco_year_2023_case_5_rep_0_zone_0_onoffseed_5_tempseed_15_comforttemp_20_setbacktemp_13_paper2_final_runs_v4-res1,2023,5,0,0,5,15,20,13,0.0,0.0,0.0,0.0,0.0,0.05156233886769104,0.23718675879137877,12.808084974734454,58.028256161699495,8.56966071981025,20.305249046096733,0.0
./Eplus-env-08-19_thermostat_rbc_eco_year_2022_case_6_rep_0_zone_0_onoffseed_15_tempseed_30_comforttemp_20_setbacktemp_15_paper2_final_runs_v4-res1,2022,6,0,0,15,30,20,15,1.938743941425183,3.3618644941734557,4.506548417036197,5.197483757863257,4.527173352583273,12.839022378055068,27.05991543776426,6.909353408270599,5.620294936578323,5.919356502010931,21.779931937712696,0.3403114365267609
./Eplus-env-08-19_thermostat_rbc_eco_year_2023_case_4_rep_0_zone_0_onoffseed_10_tempseed_42_comforttemp_20_setbacktemp_15_paper2_final_runs_v4-res1,2023,4,0,0,10,42,20,15,0.07218727441476745,0.35062390430029905,1.0518717129008972,2.969990718779004,19.38743941425183,16.39682375992575,9.477157883881612,7.053727957100134,5.692482210993091,5.795606888728472,31.752088274724144,0.0
./Eplus-env-08-19_thermostat_rbc_eco_year_2023_case_14_rep_0_zone_9_onoffseed_5_tempseed_42_comforttemp_19_setbacktemp_15_paper2_final_runs_v4-res1,2023,14,0,9,5,42,19,15,0.0,0.0,0.17531195215014952,21.614932453336085,16.15963700113437,7.909662782303806,6.507167165102609,5.383108177786944,5.073734144580798,5.06342167680726,32.113024646797975,0.0
./Eplus-env-08-19_thermostat_rbc_eco_year_2022_case_14_rep_0_zone_0_onoffseed_5_tempseed_15_comforttemp_20_setbacktemp_15_paper2_final_runs_v4-res1,2022,14,0,0,5,15,20,15,0.0,0.0,0.0,0.0,0.0,0.0,0.2578116943384552,17.283695988450038,28.018974940703313,12.1996493760957,42.2398680004125,0.0
./Eplus-env-08-19_thermostat_rbc_eco_year_2022_case_10_rep_0_zone_0_onoffseed_10_tempseed_15_comforttemp_20_setbacktemp_15_paper2_final_runs_v4-res1,2022,10,0,0,10,15,20,15,0.48468598535629576,0.742497679694751,1.8974940703310301,3.330927090852841,3.6093637207383726,3.4031143652676086,3.5990512529648346,14.427142415179953,34.47457976693823,7.65185108796535,26.25554295142828,0.1237496132824585
./Eplus-env-08-19_thermostat_rbc_eco_year_2023_case_13_rep_0_zone_0_onoffseed_15_tempseed_30_comforttemp_20_setbacktemp_17_paper2_final_runs_v4-res1,2023,13,0,0,15,30,20,17,0.0,0.07218727441476745,1.2993709394658142,3.3412395586263792,5.960606373105084,24.254924203361863,14.138393317520883,7.177477570382592,5.7543570176343195,5.7131071465401675,32.28833659894813,0.0
./Eplus-env-08-19_thermostat_rbc_eco_year_2022_case_12_rep_0_zone_9_onoffseed_5_tempseed_42_comforttemp_18_setbacktemp_13_paper2_final_runs_v4-res1,2022,12,0,9,5,42,18,13,0.0,0.0,21.46024543673301,26.925853356708263,6.208105599670001,4.867484789110034,4.506548417036197,4.712797772506961,4.712797772506961,4.754047643601114,21.852119212127462,0.0
./Eplus-env-08-19_thermostat_rbc_eco_year_2022_case_12_rep_0_zone_9_onoffseed_5_tempseed_42_comforttemp_18_setbacktemp_17_paper2_final_runs_v4-res1,2022,12,0,9,5,42,18,17,0.0,0.0,12.911209652469836,32.42239868000413,7.682788491285965,5.816231824275549,4.919047127977725,4.609673094771579,4.898422192430648,4.980921934618954,21.759307002165617,0.0
./Eplus-env-08-19_thermostat_rbc_eco_year_2023_case_12_rep_0_zone_0_onoffseed_15_tempseed_42_comforttemp_20_setbacktemp_17_paper2_final_runs_v4-res1,2023,12,0,0,15,42,20,17,0.0,1.3715582138805815,8.652160461998557,7.950912653397959,9.508095287202227,30.10209343095803,6.816541198308755,6.115293389708157,5.878106630916778,5.073734144580798,18.531504589048158,0.0
./Eplus-env-08-19_thermostat_rbc_eco_year_2023_case_1_rep_0_zone_0_onoffseed_5_tempseed_15_comforttemp_20_setbacktemp_17_paper2_final_runs_v4-res1,2023,1,0,0,5,15,20,17,0.0,0.0,0.0,0.0,0.0,0.0,0.0,6.78560379498814,65.17479632876147,8.105599670001032,19.934000206249355,0.0
./Eplus-env-08-19_thermostat_rbc_eco_year_2023_case_11_rep_0_zone_9_onoffseed_5_tempseed_42_comforttemp_18_setbacktemp_15_paper2_final_runs_v4-res1,2023,11,0,9,5,42,18,15,0.0,0.0,13.643394864391048,38.352067649788594,4.877797256883572,4.8365473857894195,4.66123543363927,5.919356502010931,5.23873362895741,5.042796741260184,17.428070537279574,0.0
./Eplus-env-08-19_thermostat_rbc_eco_year_2023_case_1_rep_0_zone_0_onoffseed_5_tempseed_30_comforttemp_20_setbacktemp_17_paper2_final_runs_v4-res1,2023,1,0,0,5,30,20,17,0.0,0.0,0.0,0.0,0.0,6.115293389708157,55.58420129937094,7.992162524492111,6.764978859441065,5.7131071465401675,17.830256780447563,0.0
./Eplus-env-08-19_thermostat_rbc_eco_year_2023_case_14_rep_0_zone_0_onoffseed_5_tempseed_10_comforttemp_20_setbacktemp_17_paper2_final_runs_v4-res1,2023,14,0,0,5,10,20,17,0.0,0.0,0.0,0.0,0.0,0.38156130762091367,24.615860575435704,22.192430648654224,10.724966484479737,6.940290811591214,35.14489017221821,0.0
./Eplus-env-08-19_thermostat_rbc_eco_year_2023_case_14_rep_0_zone_0_onoffseed_5_tempseed_30_comforttemp_20_setbacktemp_17_paper2_final_runs_v4-res1,2023,14,0,0,5,30,20,17,0.0,0.0,0.0,0.0,0.247499226564917,18.758378880065997,21.181808806847478,11.859337939568938,7.497164071362277,5.774981953181396,34.68082912240899,0.0
./Eplus-env-08-19_thermostat_rbc_eco_year_2023_case_9_rep_0_zone_0_onoffseed_5_tempseed_10_comforttemp_20_setbacktemp_17_paper2_final_runs_v4-res1,2023,9,0,0,5,10,20,17,0.0,0.0,0.0,0.0,0.0,0.23718675879137877,24.182736928947097,22.223368051974838,10.147468289161596,7.043415489326596,36.165824481798495,0.0
./Eplus-env-08-19_thermostat_rbc_eco_year_2022_case_2_rep_0_zone_0_onoffseed_15_tempseed_30_comforttemp_20_setbacktemp_17_paper2_final_runs_v4-res1,2022,2,0,0,15,30,20,17,0.0,0.989996906259668,7.311539651438589,5.847169227596163,5.032484273486645,9.14715891512839,32.051149840156754,7.002165618232444,5.7543570176343195,5.599670001031247,21.264308549035785,0.0
./Eplus-env-08-19_thermostat_rbc_eco_year_2022_case_12_rep_0_zone_0_onoffseed_10_tempseed_10_comforttemp_20_setbacktemp_13_paper2_final_runs_v4-res1,2022,12,0,0,10,10,20,13,0.5053109209033722,1.144683922862741,2.433742394555017,3.8981128183974425,3.722800866247293,3.8053006084355987,15.489326595854388,31.7417758069506,7.693100959059502,6.1977931318964625,22.84211611838713,0.5259358564504486
./Eplus-env-08-19_thermostat_rbc_eco_year_2023_case_12_rep_0_zone_0_onoffseed_15_tempseed_10_comforttemp_20_setbacktemp_13_paper2_final_runs_v4-res1,2023,12,0,0,15,10,20,13,0.8146849541095184,1.639682375992575,3.68155099515314,5.7440445498607815,6.104980921934619,4.248736722697742,14.066206043106117,27.73022584304424,8.909972156337012,6.125605857481696,20.666185418170567,0.2681241621119934
./Eplus-env-08-19_thermostat_rbc_eco_year_2023_case_12_rep_0_zone_0_onoffseed_10_tempseed_10_comforttemp_20_setbacktemp_15_paper2_final_runs_v4-res1,2023,12,0,0,10,10,20,15,0.45374858203568114,1.2374961328245848,2.4028049912344023,4.032174899453439,4.7849850469217285,3.3412395586263792,15.056202949365783,32.85552232649273,9.044034237393008,6.1771681963493865,20.573373208208725,0.04124987109415283
./Eplus-env-08-18_thermostat_rbc_eco_year_2023_case_0_rep_0_zone_0_onoffseed_10_tempseed_30_comforttemp_20_setbacktemp_13_paper2_final_runs_v4-res1,2023,0,0,0,10,30,20,13,1.2374961328245848,1.7221821181808805,3.5165515107765293,4.970609466845416,3.753738269567908,6.33185521295246,42.58017943693926,6.795916262761679,6.04310611529339,5.2696710322780245,16.86088480973497,0.9178096318449005
./Eplus-env-08-18_thermostat_rbc_eco_year_2023_case_0_rep_0_zone_9_onoffseed_5_tempseed_42_comforttemp_21_setbacktemp_15_paper2_final_runs_v4-res1,2023,0,0,9,5,42,21,15,0.0,0.0,0.0,0.0,0.0,38.52737960193874,29.112096524698362,5.878106630916778,5.785294420954934,5.032484273486645,15.664638548004536,0.0
./Eplus-env-08-19_thermostat_rbc_eco_year_2023_case_14_rep_0_zone_9_onoffseed_5_tempseed_42_comforttemp_19_setbacktemp_17_paper2_final_runs_v4-res1,2023,14,0,9,5,42,19,17,0.0,0.0,0.0,24.058987315664638,11.632463648551099,8.146849541095184,7.229039909250283,5.682169743219553,5.651232339898938,5.23873362895741,32.360523873362894,0.0
./Eplus-env-08-19_thermostat_rbc_eco_year_2023_case_5_rep_0_zone_0_onoffseed_5_tempseed_42_comforttemp_20_setbacktemp_15_paper2_final_runs_v4-res1,2023,5,0,0,5,42,20,15,0.0,0.0,0.0,0.0,8.311849025471796,47.457976693822836,8.45622357430133,6.579354439517377,6.5999793750644535,5.310920903372177,17.283695988450038,0.0
./Eplus-env-08-19_thermostat_rbc_eco_year_2023_case_4_rep_0_zone_9_onoffseed_5_tempseed_42_comforttemp_19_setbacktemp_17_paper2_final_runs_v4-res1,2023,4,0,9,5,42,19,17,0.0,0.0,0.020624935547076416,26.152418273692895,12.292461586057543,8.157162008868722,6.837166133855832,4.908734660204187,5.249046096730948,5.579045065484171,30.803341239558623,0.0
./Eplus-env-08-19_thermostat_rbc_eco_year_2022_case_5_rep_0_zone_0_onoffseed_5_tempseed_42_comforttemp_20_setbacktemp_13_paper2_final_runs_v4-res1,2022,5,0,0,5,42,20,13,0.0,0.0,0.0,0.020624935547076416,8.05403733113334,46.25141796431886,8.476848509848407,6.135918325255234,5.589357533257709,5.517170258842941,19.95462514179643,0.0
./Eplus-env-08-19_thermostat_rbc_eco_year_2023_case_5_rep_0_zone_0_onoffseed_15_tempseed_15_comforttemp_20_setbacktemp_17_paper2_final_runs_v4-res1,2023,5,0,0,15,15,20,17,0.0,0.8456223574301331,3.908425286170981,5.7131071465401675,6.362792616273075,4.980921934618954,4.104362173868207,15.788388161286996,30.597091884087863,7.724038362380117,19.97525007734351,0.0
./Eplus-env-08-19_thermostat_rbc_eco_year_2023_case_2_rep_0_zone_0_onoffseed_15_tempseed_42_comforttemp_20_setbacktemp_17_paper2_final_runs_v4-res1,2023,2,0,0,15,42,20,17,0.0,1.3715582138805815,9.930906465917294,8.332473961018872,6.96091574713829,31.112715272764774,6.6412292461586055,6.053418583066928,5.98123130865216,5.2799835000515625,18.335567701350932,0.0
./Eplus-env-08-19_thermostat_rbc_eco_year_2022_case_11_rep_0_zone_0_onoffseed_10_tempseed_10_comforttemp_20_setbacktemp_15_paper2_final_runs_v4-res1,2022,11,0,0,10,10,20,15,0.7321852119212128,1.5984325048984223,3.0524904609673094,3.8053006084355987,3.753738269567908,3.56811384964422,15.149015159327629,32.195524388986286,7.466226668041662,6.723728988346911,21.831494276580386,0.1237496132824585
./Eplus-env-08-19_thermostat_rbc_eco_year_2022_case_13_rep_0_zone_0_onoffseed_5_tempseed_42_comforttemp_20_setbacktemp_13_paper2_final_runs_v4-res1,2022,13,0,0,5,42,20,13,0.0,0.0,0.0,0.22687429101784057,21.192121274621016,17.32494585954419,8.827472414148705,6.589666907290914,6.022481179746313,5.7440445498607815,34.07239352377024,0.0
./Eplus-env-08-19_thermostat_rbc_eco_year_2023_case_12_rep_0_zone_9_onoffseed_5_tempseed_42_comforttemp_21_setbacktemp_13_paper2_final_runs_v4-res1,2023,12,0,9,5,42,21,13,0.0,0.0,0.0,0.0,0.0,0.5156233886769104,18.284005362483242,46.43704238424255,10.250592966896978,5.414045581107559,19.098690316592762,0.0
./Eplus-env-08-19_thermostat_rbc_eco_year_2022_case_10_rep_0_zone_0_onoffseed_5_tempseed_10_comforttemp_20_setbacktemp_17_paper2_final_runs_v4-res1,2022,10,0,0,5,10,20,17,0.0,0.0,0.0,0.0,0.0,0.0,10.075281014746828,49.98453129833969,7.930287717850881,6.816541198308755,25.193358770753843,0.0
./Eplus-env-08-19_thermostat_rbc_eco_year_2023_case_10_rep_0_zone_0_onoffseed_5_tempseed_15_comforttemp_20_setbacktemp_15_paper2_final_runs_v4-res1,2023,10,0,0,5,15,20,15,0.0,0.0,0.0,0.0,0.0,0.0,0.0,11.2818397442508,55.635763638238636,9.074971640713622,24.007424976796948,0.0
./Eplus-env-08-19_thermostat_rbc_eco_year_2023_case_11_rep_0_zone_0_onoffseed_15_tempseed_42_comforttemp_20_setbacktemp_13_paper2_final_runs_v4-res1,2023,11,0,0,15,42,20,13,2.206868103537176,3.8568629473032896,5.898731566463855,5.682169743219553,9.982468804784984,27.771475714138393,7.301227183665052,6.579354439517377,5.403733113334021,5.104671547901413,18.552129524595234,1.6603073115396514
./Eplus-env-08-19_thermostat_rbc_eco_year_2023_case_12_rep_0_zone_0_onoffseed_5_tempseed_10_comforttemp_20_setbacktemp_15_paper2_final_runs_v4-res1,2023,12,0,0,5,10,20,15,0.0,0.0,0.0,0.0,0.0,0.0,12.117149633907394,50.7682788491286,10.116530885840982,6.744353923893988,20.25368670722904,0.0
./Eplus-env-08-19_thermostat_rbc_eco_year_2022_case_12_rep_0_zone_0_onoffseed_15_tempseed_30_comforttemp_20_setbacktemp_15_paper2_final_runs_v4-res1,2022,12,0,0,15,30,20,15,1.7118696504073425,3.248427348664536,4.908734660204187,5.073734144580798,5.156233886769104,12.529648344848923,26.492729710219653,6.6927915850262965,5.929668969784469,5.383108177786944,22.625554295142827,0.247499226564917
./Eplus-env-08-19_thermostat_rbc_eco_year_2023_case_10_rep_0_zone_9_onoffseed_5_tempseed_42_comforttemp_20_setbacktemp_15_paper2_final_runs_v4-res1,2023,10,0,9,5,42,20,15,0.0,0.0,0.0,0.0,26.657729194596268,30.143343302052184,5.424358048881097,5.785294420954934,5.434670516654635,5.599670001031247,20.95493451582964,0.0
./Eplus-env-08-19_thermostat_rbc_eco_year_2022_case_7_rep_0_zone_0_onoffseed_10_tempseed_42_comforttemp_20_setbacktemp_13_paper2_final_runs_v4-res1,2022,7,0,0,10,42,20,13,1.3509332783335053,2.9596782510054656,3.629988656285449,3.5371764463236053,11.519026503042177,31.46333917706507,6.950603279364752,5.579045065484171,5.2902959678251005,5.372795710013406,21.357120758997628,0.989996906259668
./Eplus-env-08-19_thermostat_rbc_eco_year_2022_case_7_rep_0_zone_0_onoffseed_10_tempseed_15_comforttemp_20_setbacktemp_17_paper2_final_runs_v4-res1,2022,7,0,0,10,15,20,17,0.0,0.4021862431679901,2.0728060224811795,3.27936475198515,3.8878003506239045,3.619676188511911,3.7434258017943693,18.00556873259771,31.13334020831185,8.79653501082809,25.059296689697845,0.0
./Eplus-env-08-19_thermostat_rbc_eco_year_2023_case_1_rep_0_zone_0_onoffseed_5_tempseed_15_comforttemp_20_setbacktemp_15_paper2_final_runs_v4-res1,2023,1,0,0,5,15,20,15,0.0,0.0,0.0,0.0,0.0,0.0,0.0,7.620913684644735,63.184490048468604,8.208724347736414,20.985871919150252,0.0
./Eplus-env-08-19_thermostat_rbc_eco_year_2023_case_10_rep_0_zone_0_onoffseed_10_tempseed_42_comforttemp_20_setbacktemp_13_paper2_final_runs_v4-res1,2023,10,0,0,10,42,20,13,1.2993709394658142,2.289367845725482,4.279674126018356,4.599360626998041,8.105599670001032,33.94864391048778,6.517479632876147,6.342167680725998,5.579045065484171,5.661544807672476,20.459936062699803,0.9178096318449005
./Eplus-env-08-19_thermostat_rbc_eco_year_2022_case_11_rep_0_zone_0_onoffseed_10_tempseed_42_comforttemp_20_setbacktemp_13_paper2_final_runs_v4-res1,2022,11,0,0,10,42,20,13,1.392183149427658,2.774053831081778,3.444364236361761,3.16592760647623,11.539651438589255,32.76271011653088,6.754666391667525,5.785294420954934,4.898422192430648,5.383108177786944,20.9446220480561,1.1549963906362792
./Eplus-env-08-19_thermostat_rbc_eco_year_2022_case_6_rep_0_zone_0_onoffseed_5_tempseed_10_comforttemp_20_setbacktemp_15_paper2_final_runs_v4-res1,2022,6,0,0,5,10,20,15,0.0,0.0,0.0,0.0,0.010312467773538208,0.04124987109415283,13.169021346808291,49.75765700732185,8.198411879962874,6.33185521295246,22.49149221408683,0.0
./Eplus-env-08-19_thermostat_rbc_eco_year_2022_case_5_rep_0_zone_0_onoffseed_15_tempseed_42_comforttemp_20_setbacktemp_15_paper2_final_runs_v4-res1,2022,5,0,0,15,42,20,15,3.464989171908838,4.3518614004331235,5.331545838919253,5.218108693410333,10.322780241311747,28.018974940703313,6.950603279364752,5.888419098690316,4.589048159224503,5.249046096730948,20.047437351758276,0.5671857275446014
./Eplus-env-08-19_thermostat_rbc_eco_year_2023_case_5_rep_0_zone_0_onoffseed_10_tempseed_10_comforttemp_20_setbacktemp_17_paper2_final_runs_v4-res1,2023,5,0,0,10,10,20,17,0.0,0.6806228730535218,3.9187377539445194,5.249046096730948,4.7849850469217285,3.0524904609673094,12.31308652160462,37.09394658141693,8.219036815509952,6.33185521295246,18.35619263689801,0.0
./Eplus-env-08-19_thermostat_rbc_eco_year_2022_case_12_rep_0_zone_0_onoffseed_10_tempseed_10_comforttemp_20_setbacktemp_17_paper2_final_runs_v4-res1,2022,12,0,0,10,10,20,17,0.0,0.494998453129834,3.134990203155615,4.650922965865732,3.68155099515314,3.7124883984737544,14.90151593276271,31.958337630194904,8.105599670001032,5.878106630916778,23.4814891203465,0.0
./Eplus-env-08-19_thermostat_rbc_eco_year_2023_case_1_rep_0_zone_0_onoffseed_15_tempseed_30_comforttemp_20_setbacktemp_13_paper2_final_runs_v4-res1,2023,1,0,0,15,30,20,13,1.7737444570485716,3.2381148808909974,5.145921418995566,6.104980921934619,5.218108693410333,7.424976796947509,33.979581313808396,6.929978343817676,6.053418583066928,5.23873362895741,17.613694957203258,1.2787460039187377
./Eplus-env-08-19_thermostat_rbc_eco_year_2023_case_1_rep_0_zone_0_onoffseed_5_tempseed_15_comforttemp_20_setbacktemp_13_paper2_final_runs_v4-res1,2023,1,0,0,5,15,20,13,0.0,0.0,0.0,0.0,0.0,0.0,0.0,7.662163555738887,63.76198824378674,7.919975250077344,20.65587295039703,0.0
./Eplus-env-08-19_thermostat_rbc_eco_year_2023_case_8_rep_0_zone_0_onoffseed_15_tempseed_15_comforttemp_20_setbacktemp_15_paper2_final_runs_v4-res1,2023,8,0,0,15,15,20,15,0.020624935547076416,0.23718675879137877,0.2681241621119934,0.9178096318449005,2.495617201196246,4.269361658244818,7.5384139424564305,25.647107352789522,15.70588841909869,7.827163040115499,35.072702897803445,0.0
./Eplus-env-08-19_thermostat_rbc_eco_year_2022_case_2_rep_0_zone_0_onoffseed_5_tempseed_42_comforttemp_20_setbacktemp_17_paper2_final_runs_v4-res1,2022,2,0,0,5,42,20,17,0.0,0.0,0.0,0.0,5.517170258842941,47.57141383933175,7.889037846756729,6.115293389708157,5.341858306692791,5.857481695369702,21.707744663297927,0.0
./Eplus-env-08-19_thermostat_rbc_eco_year_2022_case_4_rep_0_zone_9_onoffseed_5_tempseed_42_comforttemp_20_setbacktemp_13_paper2_final_runs_v4-res1,2022,4,0,9,5,42,20,13,0.05156233886769104,0.16499948437661133,0.8456223574301331,2.206868103537176,29.772094462204805,10.99309064659173,6.311230277405383,5.785294420954934,5.527482726616479,6.15654326080231,32.18521192121275,0.0
./Eplus-env-08-19_thermostat_rbc_eco_year_2023_case_7_rep_0_zone_0_onoffseed_15_tempseed_42_comforttemp_20_setbacktemp_15_paper2_final_runs_v4-res1,2023,7,0,0,15,42,20,15,2.289367845725482,4.25904919047128,5.774981953181396,5.98123130865216,10.157780756935136,27.596163761988247,6.84747860162937,6.290605341858306,6.063731050840466,5.084046612354336,19.377126946478292,0.27843662988553164
./Eplus-env-08-19_thermostat_rbc_eco_year_2022_case_6_rep_0_zone_9_onoffseed_5_tempseed_42_comforttemp_19_setbacktemp_15_paper2_final_runs_v4-res1,2022,6,0,9,5,42,19,15,0.0,0.0,0.0,19.356502010931216,35.15520263999175,6.001856244199237,5.011859337939569,4.650922965865732,4.650922965865732,4.702485304733423,20.47024853047334,0.0
./Eplus-env-08-19_thermostat_rbc_eco_year_2022_case_3_rep_0_zone_9_onoffseed_5_tempseed_42_comforttemp_18_setbacktemp_15_paper2_final_runs_v4-res1,2022,3,0,9,5,42,18,15,0.0,0.06187480664122925,26.018356192636897,9.518407754975765,6.094668454161081,5.331545838919253,5.341858306692791,4.949984531298339,5.125296483448489,5.084046612354336,32.47396101887182,0.0
./Eplus-env-08-19_thermostat_rbc_eco_year_2023_case_4_rep_0_zone_9_onoffseed_5_tempseed_42_comforttemp_20_setbacktemp_15_paper2_final_runs_v4-res1,2023,4,0,9,5,42,20,15,0.0,0.0,0.10312467773538209,1.0106218418067443,33.60833247396101,11.075590388780036,6.73404145612045,5.331545838919253,5.022171805713107,5.888419098690316,31.226152418273696,0.0
./Eplus-env-08-19_thermostat_rbc_eco_year_2022_case_4_rep_0_zone_9_onoffseed_5_tempseed_42_comforttemp_20_setbacktemp_15_paper2_final_runs_v4-res1,2022,4,0,9,5,42,20,15,0.0,0.07218727441476745,0.23718675879137877,1.0209343095802825,31.597401258121067,10.776528823347427,5.991543776425699,5.785294420954934,6.259667938537692,5.847169227596163,32.412086212230584,0.0
./Eplus-env-08-19_thermostat_rbc_eco_year_2022_case_14_rep_0_zone_0_onoffseed_10_tempseed_42_comforttemp_20_setbacktemp_13_paper2_final_runs_v4-res1,2022,14,0,0,10,42,20,13,0.09281220996184388,0.2887490976590698,1.1343714550892028,2.567804475611014,15.53057646694854,16.15963700113437,9.539032690522841,6.589666907290914,6.630916778385068,6.527792100649686,34.85614107455915,0.08249974218830566
./Eplus-env-08-19_thermostat_rbc_eco_year_2023_case_13_rep_0_zone_0_onoffseed_15_tempseed_30_comforttemp_20_setbacktemp_15_paper2_final_runs_v4-res1,2023,13,0,0,15,30,20,15,0.07218727441476745,0.3918737753944519,1.1549963906362792,2.5884294111580903,6.053418583066928,23.275239764875735,14.550892028462412,7.259977312570898,5.919356502010931,5.98123130865216,32.74208518098381,0.010312467773538208
./Eplus-env-08-19_thermostat_rbc_eco_year_2022_case_14_rep_0_zone_0_onoffseed_15_tempseed_42_comforttemp_20_setbacktemp_15_paper2_final_runs_v4-res1,2022,14,0,0,15,42,20,15,0.16499948437661133,0.5362483242239868,1.4128080849747344,3.1556151387026916,14.922140868309786,15.551201402495618,9.425595545013921,6.981540682685367,6.857791069402907,6.04310611529339,34.90770341342683,0.04124987109415283
./Eplus-env-08-19_thermostat_rbc_eco_year_2022_case_8_rep_0_zone_0_onoffseed_15_tempseed_42_comforttemp_20_setbacktemp_15_paper2_final_runs_v4-res1,2022,8,0,0,15,42,20,15,0.3712488398473755,1.0106218418067443,2.567804475611014,4.166236980509436,18.840878622254305,13.272146024543673,7.734350830153655,6.620604310611529,5.98123130865216,5.692482210993091,33.70114468392286,0.04124987109415283
./Eplus-env-08-19_thermostat_rbc_eco_year_2023_case_5_rep_0_zone_0_onoffseed_5_tempseed_10_comforttemp_20_setbacktemp_15_paper2_final_runs_v4-res1,2023,5,0,0,5,10,20,15,0.0,0.0,0.0,0.0,0.0,0.07218727441476745,10.30215530576467,54.7901412808085,8.909972156337012,6.33185521295246,19.593688769722593,0.0
./Eplus-env-08-19_thermostat_rbc_eco_year_2023_case_4_rep_0_zone_0_onoffseed_5_tempseed_30_comforttemp_20_setbacktemp_17_paper2_final_runs_v4-res1,2023,4,0,0,5,30,20,17,0.0,0.0,0.0,0.0,0.7218727441476745,20.738372692585337,21.69743219552439,10.498092193461895,7.18779003815613,6.053418583066928,33.10302155305765,0.0
./Eplus-env-08-19_thermostat_rbc_eco_year_2022_case_5_rep_0_zone_0_onoffseed_5_tempseed_30_comforttemp_20_setbacktemp_13_paper2_final_runs_v4-res1,2022,5,0,0,5,30,20,13,0.0,0.0,0.0,0.020624935547076416,0.06187480664122925,10.023718675879138,49.81953181396308,8.239661751057028,5.847169227596163,5.579045065484171,20.408373723832113,0.0
./Eplus-env-08-19_thermostat_rbc_eco_year_2023_case_6_rep_0_zone_9_onoffseed_5_tempseed_42_comforttemp_21_setbacktemp_13_paper2_final_runs_v4-res1,2023,6,0,9,5,42,21,13,0.0,0.0,0.0,0.0,0.020624935547076416,3.4546767041352995,15.839950500154687,46.18954315767763,11.436526760853873,5.166546354542642,17.89213158708879,0.0
./Eplus-env-08-19_thermostat_rbc_eco_year_2023_case_5_rep_0_zone_9_onoffseed_5_tempseed_42_comforttemp_21_setbacktemp_17_paper2_final_runs_v4-res1,2023,5,0,9,5,42,21,17,0.0,0.0,0.0,0.0,0.0,25.760544498298444,39.32143962050119,6.703104052799835,6.001856244199237,5.187171290089719,17.02588429411158,0.0
./Eplus-env-08-19_thermostat_rbc_eco_year_2022_case_11_rep_0_zone_0_onoffseed_10_tempseed_15_comforttemp_20_setbacktemp_13_paper2_final_runs_v4-res1,2022,11,0,0,10,15,20,13,0.4021862431679901,0.7528101474682891,2.0624935547076415,3.217489945343921,3.8156130762091367,3.4856141074559144,4.032174899453439,17.789006909353407,31.236464886047234,8.600598123130865,24.17242446117356,0.43312364648860474
./Eplus-env-08-19_thermostat_rbc_eco_year_2022_case_2_rep_0_zone_0_onoffseed_15_tempseed_42_comforttemp_20_setbacktemp_15_paper2_final_runs_v4-res1,2022,2,0,0,15,42,20,15,2.9081159121377747,4.197174383830051,5.331545838919253,5.084046612354336,8.11591213777457,30.44240486748479,6.32154274517892,5.321233371145715,4.527173352583273,4.908734660204187,22.419304939672063,0.42281117871506657
./Eplus-env-08-19_thermostat_rbc_eco_year_2022_case_2_rep_0_zone_0_onoffseed_15_tempseed_42_comforttemp_20_setbacktemp_17_paper2_final_runs_v4-res1,2022,2,0,0,15,42,20,17,0.0,1.09312158399505,9.683407239352377,6.888728472723522,7.961225121171496,30.55584201299371,6.744353923893988,5.630607404351862,4.8468598535629575,5.661544807672476,20.934309580282562,0.0
./Eplus-env-08-19_thermostat_rbc_eco_year_2022_case_3_rep_0_zone_0_onoffseed_5_tempseed_42_comforttemp_20_setbacktemp_15_paper2_final_runs_v4-res1,2022,3,0,0,5,42,20,15,0.0,0.0,0.0,0.7115602763741363,23.038053006084354,16.139012065587295,8.34278642879241,6.909353408270599,6.001856244199237,5.970918840878622,32.886459729813346,0.0
./Eplus-env-08-19_thermostat_rbc_eco_year_2023_case_10_rep_0_zone_9_onoffseed_5_tempseed_42_comforttemp_19_setbacktemp_15_paper2_final_runs_v4-res1,2023,10,0,9,5,42,19,15,0.0,0.0,0.0,18.500567185727547,34.288955347014536,5.321233371145715,4.867484789110034,5.661544807672476,5.011859337939569,5.403733113334021,20.9446220480561,0.0
./Eplus-env-08-19_thermostat_rbc_eco_year_2022_case_2_rep_0_zone_0_onoffseed_15_tempseed_10_comforttemp_20_setbacktemp_15_paper2_final_runs_v4-res1,2022,2,0,0,15,10,20,15,1.2065587295039704,2.444054862328555,3.9496751572651334,4.754047643601114,5.393420645560482,4.7746725791481905,10.333092709085284,32.51521088996597,6.228730535217077,6.290605341858306,21.996493760956998,0.11343714550892028
./Eplus-env-08-19_thermostat_rbc_eco_year_2022_case_2_rep_0_zone_0_onoffseed_10_tempseed_42_comforttemp_20_setbacktemp_15_paper2_final_runs_v4-res1,2022,2,0,0,10,42,20,15,1.4128080849747344,3.1246777353820767,3.475301639682376,3.5165515107765293,7.167165102609055,36.310199030628034,6.723728988346911,5.702794678766629,4.970609466845416,5.042796741260184,22.295555326389604,0.2578116943384552
./Eplus-env-08-19_thermostat_rbc_eco_year_2022_case_6_rep_0_zone_0_onoffseed_15_tempseed_15_comforttemp_20_setbacktemp_13_paper2_final_runs_v4-res1,2022,6,0,0,15,15,20,13,0.5878106630916778,1.1343714550892028,2.6503042177993192,4.454986078168506,5.073734144580798,5.125296483448489,5.537795194390018,16.15963700113437,26.843353614519955,8.332473961018872,23.275239764875735,0.8249974218830567
./Eplus-env-08-19_thermostat_rbc_eco_year_2022_case_9_rep_0_zone_0_onoffseed_10_tempseed_42_comforttemp_20_setbacktemp_17_paper2_final_runs_v4-res1,2022,9,0,0,10,42,20,17,0.020624935547076416,0.09281220996184388,1.0312467773538208,2.619366814478705,15.99463751675776,16.922759616376197,8.940909559657625,6.764978859441065,6.795916262761679,6.249355470764153,34.567391976900076,0.0
./Eplus-env-08-19_thermostat_rbc_eco_year_2023_case_9_rep_0_zone_9_onoffseed_5_tempseed_42_comforttemp_20_setbacktemp_17_paper2_final_runs_v4-res1,2023,9,0,9,5,42,20,17,0.0,0.0,0.0,0.1443745488295349,16.5721357120759,25.21398370630092,8.146849541095184,6.775291327214602,5.496545323295865,5.414045581107559,32.23677426008044,0.0
./Eplus-env-08-19_thermostat_rbc_eco_year_2023_case_9_rep_0_zone_0_onoffseed_15_tempseed_30_comforttemp_20_setbacktemp_15_paper2_final_runs_v4-res1,2023,9,0,0,15,30,20,15,0.0,0.2578116943384552,0.5259358564504486,1.9078065381045684,4.3415489326595855,18.46962978240693,17.861194183768177,10.147468289161596,7.394039393626894,5.836856759822625,33.25770856966072,0.0
./Eplus-env-08-19_thermostat_rbc_eco_year_2023_case_11_rep_0_zone_0_onoffseed_10_tempseed_30_comforttemp_20_setbacktemp_17_paper2_final_runs_v4-res1,2023,11,0,0,10,30,20,17,0.0,0.6496854697329071,4.3724863359802,5.960606373105084,4.073424770547592,10.17840569248221,36.38238630504279,7.744663297927194,6.517479632876147,5.671857275446015,18.449004846859854,0.0
./Eplus-env-08-19_thermostat_rbc_eco_year_2023_case_11_rep_0_zone_0_onoffseed_15_tempseed_42_comforttemp_20_setbacktemp_17_paper2_final_runs_v4-res1,2023,11,0,0,15,42,20,17,0.0,1.5571826338042694,9.301845931731464,7.9715375889450355,8.404661235433638,30.349592657522944,7.125915231514901,6.579354439517377,5.7131071465401675,5.259358564504486,17.737444570485717,0.0
./Eplus-env-08-19_thermostat_rbc_eco_year_2022_case_11_rep_0_zone_0_onoffseed_10_tempseed_42_comforttemp_20_setbacktemp_15_paper2_final_runs_v4-res1,2022,11,0,0,10,42,20,15,1.7015571826338043,3.217489945343921,3.68155099515314,3.6609260596060635,10.694029081159123,32.82458492317212,6.816541198308755,5.939981437558008,5.032484273486645,5.042796741260184,21.181808806847478,0.20624935547076417
./Eplus-env-08-19_thermostat_rbc_eco_year_2022_case_11_rep_0_zone_0_onoffseed_5_tempseed_10_comforttemp_20_setbacktemp_15_paper2_final_runs_v4-res1,2022,11,0,0,5,10,20,15,0.0,0.0,0.0,0.0,0.0,0.020624935547076416,12.777147571413838,48.97390945653295,8.63153552645148,6.6515417139321436,22.945240796122512,0.0
./Eplus-env-08-19_thermostat_rbc_eco_year_2022_case_10_rep_0_zone_9_onoffseed_5_tempseed_42_comforttemp_19_setbacktemp_15_paper2_final_runs_v4-res1,2022,10,0,9,5,42,19,15,0.0,0.0,0.0,17.747757038259255,33.61864494173455,5.310920903372177,5.001546870166031,4.176549448282974,4.568423223677426,5.207796225636795,24.368361348870785,0.0
./Eplus-env-08-19_thermostat_rbc_eco_year_2022_case_10_rep_0_zone_0_onoffseed_10_tempseed_30_comforttemp_20_setbacktemp_15_paper2_final_runs_v4-res1,2022,10,0,0,10,30,20,15,0.7940600185624419,1.990306280292874,3.021553057646695,3.27936475198515,3.39280189749407,10.99309064659173,33.59802000618748,6.6721666494792204,5.702794678766629,5.795606888728472,24.677735382076932,0.09281220996184388
./Eplus-env-08-19_thermostat_rbc_eco_year_2022_case_7_rep_0_zone_0_onoffseed_10_tempseed_42_comforttemp_20_setbacktemp_17_paper2_final_runs_v4-res1,2022,7,0,0,10,42,20,17,0.0,0.9693719707125915,5.847169227596163,4.650922965865732,9.858719191502527,34.876766010106216,6.6515417139321436,5.764669485407858,5.197483757863257,5.197483757863257,20.985871919150252,0.0
./Eplus-env-08-19_thermostat_rbc_eco_year_2023_case_14_rep_0_zone_0_onoffseed_10_tempseed_15_comforttemp_20_setbacktemp_17_paper2_final_runs_v4-res1,2023,14,0,0,10,15,20,17,0.0,0.0,0.06187480664122925,0.3918737753944519,0.8765597607507477,2.681241621119934,5.053109209033722,25.09023409301846,20.181499432814274,8.693410333092709,36.97019696813447,0.0
./Eplus-env-08-19_thermostat_rbc_eco_year_2022_case_2_rep_0_zone_0_onoffseed_10_tempseed_15_comforttemp_20_setbacktemp_15_paper2_final_runs_v4-res1,2022,2,0,0,10,15,20,15,0.43312364648860474,0.6806228730535218,1.9696813447457977,3.134990203155615,3.9703000928122103,3.3618644941734557,3.8568629473032896,11.16840259874188,40.64143549551408,7.208414973703207,23.512426523667113,0.06187480664122925
./Eplus-env-08-19_thermostat_rbc_eco_year_2023_case_2_rep_0_zone_0_onoffseed_15_tempseed_10_comforttemp_20_setbacktemp_15_paper2_final_runs_v4-res1,2023,2,0,0,15,10,20,15,1.0209343095802825,2.1862431679901,3.7743632051149842,5.661544807672476,6.115293389708157,4.537485820356811,8.817159946375169,35.08301536557698,7.342477054759204,5.7131071465401675,19.63493864081675,0.11343714550892028
./Eplus-env-08-19_thermostat_rbc_eco_year_2022_case_13_rep_0_zone_9_onoffseed_5_tempseed_42_comforttemp_20_setbacktemp_15_paper2_final_runs_v4-res1,2022,13,0,9,5,42,20,15,0.0,0.0,0.010312467773538208,0.21656182324430237,33.690832216149325,10.828091162215118,6.1668557285758485,5.86779416314324,5.022171805713107,5.414045581107559,32.78333505207796,0.0
./Eplus-env-08-19_thermostat_rbc_eco_year_2022_case_1_rep_0_zone_0_onoffseed_5_tempseed_42_comforttemp_20_setbacktemp_13_paper2_final_runs_v4-res1,2022,1,0,0,5,42,20,13,0.0,0.0,0.0,0.0,5.424358048881097,48.67484789110034,7.827163040115499,6.33185521295246,5.362483242239868,5.362483242239868,21.016809322470866,0.0
./Eplus-env-08-19_thermostat_rbc_eco_year_2023_case_1_rep_0_zone_0_onoffseed_15_tempseed_10_comforttemp_20_setbacktemp_13_paper2_final_runs_v4-res1,2023,1,0,0,15,10,20,13,1.247808600598123,1.8562441992368772,3.6403011240589875,6.218418067443539,5.548107662163556,4.052799835000516,8.280911622151182,36.15551201402496,7.36310199030628,6.249355470764153,18.727441476745383,0.6599979375064453
./Eplus-env-08-18_thermostat_rbc_eco_year_2022_case_0_rep_0_zone_0_onoffseed_5_tempseed_15_comforttemp_20_setbacktemp_17_paper2_final_runs_v4-res1,2022,0,0,0,5,15,20,17,0.0,0.0,0.0,0.0,0.0,0.0,0.0,7.847787975662576,62.792616273074145,7.569351345777045,21.790244405486234,0.0
./Eplus-env-08-18_thermostat_rbc_eco_year_2023_case_0_rep_0_zone_0_onoffseed_5_tempseed_15_comforttemp_20_setbacktemp_13_paper2_final_runs_v4-res1,2023,0,0,0,5,15,20,13,0.0,0.0,0.0,0.0,0.0,0.0,0.0,6.713416520573373,65.66979478189131,8.064349798906878,19.55243889862844,0.0
./Eplus-env-08-19_thermostat_rbc_eco_year_2023_case_11_rep_0_zone_0_onoffseed_10_tempseed_15_comforttemp_20_setbacktemp_15_paper2_final_runs_v4-res1,2023,11,0,0,10,15,20,15,0.27843662988553164,0.6393730019593689,1.041559245127359,2.4749922656491696,3.8362380117562136,4.403423739300814,3.908425286170981,5.001546870166031,21.43962050118593,33.91770650716717,23.058677941631434,0.0
./Eplus-env-08-19_thermostat_rbc_eco_year_2022_case_14_rep_0_zone_9_onoffseed_5_tempseed_42_comforttemp_21_setbacktemp_15_paper2_final_runs_v4-res1,2022,14,0,9,5,42,21,15,0.0,0.010312467773538208,0.05156233886769104,0.38156130762091367,1.732494585954419,23.440239249252347,20.707435289264723,6.414354955140765,6.579354439517377,6.352480148499535,34.330205218108695,0.0
./Eplus-env-08-19_thermostat_rbc_eco_year_2022_case_13_rep_0_zone_0_onoffseed_15_tempseed_10_comforttemp_20_setbacktemp_17_paper2_final_runs_v4-res1,2022,13,0,0,15,10,20,17,0.020624935547076416,0.1443745488295349,0.6703104052799835,1.5984325048984223,3.4340517685882235,6.703104052799835,23.017428070537278,13.880581623182428,7.961225121171496,6.775291327214602,35.79457564195112,0.0
./Eplus-env-08-19_thermostat_rbc_eco_year_2023_case_2_rep_0_zone_0_onoffseed_10_tempseed_30_comforttemp_20_setbacktemp_13_paper2_final_runs_v4-res1,2023,2,0,0,10,30,20,13,0.8249974218830567,2.1553057646694853,3.0524904609673094,4.7746725791481905,3.980612560585748,7.1568526348355155,38.86769103846551,7.208414973703207,6.496854697329072,5.321233371145715,19.593688769722593,0.5671857275446014
./Eplus-env-08-19_thermostat_rbc_eco_year_2023_case_2_rep_0_zone_0_onoffseed_15_tempseed_10_comforttemp_20_setbacktemp_13_paper2_final_runs_v4-res1,2023,2,0,0,15,10,20,13,1.0621841806744354,1.876869134783954,3.8568629473032896,5.589357533257709,5.950293905331546,4.166236980509436,9.229658657316696,34.4952047024853,7.9715375889450355,6.115293389708157,19.366814478704754,0.31968650097968443
./Eplus-env-08-19_thermostat_rbc_eco_year_2023_case_2_rep_0_zone_0_onoffseed_5_tempseed_10_comforttemp_20_setbacktemp_17_paper2_final_runs_v4-res1,2023,2,0,0,5,10,20,17,0.0,0.0,0.0,0.0,0.0,0.0,7.022790553779519,57.43013303083428,8.621223058677941,6.094668454161081,20.83118490254718,0.0
./Eplus-env-08-19_thermostat_rbc_eco_year_2022_case_12_rep_0_zone_0_onoffseed_10_tempseed_30_comforttemp_20_setbacktemp_13_paper2_final_runs_v4-res1,2022,12,0,0,10,30,20,13,0.7837475507889038,1.6499948437661134,3.3824894297205326,3.8878003506239045,3.464989171908838,12.993709394658143,31.06115293389708,8.033412395586263,6.1668557285758485,5.6409198721254,22.4296174074456,0.5053109209033722
./Eplus-env-08-19_thermostat_rbc_eco_year_2023_case_9_rep_0_zone_9_onoffseed_5_tempseed_42_comforttemp_20_setbacktemp_15_paper2_final_runs_v4-res1,2023,9,0,9,5,42,20,15,0.0,0.0,0.07218727441476745,0.41249871094152835,25.399608126224603,17.170258842941116,7.507476539135816,6.04310611529339,5.630607404351862,5.176858822316181,32.58739816438074,0.0
./Eplus-env-08-19_thermostat_rbc_eco_year_2023_case_5_rep_0_zone_0_onoffseed_15_tempseed_30_comforttemp_20_setbacktemp_17_paper2_final_runs_v4-res1,2023,5,0,0,15,30,20,17,0.0,1.3303083427864288,7.641538620191812,7.5487264102299685,5.218108693410333,8.63153552645148,32.154274517892134,7.65185108796535,6.630916778385068,5.249046096730948,17.94369392595648,0.0
./Eplus-env-08-19_thermostat_rbc_eco_year_2022_case_9_rep_0_zone_0_onoffseed_5_tempseed_42_comforttemp_20_setbacktemp_15_paper2_final_runs_v4-res1,2022,9,0,0,5,42,20,15,0.0,0.0,0.0,0.19593688769722595,13.99401876869135,18.799628751160153,10.9312158399505,7.414664329173972,7.507476539135816,6.6102918428379915,34.54676704135299,0.0
./Eplus-env-08-19_thermostat_rbc_eco_year_2023_case_5_rep_0_zone_0_onoffseed_15_tempseed_30_comforttemp_20_setbacktemp_13_paper2_final_runs_v4-res1,2023,5,0,0,15,30,20,13,1.4643704238424256,3.217489945343921,4.7849850469217285,6.125605857481696,4.7746725791481905,10.41559245127359,30.05053109209034,7.806538104568424,6.507167165102609,5.207796225636795,18.335567701350932,1.3096834072393524
./Eplus-env-08-19_thermostat_rbc_eco_year_2022_case_4_rep_0_zone_0_onoffseed_5_tempseed_10_comforttemp_20_setbacktemp_15_paper2_final_runs_v4-res1,2022,4,0,0,5,10,20,15,0.0,0.0,0.0,0.0,0.010312467773538208,0.9074971640713623,26.998040631123025,18.541817056821696,9.569970093843457,7.569351345777045,36.40301124058987,0.0
./Eplus-env-08-19_thermostat_rbc_eco_year_2022_case_2_rep_0_zone_9_onoffseed_5_tempseed_42_comforttemp_18_setbacktemp_15_paper2_final_runs_v4-res1,2022,2,0,9,5,42,18,15,0.0,0.0,13.63308239661751,35.05207796225637,6.1668557285758485,5.403733113334021,4.630298030318655,4.7746725791481905,4.712797772506961,4.609673094771579,21.016809322470866,0.0
./Eplus-env-08-19_thermostat_rbc_eco_year_2023_case_14_rep_0_zone_0_onoffseed_10_tempseed_15_comforttemp_20_setbacktemp_15_paper2_final_runs_v4-res1,2023,14,0,0,10,15,20,15,0.0,0.020624935547076416,0.11343714550892028,0.32999896875322265,0.989996906259668,2.9596782510054656,4.743735175827576,24.409611219964937,20.893059709188407,9.32247086727854,36.217386820666185,0.0
./Eplus-env-08-19_thermostat_rbc_eco_year_2022_case_14_rep_0_zone_9_onoffseed_5_tempseed_42_comforttemp_19_setbacktemp_15_paper2_final_runs_v4-res1,2022,14,0,9,5,42,19,15,0.0,0.010312467773538208,0.17531195215014952,9.518407754975765,23.718675879137876,7.889037846756729,6.455604826234918,6.032793647519852,6.1977931318964625,5.785294420954934,34.21676807259978,0.0
./Eplus-env-08-19_thermostat_rbc_eco_year_2022_case_10_rep_0_zone_9_onoffseed_5_tempseed_42_comforttemp_20_setbacktemp_15_paper2_final_runs_v4-res1,2022,10,0,9,5,42,20,15,0.0,0.0,0.0,0.0,26.86397855006703,29.80303186552542,5.7234196143137055,4.8365473857894195,4.764360111374652,5.135608951222028,22.873053521707746,0.0
./Eplus-env-08-19_thermostat_rbc_eco_year_2022_case_7_rep_0_zone_9_onoffseed_5_tempseed_42_comforttemp_21_setbacktemp_15_paper2_final_runs_v4-res1,2022,7,0,9,5,42,21,15,0.0,0.0,0.0,0.0,0.0,35.18614004331236,27.02897803444364,6.290605341858306,5.104671547901413,5.2696710322780245,21.11993400020625,0.0
./Eplus-env-08-19_thermostat_rbc_eco_year_2023_case_10_rep_0_zone_0_onoffseed_5_tempseed_30_comforttemp_20_setbacktemp_15_paper2_final_runs_v4-res1,2023,10,0,0,5,30,20,15,0.0,0.0,0.0,0.0,0.0,7.919975250077344,49.61328245849232,8.538723316489635,6.476229761781995,6.104980921934619,21.34680829122409,0.0
./Eplus-env-08-19_thermostat_rbc_eco_year_2023_case_9_rep_0_zone_9_onoffseed_5_tempseed_42_comforttemp_18_setbacktemp_17_paper2_final_runs_v4-res1,2023,9,0,9,5,42,18,17,0.0,0.07218727441476745,13.75683200989997,13.426833041146747,9.250283592863774,8.095287202227492,7.218727441476745,5.7440445498607815,5.7337320820872435,5.207796225636795,31.494276580385687,0.0
./Eplus-env-08-19_thermostat_rbc_eco_year_2022_case_13_rep_0_zone_0_onoffseed_10_tempseed_30_comforttemp_20_setbacktemp_17_paper2_final_runs_v4-res1,2022,13,0,0,10,30,20,17,0.010312467773538208,0.07218727441476745,0.742497679694751,2.2171805713107147,3.8156130762091367,24.378673816644323,13.323708363411365,8.146849541095184,6.486542229555532,6.15654326080231,34.64989171908838,0.0
./Eplus-env-08-19_thermostat_rbc_eco_year_2023_case_13_rep_0_zone_0_onoffseed_15_tempseed_42_comforttemp_20_setbacktemp_17_paper2_final_runs_v4-res1,2023,13,0,0,15,42,20,17,0.0,0.3403114365267609,2.3615551201402494,5.372795710013406,22.15118077756007,13.98370630091781,7.445601732494586,5.3006084355986385,5.548107662163556,5.620294936578323,31.875837888006597,0.0
./Eplus-env-08-18_thermostat_rbc_eco_year_2023_case_0_rep_0_zone_0_onoffseed_15_tempseed_30_comforttemp_20_setbacktemp_13_paper2_final_runs_v4-res1,2023,0,0,0,15,30,20,13,1.876869134783954,3.4856141074559144,4.898422192430648,6.362792616273075,4.454986078168506,7.074352892647211,34.51582963803238,7.208414973703207,6.507167165102609,5.661544807672476,16.541198308755284,1.4128080849747344
./Eplus-env-08-19_thermostat_rbc_eco_year_2023_case_6_rep_0_zone_0_onoffseed_15_tempseed_15_comforttemp_20_setbacktemp_13_paper2_final_runs_v4-res1,2023,6,0,0,15,15,20,13,0.8353098896565948,1.340620810559967,2.3099927812725585,4.578735691450964,6.239043002990615,5.671857275446015,4.8056099824688046,16.3555738888316,28.792410023718677,8.033412395586263,20.48056099824688,0.5568732597710633
./Eplus-env-08-18_thermostat_rbc_eco_year_2023_case_0_rep_0_zone_0_onoffseed_15_tempseed_10_comforttemp_20_setbacktemp_13_paper2_final_runs_v4-res1,2023,0,0,0,15,10,20,13,1.2374961328245848,2.227493039084253,3.959987625038672,5.950293905331546,5.558420129937094,3.9496751572651334,8.095287202227492,37.073321645869854,7.713725894606579,6.04310611529339,17.50025781169434,0.6909353408270599
./Eplus-env-08-19_thermostat_rbc_eco_year_2022_case_8_rep_0_zone_0_onoffseed_15_tempseed_30_comforttemp_20_setbacktemp_15_paper2_final_runs_v4-res1,2022,8,0,0,15,30,20,15,0.2887490976590698,0.6909353408270599,1.1756213261833557,2.691554088893472,5.197483757863257,21.43962050118593,14.117768381973805,7.785913169021347,6.434979890687842,5.795606888728472,34.34051768588223,0.04124987109415283
./Eplus-env-08-19_thermostat_rbc_eco_year_2023_case_7_rep_0_zone_9_onoffseed_5_tempseed_42_comforttemp_21_setbacktemp_13_paper2_final_runs_v4-res1,2023,7,0,9,5,42,21,13,0.0,0.0,0.0,0.0,0.010312467773538208,7.167165102609055,18.68619160565123,40.734247705475916,8.775910075281015,4.8571723213364955,19.769000721872747,0.0
./Eplus-env-08-19_thermostat_rbc_eco_year_2023_case_3_rep_0_zone_9_onoffseed_5_tempseed_42_comforttemp_18_setbacktemp_17_paper2_final_runs_v4-res1,2023,3,0,9,5,42,18,17,0.0,0.1546870166030731,19.63493864081675,16.16994946890791,7.5487264102299685,5.764669485407858,5.444982984428174,4.248736722697742,4.619985562545117,5.579045065484171,30.83427864287924,0.0
./Eplus-env-08-19_thermostat_rbc_eco_year_2023_case_12_rep_0_zone_0_onoffseed_15_tempseed_10_comforttemp_20_setbacktemp_15_paper2_final_runs_v4-res1,2023,12,0,0,15,10,20,15,0.8662472929772095,2.0212436836134886,3.8156130762091367,5.156233886769104,6.208105599670001,4.733422708054038,14.37558007631226,27.575538826441164,8.45622357430133,6.1977931318964625,20.511498401567497,0.08249974218830566
./Eplus-env-08-18_thermostat_rbc_eco_year_2023_case_0_rep_0_zone_0_onoffseed_15_tempseed_42_comforttemp_20_setbacktemp_13_paper2_final_runs_v4-res1,2023,0,0,0,15,42,20,13,2.495617201196246,4.3415489326595855,5.7440445498607815,5.331545838919253,6.32154274517892,32.97927193977519,7.064040424873673,6.094668454161081,6.053418583066928,4.723110240280499,16.891822213055583,1.9593688769722597
./Eplus-env-08-19_thermostat_rbc_eco_year_2023_case_8_rep_0_zone_0_onoffseed_5_tempseed_10_comforttemp_20_setbacktemp_15_paper2_final_runs_v4-res1,2023,8,0,0,5,10,20,15,0.0,0.0,0.0,0.0,0.0,0.5156233886769104,34.093018459317314,16.582448179849436,7.641538620191812,6.507167165102609,34.66020418686192,0.0
./Eplus-env-08-19_thermostat_rbc_eco_year_2022_case_2_rep_0_zone_0_onoffseed_15_tempseed_15_comforttemp_20_setbacktemp_13_paper2_final_runs_v4-res1,2022,2,0,0,15,15,20,13,0.546560791997525,1.3303083427864288,2.6606166855728577,4.7952975146952665,5.114984015674951,5.156233886769104,4.589048159224503,11.477776631948025,33.31958337630195,6.929978343817676,23.60523873362896,0.47437351758275753
./Eplus-env-08-19_thermostat_rbc_eco_year_2022_case_8_rep_0_zone_0_onoffseed_5_tempseed_15_comforttemp_20_setbacktemp_13_paper2_final_runs_v4-res1,2022,8,0,0,5,15,20,13,0.0,0.0,0.0,0.0,0.0,0.0,0.6806228730535218,34.95926575229452,16.85057234196143,9.095596576260698,38.41394245642982,0.0
./Eplus-env-08-19_thermostat_rbc_eco_year_2023_case_1_rep_0_zone_0_onoffseed_15_tempseed_42_comforttemp_20_setbacktemp_15_paper2_final_runs_v4-res1,2023,1,0,0,15,42,20,15,2.815303702175931,4.568423223677426,6.1771681963493865,6.26998040631123,6.744353923893988,31.329277096009072,6.84747860162937,6.342167680725998,6.032793647519852,5.23873362895741,17.25275858512942,0.38156130762091367
./Eplus-env-08-19_thermostat_rbc_eco_year_2023_case_7_rep_0_zone_0_onoffseed_10_tempseed_15_comforttemp_20_setbacktemp_13_paper2_final_runs_v4-res1,2023,7,0,0,10,15,20,13,0.3918737753944519,0.7218727441476745,1.443745488295349,3.145302670929153,4.444673610394967,4.743735175827576,3.6093637207383726,17.50025781169434,32.42239868000413,9.054346705166546,22.30586779416314,0.21656182324430237
./Eplus-env-08-19_thermostat_rbc_eco_year_2022_case_11_rep_0_zone_0_onoffseed_15_tempseed_30_comforttemp_20_setbacktemp_13_paper2_final_runs_v4-res1,2022,11,0,0,15,30,20,13,1.392183149427658,2.887490976590698,4.454986078168506,4.929359595751263,4.919047127977725,13.622769928843972,26.472104774672577,7.775600701247809,5.857481695369702,5.341858306692791,21.202433742394554,1.144683922862741
./Eplus-env-08-19_thermostat_rbc_eco_year_2022_case_4_rep_0_zone_9_onoffseed_5_tempseed_42_comforttemp_20_setbacktemp_17_paper2_final_runs_v4-res1,2022,4,0,9,5,42,20,17,0.0,0.0,0.0,0.05156233886769104,10.116530885840982,32.07177477570383,6.857791069402907,6.1771681963493865,6.074043518614005,6.074043518614005,32.5770856966072,0.0
./Eplus-env-08-19_thermostat_rbc_eco_year_2023_case_4_rep_0_zone_9_onoffseed_5_tempseed_42_comforttemp_20_setbacktemp_17_paper2_final_runs_v4-res1,2023,4,0,9,5,42,20,17,0.0,0.0,0.0,0.07218727441476745,12.31308652160462,32.47396101887182,7.703413426833042,5.86779416314324,5.249046096730948,5.403733113334021,30.916778385067545,0.0
./Eplus-env-08-19_thermostat_rbc_eco_year_2022_case_7_rep_0_zone_0_onoffseed_15_tempseed_10_comforttemp_20_setbacktemp_17_paper2_final_runs_v4-res1,2022,7,0,0,15,10,20,17,0.0,0.742497679694751,5.187171290089719,5.609982468804785,5.414045581107559,4.434361142621429,15.107765288233473,26.709291533463958,7.259977312570898,6.342167680725998,23.19274002268743,0.0
./Eplus-env-08-19_thermostat_rbc_eco_year_2022_case_7_rep_0_zone_9_onoffseed_5_tempseed_42_comforttemp_18_setbacktemp_15_paper2_final_runs_v4-res1,2022,7,0,9,5,42,18,15,0.0,0.0,12.962771991337526,35.44395173765082,6.094668454161081,5.114984015674951,4.88810972465711,4.516860884809735,4.568423223677426,4.877797256883572,21.532432711147777,0.0
./Eplus-env-08-19_thermostat_rbc_eco_year_2023_case_7_rep_0_zone_0_onoffseed_5_tempseed_30_comforttemp_20_setbacktemp_15_paper2_final_runs_v4-res1,2023,7,0,0,5,30,20,15,0.0,0.0,0.0,0.0,0.0,10.18871816025575,47.818913065896666,8.734660204186861,6.981540682685367,5.764669485407858,20.511498401567497,0.0
./Eplus-env-08-19_thermostat_rbc_eco_year_2023_case_6_rep_0_zone_0_onoffseed_5_tempseed_10_comforttemp_20_setbacktemp_15_paper2_final_runs_v4-res1,2023,6,0,0,5,10,20,15,0.0,0.0,0.0,0.0,0.0,0.0,11.766525729607096,52.70702279055378,8.92028462411055,6.579354439517377,20.026812416211197,0.0
./Eplus-env-08-19_thermostat_rbc_eco_year_2023_case_5_rep_0_zone_0_onoffseed_15_tempseed_42_comforttemp_20_setbacktemp_15_paper2_final_runs_v4-res1,2023,5,0,0,15,42,20,15,3.0421779931937714,4.217799319377127,6.104980921934619,5.857481695369702,8.590285655357327,30.225843044240484,7.18779003815613,6.280292874084768,5.919356502010931,5.207796225636795,16.86088480973497,0.5053109209033722
./Eplus-env-08-19_thermostat_rbc_eco_year_2023_case_10_rep_0_zone_9_onoffseed_5_tempseed_42_comforttemp_20_setbacktemp_13_paper2_final_runs_v4-res1,2023,10,0,9,5,42,20,13,0.0,0.0,0.0,0.0,2.124368361348871,14.014643704238425,41.99236877384758,10.219655563576364,5.579045065484171,5.6409198721254,20.42899865937919,0.0
./Eplus-env-08-19_thermostat_rbc_eco_year_2023_case_1_rep_0_zone_0_onoffseed_10_tempseed_42_comforttemp_20_setbacktemp_15_paper2_final_runs_v4-res1,2023,1,0,0,10,42,20,15,1.825306795916263,3.1762400742497676,4.3312364648860475,4.506548417036197,6.135918325255234,38.12519335877075,7.064040424873673,6.373105084046612,6.063731050840466,5.176858822316181,16.98463442301743,0.23718675879137877
./Eplus-env-08-19_thermostat_rbc_eco_year_2022_case_1_rep_0_zone_9_onoffseed_5_tempseed_42_comforttemp_21_setbacktemp_13_paper2_final_runs_v4-res1,2022,1,0,9,5,42,21,13,0.0,0.0,0.0,0.0,0.0,9.869031659276065,15.726513354645766,39.99175002578117,9.178096318449006,5.372795710013406,19.86181293183459,0.0
./Eplus-env-08-19_thermostat_rbc_eco_year_2022_case_1_rep_0_zone_9_onoffseed_5_tempseed_42_comforttemp_20_setbacktemp_13_paper2_final_runs_v4-res1,2022,1,0,9,5,42,20,13,0.0,0.0,0.0,0.0,5.7234196143137055,15.107765288233473,38.238630504279676,10.487779725688357,5.135608951222028,5.011859337939569,20.294936578323192,0.0
./Eplus-env-08-19_thermostat_rbc_eco_year_2023_case_11_rep_0_zone_9_onoffseed_5_tempseed_42_comforttemp_21_setbacktemp_17_paper2_final_runs_v4-res1,2023,11,0,9,5,42,21,17,0.0,0.0,0.0,0.0,0.0,29.63803238114881,35.51613901206559,6.362792616273075,5.919356502010931,4.692172836959885,17.871506651541715,0.0
./Eplus-env-08-19_thermostat_rbc_eco_year_2023_case_9_rep_0_zone_0_onoffseed_10_tempseed_15_comforttemp_20_setbacktemp_13_paper2_final_runs_v4-res1,2023,9,0,0,10,15,20,13,0.0,0.020624935547076416,0.08249974218830566,0.32999896875322265,1.144683922862741,2.3924925234608643,4.867484789110034,25.461482932865838,19.882437867381665,9.085284108487162,36.7330102093431,0.0
./Eplus-env-08-19_thermostat_rbc_eco_year_2022_case_10_rep_0_zone_9_onoffseed_5_tempseed_42_comforttemp_20_setbacktemp_13_paper2_final_runs_v4-res1,2022,10,0,9,5,42,20,13,0.0,0.0,0.0,0.0,29.101784056924824,27.183665051046717,5.548107662163556,4.7746725791481905,4.8262349180158814,5.352170774466329,23.213364958234507,0.0
./Eplus-env-08-19_thermostat_rbc_eco_year_2022_case_5_rep_0_zone_0_onoffseed_15_tempseed_15_comforttemp_20_setbacktemp_15_paper2_final_runs_v4-res1,2022,5,0,0,15,15,20,15,1.2168711972775086,1.6603073115396514,2.9596782510054656,4.3415489326595855,5.166546354542642,5.23873362895741,5.3006084355986385,15.716200886872228,27.688975971950086,7.950912653397959,22.532742085180985,0.22687429101784057
./Eplus-env-08-19_thermostat_rbc_eco_year_2022_case_6_rep_0_zone_0_onoffseed_15_tempseed_30_comforttemp_20_setbacktemp_13_paper2_final_runs_v4-res1,2022,6,0,0,15,30,20,13,1.3303083427864288,2.928740847684851,4.568423223677426,5.032484273486645,4.712797772506961,13.272146024543673,26.9361658244818,7.394039393626894,5.847169227596163,5.909044034237393,20.83118490254718,1.2374961328245848
./Eplus-env-08-19_thermostat_rbc_eco_year_2022_case_5_rep_0_zone_0_onoffseed_10_tempseed_10_comforttemp_20_setbacktemp_13_paper2_final_runs_v4-res1,2022,5,0,0,10,10,20,13,0.5568732597710633,1.4024956172011962,2.681241621119934,3.9703000928122103,3.8671754150768276,4.186861916056513,13.364958234505517,33.73208208724348,7.6002887490976585,6.744353923893988,21.06837166133856,0.8249974218830567
./Eplus-env-08-19_thermostat_rbc_eco_year_2023_case_7_rep_0_zone_9_onoffseed_5_tempseed_42_comforttemp_21_setbacktemp_15_paper2_final_runs_v4-res1,2023,7,0,9,5,42,21,15,0.0,0.0,0.0,0.0,0.0,2.99061565432608,18.624316799010003,46.045168608848094,8.198411879962874,5.042796741260184,19.098690316592762,0.0
./Eplus-env-08-19_thermostat_rbc_eco_year_2022_case_14_rep_0_zone_9_onoffseed_5_tempseed_42_comforttemp_18_setbacktemp_13_paper2_final_runs_v4-res1,2022,14,0,9,5,42,18,13,0.010312467773538208,0.18562441992368775,9.477157883881612,19.717438383005053,8.002474992265649,6.579354439517377,5.187171290089719,5.836856759822625,5.630607404351862,5.651232339898938,33.72176961946994,0.0
./Eplus-env-08-19_thermostat_rbc_eco_year_2022_case_14_rep_0_zone_0_onoffseed_15_tempseed_10_comforttemp_20_setbacktemp_17_paper2_final_runs_v4-res1,2022,14,0,0,15,10,20,17,0.0,0.04124987109415283,0.2887490976590698,0.8765597607507477,1.8459317314633392,4.444673610394967,12.70496029699907,24.110549654532328,10.322780241311747,8.012787460039188,37.35175827575539,0.0
./Eplus-env-08-19_thermostat_rbc_eco_year_2022_case_8_rep_0_zone_0_onoffseed_5_tempseed_15_comforttemp_20_setbacktemp_17_paper2_final_runs_v4-res1,2022,8,0,0,5,15,20,17,0.0,0.0,0.0,0.0,0.0,0.020624935547076416,0.6806228730535218,35.80488810972466,16.11838713004022,8.940909559657625,38.4345673919769,0.0
./Eplus-env-08-18_thermostat_rbc_eco_year_2023_case_0_rep_0_zone_9_onoffseed_5_tempseed_42_comforttemp_18_setbacktemp_17_paper2_final_runs_v4-res1,2023,0,0,9,5,42,18,17,0.0,0.0,13.50933278333505,37.37238321130246,5.589357533257709,5.764669485407858,5.218108693410333,5.805919356502011,5.228421161183872,4.8056099824688046,16.706197793131896,0.0
./Eplus-env-08-19_thermostat_rbc_eco_year_2022_case_8_rep_0_zone_0_onoffseed_10_tempseed_10_comforttemp_20_setbacktemp_15_paper2_final_runs_v4-res1,2022,8,0,0,10,10,20,15,0.1237496132824585,0.16499948437661133,0.29906156543260803,1.185933793956894,2.526554604516861,4.145612044962359,26.678354130143344,14.210580591935651,8.074662266680416,6.6824791172527584,35.8977003196865,0.010312467773538208
./Eplus-env-08-19_thermostat_rbc_eco_year_2022_case_7_rep_0_zone_0_onoffseed_15_tempseed_30_comforttemp_20_setbacktemp_15_paper2_final_runs_v4-res1,2022,7,0,0,15,30,20,15,1.4540579560688873,3.145302670929153,4.619985562545117,5.001546870166031,4.980921934618954,14.189955656388573,26.22460554810766,7.517789006909354,5.506857791069403,5.383108177786944,21.676807259977313,0.29906156543260803
./Eplus-env-08-19_thermostat_rbc_eco_year_2022_case_5_rep_0_zone_9_onoffseed_5_tempseed_42_comforttemp_20_setbacktemp_17_paper2_final_runs_v4-res1,2022,5,0,9,5,42,20,17,0.0,0.0,0.0,0.0,16.520573373208208,42.817366195730635,5.558420129937094,5.383108177786944,4.960296999071878,5.187171290089719,19.57306383417552,0.0
./Eplus-env-08-19_thermostat_rbc_eco_year_2023_case_5_rep_0_zone_0_onoffseed_10_tempseed_15_comforttemp_20_setbacktemp_13_paper2_final_runs_v4-res1,2023,5,0,0,10,15,20,13,0.6599979375064453,1.041559245127359,1.9696813447457977,3.464989171908838,4.382798803753738,4.3724863359802,3.6093637207383726,16.025574920078377,35.84613798081881,8.084974734453954,20.016499948437662,0.5259358564504486
./Eplus-env-08-19_thermostat_rbc_eco_year_2022_case_10_rep_0_zone_0_onoffseed_5_tempseed_15_comforttemp_20_setbacktemp_15_paper2_final_runs_v4-res1,2022,10,0,0,5,15,20,15,0.0,0.0,0.0,0.0,0.0,0.0,0.020624935547076416,12.60183561926369,51.0673404145612,8.97184696297824,27.33835206764979,0.0
./Eplus-env-08-19_thermostat_rbc_eco_year_2022_case_12_rep_0_zone_9_onoffseed_5_tempseed_42_comforttemp_21_setbacktemp_15_paper2_final_runs_v4-res1,2022,12,0,9,5,42,21,15,0.0,0.0,0.0,0.0,0.0,34.71176652572961,27.008353098896563,6.476229761781995,5.073734144580798,5.23873362895741,21.491182840053625,0.0
./Eplus-env-08-19_thermostat_rbc_eco_year_2022_case_14_rep_0_zone_9_onoffseed_5_tempseed_42_comforttemp_21_setbacktemp_17_paper2_final_runs_v4-res1,2022,14,0,9,5,42,21,17,0.0,0.0,0.0,0.08249974218830566,0.7940600185624419,33.21645869856656,12.044962359492626,6.6102918428379915,6.063731050840466,6.074043518614005,35.1139527688976,0.0
./Eplus-env-08-19_thermostat_rbc_eco_year_2022_case_1_rep_0_zone_0_onoffseed_5_tempseed_30_comforttemp_20_setbacktemp_17_paper2_final_runs_v4-res1,2022,1,0,0,5,30,20,17,0.0,0.0,0.0,0.0,0.0,6.290605341858306,52.05733732082087,8.301536557698256,5.929668969784469,5.774981953181396,21.6458698566567,0.0
./Eplus-env-08-19_thermostat_rbc_eco_year_2023_case_2_rep_0_zone_0_onoffseed_15_tempseed_42_comforttemp_20_setbacktemp_13_paper2_final_runs_v4-res1,2023,2,0,0,15,42,20,13,2.1656182324430238,3.4546767041352995,5.950293905331546,6.32154274517892,7.693100959059502,30.84459111065278,6.857791069402907,6.228730535217077,5.805919356502011,5.362483242239868,17.933381458182943,1.3818706816541197
./Eplus-env-08-19_thermostat_rbc_eco_year_2023_case_2_rep_0_zone_0_onoffseed_5_tempseed_42_comforttemp_20_setbacktemp_15_paper2_final_runs_v4-res1,2023,2,0,0,5,42,20,15,0.0,0.0,0.0,0.0,6.115293389708157,49.77828194286893,7.950912653397959,6.5587295039703,6.001856244199237,5.424358048881097,18.170568216974324,0.0
./Eplus-env-08-19_thermostat_rbc_eco_year_2023_case_4_rep_0_zone_0_onoffseed_15_tempseed_15_comforttemp_20_setbacktemp_17_paper2_final_runs_v4-res1,2023,4,0,0,15,15,20,17,0.0,0.04124987109415283,0.27843662988553164,0.6909353408270599,1.9284314736516448,4.145612044962359,7.094977828194287,25.997731257089825,16.67526038981128,7.899350314530267,35.2480148499536,0.0
./Eplus-env-08-19_thermostat_rbc_eco_year_2022_case_7_rep_0_zone_0_onoffseed_15_tempseed_30_comforttemp_20_setbacktemp_17_paper2_final_runs_v4-res1,2022,7,0,0,15,30,20,17,0.0,1.2271836650510468,6.73404145612045,6.001856244199237,5.125296483448489,12.457461070434155,27.95710013406208,6.5587295039703,6.125605857481696,5.785294420954934,22.027431164277612,0.0
./Eplus-env-08-19_thermostat_rbc_eco_year_2022_case_7_rep_0_zone_0_onoffseed_15_tempseed_15_comforttemp_20_setbacktemp_17_paper2_final_runs_v4-res1,2022,7,0,0,15,15,20,17,0.0,0.6187480664122924,3.2071774775703825,4.692172836959885,5.393420645560482,5.207796225636795,5.022171805713107,16.23182427554914,26.29679282252243,8.806847478601629,24.52304836547386,0.0
./Eplus-env-08-19_thermostat_rbc_eco_year_2023_case_13_rep_0_zone_0_onoffseed_15_tempseed_15_comforttemp_20_setbacktemp_13_paper2_final_runs_v4-res1,2023,13,0,0,15,15,20,13,0.010312467773538208,0.08249974218830566,0.2681241621119934,0.7837475507889038,2.2171805713107147,4.558110755903888,7.1052902959678255,25.82241930493967,15.809013096834073,8.466536042074868,34.876766010106216,0.0
./Eplus-env-08-19_thermostat_rbc_eco_year_2023_case_13_rep_0_zone_9_onoffseed_5_tempseed_42_comforttemp_19_setbacktemp_17_paper2_final_runs_v4-res1,2023,13,0,9,5,42,19,17,0.0,0.0,0.0,30.27740538310818,11.993400020624936,6.32154274517892,5.558420129937094,4.547798288130349,4.609673094771579,4.908734660204187,31.78302567804476,0.0
./Eplus-env-08-19_thermostat_rbc_eco_year_2023_case_1_rep_0_zone_0_onoffseed_10_tempseed_15_comforttemp_20_setbacktemp_13_paper2_final_runs_v4-res1,2023,1,0,0,10,15,20,13,0.494998453129834,1.0312467773538208,1.8665566670104154,3.5784263174177577,4.403423739300814,4.454986078168506,2.8359286377230073,9.539032690522841,44.21986181293183,7.002165618232444,20.408373723832113,0.16499948437661133
./Eplus-env-08-19_thermostat_rbc_eco_year_2023_case_1_rep_0_zone_0_onoffseed_10_tempseed_10_comforttemp_20_setbacktemp_13_paper2_final_runs_v4-res1,2023,1,0,0,10,10,20,13,0.6909353408270599,1.4128080849747344,2.9081159121377747,4.599360626998041,4.217799319377127,3.3515520263999177,7.909662782303806,43.0236155512014,7.631226152418273,5.970918840878622,18.015881200371247,0.2681241621119934
./Eplus-env-08-19_thermostat_rbc_eco_year_2023_case_12_rep_0_zone_9_onoffseed_5_tempseed_42_comforttemp_18_setbacktemp_15_paper2_final_runs_v4-res1,2023,12,0,9,5,42,18,15,0.0,0.0,13.98370630091781,36.54738578941941,5.073734144580798,5.001546870166031,5.06342167680726,5.2799835000515625,5.125296483448489,4.619985562545117,19.304939672063526,0.0
./Eplus-env-08-19_thermostat_rbc_eco_year_2023_case_1_rep_0_zone_0_onoffseed_5_tempseed_10_comforttemp_20_setbacktemp_13_paper2_final_runs_v4-res1,2023,1,0,0,5,10,20,13,0.0,0.0,0.0,0.0,0.0,0.0,6.775291327214602,59.472001649994844,8.414973703207178,6.465917294008457,18.87181602557492,0.0
./Eplus-env-08-19_thermostat_rbc_eco_year_2023_case_8_rep_0_zone_0_onoffseed_15_tempseed_42_comforttemp_20_setbacktemp_13_paper2_final_runs_v4-res1,2023,8,0,0,15,42,20,13,0.19593688769722595,0.7528101474682891,2.196555635763638,4.609673094771579,20.95493451582964,14.416829947406415,8.16747447664226,5.310920903372177,5.6409198721254,5.496545323295865,32.205836856759824,0.05156233886769104
./Eplus-env-08-19_thermostat_rbc_eco_year_2022_case_8_rep_0_zone_0_onoffseed_10_tempseed_30_comforttemp_20_setbacktemp_13_paper2_final_runs_v4-res1,2022,8,0,0,10,30,20,13,0.10312467773538209,0.1546870166030731,0.8353098896565948,1.8974940703310301,3.3412395586263792,24.51273589770032,13.859956687635352,8.497473445395483,6.455604826234918,6.465917294008457,33.773331958337636,0.10312467773538209
./Eplus-env-08-18_thermostat_rbc_eco_year_2023_case_0_rep_0_zone_0_onoffseed_10_tempseed_15_comforttemp_20_setbacktemp_17_paper2_final_runs_v4-res1,2023,0,0,0,10,15,20,17,0.0,0.494998453129834,2.691554088893472,4.166236980509436,4.867484789110034,3.8053006084355987,2.732803959987625,8.45622357430133,47.05579045065485,6.713416520573373,19.016190574404455,0.0
./Eplus-env-08-19_thermostat_rbc_eco_year_2022_case_7_rep_0_zone_0_onoffseed_10_tempseed_42_comforttemp_20_setbacktemp_15_paper2_final_runs_v4-res1,2022,7,0,0,10,42,20,15,1.49530782716304,3.0524904609673094,4.011549963906362,3.526863978550067,11.488089099721563,32.205836856759824,6.579354439517377,5.599670001031247,5.331545838919253,5.259358564504486,21.274621016809323,0.17531195215014952
./Eplus-env-08-19_thermostat_rbc_eco_year_2023_case_7_rep_0_zone_0_onoffseed_5_tempseed_42_comforttemp_20_setbacktemp_15_paper2_final_runs_v4-res1,2023,7,0,0,5,42,20,15,0.0,0.0,0.0,0.0,9.642157368258223,45.41610807466226,8.157162008868722,6.589666907290914,6.352480148499535,5.207796225636795,18.63462926678354,0.0
./Eplus-env-08-18_thermostat_rbc_eco_year_2023_case_0_rep_0_zone_0_onoffseed_15_tempseed_10_comforttemp_20_setbacktemp_17_paper2_final_runs_v4-res1,2023,0,0,0,15,10,20,17,0.0,1.1343714550892028,6.032793647519852,6.38341755182015,6.032793647519852,4.228111787150665,7.9715375889450355,38.13550582654429,7.528101474682892,5.692482210993091,16.86088480973497,0.0
./Eplus-env-08-19_thermostat_rbc_eco_year_2022_case_12_rep_0_zone_0_onoffseed_15_tempseed_10_comforttemp_20_setbacktemp_13_paper2_final_runs_v4-res1,2022,12,0,0,15,10,20,13,0.7321852119212128,1.7015571826338043,3.5474889140971433,4.939672063524801,5.218108693410333,4.7746725791481905,15.509951531401464,26.080230999278125,7.816850572341962,5.98123130865216,23.099927812725586,0.5981231308652161
./Eplus-env-08-19_thermostat_rbc_eco_year_2022_case_12_rep_0_zone_0_onoffseed_10_tempseed_42_comforttemp_20_setbacktemp_15_paper2_final_runs_v4-res1,2022,12,0,0,10,42,20,15,1.49530782716304,3.330927090852841,3.7434258017943693,3.722800866247293,11.271527276477261,31.360214499329693,6.754666391667525,5.568732597710632,5.2799835000515625,5.341858306692791,21.93461895431577,0.19593688769722595
./Eplus-env-08-19_thermostat_rbc_eco_year_2023_case_7_rep_0_zone_0_onoffseed_10_tempseed_42_comforttemp_20_setbacktemp_17_paper2_final_runs_v4-res1,2023,7,0,0,10,42,20,17,0.0,0.7734350830153656,5.960606373105084,6.538104568423224,9.157471382901928,34.37145508920285,7.383726925853357,6.507167165102609,5.774981953181396,4.640610498092194,18.892440961121995,0.0
./Eplus-env-08-19_thermostat_rbc_eco_year_2022_case_9_rep_0_zone_0_onoffseed_15_tempseed_15_comforttemp_20_setbacktemp_17_paper2_final_runs_v4-res1,2022,9,0,0,15,15,20,17,0.020624935547076416,0.04124987109415283,0.31968650097968443,0.7218727441476745,1.2787460039187377,3.56811384964422,6.239043002990615,22.25430545529545,17.54150768278849,8.982159430751778,39.03269052284212,0.0
./Eplus-env-08-18_thermostat_rbc_eco_year_2022_case_0_rep_0_zone_9_onoffseed_5_tempseed_42_comforttemp_20_setbacktemp_17_paper2_final_runs_v4-res1,2022,0,0,9,5,42,20,17,0.0,0.0,0.0,0.0,17.180571310714654,42.97205321233371,5.2799835000515625,5.053109209033722,4.991234402392492,5.228421161183872,19.294627204289984,0.0
./Eplus-env-08-19_thermostat_rbc_eco_year_2022_case_14_rep_0_zone_0_onoffseed_10_tempseed_30_comforttemp_20_setbacktemp_15_paper2_final_runs_v4-res1,2022,14,0,0,10,30,20,15,0.06187480664122925,0.18562441992368775,0.48468598535629576,1.3509332783335053,3.3824894297205326,18.49025471795401,17.675569763844486,8.466536042074868,7.734350830153655,6.527792100649686,35.63988862534805,0.0
./Eplus-env-08-19_thermostat_rbc_eco_year_2023_case_5_rep_0_zone_9_onoffseed_5_tempseed_42_comforttemp_21_setbacktemp_13_paper2_final_runs_v4-res1,2023,5,0,9,5,42,21,13,0.0,0.0,0.0,0.0,0.0,4.145612044962359,13.859956687635352,45.23048365473858,13.880581623182428,5.599670001031247,17.283695988450038,0.0
./Eplus-env-08-19_thermostat_rbc_eco_year_2022_case_11_rep_0_zone_9_onoffseed_5_tempseed_42_comforttemp_18_setbacktemp_15_paper2_final_runs_v4-res1,2022,11,0,9,5,42,18,15,0.0,0.0,12.622460554810766,36.5989481282871,6.538104568423224,5.2696710322780245,4.970609466845416,4.599360626998041,4.547798288130349,4.919047127977725,19.934000206249355,0.0
./Eplus-env-08-19_thermostat_rbc_eco_year_2022_case_13_rep_0_zone_0_onoffseed_15_tempseed_42_comforttemp_20_setbacktemp_17_paper2_final_runs_v4-res1,2022,13,0,0,15,42,20,17,0.05156233886769104,0.5774981953181396,2.3099927812725585,4.919047127977725,19.934000206249355,12.674022893678458,7.517789006909354,6.342167680725998,5.7234196143137055,5.939981437558008,34.00020624935547,0.010312467773538208
./Eplus-env-08-19_thermostat_rbc_eco_year_2022_case_13_rep_0_zone_9_onoffseed_5_tempseed_42_comforttemp_21_setbacktemp_13_paper2_final_runs_v4-res1,2022,13,0,9,5,42,21,13,0.0,0.0,0.06187480664122925,0.3093740332061462,1.6603073115396514,35.85645044859235,10.99309064659173,6.104980921934619,5.86779416314324,5.7131071465401675,33.43302052181087,0.0
./Eplus-env-08-19_thermostat_rbc_eco_year_2022_case_13_rep_0_zone_0_onoffseed_15_tempseed_42_comforttemp_20_setbacktemp_15_paper2_final_runs_v4-res1,2022,13,0,0,15,42,20,15,0.247499226564917,0.8146849541095184,2.1656182324430238,4.289986593791895,18.913065896669075,13.653707332164586,7.497164071362277,6.496854697329072,5.960606373105084,6.104980921934619,33.7630194905641,0.09281220996184388
./Eplus-env-08-19_thermostat_rbc_eco_year_2022_case_10_rep_0_zone_0_onoffseed_10_tempseed_42_comforttemp_20_setbacktemp_17_paper2_final_runs_v4-res1,2022,10,0,0,10,42,20,17,0.0,1.041559245127359,5.836856759822625,4.444673610394967,7.919975250077344,35.175827575538825,6.579354439517377,5.434670516654635,4.66123543363927,5.6409198721254,23.264927297102197,0.0
./Eplus-env-08-19_thermostat_rbc_eco_year_2022_case_11_rep_0_zone_9_onoffseed_5_tempseed_42_comforttemp_21_setbacktemp_15_paper2_final_runs_v4-res1,2022,11,0,9,5,42,21,15,0.0,0.0,0.0,0.0,0.0,34.15489326595854,29.060534185830672,6.15654326080231,5.197483757863257,5.145921418995566,20.284624110549654,0.0
./Eplus-env-08-19_thermostat_rbc_eco_year_2022_case_8_rep_0_zone_0_onoffseed_15_tempseed_42_comforttemp_20_setbacktemp_17_paper2_final_runs_v4-res1,2022,8,0,0,15,42,20,17,0.030937403320614624,0.43312364648860474,2.3615551201402494,4.681860369186346,20.501185933793955,12.818397442507992,7.064040424873673,6.795916262761679,6.115293389708157,5.424358048881097,33.7630194905641,0.010312467773538208
./Eplus-env-08-19_thermostat_rbc_eco_year_2022_case_8_rep_0_zone_0_onoffseed_15_tempseed_30_comforttemp_20_setbacktemp_17_paper2_final_runs_v4-res1,2022,8,0,0,15,30,20,17,0.020624935547076416,0.32999896875322265,1.3509332783335053,2.9081159121377747,5.434670516654635,22.099618438692378,13.169021346808291,7.631226152418273,6.393730019593689,6.228730535217077,34.433329895844075,0.0
./Eplus-env-08-19_thermostat_rbc_eco_year_2022_case_9_rep_0_zone_0_onoffseed_10_tempseed_10_comforttemp_20_setbacktemp_15_paper2_final_runs_v4-res1,2022,9,0,0,10,10,20,15,0.020624935547076416,0.08249974218830566,0.11343714550892028,0.45374858203568114,1.1343714550892028,3.506239043002991,12.02433742394555,26.606166855728574,10.539342064556049,7.672476023512427,37.846756728885225,0.0
./Eplus-env-08-18_thermostat_rbc_eco_year_2023_case_0_rep_0_zone_0_onoffseed_5_tempseed_42_comforttemp_20_setbacktemp_17_paper2_final_runs_v4-res1,2023,0,0,0,5,42,20,17,0.0,0.0,0.0,0.0,5.7440445498607815,51.232339898937816,8.56966071981025,6.919665876044137,6.022481179746313,5.032484273486645,16.479323502114056,0.0
./Eplus-env-08-18_thermostat_rbc_eco_year_2022_case_0_rep_0_zone_0_onoffseed_15_tempseed_10_comforttemp_20_setbacktemp_15_paper2_final_runs_v4-res1,2022,0,0,0,15,10,20,15,1.5984325048984223,2.578116943384552,4.124987109415283,5.383108177786944,4.8571723213364955,4.8262349180158814,8.466536042074868,35.10364030112406,6.414354955140765,5.7131071465401675,20.686810353717643,0.247499226564917
./Eplus-env-08-19_thermostat_rbc_eco_year_2022_case_13_rep_0_zone_9_onoffseed_5_tempseed_42_comforttemp_21_setbacktemp_17_paper2_final_runs_v4-res1,2022,13,0,9,5,42,21,17,0.0,0.0,0.0,0.0,0.05156233886769104,38.92956584510674,10.095905950293906,6.1771681963493865,5.816231824275549,5.393420645560482,33.536145199546255,0.0
./Eplus-env-08-19_thermostat_rbc_eco_year_2022_case_13_rep_0_zone_0_onoffseed_5_tempseed_42_comforttemp_20_setbacktemp_15_paper2_final_runs_v4-res1,2022,13,0,0,5,42,20,15,0.0,0.0,0.0,0.21656182324430237,20.54243580488811,16.479323502114056,8.806847478601629,6.754666391667525,6.476229761781995,6.001856244199237,34.722078993503146,0.0
./Eplus-env-08-19_thermostat_rbc_eco_year_2023_case_12_rep_0_zone_0_onoffseed_5_tempseed_42_comforttemp_20_setbacktemp_17_paper2_final_runs_v4-res1,2023,12,0,0,5,42,20,17,0.0,0.0,0.0,0.0,8.775910075281015,45.41610807466226,8.012787460039188,6.5999793750644535,6.1668557285758485,5.104671547901413,19.923687738475817,0.0
./Eplus-env-08-19_thermostat_rbc_eco_year_2023_case_13_rep_0_zone_9_onoffseed_5_tempseed_42_comforttemp_20_setbacktemp_17_paper2_final_runs_v4-res1,2023,13,0,9,5,42,20,17,0.0,0.0,0.0,0.010312467773538208,37.42394555017016,10.095905950293906,6.208105599670001,4.723110240280499,4.619985562545117,5.032484273486645,31.886150355780142,0.0
./Eplus-env-08-19_thermostat_rbc_eco_year_2023_case_9_rep_0_zone_0_onoffseed_5_tempseed_42_comforttemp_20_setbacktemp_13_paper2_final_runs_v4-res1,2023,9,0,0,5,42,20,13,0.0,0.0,0.0,0.1546870166030731,14.458079818500567,20.69712282149118,11.10652779210065,8.507785913169021,6.1771681963493865,5.517170258842941,33.38145818294318,0.0
./Eplus-env-08-19_thermostat_rbc_eco_year_2022_case_9_rep_0_zone_0_onoffseed_5_tempseed_10_comforttemp_20_setbacktemp_13_paper2_final_runs_v4-res1,2022,9,0,0,5,10,20,13,0.0,0.0,0.0,0.0,0.010312467773538208,0.22687429101784057,23.20305249046097,20.583685675982263,9.631844900484685,8.332473961018872,38.01175621326183,0.0
./Eplus-env-08-19_thermostat_rbc_eco_year_2022_case_13_rep_0_zone_0_onoffseed_15_tempseed_30_comforttemp_20_setbacktemp_13_paper2_final_runs_v4-res1,2022,13,0,0,15,30,20,13,0.11343714550892028,0.3918737753944519,1.2168711972775086,2.619366814478705,5.362483242239868,21.388058162318245,14.076518510879655,8.249974218830566,6.115293389708157,6.15654326080231,34.175518201505625,0.1340620810559967
./Eplus-env-08-19_thermostat_rbc_eco_year_2023_case_5_rep_0_zone_0_onoffseed_10_tempseed_42_comforttemp_20_setbacktemp_13_paper2_final_runs_v4-res1,2023,5,0,0,10,42,20,13,1.4024956172011962,3.1762400742497676,3.9393626894915954,4.413736207074352,9.219346189543158,34.05176858822316,7.094977828194287,6.517479632876147,6.1771681963493865,5.331545838919253,17.47963287614726,1.1962462617304321
./Eplus-env-08-19_thermostat_rbc_eco_year_2023_case_5_rep_0_zone_0_onoffseed_5_tempseed_30_comforttemp_20_setbacktemp_13_paper2_final_runs_v4-res1,2023,5,0,0,5,30,20,13,0.0,0.0,0.0,0.0,0.030937403320614624,9.611219964937609,51.43858925440858,8.703722800866247,6.5587295039703,5.383108177786944,18.273692894709704,0.0
./Eplus-env-08-19_thermostat_rbc_eco_year_2022_case_4_rep_0_zone_0_onoffseed_5_tempseed_30_comforttemp_20_setbacktemp_17_paper2_final_runs_v4-res1,2022,4,0,0,5,30,20,17,0.0,0.0,0.0,0.020624935547076416,0.742497679694751,20.552748272661646,20.212436836134888,9.37403320614623,7.5796638135505825,7.064040424873673,34.45395483139115,0.0
./Eplus-env-08-19_thermostat_rbc_eco_year_2022_case_1_rep_0_zone_0_onoffseed_10_tempseed_15_comforttemp_20_setbacktemp_15_paper2_final_runs_v4-res1,2022,1,0,0,10,15,20,15,0.494998453129834,1.1549963906362792,2.0624935547076415,3.2896772197586883,3.4031143652676086,3.186552542023306,3.4031143652676086,10.498092193461895,42.4564298236568,7.053727957100134,22.95555326389605,0.04124987109415283
./Eplus-env-08-19_thermostat_rbc_eco_year_2022_case_12_rep_0_zone_0_onoffseed_5_tempseed_10_comforttemp_20_setbacktemp_15_paper2_final_runs_v4-res1,2022,12,0,0,5,10,20,15,0.0,0.0,0.0,0.0,0.0,0.0,13.024646797978756,47.468289161596374,8.63153552645148,6.929978343817676,23.94555017015572,0.0
./Eplus-env-08-19_thermostat_rbc_eco_year_2023_case_9_rep_0_zone_0_onoffseed_5_tempseed_42_comforttemp_20_setbacktemp_17_paper2_final_runs_v4-res1,2023,9,0,0,5,42,20,17,0.0,0.0,0.0,0.16499948437661133,14.210580591935651,20.233061771681964,11.488089099721563,7.682788491285965,6.6102918428379915,5.537795194390018,34.07239352377024,0.0
./Eplus-env-08-19_thermostat_rbc_eco_year_2022_case_11_rep_0_zone_9_onoffseed_5_tempseed_42_comforttemp_21_setbacktemp_17_paper2_final_runs_v4-res1,2022,11,0,9,5,42,21,17,0.0,0.0,0.0,0.0,0.0,28.967721975868827,33.48458286067856,5.888419098690316,5.455295452201712,5.176858822316181,21.027121790244404,0.0
./Eplus-env-08-19_thermostat_rbc_eco_year_2022_case_3_rep_0_zone_9_onoffseed_5_tempseed_42_comforttemp_20_setbacktemp_17_paper2_final_runs_v4-res1,2022,3,0,9,5,42,20,17,0.0,0.0,0.0,0.010312467773538208,36.49582345055172,9.013096834072394,5.98123130865216,5.7234196143137055,5.878106630916778,5.424358048881097,31.473651644838608,0.0
./Eplus-env-08-19_thermostat_rbc_eco_year_2023_case_4_rep_0_zone_0_onoffseed_5_tempseed_42_comforttemp_20_setbacktemp_15_paper2_final_runs_v4-res1,2023,4,0,0,5,42,20,15,0.0,0.0,0.0,0.546560791997525,16.304011549963906,21.058059193565022,11.21996493760957,7.981850056718573,6.001856244199237,5.692482210993091,31.195215014953074,0.0
./Eplus-env-08-19_thermostat_rbc_eco_year_2023_case_7_rep_0_zone_0_onoffseed_15_tempseed_15_comforttemp_20_setbacktemp_13_paper2_final_runs_v4-res1,2023,7,0,0,15,15,20,13,0.5671857275446014,1.1653088584098175,2.289367845725482,4.25904919047128,5.929668969784469,6.012168711972775,4.712797772506961,16.582448179849436,27.080540373311337,8.79653501082809,22.140868309786534,0.4640610498092193
./Eplus-env-08-19_thermostat_rbc_eco_year_2022_case_6_rep_0_zone_9_onoffseed_5_tempseed_42_comforttemp_20_setbacktemp_17_paper2_final_runs_v4-res1,2022,6,0,9,5,42,20,17,0.0,0.0,0.0,0.0,16.551510776528826,41.50768278849129,5.527482726616479,5.537795194390018,4.568423223677426,5.125296483448489,21.181808806847478,0.0
./Eplus-env-08-19_thermostat_rbc_eco_year_2022_case_11_rep_0_zone_0_onoffseed_10_tempseed_15_comforttemp_20_setbacktemp_15_paper2_final_runs_v4-res1,2022,11,0,0,10,15,20,15,0.6599979375064453,0.7940600185624419,2.031556151387027,3.3206146230793028,3.722800866247293,3.444364236361761,3.650613591832526,18.06744353923894,32.10271217902444,8.600598123130865,23.512426523667113,0.09281220996184388
./Eplus-env-08-19_thermostat_rbc_eco_year_2022_case_7_rep_0_zone_0_onoffseed_5_tempseed_15_comforttemp_20_setbacktemp_13_paper2_final_runs_v4-res1,2022,7,0,0,5,15,20,13,0.0,0.0,0.0,0.0,0.0,0.0,0.10312467773538209,16.695885325358358,48.40672372898835,9.714344642672991,25.07992162524492,0.0
./Eplus-env-08-19_thermostat_rbc_eco_year_2023_case_6_rep_0_zone_0_onoffseed_10_tempseed_15_comforttemp_20_setbacktemp_17_paper2_final_runs_v4-res1,2023,6,0,0,10,15,20,17,0.0,0.42281117871506657,2.206868103537176,3.8568629473032896,4.465298545942044,4.310611529338971,3.1040527998350007,16.087449726719605,35.59863875425389,8.322161493245334,21.62524492110962,0.0
./Eplus-env-08-19_thermostat_rbc_eco_year_2023_case_6_rep_0_zone_0_onoffseed_10_tempseed_10_comforttemp_20_setbacktemp_17_paper2_final_runs_v4-res1,2023,6,0,0,10,10,20,17,0.0,0.42281117871506657,3.0112405898731565,4.7952975146952665,4.712797772506961,3.6609260596060635,13.241208621223057,37.05269671032278,7.930287717850881,6.074043518614005,19.098690316592762,0.0
./Eplus-env-08-19_thermostat_rbc_eco_year_2022_case_13_rep_0_zone_0_onoffseed_15_tempseed_30_comforttemp_20_setbacktemp_15_paper2_final_runs_v4-res1,2022,13,0,0,15,30,20,15,0.19593688769722595,0.4434361142621429,1.1240589873156646,2.969990718779004,5.104671547901413,21.161183871300402,14.024956172011963,7.476539135815201,6.44529235846138,6.208105599670001,34.783953800144374,0.06187480664122925
./Eplus-env-08-19_thermostat_rbc_eco_year_2023_case_14_rep_0_zone_0_onoffseed_10_tempseed_42_comforttemp_20_setbacktemp_13_paper2_final_runs_v4-res1,2023,14,0,0,10,42,20,13,0.06187480664122925,0.2887490976590698,0.9487470351655151,2.815303702175931,16.438073631019904,17.747757038259255,10.085593482520368,7.146540167061978,6.239043002990615,5.455295452201712,32.77302258430442,0.0
./Eplus-env-08-19_thermostat_rbc_eco_year_2022_case_11_rep_0_zone_0_onoffseed_10_tempseed_10_comforttemp_20_setbacktemp_13_paper2_final_runs_v4-res1,2022,11,0,0,10,10,20,13,0.6084355986387543,1.3096834072393524,2.485304733422708,3.8671754150768276,3.248427348664536,3.825925543982675,15.64401361245746,32.90708466536042,7.424976796947509,6.404042487367227,21.779931937712696,0.494998453129834
./Eplus-env-08-19_thermostat_rbc_eco_year_2023_case_11_rep_0_zone_0_onoffseed_5_tempseed_10_comforttemp_20_setbacktemp_17_paper2_final_runs_v4-res1,2023,11,0,0,5,10,20,17,0.0,0.0,0.0,0.0,0.0,0.0,11.292152212024337,53.50108280911622,9.167783850675466,6.404042487367227,19.63493864081675,0.0
./Eplus-env-08-19_thermostat_rbc_eco_year_2022_case_11_rep_0_zone_9_onoffseed_5_tempseed_42_comforttemp_18_setbacktemp_13_paper2_final_runs_v4-res1,2022,11,0,9,5,42,18,13,0.0,0.0,20.016499948437662,29.308033412395584,6.228730535217077,4.8571723213364955,4.568423223677426,4.558110755903888,4.516860884809735,4.898422192430648,21.047746725791484,0.0
./Eplus-env-08-19_thermostat_rbc_eco_year_2023_case_3_rep_0_zone_0_onoffseed_15_tempseed_42_comforttemp_20_setbacktemp_17_paper2_final_runs_v4-res1,2023,3,0,0,15,42,20,17,0.020624935547076416,0.5156233886769104,2.5987418789316283,5.950293905331546,24.502423429926782,12.096524698360318,7.620913684644735,5.424358048881097,4.8468598535629575,5.506857791069403,30.916778385067545,0.0
./Eplus-env-08-19_thermostat_rbc_eco_year_2022_case_11_rep_0_zone_0_onoffseed_10_tempseed_30_comforttemp_20_setbacktemp_17_paper2_final_runs_v4-res1,2022,11,0,0,10,30,20,17,0.0,0.742497679694751,5.352170774466329,4.640610498092194,3.6918634629266784,11.684025987418789,34.44364236361761,6.857791069402907,5.764669485407858,5.403733113334021,21.418995565638856,0.0
./Eplus-env-08-19_thermostat_rbc_eco_year_2022_case_11_rep_0_zone_0_onoffseed_15_tempseed_15_comforttemp_20_setbacktemp_13_paper2_final_runs_v4-res1,2022,11,0,0,15,15,20,13,0.5568732597710633,1.0828091162215119,2.7534288955347015,4.424048674847891,4.619985562545117,4.8056099824688046,4.970609466845416,17.50025781169434,26.64741672682273,7.744663297927194,24.22398680004125,0.6703104052799835
./Eplus-env-08-19_thermostat_rbc_eco_year_2023_case_11_rep_0_zone_0_onoffseed_10_tempseed_10_comforttemp_20_setbacktemp_15_paper2_final_runs_v4-res1,2023,11,0,0,10,10,20,15,0.6393730019593689,1.6499948437661134,2.433742394555017,4.228111787150665,4.66123543363927,3.2381148808909974,14.602454367330104,34.12395586263793,8.693410333092709,6.507167165102609,19.191502526554604,0.030937403320614624
./Eplus-env-08-18_thermostat_rbc_eco_year_2022_case_0_rep_0_zone_0_onoffseed_15_tempseed_15_comforttemp_20_setbacktemp_15_paper2_final_runs_v4-res1,2022,0,0,0,15,15,20,15,1.0828091162215119,2.0109312158399506,3.4959265752294524,4.815922450242343,4.991234402392492,4.547798288130349,4.25904919047128,10.312467773538208,35.83582551304527,7.064040424873673,21.388058162318245,0.19593688769722595
./Eplus-env-08-19_thermostat_rbc_eco_year_2023_case_8_rep_0_zone_0_onoffseed_15_tempseed_30_comforttemp_20_setbacktemp_15_paper2_final_runs_v4-res1,2023,8,0,0,15,30,20,15,0.1237496132824585,0.31968650097968443,1.3199958750128906,3.1040527998350007,5.950293905331546,23.615551201402496,14.519954625141796,7.641538620191812,5.599670001031247,5.919356502010931,31.875837888006597,0.010312467773538208
./Eplus-env-08-19_thermostat_rbc_eco_year_2022_case_8_rep_0_zone_0_onoffseed_15_tempseed_15_comforttemp_20_setbacktemp_15_paper2_final_runs_v4-res1,2022,8,0,0,15,15,20,15,0.16499948437661133,0.16499948437661133,0.47437351758275753,0.8146849541095184,2.1449932968959473,4.3415489326595855,6.971228214911829,23.275239764875735,15.46870166030731,8.621223058677941,37.49613282458492,0.06187480664122925
./Eplus-env-08-19_thermostat_rbc_eco_year_2023_case_8_rep_0_zone_0_onoffseed_5_tempseed_30_comforttemp_20_setbacktemp_17_paper2_final_runs_v4-res1,2023,8,0,0,5,30,20,17,0.0,0.0,0.0,0.0,0.3403114365267609,27.74053831081778,18.418067443539236,8.435598638754254,6.1668557285758485,5.836856759822625,33.06177168196349,0.0
./Eplus-env-08-19_thermostat_rbc_eco_year_2022_case_8_rep_0_zone_0_onoffseed_5_tempseed_42_comforttemp_20_setbacktemp_15_paper2_final_runs_v4-res1,2022,8,0,0,5,42,20,15,0.0,0.0,0.0,0.247499226564917,21.59430751778901,16.809322470867276,8.249974218830566,6.806228730535217,6.1874806641229245,6.249355470764153,33.85583170052593,0.0
./Eplus-env-08-19_thermostat_rbc_eco_year_2023_case_5_rep_0_zone_9_onoffseed_5_tempseed_42_comforttemp_20_setbacktemp_15_paper2_final_runs_v4-res1,2023,5,0,9,5,42,20,15,0.0,0.0,0.0,0.0,28.895534701454057,31.958337630194904,5.630607404351862,5.86779416314324,5.548107662163556,4.8056099824688046,17.294008456223576,0.0
./Eplus-env-08-19_thermostat_rbc_eco_year_2022_case_5_rep_0_zone_9_onoffseed_5_tempseed_42_comforttemp_20_setbacktemp_15_paper2_final_runs_v4-res1,2022,5,0,9,5,42,20,15,0.0,0.0,0.0,0.0,26.781478807878727,33.206146230793024,5.682169743219553,5.187171290089719,4.382798803753738,4.7746725791481905,19.985562545117048,0.0
./Eplus-env-08-19_thermostat_rbc_eco_year_2023_case_7_rep_0_zone_0_onoffseed_15_tempseed_30_comforttemp_20_setbacktemp_13_paper2_final_runs_v4-res1,2023,7,0,0,15,30,20,13,1.185933793956894,2.5574920078374754,4.547798288130349,5.692482210993091,5.7234196143137055,11.818088068474786,27.080540373311337,8.219036815509952,7.022790553779519,5.207796225636795,20.212436836134888,0.7321852119212128
./Eplus-env-08-19_thermostat_rbc_eco_year_2022_case_7_rep_0_zone_0_onoffseed_15_tempseed_42_comforttemp_20_setbacktemp_13_paper2_final_runs_v4-res1,2022,7,0,0,15,42,20,13,1.835619263689801,3.722800866247293,4.929359595751263,4.867484789110034,12.271836650510467,26.04929359595751,7.0331030215530586,5.537795194390018,5.053109209033722,5.011859337939569,22.017118696504074,1.6706197793131896
./Eplus-env-08-19_thermostat_rbc_eco_year_2023_case_4_rep_0_zone_0_onoffseed_5_tempseed_15_comforttemp_20_setbacktemp_15_paper2_final_runs_v4-res1,2023,4,0,0,5,15,20,15,0.0,0.0,0.0,0.0,0.0,0.010312467773538208,1.2065587295039704,34.58801691244715,19.428689285345982,8.703722800866247,36.062699804063115,0.0
./Eplus-env-08-19_thermostat_rbc_eco_year_2023_case_5_rep_0_zone_0_onoffseed_15_tempseed_42_comforttemp_20_setbacktemp_13_paper2_final_runs_v4-res1,2023,5,0,0,15,42,20,13,2.526554604516861,4.124987109415283,5.847169227596163,5.7337320820872435,9.425595545013921,28.99865937918944,7.5384139424564305,6.1771681963493865,5.7440445498607815,4.898422192430648,17.056821697432195,1.9284314736516448
./Eplus-env-08-19_thermostat_rbc_eco_year_2023_case_4_rep_0_zone_9_onoffseed_5_tempseed_42_comforttemp_18_setbacktemp_17_paper2_final_runs_v4-res1,2023,4,0,9,5,42,18,17,0.0,0.10312467773538209,15.695575951325152,14.33433020521811,9.580282561616995,7.930287717850881,5.86779416314324,5.011859337939569,5.310920903372177,5.23873362895741,30.927090852841083,0.0
./Eplus-env-08-19_thermostat_rbc_eco_year_2023_case_5_rep_0_zone_0_onoffseed_5_tempseed_30_comforttemp_20_setbacktemp_15_paper2_final_runs_v4-res1,2023,5,0,0,5,30,20,15,0.0,0.0,0.0,0.0,0.0,8.97184696297824,52.77921006496855,8.909972156337012,6.6927915850262965,4.939672063524801,17.706507167165103,0.0
./Eplus-env-08-19_thermostat_rbc_eco_year_2023_case_4_rep_0_zone_0_onoffseed_5_tempseed_15_comforttemp_20_setbacktemp_17_paper2_final_runs_v4-res1,2023,4,0,0,5,15,20,17,0.0,0.0,0.0,0.0,0.0,0.0,1.3303083427864288,34.15489326595854,19.408064349798906,9.002784366298854,36.10394967515727,0.0
./Eplus-env-08-19_thermostat_rbc_eco_year_2023_case_9_rep_0_zone_0_onoffseed_15_tempseed_15_comforttemp_20_setbacktemp_17_paper2_final_runs_v4-res1,2023,9,0,0,15,15,20,17,0.0,0.020624935547076416,0.16499948437661133,0.5362483242239868,1.5778075693513458,3.753738269567908,6.837166133855832,23.30617716819635,18.418067443539236,8.879034753016397,36.506135918325256,0.0
./Eplus-env-08-19_thermostat_rbc_eco_year_2023_case_2_rep_0_zone_9_onoffseed_5_tempseed_42_comforttemp_20_setbacktemp_13_paper2_final_runs_v4-res1,2023,2,0,9,5,42,20,13,0.0,0.0,0.0,0.0,28.26647416726823,22.873053521707746,13.447457976693823,6.507167165102609,5.661544807672476,5.145921418995566,18.098380942559555,0.0
./Eplus-env-08-19_thermostat_rbc_eco_year_2023_case_1_rep_0_zone_9_onoffseed_5_tempseed_42_comforttemp_20_setbacktemp_15_paper2_final_runs_v4-res1,2023,1,0,9,5,42,20,15,0.0,0.0,0.0,0.0,32.597710632154275,28.070537279571,5.434670516654635,6.012168711972775,5.671857275446015,5.352170774466329,16.86088480973497,0.0
./Eplus-env-08-19_thermostat_rbc_eco_year_2023_case_5_rep_0_zone_0_onoffseed_10_tempseed_10_comforttemp_20_setbacktemp_13_paper2_final_runs_v4-res1,2023,5,0,0,10,10,20,13,0.8456223574301331,1.4128080849747344,2.8049912344023924,3.980612560585748,4.176549448282974,3.4340517685882235,13.612457461070434,36.062699804063115,8.549035784263175,6.228730535217077,18.273692894709704,0.6187480664122924
./Eplus-env-08-19_thermostat_rbc_eco_year_2023_case_5_rep_0_zone_0_onoffseed_5_tempseed_10_comforttemp_20_setbacktemp_13_paper2_final_runs_v4-res1,2023,5,0,0,5,10,20,13,0.0,0.0,0.0,0.0,0.0,0.11343714550892028,10.394967515726513,55.73888831597401,9.209033721769618,6.032793647519852,18.51087965350108,0.0
./Eplus-env-08-19_thermostat_rbc_eco_year_2023_case_4_rep_0_zone_9_onoffseed_5_tempseed_42_comforttemp_21_setbacktemp_17_paper2_final_runs_v4-res1,2023,4,0,9,5,42,21,17,0.0,0.0,0.0,0.07218727441476745,0.8662472929772095,40.02268742910179,10.817778694441579,5.898731566463855,5.403733113334021,5.7337320820872435,31.18490254717954,0.0
./Eplus-env-08-19_thermostat_rbc_eco_year_2023_case_3_rep_0_zone_0_onoffseed_10_tempseed_10_comforttemp_20_setbacktemp_13_paper2_final_runs_v4-res1,2023,3,0,0,10,10,20,13,0.020624935547076416,0.1340620810559967,0.4021862431679901,1.443745488295349,2.8049912344023924,6.063731050840466,33.7630194905641,10.704341548932659,6.589666907290914,5.7131071465401675,32.360523873362894,0.0
./Eplus-env-08-19_thermostat_rbc_eco_year_2023_case_7_rep_0_zone_0_onoffseed_5_tempseed_15_comforttemp_20_setbacktemp_13_paper2_final_runs_v4-res1,2023,7,0,0,5,15,20,13,0.0,0.0,0.0,0.0,0.0,0.0,0.06187480664122925,14.179643188615035,53.47014540579561,9.652469836031763,22.635866762916365,0.0
./Eplus-env-08-19_thermostat_rbc_eco_year_2022_case_2_rep_0_zone_9_onoffseed_5_tempseed_42_comforttemp_21_setbacktemp_15_paper2_final_runs_v4-res1,2022,2,0,9,5,42,21,15,0.0,0.0,0.0,0.0,0.0,28.689285345983293,23.92492523460864,14.427142415179953,5.599670001031247,5.444982984428174,21.913994018768694,0.0
./Eplus-env-08-19_thermostat_rbc_eco_year_2022_case_11_rep_0_zone_0_onoffseed_5_tempseed_10_comforttemp_20_setbacktemp_17_paper2_final_runs_v4-res1,2022,11,0,0,5,10,20,17,0.0,0.0,0.0,0.0,0.0,0.0,12.044962359492626,51.01577807569352,8.487160977621945,6.476229761781995,21.97586882540992,0.0
./Eplus-env-08-19_thermostat_rbc_eco_year_2022_case_12_rep_0_zone_0_onoffseed_5_tempseed_42_comforttemp_20_setbacktemp_13_paper2_final_runs_v4-res1,2022,12,0,0,5,42,20,13,0.0,0.0,0.0,0.0,9.477157883881612,42.73486645354233,8.63153552645148,5.455295452201712,5.527482726616479,5.599670001031247,22.573991956275137,0.0
./Eplus-env-08-19_thermostat_rbc_eco_year_2023_case_3_rep_0_zone_0_onoffseed_5_tempseed_30_comforttemp_20_setbacktemp_13_paper2_final_runs_v4-res1,2023,3,0,0,5,30,20,13,0.0,0.0,0.0,0.0,0.9178096318449005,30.452717335258328,16.819634938640817,7.610601216871197,6.1771681963493865,6.373105084046612,31.64896359698876,0.0
./Eplus-env-08-19_thermostat_rbc_eco_year_2023_case_3_rep_0_zone_0_onoffseed_5_tempseed_42_comforttemp_20_setbacktemp_13_paper2_final_runs_v4-res1,2023,3,0,0,5,42,20,13,0.0,0.0,0.0,0.6806228730535218,23.852737960193874,18.449004846859854,8.394348767660102,5.970918840878622,5.7440445498607815,5.506857791069403,31.40146437042384,0.0
./Eplus-env-08-19_thermostat_rbc_eco_year_2023_case_3_rep_0_zone_0_onoffseed_5_tempseed_10_comforttemp_20_setbacktemp_13_paper2_final_runs_v4-res1,2023,3,0,0,5,10,20,13,0.0,0.0,0.0,0.0,0.0,1.185933793956894,36.54738578941941,15.06651541713932,7.466226668041662,6.888728472723522,32.845209858719194,0.0
./Eplus-env-08-19_thermostat_rbc_eco_year_2023_case_2_rep_0_zone_9_onoffseed_5_tempseed_42_comforttemp_21_setbacktemp_13_paper2_final_runs_v4-res1,2023,2,0,9,5,42,21,13,0.0,0.0,0.0,0.0,0.010312467773538208,14.67464164174487,18.036506135918327,35.49551407651851,8.621223058677941,5.001546870166031,18.160255749200786,0.0
./Eplus-env-08-19_thermostat_rbc_eco_year_2022_case_14_rep_0_zone_9_onoffseed_5_tempseed_42_comforttemp_20_setbacktemp_17_paper2_final_runs_v4-res1,2022,14,0,9,5,42,20,17,0.0,0.0,0.010312467773538208,0.1546870166030731,28.813034959265753,11.240589873156646,6.414354955140765,6.486542229555532,6.125605857481696,6.38341755182015,34.37145508920285,0.0
./Eplus-env-08-19_thermostat_rbc_eco_year_2022_case_14_rep_0_zone_0_onoffseed_5_tempseed_30_comforttemp_20_setbacktemp_17_paper2_final_runs_v4-res1,2022,14,0,0,5,30,20,17,0.0,0.0,0.0,0.010312467773538208,0.18562441992368775,18.397442507992164,20.511498401567497,9.77621944931422,8.11591213777457,6.878416004949985,36.12457461070434,0.0
./Eplus-env-08-19_thermostat_rbc_eco_year_2023_case_12_rep_0_zone_0_onoffseed_10_tempseed_15_comforttemp_20_setbacktemp_17_paper2_final_runs_v4-res1,2023,12,0,0,10,15,20,17,0.0,0.2578116943384552,1.7737444570485716,3.5990512529648346,4.8262349180158814,4.754047643601114,3.145302670929153,17.314633391770652,32.2264617923069,9.910281530370217,22.192430648654224,0.0
./Eplus-env-08-19_thermostat_rbc_eco_year_2022_case_5_rep_0_zone_0_onoffseed_15_tempseed_30_comforttemp_20_setbacktemp_13_paper2_final_runs_v4-res1,2022,5,0,0,15,30,20,13,1.4746828916159638,3.1143652676085387,4.176549448282974,5.145921418995566,4.692172836959885,12.271836650510467,27.58585129421471,7.404351861400434,6.053418583066928,5.393420645560482,21.047746725791484,1.639682375992575
./Eplus-env-08-19_thermostat_rbc_eco_year_2022_case_5_rep_0_zone_0_onoffseed_5_tempseed_30_comforttemp_20_setbacktemp_15_paper2_final_runs_v4-res1,2022,5,0,0,5,30,20,15,0.0,0.0,0.0,0.010312467773538208,0.04124987109415283,10.116530885840982,49.69578220068062,8.012787460039188,5.589357533257709,5.352170774466329,21.181808806847478,0.0
./Eplus-env-08-19_thermostat_rbc_eco_year_2023_case_8_rep_0_zone_0_onoffseed_10_tempseed_10_comforttemp_20_setbacktemp_15_paper2_final_runs_v4-res1,2023,8,0,0,10,10,20,15,0.010312467773538208,0.1546870166030731,0.3093740332061462,1.1240589873156646,2.6709291533463957,4.712797772506961,27.74053831081778,15.489326595854388,7.569351345777045,6.352480148499535,33.86614416829947,0.0
./Eplus-env-08-19_thermostat_rbc_eco_year_2022_case_14_rep_0_zone_0_onoffseed_10_tempseed_10_comforttemp_20_setbacktemp_17_paper2_final_runs_v4-res1,2022,14,0,0,10,10,20,17,0.0,0.010312467773538208,0.19593688769722595,0.7321852119212128,1.732494585954419,3.8878003506239045,21.212746210168092,17.912756522635867,9.652469836031763,7.125915231514901,37.53738269567908,0.0
./Eplus-env-08-19_thermostat_rbc_eco_year_2023_case_5_rep_0_zone_0_onoffseed_10_tempseed_30_comforttemp_20_setbacktemp_13_paper2_final_runs_v4-res1,2023,5,0,0,10,30,20,13,1.0106218418067443,2.1759307002165618,3.929050221718057,4.568423223677426,3.7949881406620602,10.98277817881819,35.70176343198928,8.136537073321644,6.538104568423224,5.218108693410333,16.994946890790967,0.9487470351655151
./Eplus-env-08-19_thermostat_rbc_eco_year_2022_case_6_rep_0_zone_0_onoffseed_5_tempseed_15_comforttemp_20_setbacktemp_15_paper2_final_runs_v4-res1,2022,6,0,0,5,15,20,15,0.0,0.0,0.0,0.0,0.020624935547076416,0.05156233886769104,0.1546870166030731,14.746828916159638,52.1192121274621,9.002784366298854,23.904300299061564,0.0
./Eplus-env-08-19_thermostat_rbc_eco_year_2022_case_5_rep_0_zone_0_onoffseed_10_tempseed_15_comforttemp_20_setbacktemp_17_paper2_final_runs_v4-res1,2022,5,0,0,10,15,20,17,0.0,0.47437351758275753,3.134990203155615,3.7434258017943693,4.197174383830051,3.6093637207383726,3.9703000928122103,15.716200886872228,34.732391461276684,8.311849025471796,22.109930906465916,0.0
./Eplus-env-08-19_thermostat_rbc_eco_year_2023_case_5_rep_0_zone_0_onoffseed_10_tempseed_30_comforttemp_20_setbacktemp_15_paper2_final_runs_v4-res1,2023,5,0,0,10,30,20,15,1.3096834072393524,2.3924925234608643,3.733113334020831,4.434361142621429,3.764050737341446,10.539342064556049,36.53707332164587,7.754975765700732,6.362792616273075,5.114984015674951,17.964318861503557,0.09281220996184388
./Eplus-env-08-19_thermostat_rbc_eco_year_2023_case_12_rep_0_zone_0_onoffseed_5_tempseed_42_comforttemp_20_setbacktemp_13_paper2_final_runs_v4-res1,2023,12,0,0,5,42,20,13,0.0,0.0,0.0,0.0,9.745282045993605,44.30236155512014,8.662472929772095,6.146230793028772,6.26998040631123,5.310920903372177,19.56275136640198,0.0
./Eplus-env-08-19_thermostat_rbc_eco_year_2022_case_12_rep_0_zone_0_onoffseed_5_tempseed_15_comforttemp_20_setbacktemp_13_paper2_final_runs_v4-res1,2022,12,0,0,5,15,20,13,0.0,0.0,0.0,0.0,0.0,0.0,0.010312467773538208,15.716200886872228,48.612973084459114,9.642157368258223,26.018356192636897,0.0
./Eplus-env-08-19_thermostat_rbc_eco_year_2023_case_11_rep_0_zone_0_onoffseed_10_tempseed_15_comforttemp_20_setbacktemp_13_paper2_final_runs_v4-res1,2023,11,0,0,10,15,20,13,0.5671857275446014,0.7837475507889038,1.7737444570485716,3.372176961946994,4.599360626998041,4.403423739300814,3.1762400742497676,17.99525626482417,33.7114571516964,8.79653501082809,20.635248014849953,0.18562441992368775
./Eplus-env-08-18_thermostat_rbc_eco_year_2022_case_0_rep_0_zone_0_onoffseed_5_tempseed_30_comforttemp_20_setbacktemp_17_paper2_final_runs_v4-res1,2022,0,0,0,5,30,20,17,0.0,0.0,0.0,0.0,0.0,6.373105084046612,54.62514179643188,7.775600701247809,6.1668557285758485,5.455295452201712,19.60400123749613,0.0
./Eplus-env-08-18_thermostat_rbc_eco_year_2023_case_0_rep_0_zone_0_onoffseed_5_tempseed_15_comforttemp_20_setbacktemp_15_paper2_final_runs_v4-res1,2023,0,0,0,5,15,20,15,0.0,0.0,0.0,0.0,0.0,0.0,0.0,7.177477570382592,65.39135815200578,7.899350314530267,19.531813963081365,0.0
./Eplus-env-08-19_thermostat_rbc_eco_year_2023_case_2_rep_0_zone_0_onoffseed_15_tempseed_42_comforttemp_20_setbacktemp_15_paper2_final_runs_v4-res1,2023,2,0,0,15,42,20,15,2.4646797978756316,4.393111271527276,5.826544292049087,5.919356502010931,7.569351345777045,31.298339692688458,7.0331030215530586,6.228730535217077,5.6409198721254,5.2799835000515625,18.098380942559555,0.247499226564917
./Eplus-env-08-19_thermostat_rbc_eco_year_2022_case_7_rep_0_zone_0_onoffseed_15_tempseed_42_comforttemp_20_setbacktemp_17_paper2_final_runs_v4-res1,2022,7,0,0,15,42,20,17,0.0,1.443745488295349,8.394348767660102,6.414354955140765,10.766216355573889,28.936784572548213,6.589666907290914,5.444982984428174,5.094359080127875,4.939672063524801,21.97586882540992,0.0
./Eplus-env-08-19_thermostat_rbc_eco_year_2023_case_7_rep_0_zone_0_onoffseed_5_tempseed_30_comforttemp_20_setbacktemp_17_paper2_final_runs_v4-res1,2023,7,0,0,5,30,20,17,0.0,0.0,0.0,0.0,0.0,9.961843869237908,48.705785294420956,8.7449726719604,7.022790553779519,5.589357533257709,19.97525007734351,0.0
./Eplus-env-08-19_thermostat_rbc_eco_year_2022_case_12_rep_0_zone_0_onoffseed_10_tempseed_42_comforttemp_20_setbacktemp_13_paper2_final_runs_v4-res1,2022,12,0,0,10,42,20,13,1.5468701660307311,2.784366298855316,3.7124883984737544,3.2896772197586883,11.983087552851398,29.658657316695887,7.507476539135816,5.6409198721254,5.259358564504486,5.259358564504486,22.295555326389604,1.0621841806744354
./Eplus-env-08-19_thermostat_rbc_eco_year_2023_case_12_rep_0_zone_0_onoffseed_5_tempseed_30_comforttemp_20_setbacktemp_17_paper2_final_runs_v4-res1,2023,12,0,0,5,30,20,17,0.0,0.0,0.0,0.0,0.0,10.013406208105598,48.97390945653295,9.219346189543158,6.5587295039703,5.094359080127875,20.14024956172012,0.0
./Eplus-env-08-19_thermostat_rbc_eco_year_2023_case_2_rep_0_zone_9_onoffseed_5_tempseed_42_comforttemp_19_setbacktemp_13_paper2_final_runs_v4-res1,2023,2,0,9,5,42,19,13,0.0,0.0,0.0,31.566463854800453,23.87336289574095,4.980921934618954,5.568732597710632,5.98123130865216,5.589357533257709,4.7746725791481905,17.665257296070948,0.0
./Eplus-env-08-19_thermostat_rbc_eco_year_2022_case_9_rep_0_zone_9_onoffseed_5_tempseed_42_comforttemp_19_setbacktemp_17_paper2_final_runs_v4-res1,2022,9,0,9,5,42,19,17,0.0,0.0,0.04124987109415283,23.285552232649273,11.457151696400949,7.847787975662576,6.465917294008457,5.558420129937094,5.960606373105084,5.86779416314324,33.51552026399918,0.0
./Eplus-env-08-19_thermostat_rbc_eco_year_2023_case_9_rep_0_zone_0_onoffseed_15_tempseed_10_comforttemp_20_setbacktemp_17_paper2_final_runs_v4-res1,2023,9,0,0,15,10,20,17,0.0,0.010312467773538208,0.35062390430029905,1.09312158399505,2.9081159121377747,5.558420129937094,20.810559967000103,18.98525317108384,8.940909559657625,6.527792100649686,34.81489120346499,0.0
./Eplus-env-08-19_thermostat_rbc_eco_year_2023_case_7_rep_0_zone_0_onoffseed_10_tempseed_10_comforttemp_20_setbacktemp_17_paper2_final_runs_v4-res1,2023,7,0,0,10,10,20,17,0.0,0.35062390430029905,2.9184283799113127,4.8571723213364955,4.929359595751263,3.846550479529751,14.416829947406415,33.42270805403733,8.497473445395483,6.311230277405383,20.449623594926265,0.0
./Eplus-env-08-19_thermostat_rbc_eco_year_2023_case_14_rep_0_zone_0_onoffseed_15_tempseed_30_comforttemp_20_setbacktemp_13_paper2_final_runs_v4-res1,2023,14,0,0,15,30,20,13,0.030937403320614624,0.19593688769722595,0.494998453129834,1.938743941425183,4.929359595751263,18.036506135918327,17.59307002165618,9.95153140146437,7.094977828194287,5.836856759822625,33.89708157162009,0.0
./Eplus-env-08-19_thermostat_rbc_eco_year_2023_case_4_rep_0_zone_9_onoffseed_5_tempseed_42_comforttemp_21_setbacktemp_13_paper2_final_runs_v4-res1,2023,4,0,9,5,42,21,13,0.0,0.030937403320614624,0.2887490976590698,1.340620810559967,3.7124883984737544,26.69897906569042,18.727441476745383,6.919665876044137,5.424358048881097,5.7543570176343195,31.102402804991236,0.0
./Eplus-env-08-18_thermostat_rbc_eco_year_2022_case_0_rep_0_zone_0_onoffseed_10_tempseed_15_comforttemp_20_setbacktemp_15_paper2_final_runs_v4-res1,2022,0,0,0,10,15,20,15,0.5362483242239868,1.1343714550892028,2.2996803134990205,3.4340517685882235,3.722800866247293,3.4546767041352995,3.4856141074559144,9.332783335052078,43.90017531195215,6.764978859441065,21.852119212127462,0.08249974218830566
./Eplus-env-08-18_thermostat_rbc_eco_year_2022_case_0_rep_0_zone_0_onoffseed_15_tempseed_15_comforttemp_20_setbacktemp_13_paper2_final_runs_v4-res1,2022,0,0,0,15,15,20,13,0.7734350830153656,1.7634319892750334,2.980303186552542,4.609673094771579,4.702485304733423,4.619985562545117,4.619985562545117,10.75590388780035,36.114262142930805,7.167165102609055,21.17149633907394,0.7218727441476745
./Eplus-env-08-18_thermostat_rbc_eco_year_2023_case_0_rep_0_zone_0_onoffseed_5_tempseed_42_comforttemp_20_setbacktemp_13_paper2_final_runs_v4-res1,2023,0,0,0,5,42,20,13,0.0,0.0,0.0,0.0,5.424358048881097,52.00577498195318,8.043724863359802,6.6515417139321436,6.032793647519852,5.073734144580798,16.768072599773127,0.0
./Eplus-env-08-19_thermostat_rbc_eco_year_2023_case_14_rep_0_zone_9_onoffseed_5_tempseed_42_comforttemp_18_setbacktemp_13_paper2_final_runs_v4-res1,2023,14,0,9,5,42,18,13,0.010312467773538208,0.1443745488295349,20.77962256367949,11.807775600701248,7.270289780344437,6.104980921934619,6.084355986387543,5.166546354542642,5.166546354542642,4.980921934618954,32.48427348664536,0.0
./Eplus-env-08-19_thermostat_rbc_eco_year_2022_case_14_rep_0_zone_0_onoffseed_5_tempseed_42_comforttemp_20_setbacktemp_13_paper2_final_runs_v4-res1,2022,14,0,0,5,42,20,13,0.0,0.0,0.0,0.17531195215014952,14.623079302877178,18.304630298030318,10.75590388780035,7.064040424873673,7.167165102609055,6.6927915850262965,35.21707744663298,0.0
./Eplus-env-08-19_thermostat_rbc_eco_year_2022_case_13_rep_0_zone_0_onoffseed_10_tempseed_42_comforttemp_20_setbacktemp_17_paper2_final_runs_v4-res1,2022,13,0,0,10,42,20,17,0.020624935547076416,0.2578116943384552,1.5159327627101165,3.4340517685882235,22.419304939672063,12.911209652469836,6.96091574713829,6.32154274517892,6.208105599670001,5.414045581107559,34.536454573579455,0.0
./Eplus-env-08-18_thermostat_rbc_eco_year_2022_case_0_rep_0_zone_0_onoffseed_10_tempseed_15_comforttemp_20_setbacktemp_17_paper2_final_runs_v4-res1,2022,0,0,0,10,15,20,17,0.0,0.5053109209033722,3.0937403320614623,3.9703000928122103,3.764050737341446,3.7949881406620602,3.372176961946994,8.7449726719604,45.003609363720734,6.6927915850262965,21.058059193565022,0.0
./Eplus-env-08-18_thermostat_rbc_eco_year_2022_case_0_rep_0_zone_0_onoffseed_15_tempseed_42_comforttemp_20_setbacktemp_13_paper2_final_runs_v4-res1,2022,0,0,0,15,42,20,13,2.681241621119934,4.527173352583273,4.568423223677426,4.7849850469217285,7.909662782303806,32.21614932453336,6.280292874084768,5.383108177786944,5.310920903372177,5.486232855522326,18.52119212127462,2.330617716819635
./Eplus-env-08-19_thermostat_rbc_eco_year_2022_case_13_rep_0_zone_0_onoffseed_15_tempseed_30_comforttemp_20_setbacktemp_17_paper2_final_runs_v4-res1,2022,13,0,0,15,30,20,17,0.020624935547076416,0.2887490976590698,1.2271836650510468,3.0112405898731565,5.331545838919253,21.656182324430237,13.447457976693823,7.909662782303806,6.661854181705682,6.012168711972775,34.433329895844075,0.0
./Eplus-env-08-19_thermostat_rbc_eco_year_2023_case_13_rep_0_zone_0_onoffseed_10_tempseed_30_comforttemp_20_setbacktemp_17_paper2_final_runs_v4-res1,2023,13,0,0,10,30,20,17,0.0,0.030937403320614624,0.6909353408270599,2.536867072290399,3.8053006084355987,28.204599360626997,13.06589666907291,7.672476023512427,5.661544807672476,5.46560791997525,32.86583479426627,0.0
./Eplus-env-08-19_thermostat_rbc_eco_year_2023_case_13_rep_0_zone_9_onoffseed_5_tempseed_42_comforttemp_21_setbacktemp_13_paper2_final_runs_v4-res1,2023,13,0,9,5,42,21,13,0.0,0.0,0.0,0.09281220996184388,1.8665566670104154,38.1664432298649,11.900587810663092,5.671857275446015,5.042796741260184,5.053109209033722,32.205836856759824,0.0
./Eplus-env-08-19_thermostat_rbc_eco_year_2022_case_9_rep_0_zone_0_onoffseed_15_tempseed_10_comforttemp_20_setbacktemp_15_paper2_final_runs_v4-res1,2022,9,0,0,15,10,20,15,0.07218727441476745,0.23718675879137877,0.3403114365267609,0.9693719707125915,2.536867072290399,5.321233371145715,20.367123852737958,16.252449211096216,9.807156852634835,7.301227183665052,36.76394761266371,0.030937403320614624
./Eplus-env-08-19_thermostat_rbc_eco_year_2022_case_10_rep_0_zone_0_onoffseed_5_tempseed_15_comforttemp_20_setbacktemp_13_paper2_final_runs_v4-res1,2022,10,0,0,5,15,20,13,0.0,0.0,0.0,0.0,0.0,0.0,0.030937403320614624,11.508714035268639,51.974837578632574,9.013096834072394,27.472414148705788,0.0
./Eplus-env-08-19_thermostat_rbc_eco_year_2022_case_13_rep_0_zone_0_onoffseed_15_tempseed_42_comforttemp_20_setbacktemp_13_paper2_final_runs_v4-res1,2022,13,0,0,15,42,20,13,0.4021862431679901,0.8043724863359802,2.3924925234608643,4.279674126018356,19.346189543157678,13.334020831184903,7.280602248117975,6.6515417139321436,5.98123130865216,5.548107662163556,33.80426936165824,0.17531195215014952
./Eplus-env-08-19_thermostat_rbc_eco_year_2022_case_4_rep_0_zone_0_onoffseed_10_tempseed_15_comforttemp_20_setbacktemp_15_paper2_final_runs_v4-res1,2022,4,0,0,10,15,20,15,0.04124987109415283,0.11343714550892028,0.1546870166030731,0.31968650097968443,1.4540579560688873,2.969990718779004,5.506857791069403,29.091471589151286,14.086830978653191,8.879034753016397,37.362070743528925,0.020624935547076416
./Eplus-env-08-19_thermostat_rbc_eco_year_2022_case_4_rep_0_zone_0_onoffseed_15_tempseed_10_comforttemp_20_setbacktemp_17_paper2_final_runs_v4-res1,2022,4,0,0,15,10,20,17,0.04124987109415283,0.08249974218830566,0.6599979375064453,1.536557698257193,3.217489945343921,5.249046096730948,24.110549654532328,13.664019799938126,8.528410848716097,7.414664329173972,35.49551407651851,0.0
./Eplus-env-08-19_thermostat_rbc_eco_year_2023_case_5_rep_0_zone_0_onoffseed_5_tempseed_42_comforttemp_20_setbacktemp_13_paper2_final_runs_v4-res1,2023,5,0,0,5,42,20,13,0.0,0.0,0.0,0.0,8.363411364339486,47.72610085593483,8.683097865319171,6.569041971743839,5.991543776425699,5.414045581107559,17.25275858512942,0.0
./Eplus-env-08-19_thermostat_rbc_eco_year_2022_case_9_rep_0_zone_0_onoffseed_5_tempseed_42_comforttemp_20_setbacktemp_13_paper2_final_runs_v4-res1,2022,9,0,0,5,42,20,13,0.0,0.0,0.0,0.17531195215014952,14.045581107559038,19.191502526554604,9.992781272558524,7.528101474682892,6.6927915850262965,6.919665876044137,35.45426420542436,0.0
./Eplus-env-08-19_thermostat_rbc_eco_year_2022_case_9_rep_0_zone_0_onoffseed_10_tempseed_30_comforttemp_20_setbacktemp_13_paper2_final_runs_v4-res1,2022,9,0,0,10,30,20,13,0.10312467773538209,0.10312467773538209,0.4021862431679901,1.3818706816541197,3.1556151387026916,19.08837784881922,17.190883778488192,7.981850056718573,7.878725378983191,6.744353923893988,35.908012787460045,0.06187480664122925
./Eplus-env-08-19_thermostat_rbc_eco_year_2022_case_8_rep_0_zone_0_onoffseed_10_tempseed_10_comforttemp_20_setbacktemp_17_paper2_final_runs_v4-res1,2022,8,0,0,10,10,20,17,0.0,0.08249974218830566,0.45374858203568114,1.1240589873156646,2.7637413633082395,4.692172836959885,27.02897803444364,14.09714344642673,8.16747447664226,6.434979890687842,35.15520263999175,0.0
./Eplus-env-08-19_thermostat_rbc_eco_year_2023_case_7_rep_0_zone_0_onoffseed_10_tempseed_30_comforttemp_20_setbacktemp_17_paper2_final_runs_v4-res1,2023,7,0,0,10,30,20,17,0.0,0.6909353408270599,4.238424254924204,5.527482726616479,4.537485820356811,10.694029081159123,34.66020418686192,7.394039393626894,6.393730019593689,5.7440445498607815,20.119624626173042,0.0
./Eplus-env-08-19_thermostat_rbc_eco_year_2022_case_7_rep_0_zone_0_onoffseed_5_tempseed_15_comforttemp_20_setbacktemp_17_paper2_final_runs_v4-res1,2022,7,0,0,5,15,20,17,0.0,0.0,0.0,0.0,0.0,0.0,0.04124987109415283,14.808703722800868,50.22171805713107,8.992471898525316,25.93585645044859,0.0
./Eplus-env-08-19_thermostat_rbc_eco_year_2023_case_2_rep_0_zone_0_onoffseed_10_tempseed_15_comforttemp_20_setbacktemp_15_paper2_final_runs_v4-res1,2023,2,0,0,10,15,20,15,0.32999896875322265,1.0724966484479737,1.6499948437661134,3.16592760647623,4.619985562545117,4.640610498092194,2.743116427761163,9.673094771578839,43.21955243889863,7.847787975662576,21.037434258017942,0.0
./Eplus-env-08-19_thermostat_rbc_eco_year_2022_case_1_rep_0_zone_0_onoffseed_5_tempseed_42_comforttemp_20_setbacktemp_15_paper2_final_runs_v4-res1,2022,1,0,0,5,42,20,15,0.0,0.0,0.0,0.0,5.352170774466329,48.83984737547695,7.992162524492111,6.455604826234918,5.414045581107559,5.125296483448489,20.82087243477364,0.0
